stratagems: 145 new, 4013 changed

NEW (145):
  DW#ABBL1  Olinissimous
  DW#ABBL2  Zirimanat'ryl
  DW#ABDGY  Anadramatis
  DW#ABGRE  Ithy'nassendra
  DW#ABRED  Carnifex
  DW#ABROP  Merchant
  DW#ASVM1  Elder Vampire
  DW#ASVM2  Vampire
  DW#BAZPF  Pit Fiend
  DW#CLDKI  Bird
  DW#CLPES  Bird
  DW#CLWEB  Bird
  DW#DEFOG  Bird
  DW#DRCT1  Drow
  DW#DRCT2  Drow
  DW#DRCT3  Drow
  DW#DRCT4  Drow Priestess
  DW#DRCT5  Drow Priestess
  DW#DRCT6  Drow
  DW#DRCT7  Drow
  DW#DRCT8  Drow
  DW#DRCT9  Drow
  DW#DRCTA  Matron Mother Ellaviir
  DW#DRCTB  Matron Mother Finadryl
  DW#DRCTC  Drow Archmage
  DW#DRCTF  Drow
  DW#DRCTG  Stone Golem
  DW#DRCTX  Balor
  DW#DRCTY  Glabrezu
  DW#DRCTZ  Nabassu
  DW#DRFOU  Drow
  DW#DRJA1  Valas Jae'llat
  DW#DRJA2  Jae'llat Priestess
  DW#DRJA3  Jae'llat Mage
  DW#DRXG1  Glabrezu
  DW#DRXG2  Glabrezu
  DW#DRXMG  Drow
  DW#DRXPR  Drow
  DW#DUARC  Duergar
  DW#DUWAR  Duergar
  DW#ELDEE  Greater Earth Elemental
  DW#ELDO1  Elder Orb
  DW#ELDO2  Elder Orb
  DW#ELDO3  Elder Orb
  DW#ELDO4  Elder Orb
  DW#FSTOR  Bird
  DW#GHGRA  Gray Ooze
  DW#GHGRE  Green Slime
  DW#GHOCH  Ochre Jelly
  DW#GHOTY  Otyugh
  DW#HGWA1  Fire Giant
  DW#HGWA2  Fire Giant
  DW#HGWA3  Fire Giant
  DW#HGWA4  Fire Giant
  DW#HGWA5  Fire Giant
  DW#HGWA6  Fire Giant
  DW#ICYU1  Yuan-Ti Mage
  DW#ICYU2  Yuan-Ti Mage
  DW#ICYUA  Yuan-Ti Mage
  DW#INCEN  Bird
  DW#ISTOR  Bird
  DW#KPSPY
  DW#KPUM1  Umber Hulk
  DW#KPUM2  Umber Hulk Elder
  DW#KPYI1  Yuan-Ti Mage
  DW#KPYI2  Yuan-Ti Mage
  DW#KPYU1  Yuan-Ti Mage
  DW#KPYU2  Yuan-Ti Mage
  DW#LICH1  Lich
  DW#LICH2  Lich
  DW#LICH3  Lich
  DW#LICH4  Lich
  DW#LICH5  Lich
  DW#LICH6  Lich
  DW#LICH7  Lich
  DW#LICH8  Lich
  DW#LICH9  Lich
  DW#LZSH1  Lizard Man Shaman
  DW#LZSH2  Lizard Man Shaman
  DW#METEO  Bird
  DW#ODAM1  Apprentice
  DW#ODAM2  Apprentice
  DW#REFG1  Bandit
  DW#REFG2  Slaver
  DW#REFG3  Slaver
  DW#REMG1  Slaver Wizard
  DW#REMG2  Bandit
  DW#REMG3  Bandit
  DW#REMG4  Bandit
  DW#REPR1  Bandit
  DW#REPR2  Bandit
  DW#RNLG1  Goblin
  DW#RNLG2  Goblin
  DW#RNLG3  Goblin
  DW#RNLR1  Bandit
  DW#RNLR2  Bandit
  DW#RNLR3  Bandit
  DW#RNLR4  Bandit
  DW#RNLR5  Bandit
  DW#RRAK1  Rakshasa
  DW#RRAK2  Ruhk
  DW#RRAK3  Rajah
  DW#RRAK4  Maharajah
  DW#SBAIM  Balor
  DW#SENGL  Glabrezu
  DW#SENYL  Yochlol
  DW#SOLRA  Point
  DW#SPHC2  Mage
  DW#SPHCO  Mage
  DW#SPHMI  Minotaur
  DW#SPHO1  Orog
  DW#SPHO2  Orog
  DW#STINK  Bird
  DW#SUFFO  Bird
  DW#SWEET  Bird
  DW#TALMG  Shalline
  DW#THR01  Thrall Wizard
  DW#THR02  Thrall Wizard
  DW#THR03  Thrall Fighter
  DW#THR04  Thrall Fighter
  DW#TYGOL  Tyrant Golem
  DW#VMRAT  Giant Rat
  DW#VMWO1  Dire Wolf
  DW#VMWO2  Dire Wolf
  DW#VMWO3  Dread Wolf
  DW#VMWO4  Dread Wolf
  DW#VSTOR  Bird
  DW#WISH1  Djinni
  DW#WISH2  Djinni
  DW#WISH3  Djinni
  DW#WISH4  Djinni
  DW#WISH5  Djinni
  DW#WISH6  Djinni
  DW#WISH7  Djinni
  DW#WRFOG  Bird
  DW#YSDRA  Brimstone
  DWCUTCTR
  DWDVGLAB  Glabrezu
  DWDVPITF  Pit Fiend
  GHJMU     Mustard Jelly
  IMPBOD1   Hazarmaveth
  IMPBOD2   Manasseh
  PLYBEAR1  Brown Bear
  PLYBEAR2  Black Bear
  PLYJELL1  Mustard Jelly

CHANGED (4013):
  0XGGUADG  Guardian
    defaultScript: WTARSGT -> dw2rs2ge
  0XGREDG   Living Green
    defaultScript: WTASIGHT -> dw2rm2mo
  0XRGUADG  Guardian
    defaultScript: WTARSGT -> dw2rs2ge
  0XSGUADG  Guardian
    defaultScript: WTARSGT -> dw2rs2ge
  0XWI2DG   Mysterious Wizard
    generalScript: MAGE18A -> 
    defaultScript:  -> dw#mg1
  0XWIZDG   Mysterious Wizard
    generalScript: MAGE18A -> 
    defaultScript:  -> dw#mg2
  0XYHDG    Gray Victim
    classScript: WTASIGHT -> 
    defaultScript: NONE -> dw2mc2mo
  25SPELL   Lazarus Librarus
    defaultScript: WTASIGHT -> dw2mm2ge
  9XBARD    Annoyed bard
    defaultScript: WTASIGHT -> dw2ms2th
  9XDOG     Dog
    defaultScript: WTASIGHT -> dw2mp2mo
  9XEF      Piece of Nightmare
    generalScript: MAGE10B -> 
    defaultScript: WTASIGHT -> dw#mg3
  9XELF     Elf
    generalScript: MAGE10C -> 
    defaultScript: WTASIGHT -> dw#mg4
  9XEVA     Eva
    generalScript: WTASIGHT -> 
    defaultScript: NONE -> dw2ms2ge
  9XGENIE   Genie
    defaultScript: WTASIGHT -> dw2mc2ge
  9XHEAL    Witchdoctor
    classScript: DRUID10A -> 
    defaultScript: WTASIGHT -> dw#pr0
    weapon2:  -> DW#SHNBR
  9XMINER   Miner
    defaultScript: WTASIGHT -> dw2mm2ge
  9XNMP     Mugger
    defaultScript: WTASIGHT -> dw2ms2th
  9XOLADY2  Barbara
    generalScript: WTASIGHT -> 
    defaultScript: NONE -> dw2ms2ge
  9XP2      Dawnmaster Patrick
    defaultScript: WDASIGHT -> dw2mc2ge
  A#FERA01  Wild Dog
    defaultScript: WTASIGHT -> dw2mp2mo
  A#FERA02  Wolf
    defaultScript: WTASIGHT -> dw2mp2mo
  A#FERA03  Dire Wolf
    defaultScript: WTASIGHT -> dw2mp2mo
  A#FERA04  Pack Leader
    defaultScript: WTASIGHT -> dw2mp2mo
  A#KRAM    Kram
    defaultScript: WTASIGHT -> dw2mp2th
  A#KRAM2   Kram
    defaultScript: WTASIGHT -> dw2mp2th
  A7!NYM    Nym
    generalScript: CTHIE20A -> 
    defaultScript:  -> dw3rs2th
  ABAZDG02  Tamah
    overrideScript: None -> dw#tamah
  ABAZIGAL  Abazigal
    class: SHADOW_DRAGON -> FIGHTER_MAGE
  ABISRED1  Abishai
    defaultScript: wtasight -> dw2mp2ge
  ABYDEM01  Tanar'ri
    anim: TANARRI -> FIEND_GREEN
    level: 10 -> 12
    generalScript: WTASIGHT -> 
    defaultScript: None -> dw2ms2ge
    weapon1: S1-12M2 -> BL3-12M4
  AC#DRETV  Dretch
    defaultScript: WTASIGHT -> dw2mp2ge
  AC#DRETW  Dretch
    defaultScript: WTASIGHT -> dw2mp2ge
  AC#DT01L  Greater Lacedon
    overrideScript: GHAST -> 
    classScript: WTASIGHT -> 
    defaultScript: None -> dw2mp2ge
  AC#DT01S  Sirine
    defaultScript: WTARSGT -> dw2rc2mo
  AC#DT02S  Sirine
    defaultScript: WTARSGT -> dw2rc2mo
  AC#DT10S  Shadow
    defaultScript: WTASIGHT -> dw2ms2ge
  AC#DT12W  Skeleton Warrior
    general: MONSTER -> UNDEAD
    defaultScript: WTASIGHT -> dw2ms2ge
  AC#DT1PC  Cultist
    defaultScript: WTASIGHT -> dw2mc2ge
  AC#DT20S  Skara
    defaultScript: WTARSGT -> dw2rc2mo
  AC#DT21S  Sirine
    defaultScript: WTARSGT -> dw2rc2mo
  AC#DT21X  Shadow Elemental
    defaultScript: WDASIGHT -> dw2mc2mo
  AC#DT2BS  Sirine
    defaultScript: WTARSGT -> dw2rc2mo
  AC#DT2PC  Cultist
    defaultScript: WTASIGHT -> dw2mc2ge
  AC#DT30W  Greater Wraith
    defaultScript: WTASIGHT -> dw2ms2ge
  AC#DT3PC  Cultist
    defaultScript: WTASIGHT -> dw2mc2ge
  AC#DT4PC  Cultist
    defaultScript: WTASIGHT -> dw2mc2ge
  AC#DT5PC  Cultist
    defaultScript: WTASIGHT -> dw2mc2ge
  AC#DTDIG  Dire Guard
    defaultScript: WTASIGHT -> dw2ms2ge
  AC#DTDKN  Death Knight
    classScript: WTASIGHT -> 
    defaultScript: NONE -> dw2ms2ge
  AC#DTLAC  Lacedon
    defaultScript: WDASIGHT -> dw2mp2ge
  AC#DTMYR  Water Myrmidon
    defaultScript: WTASIGHT -> dw2ms2mo
  AC#DTNWI  Nightwing
    defaultScript: WTASIGHT -> dw2ms2mo
  AC#DTSA1  Sailor
    defaultScript: WTASIGHT -> dw2mm2ge
  AC#DTSA2  Sailor
    defaultScript: WTASIGHT -> dw2mm2ge
  AC#DTSA3  Darius
    defaultScript: WTASIGHT -> dw2mm2ge
  AC#DTSH2  Shadow
    defaultScript: WTASIGHT -> dw2ms2ge
  AC#DTSHM  Shadow Mastiff
    defaultScript: WTASIGHT -> dw2mp2ge
  AC#DTSM1  Shadow Mastiff
    defaultScript: WTASIGHT -> dw2mp2ge
  AC#DTSN1  Viper
    defaultScript: WTASIGHT -> dw2mp2mo
  AC#DTTH1  Aspect of Tharizdun
    defaultScript: WTASIGHT -> dw2ms2ge
  AC#DTTR1  Sea Troll
    amulet: MONHP1 -> 
  AC#DTTR2  Sea Troll
    defaultScript: WTASIGHT -> dw2mp2ge
    amulet: MONHP1 -> 
  AC#DTW12  Water Elemental
    defaultScript: WTASIGHT -> dw2rc2mo
  AC#DTW16  Water Elemental
    defaultScript: WTASIGHT -> dw2rc2mo
  AC#DTWE2  Water Elemental
    defaultScript: WTARSGT -> dw2rc2mo
  AC#DTWEL  Water Elemental
    defaultScript: WTASIGHT -> dw2rc2mo
  AC#DTWSU  Lesser Water Elemental
    defaultScript: WTASIGHT -> dw2rc2mo
  AC#LARV2  Larva
    raceScript: WDASIGHT -> 
    defaultScript:  -> dw2mp2ge
  AC#MANE1  Mane
    raceScript: WDASIGHT -> 
    defaultScript:  -> dw2ms2ge
  AC#PP971  Maddlethorpe Vemmil
    defaultScript: WTASIGHT -> dw2ms2ge
  AC#PP972  Wimpley Ulvax
    defaultScript: WTASIGHT -> dw2mp2ge
  AC#PP973  Edvarr Nolthune
    defaultScript: MAGE12A -> dw#mg5
  AC#PP974  Archer
    defaultScript: WTARSGT -> dw2rm2ge
  AC#PP975  Archer
    defaultScript: WTARSGT -> dw2rm2ge
  AC#PPAL1  Allip
    defaultScript: WTASIGHT -> dw2mc2ge
  AC#PPAL2  Allip
    defaultScript: WTASIGHT -> dw2mc2ge
  AC#PPANN  Mesmerized Ankheg
    defaultScript: WTASIGHT -> dw2rc2mo
  AC#PPBA1  Naerwyn
    defaultScript: WTASIGHT -> dw2mc2ge
  AC#PPBES  Erlavanas Myth'yalv
    defaultScript: WTASIGHT -> dw2ms2ge
  AC#PPBG7  Bone Weird
    defaultScript: WTASIGHT -> dw2ms2mo
  AC#PPBGL  Lesser Bone Weird
    defaultScript: WTASIGHT -> dw2ms2mo
  AC#PPBGO  Bone Weird
    defaultScript: WTASIGHT -> dw2ms2mo
  AC#PPBJA  Blightspawn Ankheg
    defaultScript: WTASIGHT -> dw2rc2mo
  AC#PPBLO  Ancient Blood Amniote
    defaultScript: WTASIGHT -> dw2ms2ge
  AC#PPBP   Blood Puddle
    defaultScript: WTASIGHT -> dw2mc2mo
  AC#PPDBD  Warden of the Day
    general: MONSTER -> UNDEAD
    defaultScript: WTASIGHT -> dw2ms2ge
  AC#PPDBN  Warden of the Night
    general: MONSTER -> UNDEAD
    defaultScript: WTASIGHT -> dw2ms2ge
  AC#PPDW1  Zalyndar
    defaultScript: WTASIGHT -> dw2mc2ge
  AC#PPDW2  Drow Warrior
    defaultScript: WTASIGHT -> dw2ms2ge
  AC#PPDW3  Drow
    defaultScript: WTASIGHT -> dw2rs2ge
  AC#PPEAE  Graveearth Elemental
    defaultScript: WDASIGHT -> dw2mc2ge
  AC#PPEL8  Sister Irinwe
    defaultScript: WTASIGHT -> dw2mc2ge
  AC#PPGH1  Ghoul
    defaultScript: wdasight -> dw2mc2ge
  AC#PPJEG  Green Slime
    defaultScript: wtasight -> dw2mc2mo
  AC#PPLHS  Lhiannan Shee
    defaultScript: WTASIGHT -> dw2ms2th
  AC#PPMA1  Waiting Man
    defaultScript: WTASIGHT -> dw2mm2ge
  AC#PPMA2  Waiting Man
    defaultScript: WTASIGHT -> dw2mm2ge
  AC#PPMA3  Waiting Man
    defaultScript: WTASIGHT -> dw2mm2ge
  AC#PPMA4  Waiting Man
    defaultScript: WTASIGHT -> dw2mm2ge
  AC#PPMG1  Mutated Gibberling
    defaultScript: WTASIGHT -> dw2mc2mo
  AC#PPMI   Mismal Al'Visalle
    defaultScript: WTASIGHT -> dw2rm2ge
  AC#PPMI3  Mismal Al'Visalle
    defaultScript: wtarsgt -> dw2rs2mo
  AC#PPMSP  Mutated Spider
    defaultScript: wtasight -> dw2mp2mo
  AC#PPMUM  Mummy
    defaultScript: WTASIGHT -> dw2mc2ge
  AC#PPNAB  Nabassu
    defaultScript: wtasight -> dw2mc2ge
  AC#PPOR1  Wadal Hrun
    defaultScript: WTASIGHT -> dw2rc2ge
  AC#PPOTY  Otyugh
    defaultScript: WTASIGHT -> dw2mc2mo
  AC#PPPOI  Poison Manifestation
    defaultScript: WTASIGHT -> dw2mm2ge
  AC#PPPOW  Poison Weird
    defaultScript: WDASIGHT -> dw2rm2ge
  AC#PPPX   Will-o'-pox
    generalScript: WTASIGHT -> 
    defaultScript: NONE -> dw2rm2ge
  AC#PPSA2  Skeleton Archer
    defaultScript: wtarsgt -> dw2rs2mo
  AC#PPSCR  Scorpion
    defaultScript: wtasight -> dw2mp2mo
  AC#PPSK8  Skeleton Archer
    defaultScript: wtarsgt -> dw2rs2mo
  AC#PPSK9  Skeleton
    defaultScript: WTASIGHT -> dw2mc2mo
  AC#PPSKA  Skeleton Archer
    defaultScript: wtarsgt -> dw2rs2mo
  AC#PPSKF  Skeleton
    defaultScript: WTASIGHT -> dw2mc2mo
  AC#PPSKK  Skeleton
    defaultScript: WTASIGHT -> dw2mc2mo
  AC#PPSKW  Skeleton
    defaultScript: WTASIGHT -> dw2mc2mo
  AC#PPSM2  Skeleton Mage
    defaultScript: CMAGE20B -> dw#mg6
  AC#PPSM3  Skeleton Mage
    defaultScript: CMAGE20B -> dw#mg7
  AC#PPSMD  Shambling Mound
    defaultScript: WTASIGHT -> dw2mc2ge
  AC#PPSN1  Viper
    defaultScript: WTASIGHT -> dw2mp2mo
  AC#PPSPD  Small Spider
    defaultScript: WTASIGHT -> dw2mp2mo
  AC#PPSPI  Blood-Soaked Spirit
    defaultScript: WTASIGHT -> dw2ms2ge
  AC#PPSPW  Wraith Spider
    defaultScript: wtasight -> dw2mp2mo
  AC#PPWOS  Winter Wolf
    defaultScript: WTARSGT -> dw2rp2mo
  AC#PPWY1  Zombie
    generalScript: WTASIGHT -> AC#PPWY1
    defaultScript: AC#PPWY1 -> dw2mm2ge
  AC#PPWYR  The Undying
    defaultScript: WTASIGHT -> dw2rm2ge
  AC#PPYTM  Yuan-Ti Mage
    defaultScript: wtasight -> dw2mm2mo
  AC#PPYU2  Yuan-Ti Archer
    defaultScript: WTARSGT -> dw2rs2mo
  AC#PPYU3  Yuan-ti
    defaultScript: WTASIGHT -> dw2ms2mo
  AC#PPYUA  Yuan-ti
    defaultScript: WTASIGHT -> dw2ms2mo
  AC#PPZOM  Mud Zombie
    defaultScript: WTASIGHT -> dw2mc2mo
  AC#PPZOT  Zombie Treant
    defaultScript: WTASIGHT -> dw2mp2ge
  AC#VROC2  Urkag, the Wing Seller
    defaultScript: WTASIGHT -> dw2mc2ge
  AC#W#42A  Qyriesh
    level: 6 -> 12
  AC#W#AG1  Annia Greystockings
    defaultScript: WTASIGHT -> dw2ms2pa
  AC#W#BE2  Zzrakh, the Bebilith
    defaultScript: WTASIGHT -> dw2mp2ge
  AC#W#BE3  Zzrakh, the Bebilith
    defaultScript: WTASIGHT -> dw2mp2ge
  AC#W#BEB  Zzrakh, the Bebilith
    defaultScript: WTASIGHT -> dw2mp2ge
  AC#W#CLY  Clyddis
    defaultScript: WTASIGHT -> dw2mc2ge
  AC#W#MI1  Minotaur
    defaultScript: WTASIGHT -> dw2mc2ge
  AC#W#NH1  Zhelamiss
    defaultScript: WTASIGHT -> dw2mc2ge
  AC#W#VE2  Verin
    defaultScript: WTASIGHT -> dw2ms2ge
  AC#W#VE3  Verin
    defaultScript: WTASIGHT -> dw2ms2ge
  AC#W01M1  Amnian merchant
    defaultScript: WTASIGHT -> dw2mm2ge
  AC#W01M2  Amnian merchant
    defaultScript: WTASIGHT -> dw2mm2ge
  AC#W01M3  Amnian merchant
    defaultScript: WTASIGHT -> dw2mm2ge
  AC#W01MX  Amnian merchant
    defaultScript: WTASIGHT -> dw2mm2ge
  AC#W06M1  Amnian Merchant
    defaultScript: WTASIGHT -> dw2mm2ge
  AC#W08BG  Bodyguard
    defaultScript: WTASIGHT -> dw2ms2ge
  AC#W19LI  Adonia
    defaultScript: WTASIGHT -> dw3mc2mo
  AC#W19SE  Elandra Moonsong
    defaultScript: WTASIGHT -> dw2mc2ge
  AC#W20M2  Kayur's Apprentice
    defaultScript: WTASIGHT -> dw2mm2ge
  AC#W30A1  Aphul
    defaultScript: WTASIGHT -> dw2ms2ge
  AC#W30A2  Abishai
    defaultScript: WTASIGHT -> dw2ms2ge
  AC#W30GA  Gauth
    defaultScript: WTASIGHT -> 
  AC#W30GT  Warrior
    classScript: GPUSE -> 
    defaultScript: WTASIGHT -> dw2ms2ge
  AC#W30MF  Mind Flayer
    level: 8 -> 12
    defaultScript: WTASIGHT -> 
  AC#W30QU  Quasit
    defaultScript: WTASIGHT -> dw2mm2ge
  AC#W30RA  Rakshasa
    defaultScript: WTASIGHT -> dw2ms2ge
  AC#W30SA  Salamander
    defaultScript: WDASIGHT -> dw2mp2mo
  AC#W30SP  Phase Spider
    defaultScript: WTASIGHT -> dw2mp2mo
  AC#W30V1  Demidicus
    defaultScript: WTASIGHT -> dw2mc2ge
  AC#W30V2  Zabrina
    defaultScript: WTASIGHT -> dw2mc2ge
  AC#W40A1  Aphul
    defaultScript: WTASIGHT -> dw2ms2ge
  AC#W40A2  Abishai
    defaultScript: WTASIGHT -> dw2ms2ge
  AC#W40MN  Mane
    raceScript: WDASIGHT -> 
    generalScript:  -> AC#WMANE
    defaultScript: AC#WMANE -> dw2ms2ge
  AC#W40UM  Vulgrim Darkmane
    defaultScript: WTASIGHT -> dw2ms2th
  AC#W40WC  Cambion
    defaultScript: WDASIGHT -> dw2ms2ge
  AC#W40WM  Mane
    raceScript: WDASIGHT -> 
    defaultScript:  -> dw2ms2ge
  AC#W40WS  Succubus
    level: 6 -> 12
  AC#W41BH  Beholder
    defaultScript: WTASIGHT -> dw2mp2ge
  AC#W41T1  Tanarukk
    raceScript: WTASIGHT -> 
    defaultScript:  -> dw2ms2ge
  AC#W41T2  Tanarukk
    raceScript: WTASIGHT -> 
    defaultScript:  -> dw2ms2ge
  AC#W41VR  Shamurz
    defaultScript: WTASIGHT -> dw2mc2ge
  AC#W44AL  Alu-Fiend
    defaultScript: CFIGH20B -> dw3mp2be
  AC#W45LV  Larva
    raceScript: WDASIGHT -> 
    defaultScript:  -> dw2mp2ge
  AC#W48G2  Dammir
    defaultScript: WTASIGHT -> dw2mm2ge
  AC#W4ASU  Zaehvielle
    level: 6 -> 12
    generalScript: WTASIGHT -> DEMSUC
    defaultScript: DEMSUC -> dw2mc2ge
  AC#W4BB1  Baphitaur Blacksmith
    defaultScript: WTASIGHT -> dw2ms2ge
  AC#W4BB2  Baphitaur Blacksmith
    defaultScript: WTASIGHT -> dw2ms2ge
  AC#W4BSM  Zhornack Gruulhoof
    defaultScript: WTASIGHT -> dw2rc2ge
  AC#W4CDT  Death Tyrant
    defaultScript: WTASIGHT -> 
    lring: IMMCHS -> RING95
  AC#W4CM1  Minotaur
    raceScript: OGRE -> 
    defaultScript: WTASIGHT -> dw2ms2ge
  AC#W4CM2  Minotaur
    raceScript: OGRE -> 
    defaultScript: WTASIGHT -> dw2ms2ge
  AC#W4CM3  Minotaur
    raceScript: OGRE -> 
    defaultScript: WTASIGHT -> dw2ms2ge
  AC#W4CM4  Minotaur
    raceScript: OGRE -> 
    defaultScript: WTASIGHT -> dw2ms2ge
  AC#W4CP1  Tiefling
    defaultScript: MAGE18B -> dw#mg8
  AC#W4CT1  Tanarukk
    defaultScript: WTASIGHT -> dw2ms2ge
  AC#W4CT2  Tanarukk
    defaultScript: WTASIGHT -> dw2ms2ge
  AC#W4CT3  Tanarukk
    defaultScript: WTASIGHT -> dw2ms2ge
  AC#W4CT4  Tanarukk
    defaultScript: WTASIGHT -> dw2ms2ge
  AC#W4QU1  Zeep
    defaultScript: WTASIGHT -> dw2mm2ge
  AC#W4QU2  Quasit
    defaultScript: WTASIGHT -> dw2mm2ge
  AC#W4WFY  Val'kreen
    defaultScript: WTASIGHT -> dw2ms2th
  AC#W50BE  Zzrakh, the Bebilith
    defaultScript: WTASIGHT -> dw2mp2ge
  AC#W50G1  Ghoul
    defaultScript: WDASIGHT -> dw2mc2ge
  AC#W50M1  Jenkin
    defaultScript: WTASIGHT -> dw2ms2ge
  AC#W50MN  Mane
    raceScript: WDASIGHT -> 
    defaultScript:  -> dw2ms2ge
  AC#W52SK  Caustic horror
    general: MONSTER -> UNDEAD
    defaultScript: WTASIGHT -> dw2mp2ge
  AC#W56SK  Skeleton Warrior
    defaultScript: WTASIGHT -> dw2ms2ge
  AC#W57NY  Nysara, the Withered One
    level: 11 -> 9
    classScript: MAGE18D -> 
    generalScript: WTASIGHT -> 
    defaultScript:  -> dw#mg9
  AC#W60A2  Abishai
    defaultScript: WTASIGHT -> dw2ms2ge
  AC#W60AM  Armanite
    defaultScript: WTASIGHT -> dw2ms2ge
  AC#W60M1  Bloodwar Mercenary
    raceScript: GPUSE -> 
    defaultScript: WTASIGHT -> dw2ms2ge
  AC#W60M2  Bloodwar Mercenary
    raceScript: GPUSE -> 
    defaultScript: WTASIGHT -> dw2ms2ge
  AC#W60M3  Bloodwar Mercenary
    raceScript: GPUSE -> 
    defaultScript: WTASIGHT -> dw2ms2ge
  AC#W60M4  Bloodwar Mercenary
    raceScript: GPUSE -> 
    defaultScript: WTASIGHT -> dw2mp2ge
  AC#W60M5  Bloodwar Mercenary
    raceScript: GPUSE -> 
    defaultScript: WTASIGHT -> dw2ms2ge
  AC#W60M6  Bloodwar Mercenary
    raceScript: GPUSE -> 
    defaultScript: WTASIGHT -> dw2mp2ge
  AC#W60M7  Bloodwar Mercenary
    raceScript: GPUSE -> 
    defaultScript: WTASIGHT -> dw2ms2ge
  AC#W60T1  Tanarukk
    raceScript: WTASIGHT -> 
    defaultScript:  -> dw2ms2ge
  AC#W70QU  Quasit
    defaultScript: WTASIGHT -> dw2mm2ge
  AC#W71S2  Succubus
    level: 6 -> 12
  AC#W72OT  Gulgathrix
    defaultScript: WTASIGHT -> dw2mc2mo
  AC#W73SN  Envy Eater
    defaultScript: WTASIGHT -> dw2mp2mo
  AC#W77S1  Dreamcreeper
    defaultScript: WTASIGHT -> dw2mc2ge
  AC#W77S2  Dreamcreeper
    defaultScript: WTASIGHT -> dw2mc2ge
  AC#W77S3  Dreamcreeper
    defaultScript: WTASIGHT -> dw2mc2ge
  AC#W77S4  Dreamcreeper
    defaultScript: WTASIGHT -> dw2mc2ge
  AC#W80BR  Shadowsound
    defaultScript: WTASIGHT -> dw2rc2mo
  AC#W80KG  Kastighur
    defaultScript: WTASIGHT -> dw2ms2ge
  AC#W80LI  Morgrath the Corrupter
    level: 11 -> 9
    classScript: MAGE18D -> 
    generalScript: WTASIGHT -> 
    defaultScript:  -> dw#mg10
  AC#W80MA  Maretta
    defaultScript: WTASIGHT -> dw2mc2ge
  AC#W80Q1  Quasit
    defaultScript: WTASIGHT -> dw2mm2ge
  AC#W80S1  Helena
    level: 6 -> 12
  AC#WABSR  Red Abishai
    defaultScript: WTASIGHT -> dw2mm2ge
  AC#WALU4  Lady's Lancers
    defaultScript: CFIGH20B -> dw3mp2be
  AC#WALU5  Lady's Lancers
    defaultScript: CFIGH20B -> dw3mp2be
  AC#WALU8  Alu-Fiend
    defaultScript: CFIGH20B -> dw3mp2be
  AC#WALU9  Alu-Fiend
    defaultScript: CFIGH20B -> dw3mp2be
  AC#WALUR  Lady's Lancers
    defaultScript: CFIGH20B -> dw2mp2be
  AC#WARC1  Sannak, the Arcanaloth
    raceScript: WTASIGHT -> 
    defaultScript: NONE -> dw2mm2ge
  AC#WARMA  Armanite
    defaultScript: WTASIGHT -> dw2ms2ge
  AC#WARNO  Aranoth
    raceScript: WTASIGHT -> 
    defaultScript:  -> dw2mp2ge
  AC#WBAPH  Baphitaur
    defaultScript: WTASIGHT -> dw2ms2ge
  AC#WBDK1  Bodak
    defaultScript: WDASIGHT -> dw2mp2ge
  AC#WBLK2  Morloth Darkblade
    classScript: GPUSE -> 
    defaultScript: WTASIGHT -> dw2ms2bg
  AC#WBLKG  Morloth Darkblade
    classScript: GPUSE -> 
  AC#WGHOU  Ghoul
    defaultScript: WDASIGHT -> dw2mc2ge
  AC#WGHSU  Ghast
    overrideScript: GHAST -> 
    classScript: WTASIGHT -> 
    defaultScript: None -> dw2mp2ge
  AC#WGIFR  Frost Giant
    defaultScript: WTASIGHT -> dw2mp2be
  AC#WGIFZ  Frost Giant Zombie
    defaultScript: WTASIGHT -> dw2mp2be
  AC#WGIL1  Strange Man
    defaultScript: WTASIGHT -> dw2mc2ge
  AC#WGIL2  Gildaar
    defaultScript: WTASIGHT -> dw2mc2ge
  AC#WGIL3  Gildaar
    defaultScript: WTASIGHT -> dw2mc2ge
  AC#WGIL4  Gildaar
    defaultScript: WTASIGHT -> dw2mc2ge
  AC#WMAUR  Maurezhi
    defaultScript: WTASIGHT -> dw2ms2ge
  AC#WMESS  Priest of Waukeen
    defaultScript: WTASIGHT -> dw2mm2ge
  AC#WMONO  Monodrone
    defaultScript: WTASIGHT -> dw2ms2mo
  AC#WPGCH  Igraflyn
    classScript: MAGE16M -> 
    defaultScript: WTARSGT -> dw#mg11
  AC#WPGHL  Rhyssa
    raceScript: PRIES12C -> 
    defaultScript: WTASIGHT -> dw#pr1
  AC#WPGIN  Arsid
    defaultScript: WTASIGHT -> dw2mc2th
  AC#WPGSP  Bharava
    defaultScript: WTASIGHT -> dw2ms2th
  AC#WRUT1  Rutterkin
    defaultScript: WDASIGHT -> dw2mp2ge
  AC#WRUT2  Rutterkin
    defaultScript: WDASIGHT -> dw2mp2ge
  AC#WSHA2  Saarixal
    defaultScript: WTASIGHT -> dw2mc2ge
  AC#WSHAF  Saarixal
    defaultScript: WTASIGHT -> dw2mc2ge
  AC#WSHAS  Shadow
    defaultScript: WTASIGHT -> dw2ms2ge
  AC#WSPLK  Malashrihi
    defaultScript: WTASIGHT -> dw2ms2ge
  AC#WSTWS  Crotchweaver Spider
    defaultScript: WTASIGHT -> dw2mp2mo
  AC#WTHF1  Maendir
    defaultScript: WTARSGT -> dw2ms2th
  ACANSTI   Anstinus
    classScript: MAGE12A -> 
    defaultScript: None -> dw#mg12
  ACARNI    Arnie
    classScript: MAGE8B -> 
    defaultScript:  -> dw#mg13
  ACAUD001  Hooded dwarf
    classScript: USEITEM -> 
  ACAUD002  Audhild
    classScript: USEITEM -> 
  ACBOR001  Bork
    classScript: WTASIGHT -> 
    defaultScript:  -> dw2mc2ba
  ACDROWE1  Cleric
    classScript: SENDAI2 -> 
    defaultScript: None -> dw#pr2
  ACDROWE3  Priestess
    classScript: MAGE20B -> 
    defaultScript: None -> dw#mg14
  ACDUECL1  Duergar Cleric
    generalScript: PRIES8B -> 
    defaultScript: WTASIGHT -> dw#pr3
  ACDUECL2  Duergar Cleric
    generalScript: PRIES8B -> 
    defaultScript: WTASIGHT -> dw#pr4
  ACDUEFI1  Duergar Fighter
    defaultScript: WDASIGHT -> dw2ms2ge
  ACDUEFI2  Duergar Fighter
    defaultScript: WDARSGT -> dw2rs2ge
  ACDUEFI3  Duergar Fighter
    defaultScript: WDASIGHT -> dw2ms2ge
  ACDUEFI4  Duergar Fighter
    defaultScript: WDARSGT -> dw2rs2ge
  ACDUEFO1  Hargek
    generalScript: PRIES8B -> 
    defaultScript: WTASIGHT -> dw#pr5
  ACDUERE1  Graschek
    defaultScript: WTARSGT -> dw2rs2ge
  ACELASIA  Elasia
    classScript: WTARSGT -> 
    defaultScript:  -> dw2rs2ar
  ACFORRES  Forres
    generalScript: PRIET12B -> 
    defaultScript: WTASIGHT -> dw#pr6
  ACGAL     Galthur
    classScript: WTASIGHT -> 
    defaultScript:  -> dw2rm2ge
  ACGIANT   Yrrymyr
    classScript: WTASIGHT -> 
    defaultScript:  -> dw2mm2be
  ACGROTHI  Grothir
    defaultScript: WTASIGHT -> dw2mc2ge
  ACHALAN   Halanna
    defaultScript: WTASIGHT -> dw2mm2ge
  ACHOLD01  Beholder
    defaultScript: WTASIGHT -> 
    lring: BEHOLDER -> 
  ACKYRIAN  Kyriani
    defaultScript: WTARSGT -> dw2rc2ge
  ACLESTIU  Lestiulus
    raceScript: MAGE12D -> 
    defaultScript: WTASIGHT -> dw#mg15
  ACLICH01  Lich
    level: 11 -> 9
    classScript: MAGE18D -> 
    defaultScript:  -> dw#mg16
  ACMOONK1  Moon Knight
    defaultScript: WTASIGHT -> dw2rp2ge
  ACMOONK2  Moon Knight
    defaultScript: WTASIGHT -> dw2rp2ge
  ACNDRO01  Drow
    defaultScript: CKENS30B -> dw3ms2ke
  ACNDRO02  Drow
    defaultScript: CMAGE20A -> dw#mg17
  ACNDRO03  Drow
    defaultScript: carch20b -> dw3rm2ge
  ACNDRO04  Drow
    defaultScript: cfigh30b -> dw3ms2st
  ACOLYTE1  Talon Zogas
    defaultScript: WTASIGHT -> dw2mc2ge
  ACOLYTE2  Dawnbringer Alvanna
    defaultScript: WTASIGHT -> dw2mc2ge
  ACOLYTE3  Watchknight Aabir
    defaultScript: WTASIGHT -> dw2mc2ge
  ACREG     Reggik
    classScript: USEITEM -> 
    raceScript: WTASIGHT -> 
    defaultScript:  -> dw2mc2ge
  ACREVI    Revianel
    classScript: PRIES8B -> 
    defaultScript:  -> dw#pr7
  ACSHAD01  Shadow
    defaultScript: WTASIGHT -> dw2ms2ge
  ACTHIEF1  Messenger of the Shadow Thieves
    defaultScript: WTARSGT -> dw2rs2th
  ADDYANA   D'yana
    defaultScript: WTASIGHT -> dw2mc2ge
  ADHOLM    Holmar Sorensen
    defaultScript: WTASIGHT -> dw2mc2ge
  ADMUGG1   Mugger
    generalScript: WTASIGHT -> 
    defaultScript: None -> dw2ms2ge
  ADMUGG2   Mugger
    generalScript: WTASIGHT -> 
    defaultScript: None -> dw2ms2ge
  ADMUGGER  Mugger
    defaultScript: WTASIGHT -> dw2ms2th
  ADMUGGF   Mugger
    defaultScript: wtasight -> dw2ms2th
  ADSKELET  Skeleton
    defaultScript: wtasight -> dw2mc2mo
  ADSTORMA  Storm Knight
    defaultScript: WTASIGHT -> dw2mc2ge
  ADSTORMB  Storm Knight
    defaultScript: WTASIGHT -> dw2mc2ge
  ADSTORMC  Storm Knight
    defaultScript: WTASIGHT -> dw2mc2ge
  ADSUNITE  Sunite
    defaultScript: WTASIGHT -> dw2mc2ge
  AEEXTORT  Hanj
    defaultScript: WTASIGHT -> dw2mp2ge
  AEGNOLL   Gnoll
    raceScript: WTASIGHT -> 
    defaultScript: None -> dw2mp2ge
  AEMERHOB  Hobgoblin Archer
    defaultScript: WTASIGHT -> dw2ms2ge
  AESOLD    Soldier
    defaultScript: WTASIGHT -> dw2ms2ge
  AEWERE1   Fighter
    general: HUMANOID -> MONSTER
    defaultScript: WTASIGHT -> dw2ms2ge
  AEWERE2   Fighter
    general: HUMANOID -> MONSTER
    defaultScript: WTASIGHT -> dw2ms2ge
  AEWERE3   Fighter
    general: HUMANOID -> MONSTER
    defaultScript: WTASIGHT -> dw2ms2ge
  AEWERE4   Fighter
    general: HUMANOID -> MONSTER
    defaultScript: WTASIGHT -> dw2ms2ge
  AEWERE5   Fighter
    general: HUMANOID -> MONSTER
    defaultScript: WTASIGHT -> dw2ms2ge
  AEWERE6   Fighter
    general: HUMANOID -> MONSTER
    defaultScript: WTASIGHT -> dw2ms2ge
  AKAE      Akae
    raceScript: kensai -> 
    generalScript: useitem -> 
    defaultScript: None -> dw2ms2ke
  ALEX      Sir Beverus
    defaultScript: WTARSGT -> dw2ms2pa
  ALHEL     Alhelor
    classScript: Mage18A -> 
    defaultScript: WTARSGT -> dw#mg18
  ALUFIE01  Alu-Fiend
    defaultScript: CFIGH20B -> dw3ms2be
  ALUFIE02  Alu-Fiend
    defaultScript: carch20b -> dw2rs2ge
    weapon2:  -> SW1H52
  ALYNAR    Sir Alynar
    raceScript: PALAD10 -> 
    defaultScript: None -> dw2ms2pa
  AMARCH01  Captain Erelon
    generalScript: figmag16 -> 
    defaultScript: WTASIGHT -> dw#mg19
  AMARCH02  Mercenary
    defaultScript: WTARSGT -> dw2rs2ge
  AMCAPT01  Mercenary Captain
    generalScript: None -> dw#gphlp
    defaultScript: gpmerc -> dw3ms2be
  AMCARRAS  Carras
    raceScript: ThiefMag -> 
    defaultScript: None -> dw#mg20
  AMCLER01  Priest of Waukeen
    defaultScript: wtasight -> dw2mc2ge
  AMCLER02  Chyil
    defaultScript: wtasight -> dw2mm2ge
  AMCST02   Mercenary
    defaultScript: WTASIGHT -> dw2ms2ge
  AMCST03   Mercenary
    defaultScript: WTASIGHT -> dw2ms2ge
  AMCST04   Mage
    generalScript: mage10c -> 
    defaultScript: WTASIGHT -> dw#mg21
  AMDUEL01  Mercenary
    raceScript: None -> AMMERC
    generalScript: AMMERC -> dw#gphlp
    defaultScript: gpmerc -> dw2ms2be
  AMDUEL02  Mercenary
    raceScript: None -> AMMERC
    generalScript: AMMERC -> dw#gphlp
    defaultScript: gpmerc -> dw2ms2be
  AMDUEL03  Mercenary Captain
    raceScript: None -> AMMERC
    generalScript: AMMERC -> dw#gphlp
    defaultScript: gpmerc -> dw3ms2be
  AMFAHEED  Faheed
    class: MAGE -> FIGHTER_MAGE
    defaultScript: CKMAG20B -> dw#mg22
  AMLICH01  Vongoethe
    defaultScript: AMLICH02 -> dw#mg23
  AMMAJIRA  Majira
    defaultScript: ccler20b -> dw#pr8
  AMMERC01  Mercenary
    defaultScript: CFIGH20B -> dw2ms2be
  AMMERC02  Mercenary
    defaultScript: CFIGH20B -> dw2ms2be
  AMMERC03  Mercenary
    defaultScript: WTASIGHT -> dw2ms2ge
  AMMERC04  Mercenary
    defaultScript: WTASIGHT -> dw2ms2ge
  AMMERC07  Mercenary
    generalScript: None -> dw#gphlp
    defaultScript: gpmerc -> dw2ms2be
  AMMERC08  Mercenary
    generalScript: None -> dw#gphlp
    defaultScript: gpmerc -> dw2rs2be
  AMMERC09  Mercenary
    generalScript: None -> dw#gphlp
    defaultScript: gpmerc -> dw2rs2be
  AMMGRD01  Monk
    defaultScript: CMONK20b -> dw2mm2mn
  AMMGRD02  Monk
    generalScript: None -> dw#gphlp
    defaultScript: balmonk -> dw2mm2mn
  AMMGRD03  Monk
    generalScript: None -> dw#gphlp
    defaultScript: balmonk -> dw2mm2mn
  AMMGRD04  Guard Captain
    generalScript: None -> dw#gphlp
    defaultScript: balmonk -> dw2mm2mn
  AMMGRD05  Monk
    defaultScript: CMONK20b -> dw2mm2mn
  AMMLEGS   Monk
    defaultScript: CMONK20b -> dw2mm2mn
  AMMONK02  Monk
    classScript: None -> inpaivsg
    raceScript: inpaivsg -> smugplot
    generalScript: smugplot -> dw#gphlp
    defaultScript: balmonk -> dw2mm2mn
  AMMONK03  Monk
    defaultScript: WTASIGHT -> dw2mm2mn
  AMMONK04  Monk
    generalScript: None -> dw#gphlp
    defaultScript: balmonk -> dw2mm2mn
  AMMONK05  Monk
    generalScript: None -> dw#gphlp
    defaultScript: balmonk -> dw2mm2mn
  AMMONK06  Monk
    generalScript: None -> dw#gphlp
    defaultScript: balmonk -> dw2mm2mn
  AMNG1     Amnian Soldier
    defaultScript: WTARSGT -> dw2mp2ge
  AMNG2     Amnian Soldier
    defaultScript: WTARSGT -> dw2mp2ge
  AMNLEG01  Amnian Legionary
    defaultScript: WTARSGT -> dw2mp2ge
  AMNLEG1   Amnian Legionary
    defaultScript: WTASIGHT -> dw2mp2ge
  AMNLEGS   Amnian Legionary
    defaultScript: WTARSGT -> dw2mp2ge
  AMSAEMON  Saemon Havarian
    generalScript: figmag16 -> 
    defaultScript: None -> dw#mg24
  AMSI      Am-Si
    defaultScript: WTASIGHT -> dw2mm2ge
  AMSMUG01  Smuggler
    raceScript: AMSMUG01 -> 
    defaultScript: None -> dw2ms2th
  AMSMUG02  Smuggler
    defaultScript: WTARSGT -> dw2rs2ge
  AMTARC01  Tethyrian Archer
    weapon3:  -> SW1H05
  AMTCLER0  Cleric Of Lathander
    defaultScript: gphealer -> dw#pr9
  ANALTAR1  Altar
    level: 15 -> 14
    defaultScript: CMAGE20A -> dw#mg25
  ANALTAR2  Mercenary
    level: 11 -> 9
    overrideScript: THIEFMAG -> 
    defaultScript: None -> dw#mg26
  ANALTAR3  Mercenary
    level: 11 -> 9
    overrideScript: THIEFMAG -> 
    defaultScript: None -> dw#mg27
  ANALTAR4  Mercenary
    level: 11 -> 9
    overrideScript: THIEFMAG -> 
    defaultScript: None -> dw#mg28
  ANALTAR5  Mercenary
    level: 11 -> 9
    overrideScript: THIEFMAG -> 
    defaultScript: None -> dw#mg29
  ANARCH1   Tethyrian Mercenary
    defaultScript: WTASIGHT -> dw2rm2ge
  ANBAND1   Ruffian
    defaultScript: WTASIGHT -> dw2mc2ge
  ANBAND2   Ruffian
    defaultScript: WTASIGHT -> dw2mc2ge
  ANBANKG   Bank Guardian
    generalScript: WTASIGHT -> 
    defaultScript:  -> dw3mp2be
  ANBANKG1  Bank Guardian
    generalScript: WTASIGHT -> 
    defaultScript:  -> dw3mp2be
  ANBANKG2  Bank Guardian
    defaultScript: WTASIGHT -> dw3mp2be
  ANBANKG3  Bank Guardian
    generalScript: WTASIGHT -> 
    defaultScript:  -> dw3mp2be
  ANBANKG4  Bank Guardian
    raceScript: WTASIGHT -> SHOUT
    generalScript: SHOUT -> 
    defaultScript: MAGE18A -> dw#mg30
  ANBARD1   Storyteller
    defaultScript: WTASIGHT -> dw2mm2ge
  ANBASIL   Giant Basilisk 
    defaultScript: WTASIGHT -> dw2rm2mo
  ANBEGGAR  Vagabond
    generalScript: WTASIGHT -> 
    defaultScript: None -> dw2mm2ge
  ANBESHA1  Strange Man
    defaultScript: WTASIGHT -> dw2mc2ge
  ANBUTCH   Batch
    classScript: USEITEM -> 
    defaultScript: WTARSGT -> dw2rs2ge
  ANCAYTIG  Caityga
    defaultScript: WTASIGHT -> dw2rm2ge
  ANCOLL1   Collector
    generalScript:  -> dw#gphlp
    defaultScript: GPMERC -> dw2ms2be
  ANCOLL2   Blik
    defaultScript: CMAGE20A -> dw#mg31
  ANCOLL3   Collector Soldier
    level: 11 -> 9
    overrideScript: THIEFMAG -> 
    defaultScript: None -> dw#mg32
  ANCOLL4   Collector Fighter
    defaultScript: CFIGH30B -> dw2ms2be
  ANDRAGON  Odrik
    raceScript: WTARSGT -> 
    defaultScript:  -> dw2mm2mo
  ANDRUID1  Leader
    raceScript: DRUID12A -> 
    defaultScript: WTASIGHT -> dw#pr10
    weapon2:  -> DW#SHNEA
  ANDRUID2  Shadow Druid
    level: 10 -> 9
    raceScript: DRUID12B -> 
    defaultScript: WTASIGHT -> dw#pr11
    weapon2:  -> DW#SHNBR
  ANESRA    Esra
    classScript: THIEFRG -> 
    defaultScript:  -> dw2rp2th
  ANKHEG01  Ankheg
    defaultScript: WTASIGHT -> dw2rc2mo
  ANKILLER  Assassin
    level: 11 -> 9
    overrideScript: THIEFMAG -> 
    defaultScript: None -> dw#mg33
  ANLEENA1  Leena
    defaultScript: MAGE12A -> dw#mg34
  ANLEENA2  Leena
    defaultScript: MAGE12A -> dw#mg35
  ANLION1   Mountain Lion
    defaultScript: WTASIGHT -> dw2mp2mo
  ANLORNA   Lorna
    generalScript: None -> dw#gphlp
    defaultScript: GPTHIEF -> dw2mm2th
  ANORC1    Galtarro
    defaultScript: WTASIGHT -> dw2ms2ge
  ANORC2    Three-Fingered
    defaultScript: WTASIGHT -> dw2ms2ge
  ANOTHUG   Guard
    defaultScript: WTASIGHT -> dw2ms2ge
  ANPROM    Advertising Manager
    defaultScript: WTARSGT -> dw2ms2ge
  ANSAHUA1  Rarrrshituoah
    defaultScript: WTARSGT -> dw2rp2ge
  ANSAHUA2  Furlusialeo
    defaultScript: WTARSGT -> dw2rp2ge
  ANSCELET  Skeleton Guardian
    defaultScript: WTARSGT -> dw2rs2ge
  ANSHAHBA  Shahbaz
    defaultScript: CFIGH30B -> dw2ms2be
  ANSHAKAL  Jackal
    defaultScript: WTASIGHT -> dw2ms2ge
  ANSIRENE  Eirin
    defaultScript: WTASIGHT -> dw2mp2ge
  ANTROLL   Kid
    amulet: MONHP1 -> 
  ANWOLF1   Dire Wolf
    classScript: DREADWLF -> 
    defaultScript: WTASIGHT -> dw2mp2mo
  ANYANT    Yantina
    classScript: GPTHIEF -> dw#gphlp
    defaultScript:  -> dw2rp2th
  AR18ARCH  Archer
    classScript: ft12t -> 
    defaultScript: wtasight -> dw2rp2ge
  AR18DWAF  Duergar
    generalScript: wtasight -> 
    defaultScript:  -> dw2rs2ge
    weapon2:  -> AX1H01
  AR18FAM   Mist Mephit
    defaultScript: wtasight -> dw2ms2ge
  AR18FIG   Mercenary
    classScript: fight16a -> 
    defaultScript: WTASIGHT -> dw2ms2be
  AR18MAGE  Mage
    level: 15 -> 14
    classScript: gpuse -> 
    raceScript: Mage14t -> 
    generalScript: wtasight -> 
    defaultScript:  -> dw#mg36
  AR18PRIE  Priest of Cyric
    classScript: pries14t -> 
    defaultScript: wtasight -> dw#pr12
    weapon2: SLNG01 -> 
  AR18SKEL  Skeleton Warrior
    defaultScript: WTASIGHT -> dw2ms2ge
  AR18THIF  Thief
    classScript: gpuse -> 
    raceScript: thief14t -> 
    generalScript: wtasight -> 
    defaultScript: None -> dw2mp2th
  ARAN      Aran Linvail
    defaultScript: WTASIGHT -> dw2rs2th
  ARAN02    Aran Linvail
    defaultScript: WTASIGHT -> dw2rs2th
  ARENTHIS  Arenthis
    defaultScript: PRIES10B -> dw#pr13
  ARMY01    Orc
    raceScript: orcwar -> 
    defaultScript: WTARSGT -> dw2ms2ge
  ARNFGT06  Haz
    raceScript: mage14a -> 
    defaultScript: WTASIGHT -> dw#mg37
  ARNGOL01  Golem
    defaultScript: WTASIGHT -> dw2mc2mo
  ARNGRL01  Missy
    defaultScript: WTASIGHT -> dw2mm2th
  ARNMAN03  Cuchul
    generalScript: WTASIGHT -> 
    defaultScript: None -> dw2ms2th
  ARNMAN04  Mitsu
    generalScript: WTASIGHT -> 
    defaultScript: None -> dw2mp2th
  ARNMAN05  Achon
    generalScript: WTASIGHT -> 
    defaultScript: None -> dw2mm2th
  ARNMAN08  Shadow Thief
    generalScript: WTASIGHT -> 
    defaultScript: None -> dw2ms2th
  ARNMAN09  Shadow Thief
    generalScript: WTASIGHT -> 
    defaultScript: None -> dw2mp2th
  ARNMAN10  Trainee
    generalScript: WTASIGHT -> 
    defaultScript: None -> dw2rs2ge
  ARNMAN11  Trainee
    generalScript: WTASIGHT -> 
    defaultScript: None -> dw2rs2ge
  ARNTRA01  Trainee
    generalScript: WTASIGHT -> 
    defaultScript: None -> dw2ms2th
  ARNTRA02  Trainee
    defaultScript: Mage10A -> dw#mg38
  ARNTRA03  Trainee
    generalScript: WTASIGHT -> 
    defaultScript: None -> dw2rs2ge
  ARNTRA04  Trainee
    generalScript: WTASIGHT -> 
    defaultScript: None -> dw2mm2th
  ARNTRA05  Shadow Thief
    generalScript: WTASIGHT -> 
    defaultScript: None -> dw2ms2ge
  ARNTRA06  Shadow Thief
    generalScript: WTASIGHT -> 
    defaultScript: None -> dw2ms2th
  ARNWAR01  Shadow Thief Archer
    raceScript: WTARSGT -> 
    defaultScript: None -> dw2rs2ge
  ARNWAR02  Shadow Thief Thug
    generalScript: wtasight -> 
    defaultScript: None -> dw2ms2th
    weapon1: HAMM01 -> SW1H07
  ARNWAR03  Shadow Thief
    raceScript: WTASIGHT -> 
    defaultScript: None -> dw2ms2th
  ARNWAR04  Shadow Thief Footpad
    raceScript: WTASIGHT -> 
    defaultScript: None -> dw2rs2ge
    weapon2:  -> SW1H07
  ARNWAR05  Shadow Thief
    raceScript: MAGE14A -> 
    defaultScript: None -> dw#mg39
  ARNWAR06  Haz
    raceScript: MAGE14A -> 
    defaultScript: None -> dw#mg40
  ARNWAR07  Dedral
    defaultScript: WTASIGHT -> dw3ms2ge
  ARNWAR08  Tizzak
    raceScript: wtasight -> 
    defaultScript: None -> dw2mm2th
  ARNWAR09  Shadow Thief
    generalScript: wtasight -> 
    defaultScript:  -> dw2mm2ge
  ARNWAR10  Priest of Mask
    overrideScript: pries12a -> 
    defaultScript: wtasight -> dw#pr14
  ARTEMIS   Artemis Entreri
    defaultScript: WTASIGHT -> dw2mm2th
  ARVAL     High Mornmaster Arval
    defaultScript: WTASIGHT -> dw2mm2ge
  B!AIDAN   Aidan
    defaultScript: WTASIGHT -> dw2ms2pa
  B2#BLKN   Black Knight
    raceScript: WTASIGHT -> 
    defaultScript: WTASIGHT -> dw2mc2ge
  B2#GRKN   Green Knight
    raceScript: WTASIGHT -> 
    defaultScript: WTASIGHT -> dw2ms2ge
  B2#PHNX   Phoenix
    defaultScript: WTASIGHT -> dw2ms2mo
  B2#PIKN   Pink Kinght
    raceScript: WTASIGHT -> 
    defaultScript: WTASIGHT -> dw2mc2ge
  B2#RAPT   Raptair
    raceScript: WTASIGHT -> 
    defaultScript: None -> dw2mm2ge
  B2#TIRA   Tira
    raceScript: WTASIGHT -> 
    defaultScript: None -> dw2mm2ge
  B2#WHKN   White Knight
    raceScript: WTASIGHT -> 
    defaultScript: WTASIGHT -> dw2ms2ge
  BALELITE  Adherent
    generalScript: None -> dw#gphlp
    defaultScript: balmonk -> dw2mc2mn
  BALOR01   Balor
    defaultScript: wtasight -> dw2ms2ge
  BAMNG01   Amnian Guard
    defaultScript: WTASIGHT -> dw2mm2ge
  BAMNG02   Amnian Guard
    defaultScript: WTASIGHT -> dw2mm2ge
  BANSHE01  Banshee
    defaultScript: WTASIGHT -> dw2mc2ge
  BARL      Barl
    overrideScript: barl -> 
    classScript: gpuse -> 
    defaultScript: wtasight -> dw#pr15
  BARONP    Baron Ployer
    defaultScript: wtasight -> dw2mp2ge
  BARSAIL1  Sailor
    defaultScript: WDASIGHT -> dw2ms2ge
  BARSAIL2  Sailor
    defaultScript: WDASIGHT -> dw2ms2ge
  BASGRT01  Greater Basilisk
    defaultScript: WTASIGHT -> dw2rm2mo
  BAZDRA01  Draconis
    defaultScript: DRACONIS -> dw#mg41
  BAZDRA02  Draconis
    level: 25 -> 30
    defaultScript: wtasight -> 
  BAZDRA03  Fll'Yissetat
    level: 23 -> 24
  BAZEYE01  Iycanth the Mad
    generalScript: CMAGE20A -> 
    defaultScript: WTASIGHT -> dw#mg42
  BAZEYE02  Iycanth the Mad
    defaultScript: CMAGE20A -> dw#mg43
  BAZGAU01  Gauth
    defaultScript: WTASIGHT -> 
  BAZLIZ03  Lizard Man
    level: 20 -> 21
    defaultScript: CFIGH20B -> dw3mp2be
    weapon1: HALB02 -> HALB03
  BAZLIZ04  Lizard Man Captain
    level: 20 -> 25
    defaultScript: CFIGH30B -> dw3mc2be
    weapon1: HALB07 -> DW#LZWP3
  BAZMONK   Monk
    defaultScript: cmonk20b -> dw3mm2ge
  BDBART01  Samuel Thunderburp
    generalScript: WTASIGHT -> 
    defaultScript: None -> dw2mc2ge
  BDCOUN03  Bodyguard
    defaultScript: WTASIGHT -> dw2ms2ge
  BDOCK1    Dockhand Ogre
    defaultScript: WTASIGHT -> dw2mc2ge
  BDOCK2    Dockhand Ogre
    defaultScript: WTASIGHT -> dw2mc2ge
  BDPRST01  Shvanana
    classScript: pries12c -> 
    defaultScript: wtasight -> dw#pr16
  BDTURM01  Turmish Leader
    defaultScript: WTASIGHT -> dw2ms2be
  BDTURM02  Turmish Thief
    defaultScript: WTASIGHT -> dw2rs2th
  BDTURM03  Turmish Sorceress
    classScript: Mage14b -> 
    defaultScript: wtasight -> dw#mg44
  BDTURM04  Turmish Thug
    defaultScript: WTASIGHT -> dw2rs2ge
  BEARBL    Black Bear
    defaultScript: WDASIGHT -> dw2mc2mo
  BEARBL01  Black Bear
    defaultScript: WDASIGHT -> dw2mc2mo
  BEARBR    Brown Bear
    defaultScript: WDASIGHT -> dw2mc2mo
  BEARBR01  Brown Bear
    defaultScript: WDASIGHT -> dw2mc2mo
  BEARCA01  Cave Bear
    defaultScript: WDASIGHT -> dw2mc2mo
  BEARGR    Grizzly Bear
    defaultScript: WDASIGHT -> dw2mc2mo
  BEARPO01  Mountain Bear
    defaultScript: WDASIGHT -> dw2mc2mo
  BEAST     Beastmaster
    defaultScript: WTARSGT -> dw2rp2ge
  BEHDIR01  Director
    defaultScript: WTASIGHT -> 
    lring: BEHOLDER -> 
  BEHELD01  Elder Orb
    level: 9 -> 20
    generalScript: BEHELD01 -> 
    defaultScript: WTASIGHT -> dw#mg552
  BEHGAU01  Gauth
    defaultScript: WTASIGHT -> 
  BEHHIV01  Hive Mother
    class: BEHOLDER -> MAGE
    lring: BEHOLDER -> 
  BEHOBS01  Observer
    defaultScript: WTASIGHT -> 
  BEHOLD01  Beholder
    defaultScript: WTASIGHT -> 
    lring: BEHOLDER -> 
  BEHUND01  Death Tyrant
    defaultScript: WTASIGHT -> 
    lring: IMMCHS -> RING95
  BELT      Belt
    defaultScript: wtasight -> dw2ms2ge
  BENJY     Benjy
    defaultScript: WTASIGHT -> dw2ms2ge
  BERINVAR  Berinvar
    classScript: useitem -> 
    defaultScript: WTASIGHT -> dw2ms2ge
  BERKREF   Zorl
    classScript: pries12a -> 
    defaultScript: wtasight -> dw#pr17
  BERNARD   Bernard
    defaultScript: wtasight -> dw2ms2ge
  BESAMEN   Besamen
    defaultScript: WTASIGHT -> dw2mp2ge
  BGUARD1   Guard
    defaultScript: WTASIGHT -> dw2ms2ge
  BHALF1    Stivan the Hunter
    defaultScript: WDARSGT -> dw2rs2th
  BHARVAL   High Mornmaster Arval
    defaultScript: WTASIGHT -> dw2mm2ge
  BHCAPT01  Elite Guard Captain
    classScript: gparcher -> dw#gphlp
    raceScript: None -> 
    defaultScript: WTARSGT -> dw2rs2ge
  BHCRYPT   Crypt King
    defaultScript: wtasight -> dw2ms2ge
  BHELM     Guardian Vottnar
    classScript: Pries8c -> 
    defaultScript: WTASIGHT -> dw#pr18
  BHEYE     Unseeing Eye
    defaultScript: WTASIGHT -> dw#mg568
    lring:  -> DW#UNSEE
  BHGAAL01  Elite Guard
    defaultScript: WTARSGT -> dw2rs2ge
  BHGHOUL1  Ghoul
    defaultScript: wtasight -> dw2mc2ge
  BHGHOUL2  Ghast
    classScript: WTASIGHT -> 
    defaultScript: None -> dw2mp2ge
  BHGHOUL3  Zombie
    defaultScript: wtasight -> dw2mc2mo
  BHGHOUL4  Ghast
    classScript: WTASIGHT -> 
    defaultScript: None -> dw2mp2ge
  BHGHOUL5  Zombie
    defaultScript: wtasight -> dw2mc2mo
  BHGUARD   Elite Guard
    defaultScript: WTASIGHT -> dw2rs2ge
  BHGUARD2  Elite Guard
    defaultScript: WTARSGT -> dw2rs2ge
  BHNALLA   Stormherald Nallabir
    defaultScript: WTASIGHT -> dw2mm2ge
  BHOISIG   High Watcher Oisig
    defaultScript: WTASIGHT -> dw2mm2ge
  BJORNI    Bjornin
    defaultScript: WDASIGHT -> dw2mp2ge
  BMUGG1    Mugger
    defaultScript: WTASIGHT -> dw2ms2th
    weapon1: SW1H01 -> SW1H04
  BODFGT01  Grimwarder
    overrideScript: REDDEATH -> dw#bodfg
    classScript: BODFGT01 -> REDDEATH
    raceScript: None -> BODFGT01
    defaultScript: wtasight -> dw2ms2mo
  BODFGT02  Grimward Archer
    overrideScript: REDDEATH -> dw#bodfg
    classScript: None -> REDDEATH
    defaultScript: wtasight -> dw2rs2mo
    weapon2:  -> SW1H04
  BODFGT03  Guild Contact
    generalScript: gpuse -> 
    defaultScript: WTASIGHT -> dw2ms2ge
  BODHI     Bodhi
    defaultScript: WTASIGHT -> dw2mc2ge
  BODHI2    Bodhi
    class: VAMPIRE -> FIGHTER_THIEF
    defaultScript: WTASIGHT -> 
    lring: RING95 -> IMMUNE3
    rring: IMMUNE2 -> VAMPREG2
    weapon1: VAMP -> VAMP1
    weapon2:  -> DW#BLDD3
    weapon3:  -> DW#VMWOL
    weapon4:  -> DW#VMBAT
  BODHIAMB  Bodhi
    defaultScript: WTASIGHT -> dw2mc2ge
  BODTAN    Tanova
    defaultScript: wtasight -> dw2mc2ge
    lring: VAMPREG -> IMMUNE3
    rring:  -> VAMPREG2
    weapon2:  -> DW#BLDD
  BODVAM01  Durst
    class: VAMPIRE -> FIGHTER_THIEF
    level: 8 -> 12
    defaultScript: WDASIGHT -> vampir01
    lring: VAMPREG -> IMMUNE2
    rring:  -> VAMPREG
    weapon2:  -> DW#BLDD
    weapon3:  -> DW#VMWOL
    weapon4:  -> DW#VMBAT
  BODVAM02  Gellal
    class: VAMPIRE -> FIGHTER_THIEF
    level: 8 -> 12
    defaultScript: WDASIGHT -> vampir01
    lring: VAMPREG -> IMMUNE2
    rring:  -> VAMPREG
    weapon2:  -> DW#BLDD
    weapon3:  -> DW#VMWOL
    weapon4:  -> DW#VMBAT
  BODYG1    Amnian Bodyguard
    defaultScript: WTASIGHT -> dw2rs2ge
  BODYG2    Amnian Bodyguard
    defaultScript: WTASIGHT -> dw2mp2ge
  BOGRE1    Ogre
    raceScript: OGRE -> 
    defaultScript: WTASIGHT -> dw2mc2ge
  BONEBLD   Bone Blade
    defaultScript: WTASIGHT -> dw2ms2mo
  BOO       Boo
    defaultScript: WTASIGHT -> dw2ms2mo
  BOOTER    Booter
    defaultScript: WTASIGHT -> dw2ms2ge
  BOOTER02  Booter
    defaultScript: WTASIGHT -> dw2ms2ge
  BORINALL  Borinall
    defaultScript: WTASIGHT -> dw2ms2th
  BRAGE2    Brage
    defaultScript: wtasight -> dw2mm2ge
  BRAIWA1   Blind Priest
    classScript: pries12a -> 
    defaultScript: wtasight -> dw#pr19
  BRAIWA2   Blind Priest
    raceScript: pries12c -> 
    defaultScript: wtasight -> dw#pr20
  BRAIWA3   Blind Priest
    classScript: pries10a -> 
    defaultScript: wtasight -> dw#pr21
  BRAIWA4   Blind Priest
    raceScript: pries10b -> 
    defaultScript: wtasight -> dw#pr22
  BRAIWA5   Blind Priest
    classScript: pries10c -> 
    defaultScript: wtasight -> dw#pr23
  BREG01    Visaj
    classScript: mage16a -> 
    defaultScript: wtasight -> dw#mg45
  BREG03    D'aerthe Guard
    defaultScript: WTASIGHT -> dw2ms2ge
  BREGG     Bregg
    defaultScript: WTASIGHT -> dw2ms2ge
  BRELM     Brelm
    defaultScript: WTASIGHT -> dw2ms2ge
  BRUENOR   Bruenor
    defaultScript: wdasight -> dw2ms2ge
  BUNKIN    Bunkin
    defaultScript: WTASIGHT -> dw2mm2ge
  BYLANNA   Bylanna
    defaultScript: WTARSGT -> dw2rs2ge
  C#BJORNI  Sir Bjornin
    defaultScript: WTASIGHT -> dw2mp2pa
  C#SBDRC1  Drow
    generalScript: PRIES10A -> 
    defaultScript: WTASIGHT -> dw#pr24
  C#SBDRC2  Drow
    generalScript: PRIES10C -> 
    defaultScript: WTASIGHT -> dw#pr25
  C#SBDRF0  Drow
    defaultScript: WTASIGHT -> dw2ms2ge
  C#SBDRF1  Drow
    defaultScript: WTASIGHT -> dw2ms2ge
  C#SBDRF2  Drow
    defaultScript: WTASIGHT -> dw2ms2ge
  C#SBDRF3  Drow
    defaultScript: WTASIGHT -> dw2ms2ge
  C#SBDRF4  Drow
    defaultScript: WTASIGHT -> dw2ms2ge
  C#SBDRF5  Drow
    defaultScript: WTASIGHT -> dw2ms2ge
  C#SBDRF6  Drow
    defaultScript: WTASIGHT -> dw2ms2ge
  C#SBDRF7  Drow
    defaultScript: WTASIGHT -> dw2ms2ge
  C#SBDRF8  Drow
    defaultScript: WTASIGHT -> dw2ms2ge
  C#SBDRF9  Drow
    defaultScript: WTASIGHT -> dw2ms2ge
  C#SBDRM1  Drow
    generalScript: MAGE10B -> 
    defaultScript: None -> dw#mg46
  C#SBDRM2  Drow
    generalScript: MAGE10A -> 
    defaultScript: None -> dw#mg47
  C#SBDRM3  Drow
    generalScript: MAGE10B -> 
    defaultScript: None -> dw#mg48
  C#SBDRM4  Drow
    generalScript: MAGE10A -> 
    defaultScript: None -> dw#mg49
  C#SOCRE1  Imrae
    generalScript: PRIET12B -> 
    defaultScript: WTASIGHT -> dw#pr26
  C#SODRC0  Drow
    generalScript: PRIES10A -> 
    defaultScript: WTASIGHT -> dw#pr27
  C#SODRD1  Drow
    defaultScript: WTASIGHT -> dw2ms2ge
  C#SODRD2  Drow
    defaultScript: WTASIGHT -> dw2ms2ge
  C#SODRD3  Drow
    generalScript: MAGE10B -> 
    defaultScript: None -> dw#mg50
  C#SODRD4  Drow
    generalScript: PRIES10A -> 
    defaultScript: WTASIGHT -> dw#pr28
  C#SODRD5  Drow
    defaultScript: WTASIGHT -> dw2ms2ge
  C#SODRF0  Drow
    defaultScript: WTASIGHT -> dw2ms2ge
  C#SODRF1  Drow
    defaultScript: WTASIGHT -> dw2ms2ge
  C#SODRM0  Drow
    generalScript: MAGE10B -> 
    defaultScript: None -> dw#mg51
  C#SODRM1  Drow
    generalScript: MAGE10B -> 
    defaultScript: None -> dw#mg52
  C#SOSPD1  Giant Spider
    raceScript: WTASIGHT -> 
    defaultScript: None -> dw2mp2mo
  C-RENAL   Renal
    classScript: useitem -> 
    defaultScript: WTASIGHT -> dw2rs2th
  C0AEELE   Colossal Earth Elemental
    defaultScript: WDASIGHT -> dw2mc2ge
  C0AFIR01  S'aalvlani
    defaultScript: WDASIGHT -> dw2mp2mo
  C0AFIR02  Azer Warrior
    defaultScript: WDASIGHT -> dw2mc2ge
  C0AFIR03  Fire Giant
    defaultScript: CFIGH20B -> dw3ms2be
  C0AFIR04  Fire Giant
    defaultScript: CFIGH20B -> dw3ms2be
  C0AFIR05  Duke V'thilix
    defaultScript: WTASIGHT -> dw2mc2ge
  C0AFIR06  Izzeel al-Zakeer
    defaultScript: WTARSGT -> dw#mg53
  C0AFIR07  Lakai G'alavai
    classScript: CCLER20B -> 
    defaultScript: None -> dw#pr29
  C0AFIR08  V'thilix's Ember
    defaultScript: WTASIGHT -> dw2mc2ge
  C0AFIR09  V'thilix, Undying Cinder
    defaultScript: WTASIGHT -> dw2mc2ge
  C0AGNO01  11th Workshop Builder
    defaultScript: WTASIGHT -> dw2mc2ge
  C0AGNO02  11th Workshop Builder
    defaultScript: WTASIGHT -> dw2mc2ge
  C0AGNO05  Master Builder Tagos
    defaultScript: WTASIGHT -> dw2mc2ge
  C0AGOL05  Adamantite Automaton
    defaultScript: WDASIGHT -> 
  C0AGOL06  Mithral Automaton
    defaultScript: WDASIGHT -> 
  C0AGOL07  Lantanese Battle Automaton
    defaultScript: WDASIGHT -> 
  C0AICE01  Ishallir
    classScript: MAGE20B -> 
    defaultScript: WTARSGT -> dw#mg54
  C0AMAGN   Caridius C. Magnussen
    generalScript: WTARSGT -> DPLAYER
    defaultScript: DPLAYER -> dw2mm2ge
  C0ATHF1   Thug
    defaultScript: WTARSGT -> dw2rs2th
  C0ATHF2   Thug Leader
    defaultScript: WTARSGT -> dw2rs2th
  C0ATHF3   Thug
    defaultScript: WTARSGT -> dw2rs2th
  C0ATHF4   Thug
    defaultScript: WTARSGT -> dw2rs2th
  C0AUICE1  Orglash
    defaultScript: WTASIGHT -> dw2mc2ge
  C0AUMOM   Gillian
    defaultScript: WTASIGHT -> dw2rm2ge
  C0DEATHK  Demon Knight
    defaultScript: wtasight -> dw2ms2ge
    lring:  -> ringdemn
  C0KORSH   Korsh "Chip" Thurgarr
    generalScript: USEITEM -> 
  C0KORSHB  Torpuk "Trip" Thurgarr
    generalScript: USEITEM -> 
  C0LIRO    Liro
    raceScript: gpuse -> 
    defaultScript: WTASIGHT -> dw2rm2th
  C0LIRO2   Liro
    raceScript: gpuse -> 
    defaultScript: WTASIGHT -> dw2mm2th
  C0PWITCH  Black Spider
    generalScript: WTARSGT -> c0pwitch
    defaultScript: c0pwitch -> dw2mm2ge
  C0SCLER1  Revered Brother Daeron
    defaultScript: PRIES18B -> dw#pr30
  C0SCLER2  Priest of Ilmater
    raceScript: GENPRST1 -> 
    defaultScript: WTASIGHT -> dw#pr31
  C0SCLER3  Priestess of Ilmater
    defaultScript: WTASIGHT -> dw2mc2ge
  C0SCLER4  Priest of Ilmater
    raceScript: GENPRST1 -> 
    defaultScript: WTASIGHT -> dw#pr32
  C0SCLER5  Priestess of Ilmater
    defaultScript: WTASIGHT -> dw2mc2ge
  C0SCLER6  Priest of Ilmater
    raceScript: GENPRST1 -> 
    defaultScript: WTASIGHT -> dw#pr33
  C0SCLER7  Priest of Ilmater
    raceScript: GENPRST1 -> 
    defaultScript: WTASIGHT -> dw#pr34
  C0SIRENG  Sirene
    defaultScript: WTASIGHT -> dw2ms2ge
  C0SLOVE2  T'samon
    defaultScript: WTASIGHT -> dw2mm2ge
  C0SRAID1  Fighter
    defaultScript: CFIGH20B -> dw3ms2be
  C0SRAID2  Fighter
    defaultScript: CFIGH20B -> dw3ms2be
  C0SRAID3  Fighter
    defaultScript: CFIGH20B -> dw3ms2be
  C0SRAID4  Mage
    defaultScript: CMAGE20A -> dw#mg55
  C0SRAID5  Thief
    defaultScript: cthie20b -> dw2mm2as
  C0SRAID6  Thief
    defaultScript: cthie20b -> dw2mm2as
  C0SRAID7  Thief
    defaultScript: cthie20b -> dw2mm2as
  C0SRAID8  Cleric
    classScript: CCLER20B -> 
    defaultScript: None -> dw#pr35
  C0SRAID9  Fighter
    defaultScript: CFIGH20B -> dw3ms2be
  C0TSAMON  T'samon
    defaultScript: WTASIGHT -> dw2rs2ge
  C6ALYRA   Alyra
    defaultScript: wtasight -> dw2ms2th
  C6BGUARD  Guard
    class: VAMPIRE -> FIGHTER_MAGE
    raceScript: MAGE14A -> 
    generalScript: VAMPIR01 -> 
    defaultScript: WTASIGHT -> dw#mg56
    lring: VAMPREG -> IMMUNE3
    rring:  -> VAMPREG2
    weapon2:  -> DW#BLDD1
  C6BODHI   Bodhi
    class: VAMPIRE -> FIGHTER_THIEF
    defaultScript: WTASIGHT -> 
    lring: RING95 -> IMMUNE3
    rring: IMMUNE2 -> VAMPREG2
    weapon2:  -> DW#BLDD3
    weapon3:  -> DW#VMWOL
    weapon4:  -> DW#VMBAT
  C6BRAN    Branet Al-Thon
    defaultScript: WTASIGHT -> dw2ms2pa
  C6BRUEN   Bruenor
    generalScript: useitem -> 
    defaultScript: wtasight -> dw2ms2ge
  C6BRUEN2  Bruenor
    defaultScript: wtasight -> dw2ms2ge
  C6CATTI   Catti-Brie
    generalScript: useitem -> 
    defaultScript: WTARSGT -> dw2rs2ge
  C6CATTI2  Catti-Brie
    defaultScript: wtarsgt -> dw2rs2ge
  C6CLER1   Cleric Of Lathander
    defaultScript: WTASIGHT -> dw2mc2ge
  C6CLER2   Cleric Of Helm
    defaultScript: WTASIGHT -> dw2mc2ge
  C6CLER3   Cleric Of Talos
    defaultScript: WTASIGHT -> dw2mc2ge
  C6CORAN   Coran
    generalScript: WTASIGHT -> 
    defaultScript: None -> dw2rs2th
  C6DEL     Del
    class: VAMPIRE -> FIGHTER_THIEF
    level: 8 -> 12
    defaultScript: WTASIGHT -> vampir01
    lring: VAMPREG -> IMMUNE2
    rring:  -> VAMPREG
    weapon2:  -> DW#BLDD1
    weapon3:  -> DW#VMWOL
    weapon4:  -> DW#VMBAT
  C6DRIZZ   Drizzt
    generalScript: USEITEM -> 
    defaultScript: WTASIGHT -> dw2ms2ge
  C6DRIZZ2  Drizzt
    defaultScript: WTASIGHT -> dw2ms2ge
  C6DRIZZ3  Drizzt
    defaultScript: WTASIGHT -> dw2ms2ge
  C6DROW1   Drow
    defaultScript: WTASIGHT -> dw2ms2ge
  C6DROW2   Drow
    generalScript: mage10b -> 
    defaultScript: wtasight -> dw#mg57
  C6DROWGO  Fire Elemental
    defaultScript: WDASIGHT -> dw2mc2ge
  C6ELF1    Elven Warrior
    defaultScript: WTASIGHT -> dw2ms2ge
  C6ELF2    Elven Warrior
    defaultScript: WTASIGHT -> dw2ms2ge
  C6ELF3    Elven Mage
    generalScript: mage10c -> 
    defaultScript: wtasight -> dw#mg58
  C6ELF4    Elven Warrior
    defaultScript: WTASIGHT -> dw2ms2ge
  C6ELF5    Elven Mage
    generalScript: mage10b -> 
    defaultScript: wtasight -> dw#mg59
  C6ELHAN   Elhan
    defaultScript: WTASIGHT -> dw3ms2ge
  C6ELVEN2  Elven War Guard
    raceScript: mage18b -> 
    defaultScript: None -> dw#mg60
  C6ERIC    Eric Vanstraaten
    defaultScript: WTASIGHT -> dw2ms2pa
  C6ERIC3   Eric Vanstraaten
    defaultScript: WTASIGHT -> dw2ms2pa
  C6EXTR01  Elven Warrior
    defaultScript: WTASIGHT -> dw2ms2ge
  C6EXTR02  Elven Mage
    generalScript: mage10c -> 
    defaultScript: wtasight -> dw#mg61
  C6EXTR03  Elven Warrior
    defaultScript: WTASIGHT -> dw2ms2ge
  C6EXTR04  Elven Mage
    generalScript: mage10c -> 
    defaultScript: wtasight -> dw#mg62
  C6FAKE    Elhan
    defaultScript: WTASIGHT -> dw3ms2ge
  C6GENER   General Sovalidaas
    defaultScript: WTASIGHT -> dw2ms2ge
  C6GOD     Elven God
    defaultScript: WTASIGHT -> dw3ms2ge
  C6GUEN    Guenhwyvar
    defaultScript: WTASIGHT -> dw2mp2mo
  C6GUEN2   Guenhwyvar
    defaultScript: WTASIGHT -> dw2mp2mo
  C6HAREI   Hareishan
    class: VAMPIRE -> FIGHTER_THIEF
    level: 8 -> 12
    defaultScript: WTASIGHT -> 
    lring: VAMPREG -> IMMUNE2
    rring:  -> VAMPREG
    weapon2:  -> DW#BLDD1
    weapon3:  -> DW#VMWOL
    weapon4:  -> DW#VMBAT
  C6HARP    Malchor Harpell
    classScript: mage18a -> 
    defaultScript: None -> dw#mg63
  C6KACH2   Kachiko
    defaultScript: wtasight -> dw2ms2th
  C6KALDEN  Kalden
    defaultScript: WTASIGHT -> dw2ms2pa
  C6KNGT1   Morning Knight
    defaultScript: WTASIGHT -> dw2rp2ge
  C6KNGT2   Shield Knight
    defaultScript: WTASIGHT -> dw2ms2ge
  C6KNGT3   Storm Knight
    defaultScript: WTASIGHT -> dw2mc2ge
  C6LANF    Lanfear
    general: HUMANOID -> MONSTER
    defaultScript: wtasight -> dw2ms2ge
  C6LEVIN   Levin Rayn
    defaultScript: WTASIGHT -> dw2ms2pa
  C6MERE    Meredath
    class: VAMPIRE -> FIGHTER_THIEF
    level: 8 -> 12
    defaultScript: WTASIGHT -> 
    lring: VAMPREG -> IMMUNE2
    rring:  -> VAMPREG
    weapon2:  -> DW#BLDD1
    weapon3:  -> DW#VMWOL
    weapon4:  -> DW#VMBAT
  C6MESS    Shadow Thief
    defaultScript: wtasight -> dw2mm2th
  C6NATAS   Natas
    defaultScript: wtasight -> dw2ms2th
  C6NERIT   Nerit
    defaultScript: WTASIGHT -> dw2ms2pa
  C6REGIS   Regis
    generalScript: useitem -> 
    defaultScript: wtasight -> dw2mc2th
  C6REGIS2  Regis
    defaultScript: wtasight -> dw2mc2th
  C6SALIA   Salia
    class: VAMPIRE -> FIGHTER_THIEF
    level: 8 -> 12
    defaultScript: WTASIGHT -> 
    lring: VAMPREG -> IMMUNE2
    rring:  -> VAMPREG
    weapon2:  -> DW#BLDD1
    weapon3:  -> DW#VMWOL
    weapon4:  -> DW#VMBAT
  C6SQUIRE  Squire Cathras
    defaultScript: WTASIGHT -> dw2mm2pa
  C6TANOV   Tanova
    class: VAMPIRE -> MAGE
    level: 8 -> 16
    generalScript: None -> 
    defaultScript: WTASIGHT -> dw#mg64
    lring: VAMPREG -> IMMUNE3
    rring:  -> VAMPREG2
    weapon2:  -> DW#BLDD1
  C6VALEN   Valen
    class: VAMPIRE -> FIGHTER_THIEF
    level: 8 -> 14
    defaultScript: WTASIGHT -> vampir01
    lring: VAMPREG -> IMMUNE3
    rring:  -> VAMPREG2
    weapon2:  -> DW#BLDD1
    weapon3:  -> DW#VMWOL
    weapon4:  -> DW#VMBAT
  C6VAMP01  Fledgling Vampire
    class: VAMPIRE -> FIGHTER_THIEF
    defaultScript: WDASIGHT -> 
    lring: VAMPREG -> IMMUNE2
    rring:  -> VAMPREG
    weapon2:  -> DW#BLDD
    weapon3:  -> DW#VMWOL
    weapon4:  -> DW#VMBAT
  C6VFLM01  Fledgling Vampire
    class: VAMPIRE -> FIGHTER_THIEF
    defaultScript: WDASIGHT -> 
    lring: VAMPREG -> IMMUNE2
    rring:  -> VAMPREG
    weapon2:  -> DW#BLDD
    weapon3:  -> DW#VMWOL
    weapon4:  -> DW#VMBAT
  C6WARSA1  Elven War Sage
    generalScript: mage10b -> 
    defaultScript: wtasight -> dw#mg65
  C6WARSA2  Elven War Sage
    generalScript: mage10b -> 
    defaultScript: wtasight -> dw#mg66
  C6WERE1   Wolfwere
    general: HUMANOID -> MONSTER
    overrideScript: None -> grpsht01
    classScript: WTASIGHT -> 
    defaultScript: None -> dw2ms2ge
  C6WERE2   Wolfwere
    general: HUMANOID -> MONSTER
    classScript: WTASIGHT -> 
    defaultScript: None -> dw2ms2ge
  C6WILL    William Reirrac
    defaultScript: WTASIGHT -> dw2ms2pa
  C6WULF    Wulfgar
    generalScript: useitem -> 
    defaultScript: wtasight -> dw2rm2ge
  C6WULF2   Wulfgar
    defaultScript: wtasight -> dw2rm2ge
  CADRIL    Sir Cadril
    raceScript: PALAD10 -> 
    defaultScript: None -> dw2ms2pa
  CAEHAN    Caehan
    defaultScript: WTASIGHT -> dw2ms2ge
  CALAHA    Calahan
    defaultScript: WTASIGHT -> dw2ms2th
  CAMBION1  Cambion
    generalScript: cthie20b -> 
    defaultScript: WTASIGHT -> dw2ms2th
    weapon1: SW1H02 -> SW1H05
  CAMBION2  Cambion
    defaultScript: WTASIGHT -> dw2ms2ge
  CAMITIS   Camitis
    raceScript: WTASIGHT -> 
    defaultScript: None -> dw2ms2ge
  CARBOS    Carbos
    defaultScript: WTASIGHT -> dw2ms2ge
  CATCHE01  Cheetah
    defaultScript: WTASIGHT -> dw2mp2mo
  CATJAG01  Panther
    defaultScript: WTASIGHT -> dw2mp2mo
  CATLEO01  Leopard
    defaultScript: WTASIGHT -> dw2mp2mo
  CATLIM01  Mountain Lion
    defaultScript: WTASIGHT -> dw2mp2mo
  CATLIO01  Lion
    defaultScript: wtasight -> dw2mp2mo
  CATLIOWP  Joolon
    defaultScript: WTASIGHT -> dw2mp2mo
  CATLIS01  Spotted Lion
    defaultScript: WTASIGHT -> dw2mp2mo
  CATLYN01  Giant Lynx
    defaultScript: WTASIGHT -> dw2mp2mo
  CATPAN01  Panther
    defaultScript: WTASIGHT -> dw2mp2mo
  CATTI     Catti-Brie
    defaultScript: wdasight -> dw2mm2ge
  CATTIG01  Wild Tiger
    defaultScript: WTASIGHT -> dw2mp2mo
  CB0709D1  Tavern Drunk
    defaultScript: WTASIGHT -> dw2mp2ge
  CB0709D2  Tavern Drunk
    defaultScript: WTASIGHT -> dw2ms2ge
  CB0709D3  Tavern Drunk
    defaultScript: WTASIGHT -> dw2mc2ge
  CB0709D4  Tavern Drunk
    defaultScript: WTASIGHT -> dw2rs2ge
  CB3547BL  Animated Sword
    defaultScript: WTASIGHT -> dw2ms2ge
  CB3579DK  Demon Knight
    classScript: WTASIGHT -> 
    defaultScript:  -> dw2ms2ge
  CB3579P1  Magical Sword
    overrideScript: WTASIGHT -> 
    defaultScript: WTASIGHT -> dw2mm2ge
  CB3579P2  Magical Sword
    overrideScript: WTASIGHT -> 
    defaultScript: WTASIGHT -> dw2mm2ge
  CB3579P3  Magical Sword
    overrideScript: WTASIGHT -> 
    defaultScript: WTASIGHT -> dw2mm2ge
  CB3579P4  Magical Sword
    overrideScript: WTASIGHT -> 
    defaultScript: WTASIGHT -> dw2mm2ge
  CB3579P5  Magical Sword
    overrideScript: WTASIGHT -> 
    defaultScript: WTASIGHT -> dw2mm2ge
  CB3579P6  Magical Sword
    overrideScript: WTASIGHT -> 
    defaultScript: WTASIGHT -> dw2mm2ge
  CB3597PA  Parisa
    defaultScript: WDASIGHT -> dw2mc2ge
  CB3650DW  Thron Sturman
    raceScript: USEITEM -> 
  CB3651IN  Innkeeper
    defaultScript: WTASIGHT -> dw2mm2ge
  CB510BRD  Butler Eites
    overrideScript: MAGE6A -> 
    raceScript: USEITEM -> 
    defaultScript: WTARSGT -> dw#mg67
  CB576WIZ  Mage
    overrideScript: MAGE20A -> 
    raceScript: CMAGE20A -> 
    defaultScript: WTASIGHT -> dw#mg68
  CB585AN1  Giant Lynx
    defaultScript: WTASIGHT -> dw2mp2mo
  CB585AN2  Grizzly Bear
    defaultScript: WTASIGHT -> dw2mc2mo
  CB585AN3  Wolf
    defaultScript: WTASIGHT -> dw2mp2mo
  CB585AN4  Wild Dog
    defaultScript: WTASIGHT -> dw2mp2mo
  CB585AN5  Panther
    defaultScript: WTASIGHT -> dw2mp2mo
  CB585AN6  Wild Dog
    defaultScript: WTASIGHT -> dw2mp2mo
  CB585AN7  Grizzly Bear
    defaultScript: WTASIGHT -> dw2mc2mo
  CB585AN8  Wolf
    defaultScript: WTASIGHT -> dw2mp2mo
  CB585RNG  Crowley
    classScript: USEITEM -> 
    defaultScript: WTASIGHT -> dw3rs2be
  CB587DR1  Druid
    raceScript: DRUID12A -> 
    defaultScript: WTASIGHT -> dw#pr36
  CB587DR2  Druid
    raceScript: DRUID12A -> 
    defaultScript: WTASIGHT -> dw#pr37
  CB587DR3  Druid
    raceScript: DRUID12A -> 
    defaultScript: WTASIGHT -> dw#pr38
  CB597RIR  Ranch Hand
    defaultScript: WTASIGHT -> dw2rs2th
  CB597RIS  Ranch Hand
    defaultScript: WTASIGHT -> dw2rs2th
  CB640FT2  Fighter
    defaultScript: WTASIGHT -> dw2rp2ge
  CB640FT3  Fighter
    defaultScript: WTASIGHT -> dw2rs2ge
  CB640FT4  Fighter
    defaultScript: WTASIGHT -> dw2ms2ge
  CB640FT5  Fighter
    defaultScript: WTASIGHT -> dw2rs2ge
  CB642BAR  Ezekeial
    defaultScript: WTASIGHT -> dw2rm2ge
  CBASHIRU  Ashirukuru
    defaultScript: WTASIGHT -> dw2ms2th
  CBBDSTRT  Pirate
    defaultScript: WTASIGHT -> dw2rs2ge
  CBBGBERA  Bugbear
    raceScript: WTASIGHT -> 
    defaultScript:  -> dw2mc2ge
  CBBGBERB  Bugbear
    raceScript: WTASIGHT -> 
    defaultScript:  -> dw2mc2ge
  CBBGBERC  Bugbear
    raceScript: WTASIGHT -> 
    defaultScript:  -> dw2mc2ge
  CBBGBERD  Bugbear
    raceScript: WTASIGHT -> 
    defaultScript:  -> dw2mc2ge
  CBBGBERW  Bugbear
    raceScript: WTASIGHT -> 
    defaultScript:  -> dw2mc2ge
  CBBGBERX  Bugbear
    raceScript: WTASIGHT -> 
    defaultScript:  -> dw2mc2ge
  CBBGBERY  Bugbear
    raceScript: WTASIGHT -> 
    defaultScript:  -> dw2mc2ge
  CBBGBERZ  Bugbear
    raceScript: WTASIGHT -> 
    defaultScript:  -> dw2mc2ge
  CBBLKDRG  Black Dragon
    defaultScript: WDASIGHT -> dw2ms2mo
  CBC8CTC2  Cult Superior
    raceScript: CMONK20B -> 
    defaultScript: WTASIGHT -> dw2mc2ge
  CBC8CTC3  Cult Superior
    raceScript: CMONK20B -> 
    defaultScript: WTASIGHT -> dw2mc2ge
  CBC8CTF1  Cult Fighter
    raceScript: WTASIGHT -> 
    defaultScript: WTASIGHT -> dw2ms2ge
  CBC8CTF2  Cult Fighter
    raceScript: WTASIGHT -> 
    defaultScript: WTASIGHT -> dw2ms2ge
  CBC8CTF3  Cult Fighter
    raceScript: WTASIGHT -> 
    defaultScript: WTASIGHT -> dw2ms2ge
  CBC8CTL2  Cult Lich
    level: 11 -> 9
    classScript: MAGE18D -> 
    generalScript: GPUSE -> CBC8CTLH
    defaultScript: CBC8CTLH -> dw#mg69
  CBC8CTL3  Cult Lich
    classScript: MAGE18D -> 
    generalScript: GPUSE -> CBC8CTLH
    defaultScript: CBC8CTLH -> dw#mg70
  CBC8CTL4  Cult Lich
    generalScript: GPUSE -> 
  CBC8CTM1  Cult Mage
    raceScript: MAGE12D -> 
    defaultScript: WTASIGHT -> dw#mg71
  CBC8CTM2  Cult Mage
    raceScript: MAGE16M -> 
    defaultScript: WTASIGHT -> dw#mg72
  CBC8CTM3  Cult Mage
    raceScript: MAGE20B -> 
    defaultScript: WTASIGHT -> dw#mg73
  CBCEEB01  Ceeb Isson
    generalScript: SPSEQ16B -> 
    defaultScript:  -> dw#mg74
  CBCHIMRA  Chimera
    defaultScript: WDASIGHT -> dw2mc2mo
  CBCWLTCH  Cowled Wizard
    classScript: MAGE16C -> 
    defaultScript: WTASIGHT -> dw#mg75
  CBCWLWR2  Cowled Wizard
    classScript: MAGE16C -> 
    defaultScript: WTASIGHT -> dw#mg76
  CBCWLWRY  Cowled Wizard
    classScript: MAGE16C -> 
    defaultScript: WTASIGHT -> dw#mg77
  CBDEANOH  Deano the Hatchetman
    defaultScript: WTASIGHT -> dw2ms2ge
  CBDNCSWD  Dancing Broadsword
    classScript: WTASIGHT -> 
    defaultScript:  -> dw2ms2mo
  CBDRIFAL  Drider
    raceScript: MAGE18A -> 
    generalScript: USEITEM -> 
    defaultScript: WTASIGHT -> dw#mg78
  CBDRIFML  Drider Priestess
    raceScript: PRIES18A -> 
    generalScript: USEITEM -> 
    defaultScript: WTASIGHT -> dw#pr39
  CBDRIFSL  Drider Priestess
    raceScript: PRIES18A -> 
    generalScript: USEITEM -> 
    defaultScript: WTASIGHT -> dw#pr40
  CBDRIMML  Drider
    generalScript: USEITEM -> 
    defaultScript: WTASIGHT -> dw2mc2mo
  CBDRIMSL  Drider
    generalScript: USEITEM -> 
    defaultScript: WTASIGHT -> dw2ms2mo
  CBDRW75A  Drow Priestess
    generalScript: PRIES12A -> 
    defaultScript: WTASIGHT -> dw#pr41
  CBDRW75B  Drow Priestess
    generalScript: PRIET12B -> 
    defaultScript: WTASIGHT -> dw#pr42
  CBDRW75C  Drow Warrior
    generalScript: USEITEM -> 
    defaultScript: WTASIGHT -> dw2ms2ge
  CBELHOE   Elhoe
    defaultScript: WTASIGHT -> dw2mm2ge
  CBEM25T1  Elven Mage
    defaultScript: WTASIGHT -> dw2mc2ge
  CBEM25T2  Elven Mage
    generalScript: MAGE10C -> 
    defaultScript: WTASIGHT -> dw#mg79
  CBEM25T3  Elven Mage
    generalScript: MAGE10C -> 
    defaultScript: WTASIGHT -> dw#mg80
  CBEMKOBL  Kobold Commando
    defaultScript: WDARSGT -> dw2rs2ge
  CBGONAST  Gonthril Astinar
    defaultScript: WTASIGHT -> dw2rs2ge
  CBGORGRD  Guardian Golem
    defaultScript: WTASIGHT -> 
  CBGORGRE  Iron Golem
    defaultScript: WTASIGHT -> 
  CBGRDYUN  Yuan-Ti of House Extaminos
    defaultScript: WTASIGHT -> dw2mm2mo
  CBGRNDRG  Green Dragon
    defaultScript: WDASIGHT -> dw2ms2mo
  CBGRVAMP  Vampire
    defaultScript: WDASIGHT -> dw2mc2ge
  CBHARPYA  Harpy
    raceScript: WTASIGHT -> 
    defaultScript:  -> dw2ms2mo
  CBHARPYB  Harpy
    raceScript: WTASIGHT -> 
    defaultScript:  -> dw2ms2mo
  CBHARPYC  Harpy
    raceScript: WTASIGHT -> 
    defaultScript:  -> dw2ms2mo
  CBHARPYD  Harpy
    raceScript: WTASIGHT -> 
    defaultScript:  -> dw2ms2mo
  CBHARPYW  Harpy
    raceScript: WTASIGHT -> 
    defaultScript:  -> dw2ms2mo
  CBHARPYX  Harpy
    raceScript: WTASIGHT -> 
    defaultScript:  -> dw2ms2mo
  CBHARPYY  Harpy
    raceScript: WTASIGHT -> 
    defaultScript:  -> dw2ms2mo
  CBHARPYZ  Harpy
    raceScript: WTASIGHT -> 
    defaultScript:  -> dw2ms2mo
  CBHLD0M3  Peasant
    overrideScript: WTASIGHT -> 
    generalScript:  -> CBHLD00E
    defaultScript: CBHLD00E -> dw2ms2ge
  CBHLD0M4  Peasant
    overrideScript: WTASIGHT -> 
    generalScript:  -> CBHLD00E
    defaultScript: CBHLD00E -> dw2ms2ge
  CBHLD0M5  Peasant
    overrideScript: WTASIGHT -> 
    generalScript:  -> CBHLD00E
    defaultScript: CBHLD00E -> dw2ms2ge
  CBJELLMU  Mustard Jelly
    defaultScript: WTASIGHT -> dw2rm2mo
  CBLNIGHT  Lady Nightshade
    generalScript: WTARSGT -> 
    defaultScript: None -> dw2rc2ge
  CBMALMGE  Eleanor Ybgir
    defaultScript: WTASIGHT -> dw2mm2ge
  CBMALR1   Khaddyr
    overrideScript: MAGE20A -> 
    raceScript: WTARSGT -> CBMALINS
    generalScript: CBMALINS -> CBMALR#S
    defaultScript: CBMALR#S -> dw#mg81
  CBMALR2   Bodyguard
    overrideScript: WTARSGT -> 
    defaultScript: WTARSGT -> dw2rs2th
  CBMALR3   Bodyguard
    overrideScript: WTARSGT -> 
    defaultScript: WTARSGT -> dw2ms2ge
  CBMALR4   Bodyguard
    overrideScript: WTARSGT -> 
    defaultScript: WTARSGT -> dw2ms2ge
  CBMALR5   Bodyguard
    overrideScript: WTARSGT -> 
    defaultScript: WTARSGT -> dw2rs2th
  CBMALR5A  Phantom Arm
    defaultScript: WTASIGHT -> dw2ms2ge
  CBMALR6   Druid Bodyguard
    classScript: DRUID12A -> 
    raceScript: WTARSGT -> 
    defaultScript: WTASIGHT -> dw#pr43
    weapon2:  -> DW#SHNBR
  CBMALR6A  Wraith
    defaultScript: WTASIGHT -> dw2ms2ge
  CBMALR6B  Specter
    defaultScript: WTASIGHT -> dw2ms2ge
  CBMALR7   Apprentice Bodyguard
    overrideScript: WTARSGT -> 
    raceScript: MAGE4A -> 
    generalScript: WTASIGHT -> CBMALR#S
    defaultScript: CBMALR#S -> dw#mg82
  CBMALR8   Apprentice Bodyguard
    overrideScript: WTARSGT -> 
    raceScript: MAGE4A -> 
    generalScript: WTASIGHT -> CBMALR#S
    defaultScript: CBMALR#S -> dw#mg83
  CBMANVER  Manveru
    defaultScript: WTASIGHT -> dw2ms2ge
  CBMASTVP  Master Vampire
    defaultScript: WDASIGHT -> dw2mc2ge
  CBMEKRTH  Mekrath
    classScript: MAGE16M -> 
    raceScript: USEITEM -> 
    defaultScript: WTARSGT -> dw#mg84
  CBMINTO   Minto
    raceScript: WTARSGT -> 
    defaultScript: None -> dw2rs2ge
  CBMYSTP1  Priest of Mystra
    defaultScript: WTASIGHT -> dw2mc2ge
  CBMYSTP2  Priestess of Mystra
    defaultScript: WTASIGHT -> dw2mc2ge
  CBMYSTP3  Priest of Mystra
    overrideScript: PRIES18B -> 
    defaultScript: WTASIGHT -> dw#pr44
  CBMYSTP4  Priest of Mystra
    overrideScript: MAGE20B -> 
    defaultScript: WTASIGHT -> dw#mg85
  CBNRT001  Northman
    overrideScript: GPMERC -> dw#gphlp
    classScript: None -> 
    defaultScript: WTASIGHT -> dw2ms2be
  CBNRT002  Northman
    overrideScript: GPMERC -> dw#gphlp
    classScript: None -> 
    defaultScript: WTASIGHT -> dw2ms2be
  CBNRT003  Northman
    overrideScript: GPMERC -> dw#gphlp
    classScript: None -> 
    defaultScript: WTASIGHT -> dw2ms2be
  CBNRT004  Northman
    overrideScript: GPMERC -> dw#gphlp
    classScript: None -> 
    defaultScript: WTASIGHT -> dw2ms2be
  CBNRT005  Northman
    overrideScript: GPMERC -> dw#gphlp
    classScript: None -> 
    defaultScript: WTASIGHT -> dw2ms2be
  CBNRT010  Northman
    defaultScript: WTASIGHT -> dw2ms2be
  CBNRT020  Northman Elder
    overrideScript: GPMERC -> dw#gphlp
    classScript: None -> 
    defaultScript: WTASIGHT -> dw2ms2be
  CBNRT025  Northman Elder
    overrideScript: GPMERC -> dw#gphlp
    classScript: None -> 
    defaultScript: WTASIGHT -> dw2ms2be
  CBNRTLU1  Luskanite War Captain
    defaultScript: WTASIGHT -> dw2ms2ge
  CBNRTLUS  Luskanite
    defaultScript: WTASIGHT -> dw2ms2ge
  CBPASTRW  Stormlord of Talos
    defaultScript: WTASIGHT -> dw2ms2ge
  CBPHEOAH  Phoenix Guard
    defaultScript: WDASIGHT -> dw2rs2ge
  CBPHEOIX  Phoenix Guard
    defaultScript: WDASIGHT -> dw2ms2ge
  CBPISSMN  Barlot
    generalScript: PALAD16 -> FIGHTER2
    defaultScript: FIGHTER2 -> dw2rs2ge
  CBREDDRG  Red Dragon
    defaultScript: WDASIGHT -> dw3ms2mo
  CBRNCHER  Ranch Hand
    defaultScript: WTASIGHT -> dw2rs2th
  CBSAERKW  Saerk Farrahd
    classScript: USEITEM -> 
    raceScript: PRIES18D -> 
    defaultScript: None -> dw#pr45
  CBSCCW01  Cowled Wizard
    overrideScript: MAGE8A -> 
    defaultScript: WTASIGHT -> dw#mg86
  CBSCCW02  Cowled Wizard
    overrideScript: MAGE8B -> 
    defaultScript: WTASIGHT -> dw#mg87
  CBSCCWEN  Cowled Wizard
    raceScript: MAGE18A -> 
    defaultScript:  -> dw#mg88
  CBSHDWKY  Parisa
    defaultScript: WDASIGHT -> dw2mc2ge
  CBSPKDED  Spirit
    defaultScript: WTASIGHT -> dw2mc2ge
  CBTAXCOL  Tax Collector
    generalScript: WTASIGHT -> 
    defaultScript: None -> dw2rc2ge
  CBTAXGRD  Amnian Legionary
    defaultScript: WTARSGT -> dw2mp2ge
  CBTREANT  Treant
    raceScript: WTASIGHT -> 
    defaultScript: None -> dw2mc2mo
  CBVAMGRY  Hareishan
    defaultScript: WDASIGHT -> dw2mc2ge
  CBXTTHEF  Wyrbrin Horton
    defaultScript: WTASIGHT -> dw2mm2th
  CBYBGIR1  Eleanor Ybgir
    defaultScript: WTASIGHT -> dw2mm2ge
  CBYT4446  Yuan-Ti of House Extaminos
    defaultScript: WTASIGHT -> dw2mm2mo
  CBYT4447  Yuan-Ti of House Extaminos
    defaultScript: WTASIGHT -> dw2ms2mo
  CBYUSEFR  Yusef
    classScript: gpuse -> 
    defaultScript: WTASIGHT -> dw2mm2ge
  CBYUSEFW  Yassir
    classScript: GPUSE -> 
    defaultScript: WTASIGHT -> dw2mm2ge
  CBZOMB02  Dread Warrior
    race: WRAITH -> SKELETON
  CBZOMBD2  Dread Warrior
    race: WRAITH -> SKELETON
  CCGUARD1  Copper Coronet Guard
    defaultScript: WTASIGHT -> dw2rs2ge
  CCGUARD2  Copper Coronet Guard
    overrideScript: figmag10 -> 
    defaultScript: wtasight -> dw#mg89
  CDTROLL1  Troll
    amulet: MONHP1 -> 
  CECHAL02  Master Verthan
    raceScript: druid12a -> 
    defaultScript: wtasight -> dw#pr46
    weapon2:  -> DW#SHNBR
  CECHALLE  Master Verthan
    raceScript: druid12a -> 
    defaultScript: wtasight -> dw#pr47
    weapon2:  -> DW#SHNBR
  CEDELICH  Deril Lich
    raceScript: zilmag01 -> 
    defaultScript: wtasight -> dw#mg90
  CEDERIL   Deril
    raceScript: mage14a -> 
    defaultScript: WTASIGHT -> dw#mg91
  CEDRUID1  Pauden
    weapon1:  -> STAF01
  CEDRUID2  Dalok
    raceScript: None -> OHSW1H24
    generalScript: OHSW1H24 -> 
    defaultScript: WTASIGHT -> dw#pr48
    weapon2:  -> DW#SHNBR
  CEFALD01  Faldorn
    generalScript: WTASIGHT -> 
    defaultScript:  -> dw#pr49
    weapon2:  -> DW#SHNBR
  CEFALD02  Faldorn
    defaultScript: WTASIGHT -> dw2mp2mo
  CEFALD04  Faldorn
    generalScript: WTASIGHT -> 
    defaultScript: None -> dw2mc2ge
  CEFALDOR  Faldorn
    generalScript: WTASIGHT -> drdsht01
    defaultScript: drdsht01 -> dw2mc2ge
  CEFGT01   Adherent
    defaultScript: WTASIGHT -> dw2mp2ge
  CEFGT02   Shadow Druid
    raceScript: druid12a -> 
    defaultScript: wtasight -> dw#pr50
    weapon2:  -> DW#SHNBR
  CEFGT03   Adherent
    defaultScript: WTASIGHT -> dw2mp2be
  CEFGT04   Shadow Druid
    raceScript: druid12b -> 
    defaultScript: wtasight -> dw#pr51
    weapon2:  -> DW#SHNBR
  CEGLUT    Glut
    defaultScript: WTASIGHT -> dw2mc2mo
  CELICH    Lagole Gon
    classScript: mage20c -> 
    defaultScript: WTASIGHT -> dw#mg92
  CELOGAN   High Merchant Logan Coprith
    raceScript: WTASIGHT -> 
    defaultScript: None -> dw2ms2ge
  CENTEO01  Centeol
    defaultScript: wtasight -> dw2mm2ge
  CESKEL01  Skeleton Warrior
    defaultScript: wtasight -> dw2ms2ge
  CGUARD1   Cultist Guard
    defaultScript: WTASIGHT -> dw2mc2ge
  CGUARD2   Cultist Guard
    defaultScript: WTASIGHT -> dw2mc2ge
  CH3GRD01  Shadow Thief
    defaultScript: WTASIGHT -> dw2ms2ge
  CH3MAG01  Shadow Thief
    overrideScript: mage12b -> 
    defaultScript: None -> dw#mg93
  CHAK      Chak
    raceScript: OGRE -> 
    defaultScript: WTASIGHT -> dw2ms2ge
  CHALCY02  Favored of Cyric
    defaultScript: chalcy02 -> dw3ms2as
  CHALPC01  <CHARNAME>
    level: 20 -> 25
    raceScript: None -> dw#gphlp
    generalScript: None -> dw#gphlp
    defaultScript: CHALPC01 -> chalpc01
  CHALPC02  <CHARNAME>
    level: 20 -> 25
    generalScript: None -> dw#gphlp
    defaultScript: CHALPC01 -> chalpc01
  CHALPC03  <CHARNAME>
    level: 20 -> 25
    generalScript: None -> dw#gphlp
    defaultScript: CHALPC01 -> chalpc01
  CHALPC04  <CHARNAME>
    level: 20 -> 25
    generalScript: None -> dw#gphlp
    defaultScript: CHALPC01 -> chalpc01
  CHALPC05  <CHARNAME>
    level: 20 -> 25
    generalScript: None -> dw#gphlp
    defaultScript: CHALPC01 -> chalpc01
  CHALPC06  <CHARNAME>
    level: 20 -> 25
    generalScript: None -> dw#gphlp
    defaultScript: CHALPC01 -> chalpc01
  CHALPC07  <CHARNAME>
    level: 20 -> 25
    generalScript: None -> dw#gphlp
    defaultScript: CHALPC01 -> chalpc01
  CHALPC08  <CHARNAME>
    level: 20 -> 25
    generalScript: None -> dw#gphlp
    defaultScript: CHALPC01 -> chalpc01
  CHALPC09  <CHARNAME>
    level: 20 -> 25
    raceScript: None -> paladPC
    generalScript: paladPC -> dw#gphlp
    defaultScript: CHALPC01 -> chalpc01
  CHALPC10  <CHARNAME>
    level: 20 -> 25
    raceScript: None -> paladPC
    generalScript: paladPC -> dw#gphlp
    defaultScript: CHALPC01 -> chalpc01
  CHALPC11  <CHARNAME>
    level: 20 -> 25
    raceScript: None -> paladPC
    generalScript: paladPC -> dw#gphlp
    defaultScript: CHALPC01 -> chalpc01
  CHALPC12  <CHARNAME>
    level: 20 -> 25
    raceScript: None -> paladPC
    generalScript: paladPC -> dw#gphlp
    defaultScript: CHALPC01 -> chalpc01
  CHALPC13  <CHARNAME>
    level: 20 -> 25
    raceScript: None -> paladPC
    generalScript: paladPC -> dw#gphlp
    defaultScript: CHALPC01 -> chalpc01
  CHALPC14  <CHARNAME>
    level: 20 -> 25
    raceScript: None -> paladPC
    generalScript: paladPC -> dw#gphlp
    defaultScript: CHALPC01 -> chalpc01
  CHALPC15  <CHARNAME>
    level: 20 -> 25
    raceScript: None -> paladPC
    generalScript: paladPC -> dw#gphlp
    defaultScript: CHALPC01 -> chalpc01
  CHALPC16  <CHARNAME>
    level: 20 -> 25
    raceScript: None -> paladPC
    generalScript: paladPC -> dw#gphlp
    defaultScript: CHALPC01 -> chalpc01
  CHALTROL  Giant Troll
    defaultScript: WTASIGHT -> dw2mp2ge
    amulet: MONHP1 -> 
  CHANG01   Angelo
    class: FIGHTER_THIEF -> FIGHTER
    generalScript: None -> dw#gphlp
    defaultScript: GPARCHER -> dw2rs2ar
  CHANG02   Angelo
    class: FIGHTER_THIEF -> FIGHTER
    generalScript: None -> dw#gphlp
    defaultScript: GPARCHER -> dw2rs2ar
  CHEVIL01  Kobold Commando
    defaultScript: WTARSGT -> dw2rs2ge
  CHEVIL02  Doppelganger
    general: HUMANOID -> MONSTER
    defaultScript: WTASIGHT -> dw2ms2ge
  CHEVIL03  Ogre Mage
    defaultScript: OGMAGI01 -> dw#mg94
  CHEVIL04  Sahuagin
    level: 6 -> 10
    defaultScript: WTASIGHT -> dw2mm2ge
    weapon2:  -> DW#SASPE
  CHEVIL05  Gnoll Captain
    defaultScript: WTASIGHT -> dw2mp2ge
  CHEVIL06  Drow Warrior
    defaultScript: CFIGH20B -> dw2ms2ge
  CHEVIL07  Drow Priestess
    defaultScript: PRIES12a -> dw#pr52
  CHEVIL08  Bodhi
    class: VAMPIRE -> FIGHTER_THIEF
    classScript: GRPSHT01 -> dw#chbod
    generalScript: useitem -> 
    defaultScript: WTASIGHT -> 
    lring: RING95 -> IMMUNE3
    rring: IMMUNE2 -> VAMPREG2
    weapon1: VAMP -> BODHI
    weapon2:  -> DW#BLDD
    weapon3:  -> DW#VMWOL
    weapon4:  -> DW#VMBAT
  CHEVIL09  Jon Irenicus
    level: 20 -> 30
    raceScript: useitem -> 
    defaultScript: aesgar -> dw#mg95
  CHEVIL10  Sarevok
    defaultScript: CFIGH20A -> dw2ms2ge
  CHGOOD01  Commoner
    defaultScript: WTASIGHT -> dw2ms2ge
  CHGOOD02  Commoner
    defaultScript: WTASIGHT -> dw2mc2ge
  CHGOOD03  Commoner
    defaultScript: WTASIGHT -> dw2mp2ge
  CHGOOD04  Elven Warrior
    defaultScript: CFIGH20A -> dw2rs2ge
  CHGOOD05  Elven Warrior
    defaultScript: WTARSGT -> dw2rs2ge
  CHGOOD06  Knight of the Order
    defaultScript: CFIGH20B -> dw2ms2pa
  CHGOOD07  Duke Eltan
    level: 20 -> 21
  CHGOOD08  Aran Linvail
    raceScript: useitem -> 
    defaultScript: CHGOOD08 -> dw#mg96
  CHGOOD09  Ellesime
    level: 20 -> 27
    generalScript: useitem -> 
    defaultScript: ccler20b -> dw#pr53
  CHICKDEF  Rabid Chicken
    defaultScript: WDASIGHT -> dw2ms2mo
  CHICKER   Rabid Chicken
    defaultScript: WDASIGHT -> dw2ms2mo
  CHSAM01   Semaj
    overrideScript: SPSEQ16A -> 
    defaultScript: GPMAGE1 -> dw#mg97
  CHSAM02   Semaj
    overrideScript: SPSEQ16A -> 
    defaultScript: GPMAGE1 -> dw#mg98
  CHTAZ01   Tazok
    level: 20 -> 23
    defaultScript: CFIGH20B -> dw3ms2be
  CHTAZ02   Tamoko
    level: 20 -> 23
  CHWRAITH  Child Spirit
    defaultScript: WTASIGHT -> dw2ms2ge
  CIRCG1    Amnian Soldier
    defaultScript: WTARSGT -> dw2rs2ge
  CIVAMNG1  Amnian Soldier
    defaultScript: WTARSGT -> dw2mp2ge
  CLCOTI01  Cotirso
    defaultScript: wtarsgt -> dw2mc2th
  CLDAD     Talon Nirkhas
    defaultScript: WTASIGHT -> dw2mc2ge
  CLELUN01  Eluno
    defaultScript: WTASIGHT -> dw2ms2ge
  CLGIJJ01  Gijjal of the House Malario
    defaultScript: wtarsgt -> dw2mc2ge
  CLGOL01   Clay Golem
    defaultScript: WDASIGHT -> 
  CLLATP01  Dawnmistress
    defaultScript: WTASIGHT -> dw2mc2ge
  CLMALG01  Malario Soldier
    defaultScript: WTASIGHT -> dw2rs2ge
  CLONE1    Escaped Clone
    defaultScript: CLONE1 -> dw#mg99
  CLRANI01  Rania
    defaultScript: WTASIGHT -> dw2mp2ge
  CLSTKN01  Storm Knight
    defaultScript: WTASIGHT -> dw2mc2ge
  CLTALP01  Weather Master
    defaultScript: WTASIGHT -> dw2mc2ge
  CLTCUT03  Elite Guard
    defaultScript: WTASIGHT -> dw2rs2ge
  CLTIVA01  Ti'Vael
    defaultScript: WTASIGHT -> dw2mc2ge
  COHNTA    Cohn Ta'glaen
    class: VAMPIRE -> FIGHTER_THIEF
    defaultScript: WDASIGHT -> 
    lring: VAMPREG -> IMMUNE2
    rring:  -> VAMPREG
    weapon2:  -> DW#BLDD1
    weapon3:  -> DW#VMWOL
    weapon4:  -> DW#VMBAT
  COHRVALE  Cohrvale
    defaultScript: WTASIGHT -> dw2ms2ge
  COPAMB01  Gladiator
    defaultScript: WTASIGHT -> dw2ms2ge
  COPAMB02  Copper Coronet Guard
    defaultScript: WTARSGT -> dw2rs2ge
  COPAMB05  Copper Coronet Guard
    defaultScript: WTARSGT -> dw2rs2ge
  COPLION   Tabitha
    defaultScript: wtasight -> dw2mp2mo
  COR       Cor Delryn
    defaultScript: wtasight -> dw2ms2ge
  CORGEIG   Corgeig Axehand
    generalScript: WTASIGHT -> DPLAYER
    defaultScript: DPLAYER -> dw2ms2ge
  CORNEIL   Corneil
    generalScript: WTARSGT -> DPLAYER
    defaultScript: DPLAYER -> dw2rc2ge
  COWENF02  Cowled Enforcer
    defaultScript: cowenf02 -> dw#mg100
  COWENF1   Cowled Enforcer
    classScript: cowenf01 -> 
    defaultScript: None -> dw#mg101
  COWENF2   Cowled Enforcer
    defaultScript: cowenf02 -> dw#mg102
  COWENF3   Cowled Enforcer
    classScript: cowenf03 -> 
    defaultScript: wtasight -> dw#mg103
  COWENF4   Cowled Enforcer
    classScript: cowenf04 -> 
    generalScript: wtasight -> 
    defaultScript: None -> dw#mg104
  COWLD     Cowled Wizard
    defaultScript: wdasight -> dw2mc2ge
  COWLED    Cowled Wizard
    generalScript: WTASIGHT -> 
    defaultScript: None -> dw2rc2ge
  COWLED01  Cowled Wizard
    defaultScript: wdasight -> dw2mc2ge
  CROLUS    Crolus
    defaultScript: WTASIGHT -> dw2mp2pa
  CROTHF01  Tiiro
    defaultScript: WTASIGHT -> dw2ms2th
  CROTHF02  Aulava
    defaultScript: WTASIGHT -> dw2rs2th
    weapon2:  -> SW1H07
  CSCLERIC  Dawnmaster Kreel
    defaultScript: WTASIGHT -> dw2mc2ge
  CTRAITOR  Tad
    defaultScript: WTASIGHT -> dw2ms2ge
  CULTBH1   Gauth
    defaultScript: WTASIGHT -> 
  CULTBH2   Gauth
    defaultScript: WTASIGHT -> 
  CULTBH3   Beholder
    generalScript: GAUTH01 -> behold01
    defaultScript: WTASIGHT -> 
  CULTBH4   Spectator
    defaultScript: WTASIGHT -> 
  CULTIST1  Cultist
    defaultScript: WTASIGHT -> dw2mc2ge
  CULTIST2  Cultist
    defaultScript: WTASIGHT -> dw2mc2ge
  CUTAMFIG  Fighter
    defaultScript: CFIGH30B -> dw3ms2be
  CUTAMMAG  Mage
    defaultScript: CMAGE20A -> dw#mg105
  CYRANDO   Cyrando
    defaultScript: WTASIGHT -> dw2mc2ge
  D0ARNLIE  Sarem
    raceScript: MAGE14A -> 
    defaultScript: None -> dw#mg106
  D0BATHO   Battle Horror
    defaultScript: WTASIGHT -> dw2ms2mo
  D0BOHUN1  Bounty Hunter
    classScript: GPARCHER -> dw#gphlp
    raceScript: GENSHT01 -> 
    generalScript: None -> GENSHT01
    defaultScript: WTASIGHT -> dw2rs2ge
  D0BOHUN2  Bounty Hunter
    classScript: THIEF14T -> 
    generalScript: USEITEM -> 
    defaultScript: WTASIGHT -> dw2rs2th
  D0DEBT1   Debt Collector
    raceScript: MAGE16A -> 
    defaultScript: WTASIGHT -> dw#mg107
  D0DEBT2   Debt Collector
    defaultScript: WTASIGHT -> dw2ms2ge
  D0DEBT3   Debt Collector
    defaultScript: CFIGH20B -> dw3ms2be
  D0GUARD   Amnian Soldier
    defaultScript: WTARSGT -> dw2mp2ge
  D0GUARD2  Amnian Centurion
    defaultScript: WTARSGT -> dw2mp2ge
  D0GUARD3  Amnian Soldier
    defaultScript: WTARSGT -> dw2mp2ge
  D0GUARD4  Sanctioned Wizard
    generalScript: WTASIGHT -> 
    defaultScript: None -> dw2mc2ge
  D0INDIGO  Indigo
    defaultScript: WTASIGHT -> dw2mp2ge
  D0JAHRE2  Harper
    classScript: USEITEM -> 
    raceScript: PRIES8B -> 
    defaultScript: WTASIGHT -> dw#pr54
  D0JAHREV  Jaheira
    classScript: USEITEM -> 
    defaultScript: WTARSGT -> dw2mp2ge
  D0JAISL2  Fekir
    defaultScript: WTASIGHT -> dw2ms2ge
  D0JAISLA  Fekir
    defaultScript: WTASIGHT -> dw2mm2ge
  D0KAYPAL  Reynald de Chatillon
    raceScript: USEITEM -> 
    defaultScript: WTASIGHT -> dw2ms2ge
  D0LORICK  Lorick
    level: 15 -> 14
    classScript: GPUSE -> 
    raceScript: MAGE14A -> 
    generalScript: WTASIGHT -> RANDWALK
    defaultScript: RANDWALK -> dw#mg108
  D0MONTY2  Zombie
    defaultScript: wtasight -> dw2mc2mo
  D0NIGHT2  Night Masks Assassin
    defaultScript: WTASIGHT -> dw2rs2th
  D0NIGHTK  Larell
    defaultScript: WTASIGHT -> dw2rs2th
  D0OGREMA  Ogre Mage
    defaultScript: WTASIGHT -> dw2ms2ge
  D0QPBACK  Cowled Escort
    classScript: MAGE18A -> 
    defaultScript:  -> dw#mg109
  D0QPHAR1  Harper
    defaultScript: WTASIGHT -> dw2ms2ge
  D0QPSLAV  Tredor
    generalScript: WTASIGHT -> 
    defaultScript: None -> dw2ms2ge
  D0QPSY01  Sythillisian Soldier
    defaultScript: WTARSGT -> dw2ms2ge
  D0QPSY02  Sythillisian Soldier
    defaultScript: WTASIGHT -> dw2rs2ge
    weapon2:  -> SW1H07
  D0QPSY03  Sythillisian Soldier
    defaultScript: WTARSGT -> dw2rs2ge
  D0QPSY04  Sythillisian Soldier
    defaultScript: WTASIGHT -> dw2rs2th
    weapon2:  -> SW1H07
  D0QPSY05  Sythillisian Soldier
    raceScript: OGRE -> 
    defaultScript: WTASIGHT -> dw2mc2ge
  D0QPSY06  Sythillisian Soldier
    defaultScript: WTASIGHT -> dw2rs2th
  D0QPSY07  Sythillisian Soldier
    defaultScript: wtasight -> dw2mc2ge
  D0QPSY08  Sythillisian Soldier
    defaultScript: WTASIGHT -> dw2mp2ge
  D0QPSY09  Sythillisian Soldier
    raceScript: OGRE -> 
    defaultScript: WTASIGHT -> dw2ms2ge
  D0QPSY10  Sythillisian Soldier
    defaultScript: WTASIGHT -> dw2mc2ge
  D0QPWIMA  Abraxxi
    level: 14 -> 20
    gender: NIETHER -> FEMALE
    shield:  -> marili
    amulet:  -> ipsion
    weapon1: MARILI -> marili
  D0QPWIW2  Wilbur
    generalScript: USEITEM -> 
    defaultScript: WTARSGT -> dw2rs2th
  D0RENAL   Renal Bloodscalp
    classScript: USEITEM -> 
    defaultScript: WTASIGHT -> dw2mm2th
  D0RENREV  Shadow Thief
    defaultScript: WTARSGT -> dw2rs2ge
  D0THUG    Thug
    defaultScript: WTASIGHT -> dw2mm2ge
  D0THUG2   Thug
    defaultScript: WTASIGHT -> dw2mc2ge
  D0THUG3   Thug
    defaultScript: WTASIGHT -> dw2mm2ge
  D0THUG4   Pirate Bodyguard
    defaultScript: WTASIGHT -> dw2ms2ge
  D0VAMSIM  Sime
    defaultScript: WDASIGHT -> dw2mc2ge
  D0WIZCON  Wizard Construct
    defaultScript: WTASIGHT -> dw2mc2mo
  D0XZAR    Xzar
    classScript: Lyros -> 
    defaultScript: WTASIGHT -> dw#mg110
  D9AASS    Aasim
    generalScript: PRIEST12 -> 
    defaultScript: WTASIGHT -> dw#pr55
  D9ANGELO  Angelo
    raceScript: FIGMAG16 -> 
    defaultScript: WTASIGHT -> dw#mg111
  D9BOURT   Bourrinos
    generalScript: USEITEM -> 
    defaultScript: WTASIGHT -> dw2mp2ba
  D9CYTHI   Cythandria
    generalScript: MAGE18Z -> 
    defaultScript: WTASIGHT -> dw#mg112
  D9DAVA    Davaeorn
    generalScript: MAGE18D -> 
    defaultScript: WTASIGHT -> dw#mg113
  D9DC5     Dwarf Priest novice
    generalScript: PRIES6A -> 
    defaultScript: WTARSGT -> dw#pr56
  D9DC7     Experienced Dwarf Priest
    generalScript: PRIES8A -> 
    defaultScript: WTARSGT -> dw#pr57
  D9DDD     Dwarf Priest novice
    generalScript: PRIES6A -> 
    defaultScript: WTARSGT -> dw#pr58
  D9DF3M    Dwarf Berseker novice
    defaultScript: WTASIGHT -> dw2ms2be
  D9DF3M1   Dwarf Berseker novice
    defaultScript: WTASIGHT -> dw2ms2be
  D9DF3M2   Dwarf Berseker novice
    defaultScript: WTASIGHT -> dw2ms2be
  D9DF3R    Dwarf Warrior novice
    defaultScript: WTARSGT -> dw2rp2ge
  D9DF5M    Experienced Dwarf Berseker
    defaultScript: WTASIGHT -> dw2mp2be
  D9DF7M    Elite Dwarf Warrior
    defaultScript: WTASIGHT -> dw2ms2ge
  D9DFAA    Dwarf Berseker novice
    defaultScript: WTASIGHT -> dw2ms2be
  D9DFBB    Dwarf Warrior novice
    defaultScript: WTARSGT -> dw2rp2ge
  D9DFCC    Experienced Dwarf Berseker
    defaultScript: WTASIGHT -> dw2mp2be
  D9DFHH    Elite Dwarf Warrior
    defaultScript: WTASIGHT -> dw2ms2ge
  D9DGG     Experienced Dwarf Priest
    generalScript: PRIES8A -> 
    defaultScript: WTARSGT -> dw#pr59
  D9DIARMI  Diarmid
    defaultScript: WTARSGT -> dw2rp2ge
  D9EMAGAA  Mage
    generalScript: None -> DUEMAG01
    defaultScript: DUEMAG01 -> dw#mg114
  D9GARDU   Gardush
    defaultScript: WTASIGHT -> dw2ms2be
  D9GROUMT  Groumf
    generalScript: USEITEM -> 
    defaultScript: WTARSGT -> dw2rs2be
  D9KRYST   Krystin
    generalScript: MAGE18Z -> 
    defaultScript: WTASIGHT -> dw#mg115
  D9MULA    Mulahey
    generalScript: PRIES18A -> 
    defaultScript: WTASIGHT -> dw#pr60
  D9OGMAGE  Ogre Mage
    defaultScript: WTASIGHT -> dw2ms2ge
  D9OGRGA   Ogre Berserker
    defaultScript: WTASIGHT -> dw2mc2be
  D9OGRGA2  Ogre Barbarian
    defaultScript: WTASIGHT -> dw2mc2ba
  D9ORC01   Orc
    defaultScript: WTARSGT -> dw2rs2ba
  D9ORC05   Orog
    defaultScript: WTASIGHT -> dw2ms2ba
  D9ORC05B  Orog
    defaultScript: WTASIGHT -> dw2ms2ba
  D9ORGAHJ  Orc
    defaultScript: WTARSGT -> dw2rs2ba
  D9ORGAME  Orc
    defaultScript: WTASIGHT -> dw2mp2ba
  D9SALF00  Salamander
    defaultScript: WTARSGT -> dw2rp2mo
  D9SC12    Experienced Skeleton Cleric
    generalScript: PRIES12A -> 
    defaultScript: WTASIGHT -> dw#pr61
  D9SC12A   Experienced Skeleton Cleric
    generalScript: PRIES12A -> 
    defaultScript: WTASIGHT -> dw#pr62
  D9SC12B   Experienced Skeleton Cleric
    generalScript: PRIES12A -> 
    defaultScript: WTASIGHT -> dw#pr63
  D9SC13    Experienced Skeleton Cleric
    generalScript: PRIES12C -> 
    defaultScript: WTASIGHT -> dw#pr64
  D9SC13A   Experienced Skeleton Cleric
    generalScript: PRIES12C -> 
    defaultScript: WTASIGHT -> dw#pr65
  D9SC13B   Experienced Skeleton Cleric
    generalScript: PRIES12C -> 
    defaultScript: WTASIGHT -> dw#pr66
  D9SC14    Experienced Skeleton Cleric
    generalScript: PRIES14A -> 
    defaultScript: WTASIGHT -> dw#pr67
  D9SC14A   Experienced Skeleton Cleric
    generalScript: PRIES14A -> 
    defaultScript: WTASIGHT -> dw#pr68
  D9SC14B   Experienced Skeleton Cleric
    generalScript: PRIES14A -> 
    defaultScript: WTASIGHT -> dw#pr69
  D9SC16    Elite Skeleton Cleric
    generalScript: PRIES18A -> 
    defaultScript: WTASIGHT -> dw#pr70
  D9SC16B   Elite Skeleton Cleric
    generalScript: PRIES18A -> 
    defaultScript: WTASIGHT -> dw#pr71
  D9SC17    Elite Skeleton Cleric
    generalScript: PRIES18B -> 
    defaultScript: WTASIGHT -> dw#pr72
  D9SC17B   Elite Skeleton Cleric
    generalScript: PRIES18B -> 
    defaultScript: WTASIGHT -> dw#pr73
  D9SC18    Elite Skeleton Cleric
    generalScript: PRIES18C -> 
    defaultScript: WTASIGHT -> dw#pr74
  D9SC18B   Elite Skeleton Cleric
    generalScript: PRIES18C -> 
    defaultScript: WTASIGHT -> dw#pr75
  D9SC7     Skeleton Cleric novice
    generalScript: PRIES8A -> 
    defaultScript: WTARSGT -> dw#pr76
  D9SC7A    Skeleton Cleric novice
    generalScript: PRIES8A -> 
    defaultScript: WTARSGT -> dw#pr77
  D9SC7B    Skeleton Cleric novice
    generalScript: PRIES8A -> 
    defaultScript: WTARSGT -> dw#pr78
  D9SC8     Skeleton Cleric novice
    generalScript: PRIES8B -> 
    defaultScript: WTARSGT -> dw#pr79
  D9SC8A    Skeleton Cleric novice
    generalScript: PRIES8B -> 
    defaultScript: WTARSGT -> dw#pr80
  D9SC8B    Skeleton Cleric novice
    generalScript: PRIES8B -> 
    defaultScript: WTARSGT -> dw#pr81
  D9SC9     Skeleton Cleric novice
    generalScript: PRIES8C -> 
    defaultScript: WTARSGT -> dw#pr82
  D9SC9A    Skeleton Cleric novice
    generalScript: PRIES8C -> 
    defaultScript: WTARSGT -> dw#pr83
  D9SC9B    Skeleton Cleric novice
    generalScript: PRIES8C -> 
    defaultScript: WTARSGT -> dw#pr84
  D9SEMAJ   Semaj
    generalScript: MAGE18C -> 
    defaultScript: WTASIGHT -> dw#mg116
  D9SKL01   Skeleton Cleric
    defaultScript: ccler20b -> dw#pr85
  D9SKL02   Skeleton Assassin
    defaultScript: cassa20b -> dw2mm2as
  D9SKL03   Skeleton Mage
    defaultScript: CMAGE20B -> dw#mg117
  D9SKL04   Skeleton Warrior
    defaultScript: wtasight -> dw2ms2ge
  D9SKL06   Skeleton Cleric
    defaultScript: ccler20b -> dw#pr86
  D9SKL07   Skeleton Mage
    defaultScript: CMAGE20B -> dw#mg118
  D9SKL08   Skeleton Assassin
    defaultScript: cassa20b -> dw2mm2as
  D9SKL09   Skeleton Warrior
    defaultScript: wtasight -> dw2ms2ge
  D9SLYTHE  Slythe
    defaultScript: WTASIGHT -> dw2ms2th
  D9SM12    Experienced Skeleton Mage
    defaultScript: MAGE12E -> dw#mg119
  D9SM12A   Experienced Skeleton Mage
    defaultScript: MAGE12E -> dw#mg120
  D9SM12B   Experienced Skeleton Mage
    defaultScript: MAGE12E -> dw#mg121
  D9SM13    Experienced Skeleton Mage
    defaultScript: MAGE12A -> dw#mg122
  D9SM13A   Experienced Skeleton Mage
    defaultScript: MAGE12A -> dw#mg123
  D9SM13B   Experienced Skeleton Mage
    defaultScript: MAGE12A -> dw#mg124
  D9SM14    Experienced Skeleton Mage
    defaultScript: MAGE12D -> dw#mg125
  D9SM14A   Experienced Skeleton Mage
    defaultScript: MAGE12D -> dw#mg126
  D9SM14B   Experienced Skeleton Mage
    defaultScript: MAGE12D -> dw#mg127
  D9SM16    Elite Skeleton Mage
    defaultScript: MAGE16A -> dw#mg128
  D9SM16B   Elite Skeleton Mage
    defaultScript: MAGE16A -> dw#mg129
  D9SM17    Elite Skeleton Mage
    defaultScript: MAGE18B -> dw#mg130
  D9SM17B   Elite Skeleton Mage
    defaultScript: MAGE18B -> dw#mg131
  D9SM18    Elite Skeleton Mage
    defaultScript: MAGE18C -> dw#mg132
  D9SM18B   Elite Skeleton Mage
    defaultScript: MAGE18C -> dw#mg133
  D9SM7     Skeleton Mage novice
    defaultScript: MAGE8E -> dw#mg134
  D9SM7A    Skeleton Mage novice
    defaultScript: MAGE8E -> dw#mg135
  D9SM7B    Skeleton Mage novice
    defaultScript: MAGE8E -> dw#mg136
  D9SM8     Skeleton Mage novice
    defaultScript: MAGE8D -> dw#mg137
  D9SM8A    Skeleton Mage novice
    defaultScript: MAGE8D -> dw#mg138
  D9SM8B    Skeleton Mage novice
    defaultScript: MAGE8D -> dw#mg139
  D9SM9     Skeleton Mage novice
    defaultScript: MAGE8C -> dw#mg140
  D9SM9A    Skeleton Mage novice
    defaultScript: MAGE8C -> dw#mg141
  D9SM9B    Skeleton Mage novice
    defaultScript: MAGE8C -> dw#mg142
  D9TAMOKO  Tamoko
    generalScript: PRIES18A -> 
    defaultScript: WTASIGHT -> dw#pr87
  D9TAZOK   Tazok
    classScript: gpuse -> 
    defaultScript: WTASIGHT -> dw2ms2ge
  D9TAZOKX  Tazok
    defaultScript: WTASIGHT -> dw2ms2be
  D9XXARD3  Elite Guard
    defaultScript: WTARSGT -> dw2rs2ge
  D9YUAN02  Greater Yuan-ti
    defaultScript: WTARSGT -> dw2rs2mo
  D9ZALI    Zhalimar Cloudwulfe
    defaultScript: WTASIGHT -> dw2ms2be
  D9ZZARD4  Elite Guard
    defaultScript: WTARSGT -> dw2ms2ge
  DADOG     Dog
    defaultScript: WTASIGHT -> dw2mp2mo
  DADROW1   Drow Servant
    classScript: figmag10 -> 
    defaultScript: None -> dw#mg143
  DADROW10  Drow Torturer
    level: 10 -> 9
    classScript: pries10b -> 
    defaultScript: wtasight -> dw#pr88
  DADROW11  Drow Torturer
    generalScript: pries12a -> 
    defaultScript: wtasight -> dw#pr89
  DADROW12  Overseer Handmaiden
    classScript: pries14t -> 
    defaultScript: wtasight -> dw#pr90
  DADROW13  Drow
    raceScript: mage12b -> 
    defaultScript: None -> dw#mg144
  DADROW14  Drow
    defaultScript: WTASIGHT -> dw2ms2ge
  DADROW15  Drow
    raceScript: mage8a -> 
    defaultScript: None -> dw#mg145
  DADROW16  Drow
    classScript: Mage14M -> 
    generalScript: WTARSGT -> 
    defaultScript:  -> dw#mg146
  DADROW17  Taso Kala
    generalScript: pries12a -> 
    defaultScript: wtasight -> dw#pr91
  DADROW18  Spelljammer Drow
    overrideScript: figmag10 -> 
    defaultScript: wtasight -> dw#mg147
  DADROW19  Drow
    defaultScript: WTASIGHT -> dw2mp2ge
  DADROW2   Drow Servant
    classScript: Mage14c -> 
    defaultScript: wtasight -> dw#mg148
  DADROW20  Drow Priestess
    generalScript: pries12a -> 
    defaultScript: wtasight -> dw#pr92
  DADROW21  Drow
    defaultScript: WTASIGHT -> dw2mm2ge
  DADROW22  Drow
    defaultScript: WTASIGHT -> dw2mm2ge
  DADROW23  Drow
    classScript: priet12b -> 
    defaultScript: wtasight -> dw#pr93
  DADROW24  Drow
    defaultScript: WTASIGHT -> dw2ms2ge
  DADROW25  Drow
    defaultScript: WTASIGHT -> dw2ms2ge
  DADROW26  Drow
    defaultScript: WTASIGHT -> dw2ms2ge
  DADROW3   Drow Slave Trader
    defaultScript: WTASIGHT -> dw2mp2ge
  DADROW4   Drow Priestess
    generalScript: pries12a -> 
    defaultScript: wtasight -> dw#pr94
  DADROW5   Drow
    defaultScript: WTASIGHT -> dw2ms2ge
  DADROW6   Drow Leader
    raceScript: figmag10 -> 
    defaultScript: wtasight -> dw#mg149
  DADROW7   Drow
    defaultScript: WTASIGHT -> dw2mm2ge
  DADROW8   Drow Torturer
    classScript: mage8a -> 
    defaultScript: None -> dw#mg150
  DADROW9   Drow Torturer
    classScript: mage8a -> 
    defaultScript: None -> dw#mg151
  DADUER1   Duergar
    defaultScript: WTASIGHT -> dw2mm2ge
  DADUER2   Duergar
    defaultScript: WTASIGHT -> dw2mm2ge
  DADUER3   Duergar
    defaultScript: WTASIGHT -> dw2mm2ge
  DADUER4   Duergar
    defaultScript: WTASIGHT -> dw2mm2ge
  DADWARF   Dwarf
    defaultScript: WTASIGHT -> dw2mm2ge
  DAELF     Elven Mage
    classScript: mage8a -> 
  DAELF2    Elven Mage
    classScript: mage8a -> 
  DAGHAUN1  Ghaunadaur Priest Leader
    overrideScript: daghaun1 -> grpsht01
    classScript: None -> daghaun1
    raceScript: pries14t -> 
    defaultScript: wtasight -> dw#pr95
  DAGHAUN2  Ghaunadaur Priest
    level: 10 -> 9
    overrideScript: priet12b -> grpsht01
    classScript: None -> 
    defaultScript: wtasight -> dw#pr96
  DAGITH1   Githyanki Captain
    defaultScript: wtasight -> dw2ms2ge
  DAGITH2   Githyanki
    defaultScript: wtasight -> gith01
  DAGMAG01  Relonar
    level: 8 -> 16
    overrideScript: mage8e -> grpsht01
    classScript: None -> 
    defaultScript: wtasight -> dw#mg574
  DAGNOLL   Gnoll
    raceScript: WTASIGHT -> 
    defaultScript: None -> dw2mp2ge
  DAKOBOLD  Kobold
    defaultScript: WTASIGHT -> dw2ms2ge
  DAMIND1   Mind Flayer
    level: 8 -> 12
    defaultScript: WTASIGHT -> 
  DAMIND2   Mind Flayer
    level: 8 -> 12
    defaultScript: WTASIGHT -> 
  DANNO     Danno Fairfoot
    generalScript: WTASIGHT -> 
    defaultScript: None -> dw2ms2ge
  DAQILUE   Qilue
    level: 10 -> 20
    defaultScript: wtasight -> dw#pr270
  DARIO     Dario Thet
    generalScript: WTARSGT -> DPLAYER
    defaultScript: DPLAYER -> dw2rc2ge
  DASLAVE1  Slave Leader
    defaultScript: WTASIGHT -> dw2mm2ge
  DASLAVE2  Slave
    defaultScript: WTASIGHT -> dw2mm2ge
  DASLAVE3  Slave Boy
    defaultScript: WTASIGHT -> dw2mm2ge
  DASLAVE4  Slave Girl
    defaultScript: WTASIGHT -> dw2mm2ge
  DASLAVE5  Slave
    defaultScript: WTASIGHT -> dw2mm2ge
  DASLAVE6  Slave
    defaultScript: WTASIGHT -> dw2mm2ge
  DASLAVE7  Slave
    defaultScript: WTASIGHT -> dw2mm2ge
  DASPITRO  Spirit Troll
    defaultScript: WTASIGHT -> dw2mp2mo
  DASSIN    Shadow Thief
    classScript: useitem -> 
    defaultScript: WTASIGHT -> dw2ms2th
  DATROLL   Troll
    defaultScript: WTASIGHT -> dw2mp2mo
  DAUMBER   Umber Hulk
    defaultScript: WTASIGHT -> dw2mc2mo
  DAVAEO    Davaeorn
    defaultScript: wtasight -> dw2mc2ge
  DAWNMAS   Dawnmaster Kreel
    overrideScript: SHT0902 -> sht0902
    classScript: None -> dw#kreel
    defaultScript: WDASIGHT -> dw2mc2ge
  DBONEF01  Bone Fiend
    overrideScript: None -> dw#bonef
    defaultScript: WTASIGHT -> dw2mc2ge
    weapon2:  -> bonefd
  DCLERIC   Mad Cleric
    defaultScript: WTASIGHT -> dw2mc2ge
  DCOWL1    Rayic Gethras
    classScript: Mage14c -> 
    defaultScript: WTASIGHT -> dw#mg153
  DDGUARD1  Guardian
    level: 5 -> 12
    defaultScript: WTASIGHT -> 
  DDGUARD2  Guardian
    level: 5 -> 12
    defaultScript: WTASIGHT -> 
  DDGUARD3  Guardian
    level: 5 -> 12
    defaultScript: WTASIGHT -> 
  DDGUARD4  Guardian
    level: 5 -> 12
    defaultScript: WTASIGHT -> 
  DDGUARD5  Guardian
    level: 5 -> 12
    defaultScript: WTASIGHT -> 
  DDGUARD6  Guardian
    level: 5 -> 12
    defaultScript: WTASIGHT -> 
  DEADDEM1  Cornugon
    level: 13 -> 17
  DEADDEM2  Quasit
    level: 7 -> 8
  DEATHKNI  Demon Knight
    defaultScript: wtasight -> dw2ms2ge
    lring:  -> ringdemn
  DECK615   Demon Knight
    defaultScript: wtasight -> dw2ms2ge
    lring:  -> ringdemn
  DECK622   Death Shade
    defaultScript: wtasight -> dw2ms2ge
  DECKASS1  Thief
    shield: DAGG15 -> 
  DECKFELE  Fire Elemental
    defaultScript: WTASIGHT -> dw2mc2ge
  DEGARD    Degardan
    classScript: degard2 -> 
    raceScript: useitem -> 
    defaultScript: None -> dw#mg154
  DELRYNG1  Delryn Door Guard
    defaultScript: WTARSGT -> dw2rs2ge
  DEMABI01  Abishai
    defaultScript: wtasight -> dw2ms2ge
  DEMBAL01  Balor
    level: 13 -> 24
    defaultScript: wtasight -> dw2mc2ge
    shield:  -> dw#balwp
    weapon1: B1-12M4 -> balor
  DEMBAL02  Balor
    level: 13 -> 24
    defaultScript: wtasight -> dw2mc2ge
    shield:  -> dw#balwp
    weapon1: B1-12M4 -> balor
  DEMCOR01  Cornugon
    level: 13 -> 17
    defaultScript: WTASIGHT -> dw2ms2ge
  DEMFIG01  Falahar
    classScript: demfig -> 
    defaultScript: WTASIGHT -> dw2mp2ge
  DEMFIG02  Valeria
    classScript: demfig -> 
    raceScript: gparcher -> dw#gphlp
    generalScript: None -> 
    defaultScript: WTASIGHT -> dw2rs2ge
  DEMGLA01  Glabrezu
    level: 10 -> 17
    overrideScript: tanari -> demglab
    defaultScript: wtasight -> dw2mc2ge
  DEMGLAB   Glabrezu
    level: 10 -> 17
    defaultScript: wtasight -> dw2mc2ge
  DEMGLAB2  Glabrezu
    level: 10 -> 17
    defaultScript: wtasight -> dw2mc2ge
  DEMGLASU  Glabrezu
    level: 15 -> 17
    overrideScript: DVGLABRE -> demglasu
  DEMILICH  Demilich
    level: 27 -> 35
    classScript: DLICH01 -> 
    defaultScript: WTASIGHT -> dw#mg563
  DEMLORD   Lesser Demon Lord
    defaultScript: wtasight -> dw2mc2ge
  DEMMAG    Dracandros
    level: 12 -> 14
    raceScript: demmag -> 
    defaultScript: wtasight -> dw#mg155
  DEMMAU01  Maurezhi
    level: 15 -> 10
    defaultScript: wtasight -> dw2ms2ge
  DEMNAB01  Nabassu
    anim: TANARRI -> FIEND_GREEN
    level: 10 -> 12
    defaultScript: wtasight -> dw2mc2ge
  DEMNAB02  Nabassu
    anim: TANARRI -> FIEND_GREEN
    level: 10 -> 12
    defaultScript: wtasight -> dw2mc2ge
  DEMNABSU  Nabassu
    anim: TANARRI -> FIEND_GREEN
    level: 10 -> 12
    defaultScript: wtasight -> dw2mc2ge
  DEMOARCH  Fighter
    classScript: CARCH20B -> 
    defaultScript: None -> dw3rs2ge
  DEMOCLER  Cleric
    classScript: CCLER20B -> 
    defaultScript: None -> dw#pr98
  DEMOGOR2  Demogorgon
    level: 25 -> 30
  DEMOSUM1  Marilith
    level: 14 -> 20
    gender: NIETHER -> FEMALE
    shield:  -> marili
    amulet:  -> ipsion
    weapon1: MARILI -> marili
  DEMOSUM2  Balor
    level: 14 -> 24
    shield:  -> dw#balwp
    weapon1: BALOR -> balor
  DEMOSUM3  Glabrezu
    level: 10 -> 17
  DEMOSUM4  Cambion
    defaultScript: aesgar -> dw#mg156
  DEMPIT    Pit Fiend
    level: 13 -> 24
    defaultScript: wtasight -> dw2mp2ge
  DEMPIT01  Pit Fiend
    level: 13 -> 24
    defaultScript: wtasight -> dw2mp2ge
  DEMPITSU  Pit Fiend
    anim: TANARRI -> RAVER
    level: 20 -> 24
    overrideScript: DVPITSU -> dempitsu
  DEMPRI    Pitre
    defaultScript: wtasight -> dw#pr99
  DEMSON    Sir William Reirrac
    raceScript: PALAD10 -> 
    defaultScript: None -> dw2mp2pa
  DEMSUC01  Succubus
    level: 6 -> 12
  DERINY01  Erinyes
    level: 9 -> 12
  DESHAR    Ferric Ironblade
    classScript: useitem -> 
    raceScript: thief14t -> 
    defaultScript: None -> dw2rs2th
  DEVAST01  Astral Deva
    defaultScript: wtasight -> dw2mc2mo
  DEVMON01  Monadic Deva
    defaultScript: wtasight -> dw2mc2mo
  DGDRU01   Druid
    classScript: druid12a -> 
    defaultScript: wtasight -> dw#pr100
    weapon2:  -> DW#SHNBR
  DGFIG01   Fighter
    defaultScript: wtasight -> dw2rp2ge
  DGLAB01   Glabrezu
    level: 10 -> 17
  DGMAG01   Mage
    classScript: mage8a -> 
    defaultScript: wtasight -> dw#mg157
  DGTROL01  Troll
    defaultScript: WTASIGHT -> dw2mp2ge
    amulet: MONHP1 -> 
  DISRUP01  Wizard Slayer
    defaultScript: WTASIGHT -> dw2rs2ge
  DJINNISU  Djinni
    level: 5 -> 11
    gender: SUMMONED -> MALE
    lring:  -> DW#DJINN
  DMARK1    Fovem
    defaultScript: WTASIGHT -> dw2ms2th
  DMASK1    Commoner
    defaultScript: WTASIGHT -> dw2mm2ge
  DOCSOL01  Amnian Soldier
    defaultScript: WDASIGHT -> dw2mp2ge
  DOCSOL02  Barracks Guard
    defaultScript: WTASIGHT -> dw2mp2ge
  DOCSOL03  Guard Captain
    defaultScript: WTASIGHT -> dw2mc2ge
  DOGHMA    Priest of Oghma
    defaultScript: WTASIGHT -> dw2mm2ge
  DOGWAR01  War Dog
    defaultScript: WTASIGHT -> dw2mp2mo
  DOGWIL01  Wild Dog
    defaultScript: WTASIGHT -> dw2mp2mo
  DOPCLE01  Kiel the Legion Killer
    general: HUMANOID -> MONSTER
    classScript: WTASIGHT -> 
    defaultScript: None -> dw2ms2ge
  DOPGRE01  Greater Doppelganger
    general: HUMANOID -> MONSTER
    defaultScript: wtasight -> dw2ms2ge
  DOPMAG01  Islanne.
    general: HUMANOID -> MONSTER
    classScript: WTASIGHT -> 
    defaultScript: None -> dw2mc2ge
  DOPMGR01  Islanne.
    general: HUMANOID -> MONSTER
    classScript: WTASIGHT -> 
    defaultScript: None -> dw2mc2ge
  DOPPLE01  Doppelganger
    general: HUMANOID -> MONSTER
    defaultScript: WTASIGHT -> dw2ms2ge
  DOPTHI01  Fuernebol
    general: HUMANOID -> MONSTER
    raceScript: WTARSGT -> 
    defaultScript: None -> dw2rm2ge
  DOPWAR01  Durlag Trollkiller
    general: HUMANOID -> MONSTER
    classScript: WTASIGHT -> 
    defaultScript: None -> dw2ms2ge
  DQUAS01   Quasit
    level: 7 -> 8
  DRAGBLAC  Nizidramanii'yt
    overrideScript: Dragblac -> shoutdlg
    classScript: SHOUTDLG -> dragblac
    defaultScript: wtasight -> 
  DRAGBLUE  Abazigal
    level: 30 -> 32
  DRAGBROW  Brown Dragon
    defaultScript: wtasight -> dw2ms2mo
  DRAGPURP  Purple Dragon
    defaultScript: WTASIGHT -> dw2ms2mo
  DRAGRED   Red Dragon
    defaultScript: wtasight -> 
  DRAGSHAD  Thaxll'ssillyia
    defaultScript: wtasight -> dw2ms2mo
  DRAGSILV  Silver Dragon
    defaultScript: wtasight -> dw2ms2mo
  DRAGYELL  Yellow Dragon
    defaultScript: wtasight -> dw2mm2mo
  DRAUG     Draug Fea
    defaultScript: WTASIGHT -> dw2mc2ge
  DREAMPC   Dream Vision
    defaultScript: wtasight -> dw2mm2ge
  DREPPI    Dreppin
    defaultScript: wtasight -> dw2mc2ge
  DREPPI2   Dreppin
    defaultScript: wtasight -> dw2mc2ge
  DREPPI3   Dreppin
    general: HUMANOID -> MONSTER
    defaultScript: wtasight -> dw2mc2ge
  DRIZZT    Drizzt
    defaultScript: WDASIGHT -> dw2ms2ge
  DROFOD01  Drow
    defaultScript: WTASIGHT -> dw2ms2ge
    weapon1: SW1H55 -> dw#dwkat
  DROFOD02  Drow
    level: 12 -> 16
    overrideScript: mage12a -> shout
    classScript: None -> 
    defaultScript: None -> dw#mg578
  DROFOD03  Drow
    overrideScript: None -> shout
    defaultScript: carch20b -> dw2rs2ge
    weapon1: XBOW17 -> dwxbow01
    weapon2:  -> DWSW1H02
  DROFOD04  Drow Priestess
    level: 14 -> 17
    overrideScript: priest12 -> shout
    classScript: None -> 
    defaultScript: None -> dw#pr271
  DROW01    Drow Warrior
    defaultScript: WTASIGHT -> dw2ms2ge
  DROW02    Drow Warrior
    defaultScript: WTASIGHT -> dw2ms2ge
  DROW03    Drow Wizard
    generalScript: mage10c -> 
    defaultScript: wtasight -> dw#mg159
  DROW04    Drow Priestess
    generalScript: pries8b -> 
    defaultScript: wtasight -> dw#pr102
  DROW05    Drow
    generalScript: pries12c -> 
    defaultScript: wtasight -> dw#pr103
  DROW06    Drow
    classScript: mage14d -> 
    generalScript: wtasight -> 
    defaultScript: None -> dw#mg160
  DROW07    Drow Priestess
    generalScript: priet12b -> 
    defaultScript: wtasight -> dw#pr104
  DRSHCH01  Chaos
    class: MIST -> FIGHTER_MAGE
    raceScript: figmag10 -> 
    defaultScript: WTASIGHT -> dw#mg161
  DRSHNL01  Nilthiri
    class: TROLL -> DRUID
    level: 6 -> 14
    overrideScript: drshnl11 -> 
    defaultScript: WTASIGHT -> dw#pr105
    amulet: MONHP1 -> 
    weapon2:  -> DW#SHNBR
  DRSHNL21  Nilthiri
    defaultScript: WTASIGHT -> dw2mp2mo
    amulet: MONHP1 -> 
  DRSLAYER  Slayer
    defaultScript: WTASIGHT -> dw2mc2ge
  DRUEAR01  Earth Elemental
    overrideScript: None -> 
    classScript: None -> 
    raceScript: None -> 
    generalScript: None -> 
    defaultScript: None -> 
  DRUFF1    Ruffian
    defaultScript: WTASIGHT -> dw2mc2ge
  DRUFF2    Ruffian
    raceScript: WTASIGHT -> 
    defaultScript: None -> dw2ms2ge
  DRUFIR01  Fire Elemental
    overrideScript: None -> 
    classScript: None -> 
    raceScript: None -> 
    generalScript: None -> 
    defaultScript: WTASIGHT -> 
  DRUID10A  Zorl
    classScript: druid10a -> 
    defaultScript: wtasight -> dw#pr106
    weapon1:  -> STAF01
    weapon2:  -> DW#SHNBR
  DRUID10B  Zorl
    classScript: druid10b -> 
    defaultScript: wtasight -> dw#pr107
    weapon1:  -> STAF01
    weapon2:  -> DW#SHNBR
  DRUID12A  Zorl
    overrideScript: druid12a -> 
    defaultScript: wtasight -> dw#pr108
    weapon1:  -> STAF01
    weapon2:  -> DW#SHNBR
  DRUID12B  Zorl
    overrideScript: druid12b -> 
    defaultScript: wtasight -> dw#pr109
    weapon1:  -> STAF01
    weapon2:  -> DW#SHNBR
  DRUID6A   Zorl
    classScript: druid6a -> 
    defaultScript: wtasight -> dw#pr110
    weapon1:  -> STAF01
  DRUID8A   Zorl
    classScript: druid8a -> 
    defaultScript: wtasight -> dw#pr111
    weapon1:  -> STAF01
    weapon2:  -> DW#SHNBR
  DRUID8B   Zorl
    classScript: druid8b -> 
    defaultScript: wtasight -> dw#pr112
    weapon1:  -> STAF01
    weapon2:  -> DW#SHNBR
  DRUSH     Drush
    defaultScript: wtasight -> dw2ms2ge
  DRY01     Dryad
    classScript: CDRYAD -> 
    generalScript: None -> wtrunsgt
    defaultScript: wtrunsgt -> dw2mp2ge
  DRYAD01   Dryad of the Cloudpeaks
    classScript: CDRYAD -> 
    generalScript: None -> wtrunsgt
    defaultScript: wtrunsgt -> dw2mp2ge
  DRYAD02   Dryad of the Cloudpeaks
    classScript: CDRYAD -> 
    generalScript: None -> wtrunsgt
    defaultScript: wtrunsgt -> dw2mp2ge
  DRYAD03   Dryad of the Cloudpeaks
    classScript: CDRYAD -> 
    generalScript: None -> wtrunsgt
    defaultScript: wtrunsgt -> dw2mp2ge
  DSAILOR1  Sailor
    defaultScript: WTASIGHT -> dw2mm2ge
  DSAILOR2  Sailor
    defaultScript: WTASIGHT -> dw2mm2ge
  DSHOP02   Jahaboam
    defaultScript: wtasight -> dw2mm2th
  DSTONE1   Stone Golem
    defaultScript: WDASIGHT -> 
  DUEARC01  Duergar
    defaultScript: DUEARC01 -> dw2rs2ge
  DUECLA01  Ilyich
    overrideScript: Ilyich -> shout
    classScript: None -> Ilyich
    defaultScript: WTASIGHT -> dw2rs2ge
  DUEGAU01  Duergar
    defaultScript: DUEWAR01 -> dw2rs2ge
  DUEGAU02  Duergar
    defaultScript: DUEWAR01 -> dw2rs2ge
  DUEMAG01  Mage
    generalScript: None -> DUEMAG01
    defaultScript: DUEMAG01 -> dw#mg162
  DUEMAG02  Mage
    generalScript: None -> DUEMAG01
    defaultScript: DUEMAG01 -> dw#mg163
  DUERGAR   Duergar
    defaultScript: WTASIGHT -> dw2rp2ge
  DUERGAR1  Duergar
    defaultScript: DUEWAR01 -> dw2rs2ge
  DUERGAR2  Duergar
    defaultScript: WTASIGHT -> dw2mc2be
  DUERGAR3  Duergar
    classScript: duewar01 -> 
    defaultScript: WTASIGHT -> dw2rs2ge
  DW#BASUM  Balor
    level: 13 -> 24
    defaultScript: wtasight -> dw2mc2ge
    shield:  -> dw#balwp
    weapon1: B1-12M4 -> balor
  DW#BFSUM  Bone Fiend
    defaultScript: WTASIGHT -> dw2mc2ge
  DW#COSUM  Cornugon
    level: 10 -> 17
    defaultScript: WTASIGHT -> dw2ms2ge
  DW-PFHQ   High Watcher Oisig
    defaultScript: WTASIGHT -> dw2mm2ge
  DW-PFLAR  Acolyte Lara
    defaultScript: WTASIGHT -> dw2mc2ge
  DW-PFLQ   High Mornmaster Arval
    defaultScript: WTASIGHT -> dw2mm2ge
  DW-PFMS   Messenger
    defaultScript: WTASIGHT -> dw2mm2ge
  DW-PFTQ   Stormherald Nallabir
    defaultScript: WTASIGHT -> dw2mm2ge
  DX#DALID  Dalina
    generalScript: MAGE16C -> GENSHT01
    defaultScript: GENSHT01 -> dw#mg175
  DX#LICH1  Kartak Spellseer
    classScript: MAGE20B -> 
    generalScript: None -> GENSHT01
    defaultScript: GENSHT01 -> dw#mg176
  DX#LICHJ  Jymahna
    classScript: MAGE18D -> 
    defaultScript:  -> dw#mg177
  DX#LICHT  Rune Lich
    classScript: mage20b -> 
    defaultScript: wtasight -> dw#mg178
  DX#RUNEA  Rune Assassin
    overrideScript: USEITEM -> 
    defaultScript: WTASIGHT -> dw2ms2th
  DX#RUNEE  Elite Rune Assassin
    defaultScript: WTASIGHT -> dw2ms2th
  DX#RUNEW  Rune Mage
    classScript: MAGE16A -> 
    defaultScript: WTASIGHT -> dw#mg179
  DX#TAW01  Rune Mage
    classScript: MAGE16A -> 
    defaultScript: WTASIGHT -> dw#mg180
  DX#ZALLA  Zallanora
    classScript: mage18z -> 
    defaultScript:  -> dw#mg181
  ECOLT     Monk
    defaultScript: wdasight -> dw2mc2ge
  EFREETSU  Efreeti
    level: 5 -> 12
    gender: SUMMONED -> MALE
    defaultScript: BDSUM00 -> 
  ELAIR01   Air Elemental
    defaultScript: WDASIGHT -> dw2mc2ge
  ELAIRG01  Greater Air Elemental
    defaultScript: WDASIGHT -> dw2mc2ge
  ELAIRL01  Lesser Air Elemental
    defaultScript: WDASIGHT -> dw2mc2ge
  ELAIRPR3  Greater Air Elemental
    defaultScript: WTASIGHT -> dw2mc2mo
  ELARIL01  Lesser Air Elemental
    defaultScript: WDASIGHT -> dw2mc2ge
  ELDERS    Elder Sorn
    generalScript: WTARSGT -> DPLAYER
    defaultScript: DPLAYER -> dw2rc2ge
  ELEAR01   Earth Elemental
    defaultScript: WDASIGHT -> dw2mc2ge
  ELEARG01  Greater Earth Elemental
    defaultScript: WDASIGHT -> dw2mc2ge
  ELEARL01  Lesser Earth Elemental
    defaultScript: WDASIGHT -> dw2mc2ge
  ELEARSU   Earth Elemental
    defaultScript: WTASIGHT -> dw2mc2ge
  ELEEEL01  Lesser Earth Elemental
    defaultScript: WDASIGHT -> dw2mc2ge
  ELEFEL01  Lesser Fire Elemental
    defaultScript: WDASIGHT -> dw2mc2ge
  ELEHOB01  Goblin Commando
    class: THIEF -> FIGHTER
    defaultScript: WTARSGT -> dw2rs2ge
    weapon2: SW1H01 -> SW1H04
  ELEILL01  Mind Flayer
    level: 8 -> 12
    defaultScript: WTASIGHT -> 
  ELEKOB01  Kobold Commando
    defaultScript: WDARSGT -> dw2rs2ge
  ELEKUO01  Kuo-toan Warrior
    raceScript: gparcher -> dw#gphlp
    generalScript: None -> 
    defaultScript: WTASIGHT -> dw2rp2ge
  ELEKUO02  Kuo-toan Whip
    defaultScript: WTARSGT -> dw2rp2th
  ELEMCRYO  Cryonax
    defaultScript: WTASIGHT -> dw2mc2ge
  ELEMEP06  Earth Mephit
    defaultScript: WTASIGHT -> dw2mc2ge
  ELEMHYDR  Olhydra
    defaultScript: wtasight -> dw2mc2ge
  ELEMIMIX  Imix
    defaultScript: WTASIGHT -> 
  ELEMOGRE  Ogremoch
    defaultScript: WTASIGHT -> 
  ELEMYANC  Yan-C-Bin
    defaultScript: WTASIGHT -> dw2mc2ge
  ELEOTY01  Greater Otyugh
    defaultScript: WTASIGHT -> dw2mc2mo
  ELESAH01  Sahuagin Baron
    class: SAHUAGIN -> FIGHTER
    level: 6 -> 12
    defaultScript: wtarsgt -> dw2rp2ge
    weapon3:  -> XBOW06
    weapon4:  -> DW#SASPE
  ELESAH02  Sahuagin Baronial Guard
    class: SAHUAGIN -> FIGHTER
    level: 4 -> 12
    defaultScript: wtarsgt -> dw2rp2ge
    weapon3:  -> XBOW06
    weapon4:  -> DW#SASPE
  ELETRO01  Troll
    defaultScript: WTASIGHT -> dw2mp2ge
    amulet: MONHP1 -> 
  ELETRO02  Troll Shaman
    defaultScript: wtasight -> dw2mp2ge
    amulet: MONHP1 -> 
  ELFIR     Fire Elemental
    defaultScript: WDASIGHT -> dw2mc2ge
  ELFIR01   Fire Elemental
    defaultScript: WDASIGHT -> dw2mc2ge
  ELFIRG01  Greater Fire Elemental
    defaultScript: WDASIGHT -> dw2mc2ge
  ELFIRL01  Lesser Fire Elemental
    defaultScript: WDASIGHT -> dw2mc2ge
  ELMIND01  Mind Flayer
    level: 8 -> 12
    defaultScript: WTASIGHT -> 
  ELOTTE    Squire Elotte
    defaultScript: WTASIGHT -> dw2ms2ge
  ELWATG01  Greater Water Elemental
    defaultScript: WDASIGHT -> dw2rc2ge
    weapon2:  -> DW#WTREL
  EMBARL    Embarl
    overrideScript: gpuse -> 
    defaultScript: WTASIGHT -> dw2mp2th
  ESXBARD   Thas'zzaria
    defaultScript: WTASIGHT -> dw2mm2ge
  ESXBEA    Bear
    defaultScript: WDASIGHT -> dw2mc2mo
  ESXCD     Chain Demon
    anim: VAMPIRE -> RAVER
    level: 13 -> 24
    defaultScript: WTASIGHT -> dw2mp2ge
  ESXELF    Drow
    generalScript: MAGE10B -> 
    defaultScript: WTASIGHT -> dw#mg182
  ESXEO     Eo
    defaultScript: WTASIGHT -> dw2mm2ge
  ESXMH     Fall
    defaultScript: WTASIGHT -> dw2ms2ge
  ESXMH2    Fall
    defaultScript: WTASIGHT -> dw2ms2ge
  ESXQUIF   Quif DeVir
    defaultScript: WTASIGHT -> dw2mm2ge
  ESXSERM   Deadly zombie
    defaultScript: WTASIGHT -> dw2mc2mo
  ESXSHAS   Shas'tan
    defaultScript: WTASIGHT -> dw2ms2ge
  ESXSNA    Child of Sseth
    defaultScript: WTASIGHT -> dw2mp2mo
  ESXSOLA   Solaufein
    defaultScript: WTASIGHT -> dw2ms2ge
  ESXVASH   Vash
    generalScript: MAGE10B -> 
    defaultScript: WTASIGHT -> dw#mg183
  ESXYOEA   Yoea
    generalScript: MAGE8A -> 
    defaultScript: WTASIGHT -> dw#mg184
  ETTER01   Ettercap
    overrideScript: None -> dw#sphlp
  EXCULT1   Garuk
    defaultScript: WTASIGHT -> dw2ms2ge
  EXCULT2   Zaelas
    defaultScript: WTASIGHT -> dw2mc2ge
  EYEEGL01  Eagle Eye
    lring:  -> BEHOLDER
  EYESEK01  Seeker
    lring:  -> BEHOLDER
  EYESNT01  Sentinel
    lring:  -> BEHOLDER
  FANGEL01  Fallen Solar
    defaultScript: wtasight -> dw2mc2ge
  FFACTOR1  Kirinaldo
    generalScript: Mage8a -> 
    defaultScript: WTASIGHT -> dw#mg185
  FFACTOR2  Lunisia
    generalScript: Mage8b -> 
    defaultScript: WTASIGHT -> dw#mg186
  FFBART    Samuel Thunderburp
    raceScript: gpuse -> 
    generalScript: WTASIGHT -> 
    defaultScript: None -> dw2ms2ge
  FFCUST01  Ercias
    defaultScript: WDASIGHT -> dw2ms2th
  FFCUST06  Belle
    generalScript: WTASIGHT -> 
    defaultScript: None -> dw2ms2ge
  FFCUST07  H'rothgar Firehammer
    generalScript: gpuse -> 
    defaultScript: WTASIGHT -> dw2mc2ge
  FFCUST08  Jerry Jamtoes
    defaultScript: WTARSGT -> dw2rs2ge
  FFUSHER1  Usher
    defaultScript: WTASIGHT -> dw2mm2ge
  FFUSHER2  Usher
    defaultScript: WTASIGHT -> dw2mm2ge
  FINABAZ   Abazigal
    class: SHADOW_DRAGON -> FIGHTER_MAGE
    generalScript:  -> finabaz
    defaultScript: finabaz -> dw#mg560
  FINBALOR  Balor
    level: 13 -> 24
    shield:  -> dw#balwp
    weapon1: BALOR -> balor
  FINBODH   Bodhi
    class: VAMPIRE -> FIGHTER_THIEF
    overrideScript: None -> finbodhi
    classScript: None -> 
    raceScript: None -> 
    generalScript: None -> 
    defaultScript: finbodhi -> 
    helmet:  -> HELMNOAN
    lring: RING95 -> IMMUNE3
    rring: IMMUNE3 -> VAMPREG2
    amulet:  -> VAMPREG2
    weapon1: VAMP3 -> BODHI
    weapon2:  -> DW#BLDD3
    weapon3:  -> DW#VMWOL
    weapon4:  -> DW#VMBAT
    xpv: 25000 -> 26000
  FINCAMB2  Cambion
    defaultScript: fincamb2 -> dw3rs2be
  FINGLAB   Glabrezu
    level: 10 -> 17
  FINGROM   Gromnir Il-Khan
    level: 22 -> 24
    generalScript:  -> fingrom
    defaultScript: fingrom -> dw3ms5be
  FINGRUN1  Yaga-Shura Soldier
    defaultScript: WTASIGHT -> dw2rm2ge
  FINGRUN2  Yaga-Shura Soldier
    defaultScript: WTASIGHT -> dw2rm2ge
  FINGRUN3  Yaga-Shura Soldier
    defaultScript: WTASIGHT -> dw2rm2ge
  FINGTEST  Ilyich
    defaultScript: WTASIGHT -> dw2rs2ge
  FINIREN   Jon Irenicus
    generalScript: None -> finiren
    defaultScript: finiren -> dw#mg561
  FINMARIL  Marilith
    level: 12 -> 20
    shield:  -> marili
    amulet:  -> ipsion
    weapon1: MARILI -> marili
  FINNABAS  Nabassu
    anim: CORNUGON -> FIEND_GREEN
    level: 13 -> 12
    weapon1: FINNABAS -> BL3-12M4
  FINRAVER  Slayer
    defaultScript: WTASIGHT -> dw2mc2ge
  FINSEND   Sendai
    level: 20 -> 26
    generalScript:  -> finsend
    defaultScript: finsend -> dw#cm6
    xpv: 50000 -> 45000
  FINSOL01  Solar
    defaultScript: wtasight -> dw2mc2ge
  FINSOL02  Yan-C-Bin
    defaultScript: WTASIGHT -> dw2mc2ge
  FINSOL03  Cryonax
    defaultScript: WTASIGHT -> dw2mc2ge
  FINSOL04  Fallen Solar
    level: 22 -> 35
  FINSOLA2  Fallen Solar
    level: 22 -> 35
  FINSOLA3  Fallen Solar
    level: 22 -> 35
  FINSOLAR  Fallen Solar
    level: 22 -> 35
  FINSUCC   Succubus
    level: 8 -> 12
  FIRAMB01  Captain
    general: HUMANOID -> MONSTER
    defaultScript: WTASIGHT -> dw2ms2ge
  FIRAMB02  Gerg
    defaultScript: WTASIGHT -> dw2ms2ge
  FIRAMB03  Troll
    defaultScript: WTASIGHT -> dw2mp2mo
    amulet: MONHP1 -> 
  FIRAMB04  Captain
    general: HUMANOID -> MONSTER
    defaultScript: WTASIGHT -> dw2ms2ge
  FIRARC01  Orc Archer
    defaultScript: wtasight -> dw2rc2ge
  FIRBAN01  Bandit
    classScript: mage16A -> 
    defaultScript: None -> dw#mg187
  FIRBAN02  Plath Rededge
    classScript: priest12 -> 
    defaultScript: None -> dw#pr113
  FIRBAN03  Bandit
    defaultScript: wtasight -> dw2ms2ge
  FIRBAN04  Orc
    defaultScript: WTASIGHT -> dw2ms2ba
  FIRBAN05  Orc
    defaultScript: WTARSGT -> dw2rs2ba
  FIREB1    Firebead Elvenhair
    defaultScript: wtasight -> dw2mp2ge
  FIREBE    Firebead Elvenhair
    defaultScript: wdasight -> dw2mp2ge
  FIRKRA02  Firkraag
    overrideScript: DragRed -> shoutdlg
    classScript: SHOUTDLG -> dragred
  FIRLCH01  Fire Lich
    level: 20 -> 33
    classScript: firlch01 -> 
    defaultScript: wtasight -> dw#mg188
  FIRMAG01  Conster
    classScript: mage16M -> 
    defaultScript: wtasight -> dw#mg189
  FIRMON01  Banshee
    defaultScript: WTASIGHT -> dw2ms2ge
  FIRMON02  Skeleton Warrior
    defaultScript: WTARSGT -> dw2rp2ge
  FIRMON03  Director
    defaultScript: WTASIGHT -> 
    lring: BEHOLDER -> 
  FIRMON04  Revenant
    defaultScript: WTASIGHT -> dw2rm2ge
  FIRORC01  Chieftain DigDag
    defaultScript: wtasight -> dw2ms2be
  FIRORC02  Derg the Orc
    defaultScript: WTASIGHT -> dw2ms2ge
  FIRORC03  Flaylan the Orc
    defaultScript: WTASIGHT -> dw2mp2ge
  FIRRAK01  Ruhk Transmuter
    defaultScript: WTASIGHT -> dw#mg190
  FIRRAK02  Ruhk
    generalScript: RAKSHA01 -> 
    defaultScript: WTASIGHT -> dw#mg191
  FIRTRL01  Troll Cook
    defaultScript: WTASIGHT -> dw2mp2mo
    amulet: MONHP1 -> 
  FIRWLF01  Grancor
    general: HUMANOID -> MONSTER
    classScript: WTASIGHT -> 
    generalScript: None -> CBMALDES
    defaultScript: CBMALDES -> dw2ms2ge
  FIRWLF02  Falik
    general: HUMANOID -> MONSTER
    classScript: WTASIGHT -> 
    generalScript: None -> CBMALDES
    defaultScript: CBMALDES -> dw2ms2ge
  FIRWRA01  Greater Wraith
    defaultScript: WTASIGHT -> dw2ms2ge
  FLAM13    Dilos
    defaultScript: WTASIGHT -> dw2ms2ge
  FLYFGT01  Shadow Thief
    defaultScript: wtasight -> dw2ms2th
  FLYFGT02  Shadow Thief Guard
    defaultScript: wtasight -> dw2ms2th
  FLYFGT03  Shadow Thief Archer
    defaultScript: wtasight -> dw2rs2ge
  FLYFGT04  Shadow Thief Inquisitor
    raceScript: MAGE12D -> 
    defaultScript: wtasight -> dw#mg192
    weapon2:  -> SW1H04
  FRANCO    Franco
    raceScript: PALAD10 -> 
    defaultScript: None -> dw2ms2pa
  FSDOG     War Dog
    defaultScript: WTASIGHT -> dw2mp2mo
  FSDRAGON  Dragon
    level: 23 -> 24
  FSHORDE1  Goblin
    defaultScript: WTASIGHT -> dw2ms2ge
  FSHORDE2  Goblin
    class: THIEF -> HOBGOBLIN
    defaultScript: WTASIGHT -> dw2rs2ge
    weapon2:  -> SW1H07
  FSHORDE3  Goblin
    defaultScript: WTASIGHT -> dw2ms2ge
  FSHORDE4  Orc
    raceScript: orcwar -> 
    defaultScript: WTARSGT -> dw2ms2ba
  FSHORDE5  Orc Priest
    raceScript: priest12 -> 
    defaultScript: WTASIGHT -> dw#pr114
  FSHORDE6  Orc Archer
    raceScript: OArch02 -> 
    defaultScript: WTASIGHT -> dw2rs2ge
    weapon2:  -> SW1H07
  FSMAGE01  Mage
    classScript: MAGE14A -> 
    defaultScript: WTASIGHT -> dw#mg193
  FSMAGE02  Mage
    classScript: MAGE16A -> 
    defaultScript: WTASIGHT -> dw#mg194
  FSMAGE03  Mage
    classScript: MAGE18A -> 
    defaultScript: WTASIGHT -> dw#mg195
  FSMAGE04  Mage
    classScript: CMAGE20A -> 
    defaultScript: WTASIGHT -> dw#mg196
  FSRIDD    Imp
    defaultScript: wtasight -> dw2mp2ge
  FSSPIR3   Spirit Panel
    defaultScript: WTASIGHT -> dw2mm2ge
  FSSPIRA   Helmite Ghost
    defaultScript: WTASIGHT -> dw2mm2ge
  FSSPIRB   Helmite Ghost
    defaultScript: WTASIGHT -> dw2mm2ge
  FSSPIRC   Helmite Ghost
    defaultScript: WTASIGHT -> dw2mm2ge
  FUAGNON   Hurgan Stoneblade
    defaultScript: WTASIGHT -> dw2mm2ge
  FUMIN     Minister Adelain
    classScript: PRIEST12 -> 
    defaultScript: None -> dw#pr115
  GAAL01    Gaal
    defaultScript: None -> dw#cm1
  GAAL02    Gaal
    defaultScript: None -> dw#cm2
  GAELAN    Gaelan Bayle
    raceScript: gpuse -> 
  GAIUS     Gaius
    classScript: Mage14c -> 
    generalScript: wtasight -> 
    defaultScript:  -> dw#mg197
  GALL      Gallchobhair
    defaultScript: WTARSGT -> dw2rs2ge
  GAROCK    Garock
    class: OGRE -> FIGHTER
    level: 14 -> 23
    defaultScript: WTASIGHT -> dw3ms2ge
  GARREN    Garren Windspear
    generalScript: palad16 -> 
    defaultScript: wtasight -> dw2rs2pa
  GARRICK   Garrick
    classScript: MAGE2 -> 
    generalScript: WTASIGHT -> 
    defaultScript: None -> dw#mg198
  GDRUID    Druid
    overrideScript: druid14g -> 
    defaultScript: wtasight -> dw#pr116
    weapon1:  -> STAF01
    weapon2:  -> DW#SHNSA
    weapon3:  -> DW#SHNSP
  GEMFAR01  Enna Hendrick
    defaultScript: wdasight -> dw2mm2ge
  GEMFAR02  Erlin Hendrick
    defaultScript: wdasight -> dw2ms2ge
  GENDAO01  Dao
    defaultScript: WTASIGHT -> dw2mc2ge
  GENDJI01  Djinni
    level: 5 -> 11
    gender: NIETHER -> MALE
    defaultScript: WTASIGHT -> 
    lring:  -> DW#DJINN
  GENDJN01  Noble Djinni
    level: 10 -> 13
    gender: NIETHER -> MALE
    defaultScript: WTASIGHT -> 
    lring:  -> DW#DJINN
  GENEFN01  Noble Efreeti
    level: 13 -> 14
    gender: NIETHER -> MALE
    defaultScript: WTASIGHT -> 
  GENEFR01  Efreeti
    level: 5 -> 12
    gender: NIETHER -> MALE
    defaultScript: WTASIGHT -> 
  GENIE01   Genie
    defaultScript: WTASIGHT -> dw2mc2ge
  GENIE02   Genie
    defaultScript: WTASIGHT -> dw2mc2ge
  GENIE03   Genie
    defaultScript: WTASIGHT -> dw2mc2ge
  GENIE04   Genie
    defaultScript: WTASIGHT -> dw2mc2ge
  GENIE1    Genie
    defaultScript: WTASIGHT -> dw2mc2ge
  GENMAG01  Mage
    classScript: Mage12A -> 
    defaultScript: None -> dw#mg199
  GENTH01   Thief
    classScript: gpuse -> 
    raceScript: thief14t -> 
    generalScript: wtasight -> 
    defaultScript: None -> dw2ms2th
  GENTH02   Thief
    classScript: gpuse -> 
    raceScript: thief14t -> 
    generalScript: wtasight -> 
    defaultScript: None -> dw2mp2ge
  GENTHF01  Thug
    defaultScript: WTARSGT -> dw2rs2th
    weapon1: SW1H01 -> SW1H04
  GENTMG01  Thief
    raceScript: thiefmag -> 
    defaultScript: None -> dw#mg200
  GERETH    Gereth
    classScript: mage6a -> 
    defaultScript: WTASIGHT -> dw#mg201
  GERHARDT  Uncle Gerhardt
    generalScript: WTARSGT -> DPLAYER
    defaultScript: DPLAYER -> dw2rs2ge
  GFIGH05   Calahan
    defaultScript: WTASIGHT -> dw2mm2ge
  GGUARD01  Amnian Soldier
    defaultScript: WTARSGT -> dw2rs2ge
  GHAST01   Ghast
    overrideScript: GHAST -> 
    classScript: WTASIGHT -> 
    defaultScript: None -> dw2mp2ge
  GHASTF01  Fell Ghast
    overrideScript: GHAST -> 
    classScript: WTASIGHT -> 
    defaultScript: None -> dw2mp2ge
  GHASTGSU  Greater Ghast
    classScript: WTASIGHT -> 
    defaultScript: None -> dw2mp2ge
  GHOGR01   Greater Ghoul
    raceScript: GHAST -> 
    defaultScript: WTASIGHT -> dw2mp2ge
  GHOLOR01  Ghoul Lord
    defaultScript: WDASIGHT -> dw2mp2ge
  GHOUL01   Ghoul
    defaultScript: wdasight -> dw2mc2ge
  GHOULSU   Ghoul
    defaultScript: wdasight -> dw2mc2ge
  GIAFIR01  Fire Giant
    level: 20 -> 21
    defaultScript: CFIGH20B -> dw3ms2be
  GIBBER01  Gibberling
    defaultScript: WTASIGHT -> dw2ms2mo
  GIBMUT01  Mutated Gibberling
    defaultScript: WTASIGHT -> dw2ms2mo
  GITH01    Warrior
    level: 3 -> 9
    overrideScript: gpshout -> dw#gith1
    classScript: gpuse -> 
    defaultScript: WTASIGHT -> 
  GITH02    Knight
    level: 3 -> 9
    overrideScript: gpshout -> dw#gith1
    classScript: gpuse -> 
    defaultScript: WTASIGHT -> dw#githk
  GITH03    Anti-Paladin
    overrideScript: gpshout -> dw#gith1
    classScript: gpuse -> 
    defaultScript: WTASIGHT -> 
  GITH04    Gish
    class: MAGE -> FIGHTER_MAGE
    overrideScript: gpshout -> dw#gifmg
    classScript: gpuse -> dw#gith1
    raceScript: gith04 -> 
    generalScript: mage6a -> 
    defaultScript: wtasight -> dw#mg202
    weapon2: DART01 -> SW2H01
    weapon3: DART01 -> 
    weapon4: SW2H01 -> 
  GITH05    Warlock
    overrideScript: gpshout -> dw#gith1
    classScript: gpuse -> 
    raceScript: gith05 -> 
    generalScript: mage8b -> 
    defaultScript: wtasight -> dw#mg203
  GITH06    Captain
    class: MAGE -> FIGHTER_MAGE
    overrideScript: gpshout -> dw#gifmg
    classScript: gpuse -> dw#gith1
    raceScript: gith06 -> 
    defaultScript: wtasight -> dw#mg204
  GLAD2     Gladiator
    defaultScript: wtasight -> dw2ms2ge
  GLADIA01  Gatekeeper
    general: HUMANOID -> MONSTER
    defaultScript: WTARSGT -> dw2rp2ge
  GLBEAR2   Black Bear
    defaultScript: WTASIGHT -> dw2mc2mo
  GMAGE14   Mekrath
    classScript: Mage14M -> 
    generalScript: WTARSGT -> 
    defaultScript:  -> dw#mg205
  GMAYOR    Theshal
    defaultScript: WTASIGHT -> dw2mp2ge
  GNLCAP01  Gnoll Captain
    defaultScript: WTASIGHT -> dw2mp2ge
  GNLELI01  Gnoll Elite
    defaultScript: WTASIGHT -> dw2mp2ge
  GNLFLI01  Flind
    defaultScript: WTASIGHT -> dw2mc2ge
  GNLSLA01  Gnoll Slasher
    defaultScript: WTASIGHT -> dw2mp2ge
  GNLVET01  Gnoll Veteran
    defaultScript: WTASIGHT -> dw2mp2ge
  GNLWAR01  Gnoll
    defaultScript: WTASIGHT -> dw2mp2ge
  GNOLL01   Gnoll
    raceScript: WTASIGHT -> 
    defaultScript: None -> dw2mp2ge
  GNOLLHP1  Gnoll
    raceScript: WTASIGHT -> 
    defaultScript: None -> dw2mp2ge
  GOLADA01  Adamantite Golem
    defaultScript: WDASIGHT -> dw2mc2mo
  GOLBRA01  Brain Golem
    defaultScript: WDASIGHT -> 
  GOLCLA01  Clay Golem
    defaultScript: WDASIGHT -> 
  GOLEM01   Clay Golem
    defaultScript: WDASIGHT -> 
  GOLFLE01  Flesh Golem
    defaultScript: WDASIGHT -> dw2mc2mo
  GOLIRO01  Iron Golem
    defaultScript: wtasight -> 
  GOLJUG01  Juggernaut Golem
    defaultScript: WDASIGHT -> 
  GOLKILL2  Adamantite Golem
    defaultScript: WDASIGHT -> dw2mc2mo
  GOLSAN01  Sand Golem
    defaultScript: WDASIGHT -> 
  GOLSTO01  Stone Golem
    defaultScript: WDASIGHT -> 
  GONCE     Meredath
    class: VAMPIRE -> FIGHTER_THIEF
    defaultScript: WDASIGHT -> 
    lring: VAMPREG -> IMMUNE2
    rring:  -> VAMPREG
    weapon2:  -> DW#BLDD
    weapon3:  -> DW#VMWOL
    weapon4:  -> DW#VMBAT
  GORAIR01  Lesser Air Elemental
    defaultScript: WTASIGHT -> dw2mc2ge
  GORAIR02  Greater Air Elemental
    defaultScript: WTASIGHT -> dw2mc2ge
  GORALU01  Alu-Fiend
    level: 14 -> 12
  GORAPR    Apprentice
    level: 14 -> 22
    defaultScript: CMAGE20A -> dw#mg206
  GORBAT1   Ka'rashur
    anim: SLAYER -> RAVER
    level: 14 -> 24
  GORBAT2   Erinyes
    level: 9 -> 12
  GORBAT3   Cornugon
    level: 10 -> 17
  GORBAT5   Bone Fiend
    overrideScript: GORBAT -> dw#bonef
    defaultScript: WTASIGHT -> dw2mc2ge
    weapon2:  -> bonefd
  GORCAMB2  Tiefling
    level: 20 -> 25
    generalScript: None -> gorcamb2
    defaultScript: gorcamb2 -> dw#mg207
  GORCAMB3  Tiefling
    level: 20 -> 25
    generalScript: None -> gorcamb3
    defaultScript: gorcamb3 -> dw#pr117
  GORCAMB4  Tiefling
    generalScript: None -> dw#mlcam
    defaultScript: gorcamb4 -> dw2ms2as
    shield: DAGG15 -> 
  GORCAMB5  Tiefling
    level: 20 -> 21
    generalScript: None -> dw#mlcam
    defaultScript: gorcamb5 -> dw3rs2ge
  GORCAMB6  Fell Cat
    weapon1: P3-12M4 -> dw#fell
  GORCAMB7  Fell Cat
    weapon1: P3-12M4 -> dw#fell
  GORCAR    Carston
    defaultScript: CMAGE20A -> dw#mg208
  GORCHR    Chromatic Demon
    level: 25 -> 28
    defaultScript: WTASIGHT -> 
  GORDECK5  Assassin
    defaultScript: cthie20b -> dw2ms2as
    shield: DAGG15 -> 
  GORDECK6  Assassin
    defaultScript: cthie20b -> dw2ms2as
    shield: DAGG15 -> 
  GORDECK7  Assassin
    defaultScript: cthie20b -> dw2ms2as
    shield: DAGG15 -> 
  GORDECK8  Assassin
    defaultScript: cthie20b -> dw2ms2as
    shield: DAGG15 -> 
  GORDECK9  Assassin
    defaultScript: cthie20b -> dw2ms2as
    shield: DAGG15 -> 
  GORDECKA  Assassin
    defaultScript: cthie20b -> dw2ms2as
    shield: DAGG15 -> 
  GORDEM    Balor
    defaultScript: wtasight -> dw2mc2ge
  GORF      Gorf the Squisher
    raceScript: OGRE -> 
    defaultScript: WTASIGHT -> dw2mc2ge
  GORF03    Gorf the Squisher
    raceScript: OGRE -> 
    defaultScript: WTASIGHT -> dw2mc2ge
  GORFIR01  Greater Fire Elemental
    defaultScript: WDASIGHT -> dw2mc2ge
  GORFIR02  Greater Fire Elemental
    defaultScript: WDASIGHT -> dw2mc2ge
  GORFIR03  Greater Fire Elemental
    defaultScript: WDASIGHT -> dw2mc2ge
  GORFIR04  Greater Fire Elemental
    defaultScript: WDASIGHT -> dw2mc2ge
  GORFIRG   Fire Giant
    defaultScript: WTASIGHT -> dw2ms2ge
  GORGIT    Captain
    class: MAGE -> PALADIN
    level: 10 -> 25
    overrideScript: GRPSHT01 -> dw#gith1
    defaultScript: CFIGH30B -> 
  GORGITH2  Githyanki
    level: 11 -> 20
    overrideScript: GRPSHT01 -> dw#gith1
    defaultScript: CFIGH20b -> 
  GORGOLI   Ice Golem
    defaultScript: WTASIGHT -> dw2mc2ge
  GORGRD01  Guardian Golem
    defaultScript: wtasight -> 
  GORGRD02  Guardian Golem
    defaultScript: wtasight -> 
  GORGUA01  Aurumach Rilmani
    level: 20 -> 25
  GORGUA02  Ferrumach Rilmani
    level: 10 -> 15
    weapon1: HALB02 -> halb12
  GORGUA03  Guardian Spirit
    level: 18 -> 25
    defaultScript: CCLER20B -> dw#pr118
  GORJE     Gorje Hilldark
    defaultScript: WTASIGHT -> dw2mc2ge
  GORJELF2  Ooze Puddle
    defaultScript: wtasight -> dw2mc2mo
  GORJELFU  Ooze Puddle
    defaultScript: wtasight -> dw2mc2mo
  GORJELGR  Green Slime
    defaultScript: wtasight -> dw2mc2mo
  GORKUO01  Kuo-toan Warrior
    classScript: gparcher -> dw#gphlp
    raceScript: None -> 
    defaultScript: WTASIGHT -> dw2rp2ge
  GORKUO02  Kuo-toan Archer
    classScript: gparcher -> dw#gphlp
    raceScript: None -> 
    defaultScript: WTASIGHT -> dw2rp2ge
  GORKUO03  Kuo-toan Priest
    raceScript: pries10b -> 
    defaultScript: WTARSGT -> dw#pr119
  GORKUO04  Kuo-toan Captain
    defaultScript: WTARSGT -> dw2rp2ge
  GORKUO05  Kuo-toan Whip
    defaultScript: cthie20b -> dw2rp2th
  GORLIC01  Azamantes
    level: 25 -> 33
    defaultScript: gorlic01 -> dw#mg209
  GORMAD1   Elven Madman
    generalScript: CBERS20B -> WDRUNSGT
    defaultScript: WDRUNSGT -> dw3mm2be
  GORMIND   Ulitharid
    level: 8 -> 14
    defaultScript: WTASIGHT -> 
    weapon1: MINDFLAY -> DW#ULITH
  GORMISTI  Ice Mist
    defaultScript: WTASIGHT -> dw2ms2ge
  GORMISTP  Poison Mist
    defaultScript: WTASIGHT -> dw2ms2mo
  GORORC01  Orc
    raceScript: orcwar -> 
    defaultScript: WTARSGT -> dw2ms2ba
  GORORC02  Orc Archer
    raceScript: OArch02 -> 
    defaultScript: WTASIGHT -> dw2rs2ge
    weapon2:  -> SW1H04
  GORORC03  Orc Mage
    raceScript: GORORC03 -> 
    generalScript: mage10a -> 
    defaultScript: WTASIGHT -> dw#mg210
  GORPRI1   Priest
    level: 11 -> 25
    defaultScript: None -> dw#pr120
  GORSAL    Saladrex
    level: 23 -> 26
  GORSKU01  Flaming Skull
    level: 14 -> 20
    weapon1:  -> DW#SKRNG
  GORSNAKE  Giant Snake
    defaultScript: wtasight -> dw2mp2mo
  GORSTA01  Statue
    race: HUMAN -> GOLEM
    level: 20 -> 21
    defaultScript: CFIGH20B -> dw3ms2ge
  GORSTA02  Statue
    race: ELF -> GOLEM
    level: 20 -> 21
    defaultScript: CFIGH20B -> dw3mp2ge
  GORSTA03  Statue
    race: HUMAN -> GOLEM
    level: 20 -> 22
    defaultScript: ccler20b -> dw#pr121
  GORSTA04  Statue
    race: DWARF -> GOLEM
    level: 20 -> 22
    defaultScript: ccler20b -> dw#pr122
  GORSTA05  Statue
    race: HUMAN -> GOLEM
    level: 20 -> 21
    defaultScript: CFIGH20B -> dw3ms2ge
  GORSTA06  Statue
    general: MONSTER -> HUMANOID
    race: WYVERN -> HUMAN
    class: WYVERN -> MAGE
    anim: HOBGOBLIN -> MAGE_MALE_HUMAN
    level: 20 -> 25
    classScript: GRPSHT01 -> grpsht01
    defaultScript: WTASIGHT -> dw#mg298
    amulet: RING97 -> 
    weapon1: WYVERN1 -> STAF02
    weapon2: WYVERN2 -> STAF01
    xpv: 20000 -> 16000
  GORSTA07  Statue
    race: HUMAN -> GOLEM
    class: FIGHTER -> THIEF
    level: 20 -> 25
    defaultScript: CFIGH20B -> dw3mp2be
  GORSTA08  Statue
    defaultScript: WTASIGHT -> dw2mc2mo
  GORSTA09  Statue
    race: ELF -> GOLEM
    level: 20 -> 21
    defaultScript: CFIGH20B -> dw3rp2ge
  GORSTA10  Statue
    race: UMBERHULK -> GOLEM
    defaultScript: WTASIGHT -> dw2mc2mo
  GORSTA11  Statue
    race: ELF -> GOLEM
    defaultScript: gorstam -> dw#mg211
  GORSTA12  Statue
    race: OGRE -> GOLEM
    defaultScript: WTASIGHT -> dw2mp2ge
  GORSTALK  Guardian of Air
    defaultScript: WTASIGHT -> dw2mc2mo
  GORSUC01  Succubus
    level: 6 -> 12
  GORTAN1   Tahazzar
    level: 14 -> 24
    shield:  -> dw#balwp
    weapon1: BALOR -> balor
  GORTAN2   Succubus
    level: 9 -> 12
  GORTAN3   Yochlol
    level: 12 -> 15
    lring: RINGDEMN -> immune2
    weapon1: DWSW1H01 -> dwsw1h01
  GORTAN4   Glabrezu
    level: 10 -> 17
  GORTAN5   Quasit
    level: 7 -> 8
  GORWOM02  The Huntress
    level: 20 -> 23
  GORWOM03  Y'tossi
    level: 14 -> 20
    shield:  -> marili
    amulet:  -> ipsion
    weapon1: MARILI -> marili
  GORWOM04  Ameralis Zauviir
    level: 20 -> 27
    generalScript: None -> ameral
    defaultScript: ameral -> dw#pr123
  GORWOM05  Hive Mother
    class: BEHOLDER -> MAGE
    lring: BEHOLDER -> 
  GORWOM06  Xei Win Toh
    level: 20 -> 25
  GORWOWE   Wolfwere
    general: HUMANOID -> MONSTER
    overrideScript: None -> grpsht01
    classScript: WTASIGHT -> 
    defaultScript: None -> dw2ms2ge
  GOVWAU01  Priest of Waukeen
    defaultScript: WTASIGHT -> dw2mc2ge
  GPDOG1    War Dog
    generalScript: wtasight -> 
    defaultScript:  -> dw2mp2mo
  GPFAM1    Pitch
    defaultScript: wtasight -> dw2ms2ge
  GPFIGHT1  Boz
    classScript: fight16a -> 
    defaultScript: WTASIGHT -> dw2mp2be
  GPHIL03   Huntley
    defaultScript: WTASIGHT -> dw2ms2ge
  GPMAGE1   N'ashtar
    classScript: Mage14t -> 
    generalScript: wtasight -> 
    defaultScript:  -> dw#mg212
  GPPRI1    Chandrilla
    classScript: pries14t -> 
    defaultScript: wtasight -> dw#pr124
  GPSIMB    Simbja
    classScript: ft12t -> 
    defaultScript: wtasight -> dw2rp2ge
  GPSKEL1   Skeleton
    defaultScript: wtasight -> dw2mc2mo
  GPTHIEF1  Damien
    classScript: gpuse -> 
    raceScript: thief14t -> 
    generalScript: wtasight -> 
    defaultScript: None -> dw2ms2th
  GREYHAND  Greyhand
    defaultScript: WTARSGT -> dw2mc2ge
  GROMG01   Il-Khan Soldier
    defaultScript: CFIGH20B -> dw3mp2be
  GROMG02   Il-Khan Soldier
    defaultScript: ckens20b -> dw2ms2ke
  GROMG03   Il-Khan Soldier
    generalScript: None -> dw#gphlp
    defaultScript: gparcher -> dw2rs2ge
    weapon3:  -> SW1H07
  GROMG04   Il-Khan Soldier
    defaultScript: CFIGH20B -> dw2mp2be
  GROMG05   Il-Khan Battle Mage
    generalScript: spseq16a -> 
    defaultScript: gpmage1 -> dw#mg213
  GROMG06   Il-Khan Soldier
    defaultScript: CFIGH20B -> dw3mp2be
  GROMG07   Il-Khan Soldier
    defaultScript: CFIGH20B -> dw3mp2be
  GROMG08   Karun the Black
    level: 20 -> 24
    generalScript: spseq16b -> 
    defaultScript: gpmage1 -> dw#mg214
  GROMG09   Eler Had
    generalScript: None -> dw#gphlp
    defaultScript: gpthief -> dw2rp2th
  GROMG11   Il-Khan Soldier
    defaultScript: carch20b -> dw2rs2ge
    weapon2:  -> SW1H07
  GROMG12   Il-Khan Soldier
    defaultScript: CFIGH20B -> dw2mp2be
  GROMG13   Il-Khan Battle Mage
    defaultScript: CMAGE20A -> dw#mg215
  GROMG14   Il-Khan Soldier
    defaultScript: CFIGH20B -> dw3mp2be
  GROMMIN   Minotaur Battle Priest
    defaultScript: gphealer -> dw#pr125
  GROMNIR   Gromnir Il-Khan
    level: 22 -> 24
  GRON      Theshal
    defaultScript: WTASIGHT -> dw2mp2ge
  GRREVEN   Revenant
    defaultScript: WTASIGHT -> dw2rc2ge
  GRSKEL1   Skeleton Warrior
    defaultScript: WTASIGHT -> dw2ms2ge
  GRSKEL2   Skeleton Warrior
    defaultScript: WTASIGHT -> dw2ms2ge
  GRTOMB01  Skeleton Warrior
    defaultScript: wtasight -> dw2mp2ge
  GRVLCH01  Lich
    level: 19 -> 30
    classScript: mage20b -> 
    defaultScript: wtasight -> dw#mg216
  GTCIT1    Ghoul
    defaultScript: wtasight -> dw2mc2ge
  GTCIT2    Ghoul
    defaultScript: wtasight -> dw2mc2ge
  GTCIT3    Zombie
    defaultScript: wtasight -> dw2mc2mo
  GTCIT4    Zombie
    defaultScript: wtasight -> dw2mc2mo
  GTCIT5    Zombie
    defaultScript: wtasight -> dw2mc2mo
  GUAMUR    Amnian Soldier
    defaultScript: WTARSGT -> dw2rs2ge
  GUARD1    Bouncer
    defaultScript: WTARSGT -> dw2rs2ge
  GUARD2    Copper Coronet Guard
    defaultScript: WTARSGT -> dw2rs2ge
  GUARD3    Copper Coronet Guard
    defaultScript: WTARSGT -> dw2rs2ge
  HABIB     Habib
    defaultScript: WTASIGHT -> dw2rm2th
  HABIB2    Habib
    defaultScript: WTASIGHT -> dw2rm2th
  HABREGA   Chief Inspector Brega
    raceScript: gpuse -> 
    defaultScript: WTARSGT -> dw2rs2ge
  HACTONG   Amnian Bodyguard
    defaultScript: WTARSGT -> dw2rs2ge
  HAEGAN    Captain Haegan
    classScript: Haegan -> gpshout
    raceScript: gpuse -> 
    defaultScript: WTASIGHT -> dw2rs2ge
  HAMEK     Mekrath
    defaultScript: Mage10A -> dw#mg217
  HARPASS1  Lucette
    defaultScript: WTASIGHT -> dw2rm2th
  HAWKER01  Hawker
    defaultScript: WTASIGHT -> dw2mm2ge
  HDRAGRED  Dragon
    raceScript: HDRAGRED -> 
  HDRAGSIL  Dragon
    defaultScript: WTASIGHT -> 
  HEARTG1   Knight of the Order
    defaultScript: WTASIGHT -> dw2mp2ge
  HEARTG2   Knight of the Order
    defaultScript: WTASIGHT -> dw2ms2ge
  HEARTG3   Sir Zarath
    raceScript: PRIEST12 -> 
    defaultScript: None -> dw#pr126
  HEARTG4   Sir Mardus
    classScript: PRIEST12 -> 
    defaultScript: None -> dw#pr127
  HEARTG5   Sir Donalus
    classScript: PRIEST12 -> 
    defaultScript: None -> dw#pr128
  HELLBEH1  Beholder
    defaultScript: WTASIGHT -> dw2mp2ge
  HELLBEH2  Beholder
    defaultScript: WTASIGHT -> dw2mp2ge
  HELLGEN   Enslaved Genie
    defaultScript: WTASIGHT -> dw2mc2ge
  HELLGEN2  Enslaved Genie
    defaultScript: WTASIGHT -> dw2mc2ge
  HELLGREE  Greed
    defaultScript: wtasight -> dw2mc2ge
  HELLHO01  Hell Hound
    defaultScript: WTASIGHT -> dw2mp2mo
  HELLIL01  Hell Hound
    defaultScript: WTASIGHT -> dw2mp2mo
  HELLSARE  Wraith Sarevok
    defaultScript: wtasight -> dw2ms2ge
  HELLSLAY  Slayer
    race: LICH -> DEMONIC
    class: MIST -> FIGHTER_MAGE
    defaultScript: WTASIGHT -> dw#mg218
  HELMBYR   Acolyte Byron
    defaultScript: WTASIGHT -> dw2mc2ge
  HELMKNI1  Shield Knight
    defaultScript: WTASIGHT -> dw2ms2ge
  HELMKNI2  Shield Knight
    defaultScript: WTASIGHT -> dw2ms2ge
  HELMKNI3  Shield Knight
    defaultScript: WTASIGHT -> dw2ms2ge
  HELMKNI4  Shield Knight
    defaultScript: WTASIGHT -> dw2ms2ge
  HENDAK    Hendak
    defaultScript: WTASIGHT -> dw2ms2ge
  HGBER01   Berenn
    level: 20 -> 26
    generalScript: hgber01 -> 
    defaultScript: berenn -> dw#pr129
  HGFEL01   Fell Cat
    defaultScript: WTASIGHT -> dw2mp2mo
    weapon1: P3-12M4 -> dw#fell
  HGMAG01   Fire Giant Mage
    classScript: mage18b -> 
    defaultScript: WTASIGHT -> dw#mg219
  HGMAG02   Fire Giant Mage
    classScript: mage18c -> 
    defaultScript: WTASIGHT -> dw#mg220
  HGMIS01   Vampiric Wraith
    defaultScript: WTASIGHT -> dw2ms2ge
  HGMND2    Shambling Mound
    defaultScript: WTASIGHT -> dw2mc2ge
  HGMOUND   Shambling Mound
    defaultScript: WTASIGHT -> dw2mc2ge
  HGNYA01   Nyalee
    level: 20 -> 27
    defaultScript: None -> dw#pr130
    weapon2:  -> DW#SHNFI
  HGNYMPH   Nymph
    defaultScript: WTASIGHT -> dw2ms2ge
  HGSAL01   Salamander
    defaultScript: WTASIGHT -> dw2mp2mo
  HGSKL01   Skeleton Cleric
    level: 20 -> 25
    defaultScript: ccler20b -> dw#pr131
  HGSKL02   Skeleton Assassin
    level: 20 -> 24
    defaultScript: cassa20b -> dw3mm2as
  HGSKL03   Skeleton Mage
    defaultScript: CMAGE20B -> dw#mg221
  HGSKL04   Skeleton Warrior
    defaultScript: wtasight -> dw2ms2ge
  HGSKU01   Flaming Skull
    level: 14 -> 20
    weapon1:  -> DW#SKRNG
  HGSLV01   Slave Woman
    generalScript: None -> dw#gphlp
    defaultScript: gpmerc -> dw3mm2be
  HGTRL01   Fire Troll
    defaultScript: WTASIGHT -> dw2mp2ge
    amulet: MONHP1 -> 
  HGTRL02   Fire Troll
    defaultScript: WTASIGHT -> dw2mp2ge
  HGWAR01   Fire Giant
    overrideScript: GRPSHT01 -> dw#mkfgi
    defaultScript: CFIGH20B -> dw2mc2be
  HGWAR02   Elite Fire Giant
    level: 20 -> 23
    generalScript: None -> D0FGIANT
    defaultScript: D0FGIANT -> dw3ms2be
  HGWRA03   Devil Shade
    defaultScript: WTASIGHT -> dw2ms2ge
  HIDDEN    Hidden
    level: 8 -> 12
    defaultScript: WTASIGHT -> 
  HLARCH    Archer
    defaultScript: WTARSGT -> dw2rs2ge
    weapon2:  -> SW1H04
  HLASSA    Assassin
    defaultScript: wtasight -> dw2ms2as
  HLCLERIC  Cleric
    overrideScript: pries12a -> 
    defaultScript: wtasight -> dw#pr132
  HLDEMI    Kangaxx the Demilich
    level: 27 -> 30
    overrideScript: shoutdlg -> dw#kanga
    classScript: demilich -> shoutdlg
    defaultScript: None -> dw#mg562
  HLFIGHT   Fighter
    defaultScript: WTASIGHT -> dw2ms2ge
  HLHIVE    Hive Mother
    class: BEHOLDER -> MAGE
    generalScript: BEHOLD01 -> behhiv01
    defaultScript: WTASIGHT -> 
    lring: BEHOLDER -> 
  HLKANG    Kangaxx the Lich
    level: 27 -> 30
    classScript: mage18d -> 
    defaultScript: wtasight -> dw#mg222
  HLKETTA   Ketta
    defaultScript: wtasight -> dw2ms2th
  HLKETTA2  Ketta
    defaultScript: wtasight -> dw2ms2th
  HLKOSHI   Koshi
    classScript: kensai -> 
    raceScript: gpuse -> 
    defaultScript: wtasight -> dw2ms2ke
  HLLAYEN   Layene
    level: 18 -> 25
    overrideScript: dx#layen -> dw#ruhlp
    classScript: Mage20b -> dx#layen
    raceScript: None -> 
    defaultScript: WTARSGT -> dw#mg223
  HLLICH    Elemental Lich
    level: 20 -> 30
    classScript: mage20b -> 
    defaultScript: wtasight -> dw#mg224
  HLMAFER   Maferan
    classScript: gpuse -> 
    defaultScript: WTASIGHT -> dw2ms2ba
  HLMAGE    Mage
    defaultScript: MAGE12A -> dw#mg225
  HLOLAF    Olaf Rassmusen
    classScript: gpuse -> 
    defaultScript: WTASIGHT -> dw2ms2be
  HLORB     Elder Orb
    defaultScript: WTASIGHT -> 
  HLREVAN   Revanek
    overrideScript: None -> dw#ruhlp
    generalScript: USEITEM -> 
    defaultScript: WTARSGT -> dw2ms2ge
  HLSHADE   Shade Lich
    level: 20 -> 30
    classScript: mage20a -> 
    defaultScript: wtasight -> dw#mg226
  HLSHANG   Shangalar
    level: 26 -> 29
    classScript: mage20c -> 
    defaultScript: wtasight -> dw#mg227
  HLSHYR    Shyressa
    class: VAMPIRE -> FIGHTER_THIEF
    overrideScript: dx#layen -> dw#ruhlp
    classScript: None -> dx#layen
    defaultScript: WDASIGHT -> 
    lring: VAMPREG2 -> VAMPREG
    weapon2:  -> DW#BLDD2
    weapon3:  -> DW#VMWOL
    weapon4:  -> DW#VMBAT
  HLSION    Sion
    level: 18 -> 22
    defaultScript: WTARSGT -> dw#mg228
  HLSTAL    Stalman
    level: 16 -> 24
    classScript: pries18a -> 
    defaultScript: wtasight -> dw#pr133
  HLVAXAL   Vaxall
    level: 9 -> 20
    overrideScript: None -> dw#ruhlp
    generalScript: BEHELD01 -> 
    defaultScript: WTASIGHT -> dw#mg551
    lring: BEHOLDER -> 
  HMELVIN   Squire Melvin
    defaultScript: WTASIGHT -> dw2ms2ge
  HOBARC01  Hobgoblin Archer
    class: THIEF -> HOBGOBLIN
    defaultScript: WTASIGHT -> dw2rs2ge
  HOBARC02  Hobgoblin Archer
    defaultScript: WTASIGHT -> dw2rs2ge
  HOBCAP01  Hobgoblin Captain
    class: PALADIN -> HOBGOBLIN
    defaultScript: WTASIGHT -> dw2ms2ge
  HOBELI01  Hobgoblin Elite
    defaultScript: WTARSGT -> dw2rs2ge
  HOBGOB01  Gerg
    raceScript: WTASIGHT -> 
    defaultScript: None -> dw2ms2ge
  HOBSHA01  Hobgoblin Shaman
    raceScript: HGSHAM01 -> 
    defaultScript: WTASIGHT -> dw#pr134
  HOBWAR01  Hobgoblin Warrior
    raceScript: HGWARR01 -> 
    defaultScript: WTASIGHT -> dw2ms2ge
  HOBWIZ01  Hobgoblin Wizard
    defaultScript: WTASIGHT -> dw#mg229
  HPRELATE  Prelate Wessalen
    defaultScript: WTASIGHT -> dw3ms2pa
  HSPECTR1  Spectral Harpist
    defaultScript: WTASIGHT -> dw2ms2ge
  HSPECTR2  Spectral Harpist
    defaultScript: WTASIGHT -> dw2ms2ge
  HSPECTR3  Spectral Harpist
    defaultScript: WTASIGHT -> dw2ms2ge
  HURGISF   Hurgis Baltezan
    raceScript: gpuse -> 
    defaultScript: WTASIGHT -> dw2ms2pa
  HURGISR   Hurgis Baltezan
    raceScript: gpuse -> 
    defaultScript: WTASIGHT -> dw2ms2pa
  I#VHAND   Handmaiden of Lolth
    raceScript: priet12b -> 
    defaultScript: WTASIGHT -> dw#pr135
  I#VYOCH   Yochlol
    defaultScript: wtasight -> dw2ms2ge
  ICBONE01  Bone Golem
    defaultScript: WTASIGHT -> dw2ms2ge
  ICGOB01   Goblin
    class: THIEF -> HOBGOBLIN
    defaultScript: WTASIGHT -> dw2rs2ge
    weapon2:  -> SW1H07
  ICGOB02   Goblin
    class: THIEF -> HOBGOBLIN
    defaultScript: WTASIGHT -> dw2rs2ge
    weapon2:  -> SW1H07
  ICGOB03   Goblin
    overrideScript: None -> gensht01
    raceScript: KOBOLDF -> 
    defaultScript: WTASIGHT -> dw2ms2ge
  ICGOB04   Goblin Captain
    overrideScript: None -> gensht01
    raceScript: KOBOLDF -> 
    defaultScript: WTASIGHT -> dw2ms2ge
  ICLIZ01   Lizard Man
    raceScript: WTASIGHT -> 
    defaultScript: None -> dw2mp2ge
  ICLIZ02   Gorkale
    raceScript: WTASIGHT -> 
    defaultScript: None -> dw2mp2ge
  ICMARILI  Marilith
    defaultScript: wtasight -> dw2ms2ge
  ICMIN01   Minotaur
    raceScript: OGRE -> 
    defaultScript: WTASIGHT -> dw2ms2ge
  ICMYC01   Myconid
    defaultScript: WTASIGHT -> dw2mc2mo
  ICMYC02   Myconid King
    defaultScript: WTASIGHT -> dw2mc2mo
  ICSALCOL  Frost Salamander
    defaultScript: WDASIGHT -> dw2mp2mo
  ICSALFIR  Salamander
    defaultScript: WDASIGHT -> dw2mp2mo
  ICYUAN01  Yuan-ti
    overrideScript: None -> gensht01
    defaultScript: WTASIGHT -> dw2ms2mo
  ICYUAN02  Greater Yuan-ti
    overrideScript: None -> gensht01
    defaultScript: WTASIGHT -> dw2ms2mo
  ICYUAN03  Yuan-Ti Mage
    overrideScript: mage12d -> gensht01
    classScript: None -> 
    defaultScript: wtasight -> dw#mg230
  ICYUAN04  Yuan-ti Elite
    overrideScript: None -> gensht01
    defaultScript: WTASIGHT -> dw2ms2mo
  ICYUAN05  Yuan-ti Prince
    overrideScript: mage14d -> gensht01
    classScript: None -> 
    defaultScript: wtasight -> dw#mg231
  IDEMON02  Cambion
    defaultScript: WTASIGHT -> dw2ms2ge
  IDRYAD01  Ulene
    raceScript: SHOUT -> grpsht01
    defaultScript: WTASIGHT -> dw2mp2ge
  IDRYAD02  Cania
    overrideScript: SHOUT -> grpsht01
    defaultScript: WTASIGHT -> dw2mp2ge
  IDRYAD03  Elyme
    overrideScript: SHOUT -> grpsht01
    defaultScript: WTASIGHT -> dw2mp2ge
  IGIBBER   Gibberling
    defaultScript: WTASIGHT -> dw2ms2mo
  IGOLFLE1  Lesser Clay Golem
    defaultScript: wtasight -> dw2mc2mo
  IGOLFLE2  Lesser Clay Golem
    defaultScript: wtasight -> dw2mc2mo
  IGOLFLE3  Lesser Clay Golem
    defaultScript: WTASIGHT -> dw2mc2mo
  IGOLFLE4  Lesser Clay Golem
    defaultScript: WTASIGHT -> dw2mc2mo
  ILLASERA  Illasera
    classScript: ILLASERA -> inp1ivsg
    generalScript: INP1IVSG -> illasera
  ILLCAMB   Cambion
    defaultScript: WTASIGHT -> dw2ms2th
  ILLCAMB2  Cambion
    defaultScript: WTASIGHT -> dw2ms2th
  ILLUWERE  Werewolf
    general: HUMANOID -> MONSTER
    defaultScript: WTASIGHT -> dw2ms2ge
  IMNBOOK1  Book Merchant
    defaultScript: wtasight -> dw2mm2ge
  IMP01     Imp
    defaultScript: wtasight -> dw2mp2ge
  IMPQUA01  Quasit
    defaultScript: wtasight -> dw2mp2ge
  INSPECT   Lieutenant Aegisfield
    defaultScript: WTARSGT -> dw2rs2ge
  IOGREMAG  Ogre Mage
    generalScript: None -> 
    defaultScript: WTASIGHT -> dw#mg232
  IOTYUGH   Otyugh
    defaultScript: WTASIGHT -> dw2mc2mo
  IRETHF03  Assassin
    defaultScript: wtasight -> dw2ms2as
  IRETHF04  Shadow Thief Archer
    defaultScript: wtasight -> dw2rs2as
  IRETHF05  Shadow Thief Battlemage
    level: 6 -> 5
    generalScript: mage6a -> 
    defaultScript: wtasight -> dw#mg233
  IRLANA    Lady Irlana
    raceScript: PALAD10 -> 
    defaultScript: None -> dw2ms2pa
  ISAEA     Isaea Roenall
    defaultScript: WTASIGHT -> dw2mm2ge
  ISAMNG1   Amnian Soldier
    defaultScript: WTARSGT -> dw2mp2ge
  ISAMNG2   Amnian Soldier
    defaultScript: WTARSGT -> dw2mp2ge
  ISAMNG3   Amnian Soldier
    defaultScript: WTARSGT -> dw2mp2ge
  ISAMNG4   Amnian Soldier
    defaultScript: WTARSGT -> dw2mp2ge
  ISHADFT1  Assassin
    defaultScript: WTARSGT -> dw2rs2th
  ISHADMT1  Assassin
    generalScript: SHADMT01 -> 
    defaultScript: WTASIGHT -> dw#mg234
  ISHADTH1  Assassin
    defaultScript: WTASIGHT -> dw2rs2as
  ISHCLO01  Assassin
    defaultScript: wtasight -> dw2ms2as
  ISHTHF01  Assassin
    defaultScript: wtasight -> dw2ms2th
  ISHTHF02  Assassin
    generalScript: mage6a -> 
    defaultScript: wtasight -> dw#mg235
  ISHTHF03  Assassin
    defaultScript: wtasight -> dw2rs2th
  ISNFV1    Orion's Voice
    defaultScript: WTASIGHT -> dw2ms2ge
  ISNFXN    Ganymedes
    defaultScript: COWENF02 -> dw#mg236
  ISNFXO2   Orion
    classScript: MAGE16M -> 
    raceScript: USEITEM -> 
    defaultScript: WTARSGT -> dw#mg237
  ISNFXOR   Orion
    classScript: MAGE16M -> 
    raceScript: USEITEM -> 
    defaultScript: WTARSGT -> dw#mg238
  ISNFXPS   Heartwarden of Sune
    raceScript: PRIES12C -> 
    defaultScript: WTASIGHT -> dw#pr136
  ISNFXS1   Memory
    defaultScript: WTASIGHT -> dw2mp2ge
  ISNFXS2   Memory
    defaultScript: WTASIGHT -> dw2mp2ge
  ISNFXS3   Memory
    defaultScript: WTASIGHT -> dw2mp2ge
  ISNFXS4   Memory
    defaultScript: WTASIGHT -> dw2mp2ge
  ISNFXS5   Memory
    defaultScript: WTASIGHT -> dw2mp2ge
  ISNFXS6   Memory
    defaultScript: WTASIGHT -> dw2mp2ge
  ISNFXS7   Memory
    defaultScript: WTASIGHT -> dw2mp2ge
  ISNFXSP   Blind Spirit
    defaultScript: WTASIGHT -> dw2ms2ge
  IVAMP01   Vampire
    class: VAMPIRE -> FIGHTER_THIEF
    level: 8 -> 12
    defaultScript: WDASIGHT -> 
    lring: VAMPREG -> IMMUNE2
    rring:  -> VAMPREG
    weapon2:  -> DW#BLDD1
    weapon3:  -> DW#VMWOL
    weapon4:  -> DW#VMBAT
  J#IM8GR2  Carrack
    defaultScript: WTASIGHT -> dw2mp2ge
  J#IM8THG  Shadow Thief
    generalScript: WTASIGHT -> 
    defaultScript: None -> dw2mc2th
  J#IM8TO2  Torturer
    defaultScript: WTASIGHT -> dw2ms2ge
  J#IM8TOR  Torturer
    defaultScript: WTASIGHT -> dw2ms2ge
  JADE1     Lennah
    raceScript: gpuse -> 
    defaultScript: WTARSGT -> dw2rs2ge
  JADE2     Thenry
    raceScript: gpuse -> 
    defaultScript: WTASIGHT -> dw2mc2ge
  JADE3     Jeremon
    classScript: mage12c -> 
    defaultScript: WTARSGT -> dw#mg239
  JADE4     Chrost
    classScript: pries8b -> 
    defaultScript: WTASIGHT -> dw#pr137
  JADERMIN  Dermin Courtierdale
    classScript: mage6c -> 
    generalScript: gpuse -> 
    defaultScript: WTARSGT -> dw#mg240
  JAEL01    Hindra Jae'llat
    overrideScript: shoutdlg -> dw#jael1
    classScript: pries18b -> shout
    raceScript: None -> shoutdlg
    defaultScript: wtasight -> dw#pr138
  JAEL02    Rilloa Jae'llat
    overrideScript: pries14a -> shout
    classScript: None -> 
    defaultScript: wtasight -> dw#pr139
  JAEL03    Ist'tar Jae'llat
    overrideScript: Bregan -> shout
    classScript: None -> Bregan
    defaultScript: WTASIGHT -> dw2ms2ge
    shield:  -> DWSW1H02
    weapon2: DWSW1H02 -> 
  JAEL04    Jae'llat Guard
    overrideScript: SHOUT -> dw#jael2
    classScript: None -> SHOUT
    defaultScript: WTASIGHT -> dw2ms2ge
    helmet:  -> HELMNOAN
  JAERTO1   Jarden
    defaultScript: WTASIGHT -> dw2ms2ge
  JAERTO2   Turg
    defaultScript: WTASIGHT -> dw2ms2ge
  JAERTO3   Tamile
    defaultScript: WTASIGHT -> dw2ms2th
  JAERTO4   Wurn
    raceScript: pries8c -> 
    defaultScript: WTASIGHT -> dw#pr140
  JAERTOF   Ertof Dand
    defaultScript: WTASIGHT -> dw2ms2ge
  JAGA1     Bessen
    raceScript: mage12d -> 
    defaultScript: WTASIGHT -> dw#mg241
  JAGA2     Kail
    raceScript: gpuse -> 
    generalScript: kensai -> 
    defaultScript: WTASIGHT -> dw2ms2ke
  JAGA3     Nadinal
    raceScript: mage10b -> 
    defaultScript: WTASIGHT -> dw#mg242
  JAGA4     Iko
    raceScript: gpuse -> 
    defaultScript: WTASIGHT -> dw2rs2ge
  JAGALVAR  Galvarey
    raceScript: gpuse -> 
    defaultScript: WTARSGT -> dw2rs2ge
  JAHEI1    Harper
    raceScript: gpuse -> 
    defaultScript: WTARSGT -> dw2rs2ge
  JAHEI2    Harper
    raceScript: gpuse -> 
    defaultScript: WTASIGHT -> dw2mc2ge
  JAHEI3    Harper
    classScript: mage12c -> 
    defaultScript: WTARSGT -> dw#mg243
  JAHEI4    Harper
    classScript: pries8b -> 
    defaultScript: WTASIGHT -> dw#pr141
  JAMAGE1   Gracien
    level: 10 -> 9
    classScript: mage12a -> 
    defaultScript: WTARSGT -> dw#mg244
  JAMAGE2   Malacazar
    level: 10 -> 9
    classScript: mage12b -> 
    defaultScript: WTARSGT -> dw#mg245
  JANGIT01  Githyanki
    overrideScript: SHOUTDLG -> dw#gifmg
    classScript: jangit01 -> SHOUTDLG
    defaultScript: None -> dw#mg246
  JAREV1    Harper
    raceScript: gpuse -> 
    defaultScript: WTARSGT -> dw2rs2ge
  JAREV2    Harper
    raceScript: gpuse -> 
    defaultScript: WTASIGHT -> dw2mc2ge
  JAREV3    Harper
    classScript: mage12c -> 
    defaultScript: WTARSGT -> dw#mg247
  JAREV4    Harper
    classScript: pries8b -> 
    defaultScript: WTASIGHT -> dw#pr142
  JAREVIA   Reviane
    raceScript: gpuse -> 
    defaultScript: WTASIGHT -> dw2mp2ge
  JARLAXLE  Jarlaxle
    defaultScript: WTASIGHT -> dw2mm2ge
  JARLICH   Deirex
    level: 18 -> 28
    classScript: mage18d -> 
    generalScript: wtasight -> 
    defaultScript:  -> dw#mg248
  JATERMIN  Terminsel
    raceScript: wtasight -> 
    defaultScript: None -> dw2mc2ge
  JAYES     Jayes
    defaultScript: wtasight -> dw2rs2th
  JAYLOS    Jaylos
    defaultScript: WTASIGHT -> dw2rs2th
  JCLONE01  Calahan
    defaultScript: WTASIGHT -> dw2ms2ge
  JELGRA01  Gray Ooze
    defaultScript: wtasight -> dw2rc2mo
    weapon2:  -> DW#JELGR
  JELGRE01  Green Slime
    defaultScript: wtasight -> dw2mc2mo
    weapon2:  -> DW#JELGR
  JELLGR    Gray Ooze
    defaultScript: wtasight -> dw2rm2mo
  JELLMU    Mustard Jelly
    defaultScript: wtasight -> dw2rc2mo
    weapon2:  -> DW#JELMU
  JELLMUSU  Mustard Jelly
    defaultScript: WTASIGHT -> dw2rc2mo
    weapon2:  -> DW#JELMU
  JELLOC    Ochre Jelly
    raceScript: WTASIGHT -> 
    defaultScript: None -> dw2rc2mo
    weapon2:  -> DW#JELOC
  JELLYGR   Green Slime
    defaultScript: wtasight -> dw2mc2mo
  JELMUS01  Mustard Jelly
    defaultScript: wtasight -> dw2rc2mo
    weapon2:  -> DW#JELMU
  JELOCH01  Ochre Jelly
    raceScript: WTASIGHT -> 
    defaultScript: None -> dw2rc2mo
    weapon2:  -> DW#JELOC
  JELOLI01  Olive Slime
    raceScript: WTASIGHT -> 
    defaultScript: None -> dw2mc2mo
  JOLUS     Sir Jolus
    defaultScript: WTASIGHT -> dw2ms2pa
  JON1      Jon Irenicus
    defaultScript: WTASIGHT -> dw2mc2ge
  JONDAL    Jondalar
    generalScript: WTASIGHT -> 
    defaultScript: None -> dw2mc2ge
  JONDAL3   Jondalar
    general: HUMANOID -> MONSTER
    generalScript: WTASIGHT -> 
    defaultScript: None -> dw2mc2ge
  JONDALW   Jondal
    general: HUMANOID -> MONSTER
    classScript: WTASIGHT -> 
    defaultScript: None -> dw2ms2ge
  JONDEM01  Glabrezu
    level: 10 -> 17
    overrideScript: jondem01 -> demglab2
    defaultScript: WTASIGHT -> dw2mc2ge
  JONDEM02  Balor
    level: 10 -> 24
    overrideScript: jondem02 -> dembal01
    classScript: demptj -> 
    defaultScript: WTASIGHT -> dw2mc2ge
    shield:  -> dw#balwp
    weapon1: B3-18M3 -> balor
  JONDEM03  Glabrezu
    level: 10 -> 17
    overrideScript: jondem03 -> demglab2
    defaultScript: WTASIGHT -> dw2mc2ge
  JONDEM04  Balor
    level: 10 -> 24
    overrideScript: jondem04 -> dembal01
    classScript: demptj -> 
    defaultScript: WTASIGHT -> dw2mc2ge
    shield:  -> dw#balwp
    weapon1: B3-18M3 -> balor
  JONDEM05  Glabrezu
    level: 10 -> 17
    overrideScript: JONDEM05 -> demglab2
    defaultScript: WTASIGHT -> dw2mc2ge
  JUGDAR01  Daar
    defaultScript: wtasight -> dw2mc2ge
  JUGJER01  Jermien
    raceScript: mage14a -> 
    defaultScript: wtasight -> dw#mg249
  JUGJUG02  Stone Golem
    defaultScript: WDASIGHT -> dw2mc2mo
  JY_00DB   Greater Displacer Beast
    defaultScript: WTASIGHT -> dw2mp2th
  JY_00DB1  Displacer Beast
    defaultScript: WTASIGHT -> dw2mp2th
  KALAH     Kalah
    defaultScript: None -> dw#mg250
  KAMIR     Kamir
    defaultScript: WTASIGHT -> dw2ms2pa
  KAOL      Kaol
    classScript: mage12d -> 
    generalScript: useitem -> 
    defaultScript: wtasight -> dw#mg251
  KAYL1     Sir Ryan Trawl
    raceScript: PALAD10 -> kayl1
    generalScript: kayl1 -> CBXTRSDS
    defaultScript: CBXTRSDS -> dw2ms2pa
  KAYL2     Sir Ryan Trawl
    raceScript: PALAD10 -> 
    defaultScript: WTASIGHT -> dw2ms2pa
  KAYPAL01  Anarg
    raceScript: useitem -> 
  KAYPAL02  Reynald de Chatillon
    raceScript: useitem -> 
  KDEMON01  Cambion
    defaultScript: WTASIGHT -> dw2ms2ge
  KEARTH    Earth Elemental
    defaultScript: WDASIGHT -> dw2mc2mo
  KENDAK    Sir Laren
    defaultScript: WTARSGT -> dw2mc2ge
  KGENIE1   Genie
    defaultScript: WTASIGHT -> dw2mc2ge
  KGENIE2   Genie
    defaultScript: WTASIGHT -> dw2mc2ge
  KHELLOR   Khellor Ahmson
    generalScript: WTASIGHT -> DPLAYER
    defaultScript: DPLAYER -> dw2ms2ge
  KINDAI    Kindail
    generalScript: WTARSGT -> DPLAYER
    defaultScript: DPLAYER -> dw2rm2ge
  KIVAN     Kivan
    generalScript: WTARSGT -> DPLAYER
    defaultScript: DPLAYER -> dw2rp2ge
  KIVAN4    Kivan
    generalScript: WTARSGT -> DPLAYER
    defaultScript: DPLAYER -> dw2rp2ge
  KIVAN6    Kivan
    generalScript: WTARSGT -> DPLAYER
    defaultScript: DPLAYER -> dw2rp2ge
  KOBALD01  Kobold
    defaultScript: WTASIGHT -> dw2ms2ge
  KOBARC01  Kobold
    class: THIEF -> KOBOLD
    defaultScript: WTASIGHT -> dw2rs2ge
  KOBCAP01  Kobold Captain
    class: PALADIN -> KOBOLD
    defaultScript: WTASIGHT -> dw2rs2ge
  KOBCOM01  Kobold Commando
    defaultScript: WDARSGT -> dw2rs2ge
  KOBSCR01  Kobold Scribe
    class: KOBOLD -> MAGE
    generalScript: mage10c -> 
    defaultScript: WTASIGHT -> dw#mg252
  KOBSHA01  Kobold Shaman
    class: PALADIN -> KOBOLD
    defaultScript: WTASIGHT -> dw2mc2ge
  KOBSLA01  Kobold Slave
    defaultScript: WDARSGT -> dw2rs2ge
  KOBSWI01  Kobold Swift
    defaultScript: WTASIGHT -> dw2mm2ge
  KOBWAR01  Kobold
    defaultScript: WTASIGHT -> dw2ms2ge
  KOBWIT01  Kobold Witch Doctor
    class: PALADIN -> MAGE
    classScript: mage6a -> 
    defaultScript: None -> dw#mg253
  KORGOO01  Goon
    defaultScript: WTASIGHT -> dw2ms2ge
  KORGOO02  Goon
    defaultScript: WTASIGHT -> dw2ms2ge
  KORPIMG1  Pimlico Guard
    defaultScript: wtasight -> dw2rs2ge
  KORSCROO  Scrooloose
    defaultScript: WTASIGHT -> dw2ms2th
  KORSHAG   Shagbag
    defaultScript: WTASIGHT -> dw2ms2ge
  KPCAPT01  Captain Arat
    defaultScript: WTARSGT -> dw2rs2ge
  KPCAPT02  Captain Cernick
    defaultScript: WTARSGT -> dw2rs2ge
  KPCAPT03  Captain Cernick
    defaultScript: WTARSGT -> dw2rs2ge
  KPCHAP01  Bolumir
    level: 10 -> 9
    overrideScript: priest12 -> 
    defaultScript: None -> dw#pr143
  KPGATE01  Guard
    defaultScript: WTASIGHT -> dw2ms2ge
  KPGATE02  Guard
    defaultScript: WTASIGHT -> dw2ms2ge
  KPGLAI01  Glaicus
    raceScript: GPUSE -> 
    defaultScript: WTASIGHT -> dw2ms2ge
  KPGOL01   Flesh Golem
    defaultScript: WTASIGHT -> dw2mc2mo
  KPGOL02   Clay Golem
    defaultScript: WTASIGHT -> 
  KPGOL03   Stone Golem
    defaultScript: WTASIGHT -> 
  KPGOL04   Iron Golem
    defaultScript: WTASIGHT -> 
  KPGOL05   Stone Golem
    defaultScript: WTASIGHT -> 
  KPGOL06   Flesh Golem
    defaultScript: WTASIGHT -> dw2mc2mo
  KPGRD01   Lastin
    defaultScript: WTASIGHT -> dw2ms2ge
  KPRANG01  Jessup
    defaultScript: WTASIGHT -> dw2mm2ge
  KPROEN01  Lord Roenall
    defaultScript: WTASIGHT -> dw2ms2ge
  KPROEN02  Roenall Guard
    defaultScript: WTARSGT -> dw2rp2ge
  KPROEN03  Roenall Guard
    classScript: KPROEN02 -> 
    defaultScript: wtasight -> dw#mg254
  KPROEN04  Roenall Soldier
    defaultScript: WTASIGHT -> dw2ms2ge
  KPROEN05  Roenall Soldier
    defaultScript: WTARSGT -> dw2rs2ge
  KPSHAM01  Yuan-Ti Mage
    overrideScript: mage12d -> 
    defaultScript: wtasight -> dw#mg255
  KPSOLD01  Hendron
    defaultScript: WTASIGHT -> dw2mp2ge
  KPSOLD02  de'Arnise Guard
    defaultScript: WTARSGT -> dw2rp2ge
  KPSOLD03  de'Arnise Guard
    defaultScript: WTARSGT -> dw2rp2ge
  KPSOLD04  de'Arnise Guard
    defaultScript: WTARSGT -> dw2rp2ge
  KPSOLD05  de'Arnise Guard
    defaultScript: WTARSGT -> dw2rp2ge
  KPSOLD06  de'Arnise Guard
    defaultScript: WTASIGHT -> dw2ms2ge
  KPSOLD07  de'Arnise Guard
    defaultScript: WTARSGT -> dw2rs2ge
  KPSOLD08  de'Arnise Guard
    defaultScript: WTARSGT -> dw2rp2ge
  KPSOLD09  de'Arnise Guard
    generalScript: pries6a -> 
    defaultScript: WTARSGT -> dw#pr144
  KPSOLD10  de'Arnise Guard
    defaultScript: WTARSGT -> dw2mm2ge
  KPTROL01  Troll
    defaultScript: WTASIGHT -> dw2mp2ge
    amulet: MONHP1 -> 
  KPTROL02  Troll
    defaultScript: WTASIGHT -> dw2mp2ge
    amulet: MONHP1 -> 
  KPTROL03  Troll
    defaultScript: WTASIGHT -> dw2mp2ge
    amulet: MONHP1 -> 
  KPTROL04  Troll
    defaultScript: WTASIGHT -> dw2mp2ge
    amulet: MONHP1 -> 
  KPTROL05  Troll
    defaultScript: WTASIGHT -> dw2mp2ge
    amulet: MONHP1 -> 
  KPTROL06  Ice Troll
    defaultScript: WTASIGHT -> dw2mp2ge
    amulet: MONHP1 -> 
  KPTROL13  Troll
    defaultScript: WTASIGHT -> dw2mp2mo
    amulet: MONHP1 -> 
  KPUMB01   Umber Hulk
    defaultScript: WTASIGHT -> dw2mc2mo
  KPYUAN01  Greater Yuan-ti
    defaultScript: WTASIGHT -> dw2ms2ge
  KRUIN     Kruin
    level: 10 -> 15
    classScript: gpuse -> 
    raceScript: gith06 -> 
    defaultScript: wtasight -> dw#mg256
  KSHADOW   Shadow
    defaultScript: WTASIGHT -> dw2ms2ge
  KUOARC20  Kuo-toan Archer
    defaultScript: kuoarc20 -> dw3rp2ge
    weapon2:  -> KUOSPER
  KUOCAP01  Kuo-toan Captain
    defaultScript: WTARSGT -> dw2rp2ge
  KUOCLE20  Kuo-toan Captain
    level: 20 -> 29
    defaultScript: ccler20b -> dw#pr145
  KUOLIE01  Kuo-toan Lieutenant
    defaultScript: WTARSGT -> dw2rp2ge
  KUOMAG01  Kuo-toan Wizard
    raceScript: kuomag01 -> 
    defaultScript: WTASIGHT -> dw#mg257
  KUOMON01  Kuo-toan Monitor
    defaultScript: WTASIGHT -> dw2ms2ge
  KUOPRI01  Kuo-toan Priest
    raceScript: pries10b -> 
    defaultScript: WTARSGT -> dw#pr146
  KUOTOA01  Kuo-toan Warrior
    defaultScript: WTARSGT -> dw2rp2ge
  KUOWAR01  Kuo-toan Warrior
    classScript: gparcher -> dw#gphlp
    raceScript: None -> 
    defaultScript: WTASIGHT -> dw2rp2ge
  KUOWAR20  Kuo-toan Warrior
    defaultScript: KUOWAR20 -> dw3mp2be
  KUOWHI01  Kuo-toan Whip
    defaultScript: WTARSGT -> dw2rp2th
  KWEREWL   Werewolf
    general: HUMANOID -> MONSTER
    defaultScript: WTASIGHT -> dw2ms2ge
  KYLIE     Kylie Jansen
    raceScript: gpuse -> 
    defaultScript: WTASIGHT -> dw2mp2th
  KYLIE1    Kylie Jansen
    raceScript: gpuse -> 
    defaultScript: WTASIGHT -> dw2mp2th
  L#2EDJCK  Jackly
    generalScript: WTASIGHT -> 
    defaultScript:  -> dw2mc2ge
  L#2EDVAM  Eddard
    defaultScript: WDASIGHT -> dw2ms2ge
  L#2SDEDB  Buyer
    defaultScript: WTASIGHT -> dw2ms2th
  L#2SDEDG  Shady Character
    defaultScript: WTASIGHT -> dw2ms2th
  L#2SDEDQ  Vully
    generalScript: WTASIGHT -> 
    defaultScript: NONE -> dw2ms2ge
  L#2SDEDS  Seller
    defaultScript: WTASIGHT -> dw2ms2th
  L#2SDELD  Eldoth
    generalScript: WTARSGT -> 
    defaultScript:  -> dw2rs2ge
  L#2SDLIC  Xamh the Retired
    level: 11 -> 9
    classScript: MAGE18D -> 
    generalScript: WTASIGHT -> 
    defaultScript:  -> dw#mg258
  L#2SDMO4  Soultaker's Manifestation
    anim: TANARRI -> FIEND_GREEN
    level: 1 -> 12
    generalScript: WTASIGHT -> 
    defaultScript: NONE -> dw2ms2ge
    weapon1: S1-10 -> BL3-12M4
  L#2SDNM1  Soul Miasma
    defaultScript: WTASIGHT -> dw2mc2mo
  L#2SDNM2  Soultaker Golem
    defaultScript: WDASIGHT -> dw2mc2mo
  L#2SDPIR  Pirate
    defaultScript: WTASIGHT -> dw2rs2ge
  L#2SDVO1  Her Naïvety
    defaultScript: WTASIGHT -> dw2rm2mo
  L#2SDVO2  Her Father's Expectation
    defaultScript: WTASIGHT -> dw2ms2mo
  L#2SDVO3  Her Reckless Bravado
    defaultScript: WTASIGHT -> dw2ms2mo
  L#2SDVO4  Her Hooded Oppressor
    defaultScript: WTASIGHT -> dw2mp2mo
  L#2SDVO5  Her Leader
    defaultScript: WTASIGHT -> dw2ms2mo
  L#2SDVO6  Her Grief and Stings of Remorse
    defaultScript: WTASIGHT -> dw2ms2mo
  L#2SDVO7  Her Indiscipline
    defaultScript: WTASIGHT -> dw2ms2mo
  L#2SDVOA  Hurtful Mockery
    defaultScript: WTASIGHT -> dw2mc2ge
  L#2SDVOC  Reckless Decision
    defaultScript: WTASIGHT -> dw2ms2mo
  L#2SDVOE  Murderous Command
    defaultScript: WTASIGHT -> dw2ms2mo
  L#2SDVOG  Flaming Fist Enforcer
    defaultScript: WTASIGHT -> dw2ms2ge
  L#ADV1    Toracz
    defaultScript: WTASIGHT -> dw2mc2ge
  L#ADV2    Joah
    defaultScript: WTASIGHT -> dw2mm2ge
  L#AFDRA   Vivembirondt
    defaultScript: WTASIGHT -> dw2ms2mo
  L#AFRAT   Enraged Rat
    raceScript: WDASIGHT -> 
    defaultScript: NONE -> dw2mm2mo
  L#ASGHO   Ghost
    defaultScript: WTASIGHT -> dw2ms2ge
  L#ASGU1   Amnian Soldier
    defaultScript: WTASIGHT -> dw2mp2ge
  L#ASGU2   Amnian Soldier
    defaultScript: WTASIGHT -> dw2mp2ge
  L#ASGUD   Barker
    defaultScript: WTASIGHT -> dw2mp2mo
  L#ASKIL   Mugger
    defaultScript: WTASIGHT -> dw2rs2th
  L#ASPT2   Bijmal
    defaultScript: WTASIGHT -> dw2ms2ge
  L#ASPTH   Thief
    defaultScript: WTASIGHT -> dw2rs2th
  L#ASSIR   Copper Sirine
    defaultScript: WTARSGT -> dw2rc2mo
  L#ASTHI   Ivthi
    defaultScript: WTASIGHT -> dw2mp2th
  L#ASTHU   Thug
    raceScript: WTASIGHT -> 
    defaultScript: WTASIGHT -> dw2rs2ge
  L#FOGR2   Gray Hag
    defaultScript: WTASIGHT -> dw2ms2ge
  L#FOGRA   Gray Spectre
    defaultScript: WTASIGHT -> dw2mm2ge
  L#FOUD    Thaxll'ssillyia
    defaultScript: WTASIGHT -> dw2mm2mo
  L#FSPS2   Shadow
    defaultScript: WTASIGHT -> dw2ms2ge
  L#GUAR    Misty Guardian
    defaultScript: WTASIGHT -> dw2mc2ge
  L#JNBONE  Dried Bones
    defaultScript: WTASIGHT -> dw2mc2ge
  L#JNCOWE  Starving Coyotlwere
    general: HUMANOID -> MONSTER
    classScript: WTASIGHT -> 
    defaultScript: None -> dw2ms2ge
  L#JNCOY   Coyote
    classScript: DREADWLF -> 
    defaultScript: wtasight -> dw2mp2mo
  L#JNDYBB  Dybbuk-Possessed Priest
    generalScript: WTASIGHT -> 
    defaultScript: NONE -> dw2ms2ge
  L#JNENE   Eneothêp, The Stone-Sickle
    defaultScript: WTASIGHT -> dw2rs2ge
  L#JNENE2  Eneothêp, The Stone-Sickle
    defaultScript: WTASIGHT -> dw2rs2ge
  L#JNHSN   Sythlissvin, The Snake Father
    defaultScript: WTASIGHT -> dw2mc2mo
  L#JNJACW  Jackalwere
    general: HUMANOID -> MONSTER
    classScript: WTASIGHT -> 
    defaultScript: NONE -> dw2ms2ge
  L#JNMINI  That with Burnt Wings
    defaultScript: WTASIGHT -> dw2mc2ge
  L#JNSGUA  Scorched Phoenix Guard
    defaultScript: WDASIGHT -> dw2ms2ge
  L#JNSNA   Sand Snake
    defaultScript: WTASIGHT -> dw2mp2mo
  L#JNSUC   Succubus
    level: 6 -> 12
  L#NDC1    Sirine
    defaultScript: WTARSGT -> dw2rc2mo
  L#NDC2    Greater Ankheg
    defaultScript: WTASIGHT -> dw2rc2mo
  L#NDGNO   Ghurklu
    raceScript: WTASIGHT -> 
    defaultScript: NONE -> dw2mm2ge
  L#NDPAR   Parasite
    defaultScript: WDASIGHT -> dw2rm2ge
  L#NDPLA   Nervous Bard
    defaultScript: WTASIGHT -> dw2mm2ke
  L#NDRAT   More Than Just a Rat
    defaultScript: WTASIGHT -> dw2ms2mo
  L#NDSMU   Rory the Merchant
    defaultScript: WTASIGHT -> dw2mm2th
  L#NDVAM   Crynn
    defaultScript: WTASIGHT -> dw2mc2ge
  L#NI6CQ   Nikt
    classScript: MAGE16M -> 
    defaultScript:  -> dw#mg259
  L#NICLE   Priestress of Umberlee
    classScript: PRIES18B -> 
    raceScript: PRIES18B -> 
    generalScript: PRIES18B -> 
    defaultScript: WTASIGHT -> dw#pr147
  L#NIDRUI  Oola
    level: 10 -> 9
    classScript: DRUID10A -> 
    defaultScript:  -> dw#pr148
    weapon2:  -> DW#SHNBR
  L#NIJAA   Jaalv
    raceScript: MAGE18B -> 
    defaultScript: NONE -> dw#mg260
  L#NIJAA2  Jaalv
    raceScript: MAGE18B -> 
    defaultScript: NONE -> dw#mg261
  L#NIJAA3  Tyalavah
    defaultScript: WTASIGHT -> dw2ms2mo
  L#NIMF0   Ila'thashagh
    level: 8 -> 12
    defaultScript: WTASIGHT -> 
  L#NIMF5   Uklj the Serpent of Infinity
    defaultScript: WTASIGHT -> dw2ms2ge
  L#NIMF6   Ukk'an the Bone of Wrath
    defaultScript: PRIES12A -> dw#pr149
  L#NINOB   Antisocial Noble
    classScript: MAGE16M -> 
    defaultScript:  -> dw#mg262
  L#NIOOD   Angry Man
    defaultScript: WTASIGHT -> dw2rs2ge
  L#NISNA   Tromblo
    defaultScript: WTASIGHT -> dw2mp2mo
  L#NSBAS1  Greater Basilisk
    defaultScript: WTASIGHT -> dw2rm2mo
  L#NSCHIL  Biya
    defaultScript: WTASIGHT -> dw2ms2mo
  L#NSCLE   Vulab
    defaultScript: WTASIGHT -> dw2rm2ge
  L#NSNYM   Nym
    defaultScript: WTASIGHT -> dw2ms2th
  L#NSSULJ  Suljak
    defaultScript: WTASIGHT -> dw2rm2mo
  L#NWDOP1  Koreeh
    general: HUMANOID -> MONSTER
    defaultScript: WTASIGHT -> dw2ms2ge
  L#NWDOP2  Hex
    general: HUMANOID -> MONSTER
    defaultScript: WTASIGHT -> dw2ms2ge
  L#NWGL1   Jin Kito
    defaultScript: WTARSGT -> dw2ms2ge
  L#NWGL2   Bo the Scaled
    defaultScript: WTASIGHT -> dw2rs2pa
  L#NWGL3   Fhalur Dendark
    defaultScript: WTARSGT -> dw2ms2ge
  L#NWINN   The Napping Rooms' Creator
    defaultScript: WTASIGHT -> dw2ms2ge
  L#NWOER   Quiet Woman
    defaultScript: WTASIGHT -> dw2ms2ge
  L#NWOERE  Aafroya'ghin
    generalScript: WTASIGHT -> 
    defaultScript:  -> dw2mp2ge
  L#NWOERX  Minotaur
    classScript: WTASIGHT -> 
    defaultScript:  -> dw2mc2mo
  L#NWSUM   Johef
    classScript: MAGE16M -> 
    raceScript: USEITEM -> 
    defaultScript: WTARSGT -> dw#mg263
  L#RAT     Faded-to-Gray
    raceScript: WDASIGHT -> 
    defaultScript: NONE -> dw2ms2mo
  L#RVBANS  Geist
    defaultScript: WTASIGHT -> dw2mc2ge
  L#RVBAT   Barovian Bat
    generalScript: WTASIGHT -> 
    defaultScript: NONE -> dw2mp2mo
  L#RVBBB   Crooked Death's Head Tree
    defaultScript: WTASIGHT -> dw2rm2mo
  L#RVBBBH  Dreadful Head
    defaultScript: WTASIGHT -> dw2mc2mo
  L#RVBOAR  Angered Boar
    generalScript: WTASIGHT -> 
    defaultScript:  -> dw2mc2mo
  L#RVCHSU  Misty
    defaultScript: WTASIGHT -> dw2ms2ge
  L#RVGOLE  Wax Golem
    classScript: WTASIGHT -> 
    defaultScript:  -> dw2mc2mo
  L#RVHONE  Necrotic Honey
    raceScript: WTASIGHT -> 
    defaultScript: NONE -> dw2mc2mo
  L#RVKNI   Undead Knight
    defaultScript: WTASIGHT -> dw2ms2th
  L#RVLOUP  Viâsz, the Loup Garou
    general: HUMANOID -> MONSTER
    classScript: WTASIGHT -> 
    defaultScript: NONE -> dw2ms2ge
  L#RVMAGG  Bloodlusty Maggot
    defaultScript: WTASIGHT -> dw2ms2mo
  L#RVQUEE  Evemorî Ernica-Bloodjacket
    defaultScript: WTASIGHT -> dw2mp2ge
  L#RVSKLP  Skeletal Priest
    classScript: PRIES12C -> 
    defaultScript: PRIES12C -> dw#pr150
  L#RVSNAK  Snake
    defaultScript: WTASIGHT -> dw2mp2mo
  L#RVSTA   Necromancer
    defaultScript: WTASIGHT -> dw2mc2ge
  L#RVSWA2  Buzzing Swarm
    classScript: WTASIGHT -> 
    defaultScript: NONE -> dw2mp2mo
  L#RVSWAR  Buzzing Swarm
    classScript: WTASIGHT -> 
    defaultScript: NONE -> dw2mp2mo
  L#RVTREA  Bloodied Treant
    defaultScript: WTASIGHT -> dw2mc2mo
  L#RVVAMP  Sjerhan
    defaultScript: WDASIGHT -> dw2mc2ge
  L#RVWERE  Bee-Covered Werewolf
    general: HUMANOID -> MONSTER
    classScript: WTASIGHT -> 
    defaultScript: NONE -> dw2ms2ge
  L#RVZDOE  Zombie Doe
    defaultScript: WTASIGHT -> dw2mp2mo
  L#RVZOMB  Fog Cadaver
    defaultScript: WTASIGHT -> dw2mc2mo
  L#SHA1    Shadow
    defaultScript: WTASIGHT -> dw2ms2ge
  L#USHA11  Werewolf
    general: HUMANOID -> MONSTER
  L#XZEBD1  Krandy Valinsz
    defaultScript: WTASIGHT -> dw2rs2ge
  L#XZEBD2  Bennick Valinsz
    defaultScript: WTASIGHT -> dw2rs2ge
  L#XZEBD3  Vigin Valinsz
    defaultScript: WTASIGHT -> dw2rs2ge
  L#XZEWR2  Livri
    defaultScript: WTASIGHT -> dw2mm2mn
  L#XZEWRA  Cvann
    defaultScript: WTASIGHT -> dw2mm2mn
  L-BREG3   D'aerthe Guard
    defaultScript: WTASIGHT -> dw2ms2ge
  L-MAGE01  Cowled Enforcer
    classScript: mage18c -> 
    defaultScript: None -> dw#mg264
  L-MAGE02  Cowled Enforcer
    classScript: mage18c -> 
    defaultScript: None -> dw#mg265
  L0DRIDER  Drider
    generalScript: WDASIGHT -> FIGHTER4
    defaultScript: FIGHTER4 -> dw2ms2ge
  L0GHAS    Ghastlycleaver
    anim: DRIDER_MALE -> FIEND_GREEN
    level: 10 -> 12
    defaultScript: WTASIGHT -> dw2mc2ge
  L0MERCH   Merchant
    defaultScript: WTASIGHT -> dw2mc2ge
  L0SMWII   Cold Light
    defaultScript: WTASIGHT -> dw2ms2ge
  L0SPID    Dencrawler Spider
    defaultScript: WTASIGHT -> dw2mp2mo
  L0SPIDX   Spider
    defaultScript: WTASIGHT -> dw2mp2mo
  L0THIEF1  Donny Pick
    defaultScript: WTASIGHT -> dw2ms2ge
  L0TREE    Dark Treant
    generalScript: WDASIGHT -> 
    defaultScript:  -> dw2mc2ge
  LACEDO01  Lacedon
    defaultScript: wdasight -> dw2mp2ge
  LACEDO02  Greater Lacedon
    overrideScript: GHAST -> 
    classScript: WTASIGHT -> 
    defaultScript: None -> dw2mp2ge
  LASSAL    Lassal
    class: VAMPIRE -> FIGHTER_THIEF
    level: 8 -> 12
    defaultScript: WTASIGHT -> 
    lring:  -> IMMUNE2
    rring:  -> VAMPREG
    weapon2:  -> DW#BLDD
    weapon3:  -> DW#VMWOL
    weapon4:  -> DW#VMBAT
  LASSAL02  Lassal
    class: VAMPIRE -> FIGHTER_THIEF
    level: 8 -> 12
    defaultScript: WTASIGHT -> vampir01
    lring: VAMPREG -> IMMUNE2
    rring:  -> VAMPREG
    weapon2:  -> DW#BLDD
    weapon3:  -> DW#VMWOL
    weapon4:  -> DW#VMBAT
  LATKNI01  Morning Knight
    defaultScript: WTASIGHT -> dw2rp2ge
  LATKNI02  Morning Knight
    defaultScript: WTASIGHT -> dw2rp2ge
  LATLARA   Acolyte Lara
    defaultScript: WTASIGHT -> dw2mc2ge
  LAUNE     Meredath
    class: VAMPIRE -> FIGHTER_THIEF
    defaultScript: WDASIGHT -> 
    lring: VAMPREG -> IMMUNE2
    rring:  -> VAMPREG
    weapon2:  -> DW#BLDD1
    weapon3:  -> DW#VMWOL
    weapon4:  -> DW#VMBAT
  LAVOK01   Lavok
    classScript: mage16a -> 
    defaultScript: None -> dw#mg266
  LEGDOR    Legdoril
    classScript: pries12a -> 
    defaultScript: wtasight -> dw#pr151
  LEHTIN    Lehtinan
    raceScript: WTASIGHT -> 
    defaultScript: None -> dw2mp2ge
  LICH01
    general: UNDEAD -> HUMANOID
    race: LICH -> NO_RACE
    class: MAGE -> NO_CLASS
    anim: LICH -> BIRD
    deathvar: lich01 -> 
    dialog:  -> None
    level: 20 -> 1
    gender: MALE -> NIETHER
    allegiance: ENEMY -> NEUTRAL
    overrideScript:  -> dw#mklch
    classScript: mage18d -> None
    generalScript: wtasight -> None
    defaultScript:  -> None
    lring: RING95 -> 
    rring: LICH -> MAGE01
    amulet:  -> IMOENHP1
    weapon1: LICH02 -> 
    xpv: 22000 -> 0
  LICHEL01  Elemental Lich
    level: 20 -> 30
    classScript: mage20b -> 
    defaultScript: wtasight -> dw#mg267
  LIIA      Liia Jannath
    defaultScript: wtasight -> dw2mp2ge
  LISSA     Lissa
    defaultScript: WTASIGHT -> dw2rm2ge
  LK#NITHF  Shadow Thief
    defaultScript: wtasight -> dw2ms2ge
  LK#SYKRE  Sykre
    raceScript: MAge12b -> 
    generalScript: MAge8b -> 
    defaultScript: Mage10A -> dw#mg268
  LLYNIS    Llynis
    defaultScript: WTARSGT -> dw2rs2th
  LOUTCAPT  Captain Dennis
    generalScript: gpuse -> 
    defaultScript: WTARSGT -> dw2rp2ge
  LOUTM01   Mercenary of Riatavin
    defaultScript: WTASIGHT -> dw2rs2ge
  LOUTM02   Mercenary of Riatavin
    raceScript: Mage14c -> 
    defaultScript: WTASIGHT -> dw#mg269
  LOUTM03   Mercenary of Riatavin
    raceScript: PRIES12a -> 
    defaultScript: WTASIGHT -> dw#pr152
  LYROS     Xzar
    classScript: Lyros -> 
    defaultScript: WTASIGHT -> dw#mg270
  MAEGUY02  Thief
    defaultScript: WTARSGT -> dw2rs2th
  MAEVAR    Mae'Var
    defaultScript: WTARSGT -> dw#mg271
  MAGCLE20  Mage
    defaultScript: CMAGE20A -> dw#mg272
  MAGE10A   Zyntris
    overrideScript: mage10a -> 
    defaultScript: wtasight -> dw#mg273
  MAGE10B   Zyntris
    overrideScript: mage10b -> 
    defaultScript: wtasight -> dw#mg274
  MAGE10C   Zyntris
    overrideScript: mage10c -> 
    defaultScript: wtasight -> dw#mg275
  MAGE10D   Zyntris
    overrideScript: mage10d -> 
    defaultScript: wtasight -> dw#mg276
  MAGE11    Zyntris
    overrideScript: mage11 -> 
    defaultScript: wtasight -> dw#mg277
  MAGE12A   Zyntris
    overrideScript: mage12a -> 
    defaultScript: wtasight -> dw#mg278
  MAGE12B   Zyntris
    overrideScript: mage12b -> 
    defaultScript: wtasight -> dw#mg279
  MAGE12C   Zyntris
    overrideScript: mage12c -> 
    defaultScript: wtasight -> dw#mg280
  MAGE12D   Zyntris
    overrideScript: mage12d -> 
    defaultScript: wtasight -> dw#mg281
  MAGE14A   Zyntris
    classScript: Mage14a -> 
    defaultScript:  -> dw#mg282
  MAGE14B   Zyntris
    classScript: Mage14b -> 
    defaultScript: wtasight -> dw#mg283
  MAGE14C   Zyntris
    classScript: Mage14c -> 
    generalScript: wtasight -> 
    defaultScript:  -> dw#mg284
  MAGE14M   Zyntris
    classScript: Mage14M -> 
    defaultScript: wtasight -> dw#mg285
  MAGE16A   Zyntris
    classScript: mage16a -> 
    defaultScript: wtasight -> dw#mg286
  MAGE16B   Zyntris
    classScript: mage16b -> 
    defaultScript: wtasight -> dw#mg287
  MAGE16C   Cowled Wizard
    classScript: mage16c -> 
    defaultScript: wtasight -> dw#mg288
  MAGE16M   Zyntris
    classScript: mage16m -> 
    defaultScript: wtasight -> dw#mg289
  MAGE18A   Cowled Wizard
    classScript: mage18a -> 
    defaultScript:  -> dw#mg290
  MAGE18B   Zyntris
    classScript: mage18b -> 
    defaultScript:  -> dw#mg291
  MAGE18C   Zyntris
    classScript: mage18c -> 
    defaultScript:  -> dw#mg292
  MAGE18D   Zyntris
    classScript: mage18d -> 
    generalScript: wtasight -> 
    defaultScript:  -> dw#mg293
  MAGE18E   Zyntris
    classScript: mage18e -> 
    defaultScript:  -> dw#mg294
  MAGE18Y   Zyntris
    classScript: mage18y -> 
    defaultScript:  -> dw#mg295
  MAGE18Z   Zallanora
    classScript: mage18z -> 
    defaultScript:  -> dw#mg296
  MAGE20    Mage
    level: 20 -> 25
    classScript: mage20a -> 
    defaultScript: None -> dw#mg297
  MAGE20B   Mage
    level: 20 -> 25
    classScript: mage20b -> 
    defaultScript: None -> dw#mg298
  MAGE20C   Mage
    level: 20 -> 25
    classScript: mage20a -> 
    defaultScript: None -> dw#mg299
  MAGE6A    Zyntris
    overrideScript: mage6a -> 
    defaultScript: wtasight -> dw#mg300
  MAGE6B    Zyntris
    overrideScript: mage6b -> 
    defaultScript: wtasight -> dw#mg301
  MAGE6C    Zyntris
    overrideScript: mage6c -> 
    defaultScript: wtasight -> dw#mg302
  MAGE8A    Zyntris
    overrideScript: mage8a -> 
    defaultScript: wtasight -> dw#mg303
  MAGE8B    Zyntris
    overrideScript: mage8b -> 
    defaultScript: wtasight -> dw#mg304
  MAGE8C    Zyntris
    overrideScript: mage8c -> 
    defaultScript: wtasight -> dw#mg305
  MAGE8E    Relonar
    overrideScript: mage8e -> 
    defaultScript: wtasight -> dw#mg306
  MAJAN     Ma Jansen
    defaultScript: WTASIGHT -> dw2rm2ge
  MANE      Mane
    raceScript: wtasight -> 
    defaultScript:  -> dw2mp2ge
  MDAIR     Air Elemental
    defaultScript: WDASIGHT -> dw2mc2ge
  MDAIR2    Air Elemental
    defaultScript: WDASIGHT -> dw2mc2ge
  MDAIRG    Greater Air Elemental
    defaultScript: WDASIGHT -> dw2mc2ge
  MDAIRG2   Greater Air Elemental
    defaultScript: WDASIGHT -> dw2mc2ge
  MDEARTH   Earth Elemental
    defaultScript: WTASIGHT -> dw2mc2ge
  MDEARTH2  Earth Elemental
    defaultScript: WTASIGHT -> dw2mc2ge
  MDHSSS    Greater Air Elemental
    defaultScript: WDASIGHT -> dw2mc2ge
  MDRAK     Maharajah
    defaultScript: WTASIGHT -> dw2ms2ge
  MEKEAR01  Lesser Earth Elemental
    defaultScript: WTASIGHT -> dw2mc2ge
  MEKIMP01  Imp
    class: IMP -> MAGE
    raceScript: mage4b -> 
    defaultScript: WTASIGHT -> dw#mg307
  MEKRAT    Mekrath
    level: 12 -> 16
    classScript: Mage16m -> 
    raceScript: useitem -> 
    defaultScript: WTARSGT -> dw#mg308
  MELSUM01  Glabrezu
    level: 10 -> 17
  MELSUM02  Demon Knight
    general: MONSTER -> HUMANOID
    class: TANARI -> FIGHTER_MAGE
    anim: SKELETON_FIEND -> DEATH_KNIGHT
    deathvar: GorBat5 -> uddeath
    dialog: None -> uddeath
    level: 12 -> 18
    gender: EXTRA4 -> NIETHER
    overrideScript: None -> gensht01
    classScript: None -> uddeath
    defaultScript: WTASIGHT -> dw2ms2ge
    lring: IMMUNE2 -> ringdemn
    rring: RING95 -> 
    amulet: REGHP2R -> 
    weapon1: BONEFD -> SW2HDEAT
    xpv: 22000 -> 16000
  MELSUM03  Death Tyrant
    defaultScript: WTASIGHT -> 
    lring: IMMCHS -> RING95
  MELSUM04  Balor
    level: 14 -> 24
    shield:  -> dw#balwp
    weapon1: BALOR -> balor
  MELSUM05  Marilith
    level: 14 -> 20
    gender: EXTRA4 -> FEMALE
    shield:  -> marili
    amulet:  -> ipsion
    weapon1: MARILI -> marili
  MELSUM06  Alhoon
    level: 16 -> 20
    generalScript: MINDAL01 -> 
    defaultScript: WTASIGHT -> dw#mg559
    lring: IMMCHS -> LICH
  MEPEAR01  Earth Mephit
    defaultScript: WTASIGHT -> dw2mc2ge
  MERINIA   Meronia
    defaultScript: WTASIGHT -> dw2ms2ge
  MERONIA   Meronia
    overrideScript: Mage6a -> dw#hrpme
    classScript: HARPER -> 
    raceScript: useitem -> HARPER
    defaultScript: WTARSGT -> dw#mg309
  MGAPPR01  Larz
    raceScript: mage4a -> 
    generalScript: wtasight -> apprenti
    defaultScript: apprenti -> dw#mg310
  MGAPPR02  Morul
    raceScript: mage4a -> 
    generalScript: wtasight -> apprenti
    defaultScript: apprenti -> dw#mg311
  MGAPPR03  Nara
    raceScript: mage4b -> 
    generalScript: wtasight -> apprenti
    defaultScript: apprenti -> dw#mg312
  MGASS01   Sergeant Natula
    defaultScript: WTASIGHT -> dw2ms2ge
  MGASS02   Tyrian
    defaultScript: WTASIGHT -> dw2ms2ge
  MGASS03   Vilhelm
    defaultScript: WTASIGHT -> dw2rp2ge
  MGBILL01  William "Bill" Williamson
    classScript: Mage14M -> 
    generalScript: WTARSGT -> 
    defaultScript:  -> dw#mg313
  MGKET01   Lord Ketlaar Argrim
    defaultScript: WTASIGHT -> dw2rs2ge
  MGKETG01  Man-at-Arms
    defaultScript: WTASIGHT -> dw2mp2ge
  MGKETG02  Archer
    defaultScript: WTASIGHT -> dw2rs2ge
  MGKHOL01  Khollynnus Paac
    classScript: mage18a -> 
    generalScript: WTARSGT -> 
    defaultScript:  -> dw#mg314
  MGTEOS01  Teos
    classScript: Mage14M -> 
    generalScript: WTARSGT -> 
    defaultScript:  -> dw#mg315
  MINDAL01  Alhoon
    level: 16 -> 20
    generalScript: MINDAL01 -> 
    defaultScript: WTASIGHT -> dw#mg558
    lring: IMMCHS -> LICH
  MINDFL01  Mind Flayer
    level: 8 -> 12
    defaultScript: WTASIGHT -> 
  MINDUL01  Ulitharid
    level: 8 -> 14
    defaultScript: WTASIGHT -> 
    weapon1: MINDFLAY -> DW#ULITH
  MINDVA01  Vampiric Illithid
    level: 8 -> 12
    defaultScript: WTASIGHT -> dw2mp2ge
  MINDVAM   Vampiric Illithid
    level: 8 -> 12
    defaultScript: WTASIGHT -> dw2mp2ge
  MISTCD01  Crimson Death
    defaultScript: WTASIGHT -> dw2ms2mo
  MISTHO01  Mist Horror
    defaultScript: WTASIGHT -> dw2ms2ge
  MISTPO01  Poison Mist
    defaultScript: WTASIGHT -> dw2ms2mo
  MISTPOSU  Poison Mist
    defaultScript: WTASIGHT -> dw2ms2mo
  MISTVA01  Vampiric Mist
    defaultScript: WTASIGHT -> dw2ms2ge
  MISTWA01  Wandering Horror
    defaultScript: WTASIGHT -> dw2ms2ge
  MONK      Monk
    defaultScript: wdasight -> dw2mc2ge
  MONKD2    Monk
    defaultScript: wdasight -> dw2mc2ge
  MONKDE    Monk
    defaultScript: wdasight -> dw2mc2ge
  MONKEN    Monk
    defaultScript: wdasight -> dw2mc2ge
  MOOK      Mook
    defaultScript: wtasight -> dw2ms2th
  MOOKFT02  Shadow Thief
    weapon3:  -> SW1H07
  MOURNER8  Mourner
    defaultScript: WDASIGHT -> dw2mc2ge
  MUGGER1   Shady Character
    defaultScript: WTASIGHT -> dw2rs2th
  MUGGER2   Shady Character
    defaultScript: WTASIGHT -> dw2rs2th
  MUGGER3   Shady Character
    generalScript: WTASIGHT -> 
    defaultScript: None -> dw2rs2th
  MUGGER4   Ogre
    defaultScript: WTASIGHT -> dw2mc2ge
  MUMGRE01  Greater Mummy
    overrideScript: MUMMY01 -> gensht01
    classScript: None -> MUMMY01
    defaultScript: WTASIGHT -> dw2mc2ge
  MUMMY     Mummy
    overrideScript: Mummy -> gensht01
    classScript: MUMMY01 -> Mummy
    raceScript: D0MUMMY -> MUMMY01
    generalScript: None -> D0MUMMY
    defaultScript: WTASIGHT -> dw2mm2ge
  MUMMY01   Mummy
    overrideScript: Mummy01 -> gensht01
    classScript: None -> Mummy01
    defaultScript: WTASIGHT -> dw2mc2ge
  MVGUARD1  Assassin
    defaultScript: wtasight -> dw2rs2th
  MVPRIES   Priest of Cyric
    defaultScript: wtasight -> dw2mc2ge
  NALBARG   Barg
    defaultScript: WTASIGHT -> dw2mm2ge
  NALDIRT   Officer Dirth
    defaultScript: WTARSGT -> dw2rs2ge
  NALIAMES  Messenger
    defaultScript: WTASIGHT -> dw2mm2ge
  NALIN     Nalin
    defaultScript: wtasight -> dw2mc2ge
  NALLA     Stormherald Nallabir
    defaultScript: WTASIGHT -> dw2mm2ge
  NBEARBL   Black Bear
    defaultScript: WDASIGHT -> dw2mc2mo
  NBEARBR   Brown Bear
    defaultScript: WDASIGHT -> dw2mc2mo
  NDOG      Dog
    defaultScript: WDASIGHT -> dw2mp2mo
  NEVAZIAH  Nevaziah
    level: 20 -> 14
    defaultScript: WTASIGHT -> dw#mg316
  NEVM1     Wight
    defaultScript: wdasight -> dw2mc2ge
  NEVM2     Skeleton Warrior
    defaultScript: WTASIGHT -> dw2ms2ge
  NEVM3     Ghast
    overrideScript: GHAST -> 
    classScript: WTASIGHT -> 
    defaultScript: None -> dw2mp2ge
  NEVM4     Vampyre
    level: 15 -> 13
    defaultScript: WDASIGHT -> 
    lring: VAMPREG -> IMMUNE2
    rring:  -> VAMPREG
    weapon2:  -> DW#BLDD1
    weapon3:  -> DW#VMWOL
    weapon4:  -> DW#VMBAT
  NEVM5     Zombie
    defaultScript: wtasight -> dw2mc2mo
  NWOLF     Wolf
    defaultScript: wtasight -> dw2mp2mo
  O#ALIA    Alia
    classScript: mage16a -> 
    generalScript:  -> O#BrynRu
    defaultScript: O#BrynRu -> dw#mg317
  O#BERLG1  Cowled Enforcer
    classScript: cowenf01 -> 
    defaultScript:  -> dw#mg318
  O#BERLG2  Cowled Enforcer
    classScript: cowenf03 -> 
    defaultScript:  -> dw#mg319
  O#BERLG3  Cowled Enforcer
    classScript: cowenf04 -> 
    defaultScript:  -> dw#mg320
  O#BERLI1  Berlin
    classScript: Mage14M -> 
    defaultScript:  -> dw#mg321
  O#BERLIN  Berlin
    classScript: Mage14M -> 
    defaultScript:  -> dw#mg322
  O#BRELE1  Greater Fire Elemental
    defaultScript: WDASIGHT -> dw2mc2ge
  O#BRELE2  Greater Fire Elemental
    defaultScript: WDASIGHT -> dw2mc2ge
  O#BRELE3  Greater Fire Elemental
    defaultScript: WDASIGHT -> dw2mc2ge
  O#BRELE4  Greater Fire Elemental
    defaultScript: WDASIGHT -> dw2mc2ge
  O#BRSAL1  Salamander
    defaultScript: WDASIGHT -> dw2mp2mo
  O#BRSAL2  Salamander
    defaultScript: WDASIGHT -> dw2mp2mo
  O#BRYCW1  Cowled Enforcer
    defaultScript: cowenf02 -> dw#mg323
  O#BRYCW2  Cowled Enforcer
    classScript: cowenf04 -> 
    defaultScript:  -> dw#mg324
  O#BRYCW3  Cowled Enforcer
    classScript: cowenf01 -> 
    defaultScript:  -> dw#mg325
  O#CRDAT   Inspector Daton
    defaultScript: WTARSGT -> dw2rs2ge
  O#CRFEIN  Fein
    defaultScript: WTASIGHT -> dw2ms2ge
  O#CRGAN   Gannis
    classScript: MAGE12C -> 
    defaultScript: WTARSGT -> dw#mg326
  O#CRGOON  Assassin
    overrideScript: USEITEM -> 
    defaultScript: WTASIGHT -> dw2ms2th
  O#CRGU31  Amnian Guard
    defaultScript: WDARSGT -> dw2rp2ge
  O#CRGU32  Amnian Guard
    defaultScript: WDARSGT -> dw2rp2ge
  O#CRGU71  Mercenary
    defaultScript: WTASIGHT -> dw2ms2ge
  O#CRGU72  Mercenary
    generalScript: MAGE16C -> 
    defaultScript: WTASIGHT -> dw#mg327
  O#CRGU73  Mercenary
    classScript: PRIES8C -> 
    defaultScript: WTASIGHT -> dw#pr153
  O#CRGUA1  Lord Melyin's Bodyguard
    defaultScript: WTARSGT -> dw2mc2ge
  O#CRGUA2  Lord Melyin's Bodyguard
    defaultScript: WTARSGT -> dw2mc2ge
  O#CRKERN  Kern
    defaultScript: WTASIGHT -> dw2ms2th
  O#CRLAH1  Feenick's Bodyguard
    defaultScript: WTASIGHT -> dw2ms2ge
  O#CRLAH2  Feenick's Bodyguard
    generalScript: MAGE16C -> 
    defaultScript: WTASIGHT -> dw#mg328
  O#CRLAH3  Feenick's Bodyguard
    defaultScript: WTASIGHT -> dw2ms2ge
  O#CRLAH4  Feenick's Bodyguard
    classScript: PRIES8C -> 
    defaultScript: WTASIGHT -> dw#pr154
  O#CRQYR   Qyr
    classScript: MAGE6C -> 
    generalScript: GPUSE -> 
    defaultScript: WTARSGT -> dw#mg329
  O#CRSTEE  Oulav Steros
    classScript: MAGE6C -> 
    generalScript: GPUSE -> 
    defaultScript: WTARSGT -> dw#mg330
  O#CRSTG1  Thug
    defaultScript: WTARSGT -> dw2rs2th
  O#CRSTG2  Thug
    defaultScript: WTARSGT -> dw2rs2th
  O#CRTEA   Tea
    raceScript: GPUSE -> 
    defaultScript: WTARSGT -> dw2rs2ge
  O#DAEDAD  Wes
    defaultScript: WTASIGHT -> dw2ms2ge
  O#DAEMAJ  Evil Majordomo
    defaultScript: wtasight -> dw2ms2ge
  O#DAEMON  Daemon
    generalScript: FIGMAG16 -> 
    defaultScript: NONE -> dw#mg331
  O#DORA10  Cowled Battle Mage
    classScript: mage16b -> 
    defaultScript:  -> dw#mg332
  O#DORA11  Cowled Battle Mage
    classScript: mage16c -> 
    defaultScript:  -> dw#mg333
  O#DORA12  Cowled Battle Mage
    classScript: mage16c -> 
    defaultScript:  -> dw#mg334
  O#GALV1   Cowled Battle Mage
    classScript: mage18a -> 
    defaultScript:  -> dw#mg335
  O#HABOD1  Amnian Bodyguard
    defaultScript: WTASIGHT -> dw2mp2ge
  O#HABOD2  Amnian Bodyguard
    defaultScript: WTASIGHT -> dw2mp2ge
  O#HAJAN   Janos
    classScript: mage20b -> 
    defaultScript: None -> dw#mg336
  O#HALIE1  Amnian Soldier
    defaultScript: WTARSGT -> dw2mp2ge
  O#HALIE2  Amnian Soldier
    defaultScript: WTARSGT -> dw2mp2ge
  O#HAPRI   Prison Guard
    defaultScript: WTARSGT -> dw2rs2ge
  O#LLBROW  Drow Wizard
    generalScript: mage10c -> O#LLFigh
    defaultScript: O#LLFigh -> dw#mg337
  O#LLFIGM  Mas'sai
    generalScript: mage10c -> O#LLFigh
    defaultScript: O#LLFigh -> dw#mg338
  O#LLGIT3  Knight
    classScript: gpuse -> 
  O#LLGIT4  Knight
    classScript: gpuse -> 
  O#LLGITH  Knight
    classScript: gpuse -> 
  O#LLGIW   Knight
    classScript: gpuse -> 
  O#LLGIW1  Knight
    classScript: gpuse -> 
  O#LLGIW2  Knight
    classScript: gpuse -> 
  O#LLGIW3  Knight
    classScript: gpuse -> 
  O#LLGIW4  Knight
    classScript: gpuse -> 
  O#LLGUA5  Yochlol
    level: 12 -> 15
    lring: RINGDEMN -> immune2
    weapon1: DWSW1H01 -> dwsw1h01
  O#LLGUA6  Glabrezu
    level: 10 -> 17
  O#LLILJ1  Mind Flayer
    level: 8 -> 12
  O#LLILJ2  Mind Flayer
    level: 8 -> 12
  O#LLILL1  Mind Flayer
    level: 8 -> 12
  O#LLILL2  Mind Flayer
    level: 8 -> 12
  O#LLMATR  Matron Mother Jeven
    generalScript: pries18c -> O#LLFigh
    defaultScript: O#LLFigh -> dw#pr155
  O#LLORB1  Elder Orb
    level: 9 -> 20
  O#LLORB2  Elder Orb
    level: 9 -> 20
  O#LLPRI2  Drow Priestess
    generalScript: pries18d -> O#LLFigh
    defaultScript: O#LLFigh -> dw#pr156
  O#LLPRIE  Drow Priestess
    generalScript: pries18d -> O#LLEnem
    defaultScript: O#LLEnem -> dw#pr157
  O#LLRIEL  Drow Priestess
    generalScript: pries18d -> O#LLCity
    defaultScript: O#LLCity -> dw#pr158
  O#LLSPY4  Drow Wizard
    generalScript: mage10c -> O#LLFigh
    defaultScript: O#LLFigh -> dw#mg339
  O#WIZAT1  Cowled Enforcer
    classScript: cowenf03 -> 
    defaultScript:  -> dw#mg340
  O#WIZAT2  Cowled Enforcer
    classScript: cowenf04 -> 
    defaultScript:  -> dw#mg341
  O#WIZATH  Cowled Enforcer
    defaultScript: cowenf02 -> dw#mg342
  O#WIZSL1  Cowled Enforcer
    classScript: cowenf03 -> 
    defaultScript:  -> dw#mg343
  O#WIZSL2  Cowled Enforcer
    classScript: cowenf04 -> 
    defaultScript:  -> dw#mg344
  O#WIZSLA  Cowled Enforcer
    defaultScript: cowenf02 -> dw#mg345
  O#WIZSP1  Cowled Enforcer
    classScript: cowenf03 -> 
    defaultScript:  -> dw#mg346
  O#WIZSP2  Cowled Enforcer
    classScript: cowenf01 -> 
    defaultScript:  -> dw#mg347
  O#WIZSP3  Cowled Battle Mage
    classScript: mage16c -> 
    defaultScript:  -> dw#mg348
  O#WIZSP4  Cowled Battle Mage
    classScript: mage18a -> 
    defaultScript:  -> dw#mg349
  O#WIZSP5  Cowled Battle Mage
    classScript: mage16b -> 
    defaultScript:  -> dw#mg350
  O#WIZSPE  Cowled Enforcer
    defaultScript: cowenf02 -> dw#mg351
  OBSDEM01  Lea'liyl
    anim: TANARRI -> FIEND_GREEN
    generalScript: WTASIGHT -> 
    defaultScript: None -> dw2ms2ge
    weapon1: S1-10 -> BL3-12M4
  OBSDEM02  Mane
    raceScript: wtasight -> 
    defaultScript:  -> dw2mp2ge
  OBSDEM03  Elder Orb
    defaultScript: WTASIGHT -> dw2mp2ge
  OBSDEM04  Maurezhi
    level: 5 -> 10
  OBSDEM05  Nabassu
    defaultScript: wtasight -> dw2mc2ge
  OBSFIR01  Noble Efreeti
    level: 13 -> 14
    gender: NIETHER -> MALE
    defaultScript: WTASIGHT -> 
  OBSFIR05  Hell Hound
    defaultScript: WTASIGHT -> dw2mp2mo
  OBSFIR06  Greater Fire Elemental
    defaultScript: WDASIGHT -> dw2mc2ge
  OBSHAL02  Togan
    defaultScript: wtasight -> dw2rs2ge
  OBSHAL03  Necre
    classScript: obshal03 -> 
    defaultScript: None -> dw#mg352
  OBSHAL04  Halfling Warrior
    raceScript: wtasight -> 
    defaultScript: None -> dw2mc2ge
  OBSHAL05  Kayardi
    classScript: mage16c -> 
    defaultScript: wtasight -> dw#mg353
  OBSHAL06  Taibela
    classScript: mage12d -> 
    defaultScript: wtasight -> dw#mg354
  OBSHAL07  Mogadish
    classScript: pries18a -> 
    defaultScript: wtasight -> dw#pr159
  OBSICE01  Snow Troll
    defaultScript: WTASIGHT -> dw2mp2ge
    amulet: MONHP1 -> 
  OBSICE03  Winter Wolf
    defaultScript: WTARSGT -> dw2rp2mo
  OBSICE04  Mountain Bear
    defaultScript: WDASIGHT -> dw2mc2mo
  OBSMOD01  Modron
    defaultScript: wtasight -> dw2mm2mo
  OBSSAH01  Sahuagin Baron
    class: SAHUAGIN -> FIGHTER
    level: 6 -> 12
    defaultScript: wtarsgt -> dw2rp2ge
    weapon3:  -> XBOW06
    weapon4:  -> DW#SASPE
  OBSSAH02  Sahuagin Priestess
    class: SAHUAGIN -> CLERIC
    overrideScript:  -> dw#sahst
    classScript: None -> gensht01
    raceScript: pries8a -> 
    defaultScript: wtarsgt -> dw#pr160
  OBSSAH03  Sahuagin Baronial Guard
    class: SAHUAGIN -> FIGHTER
    level: 4 -> 12
    defaultScript: wtarsgt -> dw2rp2ge
    weapon3:  -> XBOW06
    weapon4:  -> DW#SASPE
  OBSSAH04  Sahuagin
    level: 3 -> 10
    defaultScript: wtarsgt -> dw2rp2ge
    weapon3:  -> XBOW06
    weapon4:  -> DW#SASPE
  OBSSAH05  Sahuagin
    level: 3 -> 10
    defaultScript: wtarsgt -> dw2rp2ge
    weapon3:  -> XBOW06
    weapon4:  -> DW#SASPE
  OBSSOL01  Reyna
    defaultScript: wtasight -> dw2rp2ge
  OBSSOL02  Onvo
    defaultScript: wtasight -> dw2ms2ge
  OBSSOL03  Ancan
    defaultScript: wtasight -> dw2ms2ge
  OGRE01    Ogre
    raceScript: OGRE -> 
    defaultScript: WTASIGHT -> dw2mc2ge
  OGREMA01  Ogre Mage
    defaultScript: WTASIGHT -> dw2ms2ge
  OGRHAL01  Half-Ogre
    defaultScript: wtasight -> dw2ms2ge
  OGRILL01  Ogrillon
    defaultScript: wtasight -> dw2mc2ge
  OGRMAG01  Ogre Mage
    defaultScript: WTASIGHT -> dw2ms2ge
  OHB1AERI  Aerie
    generalScript: WTASIGHT -> 
    defaultScript: None -> dw2rc2ge
  OHB1IMOE  Imoen
    generalScript: WTASIGHT -> 
    defaultScript: None -> dw2rp2th
  OHB1KELD  Keldorn
    generalScript: WTASIGHT -> 
    defaultScript: None -> dw2rs2pa
  OHB1MNSC  Minsc
    generalScript: WTASIGHT -> 
    defaultScript: None -> dw2rs2ge
  OHB1NEER  Neera
    generalScript: WTASIGHT -> 
    defaultScript:  -> dw2rc2ge
  OHB1RASD  Rasaad
    generalScript: WTASIGHT -> 
    defaultScript:  -> dw2mm2ss
  OHB2BLTH  Baeloth
    generalScript: WTASIGHT -> 
    defaultScript: None -> dw2rc2ge
  OHB2DORN  Dorn
    generalScript: WTASIGHT -> 
    defaultScript:  -> dw2rs2bg
  OHB2KORG  Korgan
    generalScript: WTASIGHT -> 
    defaultScript: None -> dw2rs2be
  OHB2SARV  Sarevok
    generalScript: WTASIGHT -> 
    defaultScript: None -> dw2rs2ge
  OHB2SMON  Saemon Havarian
    generalScript: FIGMAG16 -> 
    defaultScript: None -> dw#mg355
  OHB3BODH  Bodhi
    generalScript: WTASIGHT -> 
    defaultScript: None -> dw2mc2ge
  OHB3DEM1  Cornugon
    level: 13 -> 17
    defaultScript: WTASIGHT -> dw2ms2ge
  OHB3DEM2  Cornugon
    level: 13 -> 17
    defaultScript: WTASIGHT -> dw2ms2ge
  OHB3DEM3  Cornugon
    level: 13 -> 17
    defaultScript: WTASIGHT -> dw2ms2ge
  OHB3VMP1  Vampire
    defaultScript: WDASIGHT -> dw2mc2ge
  OHB3VMP2  Vampire
    defaultScript: WDASIGHT -> dw2mc2ge
  OHB3VMP3  Vampire
    defaultScript: WDASIGHT -> dw2mc2ge
  OHBBRANS  Branson
    raceScript: WTASIGHT -> 
    defaultScript:  -> dw2mc2ge
  OHBDRGD   Guard
    generalScript: WTASIGHT -> 
    defaultScript:  -> dw2ms2ge
  OHBDVA01  Fallen Deva
    defaultScript: OHBAI01 -> dw2mc2mo
  OHBGC01   Guard Captain
    raceScript: CFIGH20A -> 
    defaultScript:  -> dw3rp2ge
  OHBGIT04  Githyanki Captain
    raceScript: FIGMAG10 -> 
    defaultScript: OHBAI01 -> dw#mg356
  OHBGREST  Guard
    defaultScript: WTASIGHT -> dw2mp2ge
  OHBGUA10  Guard
    raceScript: USEITEM -> 
    generalScript: WTARSGT -> GPSHOUT
    defaultScript: GPSHOUT -> dw2rp2ge
  OHBGUA11  Guard
    raceScript: USEITEM -> 
    generalScript: WTARSGT -> GPSHOUT
    defaultScript: GPSHOUT -> dw2rp2ge
  OHBGUA12  Guard
    raceScript: USEITEM -> 
    generalScript: WTARSGT -> GPSHOUT
    defaultScript: GPSHOUT -> dw2rp2ge
  OHBGUA13  Guard
    raceScript: USEITEM -> 
    generalScript: WTARSGT -> GPSHOUT
    defaultScript: GPSHOUT -> dw2rp2ge
  OHBJOKMY  Joker
    raceScript: WTASIGHT -> 
    defaultScript:  -> dw2mc2mo
  OHBLEOKA  Leokas
    raceScript: USEITEM -> 
    generalScript: WTARSGT -> GPSHOUT
    defaultScript: GPSHOUT -> dw2rp2ge
  OHBLNGG1  Lounge Guard
    raceScript: USEITEM -> 
    generalScript: WTARSGT -> GPSHOUT
    defaultScript: GPSHOUT -> dw2rp2ge
  OHBMARDU  Marduuk
    generalScript: WTASIGHT -> 
    defaultScript:  -> dw2mc2ge
  OHBMENA1  Vampiric Wolf
    defaultScript: WTASIGHT -> dw2mp2ge
  OHBMENA2  Dangerous Moose
    defaultScript: WTASIGHT -> dw2mp2mo
  OHBMENA3  Grizzly Bear
    defaultScript: WDASIGHT -> dw2mc2mo
  OHBMENA4  Mountain Lion
    defaultScript: WTASIGHT -> dw2mp2mo
  OHBMENA5  Boalisk
    defaultScript: WTASIGHT -> dw2mp2mo
  OHBMENA7  Vortex Spider
    defaultScript: WTASIGHT -> dw2mp2mo
  OHBMOLZA  Molzahn of Tymora
    defaultScript: GPHEALER -> dw#pr161
  OHBMORT   Mort the Wizard
    defaultScript: GPMAGE1 -> dw#mg357
  OHBNOSHU  Noser
    classScript: GPTHIEF -> dw#gphlp
    defaultScript:  -> dw2mp2th
  OHBNPC01  Elite Guard
    defaultScript: WTARSGT -> dw2rs2ge
  OHBORC04  Orc Mage
    generalScript: MAGE10A -> 
    defaultScript: OHBAI01 -> dw#mg358
  OHBSAH02  Sahuagin Priestess
    defaultScript: OHBAI01 -> dw2mp2ge
  OHBSAH03  Sahuagin Baron
    defaultScript: OHBAI01 -> dw2rp2ge
  OHBSHORT  Short-Order
    generalScript: WTASIGHT -> 
    defaultScript:  -> dw2mm2ge
  OHBVMP04  Vampire
    defaultScript: OHBAI01 -> dw2mc2ge
  OHBWAT01  Greater Water Elemental
    defaultScript: OHBAI01 -> dw2rc2ge
    weapon2:  -> DW#WTREL
  OHDANIM4  Small Spider
    defaultScript: wtasight -> dw2mp2mo
  OHDBBRO   Bride's Brother
    defaultScript: WTARSGT -> dw2ms2ge
  OHDBOLL   Bollard Firejaw
    raceScript: PALAD10 -> 
    defaultScript: NONE -> dw2mc2pa
  OHDCDAWG  Celestial Hound
    defaultScript: WTASIGHT -> dw2mp2mo
  OHDCHAN1  Petitioner
    defaultScript: COWENF02 -> dw#mg359
  OHDCHAN2  Petitioner
    defaultScript: COWENF02 -> dw#mg360
  OHDCHAN3  Petitioner
    defaultScript: COWENF02 -> dw#mg361
  OHDCRU01  Crusader
    classScript: PRIES18A -> 
    defaultScript:  -> dw#pr162
  OHDCRU02  Crusader
    classScript: PRIES18B -> 
    defaultScript:  -> dw#pr163
  OHDCRU03  Crusader
    classScript: PALAD16 -> 
    defaultScript:  -> dw3ms2pa
  OHDCRU04  Crusader
    classScript: PALAD16 -> 
    defaultScript:  -> dw3ms2pa
  OHDDDOLR  Dolrassa
    defaultScript: WTASIGHT -> dw2ms2mo
  OHDDEF01  Paladin of Tyr
    classScript: PALAD16 -> 
    defaultScript:  -> dw3ms2pa
  OHDDEF02  Paladin of Tyr
    classScript: PALAD16 -> 
    defaultScript:  -> dw3ms2pa
  OHDDEF03  Paladin of Tyr
    classScript: PALAD16 -> 
    defaultScript:  -> dw3mp2pa
  OHDDIXTH  Ixthezzys
    defaultScript: WTASIGHT -> dw2ms2mo
  OHDDOOR1  Doorman
    defaultScript: WTARSGT -> dw2ms2ge
  OHDFIREJ  Bollard Firejaw
    raceScript: PALAD10 -> 
    defaultScript: None -> dw2mc2pa
  OHDGUAR1  Guard
    defaultScript: WTASIGHT -> dw2ms2ge
  OHDHAM01  Wagner
    raceScript: USEITEM -> 
    defaultScript: WTASIGHT -> dw2ms2pa
  OHDHAM02  Big Mordim
    raceScript: USEITEM -> 
    defaultScript: WTASIGHT -> dw2ms2pa
  OHDHAM03  Simon
    raceScript: USEITEM -> 
    generalScript: PRIES12A -> 
    defaultScript: WTASIGHT -> dw#pr164
  OHDHAMMS  Garfunkle
    raceScript: USEITEM -> 
    generalScript: PRIES12A -> 
    defaultScript: WTASIGHT -> dw#pr165
  OHDHELMK  Shield Knight
    defaultScript: WTASIGHT -> dw2ms2ge
  OHDHOKK   Hokkney of Tyr
    raceScript: PALAD10 -> 
    defaultScript: NONE -> dw2ms2pa
  OHDHRT1   Knight of the Order
    defaultScript: WTASIGHT -> dw2mp2ge
  OHDHSQR   Squire Haldi
    defaultScript: WTASIGHT -> dw2ms2ge
  OHDNAIMA  Naiman Alore
    defaultScript: COWENF02 -> dw#mg362
  OHDNEO01  Paladin of Tyr
    classScript: PALAD16 -> 
    defaultScript:  -> dw3mm2pa
  OHDNEO02  Paladin of Tyr
    classScript: PALAD16 -> 
    defaultScript:  -> dw3mm2pa
  OHDNEO03  Priest of Tyr
    classScript: PRIES18A -> 
    defaultScript:  -> dw#pr166
  OHDNEO04  Priest of Tyr
    classScript: PRIES18B -> 
    defaultScript:  -> dw#pr167
  OHDPLANB  Planetar of Justice
    defaultScript: WTASIGHT -> dw2ms2ge
  OHDPLANJ  Planetar of Justice
    defaultScript: WTASIGHT -> dw2ms2mo
  OHDPLANL  Planetar
    defaultScript: WTASIGHT -> dw2ms2mo
  OHDPPAL   Paladin of Tyr
    classScript: PALAD16 -> 
    defaultScript:  -> dw3ms2pa
  OHDPPE01  Priest of Tyr
    classScript: PRIES18A -> 
    defaultScript:  -> dw#pr168
  OHDPPE02  Priest of Tyr
    classScript: PRIES18B -> 
    defaultScript:  -> dw#pr169
  OHDPPLAN  Planetar
    defaultScript: WTASIGHT -> dw2ms2mo
  OHDRANKH  Corrupted Ankheg
    defaultScript: WTASIGHT -> dw2rc2mo
  OHDRDEF   Priest of Tyr
    classScript: PRIES18A -> 
    defaultScript:  -> dw#pr170
  OHDRIKKO  Rikkon
    defaultScript: WTARSGT -> dw2ms2ge
  OHDSOLAR  Planetar
    defaultScript: WTASIGHT -> dw2mc2mo
  OHDSPLAN  Planetar of Justice
    defaultScript: WTASIGHT -> dw2ms2ge
  OHDTERP   Guardian Terpfen
    raceScript: PRIES12A -> 
    defaultScript: NONE -> dw#pr171
  OHDTHUG   Wedding "Guest"
    classScript: USEITEM -> 
    defaultScript: WTASIGHT -> dw2ms2ge
  OHDTRAGG  Traggor the Hammer
    raceScript: USEITEM -> 
    defaultScript: WTASIGHT -> dw2ms2pa
  OHDTREAD  Treadsoft
    generalScript: WTASIGHT -> 
    defaultScript:  -> dw2mc2ge
  OHDTREE0  Paladin of Tyr
    classScript: PALAD16 -> 
    defaultScript:  -> dw3mp2pa
  OHDTREE1  Priest of Tyr
    classScript: PRIES18B -> 
    defaultScript:  -> dw#pr172
  OHDTREE2  Paladin of Tyr
    classScript: PALAD16 -> 
    defaultScript:  -> dw3mm2pa
  OHDTREE3  Paladin of Tyr
    classScript: PALAD16 -> 
    defaultScript:  -> dw3mc2pa
  OHDUGCUT  Ur-Gothoz
    anim: MONK -> GLABREZU
    level: 10 -> 17
  OHDUGOTH  Ur-Gothoz
    level: 10 -> 17
  OHDXACH   Xachrimos
    level: 10 -> 17
    defaultScript: WTASIGHT -> dw2mm2ge
  OHDXACH2  Xachrimos
    level: 10 -> 17
    defaultScript: WTASIGHT -> dw2mc2ge
  OHDZARA   Zara
    defaultScript: WTARSGT -> dw2mc2ge
  OHGITH03  Anti-Paladin
    classScript: gpuse -> 
    defaultScript: WTASIGHT -> dw2ms2bg
  OHHALHOO  Alhoon
    defaultScript: WTASIGHT -> dw2mc2ge
  OHHBONEG  Bone Fiend
    defaultScript: WTASIGHT -> dw2mc2ge
  OHHBOROK  Borok-Tosst
    defaultScript: WTASIGHT -> dw2ms2ge
  OHHCULAK  Culak
    level: 11 -> 9
    classScript: MAGE18D -> 
    generalScript: WTASIGHT -> 
    defaultScript: NONE -> dw#mg363
  OHHDECOY  Lich
    level: 11 -> 9
    classScript: MAGE18D -> 
    generalScript: WTASIGHT -> 
    defaultScript: NONE -> dw#mg364
  OHHDJINN  Furious Djinni
    level: 7 -> 12
    gender: NIETHER -> MALE
    defaultScript: WTASIGHT -> 
  OHHDRAGO  Dragomir the Red
    defaultScript: WTASIGHT -> dw2ms2ge
  OHHFIGHT  Statue
    defaultScript: WTARSGT -> dw2ms2ge
  OHHGHST1  Thief
    generalScript: WTASIGHT -> 
    defaultScript: None -> dw2mp2ge
  OHHGHST2  Thief
    generalScript: WTASIGHT -> 
    defaultScript: None -> dw2mp2ge
  OHHGHST3  Thief
    generalScript: WTASIGHT -> 
    defaultScript: None -> dw2mp2ge
  OHHGMUM   Greater Mummy
    defaultScript: WTASIGHT -> dw2mc2ge
  OHHGOXXA  Goxxa the Alhoon
    defaultScript: WTASIGHT -> dw2mc2ge
  OHHJIANG  Jiang Dai
    overrideScript: KENSAI -> 
    defaultScript: WTASIGHT -> dw2ms2ke
  OHHKENO   Keno
    defaultScript: CMONK20B -> dw2mm2mn
  OHHKICHI  Ki Chin Sang
    defaultScript: CMONK20B -> dw2mm2mn
  OHHKORK   Korkorran
    defaultScript: WTASIGHT -> dw2mp2ge
  OHHKUNG   Nan Kung Chi
    defaultScript: WTASIGHT -> dw2mc2ge
  OHHKWON   Yi Kwon
    defaultScript: CMONK20B -> dw2mm2mn
  OHHMIND   Mind Flayer
    level: 8 -> 12
    defaultScript: WTASIGHT -> 
  OHHMING   Ming-hua Dai
    class: SORCERER -> MAGE
    classScript: MAGE14A -> 
    defaultScript: WTARSGT -> dw#mg365
  OHHMUMMY  Greater Mummy
    defaultScript: WTASIGHT -> dw2mc2ge
  OHHRAFFI  Raffiyah
    defaultScript: WTASIGHT -> dw2mp2ge
  OHHSHFI1  Shadow Fiend
    defaultScript: WTASIGHT -> dw2mc2ge
  OHHSHWL1  Shade Wolf
    defaultScript: WTASIGHT -> dw2mp2ge
  OHHSPI01  Spider
    defaultScript: WTASIGHT -> dw2mp2mo
  OHHSPI02  Spider
    defaultScript: WTASIGHT -> dw2mp2mo
  OHHSPI03  Spider
    defaultScript: WTASIGHT -> dw2mp2mo
  OHHSPID1  Bloated Spider
    raceScript: WTASIGHT -> 
    defaultScript: None -> dw2rm2mo
  OHHSPID2  Small Spider
    defaultScript: WTASIGHT -> dw2mp2mo
  OHHTLASS  T'lassus of the Bones
    defaultScript: WTASIGHT -> dw2mc2ge
  OHHUMBER  Umber Hulk
    defaultScript: WTASIGHT -> dw2mc2mo
  OHHUMOL   Umolex
    level: 11 -> 9
    classScript: MAGE18D -> 
    generalScript: WTASIGHT -> 
    defaultScript: NONE -> dw#mg366
  OHHWIZ    Statue
    generalScript: WTASIGHT -> 
    defaultScript: USEITEM -> dw2mm2ge
  OHNAMANI  Amanis Khal
    raceScript: MAGE10C -> 
    defaultScript: NONE -> dw#mg367
  OHNAMNS   Amnian Legionary
    defaultScript: CFIGH20A -> dw2mp2ge
  OHNBARAD  Barad Ding
    raceScript: MAGE10C -> 
    defaultScript: NONE -> dw#mg368
  OHNELLIS  Ellis
    defaultScript: CFIGH20A -> dw2ms2ge
  OHNETTIN  Ettin
    defaultScript: WTASIGHT -> dw2mm2ge
  OHNFADEL  Fadell Ironeye
    generalScript: CFIGH20A -> 
    defaultScript: NONE -> dw2ms2ge
  OHNFELDR  Feldrak Feldrak'i
    raceScript: CTHIE20A -> 
    defaultScript: NONE -> dw2ms2th
  OHNFMER1  Thayan Mercenary
    raceScript: CFIGH20A -> 
    defaultScript: NONE -> dw2ms2ge
  OHNGDUKE  Gul Dukeem
    generalScript: MAGE14C -> 
    defaultScript: WTARSGT -> dw#mg369
  OHNGHALL  Ghallus
    raceScript: CBARB20B -> 
    defaultScript: NONE -> dw2ms2ba
  OHNGLAD   Thayan Mercenary
    raceScript: CFIGH20A -> 
    defaultScript: NONE -> dw2ms2ge
  OHNGNCAP  Gnoll Captain
    defaultScript: WTASIGHT -> dw2mp2ge
  OHNGNEL1  Gnoll Elite
    defaultScript: WTASIGHT -> dw2mp2ge
  OHNGNEL2  Gnoll Elite
    defaultScript: WTASIGHT -> dw2mp2ge
  OHNGUAR1  Guard
    generalScript: USEITEM -> 
    defaultScript: WTASIGHT -> dw2mp2ge
  OHNHAYES  Hayes
    generalScript: MAGE12C -> 
    defaultScript: WTARSGT -> dw#mg370
  OHNKING   "King" Gramm
    raceScript: MAGE10C -> 
    defaultScript: NONE -> dw#mg371
  OHNKNOCK  Knocktor the Fizzled
    raceScript: MAGE10C -> 
    defaultScript: NONE -> dw#mg372
  OHNMERC1  Thayan Mercenary
    raceScript: CFIGH20A -> 
    defaultScript: NONE -> dw2mp2ge
  OHNMERC2  Thayan Mercenary
    raceScript: CFIGH20A -> 
    defaultScript: NONE -> dw2ms2ge
  OHNMERC3  Thayan Mercenary
    raceScript: WTARSGT -> 
    defaultScript: NONE -> dw2rs2ge
  OHNMERET  Mereth
    generalScript: MAGE10A -> WTRUNWAT
    defaultScript: WTRUNWAT -> dw#mg373
  OHNMIRON  Mironda
    raceScript: MAGE10C -> 
    defaultScript: NONE -> dw#mg374
  OHNMMER1  Thayan Mercenary
    raceScript: CFIGH20A -> 
    defaultScript: NONE -> dw2mp2ge
  OHNMOLZA  Molzahn of Tymora
    defaultScript: WTASIGHT -> dw2mc2ge
  OHNOGREB  Ogre
    defaultScript: CBARB20B -> dw2mc2ge
  OHNPOTME  Merchant
    raceScript: USEITEM -> 
    generalScript: MAGE10B -> 
    defaultScript: WTARSGT -> dw#mg375
  OHNQUAID  Quaid
    defaultScript: WTASIGHT -> dw2ms2ge
  OHNREDW   Red Wizard
    generalScript: MAGE10C -> 
    defaultScript: WTARSGT -> dw#mg376
  OHNREDW1  Red Wizard
    generalScript: MAGE12D -> 
    defaultScript: WTARSGT -> dw#mg377
  OHNREDW2  Red Wizard
    raceScript: MAGE12B -> 
    defaultScript: NONE -> dw#mg378
  OHNREDW3  Red Wizard
    raceScript: MAGE12A -> 
    defaultScript: NONE -> dw#mg379
  OHNREDW4  Red Wizard
    raceScript: MAGE10B -> 
    defaultScript: NONE -> dw#mg380
  OHNREDW5  Red Wizard
    generalScript: MAGE12D -> 
    defaultScript: WTARSGT -> dw#mg381
  OHNREDW6  Red Wizard
    generalScript: MAGE10C -> 
    defaultScript: WTARSGT -> dw#mg382
  OHNREDW7  Red Wizard
    generalScript: MAGE10C -> 
    defaultScript:  -> dw#mg383
  OHNREDW8  Red Wizard
    generalScript: MAGE10A -> 
    defaultScript:  -> dw#mg384
  OHNREGI   Reginald
    raceScript: MAGE10C -> 
    defaultScript: NONE -> dw#mg385
  OHNRWBOU  Bouncer
    generalScript: USEITEM -> 
    defaultScript: WTASIGHT -> dw2ms2ge
  OHNRWME1  Thayan Mercenary
    defaultScript: CFIGH20A -> dw2ms2ge
  OHNRWME2  Thayan Mercenary
    generalScript: USEITEM -> 
    defaultScript: WTARSGT -> dw2rp2ge
  OHNRWT1   Red Wizard
    classScript: MAGE18A -> 
    generalScript: USEITEM -> 
    defaultScript: NONE -> dw#mg386
  OHNRWT2   Red Wizard
    classScript: MAGE14C -> 
    generalScript: USEITEM -> 
    defaultScript: NONE -> dw#mg387
  OHNRWT3   Red Wizard
    classScript: MAGE16C -> 
    generalScript: USEITEM -> 
    defaultScript: NONE -> dw#mg388
  OHNRWT4   Red Wizard
    classScript: MAGE12D -> 
    generalScript: USEITEM -> 
    defaultScript: NONE -> dw#mg389
  OHNSCRME  Merchant
    raceScript: USEITEM -> 
    generalScript: MAGE10C -> 
    defaultScript: WTARSGT -> dw#mg390
  OHNSLAVE  Slave
    raceScript: CFIGH20A -> 
    defaultScript: NONE -> dw2ms2ge
  OHNSNAKE  Speaking Snake
    defaultScript: WTASIGHT -> dw2mp2mo
  OHNSQU01  Squirrel
    defaultScript: WTASIGHT -> dw2ms2mo
  OHNSQU02  Squirrel
    defaultScript: WTASIGHT -> dw2ms2mo
  OHNTELAN  Telana
    generalScript: MAGE12C -> 
    defaultScript: WTARSGT -> dw#mg391
  OHNTHFI1  Thayan Fighter
    generalScript:  -> dw#gphlp
    defaultScript: GPMERC -> dw2ms2ge
  OHNTHKN1  Thayan Knight
    classScript: CFIGH20A -> 
    defaultScript: NONE -> dw2ms2ge
  OHNTHKN2  Thayan Fighter
    classScript: WTARSGT -> 
    defaultScript: NONE -> dw2rs2ge
  OHNTHKNI  Thayan Knight
    raceScript: CFIGH20A -> 
    defaultScript: NONE -> dw2ms2ge
  OHNWANME  Merchant
    raceScript: USEITEM -> 
    generalScript: MAGE8C -> 
    defaultScript: WTARSGT -> dw#mg392
  OHNWARWI  Warwick
    defaultScript: CFIGH20A -> dw2ms2ge
  OHNWMC13  Wild Mage
    generalScript: MAGE10B -> 
    defaultScript: WTASIGHT -> dw#mg393
  OHNYUAN   Yuan-ti
    classScript: WTASIGHT -> 
    defaultScript: USEITEM -> dw2ms2mo
  OHNYUANG  Yuan-ti Elite
    classScript: WTASIGHT -> 
    defaultScript: USEITEM -> dw2ms2mo
  OHNYUANM  Yuan-Ti Mage
    defaultScript: USEITEM -> 
  OHNZAVIA  Zaviak
    raceScript: CMAGE20A -> 
    defaultScript: NONE -> dw#mg394
  OHRALDUN  Aldun Forgecaster
    classScript: MAGE10B -> 
    defaultScript:  -> dw#mg395
  OHRAMB    Sharran Guard
    raceScript: WTARSGT -> 
    defaultScript: NONE -> dw2rs2ge
  OHRAMPHI  Amphitheater Guard
    generalScript: USEITEM -> 
    defaultScript: CMONK20B -> dw2mm2dm
  OHRBLYNN  Heretic Blynnyk
    generalScript: CMONK20B -> 
    defaultScript:  -> dw2mm2dm
  OHRBMM    Bright Moon Monk
    defaultScript: CMONK20B -> dw2mm2ss
  OHRBRAIT  Braitenbach
    defaultScript: CMONK20B -> dw2mm2dm
  OHRBSM    Blinding Sun Monk
    defaultScript: CMONK20B -> dw2mm2ss
  OHRBULL1  Heretic Monk
    defaultScript: CMONK20B -> dw2mm2mn
  OHRBULL2  Heretic Monk
    defaultScript: CMONK20B -> dw2mm2mn
  OHRCLESS  Cless Ironeye
    generalScript: GPTHIEF -> dw#gphlp
    defaultScript:  -> dw2ms2th
  OHRCLOAK  Cloaked Figure
    defaultScript: CMONK20B -> dw2mm2mn
  OHRCOLLU  Collus Darathon
    defaultScript: WTASIGHT -> dw2mm2dm
  OHRCONF   Confessor
    defaultScript: CMONK20B -> dw2mm2mn
  OHRCOREN  Heretic Coren
    generalScript: CMONK20B -> 
    defaultScript: NONE -> dw2mm2dm
  OHRCUDDY  Cuddy Dugdeep
    raceScript: CFIGH20A -> 
    defaultScript: NONE -> dw2rs2dd
  OHRDALTN  Dalton
    raceScript: WTARSGT -> 
    defaultScript:  -> dw2rs2ge
  OHRDANYS  Danys Ten-Teeth
    generalScript:  -> dw#gphlp
    defaultScript: GPTHIEF -> dw3ms2th
  OHRDMH1   Heretic Monk
    defaultScript: CMONK20B -> dw2mm2ss
  OHRDMH2   Dark Moon Heretic
    defaultScript: CMONK20B -> dw2mm2dm
  OHRDWRF1  Deepstone Dwarf
    raceScript: CFIGH20A -> 
    defaultScript: NONE -> dw2ms2ge
  OHRDWRF2  Deepstone Dwarf
    raceScript: CFIGH20A -> 
    defaultScript:  -> dw2mc2ge
  OHRDWRF3  Deepstone Dwarf
    raceScript: CFIGH20A -> 
    defaultScript: NONE -> dw2mp2ge
  OHRFASS2  Sharran Assassin
    generalScript:  -> dw#gphlp
    defaultScript: GPTHIEF -> dw2ms2as
  OHRFASSA  Sharran Assassin
    generalScript:  -> dw#gphlp
    defaultScript: GPTHIEF -> dw2mp2as
  OHRFDW1   Deepstone Dwarf
    defaultScript: WTASIGHT -> dw2mp2ge
  OHRFDW2   Deepstone Dwarf
    defaultScript: WTASIGHT -> dw2mp2ge
  OHRFDW3   Deepstone Dwarf
    defaultScript: WTASIGHT -> dw2mp2ge
  OHRFIDDI  Fiddich
    defaultScript: WTASIGHT -> dw2mp2ge
  OHRFILLI  Fillis
    defaultScript: WTASIGHT -> dw2mp2ge
  OHRGELD   Geld Quickblade
    raceScript: GPTHIEF -> dw#gphlp
    defaultScript:  -> dw2ms2th
  OHRGEWLF  Dire Wolf
    defaultScript: WTASIGHT -> dw2mp2mo
  OHRGHELL  Ghell Rando
    defaultScript: CMONK20B -> dw2mm2ss
  OHRHALDO  Haldorr Deepstone
    defaultScript: WTASIGHT -> dw2mc2ge
  OHRHDEEP  Haralt Deepstone
    raceScript: cfigh20a -> 
    defaultScript: NONE -> dw2mp2dd
  OHRHDW1   Deepstone Dwarf
    defaultScript: WTASIGHT -> dw2mp2ge
  OHRHERAT  Herath
    defaultScript: CMONK20B -> dw2mm2mn
  OHRHERET  Heretic Monk
    defaultScript: CMONK20B -> dw2mm2mn
  OHRHERM   Heretic Monk
    defaultScript: CMONK20B -> dw2mm2mn
  OHRHGUA1  Heretic Guard
    generalScript: USEITEM -> 
    defaultScript: CMONK20B -> dw2mm2dm
  OHRHGUA2  Heretic Guard
    generalScript: USEITEM -> 
    defaultScript: CMONK20B -> dw2mm2dm
  OHRHGUA3  Heretic Guard
    generalScript: USEITEM -> 
    defaultScript: CMONK20B -> dw2mm2dm
  OHRHHELM  Hammerhelm
    defaultScript: CMONK20B -> dw2mm2ss
  OHRHMFEN  Fenuku
    defaultScript: CMONK20B -> dw2mm2mn
  OHRHMKEL  Kelner
    defaultScript: CMONK20B -> dw2mm2mn
  OHRHMON1  Heretic Monk
    defaultScript: CMONK20B -> dw2mm2mn
  OHRHOJAR  Hojar Bootcut
    classScript: WTASIGHT -> 
    defaultScript:  -> dw2ms2ba
  OHRHORVA  Sun Soul Horvat
    generalScript: CMONK20B -> 
    defaultScript: NONE -> dw2mm2ss
  OHRJADEN  Jaden
    general: HUMANOID -> MONSTER
    generalScript: GPHEALER -> 
    defaultScript:  -> dw#pr173
  OHRJOLST  Jolstead
    generalScript: WTARSGT -> 
    defaultScript: NONE -> dw2rs2ge
  OHRKILLI  Killis
    defaultScript: WTASIGHT -> dw2mp2ge
  OHRLEMP   Lemp Coldhearth
    raceScript: CFIGH20A -> 
    defaultScript: NONE -> dw2ms2dd
  OHRLEMZE  Lemzenn
    defaultScript: CMONK20B -> dw2mm2dm
  OHRMASS2  Sharran Assassin
    generalScript:  -> dw#gphlp
    defaultScript: GPTHIEF -> dw2ms2as
  OHRMASSA  Sharran Assassin
    generalScript:  -> dw#gphlp
    defaultScript: GPTHIEF -> dw2ms2as
  OHRMEMB1  Heretic Monk
    defaultScript: CMONK20B -> dw2mm2ss
  OHRMEMB2  Heretic Monk
    defaultScript: CMONK20B -> dw2mm2dm
  OHRMEMB3  Heretic Monk
    defaultScript: CMONK20B -> dw2mm2mn
  OHRMOCOM  Master of Combat
    defaultScript: CMONK20B -> dw2mm2ss
  OHRMOOSE  Dangerous Moose
    defaultScript: WTASIGHT -> dw2mp2mo
  OHRMURUN  Inquisitor Murundhi
    defaultScript: CCLER20B -> dw#pr174
  OHROAZMA  Overseer Azmadi
    defaultScript: GPHEALER -> dw#pr175
  OHROVIDI  Sharran Guard Ovidiu
    raceScript: WTARSGT -> 
    defaultScript: NONE -> dw2rs2ge
  OHROVS1   Sharran Overseer
    raceScript: WTASIGHT -> 
    defaultScript: NONE -> dw2mc2ge
  OHROVS2   Sharran Overseer
    raceScript: CMONK20B -> 
    defaultScript: NONE -> dw2mm2dm
  OHROVS9   Sharran Overseer
    defaultScript: CMONK20B -> dw2mm2dm
  OHRPHM    Penance Host Monk
    defaultScript: CMONK20B -> dw2mm2mn
  OHRPHYLL  Phyllidus
    defaultScript: CMONK20B -> dw2mm2dm
  OHRRANHM  Heretic Monk
    defaultScript: CMONK20B -> dw2mm2mn
  OHRRAZVA  Sharran Overseer Razvan
    raceScript: CMONK20B -> 
    defaultScript: NONE -> dw2mm2dm
  OHRROPM1  Room of Pain Monk
    defaultScript: CMONK20B -> dw2mm2mn
  OHRROPM2  Room of Pain Monk
    defaultScript: CMONK20B -> dw2mm2mn
  OHRROPM3  Room of Pain Monk
    defaultScript: CMONK20B -> dw2mm2mn
  OHRROPM4  Room of Pain Monk
    defaultScript: WTASIGHT -> dw2mm2mn
  OHRROPM5  Room of Pain Monk
    defaultScript: CMONK20B -> dw2mm2mn
  OHRROPML  Room of Pain Monk Leader
    defaultScript: CMONK20B -> dw2mm2mn
  OHRSAHAN  Sahana
    defaultScript: CMONK20B -> dw2mm2ss
  OHRSBG    Sharran Bridge Guard
    raceScript: CFIGH20A -> 
    defaultScript: NONE -> dw2ms2ge
  OHRSDG1   Sharran Sorcerer
    raceScript: GPMAGE1 -> 
    defaultScript: NONE -> dw#mg396
  OHRSDG2   Sharran Gate Guard
    raceScript: CFIGH20A -> 
    defaultScript: NONE -> dw2ms2ge
  OHRSGMA1  Sharran Guard
    generalScript: CFIGH20A -> 
    defaultScript:  -> dw2ms2ge
  OHRSGMA2  Sharran Guard
    raceScript: CBARB20B -> 
    defaultScript: NONE -> dw2ms2ba
  OHRSGUA1  Sharran Guard
    defaultScript: GPMERC -> dw2ms2ge
  OHRSGUA2  Sharran Guard
    raceScript:  -> GRPSHT01
    generalScript: GRPSHT01 -> dw#gphlp
    defaultScript: GPMERC -> dw2mp2ge
  OHRSHASS  Sharran Assassin
    raceScript:  -> GRPSHT01
    generalScript: GRPSHT01 -> dw#gphlp
    defaultScript: GPTHIEF -> dw2ms2as
  OHRSHDM9  Dark Moon Monk
    defaultScript: CMONK20B -> dw2mm2dm
  OHRSHDMK  Dark Moon Monk
    defaultScript: CMONK20B -> dw2mm2dm
  OHRSHDMM  Dark Moon Monk
    defaultScript: CMONK20B -> dw2mm2dm
  OHRSHG01  Shadow Guard
    raceScript: CBERS20B -> 
    defaultScript:  -> dw2mp2be
  OHRSHG02  Shadow Guard
    raceScript: CBERS20B -> 
    defaultScript:  -> dw2mp2be
  OHRSHM9   Dark Moon Monk
    defaultScript: CMONK20B -> dw2mm2dm
  OHRSHMER  Sharran Mercenary
    generalScript:  -> dw#gphlp
    defaultScript: GPMERC -> dw2ms2ge
  OHRSHMON  Sharran Monk
    defaultScript: CMONK20B -> dw2mm2dm
  OHRSHMRC  Sharran Guard
    raceScript:  -> GRPSHT01
    generalScript: GRPSHT01 -> dw#gphlp
    defaultScript: GPMERC -> dw2ms2ge
  OHRSHR11  Sharran Mercenary
    raceScript: CBERS20B -> 
    defaultScript: NONE -> dw2ms2be
  OHRSHR20  Sharran Monk
    defaultScript: CMONK20B -> dw2mm2dm
  OHRSHR21  Sharran Assassin
    generalScript:  -> dw#gphlp
    defaultScript: GPTHIEF -> dw2ms2as
  OHRSHR22  Sharran Crusader
    defaultScript: GPHEALER -> dw#pr176
  OHRSHR23  Sharran Sorcerer
    class: SORCERER -> MAGE
    defaultScript: GPMAGE1 -> dw#mg397
  OHRSHR30  Dark Moon Monk
    defaultScript: CMONK20B -> dw2mm2dm
  OHRSHR32  Sharran Mercenary
    raceScript:  -> GRPSHT01
    generalScript: GRPSHT01 -> dw#gphlp
    defaultScript: GPARCHER -> dw2rp2ge
  OHRSHRAM  Dark Moon Monk
    defaultScript: CMONK20B -> dw2mm2dm
  OHRSHRN1  Sharran Assassin
    generalScript:  -> dw#gphlp
    defaultScript: GPTHIEF -> dw2ms2as
  OHRSHRN2  Sharran Priest
    defaultScript: GPHEALER -> dw#pr177
  OHRSHRN3  Sharran Warrior
    generalScript: USEITEM -> dw#gphlp
    defaultScript: GPMERC -> dw2rs2ge
  OHRSHRN4  Sharran Sorcerer
    class: SORCERER -> MAGE
    defaultScript: GPMAGE1 -> dw#mg398
  OHRSHRN5  Sharran Crusader
    generalScript: USEITEM -> dw#gphlp
    defaultScript: GPMERC -> dw2ms2ge
  OHRSHRN6  Dark Moon Monk
    defaultScript: CMONK20B -> dw2mm2dm
  OHRSLARA  Sun Soul Lara
    generalScript: CMONK20B -> 
    defaultScript: NONE -> dw2mm2ss
  OHRSSCAR  Sixscar
    defaultScript: CMONK20B -> dw2mm2ss
  OHRSSM01  Sun Soul Monk
    defaultScript: CMONK20B -> dw2mm2ss
  OHRSTALK  Invisible Stalker
    defaultScript: WTASIGHT -> dw2mc2mo
  OHRTADDA  Taddaus
    generalScript: CCLER20B -> 
    defaultScript: WTASIGHT -> dw#pr178
  OHRTALLU  Tallus
    raceScript: CBARB20B -> 
    defaultScript: NONE -> dw2ms2ba
  OHRTHEYE  Theyeredahl
    generalScript:  -> dw#gphlp
    defaultScript: GPMERC -> dw2ms2ge
  OHRTORCA  Torcadahl
    defaultScript: CFIGH20B -> dw2ms2ge
  OHRTREYA  Treya
    defaultScript: CMONK20B -> dw2mm2ss
  OISIG     High Watcher Oisig
    defaultScript: WTASIGHT -> dw2mm2ge
  ORC01     Orc
    raceScript: orcwar -> 
    defaultScript: WTARSGT -> dw2ms2ba
  ORC02     Orc Archer
    raceScript: OArch02 -> 
    defaultScript: WTASIGHT -> dw2rs2ge
    weapon2:  -> SW1H07
  ORC03     Orc Priest
    raceScript: priest12 -> 
    defaultScript: WTASIGHT -> dw#pr179
  ORC04     Orc Mage
    generalScript: mage10a -> 
    defaultScript: WTASIGHT -> dw#mg399
  ORC05     Orog
    raceScript: orcwar -> 
    defaultScript: WTARSGT -> dw2ms2ba
  ORC06     Orog
    raceScript: oarch02 -> 
    defaultScript: WTARSGT -> dw2ms2ge
  OTYUGH    Otyugh
    defaultScript: WTASIGHT -> dw2mc2mo
  OTYUGH01  Otyugh
    defaultScript: WTASIGHT -> dw2mc2mo
  PACE      Pace
    classScript: thiefrg -> 
    raceScript: useitem -> 
    defaultScript: WTASIGHT -> dw2ms2ge
  PAIREL01  Air Elemental
    defaultScript: WDASIGHT -> dw2mc2ge
  PALKNI01  Ogre Mage
    class: PALADIN -> OGRE_MAGE
    defaultScript: wtasight -> dw2ms2ge
  PALKNI02  Ogre
    class: PALADIN -> OGRE
    defaultScript: wtasight -> dw2ms2ge
  PALKNI03  Gnoll Elite
    class: PALADIN -> GNOLL
    defaultScript: wtasight -> dw2mp2ge
  PALKNI04  Ogre
    class: PALADIN -> OGRE
    defaultScript: wtasight -> dw2mp2ge
  PALKNI05  Baby Wyvern
    class: PALADIN -> WYVERN
    defaultScript: wtasight -> dw2ms2ge
  PARDRU    Sorsha
    overrideScript: gpuse -> 
    raceScript: druid12a -> 
    defaultScript: wtasight -> dw#pr180
    weapon2:  -> DW#SHNBR
  PARFIG16  Jalin Tix
    defaultScript: WTASIGHT -> dw2rs2ge
  PARMONK   Mahar
    classScript: gpuse -> 
    defaultScript: WTASIGHT -> dw2mm2mn
  PARTHF    Alnarow
    classScript: gpuse -> 
    raceScript: thief14t -> 
    generalScript: wtasight -> 
    defaultScript: None -> dw2ms2th
  PBHUNT01  Aawill
    generalScript: gpuse -> 
    defaultScript: wtasight -> dw2ms2ge
  PBHUNT02  Bounty Hunter
    classScript: gparcher -> dw#gphlp
    raceScript: gensht01 -> 
    generalScript: None -> gensht01
    defaultScript: wtasight -> dw2rs2ge
  PBHUNT03  Bounty Hunter
    classScript: Mage14c -> 
    generalScript: wtasight -> 
    defaultScript:  -> dw#mg400
  PBHUNT04  Bounty Hunter
    defaultScript: wtasight -> dw2mm2ge
  PBHUNT05  Bounty Hunter
    classScript: thief14t -> 
    defaultScript: wtasight -> dw2mp2th
  PCAPT02   Prison Captain
    overrideScript: figmag10 -> 
    defaultScript: wtasight -> dw#mg401
  PCAPT03   Prison Captain
    defaultScript: WTASIGHT -> dw2rs2ge
  PCAPT04   Prison Captain
    overrideScript: mage12b -> 
    defaultScript: None -> dw#mg402
  PCAPT05   Prison Captain
    overrideScript: figmag10 -> 
    defaultScript: wtasight -> dw#mg403
  PCAPT06   Prison Captain
    overrideScript: priet12b -> 
    defaultScript: wtasight -> dw#pr181
  PDWARF01  Dwarf Thrall
    defaultScript: wtasight -> dw2mm2th
  PELANNA   Pelanna
    defaultScript: WTASIGHT -> dw2rp2ge
  PETTIN    Ettin
    defaultScript: wtasight -> dw2mc2ge
  PGNALGEL  Gellester
    defaultScript: COWENF02 -> dw#mg404
  PGNALGHA  Ghazamonar
    raceScript: mage4b -> 
    generalScript: wtasight -> apprenti
    defaultScript: apprenti -> dw#mg405
  PGNALISA  Isaea
    defaultScript: WTASIGHT -> dw2ms2ge
  PGNALLEM  Lemmish
    defaultScript: WTASIGHT -> dw2rp2ge
  PGNALPOC  Pockney
    defaultScript: WTASIGHT -> dw2ms2ge
  PGNALTER  Tereen
    defaultScript: WTASIGHT -> dw2ms2ge
  PGNALVAM  Nalia
    class: VAMPIRE -> MAGE
    level: 8 -> 16
    generalScript: None -> 
    defaultScript: WDASIGHT -> dw#mg406
  PHEOGURD  Phoenix Guard
    defaultScript: WDASIGHT -> dw2ms2ge
  PHLYDI    Phlydia
    defaultScript: wtasight -> dw2mp2ge
  PHLYDI2   Phlydia
    defaultScript: wtasight -> dw2mp2ge
  PHLYDI3   Phlydia
    general: HUMANOID -> MONSTER
    defaultScript: wtasight -> dw2mp2ge
  PIRBOB01  Capt'n Bob Holmes
    defaultScript: WTASIGHT -> dw2mm2ge
  PIREXE01  Executioner
    defaultScript: WTASIGHT -> dw2rc2ge
  PIRFSH01  Fisherman
    defaultScript: WTASIGHT -> dw2mm2ge
  PIRFSH02  Fishwife
    defaultScript: WTASIGHT -> dw2mm2ge
  PIRGRD01  Guard
    defaultScript: WTASIGHT -> dw2mp2ge
  PIRMUR01  Galvena
    defaultScript: WTASIGHT -> dw2ms2ge
  PIRMUR02  Assassin
    defaultScript: WTARSGT -> dw2rs2ge
  PIRMUR03  Front
    classScript: figmag10 -> 
    generalScript: WTASIGHT -> 
    defaultScript: None -> dw#mg407
  PIRMUR04  Guard
    defaultScript: WTASIGHT -> dw2mp2ge
  PIRMUR05  Guard Captain
    defaultScript: WTASIGHT -> dw2mc2ge
  PIRMUR06  Guard Captain
    defaultScript: WTASIGHT -> dw2mc2ge
  PIRMUR07  Vadek
    classScript: Mage14M -> 
    generalScript: WTARSGT -> 
    defaultScript: None -> dw#mg408
  PIRMUR08  Guard
    defaultScript: WTASIGHT -> dw2mp2ge
  PIRMUR09  Golin
    overrideScript: pries8a -> 
    defaultScript: wtasight -> dw#pr182
  PIRMUR11  Guard
    defaultScript: WTASIGHT -> dw2mp2ge
  PIRMUR12  Guard
    defaultScript: WTASIGHT -> dw2mp2ge
  PIRMUR13  Guard Captain
    defaultScript: WTASIGHT -> dw2mc2ge
  PIRPIR01  Pirate
    defaultScript: WTASIGHT -> dw2mm2ge
  PIRPIR02  Andar the Pirate
    defaultScript: WTASIGHT -> dw2ms2ge
  PIRPIR03  Olben the Pirate
    defaultScript: WTASIGHT -> dw2ms2ge
  PIRPIR05  Chremy
    defaultScript: WTASIGHT -> dw2ms2th
    weapon1: SW1H01 -> SW1H04
  PIRPIR07  Pirate Bill
    defaultScript: WTASIGHT -> dw2ms2ge
  PIRPIR08  Pirate Dan
    defaultScript: WTASIGHT -> dw2mm2ge
  PIRPIR09  Pirate Jimmy
    defaultScript: WTASIGHT -> dw2mm2ge
  PIRPIR10  Pirate Scotty
    defaultScript: WTASIGHT -> dw2mm2ge
  PIRPIR11  Pirate Paul
    defaultScript: WTASIGHT -> dw2mm2ge
  PIRPIR12  Pirate Newf
    defaultScript: WTASIGHT -> dw2mm2ge
  PIRPRV01  Privateer
    defaultScript: WTASIGHT -> dw2mm2ge
  PIRSEA01  Pirate Captain
    overrideScript: shoutdlg -> grpsht01
    classScript: None -> shoutdlg
    defaultScript: WTASIGHT -> dw2ms2ge
  PIRSEA02  Pirate
    defaultScript: WTASIGHT -> dw2rs2ge
  PIRSEA03  Pirate
    overrideScript: None -> grpsht01
    generalScript: mage10b -> 
    defaultScript: wtasight -> dw#mg409
  PLANET01  Planetar
    defaultScript: wtasight -> dw2ms2mo
  PLANWISH  Fallen Planetar
    defaultScript: wtasight -> dw2ms2mo
  PLASS01   Assassin
    generalScript: None -> 
    defaultScript: wtasight -> dw#mg410
  PLASS02   Assassin
    defaultScript: wtasight -> dw2rs2pa
  PLASS03   Assassin
    defaultScript: wtasight -> dw2rp2ge
  PLFARM03  Petr
    defaultScript: WTASIGHT -> dw2ms2ge
  PLFARM04  Brunson
    defaultScript: WTASIGHT -> dw2ms2ge
  PLFARM05  Pardo
    defaultScript: WTASIGHT -> dw2ms2ge
  PLFARM06  Moreno
    defaultScript: WTASIGHT -> dw2ms2ge
  PLMETG01  Metrich Footman
    defaultScript: wtasight -> dw2mp2ge
  PLMETG02  Metrich Yeoman
    defaultScript: wtasight -> dw2rs2ge
  PLMETR01  Baron Metrich
    defaultScript: wtasight -> dw2ms2ge
  PLMETW01  Sorcerous Amin
    classScript: mage14a -> 
    defaultScript: wtarsgt -> dw#mg411
  PLSHFG01  Ettin
    defaultScript: WTASIGHT -> dw2mc2ge
  PLSHFG02  Ettin
    defaultScript: WTASIGHT -> dw2mc2ge
  PLSHHG01  Hobgoblin Slayer
    defaultScript: WTASIGHT -> dw2rs2ge
  PLSHHG02  Hobgoblin Wizard
    defaultScript: WTASIGHT -> dw#mg412
  PLSHKN01  Knight of the Order
    raceScript: PALAD10 -> 
    defaultScript: None -> dw2mp2pa
  PLSHKN02  Knight of the Order
    raceScript: PALAD10 -> 
    defaultScript: None -> dw2mp2pa
  PLSHOM01  Ogre Mage
    defaultScript: WTASIGHT -> dw2ms2ge
  PLYFLIND  Flind
    overrideScript: GNOLLF -> 
    classScript: None -> 
    raceScript: WTASIGHT -> 
    generalScript: None -> 
    defaultScript: None -> 
  PLYOGRE   Ogre
    overrideScript: None -> 
    classScript: None -> 
    raceScript: OGRE -> 
    generalScript: None -> 
    defaultScript: WTASIGHT -> 
  PLYSALA   Salamander
    overrideScript: None -> 
    classScript: None -> 
    raceScript: None -> 
    generalScript: None -> 
    defaultScript: wtasight -> 
  PLYSPID   Sword Spider
    overrideScript: None -> 
    classScript: None -> 
    raceScript: None -> 
    generalScript: None -> 
    defaultScript: wtasight -> 
  PLYSPID2  Giant Spider
    raceScript: WTASIGHT -> 
    defaultScript: None -> dw2mp2mo
  PLYTROLL  Troll
    raceScript: None -> 
    generalScript: None -> 
  PLYWOLF   Wolf
    overrideScript: None -> 
    classScript: DREADWLF -> 
    raceScript: None -> 
    generalScript: None -> 
    defaultScript: wtasight -> 
  PLYWYVRN  Baby Wyvern
    overrideScript: None -> 
    classScript: None -> 
    raceScript: WYVERN -> 
    generalScript: None -> 
    defaultScript: wtasight -> 
  PMASTER   Master of Thralls
    anim: TANARRI -> FIEND_GREEN
    level: 10 -> 12
    generalScript: WTASIGHT -> 
    defaultScript: None -> dw2ms2ge
    weapon1: S1-10 -> BL3-12M4
  POGHM10   Priest of Oghma
    defaultScript: WDASIGHT -> dw2mm2ge
  POGHM3    Priest of Oghma
    classScript: WDASIGHT -> 
    defaultScript: None -> dw2mm2ge
  POGHM6    Priest of Oghma
    classScript: WDASIGHT -> 
    defaultScript: None -> dw2mm2ge
  POGHM9    Priest of Oghma
    defaultScript: WTASIGHT -> dw2mm2ge
  POGHMA    Priest of Oghma
    classScript: WDASIGHT -> 
    defaultScript: None -> dw2mm2ge
  POGHMA3   Priest of Oghma
    classScript: WDASIGHT -> 
    defaultScript: None -> dw2mm2ge
  POGHMA4   Priest of Oghma
    raceScript: WDASIGHT -> 
    defaultScript: None -> dw2mm2ge
  POGHMA5   Priest of Oghma
    classScript: WTASIGHT -> 
    defaultScript: None -> dw2mm2ge
  POGHMA6   Priest of Oghma
    classScript: WDASIGHT -> 
    defaultScript: None -> dw2mm2ge
  POGHMA7   Priest of Oghma
    classScript: WDASIGHT -> 
    defaultScript: None -> dw2mm2ge
  POGHMA8   Priest of Oghma
    classScript: WDASIGHT -> 
    defaultScript: None -> dw2mm2ge
  POLYOCHR  Mustard Jelly
    overrideScript: None -> 
    classScript: None -> 
    raceScript: WTASIGHT -> 
    generalScript: None -> 
    defaultScript: None -> 
  POLYRAT   Rat
    overrideScript: None -> 
    classScript: None -> 
    raceScript: WDRUNSGT -> 
    generalScript: None -> 
    defaultScript: None -> 
  PPALTK1   Kobold Shaman
    defaultScript: wtasight -> dw2mc2ge
  PPALTK2   Kobold Shaman
    defaultScript: wtasight -> dw2mc2ge
  PPAPH2    Aphril
    generalScript: Mage14a -> 
    defaultScript:  -> dw#mg413
  PPAPHRIL  Aphril
    generalScript: Mage14a -> 
    defaultScript:  -> dw#mg414
  PPARAN2   Aran Linvail
    overrideScript: magthf14 -> 
    defaultScript: WTASIGHT -> dw#mg415
  PPBHAAL   Bhaal
    defaultScript: WTASIGHT -> dw2ms2ge
  PPBODHI3  Bodhi
    defaultScript: WDASIGHT -> dw2mc2ge
  PPBODHI4  Bodhi
    class: VAMPIRE -> FIGHTER_THIEF
    generalScript: ppvampir -> dw#ppbod
    defaultScript:  -> dw#vmmin
    lring: VAMPREG2 -> IMMUNE3
    rring: IMMUNE2 -> VAMPREG2
    weapon1: VAMP3 -> VAMP1
    weapon2:  -> DW#BLDD3
    weapon3:  -> DW#VMWOL
    weapon4:  -> DW#VMBAT
  PPCOWLED  Perth the Adept
    level: 18 -> 20
    raceScript: mage18b -> 
    defaultScript:  -> dw#mg416
  PPDEL     Del
    class: VAMPIRE -> FIGHTER_THIEF
    defaultScript: wtasight -> 
    lring: VAMPREG -> IMMUNE2
    rring: IMMUNE2 -> VAMPREG
    weapon2:  -> DW#BLDD
    weapon3:  -> DW#VMWOL
    weapon4:  -> DW#VMBAT
  PPDESH    Desharik
    defaultScript: WTASIGHT -> dw2ms2ge
  PPDESH2   Desharik
    defaultScript: WTASIGHT -> dw2ms2ge
  PPDJINN   Genie
    defaultScript: WTASIGHT -> dw2mc2ge
  PPDJINN2  Noble Djinni
    level: 10 -> 13
    gender: NIETHER -> MALE
    defaultScript: WTASIGHT -> 
    lring:  -> DW#DJINN
  PPDOOR    Pirate Door Guard
    defaultScript: WTASIGHT -> dw2mm2ge
  PPDRA2    Dradeel
    raceScript: mage16m -> 
    defaultScript: wtasight -> dw#mg417
  PPDRADEE  Dradeel
    generalScript: mage16m -> 
    defaultScript: wtasight -> dw#mg418
  PPDRIMOV  Imoen
    defaultScript: wtasight -> dw2mm2ge
  PPDUEL1   Andante
    defaultScript: WTASIGHT -> dw2ms2ge
  PPDUEL2   Dirbish the Black
    defaultScript: WTASIGHT -> dw2ms2ge
  PPDUELC   Duel Coordinator
    defaultScript: WTASIGHT -> dw2mm2ge
  PPGITH    Githyanki Captain
    overrideScript: gpshout -> dw#gifmg
    classScript: githchp4 -> gpshout
    raceScript: figmag10 -> githchp4
    defaultScript: None -> dw#mg419
  PPGITHGI  Githyanki
    overrideScript: gpshout -> dw#gifmg
    classScript: githchp4 -> gpshout
    raceScript: figmag06 -> githchp4
    defaultScript: WTASIGHT -> dw#mg420
  PPGITHMA  Githyanki
    raceScript: mage8b -> 
    defaultScript: wtasight -> dw#mg421
  PPGITHWA  Githyanki
    defaultScript: wtasight -> gith01
  PPGUARD   Pirate
    defaultScript: WTASIGHT -> dw2rs2ge
  PPGUARD1  Kobold
    defaultScript: WTASIGHT -> dw2rs2ge
  PPGUARD2  Kobold
    defaultScript: WTASIGHT -> dw2ms2ge
  PPGUARD3  Kobold
    defaultScript: WTASIGHT -> dw2ms2ge
  PPGUARD4  Kobold Witch Doctor
    class: KOBOLD -> MAGE
    raceScript: mage6a -> 
    defaultScript: wtasight -> dw#mg422
  PPGUARDA  Pirate
    defaultScript: WTASIGHT -> dw2rs2ge
  PPINN01   Innkeeper
    defaultScript: WTASIGHT -> dw2mm2ge
  PPIRENI1  Coordinator
    defaultScript: WTASIGHT -> dw2mc2ge
  PPIRENI2  Jon Irenicus
    classScript: ppjon2 -> 
    defaultScript: WTASIGHT -> dw#mg423
  PPIRON    Clay Golem
    defaultScript: WTASIGHT -> 
  PPJOYE    Dace Sontan
    class: VAMPIRE -> FIGHTER_THIEF
    defaultScript: wtasight -> 
    lring: VAMPREG1 -> VAMPREG
    weapon2:  -> DW#BLDD1
    weapon3:  -> DW#VMWOL
    weapon4:  -> DW#VMBAT
  PPJOYE2   Dace Apparition
    class: VAMPIRE -> FIGHTER_THIEF
    lring: MINHP1 -> VAMPREG
    weapon2:  -> DW#BLDD1
    weapon3:  -> DW#VMWOL
    weapon4:  -> DW#VMBAT
  PPLACKEY  Pirate
    defaultScript: WTASIGHT -> dw2mm2ge
  PPLDR01   Pirate Leader
    defaultScript: WTASIGHT -> dw2ms2ge
  PPMAG01   Pirate Mage
    defaultScript: wtasight -> dw#mg424
  PPMIND01  Ulitharid
    level: 8 -> 14
    defaultScript: WTASIGHT -> 
    weapon1: MINDFLAY -> DW#ULITH
  PPMUR     Murderer
    level: 3 -> 7
    defaultScript: wtasight -> dw2ms2as
  PPNALJ    Naljier Skal
    defaultScript: wtasight -> dw2mm2ge
  PPNALJ2   Naljier Skal
    generalScript: None -> 
    defaultScript: wtasight -> dw#mg425
  PPPARIS   Parisa
    class: VAMPIRE -> FIGHTER_THIEF
    defaultScript: wtasight -> 
    lring: VAMPREG -> IMMUNE2
    rring: IMMUNE2 -> VAMPREG
    weapon2:  -> DW#BLDD
    weapon3:  -> DW#VMWOL
    weapon4:  -> DW#VMBAT
  PPPIRATE  Pirate
    defaultScript: WTASIGHT -> dw2ms2ge
  PPRIGHT   Dunbar
    defaultScript: WTASIGHT -> dw2ms2ge
  PPSAEM    Saemon Havarian
    classScript: figmag16 -> 
    defaultScript: wtasight -> dw#mg426
  PPSAEM2   Saemon Havarian
    classScript: figmag16 -> 
    defaultScript: wtasight -> dw#mg427
  PPSAEM3   Saemon Havarian
    classScript: figmag16 -> 
    defaultScript: wtasight -> dw#mg428
  PPSAHA    Sahuagin
    defaultScript: wtarsgt -> dw2rp2ge
  PPSAHALE  Sahuagin Baron
    defaultScript: wtarsgt -> dw2mp2ge
  PPSAIL01  Pirate
    defaultScript: WTASIGHT -> dw2ms2ge
  PPSAIL02  Pirate
    defaultScript: WTASIGHT -> dw2ms2th
  PPSAIL03  Pirate
    defaultScript: WTASIGHT -> dw2ms2ge
  PPSANIK   Sanik
    defaultScript: wtasight -> dw2mm2ge
  PPSHA     Saemon Havarian
    classScript: figmag16 -> 
    defaultScript: wtasight -> dw#mg429
  PPSIME    Sime
    defaultScript: wtasight -> dw2ms2th
  PPTHF01   Pirate
    defaultScript: WTASIGHT -> dw2ms2th
    shield: DAGG01 -> 
  PPTHF02   Pirate
    defaultScript: WTARSGT -> dw2rs2ge
  PPTIAX    Tiax
    raceScript: thiclr10 -> 
    defaultScript: wtasight -> dw#pr183
  PPTIAX2   Tiax
    raceScript: thiclr10 -> 
    defaultScript: wtasight -> dw#pr184
  PPTROLL1  Spirit Troll
    level: 6 -> 9
    defaultScript: WTASIGHT -> dw2mp2ge
    amulet: MONHP1 -> 
  PPUMB01   Priestess of Umberlee
    overrideScript: pries18b -> 
    defaultScript: wtasight -> dw#pr185
  PPUMB02   Umber Hulk
    defaultScript: WTASIGHT -> dw2mc2mo
  PPVALEN   Valen
    class: VAMPIRE -> FIGHTER_THIEF
    level: 10 -> 14
    defaultScript: WDASIGHT -> 
    lring: VAMPREG -> IMMUNE3
    rring: IMMUNE2 -> VAMPREG2
    weapon2:  -> DW#BLDD
    weapon3:  -> DW#VMWOL
    weapon4:  -> DW#VMBAT
  PPWANEV   Wanev
    raceScript: mage18d -> 
    generalScript: wtasight -> 
    defaultScript:  -> dw#mg430
  PPWANEV2  Wanev
    raceScript: mage18d -> 
    generalScript: wtasight -> 
    defaultScript:  -> dw#mg431
  PPWORKER  Lonk the Sane
    generalScript: mage18a -> 
    defaultScript:  -> dw#mg432
  PRIES10A  Zorl
    overrideScript: pries10a -> 
    defaultScript: wtasight -> dw#pr186
  PRIES10B  Zorl
    overrideScript: pries10b -> 
    defaultScript: wtasight -> dw#pr187
  PRIES10C  Zorl
    overrideScript: pries10c -> 
    defaultScript: wtasight -> dw#pr188
  PRIES12A  Zorl
    overrideScript: pries12a -> 
    defaultScript: wtasight -> dw#pr189
  PRIES12B  Zeela
    overrideScript: priet12b -> 
    defaultScript: wtasight -> dw#pr190
  PRIES12C  Zorl
    overrideScript: pries12c -> 
    defaultScript: wtasight -> dw#pr191
  PRIES18A  Zorl
    overrideScript: pries18a -> 
    defaultScript: wtasight -> dw#pr192
  PRIES18B  Zorl
    overrideScript: pries18b -> 
    defaultScript: wtasight -> dw#pr193
  PRIES18C  Zorl
    overrideScript: pries18c -> 
    defaultScript: wtasight -> dw#pr194
  PRIES6A   Zorl
    overrideScript: pries6a -> 
    defaultScript: wtasight -> dw#pr195
  PRIES6B   Zorl
    overrideScript: pries6b -> 
    defaultScript: wtasight -> dw#pr196
  PRIES6C   Zorl
    overrideScript: pries6c -> 
    defaultScript: wtasight -> dw#pr197
  PRIES8A   Zorl
    overrideScript: pries8a -> 
    defaultScript: wtasight -> dw#pr198
  PRIES8B   Zorl
    overrideScript: pries8b -> 
    defaultScript: wtasight -> dw#pr199
  PRIES8C   Zorl
    overrideScript: pries8c -> 
    defaultScript: wtasight -> dw#pr200
  PRISONG1  Prison Guard
    defaultScript: WTARSGT -> dw2rs2ge
  PRISONG2  Prison Guard
    defaultScript: WTARSGT -> dw2rs2ge
  PRISONK1  Prison Keeper
    defaultScript: WTARSGT -> dw2rs2ge
  PROPHELM  Shield Knight
    defaultScript: WTASIGHT -> dw2ms2ge
  PROPHET1  Prophet
    defaultScript: WTASIGHT -> dw2mm2ge
  PROPHET2  Prophet
    defaultScript: WTASIGHT -> dw2mm2ge
  PROPHET3  Prophet
    defaultScript: WTASIGHT -> dw2mm2ge
  PROPHET4  Prophet
    defaultScript: WTASIGHT -> dw2mm2ge
  PROPLAT   Morning Knight
    defaultScript: WTASIGHT -> dw2mp2ge
  PROPTAL   Storm Knight
    defaultScript: WTASIGHT -> dw2mc2ge
  PTHRAL01  Thrall Leader
    defaultScript: WTASIGHT -> dw2ms2ge
  PTHRAL02  Thrall
    generalScript: mage12a -> 
    defaultScript: None -> dw#mg433
  PTHRAL03  Thrall Fighter
    defaultScript: WTARSGT -> dw2rs2ge
  PTHRAL04  Thrall
    generalScript: mage12b -> 
    defaultScript: useitem -> dw#mg434
  PTHRAL05  Female Thrall
    defaultScript: WTASIGHT -> dw2ms2ge
  PTHRAL07  Warden's Thrall
    defaultScript: WTASIGHT -> dw2ms2ge
  PTHRAL08  Thrall
    raceScript: mage12b -> 
    defaultScript: None -> dw#mg435
  PTHRAL09  Thrall
    raceScript: priest12 -> 
    defaultScript: wtasight -> dw#pr201
  PTHRAL10  Thrall
    defaultScript: WTASIGHT -> dw2ms2ge
  PTHRAL11  Thrall
    defaultScript: WTASIGHT -> dw2ms2ge
  PUDDEN01  Dense Pudding
    defaultScript: wtasight -> dw2rs2mo
    weapon2:  -> DW#PUDDN
  PUDDEN02  Dense Pudding
    defaultScript: wtasight -> dw2rs2mo
    weapon2:  -> DW#PUDDN
  PWARDEN   Warden
    defaultScript: wtasight -> dw#mg436
  PWAUK1    Counter Carravis
    defaultScript: WTASIGHT -> dw2mc2ge
  QUATAR    Quataris
    classScript: WTASIGHT -> 
    defaultScript: None -> dw2ms2th
  QUAYLE    Quayle
    defaultScript: WTARSGT -> dw2rm2ge
  RAELIS    Raelis Shai
    generalScript: Mage8a -> 
    defaultScript: WTASIGHT -> dw#mg437
  RAKMAH01  Maharajah
    level: 11 -> 17
    classScript: mage8d -> 
    defaultScript: WTASIGHT -> dw#mg438
  RAKRAJ01  Rajah
    level: 11 -> 15
    classScript: mage8d -> 
    defaultScript: WTASIGHT -> dw#mg439
  RAKRUH01  Ruhk
    class: NO_CLASS -> RAKSHASA
    classScript: mage8d -> 
    defaultScript: WTASIGHT -> dw#mg440
  RAKSHA01  Rakshasa
    classScript: mage8d -> 
    defaultScript: WTASIGHT -> dw#mg441
  RAT2      Rat
    raceScript: WDASIGHT -> 
    defaultScript: None -> dw2mm2mo
  REBAND01  Bandit
    defaultScript: WTASIGHT -> dw2ms2th
  REBAND02  Bandit
    defaultScript: WTASIGHT -> dw2mp2th
  REBAND03  Bandit
    defaultScript: WTASIGHT -> dw2ms2ge
    shield:  -> SHLD03
  REBAND04  Bandit
    overrideScript: mage8a -> 
    defaultScript: None -> dw#mg442
  REBAND05  Bandit
    overrideScript: pries8a -> 
    defaultScript: wtasight -> dw#pr202
  RECKON    Duergar
    defaultScript: WTASIGHT -> dw2mc2ge
  RECLER01  Slaver
    overrideScript: pries8a -> 
    defaultScript: wtasight -> dw#pr203
  RECLER02  Cleric
    overrideScript: priest12 -> 
    defaultScript: WTASIGHT -> dw#pr204
  REDILAV   Dilav
    defaultScript: WTASIGHT -> dw2ms2ge
  REDRAD01  Dradeel
    raceScript: mage16m -> 
    defaultScript: wtasight -> dw#mg443
  REELDAR   Eldarin
    defaultScript: WTASIGHT -> dw2rs2ge
    weapon3:  -> SW1H01
  REEVOR    Reevor
    defaultScript: WTASIGHT -> dw2ms2ge
  REEVOR2   Reevor
    defaultScript: WTASIGHT -> dw2ms2ge
  REEVOR3   Reevor
    general: HUMANOID -> MONSTER
    defaultScript: WTASIGHT -> dw2ms2ge
  REFIGH01  Slaver
    defaultScript: WTARSGT -> dw2rs2ge
  REGIS     Regis
    defaultScript: wdasight -> dw2mm2ge
  REMAGE01  Slaver Wizard
    classScript: mage6a -> 
    defaultScript: wtasight -> dw#mg444
  REMAGE02  Slaver Wizard
    overrideScript: mage8a -> 
    defaultScript: None -> dw#mg445
  RENAL     Renal Bloodscalp
    raceScript: USEITEM -> 
    defaultScript: WTASIGHT -> dw2rs2th
  RENGAA    Rengaard
    classScript: priet12b -> 
    defaultScript: wtasight -> dw#pr205
  REPTHF1   Shadow Thief
    class: FIGHTER_MAGE -> MAGE_THIEF
    classScript: fgtmag14 -> 
    defaultScript: WTASIGHT -> dw#mg446
  REPTHF2   Shadow Thief
    defaultScript: WTARSGT -> dw2rs2ge
  REPTHF3   Shadow Thief
    defaultScript: WTASIGHT -> dw2rs2ge
  RERAK01   Traveler
    classScript: mage8d -> 
    defaultScript: WTASIGHT -> dw#mg447
  RERAK02   Traveler
    classScript: mage8d -> 
    defaultScript: WTASIGHT -> dw#mg448
  RERAK03   Traveler
    classScript: mage8d -> 
    defaultScript: WTASIGHT -> dw#mg449
  RERAK04   Traveler
    classScript: mage8d -> 
    defaultScript: WTASIGHT -> dw#mg450
  RERAK05   Traveler
    classScript: mage8d -> 
    defaultScript: WTASIGHT -> dw#mg451
  RERAK06   Traveler
    classScript: mage8d -> 
    defaultScript: WTASIGHT -> dw#mg452
  RETALAK   Talak
    defaultScript: WTASIGHT -> dw2ms2ge
  RETHIE01  Slaver
    defaultScript: WTARSGT -> dw2rs2th
    weapon2:  -> SW1H07
  RETHIE02  Slaver
    defaultScript: WTASIGHT -> dw2ms2th
    weapon1: SW1H01 -> SW1H04
  RETHIE03  Slaver
    defaultScript: WTASIGHT -> dw2ms2th
    weapon1: SW1H01 -> SW1H04
  RETHUG01  Thug
    defaultScript: WTASIGHT -> dw2ms2ge
    shield:  -> SHLD01
    weapon2:  -> SW1H01
  RETHUG02  Mage
    level: 5 -> 6
    overrideScript: mage6a -> 
    defaultScript: wtasight -> dw#mg453
  RETHUG03  Thug
    overrideScript: pries6a -> 
    defaultScript: wtasight -> dw#pr206
  RETHUG04  Thug
    defaultScript: WTARSGT -> dw2ms2th
    weapon2:  -> SW1H04
  RETI      Reti
    defaultScript: WTASIGHT -> dw2ms2ge
  REVEN01   Revenant
    defaultScript: WTASIGHT -> dw2rc2ge
  RE_CARL   Carlos
    defaultScript: WTASIGHT -> dw2ms2ge
  RE_CARL1  Thug
    defaultScript: WTASIGHT -> dw2ms2ge
  RE_CARL2  Thug
    defaultScript: WTASIGHT -> dw2ms2ge
  RE_CHAND  Chandra
    generalScript: WTASIGHT -> 
    defaultScript:  -> dw2mm2ge
  RE_ELD    Eldoth
    defaultScript: WTASIGHT -> dw2mm2ge
  RE_ISAB   Isabelle
    defaultScript: WTASIGHT -> dw2mm2ge
  RE_JON    Jonathan
    defaultScript: WTASIGHT -> dw2mp2th
  RE_MIT    Mit
    defaultScript: WTARSGT -> dw2rs2th
  RH#ADVMP  Adrian
    defaultScript: WDASIGHT -> dw2mc2ge
  RH#ALIM   Alim
    classScript: gpuse -> 
  RH#EVEND  Sir Evendur
    raceScript: PALAD10 -> 
    generalScript: None -> rh#evend
    defaultScript: rh#evend -> dw2mm2pa
  RH#GELIO  Gelion
    classScript: Mage16m -> 
    raceScript: useitem -> 
    defaultScript:  -> dw#mg454
  RH#GHSLN  Ghislain
    classScript: gpuse -> 
  RH#ISVMP  Isra
    defaultScript: WDASIGHT -> dw2mc2ge
  RH#MIKAI  Mikail
    classScript: degard2 -> 
    raceScript: useitem -> 
    defaultScript: None -> dw#mg455
  RH#TANYA  Tanya
    generalScript: PRIET12B -> 
    defaultScript:  -> dw#pr207
  RH#TAREN  Taren
    raceScript: PRIEST12 -> 
    defaultScript:  -> dw#pr208
  RIBALD    Ribald
    raceScript: mage14c -> 
    defaultScript: WTASIGHT -> dw#mg456
  RIFTCR01  Greater Ghoul
    defaultScript: WTASIGHT -> dw2mp2ge
  RIFTCR02  Skeleton Warrior
    race: HUMAN -> SKELETON
    defaultScript: wtasight -> dw2ms2ge
  RIFTCR03  Greater Mummy
    defaultScript: WTASIGHT -> dw2mc2ge
  RIFTCR04  Empathic Manifestation
    defaultScript: WTASIGHT -> dw2mm2mo
  RIGEN01   Lord Igen Tombelthen
    defaultScript: WTASIGHT -> dw2rs2ge
  RIGEN02   Tamorlin
    raceScript: MAGE8A -> 
    defaultScript: wtasight -> dw#mg457
  RIGEN03   Tombelthen Soldier
    defaultScript: WTASIGHT -> dw2ms2ge
  RNGBEH01  Death Tyrant
    defaultScript: WTASIGHT -> 
    lring: IMMCHS -> RING95
  RNGSHA    Shadow
    defaultScript: WTASIGHT -> dw2ms2ge
  RNGSHA01  Shadow
    defaultScript: WTASIGHT -> dw2ms2ge
  RNGSHA02  Shadow Patrick
    level: 5 -> 12
    classScript: gpshout -> 
    generalScript: pries6a -> 
    defaultScript: WTASIGHT -> dw2rp2ge
  RNGSHA04  Shadow Jailor
    defaultScript: WTASIGHT -> dw2ms2ge
  RNGWLF01  Anath
    general: HUMANOID -> MONSTER
    classScript: WTASIGHT -> 
    defaultScript: None -> dw2ms2ge
  RNGWLF02  Anath
    general: HUMANOID -> MONSTER
  RNGWLF03  Anath
    general: HUMANOID -> MONSTER
    classScript: WTASIGHT -> 
    defaultScript: None -> dw2ms2ge
  RNGWLF04  Anath
    general: HUMANOID -> MONSTER
    classScript: WTASIGHT -> 
    defaultScript: None -> dw2ms2ge
  RNGWLF05  Anath
    general: HUMANOID -> MONSTER
  ROCK      Rock
    class: OGRE -> FIGHTER
    level: 16 -> 23
    defaultScript: WTASIGHT -> dw3ms2ge
  ROGER     Roger the Fence
    raceScript: gpuse -> 
    defaultScript: WTASIGHT -> dw2rs2th
  ROGTRO01  Sea Troll
    defaultScript: WTASIGHT -> dw2mp2ge
    amulet: MONHP1 -> 
  RORCA01   Orc Archer
    raceScript: oarch02 -> 
    defaultScript: WTARSGT -> dw2rs2ge
  RORCL01   Orog Leader
    raceScript: orcwar -> 
    defaultScript: WTARSGT -> dw2ms2ba
  RORCS01   Orog
    defaultScript: WTARSGT -> dw2mp2ba
  RRSPMASK  Priest of Mask
    overrideScript: PRIES12A -> 
    defaultScript: WTASIGHT -> dw#pr209
  RSKEL01   Skeleton
    defaultScript: wtasight -> dw2mc2mo
  RSKEL02   Skeleton Warrior
    defaultScript: wtasight -> dw2ms2ge
  RSKEL03   Skeleton
    defaultScript: wtasight -> dw2rs2mo
  RUFFIAN   Amalas
    generalScript: WTASIGHT -> 
    defaultScript: None -> dw2ms2ge
  RUFPAL1   Ruffian
    generalScript: WTASIGHT -> 
    defaultScript: None -> dw2ms2ge
  RUFPAL2   Ruffian
    generalScript: WTASIGHT -> 
    defaultScript: None -> dw2mc2ge
  RUMAR01   Umar
    classScript: Mage14M -> 
    generalScript: WTARSGT -> 
    defaultScript:  -> dw#mg458
  RUMAR02   Nabassu
    anim: TANARRI -> FIEND_GREEN
    level: 7 -> 12
    defaultScript: wtasight -> dw2mc2ge
    weapon1: B3-12 -> BL3-12M4
  RUMAR03   Imp
    class: IMP -> MAGE
    raceScript: mage8b -> 
    defaultScript: wtasight -> dw#mg459
  RYAN      Sir Paritin
    defaultScript: WTARSGT -> dw2ms2ge
  RYLOCK    Rylock
    raceScript: mage10A -> 
    defaultScript: WTASIGHT -> dw#mg460
  RYNNPC06  Rynn
    defaultScript: WTASIGHT -> dw2mm2ge
  RYNNPC11  Rynn
    defaultScript: WTASIGHT -> dw2mm2ge
  RYNNPC15  Rynn
    defaultScript: WTASIGHT -> dw2mm2ge
  RYNNPC19  Rynn
    defaultScript: WTASIGHT -> dw2mm2ge
  RZOMB01   Zombie
    defaultScript: wtasight -> dw2mc2mo
  SAERK     Saerk Farrahd
    classScript: useitem -> 
    raceScript: pries18d -> 
    defaultScript: None -> dw#pr210
  SAHAMB01  Rebel
    defaultScript: WTASIGHT -> 
    weapon2: SAHSTAFF -> 
    weapon3:  -> XBOW06
    weapon4:  -> DW#SASPE
  SAHAMB02  Rebel
    defaultScript: WTASIGHT -> 
    weapon1: SAHSTAFF -> 
    weapon2:  -> DW#SASPE
  SAHAMB03  Rebel
    class: SAHUAGIN -> CLERIC
    overrideScript: sahamb03 -> dw#sahst
    classScript: None -> sahamb03
    defaultScript: WTASIGHT -> 
  SAHAMB04  Sahuagin
    defaultScript: WTASIGHT -> 
    weapon2: SAHSPEAR -> 
    weapon3:  -> XBOW06
    weapon4:  -> DW#SASPE
  SAHAMB05  Sahuagin
    defaultScript: WTASIGHT -> 
    weapon1: SAHSPEAR -> 
    weapon2:  -> DW#SASPE
  SAHAMB06  Sahuagin
    class: SAHUAGIN -> CLERIC
    overrideScript: sahamb06 -> dw#sahst
    classScript: None -> sahamb06
    defaultScript: WTASIGHT -> 
  SAHANGU   Anguiliian
    defaultScript: wdasight -> dw2mp2ge
  SAHBAR01  Sahuagin Baronial Guard
    class: SAHUAGIN -> FIGHTER
    level: 4 -> 12
    defaultScript: wtarsgt -> dw2rp2ge
    weapon2: SAHSPEAR -> 
    weapon3:  -> XBOW06
    weapon4:  -> DW#SASPE
  SAHBAR02  Sahuagin Baron
    class: SAHUAGIN -> FIGHTER
    level: 6 -> 12
    defaultScript: wtarsgt -> dw2rp2ge
    weapon3:  -> XBOW06
    weapon4:  -> DW#SASPE
  SAHBAR03  Baron Thelokassyil
    class: SAHUAGIN -> FIGHTER
    level: 6 -> 12
    defaultScript: wtarsgt -> dw2rp2ge
    weapon1: SAHSTAFF -> 
    weapon3:  -> XBOW06
    weapon4:  -> DW#SASPE
  SAHBEH02  Sziltar's Apparition
    defaultScript: WTASIGHT -> dw2mp2ge
  SAHBEH03  Sziltar's Apparition
    defaultScript: wtasight -> dw2ms2ge
  SAHBEH04  Sziltar's Apparition
    defaultScript: wtasight -> dw2ms2ge
  SAHCAPT0  Captain Alyittyl
    class: NO_CLASS -> FIGHTER
    level: 11 -> 12
    defaultScript: WTASIGHT -> dw2mm2ge
    weapon2:  -> DW#SASPE
  SAHCAPT1  Captain Alyittyl
    class: SAHUAGIN -> FIGHTER
    level: 11 -> 12
    defaultScript: WTASIGHT -> dw2mp2ge
    weapon1: SAHSPEAR -> 
    weapon2:  -> DW#SASPE
  SAHCHF01  Sahuagin Chieftain
    class: SAHUAGIN -> FIGHTER
    defaultScript: wtarsgt -> dw2rp2ge
    weapon1: SAHSTAFF -> 
    weapon3:  -> XBOW06
    weapon4:  -> DW#SASPE
  SAHCHF02  Sahuagin Chieftain
    class: SAHUAGIN -> FIGHTER
    defaultScript: wtarsgt -> dw2rp2ge
    weapon1: SAHSTAFF -> 
    weapon2:  -> DW#SASPE
    weapon3:  -> XBOW06
  SAHCPT01  Captain Alyittyl
    class: SAHUAGIN -> FIGHTER
    defaultScript: wtarsgt -> dw2rp2ge
    weapon2: SAHSPEAR -> 
    weapon3:  -> XBOW06
    weapon4:  -> DW#SASPE
  SAHCPT02  Captain Feerlattiys
    class: SAHUAGIN -> FIGHTER
    defaultScript: wtarsgt -> dw2rp2ge
    weapon1: SAHSPEAR -> 
    weapon3:  -> XBOW06
    weapon4:  -> DW#SASPE
  SAHEXTRA  Sahuagin Royal Guard
    class: SAHUAGIN -> FIGHTER
    level: 11 -> 12
    defaultScript: WTASIGHT -> dw2rp2ge
    weapon1: SAHSPEAR -> 
    weapon3:  -> XBOW06
    weapon4:  -> DW#SASPE
  SAHGRD01  Sahuagin Royal Guard
    class: SAHUAGIN -> FIGHTER
    level: 11 -> 12
    defaultScript: wtarsgt -> dw2rp2ge
    weapon1: SAHSPEAR -> 
    weapon3:  -> XBOW06
    weapon4:  -> DW#SASPE
  SAHGRD02  Sahuagin Royal Guard
    class: SAHUAGIN -> FIGHTER
    level: 11 -> 12
    defaultScript: wtasight -> dw2mp2ge
    weapon1: SAHSPEAR -> 
    weapon2:  -> DW#SASPE
  SAHGRD03  Sahuagin Royal Guard
    class: SAHUAGIN -> FIGHTER
    level: 11 -> 12
    defaultScript: wtarsgt -> dw2rp2ge
    weapon1: SAHSPEAR -> 
    weapon3:  -> XBOW06
    weapon4:  -> DW#SASPE
  SAHKIN01  Sahuagin King
    defaultScript: WTASIGHT -> dw2ms2ge
  SAHKNG01  King Ixilthetocal
    class: SAHUAGIN -> FIGHTER
    defaultScript: WTASIGHT -> dw3mm2ge
    weapon2:  -> DW#SASPE
  SAHKNG02  King Ixilthetocal
    class: SAHUAGIN -> FIGHTER
    level: 12 -> 20
    defaultScript: WTASIGHT -> dw3mp2ge
    weapon2:  -> DW#SASPE
  SAHLACE   Lacedon
    defaultScript: wdasight -> dw2mp2ge
  SAHOTY01  Ettin
    defaultScript: WTASIGHT -> dw2mc2ge
  SAHPR1    Royal High Priestess Senityili
    overrideScript: SAHHCITY -> dw#sahst
    classScript: SAHPR1 -> SAHHCITY
    raceScript: sahpri12 -> SAHPR1
    defaultScript: wtarsgt -> dw#pr213
  SAHPR2    Prince Villynaty
    class: SAHUAGIN -> FIGHTER
    defaultScript: wtarsgt -> dw3mp2ge
    weapon2:  -> DW#SASPE
  SAHPR3    High Priestess Tlyysixxous
    overrideScript: SAHHCITY -> dw#sahst
    classScript: None -> SAHHCITY
    raceScript: sahpri12 -> 
    defaultScript: wtarsgt -> dw#pr214
  SAHPR4    Senior Priestess Sallinithyl
    defaultScript: WTASIGHT -> dw2ms2ge
  SAHPR5    Priestess of Sekolah
    overrideScript: SAHHCITY -> dw#sahst
    classScript:  -> SAHHCITY
    raceScript: sahpri12 -> 
    defaultScript: wtasight -> dw#pr215
  SAHPRI01  Sahuagin Prince
    class: SAHUAGIN -> FIGHTER
    level: 10 -> 16
    defaultScript: WTASIGHT -> dw2mm2ge
    weapon2:  -> DW#SASPE
  SAHPRI02  Royal High Priestess
    class: SAHUAGIN -> CLERIC
    overrideScript: GENSHT01 -> dw#sahst
    classScript: sahpri12 -> GENSHT01
    defaultScript: wtarsgt -> dw#pr216
  SAHRAMB1  Rebel
    level: 8 -> 10
    defaultScript: wtarsgt -> dw2rp2ge
    weapon1: SAHSTAFF -> 
    weapon3:  -> XBOW06
    weapon4:  -> DW#SASPE
  SAHRAMB2  Rebel
    level: 8 -> 10
    classScript: gpskel1 -> 
    defaultScript: wtarsgt -> dw2rp2ge
    weapon1: SAHSTAFF -> DW#SASPE
    weapon3:  -> XBOW06
    weapon4:  -> DW#SASPE
  SAHRAMB3  Priestess
    allegiance: NEUTRAL -> ENEMY
    overrideScript: gpshout -> dw#sahst
    classScript: pries14t -> gpshout
    defaultScript: wtarsgt -> dw#pr217
  SAHRAMB4  Rebel
    classScript: gparcher -> dw#gphlp
    raceScript: None -> 
    defaultScript: wtarsgt -> dw2rp2ge
    weapon2: SAHSTAFF -> 
    weapon3:  -> XBOW06
    weapon4:  -> DW#SASPE
  SAHRAMB5  Rebel
    defaultScript: wtarsgt -> dw2rp2ge
    weapon2: SAHSTAFF -> 
    weapon3:  -> XBOW06
    weapon4:  -> DW#SASPE
  SAHRAR01  Rebel
    defaultScript: wtarsgt -> dw2rp2ge
    weapon2: SAHSTAFF -> 
    weapon3:  -> XBOW06
    weapon4:  -> DW#SASPE
  SAHREB02  Prince Villynaty
    class: SAHUAGIN -> FIGHTER
    defaultScript: WTASIGHT -> dw3mm2ge
    weapon2:  -> DW#SASPE
  SAHRGR01  Rebel
    defaultScript: wtarsgt -> dw2rp2ge
    weapon2: SAHSTAFF -> 
    weapon3:  -> XBOW06
    weapon4:  -> DW#SASPE
  SAHRGR02  Rebel
    defaultScript: wtarsgt -> dw2rp2ge
    weapon2: SAHSTAFF -> 
    weapon3:  -> XBOW06
    weapon4:  -> DW#SASPE
  SAHRGR03  Rebel
    defaultScript: wtarsgt -> dw2rp2ge
    weapon2: SAHSTAFF -> 
    weapon3:  -> XBOW06
    weapon4:  -> DW#SASPE
  SAHRNT01  Rebel
    defaultScript: wtarsgt -> dw2rp2ge
    weapon2: SAHSTAFF -> 
    weapon3:  -> XBOW06
    weapon4:  -> DW#SASPE
  SAHRYL01  Sahuagin Royal Guard
    class: SAHUAGIN -> FIGHTER
    level: 11 -> 12
    defaultScript: wtarsgt -> dw2rp2ge
    weapon1: SAHSPEAR -> 
    weapon3:  -> XBOW06
    weapon4:  -> DW#SASPE
  SAHSKEL   Skeleton Warrior
    defaultScript: wdasight -> dw2ms2ge
  SAHSPC01  Specter
    defaultScript: WTASIGHT -> dw2mc2ge
  SAHSSS01  Rebel
    level: 3 -> 10
    defaultScript: wtarsgt -> dw2rp2ge
    weapon2: SAHSTAFF -> 
    weapon3:  -> XBOW06
    weapon4:  -> DW#SASPE
  SAHSSS02  Rebel
    level: 3 -> 10
    defaultScript: wtarsgt -> dw2rp2ge
    weapon2: SAHSTAFF -> 
    weapon3:  -> XBOW06
    weapon4:  -> DW#SASPE
  SAHSSS03  Rebel
    level: 3 -> 10
    defaultScript: wtarsgt -> dw2rp2ge
    weapon2: SAHSTAFF -> 
    weapon3:  -> XBOW06
    weapon4:  -> DW#SASPE
  SAHUAG01  Sahuagin
    level: 3 -> 10
    defaultScript: wtarsgt -> dw2rp2ge
    weapon2: SAHSPEAR -> 
    weapon3:  -> XBOW06
    weapon4:  -> DW#SASPE
  SAHZOM01  Sea Zombie Lord
    defaultScript: wtasight -> dw2mp2mo
  SAHZOMB   Sea Zombie
    defaultScript: wdasight -> dw2mp2mo
  SALGRFIR  Salamander Noble
    defaultScript: WDASIGHT -> dw2mp2mo
  SALGRICE  Ice Salamander
    defaultScript: WDASIGHT -> dw2mp2mo
  SALVANAS  Salvanas
    classScript: gpuse -> 
    defaultScript: wtasight -> dw2ms2ge
  SAMIA     Samia
    raceScript: useitem -> 
    defaultScript: WTASIGHT -> dw2ms2ge
  SARALEGS  Saradush Militia
    defaultScript: WTARSGT -> dw2mp2ge
  SARBHA01  Alexander Ralisar
    defaultScript: wtasight -> dw2mm2ge
  SARBHA02  Oris Nimblefinger
    defaultScript: wtasight -> dw2mm2ge
  SARBHA03  Asmay Jahag
    defaultScript: wtasight -> dw2mm2ge
  SARBUL01  Human
    defaultScript: WTASIGHT -> dw2ms2ge
  SARBUL02  Human
    defaultScript: WTASIGHT -> dw2ms2ge
  SARBUL03  Human
    defaultScript: WTASIGHT -> dw2ms2ge
  SARBUL04  Il-Khan Soldier
    defaultScript: WTASIGHT -> dw2ms2ge
  SARBUL05  Il-Khan Soldier
    defaultScript: WTASIGHT -> dw2ms2ge
  SARBUL06  Il-Khan Soldier
    defaultScript: WTASIGHT -> dw2ms2ge
  SARBUL07  Il-Khan Soldier
    defaultScript: WTASIGHT -> dw2mc2ge
  SARCPT01  Captain Samand
    defaultScript: WTASIGHT -> dw2ms2ge
  SARCULT   Human Cultist
    defaultScript: WTASIGHT -> dw2ms2ge
  SARCULT2  Human Cultist
    defaultScript: WTASIGHT -> dw2ms2ge
  SARCULTO  Orc Cultist
    defaultScript: WTASIGHT -> dw2ms2ge
  SARDW01   Dwarf
    defaultScript: WTASIGHT -> dw2ms2ge
  SARDW02   Dwarf
    defaultScript: WTASIGHT -> dw2ms2ge
  SARDW03   Dwarf
    defaultScript: WTASIGHT -> dw2ms2ge
  SARDW04   Dwarf
    defaultScript: WTASIGHT -> dw2ms2ge
  SARDW05   Dwarf
    defaultScript: WTASIGHT -> dw2ms2ge
  SARELF01  Elven Man
    defaultScript: WTASIGHT -> dw2mm2ge
  SARELF02  Elven Man
    defaultScript: WTASIGHT -> dw2mm2ge
  SARELF03  Elven Woman
    defaultScript: WTASIGHT -> dw2mm2ge
  SARELF04  Elven Woman
    defaultScript: WTASIGHT -> dw2mm2ge
  SARELF05  Elf
    defaultScript: WTASIGHT -> dw2ms2ge
  SARELF06  Elf
    defaultScript: WTASIGHT -> dw2ms2ge
  SARGRD01  Militia Guard
    defaultScript: WTASIGHT -> dw2ms2ge
  SARGRD02  Militia Guard
    defaultScript: carch20b -> dw2rs2ge
    weapon2:  -> SW1H05
  SARGRD03  Militia Guard
    defaultScript: WTASIGHT -> dw2ms2ge
  SARGRD04  Fighter
    defaultScript: CFIGH20B -> dw3ms2be
  SARGRD05  Thief
    defaultScript: cthie20b -> dw2ms2as
    shield: DAGG15 -> 
  SARGRD06  Mage
    level: 20 -> 22
    defaultScript: CMAGE20A -> dw#mg461
  SARGRD07  Fighter
    defaultScript: CFIGH20B -> dw3ms2be
  SARGRD08  Fighter
    defaultScript: CFIGH20B -> dw3ms2be
  SARGRD09  Thief
    level: 30 -> 20
    defaultScript: cthie20b -> dw2ms2as
    shield: DAGG15 -> 
  SARGRD10  Fighter
    defaultScript: CFIGH20B -> dw3ms2be
  SARGRD11  Fighter
    defaultScript: CFIGH20B -> dw3ms2be
  SARGRD12  Militia Guard
    defaultScript: carch20b -> dw2rs2ge
    weapon2:  -> SW1H05
  SARGRD13  Militia Guard
    defaultScript: carch20b -> dw2rs2ge
    weapon2:  -> SW1H05
  SARGRD14  Militia Guard
    defaultScript: carch20b -> dw2rs2ge
    weapon2:  -> SW1H05
  SARGRD15  Militia Guard
    defaultScript: carch20b -> dw2rs2ge
    weapon2:  -> SW1H05
  SARGRD16  Militia Guard
    defaultScript: carch20b -> dw2rs2ge
    weapon2:  -> SW1H05
  SARHAL    Halfling Cultist
    defaultScript: WTASIGHT -> dw2ms2ge
  SARIPG01  Militia Guard
    defaultScript: WTASIGHT -> dw2ms2ge
  SARIPG02  Militia Guard
    defaultScript: WTASIGHT -> dw2ms2ge
  SARIPG03  Militia Guard
    defaultScript: WTASIGHT -> dw2ms2ge
  SARIPG04  Militia Guard
    defaultScript: WTASIGHT -> dw2ms2ge
  SARJAI01  Saradush Jailer
    defaultScript: WTASIGHT -> dw2rs2ge
  SARKIS01  Kiser Jhaeri
    level: 20 -> 24
    defaultScript: cassa20c -> dw3ms2as
    shield: DAGG15 -> 
  SARKIS02  Fighter
    defaultScript: cfigh20b -> dw3mm2as
  SARKIS03  Fighter
    defaultScript: cfigh20b -> dw3mm2as
  SARKIS04  Kiser Jhaeri
    level: 20 -> 24
    defaultScript: cassa20c -> dw3ms2as
    shield: DAGG15 -> 
  SARMAG01  Errard
    class: FLAMING_FIST -> MAGE
    defaultScript: CMAGE20A -> dw#mg462
  SARMAT01  Mateo
    defaultScript: WTASIGHT -> dw2mm2ge
  SARMIL01  Militia Soldier
    defaultScript: CFIGH20A -> dw2mp2ge
  SARMIL02  Militia Captain
    defaultScript: CFIGH20B -> dw2ms2ge
  SARMIST   Cold Mistress
    generalScript: MAGE14M -> 
    defaultScript: WTASIGHT -> dw#mg463
  SARORC01  Elite Orc
    defaultScript: WTASIGHT -> dw2ms2ge
  SARORO01  Elite Orog
    defaultScript: WTASIGHT -> dw2ms2ge
  SARPROVF  Courtesan
    defaultScript: WTASIGHT -> dw2mc2ge
  SARPROVM  Courtesan
    defaultScript: WTASIGHT -> dw2mc2ge
  SARREIN1  Orc
    defaultScript: WTASIGHT -> dw2ms2ge
  SARREIN2  Human
    defaultScript: WTASIGHT -> dw2ms2ge
  SARSON01  Ardic Santele
    defaultScript: WTASIGHT -> dw2mm2ge
  SARSPIR   Prison Spirit
    defaultScript: WTASIGHT -> dw2mc2ge
  SARTEM01  Sister Farielle
    defaultScript: WTASIGHT -> dw2mc2ge
  SARTRO01  Orc
    defaultScript: WTASIGHT -> dw2ms2ge
  SARTRO02  Human
    defaultScript: WTASIGHT -> dw2ms2ge
  SARTRO03  Orog
    defaultScript: WTASIGHT -> dw2ms2ge
  SARVAM01  Phlydian
    class: VAMPIRE -> FIGHTER_THIEF
    defaultScript: WDASIGHT -> vampir01
    amulet: IMMUNE2 -> 
    weapon2:  -> DW#BLDD
    weapon3:  -> DW#VMWOL
    weapon4:  -> DW#VMBAT
  SARVAM02  Vampire
    class: VAMPIRE -> FIGHTER_THIEF
    defaultScript: WDASIGHT -> 
    lring: VAMPREG -> IMMUNE2
    rring:  -> VAMPREG
    weapon2:  -> DW#BLDD
    weapon3:  -> DW#VMWOL
    weapon4:  -> DW#VMBAT
  SARVAM03  Vampire
    class: VAMPIRE -> FIGHTER_THIEF
    defaultScript: WDASIGHT -> 
    lring: VAMPREG -> IMMUNE2
    rring:  -> VAMPREG
    weapon2:  -> DW#BLDD
    weapon3:  -> DW#VMWOL
    weapon4:  -> DW#VMBAT
  SARVIE01  Viekang
    generalScript: CTHIE20a -> 
    defaultScript: WTASIGHT -> dw2rs2th
  SCDUR     Unger Hilldark
    defaultScript: WTASIGHT -> dw2mc2ge
  SCHLUM    Schlumpsha the Sewer King
    defaultScript: wtasight -> dw2rm2mo
  SCJERLIA  Jerlia the Ore Merchant
    defaultScript: wtasight -> dw2mc2ge
  SCROLL01  Lady Yuth
    classScript: RUNENEMY -> 
    generalScript: mage12a -> WTRUNSGT
    defaultScript: WTRUNSGT -> dw#mg0
  SDSHADFI  Shadow Fiend
    defaultScript: WTASIGHT -> dw2mc2ge
  SDSHADOW  Shadow
    defaultScript: WTASIGHT -> dw2ms2ge
  SENANI01  Moose
    level: 20 -> 24
    defaultScript: CKENS30B -> dw3ms2ke
  SENANI02  Deer
    defaultScript: CMAGE20A -> dw#mg464
  SENANI03  Squirrel
    level: 20 -> 22
    defaultScript: carch20b -> dw3rs2ge
    weapon2:  -> SW1H05
  SENANI04  Rabbit
    level: 20 -> 24
    defaultScript: cfigh30b -> dw3ms2st
  SENANI05  Pheasant
    level: 20 -> 25
    defaultScript: cassa20b -> dw3ms2as
  SENDAI    Sendai
    level: 20 -> 22
    defaultScript: senbattl -> dw#cm4
  SENDAI2   Sendai
    level: 20 -> 25
    overrideScript: None -> dw#send2
    classScript: sendai2 -> 
    defaultScript: None -> dw#pr218
  SENDAI3   Sendai
    level: 20 -> 25
  SENDAI4   Sendai
    level: 20 -> 27
    defaultScript: sendai4 -> dw3ms2as
    shield: DAGG24 -> 
  SENDAI5   Sendai
    level: 20 -> 25
    defaultScript: CBERS20B -> dw3ms2be
  SENDAI6   Sendai
    level: 20 -> 25
    defaultScript: SENDAI4 -> dw3mm2ke
  SENDAI7   Sendai
    overrideScript: RR#PICKP -> dw#send7
    classScript: mage20b -> RR#PICKP
    raceScript: None -> 
    defaultScript: None -> dw#mg465
  SENDAI8   Sendai
    defaultScript: CMAGE20A -> dw#cm0
  SENDARK   Dark Master
    generalScript: WTASIGHT -> 
    defaultScript:  -> dw2mp2ge
  SENDRO01  Drow
    level: 20 -> 24
    defaultScript: CKENS30B -> dw3ms2ke
    shield: SW1H55 -> dw#dwkat
    weapon1: SW1H55 -> dw#dwkat
  SENDRO02  Drow
    defaultScript: CMAGE20A -> dw#mg466
  SENDRO03  Drow
    level: 20 -> 23
    defaultScript: carch20b -> dw3rs2ge
    weapon2:  -> DWSW1H01
  SENDRO04  Drow
    level: 20 -> 24
    defaultScript: cfigh30b -> dw3ms2st
  SENDRO05  Drow
    defaultScript: cassa20b -> dw2ms2as
  SENFOD01  Drow
    level: 12 -> 22
    defaultScript: CKENS30B -> dw3ms2ke
    shield: SW1H55 -> dw#dwkat
    weapon1: SW1H55 -> dw#dwkat
  SENFOD02  Drow
    defaultScript: CMAGE20A -> dw#mg467
  SENGUA01  Woodcutter
    level: 20 -> 22
    defaultScript: CKENS20B -> dw3ms2ke
  SENGUA02  Guard Captain
    level: 20 -> 24
    defaultScript: CFIGH30B -> dw3ms2be
  SENGUA03  Captain Egeissag
    level: 20 -> 25
  SENGUA04  Slavemaster
    level: 20 -> 22
    raceScript: WTASIGHT -> 
    defaultScript: None -> dw3ms2be
  SENGUA05  Drow
    weapon2:  -> DWSW1H01
  SENILL01  Mithykyl
    level: 8 -> 14
    defaultScript: WTASIGHT -> 
    weapon1: MINDFLAY -> DW#ULITH
  SENILL02  Mithykyl
    level: 8 -> 14
    defaultScript: WTASIGHT -> 
    weapon1: MINDFLAY -> DW#ULITH
  SENKEN01  Thelynn'ss
    level: 20 -> 25
    defaultScript: CKENS30B -> dw3ms2ke
    shield: SW1H55 -> dw#dwkat
    weapon1: SW1H55 -> dw#dwkat
  SENLICH   Odamaron
    level: 20 -> 34
    overrideScript: None -> shoutdl2
    classScript: mage18d -> 
    generalScript: wtasight -> 
    defaultScript:  -> dw#mg468
  SENMONK   Master Bennon
    defaultScript: cmonk20b -> dw3mm2ge
  SENORC01  Derro Berserker
    raceScript: cbers20b -> 
    defaultScript: WTASight -> dw2mp2be
  SENORC02  Derro
    defaultScript: wtarsgt -> dw2rs2ge
  SENORC03  Derro Berserker
    raceScript: cbers20b -> 
    defaultScript: WTASight -> dw2mp2be
  SENORC04  Derro
    defaultScript: wtarsgt -> dw2rs2ge
    weapon1: XBOW05 -> dwxbow01
  SENPRI01  Diaytha
    defaultScript: ccler20b -> dw#pr219
  SENSMSP   Mutated Spider
    defaultScript: wtasight -> dw2mp2mo
  SENSMSP2  Orog
    raceScript: orcwar -> 
    defaultScript: WTAsight -> dw2ms2ge
  SENSPI01  Lashar'ra
    defaultScript: wtasight -> dw2ms2mo
  SENSTALK  Invisible Stalker
    defaultScript: wtasight -> dw2mc2mo
  SEVDRU01  Alatelo De Bonito
    classScript: WTASIGHT -> 
    defaultScript: WTASIGHT -> dw2mm2ge
  SEVPAT01  Mencar Pebblecrusher
    raceScript: useitem -> 
    defaultScript: WTASIGHT -> dw2ms2ge
  SEVPAT02  Amon of the Purple Brotherhood
    raceScript: mage10a -> 
    generalScript: useitem -> 
    defaultScript: WTASIGHT -> dw#mg469
  SEVPAT03  Pooky
    class: IMP -> MAGE
    raceScript: mage8b -> 
    defaultScript: wtasight -> dw#mg470
  SEVPAT04  Smaeluv Orcslicer
    defaultScript: WTASIGHT -> dw2ms2ge
  SEVPAT05  Brennan Risling
    raceScript: useitem -> 
    defaultScript: WTASIGHT -> dw2ms2th
  SEWARC01  Orc Archer
    defaultScript: carch20b -> dw2rs2ge
    weapon2:  -> SW1H05
  SEWARC02  Orc Archer
    defaultScript: carch20b -> dw2rs2ge
    weapon2:  -> SW1H05
  SEWDUE01  Duergar Sapper
    defaultScript: CFIGH20B -> dw2rc2be
  SEWDUE02  Duergar Sapper
    defaultScript: CFIGH20B -> dw2mc2be
  SEWORO01  Elite Orog
    defaultScript: CFIGH20B -> dw2ms2be
  SEWRAK01  Rakshasa
    raceScript: mage8d -> 
    defaultScript: WTASIGHT -> dw#mg471
  SEWSHA01  Shadow Fiend
    defaultScript: WTASIGHT -> dw2mc2ge
  SEWSHA02  Shadow Fiend
    defaultScript: WTASIGHT -> dw2mc2ge
  SEWSHA03  Shadow
    defaultScript: WTASIGHT -> dw2ms2ge
  SEWYAG01  Duergar Sapper
    defaultScript: CFIGH20B -> dw3rc2be
  SEWYAG02  Orc Archer
    defaultScript: carch20b -> dw2rs2ge
    weapon2:  -> SW1H05
  SEWYAG03  Elite Orog
    defaultScript: wtasight -> dw2ms2be
  SEWYAG04  Yaga-Shura Mage
    classScript: mage20b -> 
    defaultScript: None -> dw#mg472
  SGUARD1   Guard
    defaultScript: WTARSGT -> dw2rs2ge
  SGUARD2   Guard
    defaultScript: WTASIGHT -> dw2ms2ge
  SGUARD3   Guard
    defaultScript: WTARSGT -> dw2rs2ge
  SGUARD4   Guard
    defaultScript: WTARSGT -> dw2rs2ge
  SHADEL    Shade Lord
    generalScript: WTASIGHT -> 
  SHADFI01  Shadow Fiend
    defaultScript: WTASIGHT -> dw2mc2ge
  SHADOW01  Shadow
    defaultScript: WTASIGHT -> dw2ms2ge
  SHADRA01  Thaxll'ssillyia
    defaultScript: wtasight -> 
  SHADTH01  Shadow Thief
    classScript: WTASIGHT -> 
    defaultScript: None -> dw2ms2th
  SHADTH02  Rogue
    classScript: WTASIGHT -> 
    defaultScript: None -> dw2ms2th
  SHANK     Shank
    defaultScript: WTASIGHT -> dw2ms2ge
  SHAPE     Frennedan
    general: HUMANOID -> MONSTER
    defaultScript: WTASIGHT -> dw2ms2ge
  SHAWOL01  Shade Wolf
    overrideScript: None -> grpsht01
    defaultScript: wtasight -> dw2mp2ge
  SHAWOL02  Greater Shade Wolf
    defaultScript: wtasight -> dw2mp2ge
  SHEARTH   Earth Elemental
    overrideScript: GENSHT01 -> 
    classScript: None -> 
    raceScript: None -> 
    generalScript: None -> 
    defaultScript: WDASIGHT -> 
  SHFIRE    Fire Elemental
    classScript: None -> 
    raceScript: None -> 
    generalScript: None -> 
  SHIRON    Iron Golem
    classScript: None -> 
    raceScript: None -> 
  SHMIND    Mind Flayer
    raceScript: None -> 
  SHTH01    Hanz
    defaultScript: WTASIGHT -> dw2rp2th
  SHTH011   Hanz
    defaultScript: WTASIGHT -> dw2rp2th
  SHTH02    Goshan
    defaultScript: WTASIGHT -> dw2rp2th
  SHTH03    Kretor
    defaultScript: WTASIGHT -> dw2rm2th
  SHTH04    Morsa
    defaultScript: WTASIGHT -> dw2mp2th
  SHTH05    Joster
    defaultScript: WTASIGHT -> dw2mp2th
  SHTH06    Varia
    defaultScript: WTASIGHT -> dw2ms2th
    weapon1: STAF01 -> SW1H07
  SHTHASS1  Ama
    generalScript: useitem -> 
    defaultScript: WTARSGT -> dw2rp2th
  SHTHLT01  Jariel
    defaultScript: WTASIGHT -> dw2ms2th
  SHTHLT02  Lathan
    defaultScript: WTASIGHT -> dw2ms2th
  SHTHOFF1  Sir Greshal
    raceScript: useitem -> 
    generalScript: PRIES12a -> 
    defaultScript: wtasight -> dw#pr220
  SHTHSTOR  Rattell
    defaultScript: WTASIGHT -> dw2mp2th
  SHTROLL   Troll
    raceScript: None -> 
    generalScript: None -> 
  SHUGAR01  Sister Garlena
    defaultScript: ccler20b -> dw#pr221
  SHUGFG01  Vigil Knight
    defaultScript: CFIGH20B -> dw3ms2ge
  SHUGHO01  Ghostly Apparition
    defaultScript: CFIGH20B -> dw3ms2be
  SHUGMG01  Vigil Knight
    defaultScript: CMAGE20A -> dw#mg473
  SHUGOD01  Odren
    defaultScript: ccler20b -> dw#pr222
  SHUGPR01  Vigil Knight
    defaultScript: ccler20b -> dw#pr223
  SHUPOL01  Brother Pol
    defaultScript: CMAGE20A -> dw#cm3
  SHWOLF    Greater Wolfwere
    general: HUMANOID -> MONSTER
    overrideScript: None -> 
    raceScript: None -> 
    generalScript: None -> 
    defaultScript: None -> 
  SICKRAT   Diseased Rat
    raceScript: WTASIGHT -> 
    defaultScript: None -> dw2mp2mo
  SIRINE01  Sirine
    defaultScript: wtarsgt -> dw2rc2mo
  SKELAR01  Skeleton Archer
    defaultScript: wtarsgt -> dw2rs2mo
  SKELAR02  Skeleton Archer
    defaultScript: wtarsgt -> dw2rs2mo
  SKELE2    Skeleton
    defaultScript: wtasight -> dw2mc2mo
  SKELET01  Skeleton
    defaultScript: wtasight -> dw2mc2mo
  SKELHP1   Skeleton
    defaultScript: wtasight -> dw2mc2mo
  SKELWA    Skeleton Warrior
    overrideScript: GENSHT01 -> gensht01
    classScript: None -> GENSHT01
    defaultScript: wtasight -> dw2ms2ge
  SKELWA01  Skeleton Warrior
    overrideScript: None -> gensht01
    defaultScript: wtasight -> dw2ms2ge
  SKELWA02  Skeleton Warrior
    overrideScript: CBMALDES -> gensht01
    classScript: None -> CBMALDES
    defaultScript: wtasight -> dw2ms2ge
  SKELWA03  Skeleton Warrior
    overrideScript: None -> gensht01
    defaultScript: WTARSGT -> dw2rs2ge
  SLAMNG01  Amnian Soldier
    defaultScript: WTARSGT -> dw2mp2ge
  SLAPRI    Priest of Cyric
    classScript: pries10a -> 
    defaultScript: wtasight -> dw#pr224
  SLARCH1   Slaver Guard
    defaultScript: WTARSGT -> dw2rs2ge
  SLAVER1   Slaver Guard
    classScript: WTASIGHT -> 
    defaultScript: None -> dw2ms2be
  SLAVER2   Slaver Guard
    defaultScript: WTASIGHT -> dw2ms2ge
  SLAVER3   Slaver Guard
    defaultScript: WTASIGHT -> dw2rs2th
  SLAVER4   Slaver Guard
    generalScript: WTASIGHT -> 
    defaultScript: None -> dw2ms2ge
  SLAYER    Slayer
    defaultScript: WTASIGHT -> dw2mc2ge
  SLGUARD1  Slaver Guard
    defaultScript: WTARSGT -> dw2ms2ge
  SLGUARD2  Slaver Guard
    defaultScript: WTARSGT -> dw2ms2ge
  SLIFIS01  Fission Slime
    defaultScript: wtasight -> dw2rm2mo
  SLIFIS02  Fission Slime
    defaultScript: wtasight -> dw2rm2mo
  SLILMAT   Priest of Ilmater
    raceScript: GENPRST1 -> 
    defaultScript: WTASIGHT -> dw#pr225
  SLMAGE1   Slaver Wizard
    defaultScript: WTARSGT -> dw2rc2ge
  SLMAGE2   Slaver Wizard
    classScript: AREAWARN -> 
    raceScript: ANTIFIRE -> 
    generalScript: MAGE8A -> 
    defaultScript: WTARSGT -> dw#mg474
  SLSHOP01  Black Market Thief
    defaultScript: WTARSGT -> dw2rs2th
  SLSHOP02  Storekeep
    defaultScript: WTASIGHT -> dw2ms2ge
  SMOUND01  Shambling Mound
    defaultScript: WTASIGHT -> dw2mc2ge
    xpv: 0 -> 8000
  SMSPID02  Vortex Spider
    defaultScript: wtasight -> dw2mp2mo
  SNAKE01   Snake
    defaultScript: wtasight -> dw2mp2mo
  SNAKEB01  Boalisk
    defaultScript: wtasight -> dw2mp2mo
  SNAKEG01  Giant Snake
    defaultScript: wtasight -> dw2mp2mo
  SOLAR     Solar
    defaultScript: wtasight -> dw2mc2ge
  SOLAR01   Solar
    defaultScript: wtasight -> dw2mc2ge
  SPECTR01  Specter
    defaultScript: WTASIGHT -> dw2mc2ge
  SPELLH01  Spellhaunt
    defaultScript: WTASIGHT -> dw2mc2mo
  SPHURG    Hurg
    defaultScript: WTASIGHT -> dw2ms2ge
  SPIDFGSU  Kitthix
    defaultScript: WTASIGHT -> dw2mp2mo
  SPIDGI01  Giant Spider
    overrideScript: None -> dw#sphlp
    raceScript: WTASIGHT -> 
    defaultScript: None -> dw2mp2mo
  SPIDHU01  Huge Spider
    overrideScript: None -> dw#sphlp
    defaultScript: wtasight -> dw2mp2mo
  SPIDPH01  Phase Spider
    overrideScript: PSPIDER -> dw#sphlp
    classScript: None -> PSPIDER
    defaultScript: wtasight -> dw2mp2mo
  SPIDSM01  Small Spider
    overrideScript: None -> dw#sphlp
    defaultScript: wtasight -> dw2mp2mo
  SPIDSM02  Mutated Spider
    overrideScript: None -> dw#sphlp
    defaultScript: wtasight -> dw2mp2mo
  SPIDSW01  Sword Spider
    overrideScript: None -> dw#sphlp
    defaultScript: wtasight -> dw2mp2mo
  SPIDVO01  Vortex Spider
    overrideScript: spidvo01 -> dw#sphlp
    classScript: None -> spidvo01
    defaultScript: wtasight -> dw2mp2mo
  SPIDWR01  Wraith Spider
    overrideScript: None -> dw#sphlp
    defaultScript: wtasight -> dw2mp2mo
  SPJEAG    Jeagger
    defaultScript: WTASIGHT -> dw2ms2ge
  SPMUGG    Mugger
    class: FIGHTER_THIEF -> THIEF
    classScript: None -> dw#dkmg2
    defaultScript: WTARSGT -> dw2rs2th
  SPMUGG2   Ruffian Captain
    class: FIGHTER_THIEF -> THIEF
    classScript: None -> dw#dkmg1
    defaultScript: WTASIGHT -> dw2rs2th
  SPMUGG3   Thug
    class: FIGHTER_THIEF -> THIEF
    classScript: gparcher -> dw#dkmg2
    raceScript: None -> 
    defaultScript: WTARSGT -> dw2rs2th
  SPSPID05  Giant Spider
    overrideScript: ubspspid -> dw#sphlp
    classScript: None -> ubspspid
    raceScript: wdasight -> 
    defaultScript: None -> dw2mp2mo
  SPSPID06  Phase Spider
    overrideScript: ubspspid -> dw#sphlp
    classScript: None -> ubspspid
    raceScript: wdasight -> 
    defaultScript: wtasight -> dw2mp2mo
  SPSPID07  Sword Spider
    overrideScript: ubspspid -> dw#sphlp
    classScript: None -> ubspspid
    raceScript: wdasight -> 
    defaultScript: wtasight -> dw2mp2mo
  SPSPIDER  Spider
    overrideScript: None -> dw#sphlp
    defaultScript: wtasight -> dw2mp2mo
  STARCHER  Shadow Thief Archer
    defaultScript: WTARSGT -> dw2rs2ge
  STASS1    Shadow Thief Assassin
    defaultScript: WTASIGHT -> dw2rs2th
  STEALGRD  Amnian Soldier
    defaultScript: WTARSGT -> dw2mp2ge
  STEIN     Stein
    defaultScript: WTARSGT -> dw2rs2th
  STGOL01   Stone Golem
    defaultScript: WDASIGHT -> 
  STGUARD2  Shadow Thief
    defaultScript: WTARSGT -> dw2rs2ge
  STGUARD3  Shadow Thief
    defaultScript: WTARSGT -> dw2rs2ge
  STMAGE    Shadow Thief
    classScript: Mage12A -> 
    defaultScript: None -> dw#mg475
  STOLEGRD  Amnian Soldier
    defaultScript: wtasight -> dw2mp2ge
  STOLETHF  Shadow Thief
    defaultScript: wtasight -> dw2ms2ge
  SUADSAAN  Adsaan
    level: 11 -> 17
    classScript: mage8b -> 
    defaultScript: WTASIGHT -> dw#mg476
  SUAIR     Air Elemental
    defaultScript: WDASIGHT -> dw2mc2ge
  SUDEMDE1  Balor
    anim: GOLEM_CLAY -> TANARRI
    level: 13 -> 24
    shield:  -> dw#balwp
    weapon1: B1-12M4 -> balor
  SUDEMDE2  Balor
    anim: GOLEM_IRON -> TANARRI
    level: 13 -> 24
    shield:  -> dw#balwp
    weapon1: B1-12M4 -> balor
  SUDEMIN   Priestess Demin
    raceScript: pries12c -> 
    defaultScript: wtasight -> dw#pr226
  SUDEMON   Balor
    defaultScript: wtasight -> dw2mc2ge
  SUDEMON2  Balor
    overrideScript: ATTKNEU2 -> dw#subal
    defaultScript: wtasight -> dw2mc2ge
  SUDEMW1   Balor
    level: 13 -> 24
    defaultScript: wtasight -> dw2mc2ge
    shield:  -> dw#balwp
    weapon1: B1-12M4 -> balor
  SUDRYAD   Phluafae
    defaultScript: WTASIGHT -> dw2mp2ge
  SUEARTH   Earth Elemental
    defaultScript: WDASIGHT -> dw2mc2ge
  SUELEW1   Greater Fire Elemental
    defaultScript: WTASIGHT -> dw2mc2ge
  SUELEW2   Greater Fire Elemental
    defaultScript: WTASIGHT -> dw2mc2ge
  SUELF10   Reirra
    raceScript: PRIET12B -> 
    defaultScript: wtasight -> dw#pr227
  SUELF11   Wounded Elf
    defaultScript: WTASIGHT -> dw2ms2ge
  SUELF12   Captain Aduo'on
    defaultScript: WTASIGHT -> dw3ms2ge
  SUELF13   Elven Warrior
    defaultScript: WTASIGHT -> dw2ms2ge
  SUELF6    Elven Warrior
    defaultScript: WTASIGHT -> dw2ms2ge
  SUELF7    Elven Warrior
    defaultScript: WTASIGHT -> dw2mc2ge
  SUELF8    Elven Warrior
    defaultScript: WTASIGHT -> dw2mc2ge
  SUELF9    Wounded Elf
    defaultScript: WTASIGHT -> dw2ms2ge
  SUELFW1   Elven Warrior
    defaultScript: WTASIGHT -> dw2ms2ge
  SUELFW10  Elven Battle Mage
    classScript: MAGE8A -> 
    defaultScript: wtasight -> dw#mg477
  SUELFW11  Elven Battle Mage
    classScript: MAGE8A -> 
    defaultScript: wtasight -> dw#mg478
  SUELFW12  Elven Battle Mage
    classScript: mage8a -> 
    defaultScript: wtasight -> dw#mg479
  SUELFW13  Elven Archer
    defaultScript: WTASIGHT -> dw2rs2ge
    weapon2:  -> SW1H04
  SUELFW14  Elven Archer
    defaultScript: WTASIGHT -> dw2rs2ge
    weapon2:  -> SW1H04
  SUELFW15  Elven Archer
    defaultScript: WTASIGHT -> dw2rs2ge
    weapon2:  -> SW1H04
  SUELFW2   Elven Warrior
    defaultScript: WTASIGHT -> dw2ms2ge
  SUELFW3   Elven Warrior
    defaultScript: WTASIGHT -> dw2ms2ge
  SUELFW4   Elven Warrior
    defaultScript: WTASIGHT -> dw2ms2ge
  SUELFW5   Elven Warrior
    defaultScript: WTASIGHT -> dw2ms2ge
  SUELFW6   Elven Warrior
    defaultScript: WTASIGHT -> dw2ms2ge
  SUELFW7   Elven Warrior
    defaultScript: WTASIGHT -> dw2ms2ge
  SUELFW8   Elven Warrior
    defaultScript: WTASIGHT -> dw2ms2ge
  SUELFW9   Elven Battle Mage
    classScript: MAGE8A -> 
    defaultScript: wtasight -> dw#mg480
  SUELHAN   Elhan
    defaultScript: WTASIGHT -> dw3ms2ge
  SUELLEG1  Elven Warrior
    defaultScript: WTASIGHT -> dw2ms2ge
  SUENDEL1  Elven Warrior
    defaultScript: WTASIGHT -> dw2ms2ge
  SUENDEL2  Elven Warrior
    defaultScript: WTASIGHT -> dw2ms2ge
  SUENDEL3  Elf Male
    defaultScript: WTASIGHT -> dw2ms2ge
  SUENDEL4  Elf Female
    defaultScript: WTASIGHT -> dw2ms2ge
  SUENDEL5  Elf
    defaultScript: WTASIGHT -> dw2ms2ge
  SUENDEL6  Elf
    defaultScript: WTASIGHT -> dw2ms2ge
  SUENDEL7  Elven Warrior
    defaultScript: WTASIGHT -> dw2mm2ge
  SUENDEL8  Elven Warrior
    defaultScript: WTASIGHT -> dw2mm2ge
  SUFIRE    Fire Elemental
    defaultScript: WDASIGHT -> dw2mc2ge
  SUJON     Jon Irenicus
    defaultScript: None -> dw#mg481
  SUKISS1   Dahlia
    defaultScript: WTASIGHT -> dw2mc2ge
  SUMDJINN  Djinni
    level: 7 -> 11
    gender: SUMMONED -> MALE
    lring:  -> DW#DJINN
  SUMEFREE  Efreeti
    level: 10 -> 12
    gender: SUMMONED -> MALE
    generalScript: EFREET01 -> 
    defaultScript: BDSUM00 -> efreet01
  SUMIST    Spectre
    defaultScript: WTASIGHT -> dw2ms2mo
  SUMOON    Elven Warrior
    defaultScript: WTASIGHT -> dw3mm2ge
  SUMOUND   Shambling Mound
    defaultScript: WTASIGHT -> dw2mc2ge
  SUMTAN01  Tanar'ri
    anim: TANARRI -> FIEND_GREEN
    level: 21 -> 12
    defaultScript: WTASIGHT -> dw2ms2ge
    weapon1: S1-10M4 -> BL3-12M4
  SUMTAN02  Tanar'ri
    anim: TANARRI -> FIEND_GREEN
    level: 21 -> 12
    defaultScript: WTASIGHT -> dw2ms2ge
    weapon1: S1-10M4 -> BL3-12M4
  SUNA      Suna Seni
    defaultScript: GPSHOUT -> 
  SUPER1    Calahan
    defaultScript: WTASIGHT -> dw2ms2ge
  SURAAM    Raamilat
    classScript: mage20b -> 
    defaultScript: wtasight -> dw#mg482
  SURAKMAH  Maharajah
    level: 11 -> 17
    classScript: mage8d -> 
    defaultScript: WTASIGHT -> dw#mg483
  SURAKRAJ  Rajah
    level: 11 -> 15
    classScript: mage8d -> 
    defaultScript: WTASIGHT -> dw#mg484
  SURAKRUH  Ruhk
    level: 11 -> 13
    classScript: mage8d -> 
    defaultScript: WTASIGHT -> dw#mg485
  SURAKSHA  Rakshasa
    classScript: mage8d -> 
    defaultScript: WTASIGHT -> dw#mg486
  SURAKW1   Rakshasa
    defaultScript: WTASIGHT -> dw2ms2ge
  SURAKW2   Rakshasa
    defaultScript: WTASIGHT -> dw2ms2ge
  SURAKW3   Rakshasa
    defaultScript: WTASIGHT -> dw2ms2ge
  SURAKW4   Rakshasa
    defaultScript: WTASIGHT -> dw2ms2ge
  SURLY     Surly
    defaultScript: WTASIGHT -> dw2mc2ge
  SUSUNEER  Suneer
    classScript: mage20b -> 
    defaultScript: wtasight -> dw#mg487
  SUTROLL   Troll
    defaultScript: WTASIGHT -> dw2mp2mo
    amulet: MONHP1 -> 
  SUUNDEAD  Skeleton Warrior
    defaultScript: wtasight -> dw2ms2ge
  SUZIYAAD  Ziyaad
    level: 11 -> 9
    defaultScript: WTASIGHT -> dw#mg488
  SWORD68   Spectral Blade
    defaultScript: WTASIGHT -> dw2ms2mo
  SWORD69   Spectral Blade
    defaultScript: WTASIGHT -> dw2ms2mo
  SWSFOLL1  Kobold Commando
    defaultScript: WTASIGHT -> dw2rs2ge
  SWSFOLL2  Kobold
    defaultScript: WTASIGHT -> dw2ms2ge
  SWSFOLL3  Kobold
    defaultScript: WTASIGHT -> dw2ms2ge
  SWSFOLL4  Kobold
    class: THIEF -> KOBOLD
    defaultScript: WTASIGHT -> dw2rs2ge
  SWSFOLL5  Kobold
    class: THIEF -> KOBOLD
    defaultScript: WTASIGHT -> dw2rs2ge
  SWSFOLL6  Kobold Commando
    defaultScript: WTASIGHT -> dw2rs2ge
  SWSHAMAN  Kobold Shaman
    class: PALADIN -> KOBOLD
    defaultScript: WTASIGHT -> dw2mm2ge
  TALKNI01  Storm Knight
    class: FIGHTER -> FIGHTER_CLERIC
    level: 12 -> 10
    defaultScript: WTASIGHT -> dw#pr272
    weapon1: BLUN04 -> BLUN05
  TALKNI02  Storm Knight
    class: FIGHTER -> FIGHTER_CLERIC
    level: 12 -> 10
    defaultScript: WTASIGHT -> dw#pr273
    weapon1: BLUN04 -> BLUN05
  TALMISS   Mistress Ada
    level: 10 -> 20
    overrideScript: SHT0904 -> dw#tlada
    classScript: None -> SHT0904
    raceScript: PRIEST5 -> 
    defaultScript: WTASIGHT -> dw#pr274
    weapon1: BLUN01 -> STAF13
  TALMISS2  Mistress Ada
    defaultScript: WTASIGHT -> dw2mc2ge
  TALVILON  Acolyte Vilon
    defaultScript: WTASIGHT -> dw2mc2ge
  TANADV01  Strachan Fireblade
    defaultScript: WTASIGHT -> dw2ms2ge
  TANADV02  Adventurer
    defaultScript: WTASIGHT -> dw2ms2ge
  TANADV03  Adventurer
    defaultScript: WTASIGHT -> dw2rs2ge
  TANADV04  Adventurer
    defaultScript: WTASIGHT -> dw2rs2ge
  TANADV05  Adventurer
    defaultScript: WTASIGHT -> dw2mc2ge
  TANADV06  Dunbar the Fifth
    defaultScript: WTASIGHT -> dw2rs2th
  TANARI01  Tanar'ri
    anim: TANARRI -> FIEND_GREEN
    level: 1 -> 12
    generalScript: WTASIGHT -> 
    defaultScript: None -> dw2ms2ge
    weapon1: S1-10 -> BL3-12M4
  TANNER    Rejiek Hidesman
    defaultScript: WTASIGHT -> dw2ms2ge
  TANSKW1   Skeleton Warrior
    defaultScript: wtasight -> dw2ms2ge
  TANTHF01  Rune Assassin
    overrideScript: useitem -> 
    defaultScript: WTASIGHT -> dw2ms2as
  TANTUG01  Thug
    defaultScript: WTASIGHT -> dw2ms2ge
  TANTUG02  Thug
    defaultScript: WTASIGHT -> dw2ms2ge
  TANTUG03  Thug
    defaultScript: WTASIGHT -> dw2rp2ge
  TANWIZ02  Rune Mage
    classScript: mage16a -> 
    defaultScript: wtasight -> dw#mg489
  TANWIZ03  Rune Mage
    classScript: mage16a -> 
    defaultScript: wtasight -> dw#mg490
  TANWIZ04  Rune Mage
    classScript: mage16b -> 
    defaultScript: wtasight -> dw#mg491
  TARNOR    Tarnor the Hatchetman
    defaultScript: WTASIGHT -> dw2rs2ge
    weapon2:  -> AX1H02
  TASLOI01  Tasloi
    defaultScript: wtasight -> dw2mp2ge
  TASLOISU  Tasloi Elite Trooper
    defaultScript: wtasight -> dw2rp2ge
  TAZOK     Tazok
    defaultScript: WTASIGHT -> dw2ms2be
  TDR10A    Kyland Lind
    raceScript: druid10a -> 
    defaultScript: wtasight -> dw#pr228
    weapon1:  -> STAF01
    weapon2:  -> DW#SHNBR
  TDR10B    Shadow Druid
    classScript: druid10b -> 
    defaultScript: wtasight -> dw#pr229
    weapon1:  -> STAF01
    weapon2:  -> DW#SHNW2
  TDR6A     Shadow Druid
    classScript: druid6a -> 
    defaultScript: wtasight -> dw#pr230
  TDR8A     Shadow Druid
    classScript: druid8a -> 
    defaultScript: wtasight -> dw#pr231
    weapon1:  -> STAF01
    weapon2:  -> DW#SHNBR
  TDR8B     Shadow Druid
    classScript: druid8b -> 
    defaultScript: wtasight -> dw#pr232
    weapon1:  -> STAF01
    weapon2:  -> DW#SHNBR
  TELALU1   Alu-Fiend
    level: 20 -> 12
  TELBAL1   Balor
    level: 13 -> 24
    shield:  -> dw#balwp
    weapon1: BALOR -> balor
  TELBAL2   Balor
    defaultScript: wtasight -> dw2ms2ge
  TELCAM1   Cambion
    generalScript: cthie20b -> 
    defaultScript: WTASIGHT -> dw2ms2th
    weapon1: SW1H02 -> SW1H05
  TELCOR1   Cornugon
    defaultScript: wtasight -> dw2ms2ge
  TELDOG    Aranthis
    defaultScript: WTASIGHT -> dw2mp2mo
  TELELFIR  Greater Fire Elemental
    defaultScript: WDASIGHT -> dw2mc2ge
  TELICESA  Frost Salamander
    defaultScript: WDASIGHT -> dw2mp2mo
  TELPIT1   Pit Fiend
    anim: SLAYER -> RAVER
    level: 14 -> 24
  TELPIT2   Pit Fiend
    anim: SLAYER -> RAVER
    level: 13 -> 24
    defaultScript: wtasight -> dw2mp2ge
  TELSLAV   Slave Wraith
    defaultScript: WTASIGHT -> dw2ms2ge
  TELSUC1   Alu-Fiend
    defaultScript: carch20b -> dw2rs2ge
    weapon2:  -> SW1H05
  TELTAN1   Glabrezu
    level: 14 -> 17
    overrideScript: teltan1 -> gensht01
    classScript: None -> teltan1
  TELTAN2   Glabrezu
    level: 14 -> 17
    overrideScript: teltan2 -> gensht01
    classScript: None -> teltan2
  TELTIEF1  Tiefling
    raceScript: None -> teltief1
    generalScript: teltief1 -> dw#gphlp
    defaultScript: gpmerc -> dw2ms2be
  TELTIEF2  Tiefling
    level: 20 -> 24
    generalScript: None -> dw#gphlp
    defaultScript: gpthief -> dw3ms2as
    shield: DAGG15 -> 
  TELTIEF3  Tiefling
    defaultScript: tief3 -> dw#mg492
  TELWRAI   Demon Wraith
    class: WRAITH -> MAGE
    level: 12 -> 20
    generalScript: None -> telwrai
    defaultScript: telwrai -> dw#mg493
  TEMAMN01  Amnian Guard
    defaultScript: WTARSGT -> dw2mp2ge
  TEMSUP    Overgold Renwellyn
    defaultScript: WTARSGT -> dw2rs2ge
  TERMER01  Mercenary
    raceScript: gpuse -> 
    defaultScript: WTASIGHT -> dw2ms2be
  TERMER02  Mercenary
    generalScript: magesly -> 
    defaultScript: WTARSGT -> dw2rs2ge
  TERMER03  Mercenary
    classScript: pries12a -> 
    defaultScript: WTARSGT -> dw#pr233
  TERMER04  Mercenary
    raceScript: gpuse -> 
    defaultScript: WTASIGHT -> dw2rp2th
  TERMER05  Mercenary
    overrideScript: mage12d -> 
    defaultScript: WTASIGHT -> dw#mg494
  TERRECE   Terrece
    raceScript: mage12c -> 
    defaultScript: WTASIGHT -> dw#mg495
  TETHTO3   Tethtoril
    general: HUMANOID -> MONSTER
    defaultScript: WTASIGHT -> dw2mm2ge
  THESHAL   Theshal
    defaultScript: WTASIGHT -> dw2mp2ge
  THIEF1    Sidge
    defaultScript: WTARSGT -> dw2rs2th
  THIEF2    Shadow Thief
    defaultScript: WTARSGT -> dw2rs2th
  THIEF3    Shadow Thief
    defaultScript: WTARSGT -> dw2rs2th
  THIEF4    Shadow Thief
    defaultScript: WTARSGT -> dw2rs2th
  THIEF6    Zyntris
    classScript: gpuse -> 
    defaultScript: WTARSGT -> dw2rs2th
  THIEF7    Anishai
    classScript: gpuse -> 
    defaultScript: WTASIGHT -> dw2mm2mn
  THIEF8    Shadow Thief
    defaultScript: WTARSGT -> dw2rs2th
  THRAXI    Thraxis Gall
    generalScript: WTARSGT -> DPLAYER
    defaultScript: DPLAYER -> dw2rm2ge
  TIANA     Tiana
    generalScript: WTASIGHT -> 
    defaultScript: None -> dw2mp2ge
  TIRTHOLD  Tirthold
    raceScript: pries6a -> 
    defaultScript: WTASIGHT -> dw#pr234
  TOBBAN01  Sharik Nefal
    defaultScript: wtasight -> dw2mp2ge
  TOBBAN02  Orc Archer
    defaultScript: carch20b -> dw2rs2ge
    weapon2:  -> SW1H05
  TOBBAN04  Orog
    defaultScript: CBERS20B -> dw2ms2be
  TOBPAR01  Eler Had
    defaultScript: cthie20b -> dw2ms2as
    shield: DAGG24 -> 
  TOBPAR02  Berena Elkan
    defaultScript: CBARB20B -> dw2ms2ba
  TOBPAR03  Long Po
    defaultScript: cmonk20b -> dw2mm2ge
  TOBPAR04  Karun the Black
    raceScript: mage14c -> 
    generalScript: wtasight -> 
    defaultScript: None -> dw#mg496
  TOBPAR05  Delga Deepdelver
    defaultScript: ccler20b -> dw#pr235
  TOBPAR06  Helena Fairhand
    defaultScript: CFIGH20A -> dw2rs2be
  TOLGER    Tolgerias
    generalScript: mage16c -> 
    defaultScript: WTASIGHT -> dw#mg497
  TOLGER2   Tolgerias
    generalScript: mage16c -> 
    defaultScript: WTASIGHT -> dw#mg498
  TOLMAG01  Mage
    raceScript: MAge12b -> 
    generalScript: MAge8b -> 
    defaultScript: Mage10A -> dw#mg499
  TOLMAG02  Mage
    level: 10 -> 9
    classScript: mage12e -> 
    defaultScript: wtasight -> dw#mg500
  TORGAL    TorGal
    class: TROLL -> FIGHTER
    level: 16 -> 15
    defaultScript: WTASIGHT -> dw2mp2ba
    amulet: MONHP1 -> 
  TORGAL3   TorGal
    class: TROLL -> FIGHTER
    level: 16 -> 15
    defaultScript: WTASIGHT -> dw2mp2ba
    amulet: MONHP1 -> 
  TOUR1     Harrold
    defaultScript: WTASIGHT -> dw2mm2ge
  TOUR2     Mrs. Harrold
    defaultScript: WTASIGHT -> dw2mm2ge
  TRAVIN    Travin
    defaultScript: WTASIGHT -> dw2rs2th
  TRAXG     Trax's Guard
    defaultScript: WTARSGT -> dw2mp2ge
  TRCAR03   Caravan Driver
    defaultScript: WTASIGHT -> dw2mm2ge
  TRCUT05   Lady Lilith Lurraxol
    classScript: Mage14M -> 
    generalScript: WTARSGT -> 
    defaultScript:  -> dw#mg501
  TRCUT06   Lord Skarmaen Alibakkar
    classScript: mage12b -> 
    defaultScript: wtasight -> dw#mg502
  TREVIL01  Lord Khellon Menold
    classScript: pries8a -> 
    defaultScript: wtasight -> dw#pr236
  TREVIL02  Guardian of the Source
    classScript: druid10a -> 
    defaultScript: wtasight -> dw#pr237
    weapon1:  -> STAF01
    weapon2:  -> DW#SHNBR
  TREVIL03  Master Verthan
    raceScript: druid12a -> 
    defaultScript: wtasight -> dw#pr238
    weapon2:  -> DW#SHNBR
  TREVIL04  Grizzly Bear
    defaultScript: WDASIGHT -> dw2mc2mo
  TREVIL05  Panther
    defaultScript: WTASIGHT -> dw2mp2mo
  TRFUED01  Lady Lilith Lurraxol
    raceScript: Mage14M -> 
    generalScript: WTARSGT -> 
    defaultScript:  -> dw#mg503
  TRFUED02  Lurraxol Guard
    defaultScript: wtarsgt -> dw2rs2ge
  TRFUED03  Lurraxol Guard
    defaultScript: wtarsgt -> dw2rs2ge
  TRFUED04  Lurraxol Guard
    defaultScript: wtarsgt -> dw2rs2ge
  TRFUED05  Lord Skarmaen Alibakkar
    classScript: trfued05 -> 
    generalScript: mage12b -> 
    defaultScript: wtasight -> dw#mg504
  TRFUED06  Alibakkar Guard
    defaultScript: wtarsgt -> dw2rs2ge
  TRFUED07  Alibakkar Guard
    defaultScript: wtarsgt -> dw2rs2ge
  TRFUED08  Alibakkar Guard
    defaultScript: wtarsgt -> dw2rs2ge
  TRFUED09  Lurraxol Guard
    defaultScript: WTASIGHT -> dw2ms2ge
  TRFUED10  Alibakkar Guard
    defaultScript: WTASIGHT -> dw2ms2ge
  TRFUED11  Militia Wizard
    raceScript: mage8a -> 
    defaultScript: WTARSGT -> dw#mg505
  TRGENI01  Khan Zahraa
    level: 7 -> 12
    gender: NIETHER -> MALE
    defaultScript: WTASIGHT -> 
  TRGENI02  Taquee
    level: 5 -> 12
    gender: NIETHER -> MALE
    defaultScript: WTASIGHT -> 
  TRGENI03  Faafirah
    level: 5 -> 12
    gender: NIETHER -> MALE
    defaultScript: WTASIGHT -> 
  TRGRD01   Militia Soldier
    defaultScript: WTARSGT -> dw2rs2ge
  TRGRD02   Militia Wizard
    classScript: mage8a -> 
    defaultScript: WTARSGT -> dw#mg506
  TRGRD03   Militia Captain
    defaultScript: wtarsgt -> dw2rs2ge
  TRGYP04   Jidek
    defaultScript: WTASIGHT -> dw2mc2ge
  TRLGRD01  Lord Logan's Guard
    defaultScript: WTASIGHT -> dw2ms2ge
  TROLDE01  Desert Troll
    defaultScript: WTASIGHT -> dw2mp2ge
    amulet: MONHP1 -> 
  TROLDE02  Desert Troll
    defaultScript: WTASIGHT -> dw2mp2ge
  TROLFR01  Freshwater Troll
    defaultScript: WTASIGHT -> dw2mp2ge
    amulet: MONHP1 -> 
  TROLFR02  Freshwater Troll
    defaultScript: WTASIGHT -> dw2mp2ge
  TROLGI01  Giant Troll
    defaultScript: WTASIGHT -> dw2mp2ge
    amulet: MONHP1 -> 
  TROLGI02  Giant Troll
    defaultScript: WTASIGHT -> dw2mp2ge
  TROLIC01  Ice Troll
    defaultScript: WTASIGHT -> dw2mp2ge
    amulet: MONHP1 -> 
  TROLIC03  Blizzard Troll
    defaultScript: WTASIGHT -> dw2ms2ge
    amulet: MONHP1 -> 
  TROLL01   Troll
    overrideScript: TROLL01 -> gensht01
    classScript:  -> TROLL01
    amulet: MONHP1 -> 
  TROLL03   Troll
    defaultScript: WTASIGHT -> dw2mp2ge
  TROLLENS  Giant Troll
    defaultScript: WTASIGHT -> dw2mp2ge
    amulet: MONHP1 -> 
  TROLLSM2  Troll
    defaultScript: WTASIGHT -> dw2mp2ge
    amulet: MONHP1 -> 
  TROLSI01  Spirit Troll
    level: 6 -> 9
    defaultScript: WTASIGHT -> dw2mp2ge
    amulet: MONHP1 -> 
  TROLSI02  Spirit Troll
    defaultScript: WTASIGHT -> dw2mm2ge
  TROLSN01  Snow Troll
    defaultScript: WTASIGHT -> dw2mp2ge
    amulet: MONHP1 -> 
  TROLSN02  Snow Troll
    defaultScript: WTASIGHT -> dw2mp2ge
  TROLSP01  Spectral Troll
    level: 6 -> 9
    defaultScript: WTASIGHT -> dw2mp2ge
    amulet: MONHP1 -> 
  TROLSP02  Spectral Troll
    defaultScript: WTASIGHT -> dw2mm2ge
  TROLUO01  Troll
    defaultScript: WTASIGHT -> dw2mp2ge
    amulet: MONHP1 -> 
  TRPLE01   Wilfred the Red
    defaultScript: WTASIGHT -> dw2mc2ge
  TRRAK01   Adratha
    overrideScript: gpshout -> trrak01
    classScript: trrak01 -> gpshout
    generalScript: mage8d -> 
    defaultScript: WTASIGHT -> dw#mg507
  TRRAK02   Saadat
    generalScript: mage8d -> 
    defaultScript: WTASIGHT -> dw#mg508
  TRRAK03   Jalaal
    generalScript: mage8d -> 
    defaultScript: WTASIGHT -> dw#mg509
  TRRAK04   Ruhk
    raceScript: raksha01 -> 
    generalScript: mage8d -> 
    defaultScript: WTASIGHT -> dw#mg510
  TRSKIN01  Raissa
    defaultScript: wtasight -> dw2mm2ge
  TRSKIN03  Rejiek Hidesman
    defaultScript: WTASIGHT -> dw2ms2ge
  TRSKIN06  Darsidian Moor
    defaultScript: WTASIGHT -> dw2ms2be
  TRSKIND1  Rejiek Hidesman
    defaultScript: WTASIGHT -> dw2mc2ge
  TRSKIND2  Darsidian Moor
    defaultScript: WTASIGHT -> dw2mc2ge
  TRTHF01   Itona
    defaultScript: wtasight -> dw2ms2th
  TRTHF02   Kich
    defaultScript: wtasight -> dw2rp2th
  TRTHF03   Shadow Thief
    defaultScript: WTASIGHT -> dw2mc2ge
  TRTHF04   Merchant
    defaultScript: WTASIGHT -> dw2ms2ge
  TTGIBB    Gibberling
    defaultScript: WTASIGHT -> dw2ms2mo
  TTKOB     Kobold
    defaultScript: wtasight -> dw2ms2ge
  TTSER2    Brevin
    generalScript: wtasight -> 
    defaultScript: None -> dw2ms2ge
  TTSKEL    Skeleton
    defaultScript: WTASIGHT -> dw2ms2mo
  TTSPID    Wraith Spider
    defaultScript: wtasight -> dw2mp2mo
  U!KGEN    Genie
    defaultScript: WTASIGHT -> dw2mc2ge
  U!KJAF    Jafir
    classScript: MAGE8D -> 
    defaultScript: WTASIGHT -> dw#mg511
  UDAIR     Air Elemental
    defaultScript: WDASIGHT -> dw2mc2ge
  UDARDUL   Matron Mother Ardulace
    level: 23 -> 25
    generalScript: pries18c -> 
    defaultScript: wtasight -> dw#pr239
  UDBALOR   Balor
    level: 13 -> 24
    defaultScript: wtasight -> dw2mc2ge
    shield:  -> dw#balwp
    weapon1: B1-12M4 -> balor
  UDBEHO01  Beholder
    defaultScript: WTASIGHT -> 
    lring: BEHOLDER -> 
  UDBEHO02  Beholder
    defaultScript: WTASIGHT -> 
    lring: BEHOLDER -> 
  UDCHAL    Chalinthra
    generalScript: pries18c -> 
    defaultScript: wtasight -> dw#pr240
  UDCOM01   Commoner
    defaultScript: WDASIGHT -> dw2mm2ge
  UDCOM02   Commoner
    defaultScript: WDASIGHT -> dw2mm2ge
  UDCOM03   Drow Patron
    defaultScript: WDASIGHT -> dw2mm2ge
  UDDEAR02  Uder Mordin
    generalScript: pries6a -> 
    defaultScript: wtasight -> dw#pr241
  UDDEAR03  Finderlig
    generalScript: pries6c -> 
    defaultScript: wtasight -> dw#pr242
  UDDEATH   Demon Knight
    overrideScript: uddeath -> gensht01
    classScript: None -> uddeath
    defaultScript: wtasight -> dw2ms2ge
    lring:  -> ringdemn
  UDDEATH2  Demon Knight
    overrideScript: uddeath -> gensht01
    classScript: None -> uddeath
    defaultScript: wtasight -> dw2ms2ge
    lring:  -> ringdemn
  UDDEMON   Lesser Demon Lord
    level: 13 -> 25
    raceScript: None -> dw#dlord
    defaultScript: wtasight -> dw2mc2ge
    shield:  -> dw#balwp
    weapon1: DEMLORD -> balor
    xpv: 26000 -> 52000
  UDDOG     Wild Dog
    defaultScript: WTASIGHT -> dw2mp2mo
  UDDOOR01  Drow
    defaultScript: WTASIGHT -> dw2rs2ge
  UDDOOR02  Drow
    defaultScript: WTASIGHT -> dw2rs2ge
  UDDOOR03  Drow
    defaultScript: WTASIGHT -> dw2rs2ge
  UDDOOR05  Drow Wizard
    classScript: mage18a -> 
    defaultScript: wtasight -> dw#mg512
  UDDOOR06  Drow Priestess
    raceScript: pries18a -> 
    defaultScript: wtasight -> dw#pr243
    weapon1:  -> DWBLUN01
  UDDOOR07  Stone Golem
    general: UNDEAD -> GIANTHUMANOID
    race: SKELETON -> GOLEM
    class: SKELETON -> GOLEM_STONE
    anim: SKELETON -> GOLEM_CLAY
    deathvar: uddoor07 -> golsto01
    level: 10 -> 14
    classScript: DWGATES1 -> dwgates1
    raceScript: gpskel1 -> None
    generalScript: None -> GOLSTO01
    defaultScript: wtasight -> 
    shield: SKELSHLD -> 
    lring: RING95 -> IMMUNE2
    rring:  -> GOLSTONE
    weapon1: SKELCLUB -> GOLSTO
    xpv: 2000 -> 8000
  UDDOOR08  Drow
    raceScript: gpuse -> 
    generalScript: thief14t -> 
    defaultScript: wtasight -> dw2ms2as
  UDDOOR09  Drow
    generalScript: wtasight -> 
    defaultScript: None -> dw2ms2as
  UDDROW01  Matron's Guard
    defaultScript: WTASIGHT -> dw2mp2be
    helmet:  -> HELMNOAN
  UDDROW02  Executioner
    defaultScript: WTASIGHT -> dw2ms2ge
    helmet:  -> HELMNOAN
  UDDROW03  Ritual Guard
    defaultScript: WTASIGHT -> dw2mp2be
    helmet:  -> HELMNOAN
  UDDROW04  Szordrin
    defaultScript: WTASIGHT -> dw2ms2ge
  UDDROW05  Drow Cook
    defaultScript: WTASIGHT -> dw2ms2ge
  UDDROW06  Ilmryn
    defaultScript: WTASIGHT -> dw2mp2ge
  UDDROW07  Merinid
    defaultScript: WTASIGHT -> dw2mp2ge
  UDDROW08  Baragh
    defaultScript: WTASIGHT -> dw2mp2ge
  UDDROW09  Tathlyn
    defaultScript: WTASIGHT -> dw2ms2ge
  UDDROW10  Nym Khalazza
    defaultScript: WTASIGHT -> dw2mp2ge
  UDDROW11  Drow
    defaultScript: WTASIGHT -> dw2mm2ge
  UDDROW12  Drow
    generalScript: pries6a -> 
    defaultScript: wtasight -> dw#pr244
  UDDROW13  Drow
    defaultScript: WTASIGHT -> dw2mp2ge
  UDDROW14  Drow
    generalScript: pries6a -> 
    defaultScript: wtasight -> dw#pr245
  UDDROW15  Drow
    generalScript: pries6a -> 
    defaultScript: wtasight -> dw#pr246
    weapon2:  -> DWBLUN01
  UDDROW16  Sondal
    defaultScript: WTASIGHT -> dw2mm2ge
  UDDROW17  Drow
    level: 10 -> 16
    generalScript: mage10b -> 
    defaultScript: wtasight -> dw#mg575
  UDDROW18  Drow
    generalScript: mage12a -> 
    defaultScript: wtasight -> dw#mg514
  UDDROW19  Drow
    classScript: Mage14d -> 
    generalScript: wtasight -> 
    defaultScript:  -> dw#mg515
  UDDROW20  Egg Guard
    defaultScript: WTASIGHT -> dw2mp2ge
  UDDROW21  Egg Guard
    defaultScript: WTASIGHT -> dw2mp2ge
  UDDROW22  Drow Bartender
    defaultScript: WTASIGHT -> dw2ms2ge
  UDDROW23  Drow
    defaultScript: WTASIGHT -> dw2ms2ge
  UDDROW24  Drow
    defaultScript: WTASIGHT -> dw2ms2ge
  UDDROW25  Drow
    defaultScript: WTASIGHT -> dw2ms2ge
  UDDROW26  Drow
    defaultScript: WTASIGHT -> dw2ms2ge
  UDDROW27  Drow
    defaultScript: WTASIGHT -> dw2ms2ge
    helmet:  -> HELMNOAN
  UDDROW28  Drow
    defaultScript: WTASIGHT -> dw2ms2ge
    helmet:  -> HELMNOAN
  UDDROW29  Drow
    defaultScript: WTASIGHT -> dw2rs2ge
  UDDROW30  Drow
    generalScript: mage10b -> 
    defaultScript: wtasight -> dw#mg573
    helmet:  -> HELMNOAN
  UDDROW31  Drow
    generalScript: pries10a -> 
    defaultScript: wtasight -> dw#pr247
  UDDROW32  Drow Warrior
    defaultScript: WDASIGHT -> dw2ms2ge
  UDDROW33  Drow Warrior
    defaultScript: WTASIGHT -> dw2ms2ge
  UDDROW34  Drow Wizard
    generalScript: mage10c -> 
    defaultScript: wtasight -> dw#mg517
  UDDROW35  Priestess of Lolth
    generalScript: pries8b -> 
    defaultScript: wtasight -> dw#pr248
  UDDROW36  Handmaiden of Lolth
    generalScript: priet12b -> 
    defaultScript: wtasight -> dw#pr249
  UDDROW50  Drow Wizard
    classScript: mage20a -> 
    defaultScript: wtasight -> dw#mg518
  UDDUER01  Carlig
    generalScript: pries8a -> 
    defaultScript: wtasight -> dw#pr250
  UDDWARF   Insane Dwarf Warrior
    defaultScript: DUEWAR01 -> dw2rs2ge
  UDEARTH   Earth Elemental
    defaultScript: WDASIGHT -> dw2mc2ge
  UDELDA    Greater Air Elemental
    overrideScript: GENSHT01 -> dw#udela
    generalScript: AIRELE01 -> 
    defaultScript: WDASIGHT -> 
  UDELDE    Greater Earth Elemental
    overrideScript: GENSHT01 -> dw#udele
    defaultScript: WDASIGHT -> 
  UDELDER   Elder Orb
    level: 9 -> 20
    generalScript: BEHELD01 -> 
    defaultScript: WTASIGHT -> dw#mg553
  UDELDER2  Elder Orb
    level: 9 -> 20
    defaultScript: WTASIGHT -> 
  UDELDF    Greater Fire Elemental
    overrideScript: GENSHT01 -> dw#udelf
    defaultScript: WDASIGHT -> 
  UDELF01   War Elf
    defaultScript: WTASIGHT -> dw2ms2ge
  UDELF02   War Elf
    raceScript:  -> dw#gphlp
    generalScript: gparcher -> 
    defaultScript: WTASIGHT -> dw2rs2ge
  UDELF03   War Elf
    defaultScript: WTASIGHT -> dw2ms2ge
  UDELF04   War Elf
    generalScript: mage10b -> 
    defaultScript: wtasight -> dw#mg519
  UDELF05   War Elf
    defaultScript: wtasight -> dw2rc2ge
  UDFIRE    Fire Elemental
    defaultScript: WDASIGHT -> dw2mc2ge
  UDGITH02  Githyanki
    class: FIGHTER_MAGE -> FIGHTER
    defaultScript: wtasight -> dw#githk
  UDGOLEM   Brain Golem
    defaultScript: WDASIGHT -> 
  UDILL01   Mind Flayer
    level: 8 -> 12
    defaultScript: WTASIGHT -> 
  UDILL02   Umber Hulk
    generalScript: attackPC -> 
    defaultScript: WTASIGHT -> dw2mc2mo
  UDIMP     Imp
    defaultScript: wtasight -> dw2mp2ge
  UDIMRAE   Imrae
    generalScript: priet12b -> 
    defaultScript: wtasight -> dw#pr251
  UDKUO01   Kuo-toan Leader
    overrideScript: SHOUTDLG -> gensht01
    classScript: kuotoa -> SHOUTDLG
    raceScript: None -> kuotoa
    defaultScript: WTARSGT -> dw2rp2ge
  UDKUO02   Master Whip
    raceScript: pries14t -> 
    defaultScript: WTASIGHT -> dw#pr252
  UDLESA    Lasaonar
    defaultScript: WTASIGHT -> dw2ms2ge
  UDMASTER  The Master Brain
    class: NO_CLASS -> MAGE
    level: 8 -> 20
  UDMIND01  Mind Flayer
    defaultScript: WTASIGHT -> dw2mc2ge
  UDMIND02  Mind Flayer
    level: 8 -> 12
    defaultScript: WTASIGHT -> 
  UDMIND03  Mind Flayer
    defaultScript: WTASIGHT -> dw2mc2ge
  UDMIND04  Mind Flayer
    defaultScript: WTASIGHT -> dw2mc2ge
  UDMIND10  Mind Flayer
    level: 8 -> 12
    defaultScript: WTASIGHT -> 
  UDNABA    Nabassu
    anim: TANARRI -> FIEND_GREEN
    level: 7 -> 12
    defaultScript: wtasight -> dw2mc2ge
  UDOGRE    Ogre
    raceScript: OGRE -> 
    defaultScript:  -> dw2mc2ge
  UDPHAE01  Phaere
    generalScript: pries12c -> SAFESITE
    defaultScript: SAFESITE -> dw#pr253
  UDPHAE02  Phaere
    generalScript: pries12c -> 
    defaultScript: wtasight -> dw#pr254
  UDPRINCE  Kuo-toan Prince
    defaultScript: WTARSGT -> dw2rp2th
  UDSAHA    Sahuagin Prince
    class: SAHUAGIN -> FIGHTER
    level: 10 -> 16
    defaultScript: WTASIGHT -> dw2mm2ge
    weapon2:  -> DW#SASPE
  UDSILVER  Adalon
    defaultScript: wtasight -> 
  UDSIMYAZ  Simyaz
    generalScript: githfgmg -> 
    defaultScript: None -> dw#mg520
  UDSOLA02  Solaufein
    defaultScript: WTASIGHT -> dw2ms2ge
  UDSPID01  Giant Spider
    raceScript: WTASIGHT -> 
    defaultScript: None -> dw2mp2mo
  UDSPID02  Giant Spider
    raceScript: WTASIGHT -> 
    defaultScript: None -> dw2mp2mo
  UDSPID03  Giant Spider
    raceScript: WTASIGHT -> 
    defaultScript: None -> dw2mp2mo
  UDSPID04  Giant Spider
    raceScript: WTASIGHT -> 
    defaultScript: None -> dw2mp2mo
  UDSPID05  Giant Spider
    raceScript: WTASIGHT -> 
    defaultScript: None -> dw2mp2mo
  UDSPID06  Giant Spider
    raceScript: WTASIGHT -> 
    defaultScript: None -> dw2mp2mo
  UDSPID07  Giant Spider
    raceScript: WTASIGHT -> 
    defaultScript: None -> dw2mp2mo
  UDSPID08  Giant Spider
    raceScript: WTASIGHT -> 
    defaultScript: None -> dw2mp2mo
  UDSVIR01  Odendal Breachgnome
    defaultScript: WTASIGHT -> dw2rs2ge
  UDSVIR02  Svirfneblin
    defaultScript: WTASIGHT -> dw2rs2ge
  UDSVIR03  Goldander Blackenrock
    generalScript: mage12c -> 
    defaultScript: wtasight -> dw#mg521
    weapon2:  -> HAMM02
  UDSVIR04  Innkeeper
    defaultScript: WTASIGHT -> dw2rs2ge
  UDSVIR05  Therndle Daglefodd
    defaultScript: WTASIGHT -> dw2rc2ge
    weapon2:  -> HAMM02
  UDSVIR06  Svirfneblin
    defaultScript: WTASIGHT -> dw2rc2ge
    weapon2:  -> HAMM02
  UDSVIR07  Svirfneblin
    defaultScript: WTASIGHT -> dw2rs2ge
  UDSVIR08  Svirfneblin Leader
    defaultScript: WTASIGHT -> dw2ms2ge
  UDTRAP01  Madman Aganalo
    defaultScript: WTASIGHT -> dw2ms2ge
  UDTRAP02  Raevilin Strathi
    level: 17 -> 16
    generalScript: mage18b -> 
    defaultScript: wtasight -> dw#mg522
  UDTRAP03  Riti
    overrideScript: RR#PICKP -> dw#gifmg
    classScript: initrg10 -> RR#PICKP
    raceScript:  -> initrg10
    generalScript: None -> 
    defaultScript: wtasight -> dw#mg523
  UDTRAP04  Alchra Diagott
    level: 11 -> 27
    classScript: mage18d -> 
    generalScript: wtasight -> 
    defaultScript:  -> dw#mg524
  UDTRAP05  Gont of Riatavin
    defaultScript: wtasight -> dw2ms2th
  UDTRAP06  Bedlen Daglefodd
    defaultScript: WTASIGHT -> dw2rs2ge
  UDUMB02   Umber Hulk
    defaultScript: WTASIGHT -> dw2mc2mo
  UDUMBER   Umber Hulk
    defaultScript: WTASIGHT -> dw2mc2mo
  UDVAMP    Vampiric Illithid
    level: 8 -> 12
    defaultScript: WTASIGHT -> dw2mp2ge
  UDVAMP01  Vampire
    defaultScript: WDASIGHT -> dw2mc2ge
  UDVITH    Vithal
    overrideScript: initrg10 -> dwvith
    classScript:  -> initrg10
    raceScript: dwvith -> 
    defaultScript: wtasight -> dw#mg525
  UHCREAT   Shadow
    defaultScript: WTASIGHT -> dw2ms2ge
  UHCREAT2  Diseased Gibberling
    defaultScript: WTASIGHT -> dw2ms2mo
  UHGIBB01  Diseased Gibberling
    defaultScript: wtasight -> dw2mm2mo
  UHGIRL01  Kaatje
    defaultScript: wtasight -> dw2mm2ge
  UHKID01   Dirbert
    defaultScript: wtasight -> dw2mm2ge
  UHKID02   Valsben
    defaultScript: wtasight -> dw2mm2ge
  UHKID03   Neller
    defaultScript: wtasight -> dw2mm2ge
  UHMAN02   Nelleck
    defaultScript: WTARSGT -> dw2rs2ge
  UHMER02   Min Minling
    defaultScript: wtasight -> dw2mc2ge
  UHOGRE01  Madulf
    defaultScript: WTASIGHT -> dw2mc2ge
  UHOGRE02  Ogre
    raceScript: OGRE -> 
    defaultScript: WTASIGHT -> dw2rm2ge
  UHOGRE03  Minotaur
    defaultScript: WTASIGHT -> dw2ms2ge
  UHOGRE04  Gnoll
    defaultScript: WTASIGHT -> dw2rp2ge
  UHOGRE05  Orc
    defaultScript: WTARSGT -> dw2rs2ge
  ULVARYL   Ulvaryl
    class: VAMPIRE -> FIGHTER_THIEF
    defaultScript: WTASIGHT -> 
    lring: VAMPREG -> IMMUNE2
    rring:  -> VAMPREG
    weapon2:  -> DW#BLDD
    weapon3:  -> DW#VMWOL
    weapon4:  -> DW#VMBAT
  UMBHUL01  Umber Hulk
    defaultScript: WTASIGHT -> dw2mc2mo
  UMBHUL02  Umber Hulk Elder
    defaultScript: WTASIGHT -> dw2mc2mo
  UNSEE     The Unseeing Eye
    defaultScript: WTASIGHT -> 
  VA#GULIN  Gulin
    overrideScript: PRIES18C -> 
    defaultScript: WTASIGHT -> dw#pr255
  VA#TIAN   Tian
    classScript: MAGE16C -> 
    defaultScript: WTASIGHT -> dw#mg526
  VA#TIAN2  Tian
    defaultScript: WTASIGHT -> dw2mc2ge
  VA#ZOM01  Sea Zombie
    defaultScript: WTASIGHT -> dw2mp2ge
  VA#ZOM02  Sea Zombie
    defaultScript: WTASIGHT -> dw2mp2ge
  VA#ZOM03  Sea Zombie
    defaultScript: WTASIGHT -> dw2mp2ge
  VA#ZOMGL  Sea Zombie
    defaultScript: WTASIGHT -> dw2mp2ge
  VAELAG    Vaelag
    generalScript: WTARSGT -> 
    defaultScript: None -> dw2rm2ge
  VAELASA   Vaelasa
    defaultScript: WTASIGHT -> dw2mp2ge
  VAELG01   Vaelag's Guard
    generalScript: WTASIGHT -> 
    defaultScript: None -> dw2ms2ge
  VAKFGT01  Thug
    defaultScript: WTASIGHT -> dw2rs2ge
  VAKG03    Thief
    classScript: WTASIGHT -> 
    defaultScript: None -> dw2ms2th
  VAKMAG01  Mage
    defaultScript: Mage10A -> dw#mg527
  VAKTHF01  Thug
    defaultScript: WTARSGT -> dw2rs2th
  VALRAN01  Derrick
    defaultScript: WTARSGT -> dw2rs2ge
  VALRAN02  Ranger
    classScript: PRIES12A -> 
    defaultScript: wtasight -> dw#pr256
  VALRAN03  Ranger
    defaultScript: WTARSGT -> dw2rs2ge
  VAMANC01  Ancient Vampire
    class: VAMPIRE -> FIGHTER_THIEF
    level: 12 -> 14
    defaultScript: WDASIGHT -> 
    lring: VAMPREG1 -> VAMPREG2
    weapon2:  -> DW#BLDD1
    weapon3:  -> DW#VMWOL
    weapon4:  -> DW#VMBAT
  VAMEMI01  Ancient Vampire
    class: VAMPIRE -> FIGHTER_THIEF
    level: 13 -> 14
    defaultScript: WDASIGHT -> 
    weapon2:  -> DW#BLDD2
    weapon3:  -> DW#VMWOL
    weapon4:  -> DW#VMBAT
  VAMFLF01  Fledgling Vampire
    class: VAMPIRE -> FIGHTER_THIEF
    defaultScript: WDASIGHT -> 
    lring: VAMPREG -> IMMUNE2
    rring:  -> VAMPREG
    weapon2:  -> DW#BLDD
    weapon3:  -> DW#VMWOL
    weapon4:  -> DW#VMBAT
  VAMFLM01  Fledgling Vampire
    class: VAMPIRE -> FIGHTER_THIEF
    defaultScript: WDASIGHT -> 
    lring: VAMPREG -> IMMUNE2
    rring:  -> VAMPREG
    weapon2:  -> DW#BLDD
    weapon3:  -> DW#VMWOL
    weapon4:  -> DW#VMBAT
  VAMMAT01  Vampire
    class: VAMPIRE -> FIGHTER_THIEF
    defaultScript: WDASIGHT -> 
    weapon2:  -> DW#BLDD
    weapon3:  -> DW#VMWOL
    weapon4:  -> DW#VMBAT
  VAMOLD01  Elder Vampire
    class: VAMPIRE -> FIGHTER_THIEF
    defaultScript: WDASIGHT -> 
    lring: VAMPREG -> IMMUNE2
    rring: IMMUNE2 -> VAMPREG
    weapon2:  -> DW#BLDD
    weapon3:  -> DW#VMWOL
    weapon4:  -> DW#VMBAT
  VAMPAER   Aerie
    class: VAMPIRE -> CLERIC_MAGE
    level: 8 -> 13
    defaultScript: WDASIGHT -> dw#cm5
  VAMPAMB   Vampire
    class: VAMPIRE -> FIGHTER_THIEF
    level: 8 -> 9
    defaultScript: WDASIGHT -> 
    lring: VAMPREG -> IMMUNE2
    rring:  -> VAMPREG
    weapon2:  -> DW#BLDD
    weapon3:  -> DW#VMWOL
    weapon4:  -> DW#VMBAT
  VAMPANO   Anomen
    class: VAMPIRE -> CLERIC
    level: 8 -> 18
    generalScript: None -> 
    defaultScript: WDASIGHT -> dw#pr257
  VAMPAT01  Ancient Vampire
    class: VAMPIRE -> FIGHTER_THIEF
    level: 14 -> 18
    generalScript: VAMPAT01 -> 
    defaultScript: WDASIGHT -> vampir01
    weapon2:  -> DW#BLDD3
    weapon3:  -> DW#VMWOL
    weapon4:  -> DW#VMBAT
  VAMPIF01  Vampire
    class: VAMPIRE -> FIGHTER_THIEF
    defaultScript: WDASIGHT -> 
    lring: VAMPREG -> IMMUNE2
    rring:  -> VAMPREG
    weapon2:  -> DW#BLDD
    weapon3:  -> DW#VMWOL
    weapon4:  -> DW#VMBAT
  VAMPIM01  Vampire
    class: VAMPIRE -> FIGHTER_THIEF
    defaultScript: WDASIGHT -> 
    lring: VAMPREG -> IMMUNE2
    rring:  -> VAMPREG
    weapon2:  -> DW#BLDD
    weapon3:  -> DW#VMWOL
    weapon4:  -> DW#VMBAT
  VAMPIRE1  Ulvaryl
    class: VAMPIRE -> FIGHTER_THIEF
    defaultScript: WTASIGHT -> 
    lring: VAMPREG -> IMMUNE2
    rring:  -> VAMPREG
    weapon2:  -> DW#BLDD1
    weapon3:  -> DW#VMWOL
    weapon4:  -> DW#VMBAT
  VAMPJAH   Jaheira
    class: VAMPIRE -> FIGHTER_DRUID
    level: 8 -> 12
    generalScript: None -> 
    defaultScript: WDASIGHT -> dw#pr258
  VAMPM01   Vampire
    class: VAMPIRE -> FIGHTER_THIEF
    level: 8 -> 9
    defaultScript: WDASIGHT -> 
    lring: VAMPREG -> IMMUNE2
    rring:  -> VAMPREG
    weapon2:  -> DW#BLDD
    weapon3:  -> DW#VMWOL
    weapon4:  -> DW#VMBAT
  VAMPVIC   Viconia
    class: VAMPIRE -> CLERIC
    level: 8 -> 18
    generalScript: None -> 
    defaultScript: WDASIGHT -> dw#pr259
  VAMVER01  Elder Vampire
    class: VAMPIRE -> FIGHTER_THIEF
    level: 11 -> 12
    defaultScript: WDASIGHT -> 
    lring: VAMPREG1 -> VAMPREG
    weapon2:  -> DW#BLDD
    weapon3:  -> DW#VMWOL
    weapon4:  -> DW#VMBAT
  VBEARBL   Black Bear
    defaultScript: WDASIGHT -> dw2mc2mo
  VBEARBR   Brown Bear
    defaultScript: WDASIGHT -> dw2mc2mo
  VBEARCA   Cave Bear
    defaultScript: WDASIGHT -> dw2mc2mo
  VICG1     Fanatic
    raceScript: pries8b -> 
    defaultScript: WTARSGT -> dw#pr260
  VICG2     Fanatic
    generalScript: gpuse -> 
    defaultScript: WTARSGT -> dw2rs2ge
  VICG3     Fanatic
    defaultScript: WTARSGT -> dw2rs2ge
  VICPRI01  Handmaiden of Lolth
    raceScript: priet12b -> 
    defaultScript: WTASIGHT -> dw#pr261
  VIEKANG   Viekang
    defaultScript: WTASIGHT -> dw2rs2th
  VORSQUIR  Vorpal Squirrel
    defaultScript: WTASIGHT -> dw2ms2mo
  VULFGT01  Laen Torg
    defaultScript: WTASIGHT -> dw2ms2ge
  VULFGT02  Vulova Wizard
    classScript: MAGE12A -> 
    defaultScript: None -> dw#mg528
  VVAMN1    Amnian Soldier
    defaultScript: WTASIGHT -> dw2ms2ge
  VVAMN2    Amnian Soldier
    defaultScript: WTASIGHT -> dw2mp2ge
  VVAMN3    Amnian Soldier
    defaultScript: WTASIGHT -> dw2mp2ge
  VVARKAN   Arkanis Gath
    defaultScript: WTASIGHT -> dw2ms2th
  VVBODHI   Bodhi
    class: VAMPIRE -> FIGHTER_THIEF
    defaultScript: WTASIGHT -> 
    weapon2:  -> DW#BLDD3
    weapon3:  -> DW#VMWOL
    weapon4:  -> DW#VMBAT
  VVCAT     Shadow Thief
    defaultScript: wtasight -> dw2ms2th
  VVDEL     Del
    class: VAMPIRE -> FIGHTER_THIEF
    defaultScript: WDASIGHT -> 
    lring: VAMPREG1 -> VAMPREG
    weapon2:  -> DW#BLDD
    weapon3:  -> DW#VMWOL
    weapon4:  -> DW#VMBAT
  VVFEMAL1  Vampire
    class: VAMPIRE -> FIGHTER_THIEF
    weapon2:  -> DW#BLDD
    weapon3:  -> DW#VMWOL
    weapon4:  -> DW#VMBAT
  VVFEMAL2  Vampire
    class: VAMPIRE -> FIGHTER_THIEF
    weapon2:  -> DW#BLDD
    weapon3:  -> DW#VMWOL
    weapon4:  -> DW#VMBAT
  VVFEMAL3  Vampire
    class: VAMPIRE -> FIGHTER_THIEF
    weapon2:  -> DW#BLDD
    weapon3:  -> DW#VMWOL
    weapon4:  -> DW#VMBAT
  VVHAREIS  Hareishan
    class: VAMPIRE -> FIGHTER_THIEF
    defaultScript: WDASIGHT -> 
    lring: VAMPREG1 -> VAMPREG
    weapon2:  -> DW#BLDD
    weapon3:  -> DW#VMWOL
    weapon4:  -> DW#VMBAT
  VVMADMAN  Shadow Thief
    defaultScript: wtasight -> dw2ms2th
  VVMALE1   Vampire
    class: VAMPIRE -> FIGHTER_THIEF
    defaultScript: WTASIGHT -> 
    weapon2:  -> DW#BLDD
    weapon3:  -> DW#VMWOL
    weapon4:  -> DW#VMBAT
  VVMALE2   Vampire
    class: VAMPIRE -> FIGHTER_THIEF
    defaultScript: WTASIGHT -> 
    weapon2:  -> DW#BLDD
    weapon3:  -> DW#VMWOL
    weapon4:  -> DW#VMBAT
  VVMALE3   Vampire
    class: VAMPIRE -> FIGHTER_THIEF
    defaultScript: WDASIGHT -> 
    weapon2:  -> DW#BLDD
    weapon3:  -> DW#VMWOL
    weapon4:  -> DW#VMBAT
  VVMALE4   Vampire
    class: VAMPIRE -> FIGHTER_THIEF
    defaultScript: WDASIGHT -> 
    weapon2:  -> DW#BLDD
    weapon3:  -> DW#VMWOL
    weapon4:  -> DW#VMBAT
  VVMALE5   Vampire
    class: VAMPIRE -> FIGHTER_THIEF
    weapon2:  -> DW#BLDD
    weapon3:  -> DW#VMWOL
    weapon4:  -> DW#VMBAT
  VVMALE6   Vampire
    class: VAMPIRE -> FIGHTER_THIEF
    weapon2:  -> DW#BLDD
    weapon3:  -> DW#VMWOL
    weapon4:  -> DW#VMBAT
  VVMALE7   Vampire
    class: VAMPIRE -> FIGHTER_THIEF
    weapon2:  -> DW#BLDD
    weapon3:  -> DW#VMWOL
    weapon4:  -> DW#VMBAT
  VVPARIS   Parisa
    class: VAMPIRE -> FIGHTER_THIEF
    defaultScript: WDASIGHT -> 
    lring: VAMPREG1 -> VAMPREG
    weapon2:  -> DW#BLDD1
    weapon3:  -> DW#VMWOL
    weapon4:  -> DW#VMBAT
  VVPRIEST  Priest of Talos
    classScript: pries8c -> 
    defaultScript: wtasight -> dw#pr262
  VVRYOKOI  Ryokoi
    defaultScript: wtasight -> dw2ms2ge
  VVSALIA   Salia
    class: VAMPIRE -> FIGHTER_THIEF
    defaultScript: WDASIGHT -> 
    lring: VAMPREG1 -> VAMPREG
    weapon2:  -> DW#BLDD1
    weapon3:  -> DW#VMWOL
    weapon4:  -> DW#VMBAT
  VVSANSUK  Sansuki
    defaultScript: wtasight -> dw2ms2ge
  VVSHAD1   Shadow Thief
    defaultScript: wtasight -> dw2mm2th
  VVSHAD10  Shadow Thief
    defaultScript: wtasight -> dw2ms2th
  VVSHAD11  Shadow Thief
    defaultScript: wtasight -> dw2ms2th
  VVSHAD12  Shadow Thief
    defaultScript: wtasight -> dw2ms2th
  VVSHAD2   Shadow Thief
    defaultScript: wtasight -> dw2ms2th
  VVSHAD3   Shadow Thief
    defaultScript: wtasight -> dw2ms2th
  VVSHAD4   Shadow Thief
    defaultScript: wtasight -> dw2mm2th
  VVSHAD5   Shadow Thief
    defaultScript: wtasight -> dw2ms2th
    weapon1: SW1H01 -> SW1H04
  VVSHAD6   Shadow Thief
    defaultScript: wtasight -> dw2ms2th
    weapon1: SW1H01 -> SW1H04
  VVSHAD7   Shadow Thief
    defaultScript: wtasight -> dw2ms2th
  VVSHAD8   Shadow Thief
    defaultScript: wtasight -> dw2ms2th
  VVSHAD9   Shadow Thief
    defaultScript: wtasight -> dw2ms2th
  VVTANOV   Tanova
    class: VAMPIRE -> FIGHTER_THIEF
    defaultScript: WDASIGHT -> 
    lring: VAMPREG2 -> VAMPREG
    weapon2:  -> DW#BLDD2
    weapon3:  -> DW#VMWOL
    weapon4:  -> DW#VMBAT
  WAALW     Alwesk
    generalScript: WTASIGHT -> 
    defaultScript: None -> dw2mp2ge
  WAGUARD1  Guard
    defaultScript: WTARSGT -> dw2rs2ge
  WAGUARD2  Guard
    defaultScript: WTASIGHT -> dw2ms2ge
  WAGUARD3  Guard
    defaultScript: WTARSGT -> dw2rs2ge
  WAGUARD4  Guard
    defaultScript: WTARSGT -> dw2rs2ge
  WAJAIK    Lieutenant Jaiken
    defaultScript: WTARSGT -> dw2rs2ge
  WAMNG1    Amnian Soldier
    defaultScript: WTARSGT -> dw2mp2ge
  WAMNG2    Amnian Soldier
    defaultScript: WTARSGT -> dw2mp2ge
  WAMNG3    Amnian Soldier
    defaultScript: WTARSGT -> dw2mp2ge
  WAMNG4    Amnian Soldier
    defaultScript: WTARSGT -> dw2mp2ge
  WAMNG5    Amnian Soldier
    defaultScript: WTARSGT -> dw2mp2ge
  WAMNG6    Amnian Soldier
    defaultScript: WTARSGT -> dw2mp2ge
  WAOLLIK   Ollik
    generalScript: WTASIGHT -> 
    defaultScript:  -> dw2mm2be
  WASGUAR1  Hired thug
    defaultScript: WTARSGT -> dw2mp2ge
  WASGUAR2  Hired thug
    defaultScript: WTARSGT -> dw2mp2ge
  WASGUAR3  Hired thug
    defaultScript: WTARSGT -> dw2mp2ge
  WASGUAR4  Hired thug
    defaultScript: WTARSGT -> dw2mp2ge
  WASGUAR5  Hired thug
    defaultScript: WTARSGT -> dw2mc2ge
  WASGUAR6  Hired thug
    defaultScript: WTARSGT -> dw2mc2ge
  WASLEEP   Watcher
    defaultScript: WTASIGHT -> dw2mc2ge
  WASTAN    Stanial
    generalScript: WTASIGHT -> 
    defaultScript:  -> dw2mm2th
  WATCH     Watcher
    defaultScript: WDASIGHT -> dw2mc2ge
  WATCH2    Watcher
    defaultScript: WTASIGHT -> dw2mc2ge
  WATCH6    Watcher
    defaultScript: WTASIGHT -> dw2mc2ge
  WATCH9    Watcher
    defaultScript: WDASIGHT -> dw2mc2ge
  WAUKNI01  Waukeenar Knight
    defaultScript: WTARSGT -> dw2rp2ge
  WAYLANE   Waylane
    raceScript: gpuse -> 
    defaultScript: wtasight -> dw2ms2th
  WEREGR01  Greater Werewolf
    general: HUMANOID -> MONSTER
    overrideScript: None -> grpsht01
    classScript: WTASIGHT -> 
    defaultScript: None -> dw2ms2ge
  WEREGRDR  Greater Werewolf
    general: HUMANOID -> MONSTER
    overrideScript: None -> grpsht01
    classScript: WTASIGHT -> 
    raceScript: None -> 
    generalScript: None -> 
    defaultScript: None -> 
  WEREWO01  Werewolf
    general: HUMANOID -> MONSTER
    overrideScript: None -> grpsht01
    classScript: WTASIGHT -> 
    defaultScript: None -> dw2ms2ge
  WEREWODR  Werewolf
    general: HUMANOID -> MONSTER
    overrideScript: None -> grpsht01
    classScript: WTASIGHT -> 
    raceScript: None -> 
    generalScript: None -> 
    defaultScript: None -> 
  WEREWYV1  Ekim Cyre
    general: HUMANOID -> MONSTER
    classScript: WTASIGHT -> 
    defaultScript: None -> dw2ms2ge
  WEREWYV2  Ekim Cyre
    general: HUMANOID -> MONSTER
    classScript: WTASIGHT -> 
    defaultScript: None -> dw2ms2ge
  WILLIAM   Sir Branet Al-Thon
    defaultScript: WTASIGHT -> dw2ms2pa
  WILMAT    Priestess of Ilmater
    defaultScript: WTASIGHT -> dw2mc2ge
  WINTHR3   Winthrop
    general: HUMANOID -> MONSTER
    defaultScript: WTASIGHT -> dw2mm2ge
  WOLF01    Wolf
    defaultScript: wtasight -> dw2mp2mo
  WOLFCHAR  Wolf
    overrideScript: None -> 
    classScript: DREADWLF -> 
    raceScript: None -> 
    generalScript: None -> 
    defaultScript: wtasight -> 
  WOLFDI    Dire Wolf
    defaultScript: wtasight -> dw2mp2mo
  WOLFDI01  Dire Wolf
    defaultScript: wtasight -> dw2mp2mo
  WOLFDR01  Dread Wolf
    classScript: DREADWLF -> 
    defaultScript: wtasight -> dw2mp2ge
  WOLFGR01  Greater Wolfwere
    general: HUMANOID -> MONSTER
    overrideScript: None -> grpsht01
    classScript: WTASIGHT -> 
    defaultScript: None -> dw2mc2ge
  WOLFVA01  Vampiric Wolf
    defaultScript: wtasight -> dw2mp2ge
  WOLFWE01  Wolfwere
    general: HUMANOID -> MONSTER
    overrideScript: None -> grpsht01
    classScript: WTASIGHT -> 
    defaultScript: None -> dw2ms2ge
  WOLFWE02  Wolfwere
    general: HUMANOID -> MONSTER
    overrideScript: None -> grpsht01
    classScript: WTASIGHT -> 
    defaultScript: None -> dw2ms2ge
  WOLFWI01  Winter Wolf
    defaultScript: WTARSGT -> dw2rp2mo
  WOLFWO01  Worg
    defaultScript: wtasight -> dw2mp2mo
  WOLFZO01  Zombie Wolf
    classScript: DREADWLF -> 
    defaultScript: wtasight -> dw2mp2ge
  WORKER01  Laborer
    defaultScript: WTASIGHT -> dw2mm2ge
  WORKER02  Laborer
    defaultScript: WTASIGHT -> dw2mm2ge
  WQXDEM    Bound Demon
    defaultScript: WTASIGHT -> dw2mp2ge
  WQXENT    White Archer
    classScript: FT12T -> 
    defaultScript: WTASIGHT -> dw2rp2ge
  WQXHAMA   Hamadryad
    defaultScript: WTASIGHT -> dw2mp2ge
  WQXIENT   White Guard
    classScript: MAGE10A -> 
    raceScript: MAGE10A -> 
    generalScript: MAGE10A -> 
    defaultScript: WTASIGHT -> dw#mg529
  WQXM3     White Servant
    classScript: PRIES10A -> 
    defaultScript: WTASIGHT -> dw#pr263
  WQXM4     White Servant
    overrideScript: MAGE10A -> 
    defaultScript: WTASIGHT -> dw#mg530
  WQXMOU    Shambling Mound
    defaultScript: WTASIGHT -> dw2mc2ge
  WQXN      Necromancer
    level: 11 -> 9
    classScript: MAGE18D -> 
    generalScript: WTASIGHT -> 
    defaultScript:  -> dw#mg531
  WQXST     White Servant
    classScript: PRIES10A -> 
    defaultScript: WTASIGHT -> dw#pr264
  WQXT1     White Enchanter
    defaultScript: WTASIGHT -> dw2mc2ge
  WQXT2     White Beastmaster
    defaultScript: WTASIGHT -> dw2mp2ge
  WQXWOL    White Wolf
    defaultScript: WTARSGT -> dw2rp2mo
  WQXWQ     The White Queen
    classScript: WTASIGHT -> 
    raceScript: WTASIGHT -> 
    generalScript: WTASIGHT -> 
    defaultScript: WTASIGHT -> dw2ms2th
  WRAITH01  Wraith
    defaultScript: WTASIGHT -> dw2ms2ge
  WRAITHSU  Wraith
    defaultScript: WDASIGHT -> dw2ms2ge
  WRASHI01  Shimmering Wraith
    defaultScript: WTASIGHT -> dw2ms2ge
  WSMITH01  Cromwell
    defaultScript: WTASIGHT -> dw2mc2ge
  WULFGAR   Wulfgar
    defaultScript: wdasight -> dw2rm2ge
  WWDELAG   Delag
    generalScript: WTASIGHT -> 
    defaultScript: None -> dw2ms2ge
  WWEFF     Eforf
    generalScript: WTASIGHT -> 
    defaultScript: None -> dw2mc2ge
  WWRATI    Boolet
    defaultScript: WTASIGHT -> dw2mm2mo
  WWSTEN    Sten
    generalScript: WTASIGHT -> 
    defaultScript: None -> dw2mc2ge
  WWVIVI    Vivick
    generalScript: WTASIGHT -> 
    defaultScript: None -> dw2mc2ge
  WYVFIGHT  Wyvern Cultist
    defaultScript: WTASIGHT -> dw2mp2ge
  WYVMAG14  Wyvern Cultist
    classScript: Mage14c -> 
    generalScript: wtasight -> 
    defaultScript:  -> dw#mg532
  X3EBRO    Thomas Castilla
    defaultScript: WTASIGHT -> dw3ms2ge
  X3HDB     Harim Battlebringer
    defaultScript: WTASIGHT -> dw2ms2be
  X3HDC     Duncan Righthammer
    defaultScript: WTASIGHT -> dw2mc2ge
  X3HDD     Boris the Unyielding
    defaultScript: WTARSGT -> dw2ms2dd
  X3HR1F1   Warrior
    defaultScript: WTASIGHT -> dw2ms2ge
  X3HR1F2   Warrior
    defaultScript: WTASIGHT -> dw2ms2ge
  X3HR1R    Rogue
    defaultScript: WTASIGHT -> dw2mp2th
  X3HR2C1   Cleric
    defaultScript: WTASIGHT -> dw2mc2ge
  X3HR2F1   Warrior
    defaultScript: WTASIGHT -> dw2ms2ge
  X3HR2M1   Mage
    classScript: MAGE12B -> 
    defaultScript: WTARSGT -> dw#mg533
  X3HSON    Berk
    defaultScript: WTARSGT -> dw3rm2dd
  X3HZAG1   Contact
    defaultScript: WTASIGHT -> dw2ms2th
  X3HZAG2   Mercenary
    defaultScript: WTASIGHT -> dw2ms2th
  X3HZAVA   Zavatar
    defaultScript: WTASIGHT -> dw2mc2ge
  X3KBRYCE  Sergeant Bryce
    defaultScript: WTARSGT -> dw2mp2ge
  X3KC      Chester
    defaultScript: WTASIGHT -> dw2mp2as
  X3KMERC   Mercenary
    defaultScript: WTASIGHT -> dw2ms2as
  X3KMERC2  Mercenary
    defaultScript: WTASIGHT -> dw2ms2th
  X3KMERC3  Mercenary
    defaultScript: WTASIGHT -> dw2ms2ge
  X3RAMB1   Bounty Hunter
    defaultScript: WTASIGHT -> dw2mp2th
  X3RAMB2   Hired Killer
    defaultScript: WTASIGHT -> dw2ms2ge
  X3RB1     Bandit
    defaultScript: WTASIGHT -> dw2ms2ge
  X3RB2     Bandit
    defaultScript: WTASIGHT -> dw2mc2ge
  X3RB3     Bandit
    classScript: THIEF14T -> 
    defaultScript: WTASIGHT -> dw2mp2th
  X3RB4     Bandit
    defaultScript: WTASIGHT -> dw2ms2ge
  X3RB5     Bandit
    classScript: MAGE12B -> 
    defaultScript: WTARSGT -> dw#mg534
  X3RB6     Bandit
    defaultScript: WTASIGHT -> dw2ms2ge
  X3REMOVE  The Remover
    defaultScript: WTASIGHT -> dw2ms2ge
  X3RM      Aerik
    classScript: MAGE12B -> 
    defaultScript: WTARSGT -> dw#mg535
  X3RM25    Aerik
    classScript: MAGE18B -> 
    defaultScript: WTARSGT -> dw#mg536
  X3RPHEL   Phelgrim
    defaultScript: WTASIGHT -> dw2ms2be
  X3RPIR1   Pirate
    defaultScript: WTASIGHT -> dw2ms2ge
  X3RPIR2   Pirate
    defaultScript: WTASIGHT -> dw2ms2th
  X3RPIR3   Pirate
    defaultScript: WTASIGHT -> dw2ms2th
  X3RPIR4   Pirate
    defaultScript: WTASIGHT -> dw2ms2ge
  X3RTANYA  Tanya
    defaultScript: WTASIGHT -> dw2mp2th
  X3VADRIE  Adrie
    defaultScript: WTASIGHT -> dw2mm2ge
  X3VDROW   Xel'nu
    defaultScript: WDASIGHT -> dw2ms2ge
  X3VDROW2  Drow Warrior
    defaultScript: WDASIGHT -> dw2ms2ge
  X3VDROW3  Drow Warrior
    defaultScript: WDASIGHT -> dw2ms2ge
  X3VG      Amnian Soldier
    defaultScript: WTARSGT -> dw2mp2ge
  X3VGAL    Galidan
    class: SORCERER -> MAGE
    classScript: MAGE20B -> 
    generalScript: WTASIGHT -> 
    defaultScript: None -> dw#mg537
  X3VLOVE   Leondolis
    defaultScript: WTASIGHT -> dw2mm2ge
  X3VSAGE   Sules'terim
    classScript: MAGE20B -> 
    generalScript: WTASIGHT -> 
    defaultScript: None -> dw#mg538
  X3WCE     Slaver
    overrideScript: priest12 -> 
    defaultScript: WTASIGHT -> dw#pr265
  X3WCL     Slaver Lieutenant
    defaultScript: WTASIGHT -> dw2mc2ge
  X3WFME    Slaver
    defaultScript: WTASIGHT -> dw2ms2ge
  X3WFML    Slaver Lieutenant
    defaultScript: WTASIGHT -> dw2ms2ge
  X3WFMM    Slaver
    defaultScript: WTASIGHT -> dw2ms2ge
  X3WFRE    Slaver
    defaultScript: WTASIGHT -> dw2rm2ge
  X3WFRL    Slaver Lieutenant
    defaultScript: WTASIGHT -> dw2rm2ge
  X3WFRM    Slaver
    defaultScript: WTASIGHT -> dw2rm2ge
  X3WG      Amnian Soldier
    defaultScript: WTARSGT -> dw2mp2ge
  X3WGD     Amnian Soldier
    defaultScript: WTARSGT -> dw2mm2ge
  X3WME     Slaver
    classScript: MAGE12B -> 
    defaultScript: WTARSGT -> dw#mg539
  X3WML     Slaver Lieutenant
    classScript: MAGE12B -> 
    defaultScript: WTARSGT -> dw#mg540
  X3WPA     Olly's Bodyguard
    defaultScript: WTASIGHT -> dw2rm2ge
  X3WPF     Olly's Bodyguard
    defaultScript: WTASIGHT -> dw2ms2ge
  X3WPM     Argin Olly
    classScript: MAGE12B -> 
    defaultScript: WTARSGT -> dw#mg541
  X3WPR     Olly's Bodyguard
    defaultScript: WTASIGHT -> dw2mp2th
  X3WRAP25  Raptair
    raceScript: WTASIGHT -> 
    defaultScript: None -> dw2mm2ge
  X3WRE     Slaver
    defaultScript: WTASIGHT -> dw2mp2th
  X3WRL     Slaver Lieutenant
    defaultScript: WTASIGHT -> dw2ms2th
  X3WRM     Slaver
    defaultScript: WTASIGHT -> dw2mp2th
  XAPPREN1  Prebek
    classScript: Mage8A -> 
    defaultScript: WTASIGHT -> dw#mg542
  XAPPREN2  Sanasha
    raceScript: Mage8b -> 
    defaultScript: WTASIGHT -> dw#mg543
  XGHAST1   Ghast
    classScript: WTASIGHT -> 
    defaultScript: None -> dw2mp2ge
  XGHAST2   Ghast
    classScript: WTASIGHT -> 
    defaultScript: None -> dw2mp2ge
  XGOLEM    Flesh Golem
    defaultScript: WTASIGHT -> dw2mc2mo
  XGOLEM1   Flesh Golem
    defaultScript: wtasight -> dw2mc2mo
  XVART01   Xvart
    defaultScript: WTASIGHT -> dw2ms2ge
  XVARTSU   Xvart Protector
    defaultScript: WTASIGHT -> dw2ms2ge
  YAGA02    Lieutenant Mage
    level: 20 -> 27
    raceScript: spseq16a -> 
    defaultScript: gpmage1 -> dw#mg544
  YAGA03    Lieutenant Fighter
    level: 20 -> 23
    generalScript: None -> dw#gphlp
    defaultScript: gpkensai -> dw3ms2ge
  YAGA04    Lieutenant Cleric
    level: 20 -> 28
    defaultScript: gphealer -> dw#pr266
  YAGA05    Lieutenant Thief
    level: 20 -> 25
    generalScript: None -> dw#gphlp
    defaultScript: gpthief -> dw3rs2as
  YARMY01   Fighter
    raceScript: cfigh20b -> 
    defaultScript: wtasight -> dw2mp2ge
  YARMY02   Archer
    defaultScript: carch20b -> dw2rs2ge
    weapon2:  -> SW1H05
  YARMY03   Mage
    raceScript: mage16b -> 
    defaultScript: wtasight -> dw#mg545
  YOCHLO01  Yochlol
    level: 9 -> 15
    overrideScript: yochlol -> demyoch
    defaultScript: wtasight -> dw2ms2ge
    lring: IMMUNE1 -> immune2
    weapon1: S1-10 -> dwsw1h01
  YSADARA   Adara
    defaultScript: WTASIGHT -> dw2mp2ge
  YSAIESHA  Aiesha
    defaultScript: WTASIGHT -> dw2mc2ge
  YSANGHRD  Angharad Firehair
    defaultScript: WTASIGHT -> dw2mc2ge
  YSARMSTO  Tralthor One-Eye
    defaultScript: WTASIGHT -> dw2ms2ge
  YSBASIMA  Basimah
    defaultScript: WTASIGHT -> dw2mp2ge
  YSBLKSTO  Havren Holdsmith
    defaultScript: WTASIGHT -> dw2ms2ge
  YSBRAN    Bran
    generalScript: WTASIGHT -> YSBRAN
    defaultScript: YSBRAN -> dw2ms2ge
  YSCADFAN  Cadfan
    defaultScript: WTASIGHT -> dw2mm2ge
  YSCARA03  Fire Giant
    level: 20 -> 23
    defaultScript: CFIGH20B -> dw3ms2be
  YSCARA04  Greater Fire Elemental
    defaultScript: WDASIGHT -> dw2mc2ge
  YSCARA05  Merchant
    defaultScript: WTASIGHT -> dw2ms2ge
  YSCEINWN  Ceinwen Ravenhair
    defaultScript: WTASIGHT -> dw2mc2ge
  YSCHDG    Red Guard Warder
    defaultScript: WTASIGHT -> dw2ms2ge
  YSCLER01  Yaga-Shura Cleric
    defaultScript: gphealer -> dw#pr267
  YSCOLLA   Colla mic Tigernach
    defaultScript: WTASIGHT -> dw2ms2ge
  YSDLDOP   Meilir of Meilirion
    defaultScript: WTASIGHT -> dw2ms2ge
  YSDROSIG  Drosig
    defaultScript: WTASIGHT -> dw2rs2ge
  YSFIRE01  Fire Giant
    level: 20 -> 22
    generalScript: None -> dw#gphlp
    defaultScript: gpmerc -> dw3mc2be
  YSFIRE02  Fire Giant
    level: 20 -> 22
    generalScript: None -> dw#gphlp
    defaultScript: gpmerc -> dw3ms2be
  YSG2      Fire Giant
    level: 15 -> 22
    defaultScript: CFIGH20B -> dw3mc2be
  YSGAOL    Gaoler
    defaultScript: WTASIGHT -> dw2ms2ge
  YSGARGEL  Garalial Geltarath
    defaultScript: WTASIGHT -> dw2mc2ge
  YSGIVON   Givon
    defaultScript: WTASIGHT -> dw2mm2ge
  YSGP01    Toop the Brave
    defaultScript: CFIGH20A -> dw2rp2ge
  YSGP02    Merlinious
    defaultScript: CKENS20B -> dw2ms2ke
  YSGP05    Chinchilla
    general: HUMANOID -> MONSTER
    defaultScript: WTASIGHT -> dw2mc2ge
  YSGRMARC  Grimward Archer
    defaultScript: WTARSGT -> dw2rs2mo
  YSGRUNT   Yaga-Shura Soldier
    defaultScript: WTASIGHT -> dw2rs2ge
    weapon2:  -> SW1H04
  YSGUAR01  Fire Giant
    level: 20 -> 22
    defaultScript: CFIGH20B -> dw3ms2be
  YSGUAR02  Yaga-Shura Soldier
    defaultScript: WTASIGHT -> dw2rs2ge
    weapon2:  -> SW1H04
  YSGUAR03  Yaga-Shura Mage
    classScript: mage12a -> 
    defaultScript: None -> dw#mg546
  YSGUAR04  Yaga-Shura Soldier
    defaultScript: WTASIGHT -> dw2ms2ge
  YSGUAR05  Yaga-Shura Soldier
    defaultScript: WTASIGHT -> dw2rs2ge
    weapon2:  -> SW1H04
  YSGUAR06  Yaga-Shura Officer
    defaultScript: WTASIGHT -> dw2ms2ge
  YSHAREM2  Harem Girl
    generalScript: WTASIGHT -> ysmorale
    defaultScript: ysmorale -> dw2mp2ge
  YSMAGE01  Yaga-Shura Mage
    generalScript: spseq12a -> 
    defaultScript: gpmage2 -> dw#mg547
  YSMAGE02  Yaga-Shura Mage
    classScript: mage16c -> 
    defaultScript: wtasight -> dw#mg548
  YSNURI    Nuri
    defaultScript: WTASIGHT -> dw2mp2ge
  YSRIMON   Rimon
    defaultScript: WTASIGHT -> dw2ms2th
  YSSANOB2  Nobleman
    defaultScript: WTASIGHT -> dw2ms2ge
  YSSERJ    Guard Sergeant
    generalScript: WTASIGHT -> YSSERJ
    defaultScript: YSSERJ -> dw2mp2ge
  YSSOLD01  Yaga-Shura Soldier
    generalScript: None -> dw#gphlp
    defaultScript: gpmerc -> dw2ms2ge
  YSSOLD02  Yaga-Shura Soldier
    generalScript: None -> dw#gphlp
    defaultScript: gpmerc -> dw2rs2ge
    weapon3:  -> SW1H04
  YSSOLD03  Yaga-Shura Officer
    generalScript: None -> dw#gphlp
    defaultScript: gpmerc -> dw2ms2ge
  YSSOLD04  Yaga-Shura Elite
    generalScript: None -> dw#gphlp
    defaultScript: gpmerc -> dw2mp2be
  YSSOLD10  Fire Giant
    level: 20 -> 21
    generalScript: None -> dw#gphlp
    defaultScript: gpmerc -> dw3mc2be
  YSSOLD12  Yaga-Shura Soldier
    generalScript: None -> dw#gphlp
    defaultScript: gpmerc -> dw2rs2ge
  YSSOLD13  Yaga-Shura Soldier
    generalScript: None -> dw#gphlp
    defaultScript: gpmerc -> dw2ms2ge
  YSSOLD14  Yaga-Shura Mage
    generalScript: spseq12a -> 
    defaultScript: gpmage1 -> dw#mg549
  YSSOLD15  Yaga-Shura Officer
    generalScript: None -> dw#gphlp
    defaultScript: gpmerc -> dw2ms2ge
  YSSOLD16  Cleric Of Talos
    defaultScript: gphealer -> dw#pr268
  YSTANARR  Tanar'ri
    defaultScript: WTASIGHT -> dw2ms2ge
  YSTIGGRD  House Guard
    defaultScript: WTASIGHT -> dw2rs2ge
  YSTIGNCH  Tigernach mic Muirgheas
    defaultScript: WTASIGHT -> dw2rs2ge
  YSWDMAN   Woodsman
    defaultScript: WTASIGHT -> dw2ms2ge
  YSWTCHMN  Watchman
    defaultScript: WTASIGHT -> dw2mp2ge
  YUSEF     Yusef
    classScript: gpuse -> 
    defaultScript: WTASIGHT -> dw2mm2ge
  ZILARC01  Black Reaver
    defaultScript: gphealer -> dw#pr269
    weapon2:  -> SW1H05
  ZILFGT01  Black Reaver
    generalScript: None -> dw#gphlp
    defaultScript: gpmerc -> dw2mp2mo
  ZILFGT02  Black Reaver
    generalScript: None -> dw#gphlp
    defaultScript: gpmerc -> dw2mm2ge
  ZILMAG01  Black Reaver
    generalScript: spseq16b -> 
    defaultScript: gpmage1 -> dw#mg550
  ZOMBIE01  Zombie
    defaultScript: wtasight -> dw2mc2mo
  ZOMBJU01  Zombie
    defaultScript: wtasight -> dw2mc2mo
  ZOMBLO01  Zombie Lord
    defaultScript: WTASIGHT -> dw2mp2ge
  ZOMBSE01  Sea Zombie
    defaultScript: wtasight -> dw2mp2mo
