
Checking presets
----------------
Checking SPWI305, spell found: {"key":"Haste","file":"SPWI305","id":"WIZARD_HASTE","level":3,"duration":"mid","name":"spell.Haste.name","keywords":["friendly"],"excludeStateChecks":["STATE_HASTED"]}
Checking SPPR509, spell found: {"key":"MagicResistance","file":"SPPR509","id":"CLERIC_MAGIC_RESISTANCE","level":5,"name":"spell.MagicResistance.name","duration":"short","keywords":["friendly"]}
Checking SPWI310, spell found: {"key":"NonDetection","file":"SPWI310","id":"WIZARD_NON_DETECTION","level":3,"name":"spell.NonDetection.name","keywords":["castOnSelf","friendly"]}
Checking SPPR101, spell found: {"key":"Bless","file":"SPPR101","id":"CLERIC_BLESS","level":1,"duration":"mid","name":"spell.Bless.name","keywords":["friendly"]}
Checking SPPR403, spell found: {"key":"FreeAction","file":"SPPR403","id":"CLERIC_FREE_ACTION","level":4,"name":"spell.FreeAction.name","duration":"mid","keywords":["friendly"]}
Checking SPPR107, spell found: {"key":"ProtectionFromEvil","file":"SPPR107","id":"CLERIC_PROTECT_FROM_EVIL","level":1,"name":"spell.ProtectionFromEvil.name","duration":"short","excludeSpellStates":["PROTECTION_FROM_EVIL"],"keywords":["friendly"]}
Checking SPPR125, spell found: {"key":"ProtectionFromGood","file":"SPPR125","id":"CLERIC_PROTECT_FROM_GOOD","level":1,"name":"spell.ProtectionFromGood.name","duration":"short","requiresMod":"AllSpellMods","excludeSpellStates":["PROTECTION_FROM_EVIL"],"keywords":["friendly"],"fallback":{"file":"SPPR107","id":"CLERIC_PROTECT_FROM_EVIL","level":1,"name":"spell.ProtectionFromEvil.name","duration":"short","excludeSpellStates":["PROTECTION_FROM_EVIL"],"keywords":["friendly"]}}
Checking SPPR431, spell found: {"key":"ProtectionFromGood10Radius","file":"SPPR431","id":"CLERIC_PROTECTION_FROM_GOOD_10_FOOT","level":4,"name":"spell.ProtectionFromGood10Radius.name","duration":"mid","keywords":["castOnSelf","friendly"],"requiresMod":"AllSpellMods","excludeSpellStates":["PROTECTION_FROM_EVIL"],"fallback":{"file":"SPPR408","id":"CLERIC_PROTECTION_FROM_EVIL_10_FOOT","level":4,"name":"spell.ProtectionFromEvil.name","keywords":["castOnSelf","friendly"],"duration":"mid","excludeSpellStates":["PROTECTION_FROM_EVIL"]}}
Checking SPPR408, spell found: {"key":"ProtectionFromEvil10Radius","file":"SPPR408","id":"CLERIC_PROTECTION_FROM_EVIL_10_FOOT","level":4,"name":"spell.ProtectionFromEvil.name","keywords":["castOnSelf","friendly"],"duration":"mid","excludeSpellStates":["PROTECTION_FROM_EVIL"]}
Checking SPPR108, spell found: {"key":"ResistFear","file":"SPPR108","id":"CLERIC_REMOVE_FEAR","level":1,"name":"spell.ResistFear.name","duration":"mid","keywords":["friendly"]}
Checking SPPR202, spell found: {"key":"Barkskin","file":"SPPR202","id":"CLERIC_BARKSKIN","level":2,"name":"spell.Barkskin.name","duration":"mid","keywords":["friendly"]}
Checking SPPR201, spell found: {"key":"Aid","file":"SPPR201","id":"CLERIC_AID","name":"spell.Aid.name","duration":"mid","keywords":["friendly"]}
Checking SPWI206, spell found: {"key":"Invisibility","file":"SPWI206","id":"WIZARD_INVISIBILITY","level":2,"name":"spell.Invisibility.name","keywords":["friendly"],"excludeStateChecks":["STATE_INVISIBLE"]}
Checking SPWI405, spell found: {"key":"ImprovedInvisibility","file":"SPWI405","id":"WIZARD_IMPROVED_INVISIBILITY","level":4,"duration":"short","name":"spell.ImprovedInvisibility.name","keywords":["friendly"],"excludeStateChecks":["STATE_IMPROVEDINVISIBILITY"]}
Checking SPPR111, spell found: {"key":"ArmorOfFaith","file":"SPPR111","id":"CLERIC_ARMOR_OF_FAITH","level":1,"name":"spell.ArmorOfFaith.name","duration":"mid","keywords":["castOnSelf","friendly"]}
Checking SPPR603, spell found: {"key":"BladeBarrier","file":"SPPR603","id":"CLERIC_BLADE_BARRIER","level":6,"duration":"short","name":"spell.BladeBarrier.name","keywords":["castOnSelf","friendly"],"excludeStatsChecks":["CLERIC_BLADE_BARRIER"]}
Checking SPWI201, spell found: {"key":"Blur","file":"SPWI201","id":"WIZARD_BLUR","level":2,"duration":"mid","name":"spell.Blur.name","keywords":["castOnSelf","friendly"]}
Checking SPPR203, spell found: {"key":"Chant","file":"SPPR203","id":"CLERIC_CHANT","level":2,"name":"spell.Chant.name","duration":"short","keywords":["castOnSelf","friendly"]}
Checking SPPR332, spell found: {"key":"CircleOfBones","file":"SPPR332","id":"CLERIC_CIRCLE_OF_BONES","level":3,"name":"spell.CircleOfBones.name","duration":"short","keywords":["castOnSelf","friendly"],"requiresMod":"AllSpellMods","excludeSpellStates":["CIRCLE_OF_BONES"]}
Checking SPPR332, spell found: {"key":"CircleOfBones","file":"SPPR332","id":"CLERIC_CIRCLE_OF_BONES","level":3,"name":"spell.CircleOfBones.name","duration":"short","keywords":["castOnSelf","friendly"],"requiresMod":"AllSpellMods","excludeSpellStates":["CIRCLE_OF_BONES"]}
Checking SPPR527, spell found: {"key":"DivineProtection","file":"SPPR527","id":"CLERIC_SHIELD_OF_LATHANDER","level":5,"name":"spell.DivineProtection.name","keywords":["castOnSelf","friendly"],"requiresMod":"AllSpellMods","excludeSpellStates":["SHIELD_OF_LATHANDER"]}
Checking SPPR214, spell found: {"key":"DrawUponHolyMight","file":"SPPR214","id":"CLERIC_DRAW_UPON_HOLY_MIGHT","level":2,"name":"spell.DrawUponHolyMight.name","duration":"short","keywords":["castOnSelf","friendly"]}
Checking SPPR620, spell found: {"key":"EntropyShield","file":"SPPR620","id":"CLERIC_ENTROPY_SHIELD","level":6,"name":"spell.EntropyShield.name","duration":"short","keywords":["castOnSelf","friendly"],"requiresMod":"AllSpellMods","fallback":{"file":"SPPR613","id":"CLERIC_PHYSICAL_MIRROR","level":6,"name":"spell.PhysicalMirror.name","keywords":["castOnSelf","friendly"],"variants":[{"mod":"AllSpellMods","file":"SPPR531","id":"CLERIC_PHYSICAL_MIRROR"}]}}
Checking SPWI418, spell found: {"key":"FireShield","file":"SPWI418","id":"WIZARD_FIRE_SHIELD_RED","level":4,"duration":"short","name":"spell.FireShield.name","keywords":["castOnSelf","friendly"]}
Checking SPPR738, spell found: {"key":"GreaterDivineProtection","file":"SPPR738","id":"CLERIC_GREATER_SHIELD_OF_LATHANDER","level":7,"name":"spell.GreaterDivineProtection.name","keywords":["castOnSelf","friendly"],"requiresMod":"AllSpellMods","excludeSpellStates":["SHIELD_OF_LATHANDER"]}
Checking SPPR412, spell found: {"key":"HolyPower","file":"SPPR412","id":"CLERIC_HOLY_POWER","level":4,"duration":"short","keywords":["castOnSelf","friendly"],"name":"spell.HolyPower.name"}
Checking SPPR506, spell found: {"key":"Ironskin","file":"SPPR506","id":"CLERIC_IRONSKIN","duration":"long","name":"spell.Ironskin.name","keywords":["castOnSelf","friendly"]}
Checking SPWI212, spell found: {"key":"MirrorImages","file":"SPWI212","id":"WIZARD_MIRROR_IMAGE","level":2,"duration":"mid","name":"spell.MirrorImages.name","keywords":["castOnSelf","friendly"],"excludeStateChecks":["STATE_MIRRORIMAGE"]}
Checking SPWI406, spell found: {"key":"MinorGlobeOfInvulnerability","file":"SPWI406","id":"WIZARD_MINOR_GLOBE_OF_INVULNERABILITY","level":4,"duration":"mid","name":"spell.MinorGlobeOfInvulnerability.name","keywords":["castOnSelf","friendly","minorGlobeOfInvulnerability"]}
Checking SPWI124, spell found: {"key":"NahalRecklessDweomer","file":"SPWI124","id":"WIZARD_NAHALS_RECKLESS_DWEOMER","level":1,"name":"spell.NahalRecklessDweomer.name","hiddenIn":"AllSpellMods","keywords":["friendly"]}
Checking SPPR613, spell found: {"key":"PhysicalMirror","file":"SPPR613","id":"CLERIC_PHYSICAL_MIRROR","level":6,"name":"spell.PhysicalMirror.name","keywords":["castOnSelf","friendly"],"variants":[{"mod":"AllSpellMods","file":"SPPR531","id":"CLERIC_PHYSICAL_MIRROR"}]}
Checking SPPR531, spell found: {"key":"PhysicalMirror","file":"SPPR613","id":"CLERIC_PHYSICAL_MIRROR","level":6,"name":"spell.PhysicalMirror.name","keywords":["castOnSelf","friendly"],"variants":[{"mod":"AllSpellMods","file":"SPPR531","id":"CLERIC_PHYSICAL_MIRROR"}]}
Checking SPPR407, spell found: {"key":"ProtectionFromLightning","file":"SPPR407","id":"CLERIC_PROTECTION_FROM_LIGHTNING","level":4,"name":"spell.ProtectionFromLightning.name","keywords":["friendly"],"duration":"mid","variants":[{"mod":"AllSpellMods","file":"SPPR521","id":"CLERIC_PROTECTION_FROM_LIGHTNING"}],"excludeStatsChecks":["RESISTELECTRICITY"]}
Checking SPPR521, spell found: {"key":"ProtectionFromLightning","file":"SPPR407","id":"CLERIC_PROTECTION_FROM_LIGHTNING","level":4,"name":"spell.ProtectionFromLightning.name","keywords":["friendly"],"duration":"mid","variants":[{"mod":"AllSpellMods","file":"SPPR521","id":"CLERIC_PROTECTION_FROM_LIGHTNING"}],"excludeStatsChecks":["RESISTELECTRICITY"]}
Checking SPWI611, spell found: {"key":"ProtectionFromMagicalWeapons","file":"SPWI611","id":"WIZARD_PROTECTION_FROM_MAGIC_WEAPONS","level":6,"duration":"short","name":"spell.ProtectionFromMagicalWeapons.name","keywords":["castOnSelf","friendly"],"excludeStatsChecks":["WIZARD_PROTECTION_FROM_MAGIC_WEAPONS"]}
Checking SPWI311, spell found: {"key":"ProtectionFromMissiles","file":"SPWI311","id":"WIZARD_PROTECTION_FROM_NORMAL_MISSILES","level":3,"duration":"short","name":"spell.ProtectionFromMissiles.name","keywords":["castOnSelf","friendly"],"excludeSpellStates":["PROTECTION_FROM_NORMAL_MISSILES"]}
Checking SPWI120, spell found: {"key":"ReflectedImage","file":"SPWI120","id":"WIZARD_REFLECTED_IMAGE","level":1,"name":"spell.ReflectedImage.name","keywords":["castOnSelf","friendly"],"excludeStateChecks":["STATE_MIRRORIMAGE"]}
Checking SPPR515, spell found: {"key":"Repulsion","file":"SPPR515","id":"CLERIC_REPULSION","level":5,"name":"spell.Repulsion.name","keywords":["castOnSelf","friendly"],"requiresMod":"AllSpellMods"}
Checking SPPR513, spell found: {"key":"RighteousMagic","file":"SPPR513","id":"CLERIC_RIGHTEOUS_MAGIC","level":5,"name":"spell.RighteousMagic.name","keywords":["castOnSelf","friendly"],"duration":"short"}
Checking SPPR109, spell found: {"key":"Sanctuary","file":"SPPR109","id":"CLERIC_SANCTUARY","level":1,"name":"spell.Sanctuary.name","keywords":["castOnSelf","friendly"],"duration":"short","excludeStateChecks":["STATE_INVISIBLE"]}
Checking SPWI114, spell found: {"key":"Shield","file":"SPWI114","id":"WIZARD_SHIELD","level":1,"duration":"mid","name":"spell.Shield.name","keywords":["castOnSelf","friendly"]}
Checking D5P2114, spell found: {"key":"Shield","file":"D5P2114","level":2,"type":2,"name":"spell.Shield.name"}
Checking SPPR701, spell found: {"key":"ShieldOfTheArchons","file":"SPPR701","id":"CLERIC_SHIELD_OF_THE_ARCHONS","level":7,"name":"spell.ShieldOfTheArchons.name","keywords":["castOnSelf","friendly"]}
Checking SPWI408, spell found: {"key":"Stoneskin","file":"SPWI408","id":"WIZARD_STONE_SKIN","level":4,"duration":"long","name":"spell.Stoneskin.name","excludeStatsChecks":["STONESKINS"],"keywords":["friendly"]}
Checking SPWI219, spell found: {"key":"Vocalize","file":"SPWI219","id":"WIZARD_VOCALIZE","level":2,"duration":"short","name":"spell.Vocalize.name","keywords":["castOnSelf","friendly"]}
Checking SPWI318, spell found: {"key":"MinorSpellDeflection","file":"SPWI318","id":"WIZARD_MINOR_SPELL_DEFLECTION","level":3,"duration":"mid","name":"spell.MinorSpellDeflection.name","keywords":["castOnSelf","friendly"]}
Checking SPWI505, spell found: {"key":"ShadowDoor","file":"SPWI505","id":"WIZARD_SHADOW_DOOR","level":5,"name":"spell.ShadowDoor.name","keywords":["castOnSelf","friendly"],"excludeStateChecks":["STATE_IMPROVEDINVISIBILITY"]}
Checking SPWI402, spell found: {"key":"DimensionDoor","file":"SPWI402","id":"WIZARD_DIMENSION_DOOR","level":4,"name":"spell.dimensionDoor.name","variants":[{"mod":"AllSpellMods","file":"SPWI127","id":"WIZARD_DIMENSION_JUMP"}],"keywords":["friendly"],"excludeStateChecks":["STATE_BLIND"]}
Checking SPWI127, spell found: {"key":"DimensionDoor","file":"SPWI402","id":"WIZARD_DIMENSION_DOOR","level":4,"name":"spell.dimensionDoor.name","variants":[{"mod":"AllSpellMods","file":"SPWI127","id":"WIZARD_DIMENSION_JUMP"}],"keywords":["friendly"],"excludeStateChecks":["STATE_BLIND"]}
Checking SPPR607, spell found: {"key":"Heal","file":"SPPR607","id":"CLERIC_HEAL","level":6,"name":"spell.Heal.name","keywords":["friendly","cureWounds"]}
Checking SPPR502, spell found: {"key":"CureCriticalWounds","file":"SPPR502","id":"CLERIC_CURE_CRITICAL_WOUNDS","level":5,"name":"spell.CureCriticalWounds.name","obsoletedBy":"AllSpellMods","keywords":["friendly","cureWounds"]}
Checking SPPR315, spell found: {"key":"CureMediumWounds","file":"SPPR315","id":"CLERIC_CURE_MEDIUM_WOUNDS","level":3,"name":"spell.CureMediumWounds.name","keywords":["friendly","cureWounds"]}
Checking SPPR216, spell found: {"key":"CureModerateWounds","file":"SPPR216","id":"CLERIC_CURE_MODERATE_WOUNDS","level":2,"name":"spell.CureModerateWounds.name","requiresMod":"AllSpellMods","keywords":["friendly","cureWounds"]}
Checking SPPR103, spell found: {"key":"CureLightWounds","file":"SPPR103","id":"CLERIC_CURE_LIGHT_WOUNDS","level":1,"name":"spell.CureLightWounds.name","keywords":["friendly","cureWounds"]}
Checking SPPR711, spell found: {"key":"Regeneration","file":"SPPR711","id":"CLERIC_REGENERATE","level":7,"name":"spell.Regeneration.name","keywords":["friendly"]}
Checking SPPR419, spell found: {"key":"RegenerateCriticalWounds","file":"SPPR419","id":"CLERIC_REGENERATE_CRITICAL_WOUNDS","level":4,"name":"spell.RegenerateCriticalWounds.name","requiresMod":"AllSpellMods","keywords":["friendly"]}
Checking SPPR324, spell found: {"key":"RegenerateSeriousWounds","file":"SPPR324","id":"CLERIC_REGENERATE_SERIOUS_WOUNDS","level":3,"name":"spell.RegenerateSeriousWounds.name","requiresMod":"AllSpellMods","keywords":["friendly"]}
Checking SPPR218, spell found: {"key":"RegenerateModerateWounds","file":"SPPR218","id":"CLERIC_REGENERATE_MODERATE_WOUNDS","level":2,"name":"spell.RegenerateModerateWounds.name","requiresMod":"AllSpellMods","keywords":["friendly"]}
Checking SPPR119, spell found: {"key":"RegenerateLightWounds","file":"SPPR119","id":"CLERIC_REGENERATE_LIGHT_WOUNDS","level":1,"name":"spell.RegenerateLightWounds.name","requiresMod":"AllSpellMods","keywords":["friendly"]}
Checking SPIN699, spell found: {"key":"HealingLick","file":"SPIN699","level":1,"name":"spell.HealingLick.name","keywords":["friendly"]}
Checking SPCL321, spell found: {"key":"BerserkerRage","file":"SPCL321","id":"BERSERKER_RAGE","name":"spell.BerserkerRage.name","keywords":["castOnSelf"],"excludeSpellStates":["BERSERKER_RAGE"]}
Checking SPCL152, spell found: {"key":"BarbarianRage","file":"SPCL152","id":"BARBARIAN_RAGE","level":1,"name":"spell.BarbarianRage.name","keywords":["castOnSelf"],"excludeSpellStates":["BARBARIAN_RAGE"]}
Checking SPCL423, spell found: {"key":"PoisonWeapon","file":"SPCL423","id":"ASSASSIN_POISON","level":1,"name":"spell.PoisonWeapon.name","keywords":["castOnSelf"]}
Checking SPWI506, spell found: {"key":"Domination","file":"SPWI506","id":"WIZARD_DOMINATION","level":5,"name":"spell.Domination.name","keywords":["charm","magicResistance"]}
Checking SPPR405, spell found: {"key":"MentalDomination","file":"SPPR405","id":"CLERIC_MENTAL_DOMINATION","level":4,"name":"spell.MentalDomination.name","keywords":["charm","magicResistance"]}
Checking SPWI316, spell found: {"key":"DireCharm","file":"SPWI316","id":"WIZARD_DIRE_CHARM","level":3,"name":"spell.DireCharm.name","keywords":["charm","magicResistance"]}
Checking SPPR204, spell found: {"key":"CharmPersonOrAnimal","file":"SPPR204","id":"CLERIC_CHARM_PERSON","level":2,"name":"spell.CharmPersonOrAnimal.name","keywords":["charm"]}
Checking SPWI104, spell found: {"key":"CharmPerson","file":"SPWI104","id":"WIZARD_CHARM_PERSON","level":1,"name":"spell.CharmPerson.name","keywords":["charm"]}
Checking SPPR709, spell found: {"key":"Chaos","file":"SPPR709","id":"CLERIC_CONFUSION","level":7,"name":"spell.Chaos.name","keywords":["confusion","area"]}
Checking D5P1709, spell found: {"key":"Chaos","file":"D5P1709","keywords":["area"],"level":5,"type":2,"name":"spell.Chaos.name"}
Checking SPWI401, spell found: {"key":"Confusion","file":"SPWI401","id":"WIZARD_CONFUSION","level":4,"name":"spell.Confusion.name","keywords":["confusion","area"]}
Checking SPPR610, spell found: {"key":"DolorousDecay","file":"SPPR610","id":"CLERIC_DOLOROUS_DECAY","level":6,"name":"spell.DolorousDecay.name","keywords":["magicDamage"],"excludeStateChecks":["STATE_POISONED"]}
Checking SPPR411, spell found: {"key":"Poison","file":"SPPR411","id":"CLERIC_POISON","level":4,"name":"spell.Poison.name","keywords":["poison","magicResistance"],"excludeStateChecks":["STATE_POISONED"]}
Checking SPWI818, spell found: {"key":"BigbyIcyGrasp","file":"SPWI818","id":"WIZARD_BIGBYS_ICY_GRASP","level":8,"name":"spell.BigbyIcyGrasp.name","keywords":["cold","hold"],"requiresMod":"AllSpellMods"}
Checking SPPR612, spell found: {"key":"BoltOfGlory","file":"SPPR612","id":"CLERIC_BOLT_OF_GLORY","level":6,"name":"spell.BoltOfGlory.name","keywords":["magicDamage"]}
Checking SPPR503, spell found: {"key":"FlameStrike","file":"SPPR503","id":"CLERIC_FLAME_STRIKE","level":5,"name":"spell.FlameStrike.name","keywords":["fire"]}
Checking SPWI303, spell found: {"key":"FlameArrow","file":"SPWI303","id":"WIZARD_FLAME_ARROW","level":3,"name":"spell.FlameArrow.name","keywords":["fire","missile","flameArrow"]}
Checking SPWI314, spell found: {"key":"VampiricTouch","file":"SPWI314","id":"WIZARD_VAMPIRIC_TOUCH","level":3,"name":"spell.VampiricTouch.name","keywords":["magicDamage","magicResistance","necromancyEffects"],"range":10}
Checking SPWI525, spell found: {"key":"ShroudOfFlame","file":"SPWI525","id":"WIZARD_SHROUD_OF_FLAME","level":5,"name":"spell.ShroudOfFlame.name","keywords":["fire","magicResistance"],"requiresMod":"AllSpellMods","fallback":{"file":"SPWI523","id":"WIZARD_SUN_FIRE","level":5,"name":"spell.Fireburst.name","keywords":["fire","castOnSelf","area"]}}
Checking SPWI231, spell found: {"key":"Combust","file":"SPWI231","id":"WIZARD_COMBUST","level":2,"name":"spell.Combust.name","keywords":["fire","magicResistance"],"range":10,"requiresMod":"AllSpellMods","fallback":{"file":"SPWI217","id":"WIZARD_AGANNAZAR_SCORCHER","level":2,"name":"spell.AgannazarScorcher.name","keywords":["fire","magicResistance"]}}
Checking SPWI118, spell found: {"key":"ChromaticOrb","file":"SPWI118","id":"WIZARD_CHROMATIC_ORB","level":1,"name":"spell.ChromaticOrb.name","keywords":["magicDamage","blind"]}
Checking SPWI211, spell found: {"key":"MelfAcidArrow","file":"SPWI211","id":"WIZARD_MELF_ACID_ARROW","level":2,"name":"spell.MelfAcidArrow.name","keywords":["acid","missile","magicResistance"]}
Checking SPWI431, spell found: {"key":"MordenkainenForceMissiles","file":"SPWI431","id":"WIZARD_MORDENKAINENS_FORCE_MISSILES","level":4,"name":"spell.MordenkainenForceMissiles.name","keywords":["shield","magicDamage","magicResistance","magicMissile"],"requiresMod":"AllSpellMods","fallback":{"file":"SPWI401","id":"WIZARD_CONFUSION","level":4,"name":"spell.Confusion.name","keywords":["confusion","area"]}}
Checking SPWI112, spell found: {"key":"MagicMissiles","file":"SPWI112","id":"WIZARD_MAGIC_MISSILE","level":1,"name":"spell.MagicMissiles.name","keywords":["shield","magicDamage","magicResistance","magicMissile"]}
Checking SPPR302, spell found: {"key":"CallLightning","file":"SPPR302","id":"CLERIC_CALL_LIGHTNING","level":3,"name":"spell.CallLightning.name","keywords":["electrical","magicResistance"]}
Checking SPPR329, spell found: {"key":"CauseDisease","file":"SPPR329","id":"CLERIC_CAUSE_DISEASE","level":3,"name":"spell.CauseDisease.name","keywords":["disease","magicResistance"],"requiresMod":"AllSpellMods","fallback":{"file":"SPPR310","id":"CLERIC_MISCAST_MAGIC","level":3,"name":"spell.MiscastMagic.name","keywords":["miscast","magicResistance"]}}
Checking D5P1329, spell found: {"key":"CauseDisease","file":"D5P1329","level":1,"type":2,"name":"spell.CauseDisease.name"}
Checking B_PR201, spell found: {"key":"Shatter","file":"B_PR201","level":2,"type":2,"name":"spell.Shatter.name"}
Checking SPWI502, spell found: {"key":"Cloudkill","file":"SPWI502","id":"WIZARD_CLOUDKILL","level":5,"name":"spell.Cloudkill.name","keywords":["poison","cloud","area"]}
Checking SPWI615, spell found: {"key":"ChainLightning","file":"SPWI615","id":"WIZARD_CHAIN_LIGHTNING","level":6,"name":"spell.ChainLightning.name","keywords":["electrical","area"]}
Checking SPWI523, spell found: {"key":"Fireburst","file":"SPWI523","id":"WIZARD_SUN_FIRE","level":5,"name":"spell.Fireburst.name","keywords":["fire","castOnSelf","area"]}
Checking SPWI503, spell found: {"key":"ConeOfCold","file":"SPWI503","id":"WIZARD_CONE_OF_COLD","level":5,"name":"spell.coneOfCold.name","keywords":["cold","area"]}
Checking SPPR530, spell found: {"key":"MassCauseLightWounds","file":"SPPR530","id":"CLERIC_MASS_CAUSE_LIGHT_WOUNDS","level":5,"name":"spell.MassCauseLightWounds.name","keywords":["magicDamage","causeWounds","magicResistance","castOnSelf","area"],"requiresMod":"AllSpellMods","fallback":{"file":"SPPR414","id":"CLERIC_CAUSE_SERIOUS_WOUNDS","level":4,"name":"spell.CauseCriticalWounds.name","keywords":["magicDamage","causeWounds","friendly"]}}
Checking SPPR424, spell found: {"key":"CloudOfPestilence","file":"SPPR424","id":"CLERIC_CLOUD_OF_PESTILENCE","level":4,"name":"spell.CloudOfPestilence.name","keywords":["magicDamage","blind","cloud","magicResistance","area"],"requiresMod":"AllSpellMods","fallback":{"file":"SPPR411","id":"CLERIC_POISON","level":4,"name":"spell.Poison.name","keywords":["poison","magicResistance"],"excludeStateChecks":["STATE_POISONED"]}}
Checking D5P1424, spell found: {"key":"CloudOfPestilence","file":"D5P1424","keywords":["area"],"level":5,"type":2,"name":"spell.CloudOfPestilence.name"}
Checking SPWI308, spell found: {"key":"LightningBolt","file":"SPWI308","id":"WIZARD_LIGHTNING_BOLT","level":3,"name":"spell.LightningBolt.name","keywords":["electrical","magicResistance","lightningBolt"]}
Checking SPWI217, spell found: {"key":"AgannazarScorcher","file":"SPWI217","id":"WIZARD_AGANNAZAR_SCORCHER","level":2,"name":"spell.AgannazarScorcher.name","keywords":["fire","magicResistance"]}
Checking SPWI103, spell found: {"key":"BurningHands","file":"SPWI103","id":"WIZARD_BURNING_HANDS","level":1,"name":"spell.BurningHands.name","keywords":["fire","magicResistance","area"],"range":10}
Checking SPWI404, spell found: {"key":"IceStorm","file":"SPWI404","id":"WIZARD_ICE_STORM","level":4,"name":"spell.IceStorm.name","keywords":["cold","area"],"alliesCheck":{"range":15}}
Checking SPWI426, spell found: {"key":"VitriolicSphere","file":"SPWI426","id":"WIZARD_VITRIOLIC_SPHERE","level":4,"name":"spell.VitriolicSphere.name","keywords":["acid","area"],"alliesCheck":{"range":5},"requiresMod":"AllSpellMods"}
Checking SPWI304, spell found: {"key":"Fireball","file":"SPWI304","id":"WIZARD_FIREBALL","level":3,"name":"spell.Fireball.name","keywords":["fire","fireball","area"],"alliesCheck":{"range":15}}
Checking SPWI313, spell found: {"key":"SkullTrap","file":"SPWI313","id":"WIZARD_SKULL_TRAP","level":3,"name":"spell.SkullTrap.name","keywords":["magicDamage","necromancyEffects","area"],"alliesCheck":{"range":8}}
Checking SPPR304, spell found: {"key":"GlyphOfWarding","file":"SPPR304","id":"CLERIC_GLYPH_OF_WARDING","level":3,"name":"spell.GlyphOfWarding.name","keywords":["magicDamage","area"],"alliesCheck":{"range":8}}
Checking SPPR313, spell found: {"key":"HolySmite","file":"SPPR313","id":"CLERIC_HOLY_SMITE","level":3,"name":"spell.HolySmite.name","keywords":["magicDamage","necromancyEffects","area"],"alliesCheck":{"range":10}}
Checking SPPR314, spell found: {"key":"UnholyBlight","file":"SPPR314","id":"CLERIC_UNHOLY_BLIGHT","level":3,"name":"spell.UnholyBlight.name","keywords":["magicDamage","necromancyEffects","area"],"alliesCheck":{"range":10}}
Checking SPWI913, spell found: {"key":"WailOfTheBanshee","file":"SPWI913","id":"WIZARD_WAIL_OF_THE_BANSHEE","level":9,"name":"spell.WailOfTheBanshee.name","keywords":["death","area"]}
Checking SPPR737, spell found: {"key":"Destruction","file":"SPPR737","id":"CLERIC_DESTRUCTION","level":7,"name":"spell.Destruction.name","keywords":["death","magicResistance"],"requiresMod":"AllSpellMods","fallback":{"file":"SPPR719","id":"CLERIC_SYMBOL_DEATH","level":7,"name":"spell.SymbolDeath.name","keywords":["death","area"]}}
Checking SPPR708, spell found: {"key":"FingerOfDeath","file":"SPPR708","id":"CLERIC_FINGER_OF_DEATH","level":7,"name":"spell.FingerOfDeath.name","keywords":["death","magicResistance"]}
Checking SPPR719, spell found: {"key":"SymbolDeath","file":"SPPR719","id":"CLERIC_SYMBOL_DEATH","level":7,"name":"spell.SymbolDeath.name","keywords":["death","area"]}
Checking SPWI817, spell found: {"key":"SymbolDeath","file":"SPWI817","id":"WIZARD_SYMBOL_DEATH","level":8,"name":"spell.SymbolDeath.name","keywords":["area"]}
Checking SPWI912, spell found: {"key":"PowerWordKill","file":"SPWI912","id":"WIZARD_POWER_WORD_KILL","level":9,"name":"spell.PowerWordKill.name","keywords":["death","magicResistance"]}
Checking SPWI604, spell found: {"key":"FleshToStone","file":"SPWI604","id":"WIZARD_FLESH_TO_STONE","level":6,"name":"spell.FleshToStone.name","keywords":["petrify","magicResistance"],"excludeStateChecks":["STATE_STONE_DEATH"]}
Checking SPPR616, spell found: {"key":"Banishment","file":"SPPR616","id":"CLERIC_BANISHMENT","level":6,"name":"spell.Banishment.name","requiresMod":"AllSpellMods","keywords":["area"],"fallback":{"file":"SPPR612","id":"CLERIC_BOLT_OF_GLORY","level":6,"name":"spell.BoltOfGlory.name","keywords":["magicDamage"]}}
Checking SPWI412, spell found: {"key":"GreaterMalison","file":"SPWI412","id":"WIZARD_GREATER_MALISON","keywords":["area"],"level":4,"name":"spell.GreaterMalison.name"}
Checking D5P2412, spell found: {"key":"GreaterMalison","file":"D5P2412","keywords":["area"],"level":4,"type":2,"name":"spell.GreaterMalison.name"}
Checking SPPR714, spell found: {"key":"EnergyDrain","file":"SPPR714","id":"CLERIC_ENERGY_DRAIN","level":7,"name":"spell.EnergyDrain.name","keywords":["levelDrain"],"requiresMod":"AllSpellMods"}
Checking SPPR706, spell found: {"key":"SymbolWeakness","file":"SPPR706","id":"CLERIC_SYMBOL_WEAKNESS","level":7,"name":"spell.SymbolWeakness.name","keywords":["disease","area"],"requiresMod":"AllSpellMods"}
Checking D5P2508, spell found: {"key":"WavesOfFatigue","file":"D5P2508","keywords":["area"],"level":4,"type":2,"name":"spell.WavesOfFatigue.name"}
Checking SPPR320, spell found: {"key":"Contagion","file":"SPPR320","id":"CLERIC_CONTAGION","level":3,"name":"spell.Contagion.name","keywords":["disease","magicResistance"],"requiresMod":"AllSpellMods","fallback":{"file":"SPPR311","id":"CLERIC_RIGID_THINKING","level":3,"name":"spell.RigidThinking.name","keywords":["confusion","magicResistance"]}}
Checking SPWI224, spell found: {"key":"Glitterdust","file":"SPWI224","id":"WIZARD_GLITTERDUST","level":2,"name":"spell.Glitterdust.name"}
Checking SPPR124, spell found: {"key":"Curse","file":"SPPR124","id":"CLERIC_CURSE","level":1,"name":"spell.Curse.name","keywords":["magicResistance","area"],"requiresMod":"AllSpellMods","fallback":{"file":"SPPR102","id":"CLERIC_COMMAND","level":1,"name":"spell.Command.name","keywords":["sleep","magicResistance"]}}
Checking SPPR113, spell found: {"key":"Doom","file":"SPPR113","id":"CLERIC_DOOM","level":1,"name":"spell.Doom.name","keywords":["magicResistance"],"excludeSpellStates":["DOOM"]}
Checking SPPR113, spell found: {"key":"Doom","file":"SPPR113","id":"CLERIC_DOOM","level":1,"name":"spell.Doom.name","keywords":["magicResistance"],"excludeSpellStates":["DOOM"]}
Checking SPPR734, spell found: {"key":"SymbolPain","file":"SPPR734","id":"CLERIC_SYMBOL_PAIN","level":7,"name":"spell.SymbolPain.name","keywords":["magicResistance","area"],"requiresMod":"AllSpellMods"}
Checking SPPR311, spell found: {"key":"RigidThinking","file":"SPPR311","id":"CLERIC_RIGID_THINKING","level":3,"name":"spell.RigidThinking.name","keywords":["confusion","magicResistance"]}
Checking D5P1311, spell found: {"key":"RigidThinking","file":"D5P1311","level":2,"type":2,"name":"spell.RigidThinking.name"}
Checking SPWI715, spell found: {"key":"PowerWordStun","file":"SPWI715","id":"WIZARD_POWER_WORD_STUN","level":7,"name":"spell.PowerWordStun.name","keywords":["stun","magicResistance"]}
Checking SPPR718, spell found: {"key":"SymbolStunning","file":"SPPR718","id":"CLERIC_SYMBOL_STUN","level":7,"name":"spell.SymbolStunning.name","keywords":["stun","area"]}
Checking SPWI213, spell found: {"key":"StinkingCloud","file":"SPWI213","id":"WIZARD_STINKING_CLOUD","level":2,"name":"spell.StinkingCloud.name","keywords":["cloud","area"]}
Checking SPWI411, spell found: {"key":"Emotion","file":"SPWI411","id":"WIZARD_EMOTION_HOPELESSNESS","level":4,"name":"spell.Emotion.name","keywords":["stun","magicResistance","area"]}
Checking D5P2411, spell found: {"key":"Emotion","file":"D5P2411","level":4,"type":2,"name":"spell.Emotion.name"}
Checking SPPR735, spell found: {"key":"SymbolHopelessness","file":"SPPR735","id":"CLERIC_SYMBOL_HOPELESSNESS","level":7,"name":"spell.SymbolHopelessness.name","keywords":["stun","magicResistance","area"],"requiresMod":"AllSpellMods"}
Checking SPWI421, spell found: {"key":"TeleportField","file":"SPWI421","id":"WIZARD_TELEPORT_FIELD","level":4,"name":"spell.TeleportField.name"}
Checking SPWI509, spell found: {"key":"Feeblemind","file":"SPWI509","id":"WIZARD_FEEBLEMIND","level":5,"name":"spell.Feeblemind.name","keywords":["confusion","magicResistance"]}
Checking SPPR717, spell found: {"key":"CreepingDoom","file":"SPPR717","id":"CLERIC_CREEPING_DOOM","level":7,"name":"spell.CreepingDoom.name","keywords":["miscast","insect"]}
Checking SPPR517, spell found: {"key":"InsectPlague","file":"SPPR517","id":"CLERIC_INSECT_PLAGUE","level":5,"name":"spell.InsectPlague.name","keywords":["miscast","insect"]}
Checking SPPR319, spell found: {"key":"SummonInsects","file":"SPPR319","id":"CLERIC_SUMMON_INSECTS","level":3,"name":"spell.SummonInsects.name","keywords":["miscast","insect"]}
Checking SPPR310, spell found: {"key":"MiscastMagic","file":"SPPR310","id":"CLERIC_MISCAST_MAGIC","level":3,"name":"spell.MiscastMagic.name","keywords":["miscast","magicResistance"]}
Checking D5P1310, spell found: {"key":"MiscastMagic","file":"D5P1310","level":2,"type":2,"name":"spell.MiscastMagic.name"}
Checking SPWI228, spell found: {"key":"Darkness15Radius","file":"SPWI228","id":"WIZARD_DARKNESS_15_FOOT","name":"spell.Darkness15Radius.name","level":2,"keywords":["blind","magicResistance","area"],"hiddenIn":"AllSpellMods"}
Checking SPWI106, spell found: {"key":"Blindness","file":"SPWI106","id":"WIZARD_BLINDNESS","level":1,"name":"spell.Blindness.name","keywords":["blind"],"obsoletedBy":"AllSpellMods"}
Checking SPPR211, spell found: {"key":"Silence","file":"SPPR211","id":"CLERIC_SILENCE_15_FOOT","level":2,"name":"spell.Silence.name","keywords":["silence","magicResistance","area"]}
Checking SPPR105, spell found: {"key":"Entangle","file":"SPPR105","id":"CLERIC_ENTANGLE","level":1,"name":"spell.Entangle.name","keywords":["movement","entangle","area"]}
Checking SPWI815, spell found: {"key":"PowerWordBlind","file":"SPWI815","id":"WIZARD_POWER_WORD_BLIND","level":8,"name":"spell.PowerWordBlind.name","keywords":["blind","magicResistance"],"excludeStateChecks":["STATE_BLIND"]}
Checking SPPR704, spell found: {"key":"BlindingBeauty","file":"SPPR704","id":"CLERIC_NATURE_BEAUTY","level":7,"name":"spell.BlindingBeauty.name","keywords":["blind","castOnSelf","illusion","area"],"excludeStateChecks":["STATE_BLIND"]}
Checking SPPR710, spell found: {"key":"HolyWord","file":"SPPR710","id":"CLERIC_HOLY_WORD","level":7,"name":"spell.HolyWord.name","keywords":["death","stun","area"],"excludeStateChecks":["STATE_BLIND"]}
Checking SPPR715, spell found: {"key":"UnholyWord","file":"SPPR715","id":"CLERIC_UNHOLY_WORD","level":7,"name":"spell.UnholyWord.name","keywords":["death","confusion","area"],"excludeStateChecks":["STATE_SLOWED"]}
Checking SPWI312, spell found: {"key":"Slow","file":"SPWI312","id":"WIZARD_SLOW","level":3,"name":"spell.Slow.name","keywords":["slow","movement","area"],"excludeStateChecks":["STATE_SLOWED"]}
Checking SPWI105, spell found: {"key":"ColorSpray","file":"SPWI105","id":"WIZARD_COLOR_SPRAY","level":1,"name":"spell.colorSpray.name","keywords":["blind","slow","confusion","colorSpray","area"],"range":10,"excludeStateChecks":["STATE_BLIND","STATE_SLOWED"]}
Checking B_C201, spell found: {"key":"Forbiddance","file":"B_C201","level":2,"type":2,"name":"spell.Forbiddance.name"}
Checking SPPR505, spell found: {"key":"TrueSeeing","file":"SPPR505","id":"CLERIC_TRUE_SIGHT","level":5,"name":"spell.TrueSeeing.name","keywords":["castOnSelf","friendly"],"excludeStatsChecks":["TRUE_SIGHT"]}
Checking SPWI203, spell found: {"key":"DetectInvisibility","file":"SPWI203","id":"WIZARD_DETECT_INVISIBILITY","level":2,"name":"spell.DetectInvisibility.name","keywords":["castOnSelf","friendly"],"excludeSpellStates":["DETECT_INVISIBILITY"]}
Checking SPIN696, spell found: {"key":"MoonDogSight","file":"SPIN696","name":"spell.MoonDogSight.name","keywords":["magicResistance"],"id":"MOON_DOG_HOWL","level":3,"excludeStatsChecks":["TRUE_SIGHT"]}
Checking SPWI326, spell found: {"key":"DispelMagic","file":"SPWI326","id":"WIZARD_TRUE_DISPEL_MAGIC","keywords":["area"],"level":3,"name":"spell.DispelMagic.name","hiddenIn":"AllSpellMods","excludeStateChecks":["STATE_DISABLED"]}
Checking SPPR303, spell found: {"key":"DispelMagic","file":"SPPR303","id":"CLERIC_DISPEL_MAGIC","level":3,"name":"spell.DispelMagic.name","excludeStateChecks":["STATE_DISABLED"]}
Checking SPWI302, spell found: {"key":"RemoveMagic","file":"SPWI302","id":"WIZARD_REMOVE_MAGIC","level":3,"name":"spell.DispelMagic.name","excludeStateChecks":["STATE_DISABLED"],"keywords":["area"]}
Checking SPWI513, spell found: {"key":"Breach","file":"SPWI513","id":"WIZARD_BREACH","level":5,"name":"spell.Breach.name"}
Checking SPWI321, spell found: {"key":"SpellThrust","file":"SPWI321","id":"WIZARD_SPELL_THRUST","level":3,"name":"spell.SpellThrust.name"}
Checking SPPR104, spell found: {"key":"DetectEvil","file":"SPPR104","id":"CLERIC_DETECT_EVIL","level":1,"name":"spell.DetectEvil.name","keywords":["friendly"]}
Checking SPPR205, spell found: {"key":"FindTraps","file":"SPPR205","id":"CLERIC_FIND_TRAPS","level":2,"name":"spell.FindTraps.name","keywords":["castOnSelf","friendly"]}
Checking SPWI899, spell found: {"key":"SymbolFear","file":"SPWI899","id":"WIZARD_NPC_SYMBOL_FEAR","level":8,"name":"spell.SymbolFear.name","keywords":["fear","area"],"hiddenIn":"AllSpellMods"}
Checking SPWI205, spell found: {"key":"Horror","file":"SPWI205","id":"WIZARD_HORROR","level":2,"name":"spell.Horror.name","keywords":["fear","area"]}
Checking SPWI125, spell found: {"key":"Spook","file":"SPWI125","id":"WIZARD_SPOOK","level":1,"name":"spell.Spook.name","keywords":["fear","magicResistance","illusion"]}
Checking SPPR416, spell found: {"key":"CloakOfFear","file":"SPPR416","id":"CLERIC_CLOAK_OF_FEAR","level":4,"name":"spell.CloakOfFear.name","keywords":["fear","castOnSelf","area"],"range":10}
Checking D5P1416, spell found: {"key":"CloakOfFear","file":"D5P1416","keywords":["area"],"level":3,"type":2,"name":"spell.CloakOfFear.name"}
Checking SPIN891, spell found: {"key":"MoonDogHowl","file":"SPIN891","name":"spell.MoonDogHowl.name","id":"MOON_DOG_FEAR","level":6,"keywords":["fear","magicResistance","castOnSelf","area"]}
Checking SPPR533, spell found: {"key":"WavesOfAgony","file":"SPPR533","id":"CLERIC_WAVES_OF_AGONY","name":"spell.WavesOfAgony.name","keywords":["magicResistance"]}
Checking SPWI215, spell found: {"key":"Web","file":"SPWI215","id":"WIZARD_WEB","level":2,"name":"spell.Web.name","keywords":["hold","movement","web","area"]}
Checking SPWI507, spell found: {"key":"HoldMonster","file":"SPWI507","id":"WIZARD_HOLD_MONSTER","level":5,"name":"spell.HoldMonster.name","keywords":["hold","movement"]}
Checking SPPR305, spell found: {"key":"HoldPersonOrAnimal","file":"SPPR305","id":"CLERIC_HOLD_ANIMAL","level":3,"name":"spell.HoldPersonOrAnimal.name","keywords":["hold"]}
Checking SPPR208, spell found: {"key":"HoldPerson","file":"SPPR208","id":"CLERIC_HOLD_PERSON","level":2,"name":"spell.HoldPerson.name","keywords":["hold"]}
Checking SPWI306, spell found: {"key":"HoldPerson","file":"SPWI306","id":"WIZARD_HOLD_PERSON","level":3,"name":"spell.HoldPerson.name","keywords":["hold","movement"]}
Checking SPWI220, spell found: {"key":"PowerWordSleep","file":"SPWI220","id":"WIZARD_POWER_WORD_SLEEP","level":2,"name":"spell.PowerWordSleep.name","keywords":["sleep","magicResistance"]}
Checking SPPR512, spell found: {"key":"GreaterCommand","file":"SPPR512","id":"CLERIC_GREATER_COMMAND","level":5,"name":"spell.GreaterCommand.name","keywords":["sleep","area"]}
Checking SPWI116, spell found: {"key":"Sleep","file":"SPWI116","id":"WIZARD_SLEEP","level":1,"name":"spell.Sleep.name","keywords":["sleep","magicResistance","area"]}
Checking SPPR102, spell found: {"key":"Command","file":"SPPR102","id":"CLERIC_COMMAND","level":1,"name":"spell.Command.name","keywords":["sleep","magicResistance"]}
Checking SPWI126, spell found: {"key":"DancingLights","file":"SPWI126","id":"WIZARD_DANCING_LIGHTS","name":"spell.DancingLights.name","hiddenIn":"AllSpellMods"}
Checking SPWI806, spell found: {"key":"MonsterSummoning8","file":"SPWI806","id":"WIZARD_MONSTER_SUMMONING_LEVEL_8","level":8,"name":"spell.MonsterSummoning8.name","requiresMod":"AllSpellMods","keywords":["friendly"]}
Checking SPPR703, spell found: {"key":"Gate","file":"SPPR703","id":"CLERIC_GATE","level":7,"name":"spell.Gate.name","duration":"mid","obsoletedBy":"AllSpellMods","keywords":["friendly"]}
Checking SPPR703, spell found: {"key":"Gate","file":"SPPR703","id":"CLERIC_GATE","level":7,"name":"spell.Gate.name","duration":"mid","obsoletedBy":"AllSpellMods","keywords":["friendly"]}
Checking SPPR733, spell found: {"key":"AnimalSummoning7","file":"SPPR733","id":"CLERIC_ANIMAL_SUMMONING_LEVEL_7","level":7,"name":"spell.AnimalSummoning7.name","requiresMod":"AllSpellMods","keywords":["friendly"]}
Checking SPWI706, spell found: {"key":"MonsterSummoning7","file":"SPWI706","id":"WIZARD_MONSTER_SUMMONING_LEVEL_7","level":7,"name":"spell.MonsterSummoning7.name","requiresMod":"AllSpellMods","keywords":["friendly"]}
Checking SPPR619, spell found: {"key":"AnimateSkeletonWarrior","file":"SPPR619","id":"CLERIC_ANIMATE_SKELETON_WARRIOR","level":6,"name":"spell.AnimateSkeletonWarrior.name","duration":"long","requiresMod":"AllSpellMods","keywords":["friendly"],"fallback":{"file":"SPPR601","id":"CLERIC_AERIAL_SERVANT","level":6,"name":"spell.AerialServant.name","duration":"mid","keywords":["friendly"]}}
Checking D5P2632, spell found: {"key":"Shades","file":"D5P2632","level":5,"type":2,"name":"spell.Shades.name"}
Checking SPWI632, spell found: {"key":"Shades","file":"SPWI632","id":"WIZARD_SHADES","level":6,"name":"spell.Shades.name","requiresMod":"AllSpellMods","keywords":["friendly"]}
Checking D5PP422, spell found: {"key":"SummonShadows","file":"D5PP422","level":6,"type":2,"name":"spell.SummonShadows.name"}
Checking SPPR601, spell found: {"key":"AerialServant","file":"SPPR601","id":"CLERIC_AERIAL_SERVANT","level":6,"name":"spell.AerialServant.name","duration":"mid","keywords":["friendly"]}
Checking SPPR602, spell found: {"key":"AnimalSummoning6","file":"SPPR602","id":"CLERIC_ANIMAL_SUMMONING_LEVEL_6","level":6,"name":"spell.AnimalSummoning6.name","requiresMod":"AllSpellMods","keywords":["friendly"]}
Checking SPWI610, spell found: {"key":"MonsterSummoning6","file":"SPWI610","id":"WIZARD_MONSTER_SUMMONING_LEVEL_6","level":6,"name":"spell.MonsterSummoning6.name","requiresMod":"AllSpellMods","keywords":["friendly"]}
Checking SPPR501, spell found: {"key":"AnimalSummoning5","file":"SPPR501","id":"CLERIC_ANIMAL_SUMMONING_LEVEL_5","level":5,"name":"spell.AnimalSummoning5.name","requiresMod":"AllSpellMods","keywords":["friendly"]}
Checking SPWI504, spell found: {"key":"MonsterSummoning5","file":"SPWI504","id":"WIZARD_MONSTER_SUMMONING_LEVEL_5","level":5,"name":"spell.MonsterSummoning5.name","keywords":["friendly"]}
Checking D5P2527, spell found: {"key":"DemiShadowMonsters","file":"D5P2527","level":4,"type":2,"name":"spell.DemiShadowMonsters.name"}
Checking SPWI501, spell found: {"key":"SummonShadow","file":"SPWI501","id":"WIZARD_SUMMON_SHADOW","level":5,"duration":"mid","name":"spell.SummonShadow.name","requiresMod":"AllSpellMods","keywords":["friendly"],"fallback":{"file":"SPWI504","id":"WIZARD_MONSTER_SUMMONING_LEVEL_5","level":5,"name":"spell.MonsterSummoning5.name","keywords":["friendly"]}}
Checking SPPR410, spell found: {"key":"CallWoodlandBeeings","file":"SPPR410","id":"CLERIC_CALL_WOODLAND_BEINGS","level":4,"name":"spell.callWoodlandBeeings.name","keywords":["friendly"]}
Checking SPPR402, spell found: {"key":"AnimalSummoning4","file":"SPPR402","id":"CLERIC_ANIMAL_SUMMONING_LEVEL_4","level":4,"name":"spell.AnimalSummoning4.name","requiresMod":"AllSpellMods","keywords":["friendly"]}
Checking SPWI423, spell found: {"key":"MonsterSummoning4","file":"SPWI423","id":"WIZARD_SPIDER_SPAWN","level":4,"name":"spell.MonsterSummoning4.name","keywords":["friendly"]}
Checking D5P1301, spell found: {"key":"AnimateDead","file":"D5P1301","level":4,"type":2,"name":"spell.AnimateDead.name"}
Checking SPPR301, spell found: {"key":"AnimateDead","file":"SPPR301","id":"CLERIC_ANIMATE_DEAD","level":3,"name":"spell.AnimateDead.name","duration":"long","keywords":["friendly"]}
Checking D5P2433, spell found: {"key":"ShadowMonsters","file":"D5P2433","level":3,"type":2,"name":"spell.ShadowMonsters.name"}
Checking SPWI433, spell found: {"key":"ShadowMonsters","file":"SPWI433","id":"WIZARD_SHADOW_MONSTERS","level":4,"name":"spell.ShadowMonsters.name","duration":"short","requiresMod":"AllSpellMods","keywords":["friendly"],"fallback":{"file":"SPWI423","id":"WIZARD_SPIDER_SPAWN","level":4,"name":"spell.MonsterSummoning4.name","keywords":["friendly"]}}
Checking SPPR321, spell found: {"key":"AnimalSummoning3","file":"SPPR321","id":"CLERIC_ANIMAL_SUMMONING_LEVEL_3","level":3,"name":"spell.AnimalSummoning3.name","requiresMod":"AllSpellMods","keywords":["friendly"]}
Checking SPWI309, spell found: {"key":"MonsterSummoning3","file":"SPWI309","id":"WIZARD_MONSTER_SUMMONING_LEVEL_3","level":3,"name":"spell.MonsterSummoning3.name","keywords":["friendly"],"requiresMod":"AllSpellMods"}
Checking SPPR221, spell found: {"key":"AnimalSummoning2","file":"SPPR221","id":"CLERIC_ANIMAL_SUMMONING_LEVEL_2","level":2,"name":"spell.AnimalSummoning2.name","requiresMod":"AllSpellMods","keywords":["friendly"]}
Checking SPWI226, spell found: {"key":"MonsterSummoning2","file":"SPWI226","id":"WIZARD_MONSTER_SUMMONING_LEVEL_2","level":2,"name":"spell.MonsterSummoning2.name","keywords":["friendly"],"requiresMod":"AllSpellMods"}
Checking SPPR122, spell found: {"key":"AnimalSummoning1","file":"SPPR122","id":"CLERIC_ANIMAL_SUMMONING_LEVEL_1","level":1,"name":"spell.AnimalSummoning1.name","requiresMod":"AllSpellMods","keywords":["friendly"]}
Checking SPWI107, spell found: {"key":"MonsterSummoning1","file":"SPWI107","id":"WIZARD_MONSTER_SUMMONING_LEVEL_1","level":1,"name":"spell.MonsterSummoning1.name","keywords":["friendly"],"requiresMod":"AllSpellMods"}
Checking SPPR608, spell found: {"key":"Harm","file":"SPPR608","id":"CLERIC_HARM","level":6,"name":"spell.Harm.name","keywords":["magicDamage","causeWounds","friendly"]}
Checking SPPR511, spell found: {"key":"SlayLiving","file":"SPPR511","id":"CLERIC_SLAY_LIVING","level":5,"name":"spell.SlayLiving.name","keywords":["death","friendly"]}
Checking SPPR414, spell found: {"key":"CauseCriticalWounds","file":"SPPR414","id":"CLERIC_CAUSE_SERIOUS_WOUNDS","level":4,"name":"spell.CauseCriticalWounds.name","keywords":["magicDamage","causeWounds","friendly"]}
Checking SPPR322, spell found: {"key":"CauseSeriousWounds","file":"SPPR322","id":"CLERIC_CAUSE_MEDIUM_WOUNDS","level":3,"name":"spell.CauseSeriousWounds.name","keywords":["magicDamage","causeWounds","friendly"],"requiresMod":"AllSpellMods","fallback":{"file":"SPPR311","id":"CLERIC_RIGID_THINKING","level":3,"name":"spell.RigidThinking.name","keywords":["confusion","magicResistance"]}}
Checking SPPR213, spell found: {"key":"SpiritualHammer","file":"SPPR213","id":"CLERIC_SPIRITUAL_HAMMER","level":2,"name":"spell.SpiritualHammer.name","keywords":["friendly"]}
Checking SPPR220, spell found: {"key":"CauseModerateWounds","file":"SPPR220","id":"CLERIC_CAUSE_MODERATE_WOUNDS","level":2,"name":"spell.CauseModerateWounds.name","keywords":["magicDamage","causeWounds","friendly"],"requiresMod":"AllSpellMods","fallback":{"file":"SPPR208","id":"CLERIC_HOLD_PERSON","level":2,"name":"spell.HoldPerson.name","keywords":["hold"]}}
Checking SPPR121, spell found: {"key":"CauseLightWounds","file":"SPPR121","id":"CLERIC_CAUSE_LIGHT_WOUNDS","level":1,"name":"spell.CauseLightWounds.name","keywords":["magicDamage","causeWounds","friendly"],"requiresMod":"AllSpellMods","fallback":{"file":"SPPR102","id":"CLERIC_COMMAND","level":1,"name":"spell.Command.name","keywords":["sleep","magicResistance"]}}
Checking SPWI416, spell found: {"key":"PolymorphSelf","file":"SPWI416","id":"WIZARD_POLYMORPH_SELF","level":4,"name":"spell.PolymorphSelf.name","keywords":["castOnSelf","friendly"]}
Checking SPWI496, spell found: {"key":"ShapeshiftMustardJelly","file":"SPWI496","id":"WIZARD_POLYMORPH_MUSTARD_JELLY","level":1,"name":"spell.ShapeshiftMustardJelly.name","keywords":["castOnSelf","friendly"],"hiddenIn":"AllSpellMods"}

Checking spells
---------------

Creating Ankheg family...

Creating Ankheg (1)...
    info: No attack defined, using defaults
    base files: ["L#XZEANS","BPANKHE1","L#NDC2","L#MIMMI","L#XZEANK","OHDRANKH","WIANKHE1","ANKHEG","ANKHEG01","ANKHEGF","ANKHEGG","ANKHEGQ","BDANKH01","BDANKHEG","BDANKHSU","BDNEO"]
    → Level: 8, HD: 10, hit points: 80 (base)  = 80
    base files: ["BDANKH01"]
    → Level: 10, HD: 10, hit points: 100 (base)  = 100
    base files: ["L#MIMMI"]
    → Level: 12, HD: 10, hit points: 120 (base)  = 120
    base files: ["OHDRANKH"]
    → Level: 15, HD: 10, hit points: 150 (base)  = 150
    base files: ["L#NDC2"]
    → Level: 16, HD: 10, hit points: 160 (base)  = 160
    base files: ["L#XZEANS"]
    → Level: 15, HD: 10, hit points: 150 (base)  = 150
    base files: ["L#XZEANK"]
    → Level: 15, HD: 10, hit points: 150 (base)  = 150
    base files: ["BDANKHSU"]
    → undead needs a helmet to cover immunity from critical hits. Adding a helmet to cover it.
    → undead needs a helmet to cover immunity from critical hits. Adding a helmet to cover it.
    → jai0m1 enchant: 2
    → Melee range: 3

Creating Basilisk family...

Creating Lesser Basilisk (2)...
    info: No attack defined, using defaults
    base files: ["L#FOMIST","BASILL","BASILLSU","BASLES01","BPBASL01","PLYBASS","L#NSBAS2"]
    → Level: 6, HD: 10, hit points: 60 (base) +6 (con) +1 (bonus) = 67
    base files: ["BASILLSU"]
    → jai0m2 enchant: 1
    → Melee range: 2

Creating Greater Basilisk (3)...
    poison (1dmg/x seconds) (normal) => 5/25 ==> 3: 5/25 (total=5, diff duration=0)
    adding projectile jas1m3 for spell Foul Breath
    info: No attack defined, using defaults
    base files: ["L#NSSULJ","AC#BASGR","BASGRT01","BASILG","BASILGSU","BASILMUT","BASILNAD","BD302BAS","BPBASG01","L#NSBAS1","ANBASIL"]
    → dual wielding detected
    → setting dual wield: 2 APR +1 offhand
    → Level: 10, HD: 10, hit points: 100 (base) +50 (con)  = 150
    base files: ["L#NSSULJ"]
    → Level: 15, HD: 10, hit points: 150 (base) +75 (con)  = 225
    base files: ["BASILGSU"]
    → jai0m3 enchant: 3
    → Melee range: 2
    → jai1m3 enchant: 3
    → Melee range: 2

Creating Bear family...
    adding projectile jas0f3 for spell Improved stream of frost

Creating Black Bear (4)...
    info: No attack defined, using defaults
    base files: ["BDBEARBL","BEARBL","BEARBL01","BEARBLSU","D9EARBL","GLBEAR2","NBEARBL","PLYBEAR2","RSBEARBL","UBDBEAR","VBEARBL","ESXBEA"]
    → dual wielding detected
    → setting dual wield: 2 APR +1 offhand
    → Level: 3, HD: 8, hit points: 24 (base) +3 (con) +3 (bonus) = 30
    → calculating THAC0 as a level 4 creature
    base files: ["PLYBEAR2"]
    base files: ["BEARBLSU"]
    → Melee range: 2
    → Melee range: 2

Creating Brown Bear (5)...
    info: No attack defined, using defaults
    base files: ["CB595BRB","BDBEARBR","BDBEARBN","BEARBR","BEARBR01","BEARBRSU","D9VBEA9","D9VBEAE","D9VBEAR","D9VBEAT","NBEARBR","PLYBEAR1","VBEARBR"]
    → dual wielding detected
    → setting dual wield: 2 APR +1 offhand
    → Level: 5, HD: 8, hit points: 40 (base) +10 (con) +5 (bonus)+8 (special) = 63
    → calculating THAC0 as a level 6 creature
    base files: ["PLYBEAR1","CB595BRB"]
    base files: ["BDBEARBR"]
    base files: ["BEARBRSU"]
    → jai0m5 enchant: 1
    → Melee range: 2
    → jai1m5 enchant: 1
    → Melee range: 2

Creating Cave Bear (6)...
    info: No attack defined, using defaults
    base files: ["URSA","BD328OSO","BDBEARCA","BEARCA","BEARCA01","BEARCASU","CAVENE","OHDANIM1","TRANIM01","VBEARCA"]
    → dual wielding detected
    → setting dual wield: 2 APR +1 offhand
    → Level: 6, HD: 8, hit points: 48 (base) +12 (con) +6 (bonus)+8 (special) = 74
    → calculating THAC0 as a level 7 creature
    base files: ["BD328OSO"]
    → Level: 8, HD: 8, hit points: 64 (base) +16 (con) +6 (bonus) = 86
    base files: ["BDBEARCA"]
    → Level: 9, HD: 8, hit points: 72 (base) +18 (con) +6 (bonus) = 96
    base files: ["OHDANIM1"]
    base files: ["BEARCASU"]
    base files: ["TRANIM01"]
    → jai0m6 enchant: 2
    → Melee range: 3
    → jai1m6 enchant: 2
    → Melee range: 3

Creating Grizzly Bear (60)...
    info: No attack defined, using defaults
    base files: ["CB595GRB","BDGRIZHU","BEARGR","BEARGRSU","CB585AN2","CB585AN7","OHBMENA3","TREVIL04","C0MBEAR"]
    → dual wielding detected
    → setting dual wield: 2 APR +1 offhand
    → Level: 10, HD: 8, hit points: 80 (base) +50 (con) +10 (bonus)+12 (special) = 152
    → calculating THAC0 as a level 11 creature
    base files: ["BDGRIZHU"]
    base files: ["CB595GRB"]
    base files: ["BEARGRSU"]
    → jai0m60 enchant: 4
    → Melee range: 3
    → jai1m60 enchant: 4
    → Melee range: 3

Creating Polar Bear (7)...
    warning: PolarBear has unvalidated creatures.csv guesses, needs review: SPIRBEAR
    info: No attack defined, using defaults
    base files: ["BEARPO","BEARPO1","BEARPO2","BEARPO3","BEARPOSU","BEARPO01","D9ARPO01","NTBEARPO","OBSICE04","KALDRAN","BDGHBRSU"]
    → dual wielding detected
    → setting dual wield: 2 APR +1 offhand
    → Level: 8, HD: 8, hit points: 64 (base) +16 (con) +8 (bonus)+12 (special) = 100
    → calculating THAC0 as a level 9 creature
    base files: ["BDGHBRSU"]
    → Level: 9, HD: 8, hit points: 72 (base) +18 (con) +8 (bonus) = 98
    base files: ["KALDRAN"]
    → Level: 12, HD: 8, hit points: 96 (base) +24 (con) +8 (bonus) = 128
    base files: ["BEARPO01","D9ARPO01","NTBEARPO","OBSICE04"]
    base files: ["BEARPOSU"]
    base files: ["BDGHBRSU"]
    → jai0m7 enchant: 3
    → Melee range: 3
    → jai1m7 enchant: 3
    → Melee range: 3

Creating Crawler family...

Creating Carrion Crawler (9)...
    info: No behavior defined, using defaults
    base files: ["BDCRAWMU","BDMCARRI","CARRIOSU","CRYPTCRA","BDCCRAW1","BPCRCW01","CARCRA01","CARRIO","OHBMENA6","POLYCARR","SEWCC"]
    → Level: 3, HD: 8, hit points: 24 (base) +6 (con) +1 (bonus) = 31
    base files: ["CRYPTCRA"]
    → Level: 9, HD: 8, hit points: 72 (base) +18 (con) +1 (bonus) = 91
    base files: ["BDCRAWMU"]
    → Level: 7, HD: 8, hit points: 56 (base) +14 (con) +1 (bonus) = 71
    base files: ["CARRIOSU"]
    → Level: 5, HD: 8, hit points: 40 (base) +10 (con) +1 (bonus) = 51
    base files: ["BDCRAWMU"]
    base files: ["CARRIOSU"]
    → Melee range: 2

Creating Cat family...

Creating Cheetah (61)...
    info: No attack defined, using defaults
    base files: ["CATCHE01"]
    → dual wielding detected
    → setting dual wield: 2 APR +1 offhand
    → AC reduced to 7 (was 5) because of dexterity bonus (-2)
    → Level: 3, HD: 8, hit points: 24 (base)  = 24
    → Melee range: 2
    → Melee range: 2
    → Melee range: 2

Creating Giant Lynx (62)...
    info: No attack defined, using defaults
    base files: ["CATLYN01","CB585AN1"]
    → dual wielding detected
    → setting dual wield: 2 APR +1 offhand
    → AC reduced to 10 (was 6) because of dexterity bonus (-4)
    → Level: 2, HD: 8, hit points: 16 (base) +2 (bonus) = 18
    base files: ["CATLYN01","CB585AN1"]
    → Level: 4, HD: 8, hit points: 32 (base) +2 (bonus) = 34
    → Melee range: 2
    → Melee range: 2
    → Melee range: 2

Creating Jaguar (22)...
    info: No attack defined, using defaults
    base files: ["BDHELP04","CATJAG01","CATJAGWP","CATPAN01","CB585AN5","D9CATJ","D9CATT","OHDANIM3","TRANIM03","TREVIL05","JAGUARSU","C6GUEN","C6GUEN2"]
    → dual wielding detected
    → setting dual wield: 2 APR +1 offhand
    → AC reduced to 7 (was 6) because of dexterity bonus (-1)
    → Level: 4, HD: 8, hit points: 32 (base) +1 (bonus) = 33
    base files: ["JAGUARSU"]
    → Level: 5, HD: 8, hit points: 40 (base) +1 (bonus) = 41
    base files: ["C6GUEN","C6GUEN2"]
    → Level: 6, HD: 8, hit points: 48 (base) +1 (bonus) = 49
    base files: ["BDHELP04","CATJAG01","CATJAGWP","CATPAN01","CB585AN5","D9CATJ","D9CATT","OHDANIM3","TRANIM03","TREVIL05"]
    base files: ["BDHELP04"]
    base files: ["CATJAGWP"]
    base files: ["JAGUARSU"]
    base files: ["C6GUEN"]
    → jai0m22 enchant: 1
    → Melee range: 2
    → jai1m22 enchant: 1
    → Melee range: 2
    → jai2m22 enchant: 1
    → Melee range: 2

Creating Leopard (24)...
    info: No attack defined, using defaults
    base files: ["CATJAGSU","CATLEO01","OHRLEOP","WAUKLEO"]
    → dual wielding detected
    → setting dual wield: 2 APR +1 offhand
    → AC reduced to 10 (was 6) because of dexterity bonus (-4)
    → Level: 3, HD: 8, hit points: 24 (base) +3 (con) +2 (bonus) = 29
    base files: ["CATJAGSU"]
    → Melee range: 2
    → Melee range: 2
    → Melee range: 2

Creating Lion (a)...
    info: No attack defined, using defaults
    base files: ["COPLION","BDHELP02","CATLIO01","CATLIOSU"]
    → dual wielding detected
    → setting dual wield: 2 APR +1 offhand
    → AC reduced to 6 (was 5) because of dexterity bonus (-1)
    → Level: 5, HD: 8, hit points: 40 (base) +2 (bonus) = 42
    base files: ["BDHELP02"]
    base files: ["CATLIOSU"]
    → jai0ma enchant: 1
    → Melee range: 2
    → jai1ma enchant: 1
    → Melee range: 2
    → jai2ma enchant: 1
    → Melee range: 2

Creating Mountain Lion (b)...
    info: No attack defined, using defaults
    base files: ["ANLION1","CATLIM01","OHBMENA4"]
    → dual wielding detected
    → setting dual wield: 2 APR +1 offhand
    → AC reduced to 7 (was 6) because of dexterity bonus (-1)
    → Level: 3, HD: 8, hit points: 24 (base) +1 (bonus) = 25
    base files: ["ANLION1"]
    → Level: 15, HD: 8, hit points: 120 (base) +1 (bonus) = 121
    → Melee range: 2
    → Melee range: 2
    → Melee range: 2

Creating Spotted Lion (64)...
    info: No attack defined, using defaults
    base files: ["CATLIS01","D9CAT","D9CAX","CATLIOWP"]
    → dual wielding detected
    → setting dual wield: 2 APR +1 offhand
    → Level: 6, HD: 8, hit points: 48 (base) +18 (con) +2 (bonus) = 68
    base files: ["CATLIOWP"]
    → Level: 9, HD: 8, hit points: 72 (base) +27 (con) +2 (bonus) = 101
    base files: ["CATLIOWP"]
    → jai0m64 enchant: 2
    → Melee range: 2
    → jai1m64 enchant: 2
    → Melee range: 2
    → jai2m64 enchant: 2
    → Melee range: 2

Creating Wild Tiger (23)...
    info: No attack defined, using defaults
    base files: ["CATTIG01"]
    → dual wielding detected
    → setting dual wield: 2 APR +1 offhand
    → AC reduced to 7 (was 6) because of dexterity bonus (-1)
    → Level: 5, HD: 8, hit points: 40 (base) +5 (bonus) = 45
    → calculating THAC0 as a level 6 creature
    → jai0m23 enchant: 1
    → Melee range: 2
    → jai1m23 enchant: 1
    → Melee range: 2
    → jai2m23 enchant: 1
    → Melee range: 2

Creating Hellcat (25)...
    info: No attack defined, using defaults
    info: No behavior defined, using defaults
    base files: ["BDHELCAT"]
    → dual wielding detected
    → setting dual wield: 2 APR +1 offhand
    → AC reduced to 10 (was 5) because of dexterity bonus (-5)
    → Level: 7, HD: 8, hit points: 56 (base) +35 (con) +2 (bonus) = 93
    → jai1m25 enchant: 2
    → Melee range: 2
    → jai2m25 enchant: 2
    → Melee range: 2

Creating Displacer Beast (26)...
    autogenerate: {"thac0":true,"hitPoints":true,"enchantment":true,"meleeRange":true,"savingThrows":{"level":12,"classe":"FIGHTER","bonus":{"saveDeath":2,"saveBreath":2,"savePolymorph":2,"saveSpell":2,"saveWand":2}}}
    info: No attack defined, using defaults
    info: No behavior defined, using defaults
    base files: ["JY_00DB","BDDISPBP","BDDISPBE","JY_00DB1"]
    → AC reduced to 7 (was 6) because of dexterity bonus (-1)
    → Level: 6, HD: 8, hit points: 48 (base) +12 (con)  = 60
    base files: ["BDDISPBP"]
    → Level: 9, HD: 8, hit points: 72 (base) +45 (con)  = 117
    base files: ["JY_00DB1"]
    → Level: 12, HD: 8, hit points: 96 (base) +24 (con)  = 120
    base files: ["JY_00DB"]
    → Level: 14, HD: 8, hit points: 112 (base) +28 (con)  = 140
    → jai1m26 enchant: 1

Creating Construct family...

Creating Helmed Horror (f)...
    info: No attack defined, using defaults
    base files: ["GLOWTEST","HELMHO"]
    → Level: 4, HD: 10, hit points: 40 (base) +20 (size) = 60
    → calculating THAC0 as a level 5 creature

Creating Battle Horror (8) from Helmed Horror...
    base files: ["CD51GHO","BATTHO","DW#DAVHO"]
    → Level: 8, HD: 10, hit points: 80 (base) +20 (size) = 100
    → calculating THAC0 as a level 9 creature
    → skipping construct (jai2) because it is already equipped

Creating Doom Sayer (42) from Battle Horror...
    base files: ["DOOMSA"]
    → Level: 8, HD: 10, hit points: 80 (base) +20 (size) = 100
    → calculating THAC0 as a level 9 creature
    → skipping construct (jai2) because it is already equipped

Creating Doom Guard (10)...
    info: No attack defined, using defaults
    base files: ["WIPINATA","DOOMDUR","DOOMGU"]
    → Level: 5, HD: 10, hit points: 50 (base) +20 (size) = 70
    base files: ["DOOMDUR"]
    → Level: 8, HD: 10, hit points: 80 (base) +20 (size) = 100
    base files: ["WIPINATA"]
    → Level: 8, HD: 10, hit points: 80 (base) +20 (size) = 100
    base files: ["WIPINATA"]

Creating Dog family...

Creating Wild Dog (c)...
    info: No attack defined, using defaults
    base files: ["A#FERA01","BDBDOG","BDDEADOG","CB585AN4","CB585AN6","DOGWI","DOGWIL01","DOGWISU","FAMDOG","OHRDOG","UDDOG","KPDOG04","KPDOG01","KPDOG03","KPDOG02","BDDOGW01","BDCRUDOG","BDDOG","NDOG"]
    → AC reduced to 10 (was 7) because of dexterity bonus (-3)
    → Level: 1, HD: 8, hit points: 8 (base) +1 (con) +1 (bonus) = 10
    base files: ["BDDOG"]
    base files: ["BDDEADOG"]
    base files: ["DOGWISU"]
    → Level: 3, HD: 8, hit points: 24 (base) +3 (con) +1 (bonus) = 28
    base files: ["A#FERA01"]
    base files: ["DOGWISU"]
    → Melee range: 2

Creating War Dog (d)...
    info: No attack defined, using defaults
    base files: ["DOGWA","DOGWAR01","DOGWASU","FAMWAR","FSDOG","GPDOG1","L#2EDDOG","NTPOOCH","L#NIDOG","UBNIMDOG","BDPRISD1","BDPRISD2","D0FUNDOG","DADOG","L#ASGUD"]
    → AC reduced to 9 (was 6) because of dexterity bonus (-3)
    → Level: 2, HD: 8, hit points: 16 (base) +2 (con) +2 (bonus) = 20
    base files: ["UBNIMDOG","L#NIDOG"]
    base files: ["FSDOG","L#2EDDOG"]
    → Level: 3, HD: 8, hit points: 24 (base) +3 (con) +2 (bonus) = 29
    base files: ["GPDOG1"]
    → Level: 4, HD: 8, hit points: 32 (base) +4 (con) +2 (bonus) = 38
    base files: ["L#NIDOG"]
    base files: ["DOGWASU"]
    → Melee range: 2

Creating Blink Dog (e)...
    info: No attack defined, using defaults
    base files: ["DOGBLINK"]
    → AC reduced to 8 (was 5) because of dexterity bonus (-3)
    → Level: 4, HD: 10, hit points: 40 (base) +4 (con)  = 44
    → Melee range: 2

Creating Spectral Hound (27)...
    info: No attack defined, using defaults
    info: No behavior defined, using defaults
    base files: ["DOGWAWP"]
    → AC reduced to 0 (was -1) because of dexterity bonus (-1)
    → Level: 5, HD: 8, hit points: 40 (base)  = 40
    base files: ["DOGWAWP"]
    → jai0m27 enchant: 1
    → Melee range: 2

Creating Moon Dog (7a)...
    autogenerate: {"thac0":true,"hitPoints":true,"enchantment":true,"meleeRange":true,"savingThrows":{"bonus":{"saveBreath":2,"saveDeath":2,"savePolymorph":2,"saveSpell":2,"saveWand":2}}}
    info: No attack defined, using defaults
    info: No behavior defined, using defaults
    base files: ["MOONDOG","OHDCDAWG","TELDOG"]
    → AC reduced to 1 (was 0) because of dexterity bonus (-1)
    → Level: 9, HD: 8, hit points: 72 (base) +18 (con) +3 (bonus) = 93
    → calculating THAC0 as a level 10 creature
    base files: ["MOONDOG"]
    → jai0m7a enchant: 3
    → Melee range: 2
    warning: OHDCDAWG (bg2) : level gap (csv 12 / def 9)
    warning: TELDOG (bg2) : level gap (csv 12 / def 9)

Creating Hell Hound (7b)...
    info: No attack defined, using defaults
    base files: ["HELLHO01","OBSFIR05"]
    → Level: 4, HD: 8, hit points: 32 (base)  = 32
    base files: ["HELLHO01","OBSFIR05"]
    → Level: 7, HD: 8, hit points: 56 (base)  = 56
    → Melee range: 2

Creating Elemental family...

Creating Ettercap family...

Creating Ettercap (45)...
    poison (1dmg/x seconds) (save) => 20/27 ==> 3: 1/27 (total=27, diff duration=0)
    info: No behavior defined, using defaults
    base files: ["DUPLICA2","DUPLICA4","DUPLICA5","ETTER01","ETTERC","ETTERC1","ETTERCSU"]
    → dual wielding detected
    → setting dual wield: 2 APR +1 offhand
    → AC reduced to 7 (was 6) because of dexterity bonus (-1)
    → Level: 5, HD: 8, hit points: 40 (base)  = 40
    base files: ["ETTERCSU"]
    → jai0m45 enchant: 1
    → Melee range: 2
    → jai1m45 enchant: 1
    → Melee range: 2

Creating Ettin family...

Creating Ettin (5e)...
    info: No attack defined, using defaults
    base files: ["D0QPSY10","BDETTIN","OHNETTIN","PETTIN","PLSHFG01","PLSHFG02","SAHOTY01"]
    → dual wielding detected
    → setting dual wield: 1 APR +1 offhand
    → Level: 10, HD: 8, hit points: 80 (base) +30 (con)  = 110
    base files: ["PLSHFG01","PLSHFG02","SAHOTY01","D0QPSY10"]
    → Level: 12, HD: 8, hit points: 96 (base) +36 (con)  = 132
    base files: ["BDETTIN"]
    → incorporeal needs a helmet to cover immunity from critical hits. Adding a helmet to cover it.
    → jai0m5e enchant: 3
    → Melee range: 5
    → jai1m5e enchant: 3
    → Melee range: 5

Creating Fey family...
    adding effect file jas2f8 for spell monster.fey.ability.dryadDireCharm
    adding projectile jas4f8 for spell Entangle
    adding effect file jas4f8 for spell monster.fey.ability.entangle.name
    adding effect file jas5f8 for spell monster.fey.ability.animalFriendship.name
    adding effect file jas9f8 for spell monster.fey.ability.charmSong.name

Creating Dryad (29)...
    info: No attack defined, using defaults
    base files: ["L#APEST","OHDYARR","OHDWNTRB","IDRYAD01","NTTAMAEL","SUDRYAD","NTPAULIA","VA#PANDA","NTMILEA","NTLUCRET","H_KATREC","NTESSILA","IDRYAD03","DRYAD02","DRYAD03","DRYAD","DRY01","RE_DRYAD","IDRYAD02","NTASSAIA","NTARCHAN","JADRYAD"]
    → Level: 2, HD: 6, hit points: 12 (base)  = 12
    base files: ["JADRYAD"]
    base files: ["DRYAD","L#APEST"]
    base files: ["SUDRYAD","OHDYARR"]
    → Level: 5, HD: 6, hit points: 30 (base)  = 30
    base files: ["OHDWNTRB","OHDYARR"]
    → Level: 8, HD: 6, hit points: 48 (base)  = 48
    base files: ["VA#PANDA"]
    → Level: 10, HD: 6, hit points: 60 (base)  = 60

Creating Hamadryad (2a)...
    info: No attack defined, using defaults
    base files: ["VAELASA","BDHAMADR","DRYADHA","HAMASU","WQXHAMA","WIDRYAD1","WIDRYAD2","BDHAMADC","JAHAMA"]
    → AC reduced to 10 (was 6) because of dexterity bonus (-4)
    → Level: 4, HD: 6, hit points: 24 (base)  = 24
    base files: ["JAHAMA"]
    base files: ["WIDRYAD1","WIDRYAD2"]
    → Level: 8, HD: 6, hit points: 48 (base)  = 48
    base files: ["WQXHAMA"]
    → Level: 12, HD: 6, hit points: 72 (base)  = 72
    base files: ["VAELASA"]
    → Level: 10, HD: 6, hit points: 60 (base)  = 60
    base files: ["BDHAMADC"]
    base files: ["HAMASU"]

Creating Nymph (2c)...
    base files: ["BDNYMP01","DVNYMPH","HGNYMPH","NYMPHSU","OHDNYMPH","WQXNYM","BDNYMP02","ABELA"]
    → AC reduced to 10 (was 7) because of dexterity bonus (-3)
    → Level: 3, HD: 6, hit points: 18 (base)  = 18
    → Level: 3, class: DRUID, saving throws table: priest, {"levels":[1,3],"saveDeath":10,"saveWand":14,"savePolymorph":13,"saveBreath":16,"saveSpell":15}
    base files: ["BDNYMP02"]
    base files: ["ABELA"]
    base files: ["OHDNYMPH"]
    → Level: 4, HD: 6, hit points: 24 (base)  = 24
    → Level: 4, class: DRUID, saving throws table: priest, {"levels":[4,6],"saveDeath":9,"saveWand":13,"savePolymorph":12,"saveBreath":15,"saveSpell":14}
    base files: ["DVNYMPH"]
    base files: ["NYMPHSU"]

Creating Sirine (2b)...
    autogenerate: {"thac0":true,"hitPoints":true,"enchantment":true,"meleeRange":true,"savingThrows":{"level":11,"classe":"MAGE","bonus":{"saveDeath":2}}}
    base files: ["AC#DT20S","ISLSIR","AC#DT01S","AC#DT02S","AC#DT21S","AC#DT2BS","J#SIRIN1","J#SIRIN2","L#NDC1","NTSILUA","NTSIRIN2","NTSIRIN4","SIRINE","SIRINE_A","SIRINE_B","SIRINE01","SIRINE02","SIL","MEIALA","LARRIA","CBLNIGHT","NTSIRINE","CD41SHA","AC#DT30S","L#ASSIR"]
    → AC reduced to 7 (was 3) because of dexterity bonus (-4)
    → Level: 5, HD: 6, hit points: 30 (base)  = 30
    → Level: 11, class: MAGE, saving throws table: wizard, {"levels":[11,15],"saveDeath":11,"saveWand":7,"savePolymorph":9,"saveBreath":11,"saveSpell":8}
    base files: ["SIL"]
    → Level: 7, HD: 6, hit points: 42 (base)  = 42
    → Level: 11, class: MAGE, saving throws table: wizard, {"levels":[11,15],"saveDeath":11,"saveWand":7,"savePolymorph":9,"saveBreath":11,"saveSpell":8}
    base files: ["AC#DT20S"]
    → Level: 11, HD: 6, hit points: 66 (base)  = 66
    → Level: 11, class: MAGE, saving throws table: wizard, {"levels":[11,15],"saveDeath":11,"saveWand":7,"savePolymorph":9,"saveBreath":11,"saveSpell":8}
    base files: ["ISLSIR","MEIALA","CBLNIGHT"]
    → Level: 11, HD: 6, hit points: 66 (base)  = 66
    → Level: 11, class: MAGE, saving throws table: wizard, {"levels":[11,15],"saveDeath":11,"saveWand":7,"savePolymorph":9,"saveBreath":11,"saveSpell":8}
    base files: ["AC#DT30S"]
    warning: Sirine: ability references spell 'jascf8' (Touch of Tranquility) which isn't memorized anywhere.
    warning: Sirine: ability references spell 'SPWI495' which isn't memorized anywhere.
    warning: Sirine: ability references spell 'SPWI496' (Shapeshift: Mustard Jelly) which isn't memorized anywhere.
    warning: Sirine: ability references spell 'DW-PSOM' which isn't memorized anywhere.
    warning: Sirine: ability references spell 'DW-PSHG' which isn't memorized anywhere.
    warning: Sirine: ability references spell 'DW-PSHH' which isn't memorized anywhere.
    warning: Sirine: ability references spell 'SPWI493' which isn't memorized anywhere.
    warning: Sirine: ability references spell 'SPWI494' which isn't memorized anywhere.
    warning: Sirine: ability references spell 'SPWI497' which isn't memorized anywhere.
    warning: Sirine: ability references spell 'SPWI490' which isn't memorized anywhere.
    → jai1m2b enchant: 1
    → Melee range: 2

Creating Nereid (72)...
    adding effect file jas1m72 for spell monster.fey.ability.beguilingAura.name
    base files: ["SHOAL","BDNEREID","BDPWATER","ANSIRENE","RE_MEKRN"]
    → AC reduced to 10 (was 10) because of dexterity bonus (-3)
    → Level: 4, HD: 6, hit points: 24 (base)  = 24
    base files: ["BDPWATER"]
    → Level: 9, HD: 6, hit points: 54 (base)  = 54
    base files: ["RE_MEKRN"]
    → Level: 5, HD: 6, hit points: 30 (base)  = 30

Creating Golem family...

Creating Flesh Golem (17)...
    info: No attack defined, using defaults
    base files: ["IGOLFLE1","IGOLFLE2","IGOLFLE3","IGOLFLE4","L#XZEGOL","ARNGOL01","BPGOFL01","D9LFLE01","D9LFLE0X","FGOLEM","GOLEMF","GOLEMF2","GOLFLE01","KPGOL01","KPGOL06","TOMEGOL1","XGOLEM","XGOLEM1","BDGOLEMF"]
    → Level: 9, HD: 10, hit points: 90 (base) +36 (con) +30 (size) = 156
    base files: ["ARNGOL01","IGOLFLE1","IGOLFLE2","IGOLFLE3","IGOLFLE4","BDGOLEMF"]
    base files: ["TOMEGOL1"]
    → construct needs a helmet to cover immunity from critical hits. Adding a helmet to cover it.
    → jai1m17 enchant: 3
    → Melee range: 3

Creating Clay Golem (18)...
    info: No attack defined, using defaults
    base files: ["IGOLEM01","D9LSAN01","GOLSAN01","IGOLEM02","OBSGOL01","CSGOLEM","L#NIGOL","AC#FPCLG","BPCLAY","CLGOL01","D9LCLA01","GOLCLA01","GOLEM01","KPGOL02","O#WIZGO1","O#WIZGO2","OHBGOL02","PPIRON","RR#STGOL","TOMEGOL2","WICLAYGO"]
    → Level: 11, HD: 10, hit points: 110 (base) +44 (con) +30 (size) = 184
    base files: ["OBSGOL01","IGOLEM01"]
    base files: ["TOMEGOL2"]
    → construct needs a helmet to cover immunity from critical hits. Adding a helmet to cover it.
    → jai1m18 enchant: 4
    → Melee range: 3

Creating Lesser Clay Golem (6d) from Clay Golem...
    warning: Override existing trait: jai0m18
    base files: ["AC#FPCLY","OHBGOL03"]
    → Level: 9, HD: 10, hit points: 90 (base) +36 (con) +30 (size) = 156
    base files: ["AC#FPCLY"]
    → skipping construct (jai2) because it is already equipped
    → skipping criticalHit (jai3) because slot HELMET is already assigned

Creating Greater Clay Golem (6e) from Clay Golem...
    warning: Override existing trait: jai0m18
    base files: ["OHBGOL01"]
    → Level: 14, HD: 10, hit points: 140 (base) +56 (con) +30 (size) = 226
    base files: ["OHBGOL01"]
    → Level: 26, HD: 10, hit points: 260 (base) +104 (con) +30 (size) = 394
    → skipping construct (jai2) because it is already equipped
    → skipping criticalHit (jai3) because slot HELMET is already assigned

Creating Stone Golem (19)...
    info: No attack defined, using defaults
    base files: ["BDGOLSTO","BDMENGO","D9LSTO01","DSTONE1","DW#DRCTG","GOLSTO01","JUGJUG01","KPGOL03","KPGOL05","NTGOLSTO","STGOL01","TOMEGOL3","UDDOOR07","WISTOGOL"]
    → Level: 14, HD: 10, hit points: 140 (base) +70 (con) +30 (size) = 240
    base files: ["BDMENGO"]
    base files: ["TOMEGOL3"]
    → construct needs a helmet to cover immunity from critical hits. Adding a helmet to cover it.
    → jai1m19 enchant: 4
    → Melee range: 3

Creating Lesser Stone Golem (6f) from Stone Golem...
    base files: ["UGHH","BDPETSG","BDPETSG2","BDPETSGS","ARGHH"]
    → Level: 10, HD: 10, hit points: 100 (base) +50 (con) +30 (size) = 180
    base files: ["ARGHH","UGHH"]
    → Level: 14, HD: 10, hit points: 140 (base) +70 (con) +30 (size) = 240
    base files: ["BDPETSGS"]
    → skipping construct (jai2) because it is already equipped
    → skipping criticalHit (jai3) because slot HELMET is already assigned

Creating Iron Golem (1a)...
    adding projectile jas0m1a for spell Cloud Of Poisonous Gas
    adding effect file jas0m1a for spell monster.golem.ability.cloudOfPoisonousGas.name
    info: No attack defined, using defaults
    base files: ["CBGORGRE","D9LIRO01","DW#VIGOL","GOLIRO01","GOLIROXT","GOLIROXX","KPGOL04","SHIRON","CBGORGRD","GORGRD01","GORGRD02","L#GOLIR","OHBBANNO"]
    → Level: 18, HD: 10, hit points: 180 (base) +90 (con) +30 (size) = 300
    base files: ["OHBBANNO"]
    → Level: 30, HD: 10, hit points: 300 (base) +150 (con) +30 (size) = 480
    → construct needs a helmet to cover immunity from critical hits. Adding a helmet to cover it.
    → jai1m1a enchant: 4
    → Melee range: 3
    warning: DW#VIGOL (bg2) : scripts (overrideScript=dw#vilat)

Creating Bone Golem (1b)...
    info: No attack defined, using defaults
    base files: ["OHBGOLB1","ICBONE01","NTGOLBON"]
    → Level: 14, HD: 10, hit points: 140 (base) +28 (con) +20 (size) = 188
    base files: ["OHBGOLB1"]
    → Level: 25, HD: 10, hit points: 250 (base) +50 (con) +20 (size) = 320
    → construct needs a helmet to cover immunity from critical hits. Adding a helmet to cover it.
    → jai1m1b enchant: 4
    → Melee range: 2

Creating Juggernaut Golem (21)...
    replacing item in slot WEAPON1
    info: No attack defined, using defaults
    base files: ["D9LJUG01","GOLJUG01","TOMEGOL4"]
    → Level: 18, HD: 10, hit points: 180 (base) +90 (con) +30 (size) = 300
    base files: ["TOMEGOL4"]
    → construct needs a helmet to cover immunity from critical hits. Adding a helmet to cover it.
    → jai1m21 enchant: 4
    → Melee range: 3
    → jai2m21 enchant: 4
    → Melee range: 3

Creating Snow Golem (43)...
    info: No attack defined, using defaults
    base files: ["WQXGOL","UBSNOGOL","D9LICE01","GOLICE01","GORGOLI"]
    → Level: 12, HD: 10, hit points: 120 (base) +30 (size) = 150
    base files: ["D9LICE01","GOLICE01","WQXGOL"]
    → Level: 20, HD: 10, hit points: 200 (base) +30 (size) = 230
    base files: ["GORGOLI"]
    → Level: 18, HD: 10, hit points: 180 (base) +30 (size) = 210
    → construct needs a helmet to cover immunity from critical hits. Adding a helmet to cover it.
    → jai1m43 enchant: 4
    → Melee range: 3

Creating Magic Golem (6a)...
    info: No attack defined, using defaults
    base files: ["GOLMAG01","O#LLARG1","O#LLARG2","O#LLARG3"]
    → Level: 8, HD: 10, hit points: 80 (base) +40 (con) +30 (size) = 150
    → construct needs a helmet to cover immunity from critical hits. Adding a helmet to cover it.
    → jai1m6a enchant: 2

Creating Adamantite Golem (67)...
    warning: AdamantiteGolem has unvalidated creatures.csv guesses, needs review: D9LKILL2 (bg2), GOLADA01 (bg2), GOLKILL2 (bg2), GORDECKB (bg2)
    warning: No files defined
    info: No attack defined, using defaults
    base files: []
    → Level: 18, HD: 10, hit points: 180 (base) +126 (con) +30 (size) = 336
    → construct needs a helmet to cover immunity from critical hits. Adding a helmet to cover it.
    → jai1m67 enchant: 4
    → Melee range: 3
    warning: Adamantite Golem is not valid, please fix it !

Creating Wax Golem (69)...
    info: No attack defined, using defaults
    base files: ["L#RVGOLE"]
    → Level: 8, HD: 10, hit points: 80 (base) +32 (con) +20 (size) = 132
    → construct needs a helmet to cover immunity from critical hits. Adding a helmet to cover it.
    → jai1m69 enchant: 2
    → Melee range: 2

Creating Minotaur family...

Creating Minotaur (44)...
    info: No attack defined, using defaults
    base files: ["D0QPSY09","ROCK","GROMMIN","AC#W#MI1","AC#W4CM1","AC#W4CM2","AC#W4CM3","AC#W4CM4","AMMINOT","DW#SPHMI","ICMIN01","L#MCMIN","L#NWOERX","OHBMIN01","OHBMINSU","UHOGRE03","VA#MINOT","HLMAFER","OHNGHALL","GAROCK","SLANDOR"]
    → Level: 6, HD: 8, hit points: 48 (base) +12 (con) +3 (bonus) = 63
    → calculating THAC0 as a level 7 creature
    base files: ["GAROCK","HLMAFER","OHBMIN01","OHBMINSU","OHNGHALL","SLANDOR"]
    → Level: 8, HD: 8, hit points: 64 (base) +16 (con) +4 (bonus) = 84
    → calculating THAC0 as a level 9 creature
    base files: ["OHBMIN01","OHBMINSU","OHNGHALL","HLMAFER","GAROCK","ROCK"]
    info: adding Barbarian Rage (x2) to memorized spells
    info: adding Barbarian Rage to abilities
    → movement increased to 12 (barbarian): 
    base files: ["OHBMIN01"]
    info: adding Barbarian Rage (x1) to memorized spells
    → Level: 11, HD: 8, hit points: 88 (base) +22 (con) +3 (bonus) = 113
    base files: ["OHBMINSU"]
    info: adding Barbarian Rage (x2) to memorized spells
    → Level: 13, HD: 8, hit points: 104 (base) +26 (con) +3 (bonus) = 133
    base files: ["OHNGHALL"]
    info: adding Barbarian Rage (x2) to memorized spells
    → Level: 14, HD: 8, hit points: 112 (base) +28 (con) +3 (bonus) = 143
    base files: ["GROMMIN"]
    → Level: 16, HD: 8, hit points: 128 (base) +3 (bonus) = 131
    → Level: 16, class: CLERIC, saving throws table: priest, {"levels":[16,18],"saveDeath":4,"saveWand":8,"savePolymorph":7,"saveBreath":10,"saveSpell":9}
    base files: ["HLMAFER"]
    info: adding Barbarian Rage (x3) to memorized spells
    → Level: 17, HD: 8, hit points: 136 (base) +34 (con) +3 (bonus) = 173
    base files: ["GAROCK","ROCK"]
    info: adding Barbarian Rage (x3) to memorized spells
    → Level: 20, HD: 8, hit points: 160 (base) +40 (con) +3 (bonus) = 203
    base files: ["SLANDOR"]
    → Level: 20, HD: 8, hit points: 160 (base) +40 (con) +3 (bonus) = 203
    base files: ["OHBMINSU","AMMINOT","SLANDOR"]
    base files: ["OHBMINSU"]
    → jai1m44 enchant: 2
    → Melee range: 3
    → jai2m44 enchant: 2
    → Melee range: 3

Creating Ogre family...

Creating Ogre (1e)...
    base files: ["AC#WRIM1","NTWELT","WELT","ACQ13002","AC#FP2OT","SHTHASS3","OOPAH","OOPAH2","D0QPSY05","SEWERF4","BDCCOGR1","WIOGRE01","AC#FP2O1","AC#FP2O2","BDOGRE01","BDOGRE1D","BDOGREF","BDOGREM","BDSOGR1","BDSOGR2","BOGRE1","BPOGRE01","BSOGRED","MUGGER4","OGRE","OGRE_A","OGRE_B","OGRE_C","OGRE_D","OGRE_E","OGRE01","OGRE02","OGRE03","OGRE04","OGRE05","OGRECO","OGRED","OGRES","OGRESU","OGREUNSH","OHNOGREB","PLYOGRE","UDOGRE","UHOGRE02","X3HOGRE","X3HOGRE2","X3HOGRED","LARZE","HACK","WIOGRE02","GORF","CBELHOE","BDOCK1","BDOCK2","NTOGREDA","X#CRU11","X#CHOP","AC#FPOG4"]
    → Level: 4, HD: 8, hit points: 32 (base) +8 (con) +1 (bonus) = 41
    base files: ["X3HOGRE","X3HOGRE2","X3HOGRED"]
    base files: ["OOPAH","WELT"]
    base files: ["OOPAH","OOPAH2"]
    → Level: 5, HD: 8, hit points: 40 (base) +10 (con) +1 (bonus) = 51
    base files: ["AC#FP2OT"]
    base files: ["UHOGRE02"]
    base files: ["SEWERF4","BDOGREM","NTOGREDA","BOGRE1","OHNOGREB"]
    → Level: 7, HD: 8, hit points: 56 (base) +14 (con) +1 (bonus) = 71
    base files: ["NTOGREDA"]
    → Level: 7, HD: 8, hit points: 56 (base) +1 (bonus) = 57
    base files: ["AC#WRIM1","AC#FP2O1","BDSOGR1","BDSOGR2","ACQ13002","HACK","LARZE","GORF","UDOGRE","CBELHOE","WIOGRE02","SHTHASS3","BDCCOGR1"]
    → Level: 7, HD: 8, hit points: 56 (base) +14 (con) +4 (bonus) = 74
    → calculating THAC0 as a level 8 creature
    base files: ["GORF"]
    → Level: 9, HD: 8, hit points: 72 (base) +4 (bonus) = 76
    → calculating THAC0 as a level 10 creature
    base files: ["BDSOGR1","BDSOGR2"]
    → Level: 7, HD: 8, hit points: 56 (base) +4 (bonus) = 60
    → calculating THAC0 as a level 8 creature
    base files: ["SHTHASS3"]
    → Level: 8, HD: 8, hit points: 64 (base) +16 (con) +4 (bonus) = 84
    → calculating THAC0 as a level 9 creature
    base files: ["AC#WRIM1"]
    → Level: 10, HD: 8, hit points: 80 (base) +4 (bonus) = 84
    → calculating THAC0 as a level 11 creature
    base files: ["HACK","WIOGRE02"]
    → Level: 11, HD: 8, hit points: 88 (base) +4 (bonus) = 92
    → calculating THAC0 as a level 12 creature
    base files: ["CBELHOE"]
    → Level: 11, HD: 8, hit points: 88 (base) +4 (bonus) = 92
    → calculating THAC0 as a level 12 creature
    base files: ["LARZE"]
    → Level: 13, HD: 8, hit points: 104 (base) +4 (bonus) = 108
    → calculating THAC0 as a level 14 creature
    base files: ["UDOGRE"]
    → Level: 15, HD: 8, hit points: 120 (base) +30 (con) +4 (bonus) = 154
    → calculating THAC0 as a level 16 creature
    base files: ["OGRESU"]
    → jai0m1e enchant: 1
    → Melee range: 3
    → jai1m1e enchant: 4
    → Melee range: 3

Creating Ogrillon (1c)...
    base files: ["D0QPSY07","SEWERF1","BDKORDEO","OGREGR","OGREGR_A","OGREGR_B","OGREGR_C","OGREGR_D","OGREGR1","OGREGR2","OGREGR3","OGREGR4","OGRELESU","OGREMIRI","OGRILL01","HAIRTO","GNARL"]
    → Level: 2, HD: 8, hit points: 16 (base) +4 (bonus) = 20
    → calculating THAC0 as a level 3 creature
    base files: ["OGRELESU"]
    → Level: 3, HD: 8, hit points: 24 (base) +4 (bonus) = 28
    base files: ["GNARL","HAIRTO"]
    → Level: 5, HD: 8, hit points: 40 (base) +5 (con) +3 (bonus) = 48
    → calculating THAC0 as a level 6 creature
    base files: ["OGRELESU"]
    → Melee range: 2

Creating Half Ogre (1d)...
    base files: ["D9TAZOK","D9TAZOKX","TAZOK","TAZOK2","BDOGRE04","OGREBJOR","OGREHA","OGREHA_A","OGREHA_B","OGREHA_C","OGREHA_D","OGREHA_E","OGREHA1","OGREHA2","OGREHA3","OGREHA4","OGREHA5","OGRHAL01","GORF","GORF03","L#CHIEN","ARGHAI"]
    → Level: 2, HD: 8, hit points: 16 (base) +6 (bonus) = 22
    → calculating THAC0 as a level 3 creature
    base files: ["BDOGRE04","ARGHAI","GORF","GORF03"]
    → Level: 5, HD: 8, hit points: 40 (base) +3 (bonus) = 43
    → calculating THAC0 as a level 6 creature
    base files: ["BDOGRE04"]
    → Level: 5, HD: 8, hit points: 40 (base) +3 (bonus) = 43
    → calculating THAC0 as a level 6 creature
    base files: ["GORF"]
    → Level: 5, HD: 8, hit points: 40 (base) +3 (bonus) = 43
    → calculating THAC0 as a level 6 creature
    base files: ["GORF03"]
    → Level: 8, HD: 8, hit points: 64 (base) +3 (bonus) = 67
    → calculating THAC0 as a level 9 creature
    base files: ["ARGHAI"]
    → Level: 5, HD: 8, hit points: 40 (base) +3 (bonus) = 43
    → calculating THAC0 as a level 6 creature
    base files: ["TAZOK","TAZOK2","D9TAZOK","D9TAZOKX","L#CHIEN"]
    → Level: 9, HD: 8, hit points: 72 (base) +6 (bonus) = 78
    base files: ["TAZOK"]
    info: adding Berserker Rage (x3) to memorized spells
    info: adding Berserker Rage to abilities
    → Level: 9, HD: 8, hit points: 72 (base) +6 (bonus) = 78
    base files: ["TAZOK","D9TAZOK","D9TAZOKX"]
    info: adding Berserker Rage (x5) to memorized spells
    → Level: 19, HD: 8, hit points: 152 (base) +6 (bonus) = 158
    base files: ["TAZOK2"]
    info: adding Berserker Rage (x3) to memorized spells
    → Level: 11, HD: 8, hit points: 88 (base) +6 (bonus) = 94
    base files: ["L#CHIEN"]
    → Level: 9, HD: 8, hit points: 72 (base) +6 (bonus) = 78
    → Melee range: 3

Creating Ogre Mage (20)...
    adding projectile jas0m20 for spell Cone of Cold
    base files: ["WIOGMA01","WIGENTLE","BDOGRE03","BDWAVE16","BPOGMA01","CHEVIL03","D0OGREMA","D9OGMAGE","IOGREMAG","NTFOREOG","OGREMA","OGREMA_A","OGREMA_B","OGREMA_C","OGREMA_D","OGREMA01","OGREMA02","OGREMA03","OGREMASU","OGREMBA","OGRMAG01","OGRMBA","PALKNI01","PLSHOM01","UBOGMA01","UBOGMA02","YSOGREMA","BDMURS","BDMURS2","UHOGRE01","KROTAN","NTKROTAN","KAHRK","DRUSH","DROTH","L#ASPT2"]
    → Level: 5, HD: 8, hit points: 40 (base) +15 (con) +2 (bonus) = 57
    base files: ["BDWAVE16","WIOGMA01","WIGENTLE","DROTH","BDMURS","BDMURS2","UHOGRE01","KROTAN","NTKROTAN","KAHRK","PLSHOM01","PALKNI01"]
    base files: ["BDWAVE16","WIOGMA01","WIGENTLE","DROTH"]
    → Level: 7, HD: 10, hit points: 70 (base) +2 (bonus) = 72
    base files: ["BDMURS","BDMURS2","UHOGRE01"]
    → Level: 9, HD: 10, hit points: 90 (base) +2 (bonus) = 92
    base files: ["PALKNI01"]
    → Level: 10, HD: 10, hit points: 100 (base) +30 (con) +2 (bonus) = 132
    base files: ["KAHRK"]
    → Level: 12, HD: 10, hit points: 120 (base) +2 (bonus) = 122
    base files: ["KROTAN","NTKROTAN"]
    → Level: 15, HD: 10, hit points: 150 (base) +2 (bonus) = 152
    base files: ["OGREMASU"]
    → jai0m20 enchant: 1
    info: default speed of 3 from weapon jai1m20.
    → jai1m20 enchant: 1
    → Melee range: 3

Creating Ogre Berserker (1f)...
    base files: ["BDYAROK","BDSLUG","BDSLUG2","X3HOGREL","BDWAVE13","BDOGRE06","X3HOGREC","BDOGRE02","BDOGREDS","NEOGRE","OGREBERZ","OGREGRSU","D9OGRGA2","BDEINER","BDCHESKI","GPFIGHT1","ZILFGT01","BDBERTOR","BDARBING"]
    info: adding Berserker Rage (x1) to memorized spells
    info: adding Berserker Rage to abilities
    → Level: 4, HD: 8, hit points: 32 (base) +1 (bonus) = 33
    base files: ["BDOGREDS","D9OGRGA2","X3HOGREC","X3HOGREL","BDOGRE06","BDARBING","BDCHESKI","BDSLUG","BDSLUG2","BDBERTOR","BDEINER","BDWAVE13","BDYAROK","GPFIGHT1","ZILFGT01"]
    info: adding Berserker Rage (x1) to memorized spells
    → Level: 7, HD: 8, hit points: 56 (base) +1 (bonus) = 57
    base files: ["BDSLUG","BDSLUG2"]
    info: adding Berserker Rage (x1) to memorized spells
    → Level: 9, HD: 8, hit points: 72 (base) +1 (bonus) = 73
    base files: ["BDBERTOR","BDEINER"]
    info: adding Berserker Rage (x1) to memorized spells
    → Level: 11, HD: 8, hit points: 88 (base) +1 (bonus) = 89
    base files: ["BDYAROK"]
    info: adding Berserker Rage (x1) to memorized spells
    → Level: 11, HD: 8, hit points: 88 (base) +1 (bonus) = 89
    base files: ["GPFIGHT1","ZILFGT01"]
    info: adding Berserker Rage (x2) to memorized spells
    → Level: 16, HD: 8, hit points: 128 (base) +1 (bonus) = 129
    base files: ["X3HOGREL"]
    → Level: 8, HD: 8, hit points: 64 (base) +1 (bonus) = 65
    base files: ["BDOGRE06","D9OGRGA2"]
    info: adding Barbarian Rage (x2) to memorized spells
    info: adding Barbarian Rage to abilities
    → movement increased to 9 (barbarian): 
    → Level: 7, HD: 8, hit points: 56 (base) +1 (bonus) = 57
    base files: ["OGREGRSU"]
    → jai0m1f enchant: 1
    → Melee range: 3

Creating Ogre Shaman (28)...
    base files: ["BDOGRE05"]
    → Level: 5, HD: 8, hit points: 40 (base) +3 (bonus) = 43
    → calculating THAC0 as a level 6 creature

Creating Ooze family...
    adding projectile jas0fc for spell Toxic Vapors
    adding effect file jas0fc for spell monster.slime.ability.toxicVapors.name

Creating Black Pudding (2f)...
    info: No attack defined, using defaults
    base files: ["BDPUDDBL","JABLPUD"]
    → AC reduced to 5 (was 6) because of dexterity bonus (1)
    → Level: 10, HD: 10, hit points: 100 (base) +20 (con)  = 120
    base files: ["JABLPUD"]
    warning: Black Pudding: ability references spell 'jas0m2f' (Slime Split) which isn't memorized anywhere.
    → ooze needs a helmet to cover immunity from critical hits. Adding a helmet to cover it.
    → jai1m2f enchant: 3

Creating White Pudding (36)...
    info: No attack defined, using defaults
    base files: ["AC#FPWP2","AC#FPWPU","JAWHPUD"]
    → AC reduced to 7 (was 8) because of dexterity bonus (1)
    → Level: 9, HD: 10, hit points: 90 (base) +18 (con)  = 108
    base files: ["JAWHPUD"]
    warning: White Pudding: ability references spell 'jas0m36' (Slime Split) which isn't memorized anywhere.
    → ooze needs a helmet to cover immunity from critical hits. Adding a helmet to cover it.
    → jai1m36 enchant: 3

Creating Mustard Jelly (2e)...
    info: No attack defined, using defaults
    base files: ["BDJELLMU","BPJLMU01","D9LMUS01","GHJMU","JELLMU","JELLMUL","JELLMUSU","JELLYMU","JELMUS01","PLYJELL1","POLYOCHR","WIOOZE","JAJELMU"]
    → Level: 7, HD: 10, hit points: 70 (base) +42 (con) +14 (bonus) = 126
    → calculating THAC0 as a level 8 creature
    base files: ["PLYJELL1"]
    base files: ["JAJELMU"]
    base files: ["JELLMUSU"]
    warning: Mustard Jelly: ability references spell 'jas0m2e' (Slime Split) which isn't memorized anywhere.
    → ooze needs a helmet to cover immunity from critical hits. Adding a helmet to cover it.
    → jai1m2e enchant: 2

Creating Fission Slime (30)...
    info: No attack defined, using defaults
    base files: ["BPSLFS01","BPSLFS02","JELLSPA","SLIFIS01","SLIFIS02"]
    → Level: 12, HD: 10, hit points: 120 (base) +72 (con) +14 (bonus) = 206
    → calculating THAC0 as a level 13 creature
    → ooze needs a helmet to cover immunity from critical hits. Adding a helmet to cover it.
    → jai1m30 enchant: 4

Creating Gray Ooze (32)...
    info: No attack defined, using defaults
    base files: ["BPJLGR01","DW#GHGRA","JELGRA01","JELLGR"]
    → Level: 3, HD: 10, hit points: 30 (base) +6 (con) +3 (bonus) = 39
    → ooze needs a helmet to cover immunity from critical hits. Adding a helmet to cover it.

Creating Ochre Jelly (31)...
    info: No attack defined, using defaults
    base files: ["AC#DTOIO","BDJELLOC","BDSHJELL","BPJLOC01","D9LLOC","DW#GHOCH","JELLOC","JELLYCO","JELOCH01"]
    → Level: 6, HD: 10, hit points: 60 (base)  = 60
    → ooze needs a helmet to cover immunity from critical hits. Adding a helmet to cover it.
    → jai1m31 enchant: 1

Creating Green Slime (33)...
    info: No attack defined, using defaults
    base files: ["DW#GHGRE","GORJELGR","JELGRE01","JELLGRSU","JELLYGR","JELLYGR2","X#JELLY","X#SLIME","JAGRNSLI"]
    → Level: 2, HD: 10, hit points: 20 (base)  = 20
    base files: ["JELLGRSU"]
    base files: ["X#JELLY","X#SLIME"]
    base files: ["JELLGRSU"]
    → ooze needs a helmet to cover immunity from critical hits. Adding a helmet to cover it.

Creating Olive Slime (85)...
    info: No attack defined, using defaults
    base files: ["GORJELF2","GORJELFU"]
    → Level: 2, HD: 10, hit points: 20 (base) +2 (bonus) = 22
    base files: ["GORJELF2","GORJELFU"]
    → ooze needs a helmet to cover immunity from critical hits. Adding a helmet to cover it.

Creating Olive Slime Creature (34)...
    replacing item in slot WEAPON1
    replacing item in slot WEAPON1
    info: No attack defined, using defaults
    base files: ["SCHLUM","JAOLISLI"]
    → Level: 8, HD: 10, hit points: 80 (base) +48 (con) +2 (bonus) = 130
    base files: ["SCHLUM"]
    → Level: 12, HD: 10, hit points: 120 (base) +72 (con) +2 (bonus) = 194
    → ooze needs a helmet to cover immunity from critical hits. Adding a helmet to cover it.
    → jai1m34 enchant: 4
    → jai2m34 enchant: 2
    → jai3m34 enchant: 2

Creating Slithering Tracker (35)...
    info: No attack defined, using defaults
    base files: ["AC#FPSLT","JELOLI01","AC#FPPIP","AC#FPSL2"]
    → Level: 5, HD: 10, hit points: 50 (base) +20 (con)  = 70
    base files: ["JELOLI01"]
    → ooze needs a helmet to cover immunity from critical hits. Adding a helmet to cover it.
    → jai0m35 enchant: 1

Creating Plant family...

Creating Treant (2d)...
    info: No attack defined, using defaults
    info: No behavior defined, using defaults
    base files: ["BDTREANT","WITREANT","JATREA4","JATREA3","JATREA2","JATREA1"]
    → Level: 11, HD: 8, hit points: 88 (base) +66 (con)  = 154
    base files: ["JATREA4","JATREA3","JATREA2","JATREA1"]
    base files: ["JATREA3","BDTREANT","WITREANT"]
    → Level: 9, HD: 8, hit points: 72 (base) +45 (con)  = 117
    base files: ["JATREA2"]
    → Level: 7, HD: 8, hit points: 56 (base) +35 (con)  = 91
    base files: ["JATREA1"]
    → Level: 5, HD: 8, hit points: 40 (base) +25 (con)  = 65
    → plant needs a helmet to cover immunity from critical hits. Adding a helmet to cover it.
    → jai0m2d enchant: 4
    → jai1m2d enchant: 3
    → jai2m2d enchant: 2
    → jai3m2d enchant: 1

Creating Snake family...

Creating Giant Poisonous Snake (73)...
    info: No attack defined, using defaults
    info: No behavior defined, using defaults
    base files: ["JAGPSNAK"]
    → AC reduced to 9 (was 5) because of dexterity bonus (-4)
    → Level: 4, HD: 8, hit points: 32 (base) +2 (bonus) = 34
    base files: ["JAGPSNAK"]
    → jai0m73 enchant: 1
    → Melee range: 2

Creating Spider family...

Creating Gargantuan Spider (40)...
    adding effect file jas1m40 for spell 10937
    base files: ["BDSPIDGA"]
    → AC reduced to 5 (was 4) because of dexterity bonus (-1)
    → Level: 8, HD: 8, hit points: 64 (base) +24 (con) +8 (bonus) = 96
    → jai0m40 enchant: 3
    → Melee range: 5

Creating Ghostwalk Spider (3a)...
    base files: ["L#ULCSP","D9IDSM02","SENSMSP","SPIDSM02","C#LCCENS"]
    → AC reduced to 10 (was 6) because of dexterity bonus (-4)
    → Level: 14, HD: 8, hit points: 112 (base) +42 (con)  = 154
    → jai1m3a enchant: 4
    → Melee range: 2
    → jai2m3a enchant: 4
    → Melee range: 2

Creating Giant Spider (38)...
    info: No attack defined, using defaults
    info: No behavior defined, using defaults
    base files: ["BDWISTAK","OHBSPI01","BDHELP01","BDSPIDGI","BPSPID02","C#SOSPD1","C#SOSPDD","D9IDGI01","D9IDGI02","D9IDGI03","O#LLSPI1","O#LLSPI2","O#LLSPI3","O#LLSPI4","PLYSPID2","RSSPIDGI","SPIDGI","SPIDGI01","SPIDGISU","SPSPID05","UDSPID01","UDSPID02","UDSPID03","UDSPID04","UDSPID05","UDSPID06","UDSPID07","UDSPID08"]
    → AC reduced to 6 (was 4) because of dexterity bonus (-2)
    → Level: 4, HD: 8, hit points: 32 (base) +4 (bonus) = 36
    base files: ["PLYSPID2"]
    base files: ["BDHELP01"]
    base files: ["SPIDGISU"]
    → jai0m38 enchant: 1
    → Melee range: 2

Creating Hairy Spider (3e)...
    info: No attack defined, using defaults
    base files: ["BDSPIDER","SPIDSM01"]
    → Level: 1, HD: 8, hit points: 8 (base) +1 (bonus) = 9
    base files: ["BDSPIDER"]

Creating Huge Spider (37)...
    warning: HugeSpider has unvalidated creatures.csv guesses, needs review: C0PKITT (bg2)
    poison (1dmg/x seconds) (normal) => 15/100 ==> 3: 6/100 (total=16.666666666666668, diff duration=0)
    info: No attack defined, using defaults
    info: No behavior defined, using defaults
    base files: ["SPSPIDER","BDSPIDHU","SPIDHU","SPIDHU01","SPIDLAND"]
    → AC reduced to 8 (was 6) because of dexterity bonus (-2)
    → Level: 2, HD: 8, hit points: 16 (base) +2 (bonus) = 18
    → Melee range: 2

Creating Phase Spider (39)...
    info: No attack defined, using defaults
    base files: ["AC#W30SP","D9IDPH01","SPIDPH","SPIDPH01","SPIDPHSU","SPSPID06","SPIDPHAS"]
    → AC reduced to 8 (was 7) because of dexterity bonus (-1)
    → Level: 5, HD: 10, hit points: 50 (base) +5 (bonus) = 55
    → calculating THAC0 as a level 6 creature
    base files: ["SPIDPHAS"]
    → Level: 12, HD: 10, hit points: 120 (base) +5 (bonus) = 125
    base files: ["SPIDPHSU"]
    → jai1m39 enchant: 1
    → Melee range: 3

Creating Sword Spider (3b)...
    warning: SwordSpider has unvalidated creatures.csv guesses, needs review: SPIDFGSU (bg2), C2KIT (bg2)
    info: No attack defined, using defaults
    base files: ["BDHELP03","BPSPID03","D9IDSW01","D9IDSW03","D9IDSW0A","D9IDSW0B","D9IDSW0C","D9IDSWXC","PLYSPID","SPIDSW","SPIDSW01","SPIDSWSU","SPSPID07","BPSPID01","GV#SPID","L0SPIDX","OHHSPI01","OHHSPI02","OHHSPI03","WISPID01","WISPID02","D9IDSM01","OHDANIM4","OHHSPID2","SPIDSM01","BDSPID7L","WISPID03","L0SPID"]
    → dual wielding detected
    → setting dual wield: 1 APR +1 offhand
    → AC reduced to 7 (was 3) because of dexterity bonus (-4)
    → Level: 5, HD: 8, hit points: 40 (base) +5 (bonus) = 45
    base files: ["PLYSPID"]
    base files: ["L0SPID"]
    → Level: 16, HD: 8, hit points: 128 (base) +5 (bonus) = 133
    base files: ["OHHSPI03"]
    → Level: 15, HD: 8, hit points: 120 (base) +5 (bonus) = 125
    base files: ["WISPID03"]
    base files: ["BDHELP03"]
    base files: ["SPIDSWSU"]
    → jai0m3b enchant: 1
    → Melee range: 3
    → jai1m3b enchant: 1
    → Melee range: 3
    → jai2m3b enchant: 1
    → Melee range: 3
    → jai3m3b enchant: 1
    → Melee range: 3
    → jai4m3b enchant: 1
    → Melee range: 3

Creating Vortex Spider (3f)...
    info: No attack defined, using defaults
    base files: ["OHBMENA7","SMSPID02","SPIDVO01","AC#WSTWS"]
    → AC reduced to 5 (was 4) because of dexterity bonus (-1)
    → Level: 7, HD: 8, hit points: 56 (base) +4 (bonus) = 60
    → calculating THAC0 as a level 8 creature
    → jai1m3f enchant: 2
    → Melee range: 2

Creating Wraith Spider (3c)...
    info: No attack defined, using defaults
    base files: ["C#Q04009","SPIDWR","SPIDWR01","TTSPID"]
    → AC reduced to 6 (was 5) because of dexterity bonus (-1)
    → Level: 3, HD: 8, hit points: 24 (base) +2 (bonus) = 26
    → undead needs a helmet to cover immunity from critical hits. Adding a helmet to cover it.
    → Melee range: 2

Creating Wolf family...

Creating Wolf (11)...
    info: No attack defined, using defaults
    base files: ["A#FERA02","BDURE6D","BDWOLF","BDWOLF02","CB585AN3","CB585AN8","NWOLF","OHDANIM2","OHHWOLF","OHRWOLF","RSWOLF","TRANIM02","WOLF","WOLF01","WOLFCH","WOLFSU","CB595BLB","9XDOG","L#JNDOG","L#FAIEN3"]
    → AC reduced to 8 (was 7) because of dexterity bonus (-1)
    → Level: 3, HD: 8, hit points: 24 (base)  = 24
    base files: ["A#FERA02"]
    base files: ["OHHWOLF"]
    base files: ["WOLFSU"]
    → Melee range: 2

Creating Dire Wolf (13)...
    info: No attack defined, using defaults
    info: No behavior defined, using defaults
    base files: ["RUFIE","A#FERA04","A#FERA03","BDWOLFDI","D9LFDI01","D9LFDI02","D9LFDI03","D9LFDICC","D9LFDICH","DW#VMWO1","DW#VMWO2","OHRGEWLF","P#WOLF02","UBNIMWLF","WOLFDI","WOLFDI01","WOLFDISU"]
    → AC reduced to 7 (was 6) because of dexterity bonus (-1)
    → Level: 4, HD: 8, hit points: 32 (base) +4 (con) +4 (bonus) = 40
    → calculating THAC0 as a level 5 creature
    base files: ["A#FERA04"]
    → Level: 10, HD: 8, hit points: 80 (base) +10 (con) +4 (bonus) = 94
    base files: ["RUFIE"]
    base files: ["A#FERA04"]
    base files: ["A#FERA03"]
    base files: ["WOLFDISU"]
    → jai0m13 enchant: 1
    → Melee range: 2

Creating Dread Wolf (16)...
    adding effect file jas0m16 for spell monster.wolf.ability.dreadWolfDownState.name
    info: No attack defined, using defaults
    info: No behavior defined, using defaults
    base files: ["CD41WOL2","WOLFZO01","P#WOLF05","PLYWOLF","WOLFCHAR","BDWOLFDR","D9LFDR01","D9LFDR02","D9LFDR03","DW#REWO","DW#VMWO3","DW#VMWO4","P#WOLF03","WOLFD1","WOLFDR","WOLFDR01","ANWOLF1","L#HALWO","L#JNCOY"]
    → Level: 4, HD: 8, hit points: 32 (base) +4 (bonus)+10 (special) = 46
    → calculating THAC0 as a level 5 creature
    base files: ["ANWOLF1"]
    base files: ["L#HALWO"]
    base files: ["WOLFD1"]
    → jai2m16 enchant: 1
    → Melee range: 2

Creating Vampiric Wolf (15)...
    info: No behavior defined, using defaults
    base files: ["DW#ULCWO","CD41WOL1","BDWOLFVA","OHBMENA1","P#WOLF04","WOLFVA","WOLFVA01"]
    → Level: 6, HD: 8, hit points: 48 (base) +4 (bonus) = 52
    → calculating THAC0 as a level 7 creature
    base files: ["DW#ULCWO"]
    → Level: 15, HD: 8, hit points: 120 (base) +4 (bonus) = 124
    → jai0m15 enchant: 2
    → Melee range: 2
    → jai1m15 enchant: 2
    → Melee range: 2
    → jai2m15 enchant: 2
    → Melee range: 2

Creating Winter Wolf (14)...
    adding projectile jas0m14 for spell Stream of frost
    info: No attack defined, using defaults
    base files: ["D9LFWI01","OBSICE03","P#WOLF01","WOLFWI","WOLFWI01","WOLFWISU","WOLFWWSU","WQXWOL","L#WOLST"]
    → Level: 6, HD: 10, hit points: 60 (base)  = 60
    base files: ["WOLFWISU"]
    base files: ["WOLFWWSU"]
    → jai1m14 enchant: 1
    → Melee range: 2

Creating Worg (12)...
    info: No attack defined, using defaults
    info: No behavior defined, using defaults
    base files: ["BDWORG","WOLFWO01","WORG","WORGAR","WORGSU","C0CARNIF"]
    → Level: 3, HD: 10, hit points: 30 (base) +3 (bonus) = 33
    → calculating THAC0 as a level 4 creature
    base files: ["C0CARNIF"]
    → Level: 13, HD: 10, hit points: 130 (base) +3 (bonus) = 133
    base files: ["WORGSU"]
    → Melee range: 2

Creating Wyvern family...

Creating Wyvern (46)...
    info: No attack defined, using defaults
    info: No behavior defined, using defaults
    base files: ["BDWYVR01","CORWYVRN","PWYVV01","WYVERN","WYVERN01","WYVERNSU","WQXWYV","L#FFAM"]
    → dual wielding detected
    → setting dual wield: 1 APR +1 offhand
    → Level: 7, HD: 8, hit points: 56 (base) +14 (con) +7 (bonus) = 77
    → calculating THAC0 as a level 8 creature
    base files: ["PWYVV01"]
    → Level: 10, HD: 8, hit points: 80 (base) +20 (con) +7 (bonus) = 107
    base files: ["WYVERNSU"]
    → jai1m46 enchant: 2
    → Melee range: 5
    → jai2m46 enchant: 2
    → Melee range: 5

Creating Baby Wyvern (47) from Wyvern...
    replacing item in slot WEAPON1
    base files: ["AMWYVERN","BDWYVR02","C#Q04002","NWYVBAB","PLYWYVRN","WYVBAB01","WYVBABSU","WYVERBA"]
    → setting dual wield: 1 APR +1 offhand
    → Level: 5, HD: 8, hit points: 40 (base) +10 (con) +5 (bonus) = 55
    → calculating THAC0 as a level 6 creature
    base files: ["PLYWYVRN"]
    base files: ["WYVBABSU"]
    → jai0m47 enchant: 1
    → Melee range: 2

Creating Greater Wyvern (48) from Wyvern...
    replacing item in slot WEAPON1
    base files: ["BDWYVR03","OHBMENA8","WYVERNBI","WYVGRE01"]
    → setting dual wield: 1 APR +1 offhand
    → Level: 14, HD: 8, hit points: 112 (base) +28 (con) +14 (bonus) = 154
    → calculating THAC0 as a level 15 creature
    → jai0m48 enchant: 4
    → Melee range: 5

Creating Undead family...

Creating Banshee (49)...
    info: No attack defined, using defaults
    base files: ["L#RVBANS","BANSHE01","BD302BAN","FIRMON01"]
    → Level: 7, HD: 12, hit points: 84 (base)  = 84
    → undead needs a helmet to cover immunity from critical hits. Adding a helmet to cover it.
    → jai1m49 enchant: 2
    → Melee range: 2

Creating Ghoul (4c)...
    info: No attack defined, using defaults
    base files: ["L#XZEOHM","KORAX","AC#FPGHL","AC#W50G1","AC#WGHOU","BHGHOUL1","GHOUL","GHOUL01","GHOULSU","GTCIT1","GTCIT2","WAGHOUL"]
    → dual wielding detected
    → setting dual wield: 2 APR +1 offhand
    → AC reduced to 7 (was 6) because of dexterity bonus (-1)
    → Level: 2, HD: 12, hit points: 24 (base)  = 24
    base files: ["KORAX"]
    → Level: 4, HD: 12, hit points: 48 (base)  = 48
    base files: ["GHOULSU"]
    → undead needs a helmet to cover immunity from critical hits. Adding a helmet to cover it.
    → Melee range: 2
    → Melee range: 2

Creating Ghast (4b)...
    info: No attack defined, using defaults
    base files: ["GMAYOR","GRON","THESHAL","SEWERF3","CD41COR","MALKAL","AC#DTLAC","LACEDO01","SAHLACE","BDJUNIA2","AC#DT01L","LACEDO02","GHASTGSU","GRAEL","AC#WGHSU","BDGHAST","BHGHOUL2","BHGHOUL4","BPGHAS01","BSGHAST1","D9AST01","D9AST0G","D9AST0Y","D9ASTHH","GHAST","GHAST01","GHASTD","GHASTS","NEVM3","XGHAST1","XGHAST2","GHASTF01","WICULT1","BESAMEN"]
    → dual wielding detected
    → setting dual wield: 2 APR +1 offhand
    → AC reduced to 7 (was 4) because of dexterity bonus (-3)
    → Level: 4, HD: 12, hit points: 48 (base)  = 48
    base files: ["CD41COR","BDJUNIA2","GRAEL","GRON","GMAYOR","THESHAL","GHASTGSU","WICULT1"]
    → Level: 8, HD: 12, hit points: 96 (base)  = 96
    base files: ["GRAEL"]
    → Level: 15, HD: 12, hit points: 180 (base)  = 180
    base files: ["BDJUNIA2"]
    → Level: 8, HD: 12, hit points: 96 (base)  = 96
    base files: ["CD41COR"]
    → Level: 10, HD: 12, hit points: 120 (base)  = 120
    base files: ["AC#DTLAC","LACEDO01","SAHLACE"]
    → Level: 5, HD: 12, hit points: 60 (base)  = 60
    base files: ["AC#DT01L","LACEDO02"]
    → Level: 9, HD: 12, hit points: 108 (base)  = 108
    base files: ["SAHLACE"]
    base files: ["GHASTGSU"]
    base files: ["AC#WGHSU"]
    base files: ["GHASTS"]
    → undead needs a helmet to cover immunity from critical hits. Adding a helmet to cover it.
    → Melee range: 2
    → Melee range: 2

Creating Ghoul Lord (4d)...
    info: No attack defined, using defaults
    base files: ["BPGHGR01","D9OGR01","D9OGR0M","D9OGRRT","D9OGYYY","GHOGR01","GHOULLOR","RIFTCR01","BDGHASTG","D9OLO999","D9OLOR01","GHOLOR01","GHASTF01"]
    → dual wielding detected
    → setting dual wield: 2 APR +1 offhand
    → AC reduced to 7 (was 4) because of dexterity bonus (-3)
    → Level: 6, HD: 12, hit points: 72 (base)  = 72
    → undead needs a helmet to cover immunity from critical hits. Adding a helmet to cover it.
    → jai1m4d enchant: 1
    → Melee range: 2
    → jai2m4d enchant: 1
    → Melee range: 2

Creating Mummy (4e)...
    adding effect file jas1m4e for spell monster.undead.ability.mummyFearAura.name
    info: No attack defined, using defaults
    base files: ["BDMUMM01","D9MMY","FSMUMM","FSMUMM2","FSMUMM3","MUMMY","MUMMY01","O#LLARU1","O#LLARU2","O#LLARU3","O#LLARU4","O#LLARU5","O#LLARU6","BDMUMMY","AC#FPMMY"]
    → Level: 6, HD: 12, hit points: 72 (base) +3 (bonus) = 75
    → calculating THAC0 as a level 7 creature
    base files: ["BDMUMMY"]
    → Level: 9, HD: 12, hit points: 108 (base) +3 (bonus) = 111
    → undead needs a helmet to cover immunity from critical hits. Adding a helmet to cover it.
    → jai1m4e enchant: 2
    → Melee range: 2

Creating Greater Mummy (4f)...
    adding effect file jas1m4f for spell monster.undead.ability.mummyFearAura.name
    info: No attack defined, using defaults
    base files: ["DX#MUMMY","OHHKUNG","D9MGRE01","MUMGRE01","OHHGMUM","OHHMUMMY","RIFTCR03"]
    → AC reduced to 0 (was -2) because of dexterity bonus (-2)
    → Level: 12, HD: 12, hit points: 144 (base) +3 (bonus) = 147
    → calculating THAC0 as a level 13 creature
    → Level: 12, class: CLERIC, saving throws table: priest, {"levels":[10,12],"saveDeath":6,"saveWand":10,"savePolymorph":9,"saveBreath":12,"saveSpell":11}
    base files: ["OHHKUNG"]
    → undead needs a helmet to cover immunity from critical hits. Adding a helmet to cover it.
    → jai1m4f enchant: 4
    → Melee range: 2

Creating Shadow (50)...
    info: No attack defined, using defaults
    base files: ["SHADOW01","L#GNOAL","L#GNOEN","RNGSHA04","WISHADO1","AC#DT10S","AC#DT21W","AC#DTSH2","AC#FPSHD","AC#WSHAS","ACSHAD01","BDSHAD04","BPSHADOW","KSHADOW","L#FSPS2","L#GNOSH","L#SHA1","OHHSHAD","RNGSHA","RNGSHA01","RNGSHA03","SEWSHA03","SHADOWSU","UHCREAT","VA#SHDGL","WISHADO2","AC#FPMDS","BDSHAD02","AC#DTPL6","AC#DTPL5","AC#DTPL4","AC#DTPL3","AC#DTPL2","AC#DTPL1"]
    → Level: 3, HD: 12, hit points: 36 (base) +3 (bonus) = 39
    → calculating THAC0 as a level 4 creature
    base files: ["VA#SHDGL"]
    base files: ["AC#FPMDS"]
    base files: ["BDSHAD02","L#GNOAL","L#GNOEN"]
    → Level: 5, HD: 12, hit points: 60 (base) +3 (bonus) = 63
    base files: ["L#GNOAL"]
    base files: ["L#GNOEN"]
    base files: ["AC#WSHAS"]
    base files: ["L#FSPS2"]
    base files: ["L#GNOSH"]
    base files: ["OHHSHAD"]
    base files: ["SHADOWSU"]
    → undead needs a helmet to cover immunity from critical hits. Adding a helmet to cover it.
    → Melee range: 2
    → Melee range: 2

Creating Greater Shadow (59) from Shadow...
    base files: ["SDSHADOW","BDSHADGR","BDSHADOW"]
    → Level: 8, HD: 12, hit points: 96 (base) +8 (bonus) = 104
    → calculating THAC0 as a level 9 creature
    → skipping undead (jai17) because it is already equipped
    → skipping criticalHit (jai3) because slot HELMET is already assigned

Creating Baneguard (5a)...
    base files: ["AC#DTDIG"]
    → Level: 4, HD: 12, hit points: 48 (base) +4 (bonus) = 52
    → calculating THAC0 as a level 5 creature
    base files: ["AC#DTDIG"]
    → Level: 6, HD: 12, hit points: 72 (base) +4 (bonus) = 76
    → undead needs a helmet to cover immunity from critical hits. Adding a helmet to cover it.

Creating Bonebat (5b)...
    info: No attack defined, using defaults
    base files: ["BDBONBAT"]
    → Level: 4, HD: 12, hit points: 48 (base)  = 48
    → undead needs a helmet to cover immunity from critical hits. Adding a helmet to cover it.
    → Melee range: 2

Creating Skeleton (51)...
    base files: ["KNIGHTSK","BDSKGR02","C0DESUM1","C0DESUM2","C0DESUM3","SKELSU01","SKELSU07","D9SKL02","D9SKL08","HGSKL02","AD3SKLM","ADSKELET","BDSKGR00","CDMHSKEL","DW#MULSK","FSSKEL","GHASTSU","GPSKEL1","ISKELET","KRYSKEL","RSKEL01","RSKEL03","SKELE2","SKELET","SKELET_A","SKELET01","SKELET03","SKELHP1","SKELLESU","SKELPETR","TTSKEL","X3RSKEL1","L#SKEST","L#HAUSK","KRYSKEL2","KRYSKEL1","YSRSDEAD","CBUNDEAD","L#2SDVOE","KRYSKEL5","KRYSKEL6","SKELGRSU","0XYHDG","KRYSKEL4","KRYSKEL3","BPSKEL","WISKEL","L#XZEP1A","L#XZEP1B","L#XZEP1C","L#XZEP1D","L#XZEP1E","L#XZEP1F"]
    → Level: 1, HD: 12, hit points: 12 (base)  = 12
    base files: ["GHASTSU","SKELLESU","0XYHDG","SKELSU01"]
    → Level: 3, HD: 12, hit points: 36 (base)  = 36
    base files: ["C0DESUM1","C0DESUM2"]
    → Level: 3, HD: 12, hit points: 36 (base)  = 36
    base files: ["C0DESUM2","SKELSU07"]
    → Level: 5, HD: 12, hit points: 60 (base)  = 60
    base files: ["C0DESUM2"]
    base files: ["KRYSKEL"]
    → Level: 2, HD: 12, hit points: 24 (base)  = 24
    base files: ["L#HAUSK"]
    → Level: 13, HD: 12, hit points: 156 (base)  = 156
    base files: ["SKELPETR"]
    base files: ["KNIGHTSK"]
    → Level: 9, HD: 12, hit points: 108 (base)  = 108
    base files: ["KRYSKEL1","KRYSKEL2","KRYSKEL3","KRYSKEL4","KRYSKEL5","KRYSKEL6"]
    → Level: 2, HD: 12, hit points: 24 (base)  = 24
    base files: ["YSRSDEAD"]
    → Level: 2, HD: 12, hit points: 24 (base)  = 24
    base files: ["GPSKEL1","L#SKEST","L#XZEP1B","L#XZEP1C","L#XZEP1D","L#XZEP1E","L#XZEP1F","CBUNDEAD","RSKEL03","D9SKL02","D9SKL08","HGSKL02"]
    → AC reduced to 6 (was 4) because of dexterity bonus (-2)
    → Level: 6, HD: 12, hit points: 72 (base)  = 72
    base files: ["CBUNDEAD"]
    → AC reduced to 6 (was 4) because of dexterity bonus (-2)
    → Level: 6, HD: 12, hit points: 72 (base)  = 72
    base files: ["L#SKEST"]
    → AC reduced to 6 (was 4) because of dexterity bonus (-2)
    → Level: 8, HD: 12, hit points: 96 (base)  = 96
    base files: ["L#XZEP1B"]
    → AC reduced to 6 (was 4) because of dexterity bonus (-2)
    → Level: 6, HD: 12, hit points: 72 (base)  = 72
    base files: ["L#XZEP1C"]
    → AC reduced to 2 (was 0) because of dexterity bonus (-2)
    → Level: 9, HD: 12, hit points: 108 (base)  = 108
    base files: ["L#XZEP1D"]
    → AC reduced to 0 (was -2) because of dexterity bonus (-2)
    → Level: 13, HD: 12, hit points: 156 (base)  = 156
    base files: ["L#XZEP1E"]
    → AC reduced to -2 (was -4) because of dexterity bonus (-2)
    → Level: 17, HD: 12, hit points: 204 (base)  = 204
    base files: ["L#XZEP1F"]
    → AC reduced to -4 (was -6) because of dexterity bonus (-2)
    → Level: 20, HD: 12, hit points: 240 (base)  = 240
    base files: ["D9SKL02","D9SKL08","HGSKL02"]
    info: adding Poison Weapon (x5) to memorized spells
    info: adding Poison Weapon to abilities
    → AC reduced to 0 (was -2) because of dexterity bonus (-2)
    → Level: 20, HD: 12, hit points: 240 (base)  = 240
    base files: ["C0DESUM1"]
    base files: ["C0DESUM2"]
    base files: ["C0DESUM3"]
    base files: ["SKELSU01"]
    base files: ["SKELSU07"]
    base files: ["AD3SKLM"]
    base files: ["GHASTSU"]
    base files: ["GPSKEL1"]
    base files: ["SKELLESU"]
    base files: ["SKELGRSU"]
    base files: ["L#XZEP1A"]
    base files: ["L#XZEP1B"]
    base files: ["L#XZEP1C"]
    base files: ["L#XZEP1D"]
    base files: ["L#XZEP1E"]
    base files: ["L#XZEP1F"]
    → undead needs a helmet to cover immunity from critical hits. Adding a helmet to cover it.
    warning: BDSKGR02 (bg1) : level gap (csv 6 / def 1)
    warning: SKELGRSU : level gap (csv 5 / def 1)

Creating Archer Skeleton (94) from Skeleton...
    base files: ["BDSKGR04","BDTEAM63","D9ELARAA","D9ELARBB","D9ELARFF","D9ELARFX","D9ELARGG","D9ELARKK","D9ELARTT","D9ELARXX","D9ELARYC","D9ELARYY","D9ELARZZ","SKELAR01","SKELAR02","0XUDDG","DW#MULSA","SKELACI","SKELDIS","SKELET_B","SKELET_C","SKELET02","SKELETB","SKELETS","SKELFIRE","SKELICE","SKELMEL","X3RSKEL2","BDSKGR07","BDTEAM60","YSRSTDD1","YSRSTDD2","YSRSTDD3","BDSKGR05","BDSKGR06"]
    → Level: 2, HD: 12, hit points: 24 (base)  = 24
    base files: ["SKELACI","SKELICE","SKELFIRE"]
    → Level: 2, HD: 12, hit points: 24 (base)  = 24
    base files: ["YSRSTDD1","YSRSTDD2","YSRSTDD3"]
    base files: ["SKELDIS"]
    → Level: 3, HD: 12, hit points: 36 (base)  = 36
    base files: ["0XUDDG","BDTEAM63","BDSKGR04","SKELAR01","SKELAR02","D9ELARAA","D9ELARBB","D9ELARFF","D9ELARFX","D9ELARGG","D9ELARKK","D9ELARTT","D9ELARXX","D9ELARYC","D9ELARYY","D9ELARZZ"]
    → AC reduced to 8 (was 6) because of dexterity bonus (-2)
    → Level: 5, HD: 12, hit points: 60 (base)  = 60
    base files: ["SKELAR01","SKELAR02","D9ELARAA","D9ELARBB","D9ELARFF","D9ELARFX","D9ELARGG","D9ELARKK","D9ELARTT","D9ELARXX","D9ELARYC","D9ELARYY","D9ELARZZ"]
    → AC reduced to 8 (was 6) because of dexterity bonus (-2)
    → Level: 6, HD: 12, hit points: 72 (base)  = 72
    base files: ["0XUDDG"]
    → AC reduced to 8 (was 6) because of dexterity bonus (-2)
    → Level: 12, HD: 12, hit points: 144 (base)  = 144
    base files: ["BDSKGR07","BDTEAM60"]
    → Level: 5, HD: 12, hit points: 60 (base)  = 60
    → Level: 5, class: MAGE, saving throws table: wizard, {"levels":[1,5],"saveDeath":14,"saveWand":11,"savePolymorph":13,"saveBreath":15,"saveSpell":12}
    base files: ["BDTEAM60"]
    → Level: 8, HD: 12, hit points: 96 (base)  = 96
    → Level: 8, class: MAGE, saving throws table: wizard, {"levels":[6,10],"saveDeath":13,"saveWand":9,"savePolymorph":11,"saveBreath":13,"saveSpell":10}
    → skipping undead (jai17) because it is already equipped
    → skipping criticalHit (jai3) because slot HELMET is already assigned

Creating Skeleton Monster (98) from Skeleton...
    base files: ["L#NIMF6","BDSKGR01","BDTEAM62"]
    → Level: 6, HD: 12, hit points: 72 (base)  = 72
    base files: ["L#NIMF6"]
    base files: ["L#NIMF6"]
    → Level: 20, HD: 12, hit points: 240 (base)  = 240
    → Level: 20, class: CLERIC, saving throws table: priest, {"levels":[19,99],"saveDeath":2,"saveWand":6,"savePolymorph":5,"saveBreath":8,"saveSpell":7}
    base files: ["C0DESUM3"]
    → Level: 7, HD: 12, hit points: 84 (base)  = 84
    error: Skeleton Monster: adjustment references unknown file 'C0DESUM3' (not in creature.files).
    → skipping undead (jai17) because it is already equipped
    → skipping criticalHit (jai3) because slot HELMET is already assigned
    warning: Skeleton Monster is not valid, please fix it !

Creating Skeleton Warrior (52)...
    base files: ["BDUNSEN","CBC8CTU3","AC#DT12W","AC#W56SK","AR18SKEL","BDSKGR08","C0DESUM4","C0DESUM5","CESKEL01","D9ELSU11","D9ELWA","D9SKL04","D9SKL09","DW#ANGSK","DW#DIASK","DW#SEMSK","ENDSKE01","ENDSKE02","ENDSKE03","ENDSKE04","FIRMON02","GOLBON01","GRSKEL1","GRSKEL2","GRTOMB01","HGSKL04","NEVM2","RIFTCR02","RSKEL02","SAHSKEL","SHBONES","SKELSU11","SKELWA","SKELWA01","SKELWA02","SKELWA03","SKELWASU","SUUNDEAD","TANSKW1","ANSCELET","ICHARY","CBZOMB02","AC#W52SK"]
    → Level: 9, HD: 12, hit points: 108 (base) +7 (bonus) = 115
    → calculating THAC0 as a level 10 creature
    base files: ["C0DESUM4"]
    base files: ["ICHARY","HGSKL04","ANSCELET","C0DESUM5","SKELWA03","FIRMON02","GOLBON01","D9SKL04","D9SKL09"]
    → Level: 13, HD: 12, hit points: 156 (base) +12 (bonus) = 168
    → calculating THAC0 as a level 14 creature
    base files: ["ANSCELET"]
    → Level: 13, HD: 12, hit points: 156 (base) +12 (bonus) = 168
    → calculating THAC0 as a level 14 creature
    base files: ["GOLBON01"]
    → Level: 14, HD: 12, hit points: 168 (base) +12 (bonus) = 180
    → calculating THAC0 as a level 15 creature
    base files: ["ICHARY","C0DESUM5"]
    → Level: 15, HD: 12, hit points: 180 (base) +12 (bonus) = 192
    → calculating THAC0 as a level 16 creature
    base files: ["HGSKL04","D9SKL04","D9SKL09"]
    → Level: 20, HD: 12, hit points: 240 (base) +12 (bonus) = 252
    → calculating THAC0 as a level 21 creature
    base files: ["C0DESUM4"]
    base files: ["C0DESUM5"]
    base files: ["D9ELSU11"]
    base files: ["SAHSKEL"]
    base files: ["SKELSU11"]
    base files: ["SKELWASU"]
    → undead needs a helmet to cover immunity from critical hits. Adding a helmet to cover it.

Creating Death Knight (4a)...
    warning: DeathKnight has unvalidated creatures.csv guesses, needs review: YSDWFGR2 (bg2), YSDWFGRD (bg2), YSDWFKNT (bg2), AC#W74K2 (bg2), AC#W74KN (bg2), C02DEMKN (bg1)
    adding projectile jas0m4a for spell Fear Aura
    adding projectile jas1m4a for spell Wall of Ice
    info: No attack defined, using defaults
    base files: ["AC#DTDKN","DVDEATHK","CB3579DK","C0DEATHK","DEATHKNI","DECK615","MELSUM02","UDDEATH","UDDEATH2","NTDEATH1","O#DAEMAJ","AC#W40UM","DEATHK"]
    → Level: 9, HD: 12, hit points: 108 (base)  = 108
    base files: ["DVDEATHK"]
    base files: ["AC#DTDKN"]
    → Level: 15, HD: 12, hit points: 180 (base)  = 180
    base files: ["DEATHK","NTDEATH1","CB3579DK"]
    → Level: 15, HD: 12, hit points: 180 (base)  = 180
    base files: ["NTDEATH1","AC#W40UM"]
    base files: ["C0DEATHK","DEATHKNI","DECK615","MELSUM02","UDDEATH","UDDEATH2","O#DAEMAJ"]
    → Level: 18, HD: 12, hit points: 216 (base)  = 216
    base files: ["DVDEATHK"]
    base files: ["AC#W40UM"]
    → undead needs a helmet to cover immunity from critical hits. Adding a helmet to cover it.

Creating Spectre (53)...
    info: No attack defined, using defaults
    info: No behavior defined, using defaults
    base files: ["L0SUMM5","SAHSPC01","SPECTR01","BDSPIRIT","SARSPIR","L0MERCH"]
    → Level: 7, HD: 12, hit points: 84 (base) +3 (bonus) = 87
    → calculating THAC0 as a level 8 creature
    base files: ["SARSPIR","L0MERCH","L0SUMM5","SPECTR01"]
    → Level: 10, HD: 12, hit points: 120 (base) +3 (bonus) = 123
    base files: ["SAHSPC01"]
    → Level: 10, HD: 12, hit points: 120 (base) +3 (bonus) = 123
    base files: ["L0SUMM5"]
    → undead needs a helmet to cover immunity from critical hits. Adding a helmet to cover it.
    → jai1m53 enchant: 2
    → Melee range: 2

Creating Ghost (5d)...
    info: No attack defined, using defaults
    base files: ["BDGHOSTM","BDGHOSTF","FSGHOS","FSGHOS2"]
    → Level: 10, HD: 12, hit points: 120 (base)  = 120
    → undead needs a helmet to cover immunity from critical hits. Adding a helmet to cover it.
    → jai1m5d enchant: 3
    → Melee range: 2

Creating Wight (54)...
    info: No attack defined, using defaults
    info: No behavior defined, using defaults
    base files: ["BDWIGHT","BDWIGHT1","BDWIGHTJ","BDYMORI","NEVM1","BDWIGHDD","BDWIGHT2","BDWIGHT3"]
    → Level: 4, HD: 12, hit points: 48 (base) +3 (bonus) = 51
    → calculating THAC0 as a level 5 creature
    base files: ["BDWIGHT3"]
    → Level: 7, HD: 12, hit points: 84 (base) +3 (bonus) = 87
    base files: ["NEVM1"]
    → jai0m54 enchant: 1
    → Melee range: 2

Creating Wraith (55)...
    warning: Wraith has unvalidated creatures.csv guesses, needs review: HGMIS01 (bg2), TELSLAV (bg2), WRASHI01 (bg2), TELWRAI (bg2)
    info: No attack defined, using defaults
    info: No behavior defined, using defaults
    base files: ["AC#FPWRA","BDWRAI01","BDWRAI02","BDWRAIT1","BPWRAI01","CBMALR6A","DVWRAITH","WRAITH01","WRAITHSU","AC#DT30W","FIRWRA01"]
    → AC reduced to 6 (was 4) because of dexterity bonus (-2)
    → Level: 5, HD: 12, hit points: 60 (base) +3 (bonus) = 63
    → calculating THAC0 as a level 6 creature
    base files: ["AC#FPWRA"]
    base files: ["AC#DT30W","FIRWRA01"]
    → Level: 9, HD: 12, hit points: 108 (base) +3 (bonus) = 111
    base files: ["CBMALR6A"]
    base files: ["DVWRAITH"]
    base files: ["WRAITHSU"]
    → jai1m55 enchant: 1
    → Melee range: 2
