file;general;race;class;anim;deathvar;dialog;origin;name;MonsterId;ValidatedMonsterId
AATAQAH;GIANTHUMANOID;GENIE;GENIE_DJINNI;DJINNI;aataqah;aataqah;base;Aataqah;;
ABAZIGAL;MONSTER;DRAGON;FIGHTER_MAGE;FIGHTER_MALE_HUMAN;Abazigal1;Abazigal;STRATAGEMS;Abazigal;;
ABISRED1;MONSTER;DEMONIC;TANARI;CORNUGON;abisred1;None;base;Abishai;;
ABYDEM01;MONSTER;DEMONIC;TANARI;FIEND_GREEN;abydem01;abydem01;STRATAGEMS;Tanar'ri;;
ACOLYTE1;HUMANOID;HUMAN;CLERIC;CLERIC_MALE_HUMAN;acolyte1;acolyte1;base;Talon Zogas;;
ACOLYTE2;HUMANOID;HUMAN;CLERIC;CLERIC_FEMALE_HUMAN;acolyte2;acolyte2;base;Dawnbringer Alvanna;;
ACOLYTE3;HUMANOID;HUMAN;CLERIC;CLERIC_MALE_HUMAN;acolyte3;acolyte3;base;Watchknight Aabir;;
AEEXTORT;HUMANOID;HUMAN;FIGHTER;FIGHTER_MALE_HUMAN;aeextort;aeextort;base;Hanj;;
AEGNOLL;HUMANOID;GNOLL;GNOLL;GNOLL;aegnoll;aegnoll;base;Gnoll;;
AELOTUS;HUMANOID;HUMAN;INNOCENT;SHADOW_THIEF;aelotus;aelotus;base;Bandon;;
AEMERCH;HUMANOID;HUMAN;INNOCENT;FAT_MAN;aemerch;aemerch;base;Merchant;;
AEMERHOB;HUMANOID;HOBGOBLIN;FIGHTER;HOBGOBLIN;aemerhob;aemerhob;base;Hobgoblin Archer;;
AEMESS;HUMANOID;GNOME;FIGHTER;FIGHTER_MALE_DWARF_LOW;aemess;aemess;base;Messenger;;
AERBOD01;HUMANOID;ELF;CLERIC_MAGE;MAGE_FEMALE_ELF;Aerie;aerie;base;Aerie;;
AERIE;HUMANOID;ELF;CLERIC_MAGE;DEATH_KNIGHT;Aerie;Aerie;base;Aerie;;
AERIE10;HUMANOID;ELF;CLERIC_MAGE;OGRE;Aerie;Aerie;base;Aerie;;
AERIE11;HUMANOID;ELF;CLERIC_MAGE;OGRE;Aerie;Aerie;base;Aerie;;
AERIE12;HUMANOID;ELF;CLERIC_MAGE;MAGE_FEMALE_ELF;Aerie;Aerie25a;base;Aerie;;
AERIE6;HUMANOID;ELF;CLERIC_MAGE;OGRE;Aerie;aerie;base;Aerie;;
AERIE7;HUMANOID;ELF;CLERIC_MAGE;OGRE;Aerie;aerie;base;Aerie;;
AERIE9;HUMANOID;ELF;CLERIC_MAGE;OGRE;Aerie;aerie;base;Aerie;;
AESOLD;HUMANOID;HUMAN;FIGHTER;FIGHTER_MALE_HUMAN;aesold;aesold;base;Soldier;;
AEWERE1;MONSTER;LYCANTHROPE;WEREWOLF;FIGHTER_MALE_HUMAN;aewere1;aewere1;STRATAGEMS;Fighter;;
AEWERE2;MONSTER;LYCANTHROPE;FIGHTER;FIGHTER_MALE_HUMAN;aewere2;aewere2;STRATAGEMS;Fighter;;
AEWERE3;MONSTER;LYCANTHROPE;FIGHTER;FIGHTER_MALE_HUMAN;aewere3;aewere3;STRATAGEMS;Fighter;;
AEWERE4;MONSTER;LYCANTHROPE;FIGHTER;FIGHTER_MALE_HUMAN;aewere4;aewere4;STRATAGEMS;Fighter;;
AEWERE5;MONSTER;LYCANTHROPE;FIGHTER;FIGHTER_MALE_HUMAN;aewere5;aewere5;STRATAGEMS;Fighter;;
AEWERE6;MONSTER;LYCANTHROPE;FIGHTER;FIGHTER_MALE_HUMAN;aewere6;aewere6;STRATAGEMS;Fighter;;
AEWIMER1;HUMANOID;HUMAN;INNOCENT;NOBLE_MAN;aewimer1;aewimer1;base;Merchant;;
AEWIMER2;HUMANOID;HUMAN;INNOCENT;FAT_MAN;aewimer2;aewimer1;base;Merchant;;
AEWIMER3;HUMANOID;HUMAN;INNOCENT;THIEF_MALE_HUMAN;aewimer3;aewimer1;base;Merchant;;
AHAMMED;HUMANOID;HUMAN;INNOCENT;FAT_MAN;None;ahammed;base;Servant;;
AKAE;HUMANOID;ELF;FIGHTER;FIGHTER_MALE_ELF;akae;akae;base;Akae;;
ALAR;HUMANOID;HUMAN;PALADIN;FIGHTER_MALE_HUMAN_LOW;None;alar;base;Alar;;
ALEX;HUMANOID;HUMAN;PALADIN;FIGHTER_MALE_HUMAN;NobleOrder;Knight;base;Sir Beverus;;
ALHEL;HUMANOID;HUMAN;MAGE;MAGE_MALE_HUMAN;NobleOrder;knight;base;Alhelor;;
ALPHONSE;HUMANOID;HUMAN;INNOCENT;PEASANT_MAN;None;ffcrowd3;base;Alphonse;;
ALUFIE01;HUMANOID;ELF;FIGHTER;FIGHTER_FEMALE_ELF;None;None;base;Alu-Fiend;;
ALUFIE02;HUMANOID;DEMONIC;TANARI;FIGHTER_FEMALE_ELF;None;None;base;Alu-Fiend;;
ALYNAR;HUMANOID;HUMAN;PALADIN;FIGHTER_MALE_HUMAN;alynar;alynar;base;Sir Alynar;;
AMARCH01;HUMANOID;HUMAN;FIGHTER_MAGE;FIGHTER_MALE_HUMAN_LOW;AMARCH01;Amarch02;base;Captain Erelon;;
AMARCH02;HUMANOID;HUMAN;FIGHTER;FIGHTER_MALE_HUMAN_LOW;AMARCH02;Amarch01;base;Mercenary;;
AMASANA;HUMANOID;HUMAN;INNOCENT;THIEF_FEMALE_HUMAN;amasana;amasana;base;Asana Haraad;;
AMBAR01;HUMANOID;HUMAN;INNOCENT;FAT_MAN;AMbar01;AMbar01;base;Zakee Rafeha;;
AMBOY01;HUMANOID;HUMAN;INNOCENT;BOY;AMBoy01;AMBOY01;base;Boy;;
AMBOY02;HUMANOID;HUMAN;INNOCENT;BOY;AMBoy02;AMBOY01;base;Boy;;
AMBSLEEP;HUMANOID;HUMAN;INNOCENT;BOY;ambsleep;sleepdw;base;Boy;;
AMBUSH01;HUMANOID;HUMAN;FIGHTER;FIGHTER_MALE_HUMAN;Ambush;None;base;Gatekeeper;;
AMCAPT01;HUMANOID;HUMAN;FIGHTER;FIGHTER_MALE_HUMAN_LOW;amcapt01;amcapt01;base;Mercenary Captain;;
AMCARRAS;HUMANOID;HUMAN;MAGE_THIEF;FIGHTER_MALE_HUMAN;AMcarras;amcarras;base;Carras;;
AMCLER01;HUMANOID;HUMAN;INNOCENT;CLERIC_MALE_HUMAN;amcler01;amcler01;base;Priest of Waukeen;;
AMCLER02;HUMANOID;HUMAN;INNOCENT;CLERIC_MALE_HUMAN;amcler02;amcler02;base;Chyil;;
AMCONM01;HUMANOID;LEATHER;INNOCENT;PEASANT_MAN;amconm01;amman01;base;Commoner;;
AMCONM02;HUMANOID;LEATHER;INNOCENT;FAT_MAN;amconm02;amman01;base;Commoner;;
AMCONW01;HUMANOID;LEATHER;INNOCENT;HARLOT_WOMAN;amconw01;amfem01;base;Commoner;;
AMCOW;ANIMAL;NO_RACE;NO_CLASS;COW;None;None;base;Cow;;
AMCST01;HUMANOID;HUMAN;INNOCENT;PEASANT_MAN;AMcst01;AMcst01;base;Customer;;
AMCST02;HUMANOID;HUMAN;FIGHTER;FIGHTER_MALE_HUMAN_LOW;AMCST02;Amcst02;base;Mercenary;;
AMCST03;HUMANOID;HUMAN;FIGHTER;FIGHTER_FEMALE_HUMAN;AMCST03;Amcst03;base;Mercenary;;
AMCST04;HUMANOID;HUMAN;MAGE;MAGE_MALE_HUMAN_LOW;AMCST04;Amcst04;base;Mage;;
AMCUST01;HUMANOID;HUMAN;INNOCENT;PEASANT_WOMAN;amcust01;amcust01;base;Commoner;;
AMCUST02;HUMANOID;HUMAN;INNOCENT;NOBLE_MAN;amcust02;amcust01;base;Nobleman;;
AMDUEL01;HUMANOID;CHAIN;FIGHTER;FIGHTER_MALE_HUMAN_LOW;amduel01;ammerc07;base;Mercenary;;
AMDUEL02;HUMANOID;CHAIN;FIGHTER;FIGHTER_MALE_HUMAN_LOW;amduel02;ammerc07;base;Mercenary;;
AMDUEL03;HUMANOID;HUMAN;FIGHTER;FIGHTER_MALE_HUMAN_LOW;amduel03;amcapt01;base;Mercenary Captain;;
AMELM01;HUMANOID;HUMAN;CLERIC_MAGE;ELMINSTER;amelm01;amelm01;base;Elminster;;
AMFAHEED;HUMANOID;HUMAN;FIGHTER_MAGE;FIGHTER_MALE_HUMAN;amfaheed;amfaheed;STRATAGEMS;Faheed;;
AMFEM01;HUMANOID;HUMAN;INNOCENT;PEASANT_WOMAN;AMfem01;AMfem01;base;Commoner;;
AMFEM02;HUMANOID;HUMAN;INNOCENT;FAT_WOMAN;AMfem02;AMfem02;base;Commoner;;
AMFEM03;HUMANOID;HUMAN;INNOCENT;PEASANT_WOMAN;AMfem03;AMfem01;base;Commoner;;
AMFEM04;HUMANOID;HUMAN;INNOCENT;HARLOT_WOMAN;AMfem04;AMfem02;base;Commoner;;
AMFSLEEP;HUMANOID;HUMAN;INNOCENT;SLEEPING_WOMAN_HUMAN;None;sleepdw;base;Sleeping Woman;;
AMGIRL01;HUMANOID;HUMAN;INNOCENT;GIRL;AMGIRL01;AMGIRL01;base;Girl;;
AMGIRL02;HUMANOID;HUMAN;INNOCENT;GIRL;AMGIRL02;AMGIRL01;base;Girl;;
AMGRAV01;HUMANOID;HUMAN;INNOCENT;BOY;amgrav01;amgrav01;base;Boy;;
AMIA;HUMANOID;HUMAN;INNOCENT;HARLOT_WOMAN;amia;amia;base;Servant;;
AMINTB01;HUMANOID;HUMAN;INNOCENT;BOY;amintb01;amintb01;base;Boy;;
AMINTM01;HUMANOID;HUMAN;INNOCENT;PEASANT_MAN;amintm01;amintm01;base;Commoner;;
AMINTW01;HUMANOID;HUMAN;INNOCENT;PEASANT_WOMAN;amintw01;amintm01;base;Commoner;;
AMINTW02;HUMANOID;HUMAN;INNOCENT;FAT_WOMAN;amintw01;amintm01;base;Commoner;;
AMLICH01;UNDEAD;LICH;MAGE;LICH;amlich01;amlich01;base;Vongoethe;;
AMMAG01;HUMANOID;HUMAN;MAGE;MAGE_MALE_HUMAN;ammag01;ammag01;base;Mage;;
AMMAJIRA;HUMANOID;HUMAN;CLERIC;CLERIC_FEMALE_HUMAN_LOW;ammajira;ammajira;base;Majira;;
AMMAN01;HUMANOID;HUMAN;INNOCENT;PEASANT_MAN;AMman01;AMman01;base;Commoner;;
AMMAN02;HUMANOID;HUMAN;INNOCENT;FAT_MAN;AMman02;AMman02;base;Commoner;;
AMMAN03;HUMANOID;HUMAN;INNOCENT;PEASANT_MAN;AMman03;AMman01;base;Commoner;;
AMMAN04;HUMANOID;HUMAN;INNOCENT;BEGGAR_MAN;AMman04;AMman02;base;Commoner;;
AMMAYOR;HUMANOID;HUMAN;INNOCENT;FAT_MAN;ammayor;ammayor;base;Omar Haraad;;
AMMERC01;HUMANOID;HUMAN;FIGHTER;FIGHTER_MALE_HUMAN;ammerc01;ammerc01;base;Mercenary;;
AMMERC02;HUMANOID;HUMAN;FIGHTER;FIGHTER_MALE_HUMAN;ammerc02;ammerc02;base;Mercenary;;
AMMERC03;HUMANOID;HUMAN;FIGHTER;FIGHTER_MALE_HUMAN_LOW;ammerc03;ammerc03;base;Mercenary;;
AMMERC04;HUMANOID;HUMAN;FIGHTER;FIGHTER_FEMALE_HUMAN;ammerc04;ammerc04;base;Mercenary;;
AMMERC07;HUMANOID;HUMAN;FIGHTER;FIGHTER_MALE_HUMAN_LOW;ammerc07;ammerc07;base;Mercenary;;
AMMERC08;HUMANOID;HUMAN;FIGHTER;FIGHTER_MALE_HUMAN_LOW;ammerc08;ammerc07;base;Mercenary;;
AMMERC09;HUMANOID;HUMAN;FIGHTER;FIGHTER_MALE_HUMAN_LOW;ammerc09;ammerc07;base;Mercenary;;
AMMGRD01;HUMANOID;HUMAN;MONK;MONK_MALE_HUMAN;ammgrd01;ammgrd01;base;Monk;;
AMMGRD02;HUMANOID;HUMAN;MONK;MONK_FEMALE_HUMAN;ammgrd02;ammgrd02;base;Monk;;
AMMGRD03;HUMANOID;HUMAN;MONK;MONK_MALE_HUMAN;ammgrd03;ammgrd02;base;Monk;;
AMMGRD04;HUMANOID;HUMAN;MONK;MONK_MALE_HUMAN;ammgrd04;ammgrd02;base;Guard Captain;;
AMMGRD05;HUMANOID;HUMAN;MONK;MONK_MALE_HUMAN;ammgrd05;ammgrd05;base;Monk;;
AMMINOT;MONSTER;UMBERHULK;UMBERHULK;MINOTAUR;None;;base;Minotaur;;
AMMLEGS;HUMANOID;HUMAN;MONK;MONK_MALE_HUMAN;ammlegs;amnlegs;base;Monk;;
AMMONK01;HUMANOID;HUMAN;MONK;MONK_MALE_HUMAN;ammonk01;ammonk01;base;Monk;;
AMMONK02;HUMANOID;HUMAN;MONK;MONK_MALE_HUMAN;ammonk02;ammonk02;base;Monk;;
AMMONK03;HUMANOID;HUMAN;MONK;MONK_MALE_HUMAN;ammonk03;ammonk03;base;Monk;;
AMMONK04;HUMANOID;HUMAN;MONK;MONK_MALE_HUMAN;ammonk04;none;base;Monk;;
AMMONK05;HUMANOID;HUMAN;MONK;MONK_FEMALE_HUMAN;ammonk05;none;base;Monk;;
AMMONK06;HUMANOID;HUMAN;MONK;MONK_MALE_HUMAN;ammonk06;none;base;Monk;;
AMMONK07;HUMANOID;HUMAN;MONK;MONK_MALE_HUMAN;ammonk07;ammonk07;base;Monk;;
AMMONK08;HUMANOID;HUMAN;MONK;MONK_FEMALE_HUMAN;ammonk08;ammonk08;base;Monk;;
AMMSLEEP;HUMANOID;HUMAN;INNOCENT;SLEEPING_MAN_HUMAN;None;sleepdw;base;Sleeping Man;;
AMNCEN1;HUMANOID;HUMAN;FIGHTER;AMNIAN_SOLDIER;None;amncen1;base;Amnian Centurion;;
AMNG1;HUMANOID;HUMAN;INNOCENT;AMNIAN_SOLDIER;AmnG1;amng1;base;Amnian Soldier;;
AMNG2;HUMANOID;HUMAN;INNOCENT;AMNIAN_SOLDIER;None;amng2;base;Amnian Soldier;;
AMNLEG01;HUMANOID;HUMAN;FIGHTER;AMNIAN_SOLDIER;amnleg01;none;base;Amnian Legionary;;
AMNLEG1;HUMANOID;HUMAN;FIGHTER;AMNIAN_SOLDIER;None;amnleg1;base;Amnian Legionary;;
AMNLEGS;HUMANOID;HUMAN;INNOCENT;AMNIAN_SOLDIER;None;amnlegs;base;Amnian Legionary;;
AMSAEMON;HUMANOID;HUMAN;FIGHTER_MAGE;FIGHTER_MALE_HUMAN;AMSaemon;AmSaemon;base;Saemon Havarian;;
AMSEAT01;HUMANOID;HUMAN;INNOCENT;STATIC_PEASANT_MAN_CHAIR;amseat01;amcst01;base;Customer;;
AMSHEP01;HUMANOID;HUMAN;INNOCENT;FIGHTER_MALE_HUMAN;amshep01;amman01;base;Cowherd;;
AMSI;HUMANOID;HUMAN;MAGE;MONK_MALE_HUMAN;amsi;amsi;base;Am-Si;;
AMSMITH;HUMANOID;GNOME;INNOCENT;MAGE_MALE_GNOME;amsmith;amsmith;base;Kerrick the Smith;;
AMSMUG01;HUMANOID;HUMAN;THIEF;THIEF_MALE_HUMAN;AMSMUG01;amsmug01;base;Smuggler;;
AMSMUG02;HUMANOID;HUMAN;THIEF;THIEF_MALE_HUMAN;amsmug02;amsmug02;base;Smuggler;;
AMTARC01;HUMANOID;ELF;FIGHTER;FIGHTER_MALE_ELF;amtarc01;AMTARC01;d0questpack;Tethyrian Archer;;
AMTCAP01;HUMANOID;HUMAN;FIGHTER;FIGHTER_MALE_HUMAN;amtcap01;AMTCAP01;d0questpack;Tethyrian Captain;;
AMTCLE01;HUMANOID;HUMAN;CLERIC_RANGER;CLERIC_FEMALE_HUMAN_LOW;yssold16;;d0questpack;Cleric Of Lathander;;
AMTCLER0;HUMANOID;HUMAN;CLERIC;CLERIC_FEMALE_HUMAN_LOW;yssold16;;base;Cleric Of Lathander;;
AMTGEN01;HUMANOID;HUMAN;FIGHTER;FIGHTER_MALE_HUMAN;amtgen01;AMTGEN01;d0questpack;Jamis Tombelthen;;
AMTMAG01;HUMANOID;HUMAN;MAGE;MAGE_MALE_HUMAN;amtmag01;AMTMAG01;d0questpack;Tethyrian Battlemage;;
AMTPIK01;HUMANOID;HUMAN;FIGHTER;AMNIAN_SOLDIER;amtpik01;AMTPIK01;d0questpack;Tethyrian Pikeman;;
AMUMBER;MONSTER;UMBERHULK;UMBERHULK;UMBER_HULK;None;;base;Umber Hulk;;
AMWENC01;HUMANOID;HUMAN;INNOCENT;HARLOT_WOMAN;AMwenc01;AMwenc01;base;Leila;;
AMWYVERN;MONSTER;WYVERN;MAGE;WYVERN;Wyvern;lucy;base;Lucy;BabyWyvern;false
ANAST;HUMANOID;HUMAN;THIEF;THIEF_FEMALE_HUMAN;ANAST;boanaste;base;Valen;;
ANKHEG01;MONSTER;ANKHEG;ANKHEG;ANKHEG;None;;base;Ankheg;Ankheg;false
ANNO1;HUMANOID;HUMAN;INNOCENT;STATIC_NOBLE_MAN;Announcer;anno1;base;Announcer;;
ANNOUN;HUMANOID;HUMAN;INNOCENT;PEASANT_MAN;None;None;base;Peasant;;
ANOMEN10;HUMANOID;HUMAN;FIGHTER_CLERIC;FIGHTER_MALE_HUMAN;Anomen;ANOMEN;base;Anomen;;
ANOMEN12;HUMANOID;HUMAN;FIGHTER_CLERIC;FIGHTER_MALE_HUMAN;Anomen;ANOME25a;base;Anomen;;
ANOMEN6;HUMANOID;HUMAN;FIGHTER_CLERIC;FIGHTER_MALE_HUMAN;Anomen;ANOMEN;base;Anomen;;
ANOMEN7;HUMANOID;HUMAN;FIGHTER_CLERIC;FIGHTER_MALE_HUMAN;Anomen;ANOMEN;base;Anomen;;
ANOMEN8;HUMANOID;HUMAN;FIGHTER_CLERIC;FIGHTER_MALE_HUMAN;Anomen;ANOMEN;base;Anomen;;
ANOMEN9;HUMANOID;HUMAN;FIGHTER_CLERIC;FIGHTER_MALE_HUMAN;Anomen;ANOMEN;base;Anomen;;
ANOTHUG;HUMANOID;HUMAN;FIGHTER;FIGHTER_MALE_HUMAN;anothug;;base;Guard;;
ANTENOS;HUMANOID;HUMAN;THIEF;THIEF_MALE_HUMAN;antenos;antenos;base;Antenos;;
AR18ARCH;HUMANOID;HUMAN;FIGHTER;FIGHTER_FEMALE_HUMAN;AR18ARCH;;base;Archer;;
AR18DWAF;HUMANOID;DWARF;FIGHTER;FIGHTER_MALE_DWARF;AR18DWAF;;base;Duergar;;
AR18FAM;HUMANOID;MEPHIT;MEPHIT;IMP;AR18FAM;;base;Mist Mephit;;
AR18FIG;HUMANOID;ORC;FIGHTER;OROG_ELITE;gpfight1;gpfight1;base;Mercenary;;
AR18MAGE;HUMANOID;HUMAN;MAGE;MAGE_MALE_HUMAN;ar18Mage;;base;Mage;;
AR18PRIE;HUMANOID;HUMAN;CLERIC;CLERIC_MALE_HUMAN;AR18PRIE;None;base;Priest of Cyric;;
AR18SKEL;UNDEAD;SKELETON;SKELETON_WARRIOR;SKELETON_WARRIOR;None;;base;Skeleton Warrior;SkeletonWarrior;true
AR18THIF;HUMANOID;HUMAN;THIEF;THIEF_MALE_HUMAN;gpthief1;None;base;Thief;;
ARAN;HUMANOID;HUMAN;MAGE_THIEF;THIEF_MALE_HUMAN;aran;aran;base;Aran Linvail;;
ARAN02;HUMANOID;HUMAN;MAGE_THIEF;THIEF_MALE_HUMAN;aran;aran02;base;Aran Linvail;;
ARENTHIS;HUMANOID;HUMAN;CLERIC;CLERIC_MALE_HUMAN;Arenthis;arenthis;base;Arenthis;;
ARGRIM;HUMANOID;HUMAN;INNOCENT;NOBLE_MAN;None;argrim;base;Lord Ketlaar Argrim;;
ARKANISG;HUMANOID;HUMAN;FIGHTER_THIEF;THIEF_MALE_HUMAN;arkanisg;arkanisg;base;Arkanis Gath;;
ARLED;HUMANOID;ELF;FIGHTER_THIEF;FIGHTER_MALE_ELF;Arledrian;arled;rr;Arledrian;;
ARMY01;HUMANOID;ORC;ORC;ORC_MELEE;None;None;base;Orc;;
ARNBOY01;HUMANOID;HUMAN;THIEF;BOY;arnboy01;arnboy01;base;Apprentice Torturer Douglas;;
ARNFGT01;HUMANOID;HUMAN;THIEF;THIEF_MALE_HUMAN;arnfgt01;arnfgt01;base;Shadow Thief;;
ARNFGT02;HUMANOID;HUMAN;THIEF;THIEF_MALE_HUMAN;arnfgt02;;base;Shadow Thief;;
ARNFGT03;HUMANOID;HUMAN;FIGHTER;SHADOW_THIEF;arnfgt03;arnfgt03;base;Shadow Thief;;
ARNFGT04;HUMANOID;HUMAN;THIEF;THIEF_MALE_HUMAN;arnfgt04;arnfgt04;base;Shadow Thief;;
ARNFGT05;HUMANOID;HUMAN;MAGE;MAGE_MALE_HUMAN;arnfgt05;;base;Shadow Thief;;
ARNFGT06;HUMANOID;HUMAN;MAGE;MAGE_MALE_HUMAN;arnfgt06;arnfgt06;base;Haz;;
ARNGOL01;GIANTHUMANOID;GOLEM;GOLEM_FLESH;A7!GOLEM_FLESH_PST;None;;A7-GOLEMCONSTRUCTION;Golem;FleshGolem;false
ARNGRL01;HUMANOID;ELF;THIEF;THIEF_FEMALE_ELF;arngrl01;arngrl01;base;Missy;;
ARNMAN01;HUMANOID;HUMAN;INNOCENT;STATIC_BEGGAR_MAN;arnman01;arnman01;base;Prisoner;;
ARNMAN02;HUMANOID;HUMAN;INNOCENT;STATIC_BEGGAR_MAN;arnman02;arnman02;base;Prisoner;;
ARNMAN03;HUMANOID;HUMAN;THIEF;THIEF_MALE_HUMAN;arnman03;arnman03;base;Cuchul;;
ARNMAN04;HUMANOID;HALFLING;THIEF;THIEF_FEMALE_HALFLING;arnman04;arnman04;base;Mitsu;;
ARNMAN05;HUMANOID;ELF;THIEF;THIEF_MALE_ELF;arnman05;arnman05;base;Achon;;
ARNMAN06;HUMANOID;DWARF;INNOCENT;THIEF_MALE_DWARF;arnman06;arnman06;base;Prisoner;;
ARNMAN07;HUMANOID;ELF;INNOCENT;SLEEPING_MAN_ELF;arnman07;arnman07;base;Prisoner;;
ARNMAN08;HUMANOID;HUMAN;THIEF;SHADOW_THIEF;arnman08;arnman08;base;Shadow Thief;;
ARNMAN09;HUMANOID;HUMAN;THIEF;THIEF_MALE_HUMAN;arnman09;arnman09;base;Shadow Thief;;
ARNMAN10;HUMANOID;HUMAN;FIGHTER;THIEF_MALE_HUMAN;arnman10;arnman10;base;Trainee;;
ARNMAN11;HUMANOID;HUMAN;FIGHTER;SHADOW_THIEF;arnman11;arnman11;base;Trainee;;
ARNTRA01;HUMANOID;HUMAN;THIEF;SHADOW_THIEF;arntra01;arntra01;base;Trainee;;
ARNTRA02;HUMANOID;HUMAN;MAGE;MAGE_MALE_HUMAN;arntra02;arntra02;base;Trainee;;
ARNTRA03;HUMANOID;HUMAN;FIGHTER;THIEF_MALE_HUMAN;arntra03;arntra03;base;Trainee;;
ARNTRA04;HUMANOID;HUMAN;THIEF;THIEF_MALE_HUMAN;arntra04;arntra04;base;Trainee;;
ARNTRA05;HUMANOID;HUMAN;FIGHTER;THIEF_MALE_HUMAN;arntra05;arntra05;base;Shadow Thief;;
ARNTRA06;HUMANOID;HUMAN;THIEF;FIGHTER_MALE_HUMAN;arntra06;arntra06;base;Shadow Thief;;
ARNWAR01;HUMANOID;HUMAN;FIGHTER;THIEF_MALE_HUMAN;arnfgt03;arnfgt03;base;Shadow Thief;;
ARNWAR02;HUMANOID;HUMAN;THIEF;THIEF_MALE_HUMAN;arnfgt04;arnfgt04;base;Shadow Thief;;
ARNWAR03;HUMANOID;HUMAN;THIEF;THIEF_MALE_HUMAN;arnfgt01;arnfgt01;base;Shadow Thief;;
ARNWAR04;HUMANOID;HUMAN;THIEF;THIEF_MALE_HUMAN;arnfgt02;;base;Shadow Thief;;
ARNWAR05;HUMANOID;HUMAN;MAGE;MAGE_MALE_HUMAN;arnfgt05;;base;Shadow Thief;;
ARNWAR06;HUMANOID;HUMAN;MAGE;MAGE_MALE_HUMAN;arnwar06;arnwar06;base;Haz;;
ARNWAR07;HUMANOID;HUMAN;FIGHTER;FIGHTER_MALE_HUMAN;arnwar07;arnwar07;base;Dedral;;
ARNWAR08;HUMANOID;HUMAN;THIEF;THIEF_MALE_HUMAN;arnwar08;arnwar08;base;Tizzak;;
ARNWAR09;HUMANOID;ELF;CLERIC_MAGE;MAGE_FEMALE_ELF;arnwar09;;d0questpack;Shadow Thief;;
ARNWAR10;HUMANOID;HUMAN;CLERIC;CLERIC_MALE_HUMAN;pries12a;None;base;Priest of Mask;;
ARTEMIS;HUMANOID;HUMAN;THIEF;FIGHTER_MALE_HUMAN;artemis;artemis;base;Artemis Entreri;;
ARVAL;HUMANOID;HUMAN;CLERIC;CLERIC_MALE_HUMAN_LOW;Arval;Arval;base;High Mornmaster Arval;;
BADLUCK;HUMANOID;HUMAN;THIEF;GIRL;shthlt01;chain;base;Jariel;;
BALELITE;HUMANOID;HUMAN;MONK;MONK_MALE_HUMAN;balelite;None;base;Monk;;
BALOR01;MONSTER;DEMONIC;TANARI;TANARRI;balor01;;base;Balor;;
BALTH;HUMANOID;HUMAN;MONK;MONK_MALE_HUMAN;balth;balth;base;Balthazar;;
BAMNG01;HUMANOID;HUMAN;FIGHTER;AMNIAN_SOLDIER;None;Bamng01;base;Amnian Guard;;
BAMNG02;HUMANOID;HUMAN;FIGHTER;AMNIAN_SOLDIER;None;Bamng02;base;Amnian Guard;;
BANSHE01;UNDEAD;WRAITH;NO_CLASS;WAILING_VIRGIN;banshe01;banshe01;base;Banshee;Banshee;true
BARL;HUMANOID;HUMAN;FIGHTER_CLERIC;CLERIC_MALE_HUMAN;barl;barl;base;Barl;;
BARONP;HUMANOID;HUMAN;FIGHTER;FIGHTER_MALE_HUMAN;Ployer;baronp;base;Baron Ployer;;
BARSAIL1;HUMANOID;HUMAN;FIGHTER;SAILOR_MAN;None;barsail1;base;Sailor;;
BARSAIL2;HUMANOID;HUMAN;FIGHTER;FIGHTER_FEMALE_HUMAN;None;barsail2;base;Sailor;;
BASGRT01;MONSTER;BASILISK;BASILISK_GREATER;BASILISK_GREATER;None;;base;Greater Basilisk;GreaterBasilisk;false
BASILGSU;MONSTER;BASILISK;BASILISK_GREATER;BASILISK_GREATER;None;;base;Greater Basilisk;GreaterBasilisk;true
BASILLSU;MONSTER;BASILISK;BASILISK;BASILISK;None;;base;Lesser Basilisk;LesserBasilisk;true
BASLES01;MONSTER;BASILISK;BASILISK;BASILISK;None;;base;Lesser Basilisk;LesserBasilisk;false
BATFORM1;MONSTER;NO_RACE;NO_CLASS;BLOB_MIST_CREATURE;None;None;base;Djinni;;
BATIN01;ANIMAL;NO_RACE;NO_CLASS;BAT_INSIDE;batin01;;base;Bat;;
BATOUT01;ANIMAL;NO_RACE;NO_CLASS;BAT_OUTSIDE;batout01;;base;Bat;;
BAZDRA01;HUMANOID;HUMAN;MAGE;CLERIC_MALE_HUMAN;Bazdra01;Bazdra01;base;Draconis;;
BAZDRA02;MONSTER;DRAGON;MAGE;DRAGON_BROWN;Bazdra02;Bazdra02;base;Draconis;;
BAZDRA03;MONSTER;DRAGON;RED_DRAGON;DRAGON_GREEN;Bazdra03;Bazdra03;base;Fll'Yissetat;;
BAZEYE01;HUMANOID;HUMAN;MAGE;MAGE_MALE_HUMAN;bazeye01;bazeye01;base;Iycanth the Mad;;
BAZEYE02;HUMANOID;HUMAN;MAGE;MAGE_MALE_HUMAN;bazeye02;bazeye01;base;Iycanth the Mad;;
BAZEYE03;HUMANOID;NO_RACE;NO_CLASS;WIZARD_EYE;bazeye03;bazeye03;base;Observer;;
BAZEYE04;HUMANOID;NO_RACE;NO_CLASS;WIZARD_EYE;bazeye04;bazeye04;base;Observer;;
BAZGAU01;MONSTER;BEHOLDER;BEHOLDER;BEHOLDER_SMALL;bazgau01;bazgau01;base;Gauth;;
BAZLIZ01;HUMANOID;HUMAN;MAGE;LIZARD_MAN_ELITE;bazliz01;bazliz01;base;Lizard Man Shaman;;
BAZLIZ02;HUMANOID;HUMAN;MAGE;LIZARD_MAN_ELITE;bazliz02;bazliz02;base;Lizard Man Shaman;;
BAZLIZ03;MONSTER;YUANTI;FIGHTER;LIZARD_MAN_ELITE;Bazliz03;Bazliz03;base;Lizard Man;;
BAZLIZ04;MONSTER;YUANTI;FIGHTER;LIZARD_MAN_ELITE;Bazliz04;Bazliz04;base;Lizard Man Captain;;
BAZMONK;HUMANOID;HUMAN;FIGHTER;MONK_MALE_HUMAN;Bazmonk;Bazmonk;base;Monk;;
BAZPAT01;HUMANOID;HALFLING;THIEF;THIEF_MALE_HALFLING;bazpat01;bazpat01;base;Bondari;;
BAZPAT02;HUMANOID;HUMAN;FIGHTER;FIGHTER_MALE_HUMAN;bazpat02;bazpat02;base;Nanoc the Barbarian;;
BAZPAT03;HUMANOID;ELF;MAGE;MAGE_MALE_ELF;bazpat03;bazpat03;base;Tim Goldenhand;;
BBEGG1;HUMANOID;HUMAN;INNOCENT;STATIC_BEGGAR_MAN;None;bbegg1;base;Beggar;;
BBEGG2;HUMANOID;HALFLING;INNOCENT;FIGHTER_MALE_HALFLING;None;bbegg2;base;Beggar;;
BDACT01;HUMANOID;HUMAN;INNOCENT;PEASANT_WOMAN;bdact01;bdact01;base;Wynn;;
BDACT02;HUMANOID;HUMAN;INNOCENT;PEASANT_MAN;bdact02;bdact02;base;Ketrick;;
BDACT03;HUMANOID;HUMAN;INNOCENT;PEASANT_WOMAN;bdact03;bdact03;base;Jenna;;
BDACT04;HUMANOID;ELF;INNOCENT;CLERIC_FEMALE_ELF;bdact04;bdact04;base;Iltheia;;
BDACT05;HUMANOID;HUMAN;INNOCENT;NOBLE_MAN;bdact05;bdact05;base;Zaren;;
BDACT06;HUMANOID;HUMAN;INNOCENT;PEASANT_MAN;bdact06;bdact06;base;Marcus;;
BDACT07;HUMANOID;HUMAN;INNOCENT;NOBLE_MAN;bdact07;bdact07;base;Balmitance;;
BDACT08;HUMANOID;ELF;INNOCENT;NOBLE_WOMAN;bdact08;bdact08;base;Karenina;;
BDACT09;HUMANOID;ELF;INNOCENT;NOBLE_WOMAN;bdact09;bdact08;base;Karenina;;
BDACT10;HUMANOID;HUMAN;INNOCENT;PEASANT_MAN;bdact10;bdact06;base;Marcus;;
BDAUD01;HUMANOID;HUMAN;INNOCENT;PEASANT_MAN;bdaud01;bdaud01;base;Peasant;;
BDAUD02;HUMANOID;HUMAN;INNOCENT;PEASANT_WOMAN;bdaud02;bdaud02;base;Peasant;;
BDAUD03;HUMANOID;HUMAN;INNOCENT;FAT_MAN;bdaud03;bdaud03;base;Commoner;;
BDBART01;HUMANOID;HALFLING;FIGHTER;CLERIC_MALE_HALFLING;bdbart01;bdbart01;base;Samuel Thunderburp;;
BDCOUN01;HUMANOID;HUMAN;INNOCENT;MONK;bdcoun01;bdcoun01;base;Council Member;;
BDCOUN02;HUMANOID;HUMAN;INNOCENT;NOBLE_WOMAN;bdcoun02;bdcoun02;base;Courtier;;
BDCOUN03;HUMANOID;HUMAN;FIGHTER;FIGHTER_MALE_HUMAN;bdcoun03;bdcoun03;base;Bodyguard;;
BDCUTID;HUMANOID;NO_RACE;NO_CLASS;BIRD;BDCUTID;NONE;base;;;
BDGOPH01;HUMANOID;HUMAN;INNOCENT;BOY;bdgoph01;bdgoph01;base;Meck;;
BDGOPH02;HUMANOID;HUMAN;INNOCENT;BOY;bdgoph02;bdgoph02;base;Meck;;
BDHIGG01;HUMANOID;HUMAN;INNOCENT;NOBLE_MAN;bdhigg01;bdhigg01;base;Higgold;;
BDOCK1;GIANTHUMANOID;OGRE;OGRE;OGRE;BDock1;bdock1;base;Dockhand Ogre;Ogre;false
BDOCK2;GIANTHUMANOID;OGRE;OGRE;OGRE;BDock2;bdock2;base;Dockhand Ogre;Ogre;false
BDOFFSCR;HUMANOID;NO_RACE;NO_CLASS;BIRD;BDOFFSCR;NONE;base;;;
BDPRST01;HUMANOID;DWARF;CLERIC;CLERIC_FEMALE_DWARF;bdprst01;bdprst01;base;Shvanana;;
BDSHA01A;ANIMAL;NO_RACE;NO_CLASS;WOLF_DIRE;BDSHA01A;;base;Fox Spirit;;
BDSHA01B;ANIMAL;NO_RACE;NO_CLASS;SNAKE;BDSHA01B;;base;Snake Spirit;;
BDSHA01C;ANIMAL;DOG;DOG_WAR;DOG_WAR;BDSHAM1C;;base;Hound Spirit;SpectralHound;true
BDSHA06A;ANIMAL;NO_RACE;NO_CLASS;BEAR_BROWN;BDSHA06A;;base;Bear Spirit;;
BDSHA06B;ANIMAL;NO_RACE;NO_CLASS;GREATCAT_PANTHER;BDSHA06B;;base;Panther Spirit;;
BDSHA06C;ANIMAL;NO_RACE;NO_CLASS;BOAR_ARCTIC;BDSHA06C;;base;Boar Spirit;;
BDSHA12A;GIANTHUMANOID;ELEMENTAL;ELEMENTAL_FIRE;ELEMENTAL_FIRE_SMALL;BDSHA12A;;base;Lesser Fire Spirit;;
BDSHA12B;GIANTHUMANOID;ELEMENTAL;ELEMENTAL_AIR;ELEMENTAL_AIR_SMALL;BDSHA12B;;base;Lesser Air Spirit;;
BDSHA12C;GIANTHUMANOID;ELEMENTAL;ELEMENTAL_EARTH;ELEMENTAL_EARTH_SMALL;BDSHA12C;;base;Lesser Earth Spirit;;
BDSHA18A;GIANTHUMANOID;ELEMENTAL;ELEMENTAL_FIRE;ELEMENTAL_FIRE;BDSHA18A;;base;Fire Spirit;;
BDSHA18B;GIANTHUMANOID;ELEMENTAL;ELEMENTAL_AIR;ELEMENTAL_AIR;BDSHA18B;;base;Air Spirit;;
BDSHA18C;GIANTHUMANOID;ELEMENTAL;ELEMENTAL_EARTH;ELEMENTAL_EARTH;BDSHA18C;;base;Earth Spirit;;
BDTURM01;HUMANOID;HUMAN;FIGHTER;FIGHTER_MALE_HUMAN;bdturm01;bdturm01;base;Turmish Leader;;
BDTURM02;HUMANOID;HUMAN;THIEF;THIEF_MALE_HUMAN;bdturm02;bdturm02;base;Turmish Thief;;
BDTURM03;HUMANOID;HUMAN;MAGE;MAGE_FEMALE_HUMAN;bdturm03;bdturm03;base;Turmish Sorceress;;
BDTURM04;HUMANOID;HUMAN;FIGHTER;FIGHTER_MALE_HUMAN;bdturm04;bdturm04;base;Turmish Thug;;
BEARBL;ANIMAL;BEAR;BEAR_BLACK;BEAR_BLACK;None;;base;Black Bear;BlackBear;true
BEARBL01;ANIMAL;BEAR;BEAR_BLACK;BEAR_BLACK;None;;base;Black Bear;BlackBear;false
BEARBLSU;ANIMAL;BEAR;BEAR_BLACK;BEAR_BLACK;None;;base;Black Bear;BlackBear;true
BEARBR;ANIMAL;BEAR;BEAR_BROWN;BEAR_BROWN;BEARBR;;ctb;Brown Bear;BrownBear;true
BEARBR01;ANIMAL;BEAR;BEAR_BROWN;BEAR_BROWN;None;;base;Brown Bear;BrownBear;false
BEARBRSU;ANIMAL;BEAR;BEAR_BROWN;BEAR_BROWN;None;;base;Brown Bear;BrownBear;true
BEARCA01;ANIMAL;BEAR;BEAR_CAVE;BEAR_CAVE;None;;base;Cave Bear;CaveBear;false
BEARCASU;ANIMAL;BEAR;BEAR_CAVE;BEAR_CAVE;None;;base;Cave Bear;CaveBear;true
BEARGR;ANIMAL;BEAR;BEAR_BROWN;BEAR_BROWN;None;;base;Grizzly Bear;BrownBear;false
BEARGRSU;ANIMAL;BEAR;BEAR_BROWN;BEAR_BROWN;None;;base;Grizzly Bear;BrownBear;false
BEARPO01;ANIMAL;BEAR;BEAR_POLAR;BEAR_POLAR;None;;base;Mountain Bear;PolarBear;false
BEARPOSU;ANIMAL;BEAR;BEAR_POLAR;BEAR_POLAR;None;;base;Mountain Bear;PolarBear;true
BEAST;HUMANOID;HALF_ELF;FIGHTER;FIGHTER_MALE_ELF;beast;beast;base;Beastmaster;;
BECKY;HUMANOID;HUMAN;INNOCENT;PEASANT_WOMAN;diane;becky;base;Becky;;
BEELOO;HUMANOID;GNOME;THIEF;THIEF_MALE_GNOME;beeloo;beeloo;base;Beeloo Jansen;;
BEGGAR1;HUMANOID;HUMAN;INNOCENT;STATIC_BEGGAR_MAN;None;beggar1;base;Beggar;;
BEGGAR2;HUMANOID;HUMAN;INNOCENT;STATIC_BEGGAR_MAN;None;beggar2;base;Beggar;;
BEGGAR3;HUMANOID;HUMAN;INNOCENT;STATIC_PEASANT_WOMAN;None;beggar3;base;Beggar;;
BEHDIR01;MONSTER;BEHOLDER;BEHOLDER;BEHOLDER;None;;base;Director;;
BEHELD01;MONSTER;BEHOLDER;BEHOLDER;BEHOLDER;None;;base;Elder Orb;;
BEHGAS01;MONSTER;BEHOLDER;BEHOLDER;BEHOLDER_SMALL;None;;base;Gas Spore;;
BEHGAU01;MONSTER;BEHOLDER;BEHOLDER;BEHOLDER_SMALL;None;;base;Gauth;;
BEHHIV01;MONSTER;BEHOLDER;MAGE;BEHOLDER;behhiv01;behhiv01;STRATAGEMS;Hive Mother;;
BEHOBS01;MONSTER;BEHOLDER;BEHOLDER;BEHOLDER;None;;base;Observer;;
BEHOLD01;MONSTER;BEHOLDER;BEHOLDER;BEHOLDER;None;;base;Beholder;;
BEHSPE01;MONSTER;BEHOLDER;BEHOLDER;BEHOLDER;None;;base;Spectator;;
BEHUND01;UNDEAD;BEHOLDER;BEHOLDER;BEHOLDER;None;;base;Death Tyrant;;
BELMIN;HUMANOID;HUMAN;CLERIC;CLERIC_MALE_HUMAN;belmin;belmin;base;Belmin Gergas;;
BELT;HUMANOID;HUMAN;FIGHTER;FIGHTER_MALE_HUMAN;Belt;belt;base;Belt;;
BENJY;HUMANOID;HUMAN;FIGHTER;CLERIC_MALE_HUMAN;BENJY;benjy;base;Benjy;;
BERINVAR;HUMANOID;HUMAN;FIGHTER;FIGHTER_MALE_HUMAN;berinvar;berinvar;base;Berinvar;;
BERKREF;HUMANOID;HUMAN;CLERIC;CLERIC_MALE_HUMAN;berkref;berkref;base;Zorl;;
BERNARD;HUMANOID;HUMAN;FIGHTER;FAT_MAN;BERNARD;bernard;d0questpack;Bernard;;
BERSER02;HUMANOID;HUMAN;FIGHTER;FIGHTER_MALE_HUMAN;berser02;None;base;Berserk Warrior;;
BERSER03;HUMANOID;HUMAN;FIGHTER;FIGHTER_MALE_HUMAN;berser03;None;base;Berserk Warrior;;
BERSERSU;HUMANOID;HUMAN;FIGHTER;FIGHTER_MALE_HUMAN;bersersu;None;base;Berserk Warrior;;
BERTRAND;HUMANOID;GNOME;INNOCENT;FIGHTER_MALE_GNOME;None;bertrand;base;Bertrand the "Companion";;
BFISHER1;HUMANOID;HUMAN;INNOCENT;PEASANT_MAN;None;bfisher1;base;Fisherman;;
BFISHW1;HUMANOID;HUMAN;INNOCENT;FAT_WOMAN;None;bfishw1;base;Commoner;;
BFTOWN1;HUMANOID;HUMAN;INNOCENT;PEASANT_WOMAN;None;bftown1;base;Commoner;;
BFTOWN2;HUMANOID;HUMAN;INNOCENT;PEASANT_WOMAN;None;bftown2;base;Commoner;;
BFTOWN3;HUMANOID;HALFLING;INNOCENT;FIGHTER_FEMALE_HALFLING_LOW;bftown3;bftown3;base;Commoner;;
BGUARD1;HUMANOID;HUMAN;FIGHTER;FIGHTER_MALE_HUMAN;bguard1;bguard1;base;Guard;;
BHAAL01;HUMANOID;HUMAN;FIGHTER;SLAYER;bhaal01;bhaal01;base;Bhaal;;
BHALF1;HUMANOID;HALFLING;FIGHTER_THIEF;FIGHTER_MALE_HALFLING;stivan;bhalf1;base;Stivan the Hunter;;
BHARVAL;HUMANOID;HUMAN;CLERIC;CLERIC_MALE_HUMAN_LOW;Arval;bharval;base;High Mornmaster Arval;;
BHCAPT01;HUMANOID;HUMAN;FIGHTER;FIGHTER_MALE_HUMAN;None;BHGuard;base;Elite Guard Captain;;
BHCRYPT;UNDEAD;SPECTRE;SPECTRE;FIGHTER_MALE_HUMAN;bhcrypt;bhcrypt;base;Crypt King;Spectre;false
BHELM;HUMANOID;HUMAN;CLERIC;CLERIC_MALE_HUMAN;None;bhelm;base;Guardian Vottnar;;
BHEYE;MONSTER;BEHOLDER;BEHOLDER;BEHOLDER;UnseeingEye;Bheye;base;Unseeing Eye;;
BHGAAL01;HUMANOID;HUMAN;FIGHTER;FIGHTER_MALE_HUMAN;None;bhgaal01;base;Elite Guard;;
BHGHOUL1;UNDEAD;GHOUL;GHOUL;GHOUL;bhghoul1;bhghoul1;base;Ghoul;Ghoul;true
BHGHOUL2;UNDEAD;GHOUL;GHOUL_GHAST;GHAST;bhghoul2;bhghoul2;base;Ghast;Ghast;true
BHGHOUL3;UNDEAD;ZOMBIE;ZOMBIE_NORMAL;ZOMBIE;bhghoul3;bhghoul3;base;Zombie;;
BHGHOUL4;UNDEAD;GHOUL;GHOUL_GHAST;GHAST;None;bhghoul4;base;Ghast;Ghast;true
BHGHOUL5;UNDEAD;ZOMBIE;ZOMBIE_NORMAL;ZOMBIE;None;zombie;base;Zombie;;
BHGUARD;HUMANOID;HUMAN;FIGHTER;FIGHTER_MALE_HUMAN;bhguard;BHGuard;base;Elite Guard;;
BHGUARD2;HUMANOID;HUMAN;FIGHTER;FIGHTER_MALE_HUMAN;None;BHGuard;base;Elite Guard;;
BHNALLA;HUMANOID;HUMAN;BARD;CLERIC_MALE_HUMAN;Nallabir;bhnalla;base;Stormherald Nallabir;;
BHOISIG;HUMANOID;HUMAN;CLERIC;CLERIC_MALE_HUMAN;Oisig;bhoisig;base;High Watcher Oisig;;
BIFF;HUMANOID;HUMAN;FIGHTER;FIGHTER_MALE_HUMAN;None;None;base;Biff the Understudy;;
BINNKEEP;HUMANOID;HUMAN;INNOCENT;FAT_MAN;None;binnkeep;base;Calbor;;
BIRD;ANIMAL;NO_RACE;NO_CLASS;BIRD;None;None;base;Bird;;
BIRD_IN;ANIMAL;NO_RACE;NO_CLASS;BIRD_INSIDE;None;None;base;Bird;;
BIRD_INE;ANIMAL;NO_RACE;NO_CLASS;BIRD_INSIDE;None;None;base;Bird;;
BIRD_INN;ANIMAL;NO_RACE;NO_CLASS;BIRD_INSIDE;None;None;base;Bird;;
BIRD_INS;ANIMAL;NO_RACE;NO_CLASS;BIRD_INSIDE;None;None;base;Bird;;
BIRD_INW;ANIMAL;NO_RACE;NO_CLASS;BIRD_INSIDE;None;None;base;Bird;;
BJORNI;HUMANOID;HUMAN;INNOCENT;FIGHTER_MALE_HUMAN;None;bjorni;base;Bjornin;;
BMERCH1;HUMANOID;HUMAN;FIGHTER;FAT_MAN;BMerch1;bmerch1;base;Qadeel;;
BMTHIEF;HUMANOID;HALF_ELF;FIGHTER_THIEF;THIEF_FEMALE_HUMAN;BMTHIEF;bmthief;rr;Marina;;
BMTOWN1;HUMANOID;HUMAN;INNOCENT;PEASANT_MAN;None;bmtown1;base;Peasant;;
BMTOWN2;HUMANOID;HUMAN;INNOCENT;PEASANT_MAN;None;bmtown2;base;Peasant;;
BMTOWN3;HUMANOID;HUMAN;INNOCENT;PEASANT_MAN;None;bmtown3;base;Peasant;;
BMTOWN4;HUMANOID;HALFLING;INNOCENT;FIGHTER_MALE_HALFLING;None;bmtown4;base;Stanet;;
BMUGG1;HUMANOID;ELF;THIEF;THIEF_MALE_ELF;None;bmugg1;base;Mugger;;
BNOBLE1;HUMANOID;HUMAN;INNOCENT;NOBLE_MAN;feveron;bnoble1;base;Lord Feveron;;
BNOBLE2;HUMANOID;HUMAN;INNOCENT;NOBLE_WOMAN;diana;bnoble2;base;Lady Diana;;
BODFGT01;MONSTER;SPECTRE;NO_CLASS;DOOM_GUARD;bodfgt01;None;base;Grimwarder;;
BODFGT02;MONSTER;SPECTRE;NO_CLASS;DOOM_GUARD;bodfgt02;None;base;Grimward Archer;;
BODFGT03;HUMANOID;HUMAN;FIGHTER;FIGHTER_MALE_HUMAN_LOW;bodfgt03;bodfgt03;base;Guild Contact;;
BODHI;UNDEAD;VAMPIRE;VAMPIRE;BODHI;Bodhi;Bodhi;base;Bodhi;;
BODHI2;UNDEAD;VAMPIRE;FIGHTER_THIEF;BODHI;Bodhi2;Bodhi2;STRATAGEMS;Bodhi;;
BODHIAMB;UNDEAD;VAMPIRE;VAMPIRE;BODHI;bodhiamb;bodhiamb;base;Bodhi;;
BODMIST1;MONSTER;MIST;MIST;BLOB_MIST_CREATURE;None;None;base;Gaseous Form;;
BODMIST2;MONSTER;MIST;MIST;BLOB_MIST_CREATURE;None;None;base;Gaseous Form;;
BODTAN;UNDEAD;VAMPIRE;MAGE;VAMPIRE_FEMALE;bodtan;bodtan;base;Tanova;;
BODVAM01;UNDEAD;VAMPIRE;FIGHTER_THIEF;VAMPIRE;bodvam01;bodvam01;STRATAGEMS;Durst;;
BODVAM02;UNDEAD;VAMPIRE;FIGHTER_THIEF;VAMPIRE;bodvam02;bodvam02;STRATAGEMS;Gellal;;
BODYG1;HUMANOID;HUMAN;INNOCENT;FIGHTER_MALE_HUMAN;bodyg1;bodyg1;base;Amnian Bodyguard;;
BODYG2;HUMANOID;HUMAN;INNOCENT;AMNIAN_SOLDIER;bodyg2;bodyg2;base;Amnian Bodyguard;;
BOGRE1;GIANTHUMANOID;OGRE;OGRE;HALF_OGRE;bogre1;bogre1;base;Ogre;Ogre;false
BONEBLD;WEAPON;SWORD;LONG_SWORD;DANCING_SWORD;bonebld;;base;Bone Blade;;
BOO;ANIMAL;NO_RACE;NO_CLASS;RAT;None;None;base;Boo;;
BOOTER;HUMANOID;GNOME;FIGHTER;THIEF_MALE_GNOME;booter;booter;rr;Booter;;
BOOTER02;HUMANOID;GNOME;FIGHTER;FIGHTER_MALE_GNOME;booter02;booter02;d0questpack;Booter;;
BORINALL;HUMANOID;HUMAN;THIEF;SHADOW_THIEF;borinall;borinall;base;Borinall;;
BOTSMITH;HUMANOID;IMP;IMP;IMP;botsmith;botsmith;base;Cespenar;;
BOUNHA;HUMANOID;ELF;INNOCENT;FIGHTER_MALE_ELF;Bounha;bounha;base;Bounty Hunter;;
BOUNHA02;HUMANOID;HUMAN;FIGHTER;FIGHTER_MALE_HUMAN;bounha02;bounha02;base;Bounty Hunter;;
BOUNHA03;HUMANOID;HUMAN;FIGHTER;FIGHTER_FEMALE_HUMAN;bounha03;bounha03;base;Bounty Hunter;;
BOUNHA04;MONSTER;YUANTI;MAGE;YUAN-TI_PRIEST;bounha04;bounha04;base;Bounty Hunter;;
BOY1;HUMANOID;HUMAN;INNOCENT;BOY;None;boy1;base;Giran;;
BOY3;HUMANOID;HUMAN;INNOCENT;BOY;None;boy3;base;Boy;;
BOYBA1;HUMANOID;HUMAN;INNOCENT;BOY;None;boyba1;base;Boy;;
BPARTY01;HUMANOID;HUMAN;PALADIN;FIGHTER_MALE_HUMAN;NONE;;base;Alarion;;
BPARTY02;HUMANOID;HUMAN;FIGHTER;FIGHTER_MALE_HUMAN;NONE;;base;Tyras;;
BPARTY03;HUMANOID;HALF_ELF;SORCERER;MAGE_FEMALE_ELF;NONE;;base;Mireille;;
BPARTY04;HUMANOID;ELF;RANGER;FIGHTER_FEMALE_ELF;NONE;;base;Vidania;;
BPARTY05;HUMANOID;DWARF;FIGHTER_CLERIC;FIGHTER_MALE_DWARF;NONE;;base;Rurik;;
BPARTY06;HUMANOID;HALF_ELF;BARD;THIEF_MALE_ELF;NONE;;base;Zeris;;
BPROST1;HUMANOID;HUMAN;INNOCENT;HARLOT_WOMAN;bprost1;bprost1;base;Courtesan;;
BPROST2;HUMANOID;HUMAN;INNOCENT;HARLOT_WOMAN;None;bprost2;base;Courtesan;;
BRAGE2;HUMANOID;HUMAN;FIGHTER;FIGHTER_MALE_HUMAN;Brage;brage;base;Brage;;
BRAIWA1;HUMANOID;HUMAN;CLERIC;CLERIC_MALE_HUMAN;pries12a;None;base;Blind Priest;;
BRAIWA2;HUMANOID;HUMAN;FIGHTER_CLERIC;CLERIC_MALE_HUMAN;pries12c;None;base;Blind Priest;;
BRAIWA3;HUMANOID;HUMAN;CLERIC;CLERIC_MALE_HUMAN;pries10a;None;base;Blind Priest;;
BRAIWA4;HUMANOID;HUMAN;CLERIC;CLERIC_MALE_HUMAN;pries10b;None;base;Blind Priest;;
BRAIWA5;HUMANOID;HUMAN;CLERIC;CLERIC_MALE_HUMAN;pries10c;None;base;Blind Priest;;
BRANWE;HUMANOID;HUMAN;CLERIC;CLERIC_FEMALE_HUMAN;BRANWEN;branwe;base;Branwen;;
BRAT1;HUMANOID;HUMAN;INNOCENT;BOY;None;brat1;base;Boy;;
BRAT2;HUMANOID;HUMAN;INNOCENT;GIRL;None;brat2;base;Girl;;
BRAT3;HUMANOID;HUMAN;INNOCENT;BOY;None;brat3;base;Boy;;
BREG01;HUMANOID;ELF;MAGE;MAGE_MALE_ELF;breg01;breg01;base;Visaj;;
BREG03;HUMANOID;ELF;FIGHTER;FIGHTER_MALE_ELF;Breg03;Breg03;base;D'aerthe Guard;;
BREGG;HUMANOID;DWARF;FIGHTER;THIEF_MALE_DWARF;bregg;bregg;base;Bregg;;
BRELM;HUMANOID;DWARF;FIGHTER;FIGHTER_MALE_DWARF;BRELM;brelm;skiecost;Brelm;;
BRUENOR;HUMANOID;DWARF;INNOCENT;FIGHTER_MALE_DWARF_LOW;None;None;base;Bruenor;;
BRUS;HUMANOID;HUMAN;INNOCENT;BOY;brus;Brus;base;Brus;;
BRUS2;HUMANOID;HUMAN;INNOCENT;BOY;brus;Brus2;base;Brus;;
BRUS3;HUMANOID;HUMAN;INNOCENT;BOY;brus3;Brus3;base;Brus;;
BSAILOR1;HUMANOID;HUMAN;FIGHTER;SAILOR_MAN;None;bsailor1;base;Sailor;;
BSAILOR2;HUMANOID;ELF;FIGHTER;PIRATE;None;bsailor2;base;Sailor;;
BSAILOR3;HUMANOID;HUMAN;FIGHTER;FIGHTER_FEMALE_HUMAN;None;bsailor3;base;Sailor;;
BSHOP01;HUMANOID;HALFLING;THIEF;THIEF_MALE_HALFLING;bshop01;bshop01;base;Cutpurse;;
BSHOP02;HUMANOID;ELF;THIEF;CLERIC_FEMALE_ELF;None;dshop01;ITEM_REV;Maliat;;
BUBBLES;HUMANOID;HUMAN;INNOCENT;HARLOT_WOMAN;Bubbles;bubbles;base;Bubbles;;
BUGABO02;GENERAL_ITEM;0;0;GOLEM_IRON;pettin;None;base;;;
BUGABO03;GENERAL_ITEM;0;0;GOLEM_IRON;pettin;None;base;;;
BUNKIN;HUMANOID;HALFORC;FIGHTER;FIGHTER_FEMALE_HALFORC;bunkin;bunkin;base;Bunkin;;
BURCH1;HUMANOID;HUMAN;INNOCENT;BOY;None;burch1;base;Boy;;
BURCH2;HUMANOID;HUMAN;INNOCENT;GIRL;None;burch2;base;Girl;;
BURN01;HUMANOID;HUMAN;NO_CLASS;NOBLE_MAN;None;None;base;Body;;
BWENCH;HUMANOID;HUMAN;INNOCENT;HARLOT_WOMAN;None;bwench;base;Elanda;;
BYLANNA;HUMANOID;HUMAN;INNOCENT;CLERIC_FEMALE_HUMAN;Bylanna;bylanna;HIDDENADVENTURE;Bylanna;;
BYSTAND1;HUMANOID;HUMAN;INNOCENT;PEASANT_MAN;Bystand1;bystand1;base;Ler;;
BYSTAND2;HUMANOID;HUMAN;INNOCENT;NOBLE_WOMAN;bystand2;bystand2;base;Lady Beth;;
C6ALYRA;HUMANOID;HUMAN;THIEF;THIEF_MALE_HUMAN;c6alyra;C6GEN;ctb;Alyra;;
C6ARKAN;HUMANOID;HUMAN;FIGHTER_THIEF;THIEF_MALE_HUMAN;c6arkan;c6arkan;base;Arkanis;;
C6ARKAN3;HUMANOID;HUMAN;FIGHTER_THIEF;THIEF_MALE_HUMAN;c6arkan;c6arkan;base;Arkanis;;
C6BAT;MONSTER;NO_RACE;NO_CLASS;BAT_INSIDE;c6bat;None;base;Bat;;
C6BGUARD;UNDEAD;VAMPIRE;FIGHTER_MAGE;VAMPIRE;c6bguard;c6bguard;STRATAGEMS;Guard;;
C6BMIST;MONSTER;MIST;MIST;BAT_INSIDE;None;None;base;Bat;;
C6BODHI;UNDEAD;VAMPIRE;FIGHTER_THIEF;BODHI;c6bodhi;c6bodhi;STRATAGEMS;Bodhi;;
C6BRAN;HUMANOID;HUMAN;PALADIN;FIGHTER_MALE_HUMAN;c6bran;c6gen;base;Branet Al-Thon;;
C6BRUEN;HUMANOID;DWARF;FIGHTER;FIGHTER_MALE_DWARF_LOW;c6bruen;c6bruen1;base;Bruenor;;
C6BRUEN2;HUMANOID;DWARF;FIGHTER;FIGHTER_MALE_DWARF_LOW;c6bruen2;c6gen;base;Bruenor;;
C6CATTI;HUMANOID;HUMAN;FIGHTER;FIGHTER_FEMALE_HUMAN;c6catti;c6catti1;base;Catti-Brie;;
C6CATTI2;HUMANOID;HUMAN;FIGHTER;FIGHTER_FEMALE_HUMAN;c6catti2;c6gen;base;Catti-Brie;;
C6CLER1;HUMANOID;ELF;CLERIC;CLERIC_FEMALE_ELF;c6cler1;c6cler1;base;Cleric Of Lathander;;
C6CLER2;HUMANOID;HUMAN;CLERIC;CLERIC_MALE_HUMAN;c6cler2;c6cler2;base;Cleric Of Helm;;
C6CLER3;HUMANOID;HUMAN;CLERIC;CLERIC_FEMALE_HUMAN;c6cler3;c6cler3;base;Cleric Of Talos;;
C6CORAN;HUMANOID;ELF;FIGHTER_THIEF;FIGHTER_MALE_ELF;c6coran;c6coran;base;Coran;;
C6DEL;UNDEAD;VAMPIRE;FIGHTER_THIEF;VAMPIRE;c6del;c6del;STRATAGEMS;Del;;
C6DRIZZ;HUMANOID;ELF;FIGHTER;DRIZZT;c6drizz;C6DRIZZ1;base;Drizzt;;
C6DRIZZ2;HUMANOID;ELF;FIGHTER;DRIZZT;c6drizz2;C6DRIZZ2;base;Drizzt;;
C6DRIZZ3;HUMANOID;ELF;FIGHTER;DRIZZT;c6drizz2;C6DRIZZ2;base;Drizzt;;
C6DROW1;HUMANOID;ELF;FIGHTER;FIGHTER_MALE_ELF;c6drow1;c6drow1;base;Drow;;
C6DROW2;HUMANOID;ELF;MAGE;MAGE_MALE_ELF;c6drow2;c6drow2;base;Drow;;
C6DROWGO;GIANTHUMANOID;ELEMENTAL;ELEMENTAL_FIRE;ELEMENTAL_FIRE;c6drowgo;;base;Fire Elemental;;
C6ELF1;HUMANOID;ELF;FIGHTER;FIGHTER_MALE_ELF;c6elf1;c6elf1;base;Elven Warrior;;
C6ELF2;HUMANOID;ELF;FIGHTER;FIGHTER_MALE_ELF;c6elf2;c6elf2;base;Elven Warrior;;
C6ELF3;HUMANOID;ELF;MAGE;MAGE_MALE_ELF;c6elf3;c6elf3;base;Elven Mage;;
C6ELF4;HUMANOID;ELF;FIGHTER;FIGHTER_MALE_ELF;c6elf4;c6elf4;base;Elven Warrior;;
C6ELF5;HUMANOID;ELF;MAGE;MAGE_MALE_ELF;c6elf5;c6elf5;base;Elven Mage;;
C6ELHAN;HUMANOID;ELF;FIGHTER;FIGHTER_MALE_ELF;c6elhan;c6elhan2;base;Elhan;;
C6ELVEN2;HUMANOID;ELF;MAGE;MAGE_MALE_ELF;c6elvenw;c6elvenw;base;Elven War Guard;;
C6ELVENW;HUMANOID;ELF;MAGE;MAGE_MALE_ELF;c6elvenw;c6elvenw;base;Elven War Guard;;
C6ERIC;HUMANOID;HUMAN;PALADIN;FIGHTER_MALE_HUMAN;c6eric;c6eric;base;Eric Vanstraaten;;
C6ERIC3;HUMANOID;HUMAN;PALADIN;FIGHTER_MALE_HUMAN;c6eric;c6eric;base;Eric Vanstraaten;;
C6EXTR01;HUMANOID;ELF;FIGHTER;FIGHTER_MALE_ELF;c6extr01;c6extr01;base;Elven Warrior;;
C6EXTR02;HUMANOID;ELF;MAGE;MAGE_MALE_ELF;c6extr02;c6extr02;base;Elven Mage;;
C6EXTR03;HUMANOID;ELF;FIGHTER;FIGHTER_FEMALE_ELF;c6extr03;c6elfgen;base;Elven Warrior;;
C6EXTR04;HUMANOID;ELF;MAGE;MAGE_MALE_ELF;c6extr04;c6elfgen;base;Elven Mage;;
C6FAKE;HUMANOID;ELF;FIGHTER;FIGHTER_MALE_ELF;c6fake;c6fake;base;Elhan;;
C6GENER;HUMANOID;ELF;FIGHTER;FIGHTER_MALE_ELF;c6gener;c6gener;base;General Sovalidaas;;
C6GOD;HUMANOID;ELF;FIGHTER;FIGHTER_MALE_ELF;c6god;c6god;base;Elven God;;
C6GOFUS;HUMANOID;HUMAN;THIEF;THIEF_MALE_HUMAN;c6gofus;c6gen;base;Gofus;;
C6GUEN;ANIMAL;CAT;CAT;GREATCAT_PANTHER;None;;base;Guenhwyvar;Jaguar;false
C6GUEN2;ANIMAL;CAT;CAT;GREATCAT_PANTHER;c6guen2;;base;Guenhwyvar;Jaguar;false
C6HAREI;UNDEAD;VAMPIRE;FIGHTER_THIEF;VAMPIRE_FEMALE;c6harei;c6harei;STRATAGEMS;Hareishan;;
C6HARP;HUMANOID;HUMAN;MAGE;MAGE_MALE_HUMAN;c6harp;c6harp;base;Malchor Harpell;;
C6KACH;HUMANOID;HUMAN;FIGHTER_THIEF;THIEF_FEMALE_HUMAN;c6kach;c6kach;rr;Kachiko;;
C6KACH2;HUMANOID;HUMAN;THIEF;THIEF_FEMALE_HUMAN;c6kach2;c6kach2;d0questpack;Kachiko;;
C6KALDEN;HUMANOID;HUMAN;PALADIN;FIGHTER_MALE_HUMAN;c6kalden;C6GEN;ctb;Kalden;;
C6KNGT1;HUMANOID;HUMAN;FIGHTER;FIGHTER_MALE_HUMAN;c6kngt1;c6kngt1;base;Morning Knight;;
C6KNGT2;HUMANOID;HUMAN;FIGHTER;FIGHTER_MALE_HUMAN;c6kngt2;c6kngt2;base;Shield Knight;;
C6KNGT3;HUMANOID;HUMAN;FIGHTER;FIGHTER_MALE_HUMAN;c6kngt3;c6kngt3;base;Storm Knight;;
C6LANF;MONSTER;LYCANTHROPE;WOLFWERE;WEREWOLF_GREATER;c6lanf;c6lanf;STRATAGEMS;Lanfear;;
C6LEVIN;HUMANOID;HUMAN;PALADIN;FIGHTER_MALE_HUMAN;c6levin;C6GEN;ctb;Levin Rayn;;
C6MERE;UNDEAD;VAMPIRE;FIGHTER_THIEF;VAMPIRE_FEMALE;c6mere;c6mere;STRATAGEMS;Meredath;;
C6MESS;HUMANOID;HUMAN;THIEF;THIEF_MALE_HUMAN;c6mess;c6mess;base;Shadow Thief;;
C6NATAS;HUMANOID;HUMAN;THIEF;THIEF_FEMALE_HUMAN;c6natas;C6GEN;ctb;Natas;;
C6NERIT;HUMANOID;HUMAN;PALADIN;FIGHTER_MALE_HUMAN;c6nerit;c6gen;base;Nerit;;
C6REGIS;HUMANOID;HALFLING;THIEF;THIEF_MALE_HALFLING_LOW;c6regis;c6regis1;base;Regis;;
C6REGIS2;HUMANOID;HALFLING;THIEF;THIEF_MALE_HALFLING_LOW;c6regis2;c6gen;base;Regis;;
C6SAFA;HUMANOID;HUMAN;THIEF;THIEF_FEMALE_HUMAN;c6safa;c6safa;base;Safana;;
C6SALIA;UNDEAD;VAMPIRE;FIGHTER_THIEF;VAMPIRE_FEMALE;c6salia;c6salia;STRATAGEMS;Salia;;
C6SQUIRE;HUMANOID;HUMAN;PALADIN;FIGHTER_MALE_HUMAN;c6squire;c6squire;base;Squire Cathras;;
C6TANOV;UNDEAD;VAMPIRE;MAGE;VAMPIRE_FEMALE;c6tanov;c6tanov;STRATAGEMS;Tanova;;
C6VALEN;UNDEAD;VAMPIRE;FIGHTER_THIEF;VAMPIRE_FEMALE;c6valen;c6valen;STRATAGEMS;Valen;;
C6VAMP01;UNDEAD;VAMPIRE;FIGHTER_THIEF;VAMPIRE;None;None;STRATAGEMS;Fledgling Vampire;;
C6VFLM01;UNDEAD;VAMPIRE;FIGHTER_THIEF;VAMPIRE;None;None;STRATAGEMS;Fledgling Vampire;;
C6WARSA1;HUMANOID;ELF;MAGE;MAGE_MALE_ELF;c6warsa1;c6warsa1;base;Elven War Sage;;
C6WARSA2;HUMANOID;ELF;MAGE;MAGE_MALE_ELF;c6warsa2;c6warsa2;base;Elven War Sage;;
C6WERE1;MONSTER;LYCANTHROPE;WEREWOLF;WEREWOLF;None;None;STRATAGEMS;Wolfwere;;
C6WERE2;MONSTER;LYCANTHROPE;WOLFWERE;WEREWOLF;c6were2;None;STRATAGEMS;Wolfwere;;
C6WILL;HUMANOID;HUMAN;PALADIN;FIGHTER_MALE_HUMAN;c6will;c6gen;base;William Reirrac;;
C6WULF;HUMANOID;HUMAN;FIGHTER;FIGHTER_MALE_HUMAN;c6wulf;c6wulf1;base;Wulfgar;;
C6WULF2;HUMANOID;HUMAN;FIGHTER;FIGHTER_MALE_HUMAN;c6wulf2;c6gen;base;Wulfgar;;
C6YEAN;HUMANOID;HUMAN;FIGHTER_THIEF;THIEF_MALE_HUMAN;c6yean;c6gen;base;Yeanasha;;
CADRIL;HUMANOID;HUMAN;PALADIN;FIGHTER_MALE_HUMAN;cadril;tcadril;base;Sir Cadril;;
CAEHAN;HUMANOID;HUMAN;FIGHTER;FIGHTER_MALE_HUMAN;Caehan;caehan;base;Caehan;;
CALAHA;HUMANOID;HUMAN;FIGHTER_THIEF;THIEF_MALE_HUMAN;calahan;calaha;base;Calahan;;
CAMBION1;GIANTHUMANOID;DEMONIC;THIEF;DEATH_KNIGHT;None;;base;Cambion;;
CAMBION2;GIANTHUMANOID;DEMONIC;TANARI;DEATH_KNIGHT;None;;base;Cambion;;
CAMITIS;HUMANOID;DWARF;FIGHTER;FIGHTER_MALE_DWARF;camitis;camitis;base;Camitis;;
CARBOS;HUMANOID;HUMAN;FIGHTER;FIGHTER_MALE_HUMAN;Carbos;Carbos;base;Carbos;;
CARCRA01;MONSTER;CARRIONCRAWLER;CARRIONCRAWLER;CARRION_CRAWLER;None;;base;Carrion Crawler;CarrionCrawler;false
CARRIO;MONSTER;CARRIONCRAWLER;CARRIONCRAWLER;CARRION_CRAWLER;None;;base;Carrion Crawler;CarrionCrawler;true
CARRIOSU;MONSTER;CARRIONCRAWLER;CARRIONCRAWLER;CARRION_CRAWLER;None;;base;Mutated Crawler;CarrionCrawler;true
CAT;ANIMAL;CAT;HUNTER_CREATURE;CAT;cat;None;base;Cat;;
CATCHE01;ANIMAL;CAT;HUNTER_CREATURE;GREATCAT_LEOPARD;None;;base;Cheetah;Leopard;false
CATDEAD;ANIMAL;CAT;CAT;CAT;None;None;base;Cat;Jaguar;false
CATJAG01;ANIMAL;CAT;HUNTER_CREATURE;GREATCAT_PANTHER;None;;base;Panther;Jaguar;true
CATJAGSU;ANIMAL;CAT;CAT;GREATCAT_LEOPARD;None;;SPELL_REV;Leopard;Leopard;true
CATJAGWP;ANIMAL;CAT;CAT;GREATCAT_PANTHER;None;;base;Panther;Jaguar;false
CATLEO01;ANIMAL;CAT;HUNTER_CREATURE;GREATCAT_LEOPARD;None;;base;Leopard;Leopard;false
CATLIM01;ANIMAL;CAT;HUNTER_CREATURE;GREATCAT_LEOPARD;None;;base;Mountain Lion;MountainLion;true
CATLIO01;ANIMAL;CAT;HUNTER_CREATURE;GREATCAT_LEOPARD;None;;base;Lion;Leopard;false
CATLIOSU;ANIMAL;CAT;CAT;GREATCAT_LEOPARD;SUMSHT01;;base;Lion;Lion;true
CATLIOWP;ANIMAL;CAT;CAT;GREATCAT_LEOPARD;catliowp;;base;Joolon;Lion;true
CATLIS01;ANIMAL;CAT;HUNTER_CREATURE;GREATCAT_LEOPARD;None;;base;Spotted Lion;Leopard;false
CATLYN01;ANIMAL;CAT;HUNTER_CREATURE;GREATCAT_LEOPARD;None;;base;Giant Lynx;Leopard;false
CATP;ANIMAL;NO_RACE;MAGE;CAT;PetrinesCat;None;base;Angel the Cat;;
CATPAN01;ANIMAL;CAT;CAT;GREATCAT_PANTHER;CATPAN01;;ctb;Panther;Jaguar;false
CATTI;HUMANOID;HUMAN;INNOCENT;FIGHTER_FEMALE_HUMAN_LOW;None;None;base;Catti-Brie;;
CATTIG01;ANIMAL;CAT;CAT;GREATCAT_LEOPARD;cattig01;;base;Wild Tiger;Leopard;false
CCGUARD1;HUMANOID;HUMAN;FIGHTER;CLERIC_MALE_HUMAN;ccguard1;ccguard1;base;Copper Coronet Guard;;
CCGUARD2;HUMANOID;HUMAN;FIGHTER_MAGE;FIGHTER_MALE_HUMAN;ccguard2;ccguard2;base;Copper Coronet Guard;;
CDNEFGAS;MONSTER;NO_RACE;NO_CLASS;BLOB_MIST_CREATURE;None;None;base;Gaseous Form;;
CDTROLL1;MONSTER;TROLL;TROLL;TROLL;troll01;;base;Troll;;
CDTROLL2;MONSTER;TROLL;TROLL;TROLL;troll02;;base;Troll;;
CEBEAR01;ANIMAL;BEAR;BEAR_BROWN;WEREWOLF;cernd;;base;Cernd;BrownBear;false
CEBEGGAR;HUMANOID;HUMAN;INNOCENT;PEASANT_MAN;cebeggar;cebeggar;base;Catis;;
CECHAL02;HUMANOID;HUMAN;DRUID;CLERIC_MALE_HUMAN_LOW;cechal02;cechal02;base;Master Verthan;;
CECHALLE;HUMANOID;HUMAN;DRUID;CLERIC_MALE_HUMAN_LOW;cechalle;cechalle;base;Master Verthan;;
CEDELICH;UNDEAD;LICH;MAGE;LICH;cedelich;cedelich;ctb;Deril Lich;;
CEDERIL;HUMANOID;HUMAN;MAGE;MAGE_MALE_HUMAN;cederil;cederil;base;Deril;;
CEDRUID1;HUMANOID;HUMAN;DRUID;CLERIC_MALE_HUMAN_LOW;cedruid1;cedruid1;base;Pauden;;
CEDRUID2;HUMANOID;HALF_ELF;DRUID;CLERIC_MALE_ELF;cedruid2;cedruid2;base;Dalok;;
CEFALD01;HUMANOID;HUMAN;DRUID;CLERIC_FEMALE_HUMAN;cefald01;cefald01;base;Faldorn;;
CEFALD02;ANIMAL;CAT;CAT;GREATCAT_PANTHER;cefald01;;base;Faldorn;Jaguar;false
CEFALD04;HUMANOID;HUMAN;DRUID;CLERIC_FEMALE_HUMAN;cefald01;cefald04;base;Faldorn;;
CEFALDOR;HUMANOID;HUMAN;DRUID;CLERIC_FEMALE_HUMAN;cefaldor;cefaldor;base;Faldorn;;
CEFGT01;HUMANOID;HUMAN;FIGHTER;FIGHTER_MALE_HUMAN;cefgt01;cefgt01;base;Adherent;;
CEFGT02;HUMANOID;HUMAN;DRUID;CLERIC_MALE_HUMAN;cefgt02;cefgt02;base;Shadow Druid;;
CEFGT03;HUMANOID;ELF;FIGHTER;FIGHTER_MALE_ELF;cefgt03;cefgt03;base;Adherent;;
CEFGT04;HUMANOID;HUMAN;DRUID;CLERIC_MALE_HUMAN;cefgt04;cefgt04;base;Shadow Druid;;
CEGLUT;HUMANOID;OGRE;GOLEM_CLAY;GOLEM_CLAY;ceglut;ceglut;base;Glut;;
CEIGAROL;HUMANOID;HUMAN;FIGHTER;FIGHTER_MALE_HUMAN_LOW;ceigarol;ceigarol;base;Igarol;;
CELICH;UNDEAD;LICH;MAGE;LICH;celich;celich;base;Lagole Gon;;
CELOGAN;HUMANOID;HUMAN;INNOCENT;FIGHTER_MALE_HUMAN_LOW;celogan;celogan;base;High Merchant Logan Coprith;;
CELVAN;HUMANOID;GNOME;FIGHTER;FIGHTER_MALE_GNOME;celvan;celvan;base;Crazy Celvan;;
CENANNY;HUMANOID;HUMAN;INNOCENT;PEASANT_WOMAN;cenanny;cenanny;base;Nanny;;
CENTEO01;HUMANOID;HUMAN;NO_CLASS;STATIC_SPIDER_WOMAN;CENTEOL;centeo;base;Centeol;;
CERND10;HUMANOID;HUMAN;DRUID;CLERIC_MALE_HUMAN;Cernd;cernd;base;Cernd;;
CERND12;HUMANOID;HUMAN;DRUID;CLERIC_MALE_HUMAN;Cernd;cernd;base;Cernd;;
CERND13;HUMANOID;HUMAN;DRUID;CLERIC_MALE_HUMAN;Cernd;cernd;base;Cernd;;
CERND13B;HUMANOID;HUMAN;DRUID;CLERIC_MALE_HUMAN;Cernd;cernd;base;Cernd;;
CERND14;HUMANOID;HUMAN;DRUID;CLERIC_MALE_HUMAN;Cernd;cernd25a;base;Cernd;;
CESKEL01;UNDEAD;SKELETON;SKELETON_WARRIOR;SKELETON_WARRIOR;ceskel01;;base;Skeleton Warrior;SkeletonWarrior;true
CGUARD1;HUMANOID;HUMAN;FIGHTER_CLERIC;CLERIC_MALE_HUMAN;None;cguard1;base;Cultist Guard;;
CGUARD2;HUMANOID;HUMAN;FIGHTER_CLERIC;CLERIC_MALE_HUMAN;cguard2;cguard2;base;Cultist Guard;;
CH3GRD01;HUMANOID;HUMAN;FIGHTER;FIGHTER_MALE_HUMAN;ch3grd01;ch3grd01;base;Shadow Thief;;
CH3MAG01;HUMANOID;HUMAN;MAGE;MAGE_MALE_HUMAN;ch3mag01;ch3mag01;base;Shadow Thief;;
CH7SPY;HUMANOID;PLATE;LONG_SWORD;BIRD;ch7spy;None;base;;;
CHAK;GIANTHUMANOID;OGRE;OGRE;OROG_ELITE;chak;None;base;Chak;Ogre;false
CHALCY01;HUMANOID;HUMAN;NO_CLASS;MONK_MALE_HUMAN;chalcy01;chalcy01;base;Cyric;;
CHALCY02;HUMANOID;HUMAN;THIEF;SHADOW_THIEF;chalcy02;chalcy02;base;Favored of Cyric;;
CHALDT01;HUMANOID;HUMAN;NO_CLASS;FIGHTER_MALE_HUMAN_LOW;chaldt01;chaldt01;base;<CHARNAME>;;
CHALIN01;HUMANOID;HUMAN;NO_CLASS;FIGHTER_MALE_HUMAN_LOW;chalin01;chalin01;base;<CHARNAME>;;
CHALPC01;HUMANOID;HUMAN;FIGHTER;FIGHTER_MALE_HUMAN;CHALPC01;CHALPC01;base;<CHARNAME>;;
CHALPC02;HUMANOID;HUMAN;FIGHTER;FIGHTER_FEMALE_HUMAN;CHALPC01;CHALPC01;base;<CHARNAME>;;
CHALPC03;HUMANOID;HUMAN;FIGHTER;FIGHTER_MALE_ELF;CHALPC01;CHALPC01;base;<CHARNAME>;;
CHALPC04;HUMANOID;HUMAN;FIGHTER;FIGHTER_FEMALE_ELF_LOW;CHALPC01;CHALPC01;base;<CHARNAME>;;
CHALPC05;HUMANOID;HUMAN;FIGHTER;FIGHTER_MALE_DWARF_LOW;CHALPC01;CHALPC01;base;<CHARNAME>;;
CHALPC06;HUMANOID;HUMAN;FIGHTER;FIGHTER_FEMALE_DWARF_LOW;CHALPC01;CHALPC01;base;<CHARNAME>;;
CHALPC07;HUMANOID;HUMAN;FIGHTER;FIGHTER_MALE_HALFLING_LOW;CHALPC01;CHALPC01;base;<CHARNAME>;;
CHALPC08;HUMANOID;HUMAN;FIGHTER;FIGHTER_MALE_HALFLING_LOW;CHALPC01;CHALPC01;base;<CHARNAME>;;
CHALPC09;HUMANOID;HUMAN;PALADIN;FIGHTER_MALE_HUMAN;CHALPC01;CHALPC01;base;<CHARNAME>;;
CHALPC10;HUMANOID;HUMAN;PALADIN;FIGHTER_FEMALE_HUMAN_LOW;CHALPC01;CHALPC01;base;<CHARNAME>;;
CHALPC11;HUMANOID;HUMAN;PALADIN;FIGHTER_MALE_ELF_LOW;CHALPC01;CHALPC01;base;<CHARNAME>;;
CHALPC12;HUMANOID;HUMAN;PALADIN;FIGHTER_FEMALE_ELF_LOW;CHALPC01;CHALPC01;base;<CHARNAME>;;
CHALPC13;HUMANOID;HUMAN;PALADIN;FIGHTER_MALE_DWARF_LOW;CHALPC01;CHALPC01;base;<CHARNAME>;;
CHALPC14;HUMANOID;HUMAN;PALADIN;FIGHTER_FEMALE_DWARF_LOW;CHALPC01;CHALPC01;base;<CHARNAME>;;
CHALPC15;HUMANOID;HUMAN;PALADIN;FIGHTER_MALE_HALFLING_LOW;CHALPC01;CHALPC01;base;<CHARNAME>;;
CHALPC16;HUMANOID;HUMAN;PALADIN;FIGHTER_FEMALE_HALFLING_LOW;CHALPC01;CHALPC01;base;<CHARNAME>;;
CHALRV01;GIANTHUMANOID;NO_RACE;NO_CLASS;RAVER;chalrv01;chalrv01;base;The Ravager;;
CHALSLAY;MONSTER;DEMONIC;NO_CLASS;SLAYER;chalslay;chalslay;base;Slayer;;
CHALSP01;HUMANOID;HUMAN;NO_CLASS;FAT_MAN;chalsp01;chalsp01;base;Gavid;;
CHALTROL;GIANTHUMANOID;TROLL;TROLL;TROLL;chevil03;chevil03;base;Giant Troll;;
CHANG01;HUMANOID;HUMAN;FIGHTER;FIGHTER_MALE_HUMAN;chang01;chang01;STRATAGEMS;Angelo;;
CHANG02;HUMANOID;HUMAN;FIGHTER;FIGHTER_MALE_HUMAN;chang01;chang01;STRATAGEMS;Angelo;;
CHANTE;HUMANOID;HUMAN;INNOCENT;MAGE_MALE_HUMAN;None;None;base;Chanter;;
CHANTE2;HUMANOID;HUMAN;INNOCENT;MAGE_MALE_HUMAN;None;chante2;base;Chanter;;
CHARBASE;HUMANOID;HUMAN;MAGE;SIRINE;None;None;base;;;
CHEVIL01;HUMANOID;KOBOLD;KOBOLD;KOBOLD;chevil01;chevil01;base;Kobold Commando;;
CHEVIL02;MONSTER;DOPPLEGANGER;DOPPLEGANGER;DOPPLEGANGER;chevil01;chevil01;STRATAGEMS;Doppelganger;;
CHEVIL03;GIANTHUMANOID;OGRE;OGRE_MAGE;OGRE_MAGE;chevil03;chevil03;base;Ogre Mage;OgreMage;false
CHEVIL04;HUMANOID;SAHUAGIN;FIGHTER;SAHUAGIN;chevil03;chevil03;base;Sahuagin;;
CHEVIL05;HUMANOID;GNOLL;GNOLL;GNOLL;chevil03;chevil03;base;Gnoll Captain;;
CHEVIL06;HUMANOID;ELF;FIGHTER;DROW;chevil06;chevil06;base;Drow Warrior;;
CHEVIL07;HUMANOID;ELF;CLERIC;DROW_FEMALE;chevil06;chevil06;base;Drow Priestess;;
CHEVIL08;UNDEAD;VAMPIRE;FIGHTER_THIEF;BODHI;chevil08;chevil08;STRATAGEMS;Bodhi;;
CHEVIL09;HUMANOID;ELF;MAGE;JON_IRENICUS;chevil09;chevil09;base;Jon Irenicus;;
CHEVIL10;HUMANOID;HUMAN;FIGHTER;SAREVOK;chevil10;chevil10;base;Sarevok;;
CHGOOD01;HUMANOID;HALFLING;FIGHTER;FIGHTER_MALE_HALFLING;chgood01;chgood01;base;Commoner;;
CHGOOD02;HUMANOID;DWARF;FIGHTER;FIGHTER_MALE_DWARF_LOW;chgood01;chgood01;base;Commoner;;
CHGOOD03;HUMANOID;HUMAN;FIGHTER;FIGHTER_MALE_HUMAN_LOW;chgood01;chgood01;base;Commoner;;
CHGOOD04;HUMANOID;ELF;FIGHTER;FIGHTER_MALE_ELF;chgood04;chgood04;base;Elven Warrior;;
CHGOOD05;HUMANOID;ELF;FIGHTER;FIGHTER_FEMALE_ELF_LOW;chgood04;chgood04;base;Elven Warrior;;
CHGOOD06;HUMANOID;HUMAN;PALADIN;CLERIC_MALE_HUMAN_LOW;chgood06;chgood06;base;Knight of the Order;;
CHGOOD07;HUMANOID;HUMAN;FIGHTER;FIGHTER_MALE_HUMAN_LOW;chgood07;chgood07;base;Duke Eltan;;
CHGOOD08;HUMANOID;HUMAN;MAGE_THIEF;THIEF_MALE_HUMAN;chgood08;chgood08;base;Aran Linvail;;
CHGOOD09;HUMANOID;ELF;CLERIC;ELLESIME;chgood09;chgood09;base;Ellesime;;
CHICKDEF;ANIMAL;NO_RACE;NO_CLASS;CHICKEN;None;None;base;Rabid Chicken;;
CHICKE;ANIMAL;NO_RACE;NO_CLASS;CHICKEN;None;None;base;Chicken;;
CHICKER;ANIMAL;NO_RACE;NO_CLASS;CHICKEN;None;None;base;Rabid Chicken;;
CHORE;HUMANOID;HUMAN;INNOCENT;PEASANT_WOMAN;chore;chore;base;Chore;;
CHSAM01;HUMANOID;HUMAN;MAGE;MAGE_MALE_HUMAN_LOW;chsam01;chsam01;base;Semaj;;
CHSAM02;HUMANOID;HUMAN;MAGE;MAGE_MALE_HUMAN_LOW;chsam01;chsam01;base;Semaj;;
CHTAZ01;HUMANOID;ORC;FIGHTER;OROG_CHIEFTAIN;chtaz01;chtaz01;base;Tazok;;
CHTAZ02;HUMANOID;HUMAN;FIGHTER;FIGHTER_FEMALE_HUMAN_LOW;chtaz01;chtaz01;base;Tamoko;;
CHWRAITH;UNDEAD;WRAITH;WRAITH;KOBOLD_XVART;chwraith;None;base;Child Spirit;;
CIRCG1;HUMANOID;HUMAN;INNOCENT;AMNIAN_SOLDIER;CircusGuard;circg1;base;Amnian Soldier;;
CIVAMNG1;HUMANOID;HUMAN;INNOCENT;AMNIAN_SOLDIER;None;civamng1;base;Amnian Soldier;;
CIVFRUS1;HUMANOID;HALFLING;FIGHTER;FIGHTER_MALE_HALFLING;None;civfrus1;base;Jeremiah Jamtoes;;
CIVIL01;HUMANOID;HUMAN;INNOCENT;NOBLE_MAN;None;civil01;base;Civil Servant;;
CIVIL02;HUMANOID;HUMAN;INNOCENT;NOBLE_WOMAN;None;civil02;base;Civil Servant;;
CIVIL03;HUMANOID;HUMAN;INNOCENT;NOBLE_MAN;None;civil03;base;Civil Servant;;
CLARDI01;HUMANOID;HUMAN;INNOCENT;CLERIC_MALE_HUMAN;clardi01;clardi01;base;Inspector Ardis;;
CLCOTI01;HUMANOID;HUMAN;FIGHTER_MAGE_THIEF;MAGE_MALE_HUMAN;clcoti01;clcoti01;base;Cotirso;;
CLDAD;HUMANOID;HUMAN;CLERIC;CLERIC_MALE_HUMAN_LOW;cldad;cldad;base;Talon Nirkhas;;
CLELUN01;HUMANOID;HUMAN;FIGHTER;FIGHTER_MALE_HUMAN;clelun01;clelun01;base;Eluno;;
CLERK01;HUMANOID;HUMAN;INNOCENT;PEASANT_MAN;None;clerk01;base;Clerk;;
CLGIJJ01;HUMANOID;HUMAN;MAGE;MAGE_MALE_HUMAN;clgijj01;clgijj01;base;Gijjal of the House Malario;;
CLGLIN01;HUMANOID;HUMAN;INNOCENT;NOBLE_MAN;clglin01;clglin01;base;Glinden;;
CLGOL01;GIANTHUMANOID;GOLEM;GOLEM_CLAY;GOLEM_CLAY;clgol01;clgol01;base;Clay Golem;ClayGolem;false
CLKID;HUMANOID;HUMAN;INNOCENT;GIRL;Lanie;clkid;base;Lanie;;
CLLATP01;HUMANOID;HUMAN;CLERIC;CLERIC_FEMALE_HUMAN;cllatp01;cllatp01;base;Dawnmistress;;
CLMALG01;HUMANOID;HUMAN;FIGHTER;FIGHTER_MALE_HUMAN;clmalg01;clmalg01;base;Malario Soldier;;
CLMOM;HUMANOID;HUMAN;INNOCENT;PEASANT_WOMAN;Clmom;clmom;base;Miranda;;
CLONE01;HUMANOID;ELF;NO_CLASS;ELLESIME;None;ftowba;base;Escaped Clone;;
CLONE1;HUMANOID;ELF;MAGE;ELLESIME;Clone1;clone1;base;Escaped Clone;;
CLRANI01;HUMANOID;HUMAN;FIGHTER;FIGHTER_FEMALE_HUMAN;clrani01;clrani01;base;Rania;;
CLSTKN01;HUMANOID;HUMAN;FIGHTER;FIGHTER_MALE_HUMAN;clstkn01;clstkn01;base;Storm Knight;;
CLTALP01;HUMANOID;HUMAN;CLERIC;CLERIC_MALE_HUMAN;cltalp01;cltalp01;base;Weather Master;;
CLTCUT01;HUMANOID;HUMAN;CLERIC_MAGE;CLERIC_MALE_HUMAN;cltcut01;cltcut01;base;Cultist;;
CLTCUT02;HUMANOID;HUMAN;CLERIC_MAGE;CLERIC_MALE_HUMAN;cltcut02;cltcut02;base;Cultist;;
CLTCUT03;HUMANOID;HUMAN;FIGHTER;FIGHTER_MALE_HUMAN;cltcut03;cltcut03;base;Elite Guard;;
CLTIVA01;HUMANOID;DWARF;FIGHTER;FIGHTER_MALE_DWARF;cltiva01;cltiva01;base;Ti'Vael;;
COHNTA;UNDEAD;VAMPIRE;FIGHTER_THIEF;VAMPIRE;cohnta;cohnta;STRATAGEMS;Cohn Ta'glaen;;
COHRVALE;HUMANOID;HUMAN;FIGHTER;FIGHTER_MALE_HUMAN;cohrvale;cohrvale;base;Cohrvale;;
CONPANEL;HUMANOID;HUMAN;INNOCENT;DOOM_GUARD;conpanel;conpanel;base;Control Panel;;
COPAMB01;HUMANOID;HUMAN;FIGHTER;FIGHTER_MALE_HUMAN;copamb01;copamb01;base;Gladiator;;
COPAMB02;HUMANOID;HUMAN;FIGHTER;CLERIC_MALE_HUMAN;copamb02;copamb02;base;Copper Coronet Guard;;
COPAMB03;HUMANOID;ELF;FIGHTER;FIGHTER_MALE_ELF;copamb03;copamb03;base;Gladiator;;
COPAMB04;HUMANOID;DWARF;FIGHTER;FIGHTER_MALE_DWARF;copamb04;copamb04;base;Gladiator;;
COPAMB05;HUMANOID;HUMAN;FIGHTER;CLERIC_MALE_HUMAN;copamb05;copamb05;base;Copper Coronet Guard;;
COPCUST1;HUMANOID;HUMAN;INNOCENT;STATIC_PEASANT_MAN_CHAIR;copcust1;copcust1;base;Peasant;;
COPCUST2;HUMANOID;HUMAN;INNOCENT;STATIC_PEASANT_WOMAN;copcust2;copcust2;base;Commoner;;
COPCUST3;HUMANOID;HUMAN;INNOCENT;STATIC_NOBLE_MAN_CHAIR;COPCUST3;copcust3;base;Nobleman;;
COPGREET;HUMANOID;HUMAN;FIGHTER;NOBLE_MAN;None;copgreet;base;Frankie;;
COPLION;ANIMAL;CAT;WOLF_DIRE;GREATCAT_LEOPARD;Tabitha;;base;Tabitha;Leopard;false
COR;HUMANOID;HUMAN;FIGHTER;FIGHTER_MALE_HUMAN_LOW;Cor;cor;base;Cor Delryn;;
CORGEIG;HUMANOID;HUMAN;FIGHTER;FIGHTER_MALE_HUMAN;corgeig;corgeig;base;Corgeig Axehand;;
CORNEIL;HUMANOID;HUMAN;MAGE;MAGE_MALE_HUMAN;corneil;corneil;base;Corneil;;
COUNSEC;HUMANOID;HUMAN;INNOCENT;NOBLE_MAN;None;counsec;base;Council Secretary Ewenn;;
COW;ANIMAL;NO_RACE;NO_CLASS;COW;None;None;base;Cow;;
COWENF02;HUMANOID;HUMAN;MAGE;MONK;CSCowl1;cowenf2;base;Cowled Enforcer;;
COWENF1;HUMANOID;HUMAN;MAGE;MONK;cowenf01;;base;Cowled Enforcer;;
COWENF2;HUMANOID;HUMAN;MAGE;MONK;cowenf2;cowenf2;base;Cowled Enforcer;;
COWENF3;HUMANOID;HUMAN;MAGE;MAGE_FEMALE_HUMAN;cowenf03;;base;Cowled Enforcer;;
COWENF4;HUMANOID;HUMAN;MAGE;MAGE_FEMALE_HUMAN;cowenf04;;base;Cowled Enforcer;;
COWH;ANIMAL;NO_RACE;NO_CLASS;COW;HulriksCow;None;base;Cow;;
COWLD;HUMANOID;HUMAN;MAGE;MONK;cowld;cowld;base;Cowled Wizard;;
COWLED;HUMANOID;HUMAN;MAGE;MAGE_MALE_HUMAN;None;None;base;Cowled Wizard;;
COWLED01;HUMANOID;HUMAN;MAGE;MONK;None;cowld;base;Cowled Wizard;;
CPCHICK1;ANIMAL;DOG;DOG_WAR;DOG_WAR;Cpchick1;;base;Party's Dog;WarDog;false
CPCHICK2;ANIMAL;DOG;DOG_WAR;DOG_WAR;Cpchick2;;base;Surly's Dog;WarDog;false
CRAGMOON;HUMANOID;HUMAN;MAGE;MAGE_FEMALE_HUMAN;Cragmoon;murcrag;base;Mrs. Cragmoon;;
CROBAR01;HUMANOID;HUMAN;INNOCENT;FAT_MAN;crobar01;crobar01;base;Groncaner;;
CRODRU01;HUMANOID;HUMAN;INNOCENT;STATIC_PEASANT_MAN_STOOL;crodru01;crodru01;base;Maunu;;
CROGAM01;HUMANOID;HUMAN;INNOCENT;STATIC_PEASANT_MAN_STOOL;crogam01;crogam01;base;Carmine of the Wheel;;
CROGAM02;HUMANOID;HUMAN;INNOCENT;STATIC_PEASANT_MAN_STOOL;crogam02;crogam02;base;Andrew of the Dice;;
CROLUS;HUMANOID;HUMAN;PALADIN;FIGHTER_MALE_HUMAN;crolus;crolus;base;Crolus;;
CROTHF01;HUMANOID;HUMAN;THIEF;THIEF_MALE_HUMAN;crothf01;crothf01;base;Tiiro;;
CROTHF02;HUMANOID;HUMAN;THIEF;THIEF_FEMALE_HUMAN;crothf02;crothf02;base;Aulava;;
CROWEN01;HUMANOID;HUMAN;INNOCENT;HARLOT_WOMAN;crowen01;crowen01;base;Gwera;;
CRTHF03;HUMANOID;HUMAN;INNOCENT;NOBLE_MAN;crthf03;crthf03;base;Rilmi;;
CSCLERIC;HUMANOID;HUMAN;CLERIC;CLERIC_MALE_HUMAN;Cscleric;Cscleric;base;Dawnmaster Kreel;;
CSCOWL1;HUMANOID;HUMAN;MAGE;MONK;CSCowl1;cscowl1;base;Cowled Wizard;;
CSCOWL2;HUMANOID;HUMAN;MAGE;MONK;CSCowl2;None;base;Cowled Wizard;;
CSCOWL3;HUMANOID;HUMAN;MAGE;MONK;CSCowl3;None;base;Cowled Wizard;;
CSCOWL4;HUMANOID;HUMAN;MAGE;MONK;CSCowl4;None;base;Cowled Wizard;;
CSCOWL5;HUMANOID;HUMAN;MAGE;MONK;CSCowl5;None;base;Cowled Wizard;;
CSCOWL6;HUMANOID;HUMAN;MAGE;MONK;CSCowl6;None;base;Cowled Wizard;;
CSCOWL7;HUMANOID;HUMAN;MAGE;MONK;CSCowl7;None;base;Cowled Wizard;;
CSCOWL8;HUMANOID;HUMAN;MAGE;MONK;CSCowl8;None;base;Cowled Wizard;;
CSCOWL9;HUMANOID;HUMAN;MAGE;MONK;CSCowl9;None;base;Cowled Wizard;;
CSGAAL;HUMANOID;HUMAN;CLERIC_MAGE;CLERIC_MALE_HUMAN;Gaal;CsGaal;base;Gaal;;
CSGAYL;HUMANOID;HUMAN;THIEF;THIEF_MALE_HUMAN;CSGayl;csgayl;base;Assassin;;
CSGOLEM;GIANTHUMANOID;GOLEM;GOLEM_CLAY;GOLEM_CLAY;csgolem;None;base;Golem;ClayGolem;false
CSHECK1;HUMANOID;HUMAN;INNOCENT;PEASANT_WOMAN;None;Csheck1;base;Heckler;;
CSHECK2;HUMANOID;HUMAN;INNOCENT;PEASANT_MAN;None;Csheck2;base;Heckler;;
CSHECK3;HUMANOID;HUMAN;INNOCENT;NOBLE_WOMAN;None;Csheck3;base;Heckler;;
CSIMOEN;HUMANOID;HUMAN;MAGE_THIEF;MAGE_FEMALE_HUMAN;CSImoen;CSImoen;CDTWEAKS;Imoen;;
CSIREN;HUMANOID;ELF;MAGE;JON_IRENICUS;CSIren;csiren;base;Mage;;
CSJON;HUMANOID;ELF;MAGE;JON_IRENICUS;CSJon;None;base;Mage;;
CSSUPP1;HUMANOID;HUMAN;INNOCENT;PEASANT_MAN;None;Cssupp1;base;Peasant;;
CSSUPP2;HUMANOID;HUMAN;INNOCENT;PEASANT_WOMAN;None;Cssupp2;base;Peasant;;
CSSUPP3;HUMANOID;HUMAN;INNOCENT;PEASANT_MAN;None;Cssupp3;base;Peasant;;
CSTHIEF1;HUMANOID;HUMAN;THIEF;THIEF_MALE_HUMAN;CSThief1;None;base;Assassin;;
CSTHIEF2;HUMANOID;HUMAN;THIEF;THIEF_MALE_HUMAN;CSThief2;None;base;Assassin;;
CSTHIEF3;HUMANOID;HUMAN;THIEF;SHADOW_THIEF;CSThief3;None;base;Assassin;;
CSTHIEF4;HUMANOID;HUMAN;THIEF;SHADOW_THIEF;CSThief4;None;base;Assassin;;
CTRAITOR;HUMANOID;HUMAN;FIGHTER_CLERIC;CLERIC_MALE_HUMAN;ctraitor;ctraitor;base;Tad;;
CUARDUL;HUMANOID;ELF;CLERIC;DROW_FEMALE;Cuardul;Cuardul;base;Matron Mother Ardulace;;
CUBODHI;UNDEAD;VAMPIRE;VAMPIRE;BODHI;Cubodhi;Cubodhi;base;Bodhi;;
CUCOW1;HUMANOID;HUMAN;MAGE;MONK;Cucow1;Cucow1;base;Cowled Enforcer;;
CUCOW2;HUMANOID;HUMAN;MAGE;MONK;Cucow2;Cucow2;base;Cowled Enforcer;;
CUCOW3;HUMANOID;HUMAN;MAGE;MONK;Cucow3;Cucow3;base;Cowled Enforcer;;
CUGUARD;HUMANOID;ELF;FIGHTER;DROW;Cuguard;Cuguard;base;Baragh;;
CUIMOEN;HUMANOID;HUMAN;MAGE_THIEF;MAGE_FEMALE_HUMAN;cuimoen;None;CDTWEAKS;Imoen;;
CUIMOEN2;HUMANOID;HUMAN;MAGE_THIEF;MAGE_FEMALE_HUMAN;cuimoen2;cuimoen2;CDTWEAKS;Imoen;;
CUIMOEN3;HUMANOID;HUMAN;MAGE_THIEF;MAGE_FEMALE_HUMAN;cuimoen3;cuimoen3;CDTWEAKS;Imoen;;
CUJON;HUMANOID;ELF;MAGE;JON_IRENICUS;cujon;None;base;Jon Irenicus;;
CUJON2;HUMANOID;ELF;MAGE;JON_IRENICUS;cujon2;cujon2;base;Jon Irenicus;;
CUJON3;HUMANOID;ELF;MAGE;JON_IRENICUS;cujon3;None;base;Jon Irenicus;;
CUJON4;HUMANOID;ELF;MAGE;JON_IRENICUS;cujon4;cujon4;base;Jon Irenicus;;
CULTBH1;MONSTER;BEHOLDER;BEHOLDER;BEHOLDER_SMALL;None;Cultbh2;base;Gauth;;
CULTBH2;MONSTER;BEHOLDER;BEHOLDER;BEHOLDER_SMALL;None;Cultbh2;base;Gauth;;
CULTBH3;MONSTER;BEHOLDER;BEHOLDER;BEHOLDER;cultbh3;Cultbh3;base;Beholder;;
CULTBH4;MONSTER;BEHOLDER;BEHOLDER;BEHOLDER;cultbh4;Cultbh4;base;Spectator;;
CULTIST1;HUMANOID;HUMAN;CLERIC;CLERIC_MALE_HUMAN;None;cultist1;base;Cultist;;
CULTIST2;HUMANOID;HUMAN;CLERIC;CLERIC_FEMALE_HUMAN;None;cultist2;base;Cultist;;
CUPHAER;HUMANOID;ELF;FIGHTER_CLERIC;DROW_FEMALE;Cuphaer;Cuphaer;base;Phaere;;
CUPRIS1;HUMANOID;ELF;FIGHTER;FIGHTER_MALE_ELF;Cupris1;Cupris1;base;Elven Warrior;;
CUPRIS2;HUMANOID;ELF;FIGHTER;FIGHTER_MALE_ELF;Cupris2;Cupris2;base;Elven Warrior;;
CUSHAD1;HUMANOID;HUMAN;MAGE_THIEF;SHADOW_THIEF;Cushad1;Cushad1;base;Shadow Thief;;
CUSHAD2;HUMANOID;HUMAN;MAGE_THIEF;THIEF_MALE_HUMAN;Cushad2;Cushad2;base;Shadow Thief;;
CUSHAD3;HUMANOID;HUMAN;MAGE_THIEF;THIEF_MALE_HUMAN;Cushad3;Cushad3;base;Shadow Thief;;
CUSHAD4;HUMANOID;HUMAN;MAGE_THIEF;SHADOW_THIEF;Cushad4;Cushad4;base;Shadow Thief;;
CUSHAD5;HUMANOID;HUMAN;MAGE_THIEF;THIEF_MALE_HUMAN;Cushad5;Cushad5;base;Shadow Thief;;
CUSHAD6;HUMANOID;HUMAN;MAGE_THIEF;SHADOW_THIEF;Cushad6;Cushad6;base;Shadow Thief;;
CUSTOM;HUMANOID;HUMAN;INNOCENT;PEASANT_MAN;custom;custom;base;Peasant;;
CUTAMFIG;HUMANOID;HUMAN;FIGHTER;FIGHTER_MALE_HUMAN;None;None;base;Fighter;;
CUTAMGRD;HUMANOID;HUMAN;MONK;MONK_MALE_HUMAN;cutamgrd;None;base;Monk;;
CUTAMMAG;HUMANOID;HUMAN;MAGE;MAGE_FEMALE_HUMAN;None;None;base;Mage;;
CUTBALTH;HUMANOID;HUMAN;FIGHTER;MONK_MALE_HUMAN;cutbalth;None;base;Balthazar;;
CUTGRD01;HUMANOID;HUMAN;MONK;MONK_MALE_HUMAN;cutgrd01;None;base;Monk;;
CUTGRD02;HUMANOID;HUMAN;MONK;MONK_MALE_HUMAN;cutgrd02;None;base;Monk;;
CUTGRD03;HUMANOID;HUMAN;MONK;MONK_MALE_HUMAN;cutgrd03;None;base;Monk;;
CUTGRD04;HUMANOID;HUMAN;MONK;MONK_MALE_HUMAN;cutgrd04;None;base;Monk;;
CUTMELIS;HUMANOID;HUMAN;CLERIC_MAGE;MAGE_FEMALE_HUMAN;cutmelis;None;base;Melissan;;
CUTSPY;HUMANOID;NO_RACE;NO_CLASS;BIRD;cutspy;None;base;;;
CUTSPY2;HUMANOID;NO_RACE;NO_CLASS;BIRD;cutspy2;None;base;;;
CUWIZ1;HUMANOID;HUMAN;MAGE;MONK;Cuwiz1;None;base;Cowled Enforcer;;
CUWIZ2;HUMANOID;HUMAN;MAGE;MONK;Cuwiz2;None;base;Cowled Enforcer;;
CUWIZ3;HUMANOID;HUMAN;MAGE;MONK;Cuwiz3;None;base;Cowled Enforcer;;
CUWIZ4;HUMANOID;HUMAN;MAGE;MONK;Cuwiz4;None;base;Cowled Enforcer;;
CUWIZ5;HUMANOID;HUMAN;MAGE;MONK;Cuwiz5;None;base;Cowled Enforcer;;
CUWIZ6;HUMANOID;HUMAN;MAGE;MONK;Cuwiz6;None;base;Cowled Enforcer;;
CUWIZC;HUMANOID;HUMAN;MAGE;MONK;Cuwizc;None;base;Cowled Enforcer;;
CUWIZSU;HUMANOID;HUMAN;MAGE;MONK;Cuwizsu;None;base;Cowled Enforcer;;
CYRANDO;HUMANOID;GNOME;CLERIC;CLERIC_MALE_GNOME;cyrando;tcyrando;base;Cyrando;;
D1GHOST;UNDEAD;HUMAN;FIGHTER;ELEMENTAL_AIR;d1moth;d1moth;base;Alianna;;
D1GORI;UNDEAD;HUMAN;INNOCENT;MAGE_MALE_HUMAN;d1gori;d1gori;base;Gorion;;
D1MOTHDW;UNDEAD;DWARF;FIGHTER;CLERIC_FEMALE_DWARF;d1moth;d1moth;base;Alianna;;
D1MOTHEL;UNDEAD;ELF;FIGHTER;CLERIC_FEMALE_ELF;d1moth;d1moth;base;Alianna;;
D1MOTHHA;UNDEAD;HALFLING;FIGHTER;CLERIC_FEMALE_HALFLING;d1moth;d1moth;base;Alianna;;
D1MOTHHU;UNDEAD;HUMAN;FIGHTER;CLERIC_FEMALE_HUMAN;d1moth;d1moth;base;Alianna;;
D1SAREV;HUMANOID;HUMAN;SAREVOK;BOY;d1sarev;d1sarev;base;Sarevok;;
D1SKEL;UNDEAD;HUMAN;INNOCENT;SKELETON;d1gori;d1gori;base;Gorion;;
DAABOL;MONSTER;NO_RACE;FIGHTER;DOOM_GUARD;daabol;daabol;base;Aboleth;;
DACEMIST;MONSTER;NO_RACE;NO_CLASS;BLOB_MIST_CREATURE;None;None;base;Gaseous Form;;
DADOG;ANIMAL;DOG;DOG_WAR;DOG_WAR;dadog;dadog;base;Dog;WarDog;false
DADROW1;HUMANOID;HUMAN;FIGHTER_MAGE;MAGE_MALE_ELF;dadrow1;dadrow1;base;Drow Servant;;
DADROW10;HUMANOID;ELF;CLERIC;CLERIC_FEMALE_ELF;dadrow10;dadrow10;base;Drow Torturer;;
DADROW11;HUMANOID;ELF;CLERIC;CLERIC_FEMALE_ELF;dadrow11;dadrow11;base;Drow Torturer;;
DADROW12;HUMANOID;ELF;CLERIC;CLERIC_FEMALE_ELF;dadrow12;dadrow12;base;Overseer Handmaiden;;
DADROW13;HUMANOID;ELF;MAGE;MAGE_MALE_ELF;dadrow13;dadrow14;base;Drow;;
DADROW14;HUMANOID;ELF;FIGHTER;FIGHTER_FEMALE_ELF;dadrow14;dadrow13;base;Drow;;
DADROW15;HUMANOID;ELF;MAGE;MAGE_MALE_ELF;dadrow15;dadrow15;base;Drow;;
DADROW16;HUMANOID;ELF;MAGE;MAGE_MALE_ELF;dadrow16;dadrow16;base;Drow;;
DADROW17;HUMANOID;ELF;CLERIC;CLERIC_FEMALE_ELF;dadrow17;dadrow17;base;Taso Kala;;
DADROW18;HUMANOID;ELF;FIGHTER_MAGE;FIGHTER_MALE_ELF;dadrow18;dadrow18;base;Spelljammer Drow;;
DADROW19;HUMANOID;ELF;FIGHTER;FIGHTER_MALE_ELF;dadrow19;dadrow19;base;Drow;;
DADROW2;HUMANOID;ELF;MAGE;MAGE_MALE_ELF;dadrow2;dadrow2;base;Drow Servant;;
DADROW20;HUMANOID;ELF;CLERIC;CLERIC_FEMALE_ELF;dadrow20;dadrow20;base;Drow Priestess;;
DADROW21;HUMANOID;ELF;FIGHTER;FIGHTER_MALE_ELF;dadrow21;dadrow21;base;Drow;;
DADROW22;HUMANOID;ELF;FIGHTER;FIGHTER_FEMALE_ELF;dadrow22;dadrow22;base;Drow;;
DADROW23;HUMANOID;ELF;CLERIC;CLERIC_FEMALE_ELF;dadrow23;dadrow23;base;Drow;;
DADROW24;HUMANOID;ELF;FIGHTER;FIGHTER_MALE_ELF;dadrow24;UDCOM03;base;Drow;;
DADROW25;HUMANOID;ELF;FIGHTER;FIGHTER_MALE_ELF;dadrow25;dadrow25;base;Drow;;
DADROW26;HUMANOID;ELF;FIGHTER;FIGHTER_MALE_ELF;dadrow26;dadrow26;base;Drow;;
DADROW3;HUMANOID;ELF;FIGHTER;FIGHTER_MALE_ELF;dadrow3;dadrow3;base;Drow Slave Trader;;
DADROW4;HUMANOID;ELF;CLERIC;CLERIC_FEMALE_ELF;dadrow4;dadrow4;base;Drow Priestess;;
DADROW5;HUMANOID;ELF;FIGHTER;FIGHTER_MALE_ELF;dadrow5;dadrow5;base;Drow;;
DADROW6;HUMANOID;ELF;FIGHTER_MAGE;FIGHTER_MALE_ELF;dadrow6;dadrow6;base;Drow Leader;;
DADROW7;HUMANOID;ELF;FIGHTER;FIGHTER_MALE_ELF;dadrow7;dadrow7;base;Drow;;
DADROW8;HUMANOID;ELF;MAGE;MAGE_MALE_ELF;dadrow8;dadrow8;base;Drow Torturer;;
DADROW9;HUMANOID;ELF;MAGE;MAGE_MALE_ELF;dadrow9;dadrow9;base;Drow Torturer;;
DADUER1;HUMANOID;DWARF;FIGHTER;FIGHTER_MALE_DWARF;daduer1;daduer1;base;Duergar;;
DADUER2;HUMANOID;DWARF;FIGHTER;CLERIC_MALE_DWARF;daduer2;daduer2;base;Duergar;;
DADUER3;HUMANOID;DWARF;FIGHTER;FIGHTER_MALE_DWARF;daduer3;daduer3;base;Duergar;;
DADUER4;HUMANOID;DWARF;FIGHTER;MAGE_MALE_DWARF;daduer4;daduer4;base;Duergar;;
DADWARF;HUMANOID;DWARF;FIGHTER;FIGHTER_MALE_DWARF;dadwarf;dadwarf;base;Dwarf;;
DAELF;HUMANOID;ELF;MAGE;MAGE_FEMALE_ELF;daelf;daelf;base;Elven Mage;;
DAELF2;HUMANOID;ELF;MAGE;MAGE_FEMALE_ELF;daelf;daelf;base;Elven Mage;;
DAGENIE;GIANTHUMANOID;GENIE;GENIE_DJINNI;DJINNI;dagenie;dagenie;base;Dola Fadoon;;
DAGHAUN1;HUMANOID;ELF;CLERIC;CLERIC_FEMALE_ELF;daghaun1;daghaun1;base;Ghaunadaur Priest Leader;;
DAGHAUN2;HUMANOID;ELF;CLERIC;CLERIC_FEMALE_ELF;daghaun2;daghaun2;base;Ghaunadaur Priest;;
DAGITH1;HUMANOID;GITHYANKI;FIGHTER_MAGE;GITHYANKI;dagith1;dagith1;base;Githyanki Captain;;
DAGITH2;HUMANOID;GITHYANKI;FIGHTER;GITHYANKI;dagith2;dagith2;base;Githyanki;;
DAGMAG01;HUMANOID;ELF;MAGE;MAGE_MALE_ELF;dagmag01;None;base;Relonar;;
DAGNOLL;HUMANOID;GNOLL;GNOLL;GNOLL;dagnoll;;base;Gnoll;;
DAKOBOLD;HUMANOID;KOBOLD;KOBOLD;KOBOLD;dakobold;dakobold;base;Kobold;;
DALESON;HUMANOID;HUMAN;INNOCENT;PEASANT_MAN;Daleson;daleson;base;Daleson;;
DAMIND1;HUMANOID;MIND_FLAYER;MIND_FLAYER;MINDFLAYER;damind1;damind1;base;Mind Flayer;;
DAMIND2;HUMANOID;MIND_FLAYER;MIND_FLAYER;MINDFLAYER;damind2;damind2;base;Mind Flayer;;
DANNO;HUMANOID;HALFLING;FIGHTER;FIGHTER_MALE_HALFLING_LOW;Danno;danno1;base;Danno Fairfoot;;
DAQILUE;HUMANOID;ELF;CLERIC;CLERIC_FEMALE_ELF;daqilue;daqilue;base;Qilue;;
DARIA;HUMANOID;HUMAN;INNOCENT;GIRL;None;daria;base;Daria Thet;;
DARIO;HUMANOID;HUMAN;MAGE;MAGE_MALE_HUMAN_LOW;None;dario;base;Dario Thet;;
DASLAVE1;HUMANOID;HUMAN;FIGHTER;FIGHTER_MALE_HUMAN;daslave1;daslave1;base;Slave Leader;;
DASLAVE2;HUMANOID;HUMAN;FIGHTER;CLERIC_FEMALE_HUMAN;daslave2;daslave2;base;Slave;;
DASLAVE3;HUMANOID;HUMAN;FIGHTER;BOY;daslave3;daslave3;base;Slave Boy;;
DASLAVE4;HUMANOID;HUMAN;FIGHTER;GIRL;daslave4;daslave4;base;Slave Girl;;
DASLAVE5;HUMANOID;HUMAN;FIGHTER;PEASANT_WOMAN;daslave5;daslave5;base;Slave;;
DASLAVE6;HUMANOID;HUMAN;FIGHTER;NOBLE_MAN;daslave6;daslave6;base;Slave;;
DASLAVE7;HUMANOID;HALFLING;FIGHTER;FIGHTER_MALE_HALFLING;daslave7;daslave7;base;Slave;;
DASPITRO;MONSTER;TROLL;TROLL;TROLL;daspitro;;base;Spirit Troll;;
DASSIN;HUMANOID;HUMAN;THIEF;THIEF_MALE_HUMAN;dassin;dassin;base;Shadow Thief;;
DATROLL;MONSTER;TROLL;TROLL;TROLL;datroll;;base;Troll;;
DAUMBER;MONSTER;UMBERHULK;UMBERHULK;UMBER_HULK;daumber;;base;Umber Hulk;;
DAVAEO;HUMANOID;HUMAN;MAGE;MAGE_MALE_HUMAN;Davaeorn;davaeo;base;Davaeorn;;
DAWNMAS;HUMANOID;HUMAN;CLERIC;CLERIC_MALE_HUMAN;dawnmas;dawnmas;base;Dawnmaster Kreel;;
DBEGGAR;HUMANOID;HUMAN;INNOCENT;PEASANT_MAN;None;dbeggar;base;Beggar;;
DBEGGAR2;HUMANOID;HUMAN;INNOCENT;BEGGAR_MAN;None;dbeggar2;base;Beggar;;
DBONEF01;MONSTER;DEMONIC;IMP;SKELETON_FIEND;dbonef01;None;base;Bone Fiend;;
DCLERIC;HUMANOID;HUMAN;FIGHTER_CLERIC;MAGE_MALE_HUMAN;None;dcleric;base;Mad Cleric;;
DCOWL1;HUMANOID;ELF;MAGE;MONK;Rayic;DCOWL1;base;Rayic Gethras;;
DDGUARD1;GIANTHUMANOID;GENIE;GENIE_EFREETI;EFREETI_NOBLE;ddguard1;ddguard1;base;Guardian;;
DDGUARD2;GIANTHUMANOID;GENIE;GENIE_EFREETI;EFREETI_NOBLE;ddguard2;ddguard2;base;Guardian;;
DDGUARD3;GIANTHUMANOID;GENIE;GENIE_EFREETI;EFREETI_NOBLE;ddguard3;ddguard3;base;Guardian;;
DDGUARD4;GIANTHUMANOID;GENIE;GENIE_EFREETI;EFREETI_NOBLE;ddguard4;ddguard4;base;Guardian;;
DDGUARD5;GIANTHUMANOID;GENIE;GENIE_EFREETI;EFREETI_NOBLE;ddguard5;ddguard5;base;Guardian;;
DDGUARD6;GIANTHUMANOID;GENIE;GENIE_EFREETI;EFREETI_NOBLE;ddguard6;ddguard6;base;Guardian;;
DDGUARD7;GIANTHUMANOID;ELEMENTAL;ELEMENTAL_FIRE;ELEMENTAL_FIRE;ddguard7;ddguard7;base;Guardian;;
DEADB01;HUMANOID;HUMAN;FIGHTER;FIGHTER_MALE_HUMAN_LOW;deadb01;deadb01;base;Adventurer;;
DEADB02;HUMANOID;HUMAN;MAGE;MAGE_FEMALE_HUMAN_LOW;deadb02;deadb02;base;Adventurer;;
DEADB03;HUMANOID;HALFLING;THIEF;THIEF_MALE_HALFLING_LOW;deadb03;deadb03;base;Adventurer;;
DEADBEH1;MONSTER;BEHOLDER;BEHOLDER;BEHOLDER;None;;base;Beholder;;
DEADBEH2;MONSTER;BEHOLDER;BEHOLDER;BEHOLDER_SMALL;None;;base;Gauth;;
DEADCOW1;ANIMAL;NO_RACE;NO_CLASS;COW;None;None;base;Cow;;
DEADCOW2;ANIMAL;NO_RACE;NO_CLASS;COW;None;None;base;Cow;;
DEADDEM1;MONSTER;DEMONIC;IMP;CORNUGON;demcor01;None;base;Cornugon;;
DEADDEM2;MONSTER;DEMONIC;TANARI;IMP;dquas01;None;base;Quasit;;
DEADHOR1;ANIMAL;NO_RACE;NO_CLASS;HORSE;None;None;base;Horse;;
DEADHOR2;ANIMAL;NO_RACE;NO_CLASS;HORSE;None;None;base;Horse;;
DEATHKNI;HUMANOID;DEMONIC;FIGHTER_MAGE;DEATH_KNIGHT;deathkni;deathkni;base;Demon Knight;;
DECK;HUMANOID;HUMAN;NO_CLASS;BIRD;domt;domt;base;Deck of Many Things;;
DECK615;HUMANOID;DEMONIC;FIGHTER_MAGE;DEATH_KNIGHT;None;None;base;Demon Knight;;
DECK622;UNDEAD;SKELETON;SKELETON_WARRIOR;SKELETON_FIEND;deck622;deck622;base;Death Shade;SkeletonWarrior;false
DECKASS1;HUMANOID;HALFLING;THIEF;SHADOW_THIEF;deckass1;None;base;Thief;;
DECKFELE;GIANTHUMANOID;ELEMENTAL;ELEMENTAL_FIRE;ELEMENTAL_FIRE;None;;base;Fire Elemental;;
DECKWAR1;HUMANOID;HUMAN;FIGHTER;FIGHTER_MALE_HUMAN;deckwar1;None;base;Fighter;;
DEDSMUG;HUMANOID;HUMAN;NO_CLASS;THIEF_MALE_HUMAN;amsmug01;amsmug01;base;Smuggler;;
DEER01;ANIMAL;NO_RACE;FOOD_CREATURE;DEER;DEER01;None;ctb;Deer;;
DEGARD;HUMANOID;HUMAN;MAGE;MAGE_MALE_HUMAN;Degard;Degard;base;Degardan;;
DEL;HUMANOID;HUMAN;THIEF;THIEF_MALE_HUMAN;del;del;base;Del;;
DELCIA;HUMANOID;HUMAN;INNOCENT;NOBLE_WOMAN;Delcia;delcia;base;Lady Delcia Caan;;
DELLOW;HUMANOID;HUMAN;THIEF;THIEF_MALE_HUMAN_LOW;None;del;base;Del;;
DELMIST;MONSTER;MIST;MIST;BLOB_MIST_CREATURE;None;None;base;Gaseous Form;;
DELNOB01;HUMANOID;HUMAN;INNOCENT;NOBLE_MAN;None;delnob01;base;Nobleman;;
DELNOB02;HUMANOID;HUMAN;INNOCENT;NOBLE_WOMAN;None;delnob02;base;Noblewoman;;
DELON;HUMANOID;HUMAN;INNOCENT;BOY;delon;delon;base;Delon;;
DELRYNG1;HUMANOID;HUMAN;FIGHTER;FIGHTER_MALE_HUMAN;delryng1;delryng1;base;Delryn Door Guard;;
DELTOW01;HUMANOID;HUMAN;INNOCENT;PEASANT_MAN;None;deltow01;base;Patron;;
DELTOW02;HUMANOID;HUMAN;INNOCENT;PEASANT_WOMAN;None;deltow02;base;Patron;;
DELTOW03;HUMANOID;HUMAN;INNOCENT;STATIC_PEASANT_MAN_CHAIR;None;deltow03;base;Patron;;
DEMABI01;MONSTER;DEMONIC;TANARI;CORNUGON;abisred1;None;base;Abishai;;
DEMBAL01;MONSTER;DEMONIC;TANARI;TANARRI;dembal01;;base;Balor;;
DEMBAL02;MONSTER;DEMONIC;TANARI;TANARRI;dembal01;;base;Balor;;
DEMCOR01;MONSTER;DEMONIC;IMP;CORNUGON;demcor01;None;base;Cornugon;;
DEMFIG01;HUMANOID;HUMAN;FIGHTER;FIGHTER_MALE_HUMAN;demfig01;None;base;Falahar;;
DEMFIG02;HUMANOID;ELF;FIGHTER;FIGHTER_FEMALE_ELF;demfig02;None;base;Valeria;;
DEMGLA01;MONSTER;DEMONIC;TANARI;GLABREZU;demgla01;None;base;Glabrezu;;
DEMGLAB;MONSTER;DEMONIC;TANARI;GLABREZU;demglab;None;base;Glabrezu;;
DEMGLAB2;MONSTER;DEMONIC;TANARI;GLABREZU;demglab;None;base;Glabrezu;;
DEMGLASU;MONSTER;DEMONIC;FIGHTER_MAGE_CLERIC;GLABREZU;DEMGLAB;;SPELL_REV;Glabrezu;;
DEMILICH;UNDEAD;DEMILICH;MAGE;DEMILICH;demilich;None;base;Demilich;;
DEMLORD;MONSTER;DEMONIC;TANARI;TANARRI;demlord;;base;Lesser Demon Lord;;
DEMMAG;HUMANOID;HUMAN;MAGE;MAGE_MALE_HUMAN;demmag;None;base;Dracandros;;
DEMMAU01;MONSTER;DEMONIC;TANARI;LICH_BLACK;demmau01;;base;Maurezhi;;
DEMNAB01;MONSTER;DEMONIC;TANARI;FIEND_GREEN;demnab01;None;STRATAGEMS;Nabassu;;
DEMNAB02;MONSTER;DEMONIC;TANARI;FIEND_GREEN;demnab01;None;STRATAGEMS;Nabassu;;
DEMNABSU;MONSTER;DEMONIC;TANARI;FIEND_GREEN;demnabsu;None;STRATAGEMS;Nabassu;;
DEMOARCH;HUMANOID;ELF;FIGHTER;FIGHTER_FEMALE_ELF;DemoArch;None;base;Fighter;;
DEMOCLER;HUMANOID;HUMAN;CLERIC;CLERIC_MALE_HUMAN;DemoCler;None;base;Cleric;;
DEMOGOR1;MONSTER;DEMONIC;TANARI;DOOM_GUARD;demogor1;GorDemo;base;Imprisoned One;;
DEMOGOR2;MONSTER;DEMONIC;TANARI;DEMOGORGON;demogor2;zGorDemo;base;Demogorgon;;
DEMOSUM1;MONSTER;DEMONIC;TANARI;MARILITH;Demosum1;demosum1;base;Marilith;;
DEMOSUM2;MONSTER;DEMONIC;TANARI;TANARRI;demosum2;demosum2;base;Balor;;
DEMOSUM3;MONSTER;DEMONIC;TANARI;GLABREZU;demosum3;demosum3;base;Glabrezu;;
DEMOSUM4;GIANTHUMANOID;DEMONIC;FIGHTER_MAGE;DEATH_KNIGHT;demosum4;demosum4;base;Cambion;;
DEMPIT;MONSTER;DEMONIC;TANARI;RAVER;dempit;None;base;Pit Fiend;;
DEMPIT01;MONSTER;DEMONIC;TANARI;RAVER;dempit01;None;base;Pit Fiend;;
DEMPITSU;MONSTER;DEMONIC;FIGHTER_MAGE_CLERIC;RAVER;dempit;None;STRATAGEMS;Pit Fiend;;
DEMPRI;HUMANOID;HUMAN;CLERIC;CLERIC_MALE_HUMAN;dempri;None;base;Pitre;;
DEMSON;HUMANOID;HUMAN;PALADIN;FIGHTER_MALE_HUMAN;demson;demson;base;Sir William Reirrac;;
DEMSUC01;MONSTER;DEMONIC;TANARI;SIRINE;demsuc01;None;base;Succubus;;
DERINY01;MONSTER;DEMONIC;IMP;FIGHTER_FEMALE_HUMAN;deriny01;None;base;Erinyes;;
DERRICK;HUMANOID;HUMAN;RANGER;FIGHTER_MALE_HUMAN;Derrick;Derrick;base;Derrick;;
DESHAR;HUMANOID;HUMAN;FIGHTER_THIEF;THIEF_MALE_HUMAN;deshar;None;base;Ferric Ironblade;;
DEVAEVIL;HUMANOID;DARKPLANATAR;FIGHTER_CLERIC;CLERIC_FEMALE_ELF;devaevil;DEVAEVIL;SPELL_REV;Fallen Deva;;
DEVAGOOD;HUMANOID;PLANATAR;FIGHTER_CLERIC;CLERIC_MALE_ELF;devagood;DEVAGOOD;SPELL_REV;Deva;;
DEVAST01;MONSTER;SOLAR;CLERIC_MAGE;CLERIC_MALE_ELF;None;None;jtweaks;Astral Deva;;
DEVMON01;MONSTER;SOLAR;CLERIC_MAGE;CLERIC_MALE_ELF;None;None;jtweaks;Monadic Deva;;
DFISHER;HUMANOID;HUMAN;INNOCENT;PEASANT_MAN;None;dfisher;base;Fisherman;;
DFTOWN1;HUMANOID;HUMAN;INNOCENT;PEASANT_WOMAN;None;dftown1;base;Commoner;;
DFTOWN2;HUMANOID;HUMAN;INNOCENT;PEASANT_WOMAN;None;dftown2;base;Commoner;;
DGDRU01;HUMANOID;HUMAN;DRUID;CLERIC_MALE_HUMAN;dgdru01;dgdru01;base;Druid;;
DGFIG01;HUMANOID;HUMAN;FIGHTER;FIGHTER_MALE_HUMAN;dgfig01;dgfig01;base;Fighter;;
DGLAB01;MONSTER;DEMONIC;TANARI;GLABREZU;dglab01;None;base;Glabrezu;;
DGMAG01;HUMANOID;HUMAN;MAGE;MAGE_FEMALE_HUMAN;dgmag01;dgmag01;base;Mage;;
DGTROL01;GIANTHUMANOID;TROLL;FIGHTER;TROLL;dgtrol01;;base;Troll;;
DGTROL02;GIANTHUMANOID;TROLL;MAGE;TROLL;dgtrol02;;base;Troll;;
DHALF1;HUMANOID;HALFLING;INNOCENT;CLERIC_MALE_HALFLING;None;dhalf1;base;Halfling Man;;
DHARLOT1;HUMANOID;HUMAN;INNOCENT;HARLOT_WOMAN;None;dharlot1;base;Harlot;;
DHARLOT2;HUMANOID;HUMAN;INNOCENT;HARLOT_WOMAN;None;dharlot2;base;Altheia;;
DIALOGMO;HUMANOID;HUMAN;FIGHTER;FIGHTER_MALE_HUMAN;None;None;base;Biff the Understudy;;
DIANE;HUMANOID;HUMAN;INNOCENT;PEASANT_WOMAN;diane;diane;base;Diane;;
DIMP01;MONSTER;DEMONIC;IMP;IMP;dimp01;None;base;Imp;;
DISRUP01;HUMANOID;HALFLING;FIGHTER;FIGHTER_MALE_HALFLING;disrup01;None;base;Wizard Slayer;;
DJINNISU;GIANTHUMANOID;GENIE;GENIE_DJINNI;DJINNI_LEGS;None;;base;Djinni;;
DKHALID;HUMANOID;HALF_ELF;MAGE;FIGHTER_MALE_ELF;DeadKhalid;None;base;Khalid;;
DKHALID2;HUMANOID;HALF_ELF;MAGE;DOOM_GUARD;DeadKhalid;None;base;Khalid;;
DLOST;HUMANOID;HUMAN;INNOCENT;GIRL;dlost;dlost;base;Lost Child;;
DMANNO;HUMANOID;HUMAN;INNOCENT;FAT_MAN;DMANNO;dmanno;base;Announcer;;
DMARK1;HUMANOID;HUMAN;THIEF;THIEF_MALE_HUMAN;dmark1;dmark1;base;Fovem;;
DMASK1;HUMANOID;HUMAN;CLERIC;CLERIC_MALE_HUMAN_LOW;None;dmask1;base;Commoner;;
DMREST;HUMANOID;HUMAN;INNOCENT;FAT_MAN;None;dmrest;base;Bessen;;
DMSTORE;HUMANOID;HUMAN;INNOCENT;STATIC_BEGGAR_MAN;None;beggar1;base;Beggar;;
DMTOWN1;HUMANOID;HUMAN;INNOCENT;PEASANT_MAN;None;dmtown1;base;Peasant;;
DMTOWN2;HUMANOID;HUMAN;INNOCENT;PEASANT_MAN;None;dmtown2;base;Peasant;;
DOCSOL01;HUMANOID;HUMAN;INNOCENT;FIGHTER_MALE_HUMAN;docsol01;docsol01;base;Amnian Soldier;;
DOCSOL02;HUMANOID;HUMAN;INNOCENT;FIGHTER_MALE_HUMAN;docsol02;docsol02;base;Barracks Guard;;
DOCSOL03;HUMANOID;HUMAN;INNOCENT;FIGHTER_MALE_HUMAN;docsol03;docsol03;base;Guard Captain;;
DOGHMA;HUMANOID;HUMAN;INNOCENT;MONK;DOGHMA;doghma;SOUTHERNEDGE;Priest of Oghma;;
DOGWAR01;ANIMAL;DOG;DOG_WAR;DOG_WAR;None;;base;War Dog;WarDog;false
DOGWASU;ANIMAL;DOG;DOG_WAR;DOG_WAR;None;;base;War Dog;WarDog;true
DOGWAWP;ANIMAL;DOG;DOG_WAR;DOG_WAR;None;;base;Astral Hound;SpectralHound;true
DOGWIL01;ANIMAL;DOG;DOG_WILD;DOG_WILD;None;;base;Wild Dog;WildDog;false
DOGWISU;ANIMAL;DOG;DOG_WILD;DOG_WILD;None;;base;Rabid Dog;WildDog;true
DOPCLE01;MONSTER;DOPPLEGANGER;CLERIC;CLERIC_MALE_DWARF;DOPKIE;None;STRATAGEMS;Kiel the Legion Killer;;
DOPGRE01;MONSTER;DOPPLEGANGER;DOPPLEGANGER_GREATER;DOPPLEGANGER_GREATER;None;;STRATAGEMS;Greater Doppelganger;;
DOPMAG01;MONSTER;DOPPLEGANGER;MAGE;MAGE_FEMALE_DWARF;DOPISL;None;STRATAGEMS;Islanne.;;
DOPMGR01;MONSTER;DOPPLEGANGER;MAGE;DOPPLEGANGER_GREATER;DOPISL;None;STRATAGEMS;Islanne.;;
DOPPLE01;MONSTER;DOPPLEGANGER;DOPPLEGANGER;DOPPLEGANGER;None;;STRATAGEMS;Doppelganger;;
DOPTHI01;MONSTER;DOPPLEGANGER;BARD;THIEF_MALE_DWARF;DOPFUE;None;STRATAGEMS;Fuernebol;;
DOPWAR01;MONSTER;DOPPLEGANGER;FIGHTER;FIGHTER_MALE_DWARF;DOPDUR;None;STRATAGEMS;Durlag Trollkiller;;
DORKUS;HUMANOID;HUMAN;FIGHTER;PEASANT_MAN;dorkus;dorkus;base;Dorkus;;
DORN10;HUMANOID;HALFORC;PALADIN;FIGHTER_MALE_HALFORC;DORN;DORN;base;Dorn;;
DORN12;HUMANOID;HALFORC;PALADIN;FIGHTER_MALE_HALFORC;DORN;DORN;base;Dorn;;
DORN14;HUMANOID;HALFORC;PALADIN;FIGHTER_MALE_HALFORC;DORN;DORN25A;base;Dorn;;
DORN8;HUMANOID;HALFORC;PALADIN;FIGHTER_MALE_HALFORC;DORN;DORN;base;Dorn;;
DORN9;HUMANOID;HALFORC;PALADIN;FIGHTER_MALE_HALFORC;DORN;DORN;base;Dorn;;
DOUG;HUMANOID;HALF_ELF;THIEF;THIEF_MALE_ELF;doug;doug;base;Festule the Alchemist;;
DPDEM01;HUMANOID;HUMAN;INNOCENT;TANARRI;dpdem01;dpdem01;base;Demon;;
DPFEMALE;HUMANOID;HUMAN;THIEF;PEASANT_WOMAN;None;None;base;Peasant;;
DPIM;HUMANOID;HUMAN;INNOCENT;NOBLE_MAN;korpim;korpim;base;Pimlico;;
DPIMG1;HUMANOID;HUMAN;FIGHTER;CLERIC_MALE_HUMAN;dpimg1;dpimg1;base;Pimlico Guard;;
DPIMO01;HUMANOID;HUMAN;MAGE_THIEF;MAGE_FEMALE_HUMAN;Dpimo01;Dpimo01;CDTWEAKS;Imoen;;
DPJON01;HUMANOID;ELF;MAGE;JON_IRENICUS;dpjon01;dpjon01;base;Jon Irenicus;;
DPJON02;HUMANOID;ELF;MAGE;JON_IRENICUS;dpjon02;dpjon02;base;Jon Irenicus;;
DPMALE;HUMANOID;HUMAN;THIEF;PEASANT_MAN;None;None;base;Peasant;;
DPMON01;HUMANOID;MIND_FLAYER;MIND_FLAYER;MINDFLAYER;dpmon01;dpmon01;base;Mind Flayer;;
DPMON02;UNDEAD;LICH;MAGE;LICH;dpmon02;dpmon02;base;Lich;;
DPMON03;UNDEAD;VAMPIRE;VAMPIRE;VAMPIRE;dpmon03;dpmon03;base;Vampire;;
DPPLAY01;HUMANOID;HUMAN;NO_CLASS;FIGHTER_MALE_HUMAN;Dpplay01;Dpplay01;base;;;
DPPLAY02;HUMANOID;HUMAN;NO_CLASS;FIGHTER_MALE_HUMAN;Dpplay02;Dpplay02;base;;;
DPSTAT01;HUMANOID;HUMAN;FIGHTER;PEASANT_WOMAN;dpstat01;dpstat01;base;Eliya;;
DPSTAT02;HUMANOID;HUMAN;NO_CLASS;PEASANT_MAN;dpstat02;dpstat02;base;Petrified Man;;
DPSTAT03;HUMANOID;HUMAN;NO_CLASS;FAT_WOMAN;dpstat03;dpstat03;base;Petrified Woman;;
DPSTAT04;HUMANOID;HUMAN;NO_CLASS;FIGHTER_MALE_HUMAN;dpstat04;dpstat04;base;Petrified Man;;
DPSTAT05;HUMANOID;HUMAN;NO_CLASS;NOBLE_WOMAN;dpstat05;dpstat05;base;Petrified Woman;;
DQUAS01;MONSTER;DEMONIC;TANARI;IMP;dquas01;None;base;Quasit;;
DRAGBLAC;MONSTER;DRAGON;SHADOW_DRAGON;DRAGON_BLACK;Dragblac;dragblac;base;Nizidramanii'yt;;
DRAGBLUE;MONSTER;DRAGON;SHADOW_DRAGON;DRAGON_BLUE;Abazigal;Abazigal;base;Abazigal;;
DRAGBROW;MONSTER;DRAGON;RED_DRAGON;DRAGON_BROWN;DragBrow;;base;Brown Dragon;;
DRAGPURP;MONSTER;DRAGON;SHADOW_DRAGON;DRAGON_PURPLE;DragPurp;None;base;Purple Dragon;;
DRAGRED;MONSTER;DRAGON;RED_DRAGON;DRAGON_RED;DragRed;;base;Red Dragon;;
DRAGSHAD;MONSTER;DRAGON;SHADOW_DRAGON;DRAGON_BLACK;ShaDra01;ShaDra01;base;Thaxll'ssillyia;;
DRAGSILV;MONSTER;DRAGON;SILVER_DRAGON;DRAGON_SILVER;DragSilv;;base;Silver Dragon;;
DRAGYELL;MONSTER;DRAGON;RED_DRAGON;DRAGON_RED;DragYell;;base;Yellow Dragon;;
DRAUG;HUMANOID;DWARF;FIGHTER;FIGHTER_MALE_DWARF_LOW;draug;draug;base;Draug Fea;;
DRBOD;UNDEAD;VAMPIRE;VAMPIRE;BODHI;drbod;None;base;Bodhi;;
DREAM1;HUMANOID;HUMAN;MAGE_THIEF;MAGE_FEMALE_HUMAN;Dream1;dream1;CDTWEAKS;Imoen;;
DREAM2;HUMANOID;ELF;MAGE_THIEF;JON_IRENICUS;Dream2;dream2;base;Jon Irenicus;;
DREAMPC;HUMANOID;HUMAN;CLERIC;CLERIC_MALE_HUMAN_LOW;DreamPC;dreampc;base;Dream Vision;;
DRELLE;HUMANOID;ELF;NO_CLASS;ELLESIME;drelle;drelle;base;Dream Vision;;
DRELLE2;HUMANOID;ELF;NO_CLASS;ELLESIME;drelle2;drelle2;base;Dream Vision;;
DRENDEN;HUMANOID;HALF_ELF;DRUID;CLERIC_MALE_ELF;None;drenden;base;Drenden Shale;;
DREPPI;HUMANOID;HUMAN;INNOCENT;CLERIC_MALE_HUMAN;None;dreppi;base;Dreppin;;
DREPPI2;HUMANOID;HUMAN;INNOCENT;CLERIC_MALE_HUMAN;None;dreppi2;base;Dreppin;;
DREPPI3;MONSTER;DOPPLEGANGER;DOPPLEGANGER;CLERIC_MALE_HUMAN;None;dreppi3;STRATAGEMS;Dreppin;;
DRESELF1;HUMANOID;ELF;MAGE;CLERIC_MALE_ELF;dreself1;None;base;Elf Male;;
DRESELF2;HUMANOID;ELF;NO_CLASS;CLERIC_FEMALE_ELF;dreself2;None;base;Elf Female;;
DRESELF3;HUMANOID;ELF;NO_CLASS;CLERIC_MALE_ELF;dreself3;None;base;Elf Male;;
DRESELF4;HUMANOID;ELF;NO_CLASS;CLERIC_FEMALE_ELF;dreself4;None;base;Elf Female;;
DRESELF5;HUMANOID;ELF;NO_CLASS;CLERIC_MALE_ELF;dreself5;None;base;Elf Male;;
DRESELF6;HUMANOID;ELF;NO_CLASS;CLERIC_FEMALE_ELF;dreself6;None;base;Elf Female;;
DRESELF7;HUMANOID;ELF;NO_CLASS;CLERIC_MALE_ELF;dreself7;None;base;Elf Male;;
DRESELF8;HUMANOID;ELF;NO_CLASS;CLERIC_FEMALE_ELF;dreself8;None;base;Elf Female;;
DRIM01;HUMANOID;HUMAN;MAGE_THIEF;MAGE_FEMALE_HUMAN;drim01;dream3;CDTWEAKS;Imoen;;
DRIM02;HUMANOID;HUMAN;MAGE_THIEF;MAGE_FEMALE_HUMAN;drim02;dream4;CDTWEAKS;Imoen;;
DRIREN;HUMANOID;ELF;MAGE;JON_IRENICUS;drIren;;base;Jon Irenicus;;
DRIZZT;HUMANOID;ELF;INNOCENT;DRIZZT;DRIZZT;DRIZZT;base;Drizzt;;
DRJON;HUMANOID;ELF;MAGE;JON_IRENICUS;drjon;None;base;Jon Irenicus;;
DROFOD01;HUMANOID;ELF;FIGHTER;DROW;drofod01;None;base;Drow;;
DROFOD02;HUMANOID;ELF;MAGE;DROW_FEMALE;drofod03;None;base;Drow;;
DROFOD03;HUMANOID;ELF;FIGHTER;DROW;drofod03;None;base;Drow;;
DROFOD04;HUMANOID;ELF;CLERIC;DROW_FEMALE;drofod04;None;base;Drow Priestess;;
DROW01;HUMANOID;ELF;FIGHTER;DROW;drow01;drow01;base;Drow Warrior;;
DROW02;HUMANOID;ELF;FIGHTER;DROW_FEMALE;drow02;drow02;base;Drow Warrior;;
DROW03;HUMANOID;ELF;MAGE;DROW;drow03;drow03;base;Drow Wizard;;
DROW04;HUMANOID;ELF;CLERIC;DROW_FEMALE;drow04;drow04;base;Drow Priestess;;
DROW05;HUMANOID;ELF;FIGHTER_CLERIC;DROW_FEMALE;drow05;drow05;base;Drow;;
DROW06;HUMANOID;ELF;MAGE;DROW;drow06;drow06;base;Drow;;
DROW07;HUMANOID;ELF;CLERIC;DROW_FEMALE;drow07;drow07;base;Drow Priestess;;
DRPAR2;HUMANOID;HUMAN;INNOCENT;BEGGAR_MAN;drpar2;None;base;Beggar;;
DRPAR3;HUMANOID;HUMAN;INNOCENT;BEGGAR_MAN;drpar3;None;base;Beggar;;
DRPAR4;HUMANOID;HUMAN;INNOCENT;BEGGAR_MAN;drpar4;None;base;Beggar;;
DRPAR5;HUMANOID;HUMAN;INNOCENT;BEGGAR_MAN;drpar5;None;base;Beggar;;
DRPAR6;HUMANOID;HUMAN;INNOCENT;BEGGAR_MAN;drpar6;None;base;Beggar;;
DRPC;HUMANOID;HUMAN;NO_CLASS;FIGHTER_MALE_HUMAN;drpc;None;base;Adventurer;;
DRSAR;HUMANOID;HUMAN;SAREVOK;SAREVOK;drsar;;base;Sarevok;;
DRSHCH01;HUMANOID;MIST;FIGHTER_MAGE;MIST_CREATURE;drshch01;drshch01;STRATAGEMS;Chaos ;;
DRSHLO01;HUMANOID;HUMAN;INNOCENT;BOY;drshlo01;drshlo01;base;Loren;;
DRSHLO02;HUMANOID;HUMAN;INNOCENT;BOY;drshlo02;;base;Loren;;
DRSHNL01;MONSTER;TROLL;DRUID;TROLL;drshnl02;drshnl01;STRATAGEMS;Nilthiri;;
DRSHNL02;MONSTER;TROLL;TROLL;TROLL;DRSHNL02;DRSHNL02;base;Nilthiri;;
DRSHNL11;MONSTER;TROLL;TROLL;TROLL;drshnl02;;base;Nilthiri;;
DRSHNL21;MONSTER;TROLL;TROLL;TROLL;drshnl02;;base;Nilthiri;;
DRSHSP01;HUMANOID;SPECTRE;MAGE;MONK;drshsp01;drshsp01;base;Spirit of the Grove;;
DRSLAYER;GIANTHUMANOID;LICH;MIST;SLAYER;drslayer;drslayer;base;Slayer;;
DRSTATU1;HUMANOID;PLATE;LONG_SWORD;DOOM_GUARD;drstatu1;drstatu1;base;Statue;;
DRSTATU2;HUMANOID;PLATE;LONG_SWORD;DOOM_GUARD;drstatu2;drstatu2;base;Statue;;
DRSTATU3;HUMANOID;PLATE;LONG_SWORD;DOOM_GUARD;drstatu3;drstatu3;base;Statue;;
DRUEAR01;MONSTER;ELEMENTAL;ELEMENTAL_EARTH;ELEMENTAL_EARTH;None;;FAITHS_AND_POWERS;Earth Elemental;;
DRUFF1;HUMANOID;HUMAN;FIGHTER;FIGHTER_MALE_HUMAN;None;druff1;base;Ruffian;;
DRUFF2;HUMANOID;DWARF;FIGHTER;FIGHTER_MALE_DWARF;None;druff2;base;Ruffian;;
DRUFIR01;GIANTHUMANOID;ELEMENTAL;ELEMENTAL_FIRE;ELEMENTAL_FIRE;None;;base;Fire Elemental;;
DRUID10A;HUMANOID;HUMAN;DRUID;CLERIC_MALE_HUMAN;druid10a;None;base;Zorl;;
DRUID10B;HUMANOID;HUMAN;DRUID;CLERIC_MALE_HUMAN;druid10b;None;base;Zorl;;
DRUID12A;HUMANOID;HUMAN;DRUID;CLERIC_MALE_HUMAN;druid12a;None;base;Zorl;;
DRUID12B;HUMANOID;HUMAN;DRUID;CLERIC_MALE_HUMAN;druid12b;None;base;Zorl;;
DRUID6A;HUMANOID;HUMAN;DRUID;CLERIC_MALE_HUMAN;druid6a;None;base;Zorl;;
DRUID8A;HUMANOID;HUMAN;DRUID;CLERIC_MALE_HUMAN;druid8a;None;base;Zorl;;
DRUID8B;HUMANOID;HUMAN;DRUID;CLERIC_MALE_HUMAN;druid8b;None;base;Zorl;;
DRUIDAD;HUMANOID;HUMAN;DRUID;CLERIC_MALE_HUMAN;DruidAD;DruidAD;base;Druid;;
DRUNK1;HUMANOID;HUMAN;INNOCENT;STATIC_PEASANT_MAN_CHAIR;drunk1;drunk1;base;Garoll;;
DRUNK2;HUMANOID;HUMAN;INNOCENT;STATIC_PEASANT_MAN_CHAIR;drunk2;drunk2;base;Tavern Drunk;;
DRUSH;GIANTHUMANOID;OGRE;OGRE_MAGE;OGRE_MAGE;drush;drush;base;Drush;OgreMage;false
DRY01;HUMANOID;BASILISK;INNOCENT;SIRINE;CDryad;dryad;base;Dryad;Dryad;true
DRYAD01;HUMANOID;HUMAN;INNOCENT;SIRINE;CDryad;none;base;Dryad of the Cloudpeaks;Dryad;true
DRYAD02;HUMANOID;0;INNOCENT;SIRINE;CDryad;none;base;Dryad of the Cloudpeaks;Dryad;true
DRYAD03;HUMANOID;0;INNOCENT;SIRINE;CDryad;none;base;Dryad of the Cloudpeaks;Dryad;true
DSAILOR1;HUMANOID;HUMAN;FIGHTER;SAILOR_MAN;None;dsailor1;base;Sailor;;
DSAILOR2;HUMANOID;HUMAN;FIGHTER;SAILOR_MAN;None;dsailor2;base;Sailor;;
DSBODY01;HUMANOID;HUMAN;THIEF;CLERIC_FEMALE_HUMAN_LOW;CSThief1;None;base;Shadow Thief;;
DSHOP01;HUMANOID;HALFLING;THIEF;THIEF_MALE_HALFLING;None;bshop02;ITEM_REV;Ikert;;
DSHOP02;HUMANOID;HUMAN;THIEF;FAT_MAN;None;dshop02;base;Jahaboam;;
DSTHIEF;HUMANOID;HUMAN;THIEF;THIEF_MALE_HUMAN;CSThief1;None;base;Shadow Thief;;
DSTONE1;GIANTHUMANOID;GOLEM;GOLEM_STONE;GOLEM_CLAY;None;;base;Stone Golem;StoneGolem;false
DUEARC01;HUMANOID;DWARF;FIGHTER;FIGHTER_MALE_DWARF_LOW;None;None;base;Duergar;;
DUECLA01;HUMANOID;DWARF;FIGHTER;FIGHTER_MALE_DWARF;DuegarClanChief;ilyich;base;Ilyich;;
DUEGAU01;HUMANOID;DWARF;FIGHTER;FIGHTER_MALE_DWARF;None;None;base;Duergar;;
DUEGAU02;HUMANOID;DWARF;FIGHTER;FIGHTER_MALE_DWARF;None;None;base;Duergar;;
DUEMAG01;HUMANOID;DWARF;MAGE;MAGE_MALE_DWARF_LOW;None;None;base;Mage;;
DUEMAG02;HUMANOID;DWARF;MAGE;MAGE_MALE_DWARF_LOW;None;None;base;Mage;;
DUERGAR;HUMANOID;DWARF;FIGHTER;FIGHTER_MALE_HUMAN;None;None;base;Duergar;;
DUERGAR1;HUMANOID;DWARF;FIGHTER;FIGHTER_MALE_DWARF;duergar1;None;base;Duergar;;
DUERGAR2;HUMANOID;DWARF;FIGHTER;FIGHTER_MALE_DWARF_LOW;None;None;base;Duergar;;
DUERGAR3;HUMANOID;DWARF;RANGER;FIGHTER_MALE_DWARF;None;None;base;Duergar;;
DVAMPFL;UNDEAD;VAMPIRE;VAMPIRE;VAMPIRE;CSThief1;None;base;Vampire;;
E31;HUMANOID;HALFLING;THIEF;THIEF_FEMALE_DWARF;None;None;base;Alora;;
E32;HUMANOID;HUMAN;RANGER;FIGHTER_MALE_HUMAN;None;None;base;Minsc;;
E33;HUMANOID;HALFLING;THIEF;THIEF_FEMALE_HALFLING;None;None;base;Alora;;
E34;HUMANOID;ELF;FIGHTER_THIEF;FIGHTER_MALE_ELF;None;None;base;Coran;;
E35;HUMANOID;HUMAN;MAGE;MAGE_MALE_HUMAN;None;None;base;Edwin;;
E36;HUMANOID;HALF_ELF;FIGHTER_DRUID;FIGHTER_FEMALE_ELF;None;None;base;Jaheira;;
EAGLE;ANIMAL;NO_RACE;INNOCENT;EAGLE;None;None;base;Eagle;;
ECOLT;HUMANOID;HUMAN;INNOCENT;CLERIC_MALE_HUMAN;None;monk;base;Monk;;
EDWIN11;HUMANOID;HUMAN;MAGE;MAGE_MALE_HUMAN;Edwin;edwin;base;Edwin;;
EDWIN12;HUMANOID;HUMAN;MAGE;MAGE_MALE_HUMAN;Edwin;edwin;base;Edwin;;
EDWIN13;HUMANOID;HUMAN;MAGE;MAGE_MALE_HUMAN;Edwin;edwin;base;Edwin;;
EDWIN15;HUMANOID;HUMAN;MAGE;MAGE_MALE_HUMAN;Edwin;edwin25a;base;Edwin;;
EDWIN7;HUMANOID;HUMAN;MAGE;MAGE_MALE_HUMAN;Edwin;edwin;base;Edwin;;
EDWIN9;HUMANOID;HUMAN;MAGE;MAGE_MALE_HUMAN;Edwin;edwin;base;Edwin;;
EFREETSU;GIANTHUMANOID;GENIE;GENIE_EFREETI;EFREETI_NOBLE;None;;base;Efreeti;;
ELAIR01;GIANTHUMANOID;ELEMENTAL;ELEMENTAL_AIR;ELEMENTAL_AIR;None;;base;Air Elemental;;
ELAIRG01;GIANTHUMANOID;ELEMENTAL;ELEMENTAL_AIR;ELEMENTAL_AIR;None;;base;Greater Air Elemental;;
ELAIRL01;GIANTHUMANOID;ELEMENTAL;ELEMENTAL_AIR;ELEMENTAL_AIR_SMALL;None;;base;Lesser Air Elemental;;
ELAIRSU1;MONSTER;ELEMENTAL;ELEMENTAL_AIR;ELEMENTAL_AIR_SMALL;NONE;;SPELL_REV;Lesser Air Elemental;;
ELAIRSU2;MONSTER;ELEMENTAL;ELEMENTAL_AIR;ELEMENTAL_AIR;NONE;;SPELL_REV;Air Elemental;;
ELAIRSU3;MONSTER;ELEMENTAL;ELEMENTAL_AIR;ELEMENTAL_AIR;NONE;;SPELL_REV;Greater Air Elemental;;
ELAIRSU4;GIANTHUMANOID;ELEMENTAL;ELEMENTAL_AIR;ELEMENTAL_AIR;None;;base;Elder Air Elemental;;
ELAIRSUW;GIANTHUMANOID;ELEMENTAL;ELEMENTAL_AIR;ELEMENTAL_AIR_SMALL;None;;base;Air Elemental;;
ELARIL01;GIANTHUMANOID;ELEMENTAL;ELEMENTAL_AIR;ELEMENTAL_AIR_SMALL;None;;base;Lesser Air Elemental;;
ELDERS;HUMANOID;HUMAN;MAGE;MAGE_MALE_HUMAN_LOW;None;elders;base;Elder Sorn;;
ELEAR01;GIANTHUMANOID;ELEMENTAL;ELEMENTAL_EARTH;ELEMENTAL_EARTH;None;;base;Earth Elemental;;
ELEARB01;UNDEAD;SPECTRE;FIGHTER;MAGE_MALE_HUMAN;elearb01;elearb01;base;Apparition;;
ELEARB02;UNDEAD;SPECTRE;FIGHTER;MAGE_MALE_HUMAN;elearb02;elearb02;base;Apparition;;
ELEARB03;UNDEAD;SPECTRE;FIGHTER;MAGE_MALE_HUMAN;elearb03;elearb03;base;Apparition;;
ELEARB04;UNDEAD;SPECTRE;FIGHTER;MAGE_MALE_HUMAN;elearb04;elearb04;base;Apparition;;
ELEARB05;UNDEAD;SPECTRE;FIGHTER;MAGE_MALE_HUMAN;elearb05;elearb05;base;Apparition;;
ELEARB06;UNDEAD;SPECTRE;FIGHTER;MAGE_MALE_HUMAN;elearb06;elearb06;base;Apparition;;
ELEARB07;UNDEAD;SPECTRE;FIGHTER;MAGE_MALE_HUMAN;elearb07;elearb07;base;Apparition;;
ELEARB08;UNDEAD;SPECTRE;FIGHTER;MAGE_MALE_HUMAN;elearb08;elearb08;base;Apparition;;
ELEARB09;UNDEAD;SPECTRE;FIGHTER;MAGE_MALE_HUMAN;elearb09;elearb09;base;Apparition;;
ELEARB10;UNDEAD;SPECTRE;FIGHTER;MAGE_MALE_HUMAN;elearb10;elearb10;base;Apparition;;
ELEARB11;UNDEAD;SPECTRE;FIGHTER;MAGE_MALE_HUMAN;elearb11;elearb11;base;Apparition;;
ELEARG01;GIANTHUMANOID;ELEMENTAL;ELEMENTAL_EARTH;ELEMENTAL_EARTH;None;;base;Greater Earth Elemental;;
ELEARL01;GIANTHUMANOID;ELEMENTAL;ELEMENTAL_EARTH;ELEMENTAL_EARTH_SMALL;None;;base;Lesser Earth Elemental;;
ELEARPR;GIANTHUMANOID;ELEMENTAL;ELEMENTAL_EARTH;ELEMENTAL_EARTH;None;;base;Earth Elemental;;
ELEARPR2;GIANTHUMANOID;ELEMENTAL;ELEMENTAL_EARTH;ELEMENTAL_EARTH;None;;base;Earth Elemental;;
ELEARPR3;GIANTHUMANOID;ELEMENTAL;ELEMENTAL_EARTH;ELEMENTAL_EARTH;None;;base;Earth Elemental;;
ELEARSU;GIANTHUMANOID;ELEMENTAL;ELEMENTAL_EARTH;ELEMENTAL_EARTH;None;;base;Earth Elemental;;
ELEARSU1;MONSTER;ELEMENTAL;ELEMENTAL_EARTH;ELEMENTAL_EARTH_SMALL;NONE;;SPELL_REV;Lesser Earth Elemental;;
ELEARSU2;MONSTER;ELEMENTAL;ELEMENTAL_EARTH;ELEMENTAL_EARTH;NONE;;SPELL_REV;Earth Elemental;;
ELEARSU3;MONSTER;ELEMENTAL;ELEMENTAL_EARTH;ELEMENTAL_EARTH;NONE;;SPELL_REV;Greater Earth Elemental;;
ELEARSU4;GIANTHUMANOID;ELEMENTAL;ELEMENTAL_EARTH;ELEMENTAL_EARTH;None;;base;Earth Elemental;;
ELEARSUW;GIANTHUMANOID;ELEMENTAL;ELEMENTAL_EARTH;ELEMENTAL_EARTH_SMALL;None;;base;Earth Elemental;;
ELEEEL01;GIANTHUMANOID;ELEMENTAL;ELEMENTAL_EARTH;ELEMENTAL_EARTH;eleeel01;;base;Lesser Earth Elemental;;
ELEFEL01;GIANTHUMANOID;ELEMENTAL;ELEMENTAL_FIRE;ELEMENTAL_FIRE_SMALL;elefel01;;base;Lesser Fire Elemental;;
ELEHOB01;HUMANOID;HOBGOBLIN;FIGHTER;GOBLIN_BOW;elehob01;;STRATAGEMS;Goblin Commando;;
ELEILL01;HUMANOID;MIND_FLAYER;MIND_FLAYER;MINDFLAYER;eleill01;eleill01;base;Mind Flayer;;
ELEKOB01;HUMANOID;KOBOLD;KOBOLD;KOBOLD;elekob01;;base;Kobold Commando;;
ELEKUO01;HUMANOID;KUO-TOA;KUO-TOA;KUO-TOA;elekuo01;;base;Kuo-toan Warrior;;
ELEKUO02;HUMANOID;KUO-TOA;FIGHTER_THIEF;KUO-TOA;elekuo02;;base;Kuo-toan Whip;;
ELELEV01;HUMANOID;HUMAN;FIGHTER;MAGE_MALE_HUMAN;elelev01;elelev01;base;;;
ELEMCHAN;GIANTHUMANOID;ELEMENTAL;ELEMENTAL_AIR;ELEMENTAL_AIR;ELEMCHAN;;FAITHS_AND_POWERS;Chan;;
ELEMCRYO;GIANTHUMANOID;ELEMENTAL;ELEMENTAL_EARTH;GOLEM_ICE;elemcryo;;base;Cryonax;;
ELEMEP01;HUMANOID;MEPHIT;MEPHIT;IMP;elemep01;;base;Ooze Mephit;;
ELEMEP02;HUMANOID;MEPHIT;MEPHIT;IMP;elemep02;;base;Steam Mephit;;
ELEMEP03;HUMANOID;MEPHIT;MEPHIT;IMP;elemep03;;base;Salt Mephit;;
ELEMEP04;HUMANOID;MEPHIT;MEPHIT;IMP;elemep04;;base;Fire Mephit;;
ELEMEP05;HUMANOID;MEPHIT;MEPHIT;IMP;elemep05;;base;Magma Mephit;;
ELEMEP06;HUMANOID;MEPHIT;MEPHIT;IMP;elemep06;;base;Earth Mephit;;
ELEMEP07;HUMANOID;MEPHIT;MEPHIT;IMP;elemep07;;base;Mineral Mephit;;
ELEMEP08;HUMANOID;MEPHIT;MEPHIT;IMP;elemep08;;base;Dust Mephit;;
ELEMHYDR;GIANTHUMANOID;ELEMENTAL;NO_CLASS;WATER_WEIRD;elemhydr;None;base;Olhydra;;
ELEMIMIX;GIANTHUMANOID;ELEMENTAL;ELEMENTAL_FIRE;ELEMENTAL_FIRE;elemimix;;base;Imix;;
ELEMOGRE;GIANTHUMANOID;ELEMENTAL;ELEMENTAL_EARTH;ELEMENTAL_EARTH;elemogre;;base;Ogremoch;;
ELEMSUNN;GIANTHUMANOID;ELEMENTAL;ELEMENTAL_EARTH;ELEMENTAL_EARTH;ELEMSUNN;;FAITHS_AND_POWERS;Sunnis;;
ELEMYANC;GIANTHUMANOID;ELEMENTAL;ELEMENTAL_EARTH;ELEMENTAL_AIR;elemyanc;;base;Yan-C-Bin;;
ELEMZAAM;GIANTHUMANOID;ELEMENTAL;ELEMENTAL_FIRE;ELEMENTAL_FIRE;ELEMZAAM;;FAITHS_AND_POWERS;Zaaman Rul;;
ELEOTY01;MONSTER;OTYUGH;OTYUGH;OTYUGH;eleoty01;;base;Greater Otyugh;;
ELEPUZ01;UNDEAD;SPECTRE;NO_CLASS;STATIC_NOBLE_MAN_CHAIR;elepuz01;elepuz01;base;Apparition;;
ELEPUZ02;UNDEAD;SPECTRE;NO_CLASS;STATIC_NOBLE_MAN_CHAIR;elepuz02;elepuz02;base;Apparition;;
ELEPUZ03;UNDEAD;SPECTRE;NO_CLASS;STATIC_NOBLE_WOMAN_CHAIR;elepuz03;elepuz03;base;Apparition;;
ELEPUZ04;UNDEAD;SPECTRE;NO_CLASS;STATIC_NOBLE_WOMAN_CHAIR;elepuz04;elepuz04;base;Apparition;;
ELESAH01;HUMANOID;SAHUAGIN;FIGHTER;SAHUAGIN;elesah01;;STRATAGEMS;Sahuagin Baron;;
ELESAH02;HUMANOID;SAHUAGIN;FIGHTER;SAHUAGIN;elesah02;;STRATAGEMS;Sahuagin Baronial Guard;;
ELETRO01;HUMANOID;TROLL;TROLL;TROLL;eletro01;None;base;Troll;;
ELETRO02;HUMANOID;TROLL;TROLL;TROLL;eletro02;None;base;Troll Shaman;;
ELETRO03;HUMANOID;TROLL;TROLL;TROLL;eletro01;;base;Troll;;
ELFIR;GIANTHUMANOID;ELEMENTAL;ELEMENTAL_FIRE;ELEMENTAL_FIRE;None;;base;Fire Elemental;;
ELFIR01;GIANTHUMANOID;ELEMENTAL;ELEMENTAL_FIRE;ELEMENTAL_FIRE;None;;base;Fire Elemental;;
ELFIRG01;GIANTHUMANOID;ELEMENTAL;ELEMENTAL_FIRE;ELEMENTAL_FIRE;None;;base;Greater Fire Elemental;;
ELFIRL01;GIANTHUMANOID;ELEMENTAL;ELEMENTAL_FIRE;ELEMENTAL_FIRE_SMALL;None;;base;Lesser Fire Elemental;;
ELFIRPR;GIANTHUMANOID;ELEMENTAL;ELEMENTAL_FIRE;ELEMENTAL_FIRE_SMALL;None;;base;Fire Elemental;;
ELFIRPR2;GIANTHUMANOID;ELEMENTAL;ELEMENTAL_FIRE;ELEMENTAL_FIRE;None;;base;Fire Elemental;;
ELFIRPR3;GIANTHUMANOID;ELEMENTAL;ELEMENTAL_FIRE;ELEMENTAL_FIRE;None;;base;Fire Elemental;;
ELFIRSU;GIANTHUMANOID;ELEMENTAL;ELEMENTAL_FIRE;ELEMENTAL_FIRE;None;;base;Fire Elemental;;
ELFIRSU1;GIANTHUMANOID;ELEMENTAL;ELEMENTAL_FIRE;ELEMENTAL_FIRE_SMALL;NONE;;SPELL_REV;Lesser Fire Elemental;;
ELFIRSU2;GIANTHUMANOID;ELEMENTAL;ELEMENTAL_FIRE;ELEMENTAL_FIRE;NONE;;SPELL_REV;Fire Elemental;;
ELFIRSU3;GIANTHUMANOID;ELEMENTAL;ELEMENTAL_FIRE;ELEMENTAL_FIRE;NONE;;SPELL_REV;Greater Fire Elemental;;
ELFIRSU4;GIANTHUMANOID;ELEMENTAL;ELEMENTAL_FIRE;ELEMENTAL_FIRE;None;;base;Fire Elemental;;
ELFIRSUW;GIANTHUMANOID;ELEMENTAL;ELEMENTAL_FIRE;ELEMENTAL_FIRE_SMALL;None;;base;Fire Elemental;;
ELGEA;HUMANOID;HUMAN;INNOCENT;NOBLE_WOMAN;elgea;elgea;base;Lady Elgea;;
ELMIND;HUMANOID;HUMAN;INNOCENT;ELMINSTER;elmind;elmind;base;Elminster;;
ELMIND01;HUMANOID;MIND_FLAYER;MIND_FLAYER;MINDFLAYER;elmind01;None;base;Mind Flayer;;
ELOTTE;HUMANOID;HUMAN;FIGHTER;FIGHTER_FEMALE_HUMAN;elotte;elotte;base;Squire Elotte;;
ELWATG01;GIANTHUMANOID;ELEMENTAL;NO_CLASS;WATER_WEIRD;None;;base;Greater Water Elemental;;
EMBARL;HUMANOID;HUMAN;THIEF;THIEF_MALE_HUMAN;Embarl;embarl;base;Embarl;;
ENDDEM01;MONSTER;DEMONIC;TANARI;GLABREZU;enddem01;None;base;Glabrezu;;
ENDDEM02;MONSTER;DEMONIC;TANARI;GLABREZU;enddem02;None;base;Glabrezu;;
ENDDEM03;MONSTER;DEMONIC;TANARI;TANARRI;enddem03;None;base;Balor;;
ENDDEM04;MONSTER;DEMONIC;TANARI;TANARRI;enddem04;None;base;Nabassu;;
ENDDEM05;MONSTER;DEMONIC;TANARI;TANARRI;enddem05;None;base;Nabassu;;
ENDSKE01;UNDEAD;SKELETON;SKELETON_WARRIOR;SKELETON;endske01;;base;Skeleton Warrior;SkeletonWarrior;false
ENDSKE02;UNDEAD;SKELETON;SKELETON_WARRIOR;SKELETON;endske02;;base;Skeleton Warrior;SkeletonWarrior;false
ENDSKE03;UNDEAD;SKELETON;SKELETON_WARRIOR;SKELETON;endske03;;base;Skeleton Warrior;SkeletonWarrior;false
ENDSKE04;UNDEAD;SKELETON;SKELETON_WARRIOR;SKELETON;endske04;;base;Skeleton Warrior;SkeletonWarrior;false
ENDVOLO;HUMANOID;HUMAN;NO_CLASS;VOLO;endvolo;None;base;;;
ENFO25;HUMANOID;PLATE;LONG_SWORD;DOOM_GUARD;ENFO25;None;base;;;
ENFORAM;HUMANOID;PLATE;LONG_SWORD;DOOM_GUARD;ENFORAM;None;base;;;
ESCORT1;HUMANOID;HUMAN;INNOCENT;HARLOT_WOMAN;escort1;escort1;base;Cominda;;
ESCORT1A;HUMANOID;HUMAN;INNOCENT;HARLOT_WOMAN;escort1;escort1;base;Cominda;;
ESCORT2;HUMANOID;HALFLING;INNOCENT;FIGHTER_FEMALE_HALFLING;escort2;escort2;base;Kerstia;;
ESCORT2A;HUMANOID;HALFLING;INNOCENT;FIGHTER_FEMALE_HALFLING;escort2;escort2;base;Kerstia;;
ESCORT3;HUMANOID;HUMAN;INNOCENT;FIGHTER_MALE_HUMAN;escort3;escort3;base;Jenthan;;
ESCORT3A;HUMANOID;HUMAN;INNOCENT;FIGHTER_MALE_HUMAN;escort3;escort3;base;Jenthan;;
ESCORT4;HUMANOID;HUMAN;INNOCENT;HARLOT_WOMAN;escort4;escort4;base;Virah;;
ETTER01;MONSTER;ETTERCAP;ETTERCAP;ETTERCAP;None;;base;Ettercap;Ettercap;false
ETTERCSU;MONSTER;ETTERCAP;ETTERCAP;ETTERCAP;None;;base;Ettercap;Ettercap;true
EXCULT1;HUMANOID;DWARF;CLERIC;CLERIC_MALE_DWARF;Garuk;excult1;base;Garuk;;
EXCULT2;HUMANOID;HUMAN;CLERIC;CLERIC_MALE_HUMAN;Zaelas;excult2;base;Zaelas;;
EXTRAX;GENERAL_ITEM;0;0;FAT_MAN;EXTRAX;None;base;;;
EYEBHL01;HUMANOID;BEHOLDER;BEHOLDER;WIZARD_EYE;eyebhl01;eyebhl01;base;Eye of the Beholder;;
EYEDED01;HUMANOID;WRAITH;NO_CLASS;WIZARD_EYE;eyeded01;eyeded01;base;Eye of the Dead;;
EYEEGL01;ANIMAL;NO_RACE;NO_CLASS;WIZARD_EYE;eyeegl01;eyeegl01;base;Eagle Eye;;
EYEGOR01;HUMANOID;BASILISK;NO_CLASS;WIZARD_EYE;eyegor01;eyegor01;base;Gorgon Eye;;
EYESEK01;HUMANOID;GNOME;NO_CLASS;WIZARD_EYE;eyesek01;eyesek01;base;Seeker;;
EYESNT01;HUMANOID;ELF;NO_CLASS;WIZARD_EYE;eyesnt01;eyesnt01;base;Sentinel;;
EYEVIG01;HUMANOID;HUMAN;NO_CLASS;WIZARD_EYE;eyevig01;eyevig01;base;Vigilant;;
FAMCAT;ANIMAL;CAT;THIEF;CAT;FAMCAT;FAMIL3;SPELL_REV;Cat;;
FAMCAT25;ANIMAL;CAT;THIEF;CAT;FAMCAT;FAMIL325;SPELL_REV;Cat;;
FAMDOG;ANIMAL;DOG;DOG_WILD;DOG_WILD;famdog;;base;Wild Dog;WildDog;false
FAMDUS25;HUMANOID;MEPHIT;MEPHIT;IMP;FAMDUST;FAMIL225;SPELL_REV;Dust Mephit;;
FAMDUST;HUMANOID;MEPHIT;MEPHIT;IMP;FAMDUST;FAMIL2;SPELL_REV;Dust Mephit;;
FAMFAI25;MONSTER;WYVERN;MAGE;WYVERN_FAMILIAR;FAMFAIR;FAMIL125;SPELL_REV;Fairy Dragon;BabyWyvern;false
FAMFAIR;MONSTER;WYVERN;MAGE;WYVERN_FAMILIAR;FAMFAIR;FAMIL1;SPELL_REV;Fairy Dragon;BabyWyvern;false
FAMFER;ANIMAL;NO_RACE;THIEF;GROUNDHOG;FAMFER;FAMIL3;SPELL_REV;Ferret;;
FAMFER25;ANIMAL;NO_RACE;THIEF;GROUNDHOG;FAMFER;FAMIL325;SPELL_REV;Ferret;;
FAMFIRE;HUMANOID;MEPHIT;MEPHIT;IMP;famfire;;base;Fire Mephit;;
FAMIMP;HUMANOID;IMP;IMP;IMP;FAMIMP;FAMIL2;SPELL_REV;Imp;;
FAMIMP25;HUMANOID;IMP;IMP;IMP;FAMIMP;FAMIL225;SPELL_REV;Imp;;
FAMLIGHT;HUMANOID;MEPHIT;MEPHIT;IMP;famlight;;base;Lightning Mephit;;
FAMMIST;HUMANOID;MEPHIT;MEPHIT;IMP;fammist;;base;Mist Mephit;;
FAMPSD;MONSTER;WYVERN;MAGE;WYVERN_FAMILIAR;FAMPSD;FAMIL1;SPELL_REV;Pseudo-dragon;BabyWyvern;false
FAMPSD25;MONSTER;WYVERN;MAGE;WYVERN_FAMILIAR;FAMPSD;FAMIL125;SPELL_REV;Pseudo-dragon;BabyWyvern;false
FAMQUA25;MONSTER;IMP;MAGE;IMP;FAMQUAS;FAMIL225;SPELL_REV;Quasit;;
FAMQUAS;MONSTER;IMP;MAGE;IMP;FAMQUAS;FAMIL2;SPELL_REV;Quasit;;
FAMRAB;ANIMAL;RABBIT;THIEF;RABBIT;FAMRAB;FAMIL3;SPELL_REV;Rabbit;;
FAMRAB25;ANIMAL;RABBIT;THIEF;RABBIT;FAMRAB;FAMIL325;SPELL_REV;Rabbit;;
FAMRAD;HUMANOID;MEPHIT;MEPHIT;IMP;famrad;;base;Radiant Mephit;;
FAMWAR;ANIMAL;DOG;DOG_WAR;DOG_WAR;famwar;;base;War Dog;WarDog;false
FANGEL01;MONSTER;DEMONIC;TANARI;DEVA_MONADIC;solar;None;base;Fallen Solar;;
FARTHIN;HUMANOID;HUMAN;INNOCENT;NOBLE_MAN;farthin;farthin;base;Lord Farthington Roenall;;
FATESP;HUMANOID;HUMAN;INNOCENT;DOOM_GUARD;fatesp;fatesp;base;Fate Spirit;;
FETCH;HUMANOID;HUMAN;INNOCENT;PEASANT_MAN;fetch;fetch;base;Fetch;;
FFACTOR1;HUMANOID;DWARF;MAGE;MAGE_MALE_DWARF;FFActor1;ffactor1;base;Kirinaldo;;
FFACTOR2;HUMANOID;ELF;MAGE;MAGE_FEMALE_ELF_LOW;FFActor2;ffactor2;base;Lunisia;;
FFBART;HUMANOID;HALFLING;FIGHTER;CLERIC_MALE_HALFLING;ffbart;ffbart;base;Samuel Thunderburp;;
FFBIFF01;HUMANOID;HUMAN;FIGHTER;FIGHTER_MALE_HUMAN;FFBiff01;ffbiff01;base;Biff the Understudy;;
FFCOOK;HUMANOID;HUMAN;INNOCENT;FAT_WOMAN;ffcook;ffcook;base;Uda the Cook;;
FFCROWD1;HUMANOID;HUMAN;INNOCENT;NOBLE_MAN;ffcrowd1;ffcrowd1;base;Nobleman;;
FFCROWD2;HUMANOID;HUMAN;INNOCENT;NOBLE_WOMAN;ffcrowd2;ffcrowd2;base;Noblewoman;;
FFCROWD3;HUMANOID;HUMAN;INNOCENT;PEASANT_MAN;ffcrowd3;ffcrowd3;base;Peasant;;
FFCROWD4;HUMANOID;HUMAN;INNOCENT;PEASANT_WOMAN;ffcrowd4;ffcrowd4;base;Commoner;;
FFCROWD5;HUMANOID;HUMAN;INNOCENT;FAT_WOMAN;ffcrowd5;ffcrowd5;base;Commoner;;
FFCUST01;HUMANOID;HUMAN;THIEF;THIEF_MALE_HUMAN;ercias;ffcust01;base;Ercias;;
FFCUST02;HUMANOID;HUMAN;INNOCENT;FAT_MAN;None;ffcust02;base;Tavern Patron;;
FFCUST03;HUMANOID;HUMAN;INNOCENT;PEASANT_WOMAN;None;ffcust03;base;Tavern Patron;;
FFCUST04;HUMANOID;HUMAN;INNOCENT;PEASANT_MAN;None;ffcust04;base;Tavern Patron;;
FFCUST05;HUMANOID;HUMAN;INNOCENT;NOBLE_WOMAN;None;ffcust05;base;Tavern Patron;;
FFCUST06;HUMANOID;HUMAN;FIGHTER;FIGHTER_FEMALE_HUMAN;belle;ffcust06;base;Belle;;
FFCUST07;HUMANOID;DWARF;FIGHTER;FIGHTER_MALE_DWARF;None;ffcust07;base;H'rothgar Firehammer;;
FFCUST08;HUMANOID;HALFLING;FIGHTER;CLERIC_MALE_HALFLING;jerry;ffcust08;base;Jerry Jamtoes;;
FFCUST09;HUMANOID;HUMAN;INNOCENT;STATIC_NOBLE_MAN;sterk;ffcust09;base;Lord Sterk;;
FFRECEP;HUMANOID;ELF;MAGE;MAGE_FEMALE_ELF;ffrecep;ffrecep;base;Receptionist;;
FFUSHER1;HUMANOID;HUMAN;CLERIC;CLERIC_MALE_HUMAN;ffusher1;ffusher1;base;Usher;;
FFUSHER2;HUMANOID;HUMAN;FIGHTER;CLERIC_FEMALE_HUMAN;ffusher2;ffusher2;base;Usher;;
FFWENCH;HUMANOID;HALFLING;INNOCENT;CLERIC_FEMALE_HALFLING;ffwench;ffwench;base;Thalia Thunderburp;;
FIGPIT;HUMANOID;HUMAN;INNOCENT;STATIC_FAT_MAN;None;shop01;base;Storekeep;;
FINMEL01;HUMANOID;HUMAN;CLERIC_MAGE;MELISSAN;finmel01;finmel01;base;Melissan;;
FINSOL01;MONSTER;DEMONIC;TANARI;SOLAR;finsol01;finsol01;base;Solar;;
FINSOL02;GIANTHUMANOID;ELEMENTAL;ELEMENTAL_EARTH;ELEMENTAL_AIR;finsol02;;base;Yan-C-Bin;;
FINSOL03;GIANTHUMANOID;ELEMENTAL;ELEMENTAL_EARTH;GOLEM_ICE;finsol03;;base;Cryonax;;
FINSOL04;MONSTER;DEMONIC;NO_CLASS;DEVA_MONADIC;finsol04;None;base;Fallen Solar;;
FIRAMB01;MONSTER;LYCANTHROPE;WOLFWERE;WEREWOLF_GREATER;firamb01;firamb01;STRATAGEMS;Captain;;
FIRAMB02;HUMANOID;HOBGOBLIN;FIGHTER;HOBGOBLIN;firamb02;firamb02;base;Gerg;;
FIRAMB03;MONSTER;TROLL;TROLL;TROLL_SMALL;firamb03;firamb03;base;Troll;;
FIRAMB04;MONSTER;LYCANTHROPE;WOLFWERE;FIGHTER_MALE_HUMAN;firamb01;firamb01;STRATAGEMS;Captain;;
FIRAMB05;MONSTER;TROLL;TROLL;TROLL_SMALL;firamb05;None;base;Troll;;
FIRARC01;HUMANOID;ORC;ORC;ORC_ELITE_RANGE;firarc01;;base;Orc Archer;;
FIRBAN01;HUMANOID;HUMAN;MAGE;MAGE_MALE_ELF;firban01;firban01;base;Bandit;;
FIRBAN02;HUMANOID;HUMAN;CLERIC;CLERIC_FEMALE_ELF;firban02;firban02;base;Plath Rededge;;
FIRBAN03;HUMANOID;DWARF;FIGHTER;FIGHTER_MALE_DWARF;firban03;firban03;base;Bandit;;
FIRBAN04;HUMANOID;ORC;ORC;ORC_MELEE;firban04;;base;Orc;;
FIRBAN05;HUMANOID;ORC;ORC;ORC_ELITE_RANGE;firban05;;base;Orc;;
FIREB1;HUMANOID;ELF;INNOCENT;MAGE_MALE_ELF;None;fireb1;base;Firebead Elvenhair;;
FIREBE;HUMANOID;ELF;INNOCENT;MAGE_MALE_ELF;None;firebe;base;Firebead Elvenhair;;
FIRKRA01;ANIMAL;DRAGON;RED_DRAGON;FIGHTER_MALE_HUMAN;firkra01;firkra01;base;Lord Jierdan;;
FIRKRA02;MONSTER;DRAGON;RED_DRAGON;DRAGON_RED;firkra02;firkra02;base;Firkraag;;
FIRKRA03;GENERAL_ITEM;SWORD;FIGHTER;STATIC_HUMANCLERIC_MAN_CHAIR;firkra03;firkra03;ctb;Voice;;
FIRLCH01;UNDEAD;LICH;MAGE;LICH;firlch01;firlch01;base;Fire Lich;;
FIRMAG01;HUMANOID;HUMAN;MAGE;MAGE_MALE_HUMAN;firmag01;firmag01;base;Conster;;
FIRMON01;UNDEAD;WRAITH;NO_CLASS;SIRINE;firmon01;firmon01;base;Banshee;Banshee;true
FIRMON02;UNDEAD;SKELETON;SKELETON_WARRIOR;SKELETON;None;;base;Skeleton Warrior;SkeletonWarrior;false
FIRMON03;MONSTER;BEHOLDER;BEHOLDER;BEHOLDER;firmon03;;base;Director;;
FIRMON04;UNDEAD;GHOUL;GHOUL_REVEANT;FIGHTER_MALE_HUMAN;monfir04;monfir04;base;Revenant;Mummy;false
FIRORC01;HUMANOID;ORC;FIGHTER;OROG_CHIEFTAIN;firorc01;firorc01;BUTCHERY;Chieftain DigDag;;
FIRORC02;HUMANOID;ORC;ORC;ORC_MELEE;firorc02;firorc02;base;Derg the Orc;;
FIRORC03;HUMANOID;ORC;ORC;ORC_ELITE_MELEE;firorc03;firorc03;base;Flaylan the Orc;;
FIRRAK01;MONSTER;RAKSHASA;RAKSHASA;RAKSHASA;firrak01;firrak01;base;Ruhk Transmuter;;
FIRRAK02;MONSTER;RAKSHASA;RAKSHASA;RAKSHASA;firrak02;firrak02;base;Ruhk;;
FIRTRL01;MONSTER;TROLL;TROLL;TROLL;firtrl01;firtrl01;base;Troll Cook;;
FIRWLF01;MONSTER;LYCANTHROPE;WEREWOLF;FIGHTER_MALE_HUMAN;firwlf01;firwlf01;STRATAGEMS;Grancor;;
FIRWLF02;MONSTER;LYCANTHROPE;WEREWOLF;FIGHTER_MALE_HUMAN;firwlf02;firwlf02;STRATAGEMS;Falik;;
FIRWRA01;UNDEAD;WRAITH;WRAITH;SHADOW;firwra01;firwra01;base;Greater Wraith;;
FLAM13;HUMANOID;HUMAN;FIGHTER;CLERIC_MALE_HUMAN;DICKSMOK;flambg;base;Dilos;;
FLYFGT01;HUMANOID;HUMAN;THIEF;THIEF_MALE_HUMAN;Flyfgt;flyfgt01;base;Shadow Thief;;
FLYFGT02;HUMANOID;HUMAN;THIEF;THIEF_MALE_HUMAN;Flyfgt;flyfgt02;base;Shadow Thief;;
FLYFGT03;HUMANOID;HUMAN;FIGHTER;THIEF_MALE_HUMAN;Flyfgt;flyfgt03;base;Shadow Thief;;
FLYFGT04;HUMANOID;ELF;MAGE;MAGE_FEMALE_ELF;Flyfgt;flyfgt04;base;Shadow Thief;;
FOOD;HUMANOID;HUMAN;INNOCENT;PEASANT_WOMAN;food;food;base;Food;;
FRANCO;HUMANOID;HUMAN;PALADIN;FIGHTER_MALE_HUMAN;franco;franco;base;Franco;;
FSDOG;ANIMAL;DOG;DOG_WAR;DOG_WAR;FSDog;FSDog;base;War Dog;WarDog;false
FSDRAGON;MONSTER;DRAGON;RED_DRAGON;DRAGON_GREEN;FSdragon;fsdragon;base;Dragon;;
FSGHOS;UNDEAD;SPECTRE;SPECTRE;ELEMENTAL_AIR;FSGhos;None;base;Ghost;Spectre;false
FSGHOS2;UNDEAD;SPECTRE;SPECTRE;ELEMENTAL_AIR;FSGhos;None;base;Ghost;Spectre;false
FSGIBB;HUMANOID;GIBBERLING;GIBBERLING;GIBBERLING;FSGibb;None;base;Gibberling;;
FSGLOB;MONSTER;PLATE;NO_CLASS;BIRD;FSGlobe;FSGlobe;base;Globe Machine;;
FSGOBL;HUMANOID;KOBOLD;GIBBERLING;GOBLIN_AXE;FSGoblin;None;base;Goblin;;
FSHORDE1;HUMANOID;HOBGOBLIN;HOBGOBLIN;GOBLIN_ELITE_AXE;None;;base;Goblin;;
FSHORDE2;HUMANOID;KOBOLD;HOBGOBLIN;GOBLIN_BOW;None;;STRATAGEMS;Goblin;;
FSHORDE3;HUMANOID;HOBGOBLIN;HOBGOBLIN;GOBLIN_AXE;None;;base;Goblin;;
FSHORDE4;HUMANOID;ORC;ORC;ORC_MELEE;None;None;base;Orc;;
FSHORDE5;HUMANOID;ORC;CLERIC;ORC_SHAMAN;None;;base;Orc Priest;;
FSHORDE6;HUMANOID;ORC;ORC;ORC_ELITE_RANGE;None;;base;Orc Archer;;
FSMAGE01;HUMANOID;HUMAN;MAGE;MAGE_FEMALE_HUMAN;None;None;base;Mage;;
FSMAGE02;HUMANOID;HUMAN;MAGE;MAGE_FEMALE_HUMAN;None;None;base;Mage;;
FSMAGE03;HUMANOID;HUMAN;MAGE;MAGE_FEMALE_HUMAN;None;None;base;Mage;;
FSMAGE04;HUMANOID;HUMAN;MAGE;MAGE_FEMALE_HUMAN;None;None;base;Mage;;
FSMUMM;UNDEAD;GHOUL;GHOUL_REVEANT;MUMMY;FSMumm;None;base;Mummy;Mummy;false
FSMUMM2;UNDEAD;GHOUL;GHOUL_REVEANT;MUMMY;FSMumm;None;base;Mummy;Mummy;false
FSMUMM3;UNDEAD;GHOUL;GHOUL_REVEANT;MUMMY;FSMumm;None;base;Mummy;Mummy;false
FSRIDD;HUMANOID;IMP;IMP;IMP;FSRidd;FSRidd;base;Imp;;
FSSKEL;UNDEAD;SKELETON;SKELETON;SKELETON;FSSkel;None;base;Skeleton;Skeleton;false
FSSPIR1;HUMANOID;HUMAN;FIGHTER;FIGHTER_MALE_HUMAN;FSSpir1;FSSpir3;base;Spirit Warrior;;
FSSPIR2;HUMANOID;HUMAN;FIGHTER;ELEMENTAL_AIR;FSSpir2;FSSpir2;base;Helmite Ghost;;
FSSPIR3;HUMANOID;HUMAN;FIGHTER;FIGHTER_MALE_HUMAN;FSSpir3;FSSpir3;base;Spirit Panel;;
FSSPIRA;HUMANOID;HUMAN;FIGHTER;ELEMENTAL_AIR;FSSpira;FSSpira;base;Helmite Ghost;;
FSSPIRB;HUMANOID;HUMAN;FIGHTER;ELEMENTAL_AIR;FSSpirb;FSSpirb;base;Helmite Ghost;;
FSSPIRC;HUMANOID;HUMAN;FIGHTER;ELEMENTAL_AIR;FSSpirc;FSSpirc;base;Helmite Ghost;;
FTOWN1;HUMANOID;HUMAN;INNOCENT;PEASANT_WOMAN;None;ftown1;base;Commoner;;
FTOWN2;HUMANOID;HUMAN;INNOCENT;PEASANT_WOMAN;None;ftown2;base;Commoner;;
FTOWN3;HUMANOID;HUMAN;INNOCENT;FAT_WOMAN;None;ftown3;base;Commoner;;
FTOWN4;HUMANOID;HUMAN;INNOCENT;PEASANT_WOMAN;None;ftown4;base;Commoner;;
FTOWN5;HUMANOID;HUMAN;INNOCENT;PEASANT_WOMAN;None;ftown5;base;Commoner;;
FTOWN6;HUMANOID;HUMAN;INNOCENT;PEASANT_WOMAN;None;ftown6;base;Commoner;;
FTOWN7;HUMANOID;HUMAN;INNOCENT;PEASANT_WOMAN;None;ftown7;base;Tavern Patron;;
FUAGNON;HUMANOID;DWARF;FIGHTER;FIGHTER_MALE_DWARF;fuagnon;fuagnon;base;Hurgan Stoneblade;;
FULADY;HUMANOID;HUMAN;INNOCENT;NOBLE_WOMAN;fulady;fulady;base;Lady Tandolan of Um;;
FULORD;HUMANOID;HUMAN;INNOCENT;NOBLE_MAN;fulord;fulord;base;Lord Milsire Donderbeg;;
FUMIN;HUMANOID;HUMAN;CLERIC;CLERIC_MALE_HUMAN;fumin;fumin;base;Minister Adelain;;
GAAL01;HUMANOID;HUMAN;CLERIC_MAGE;CLERIC_MALE_HUMAN;Gaal;Gaal;base;Gaal;;
GAAL02;HUMANOID;HUMAN;CLERIC_MAGE;CLERIC_MALE_HUMAN;None;Gaal02;base;Gaal;;
GAELAN;HUMANOID;HUMAN;THIEF;THIEF_MALE_HUMAN;Gaelan;gaelan;base;Gaelan Bayle;;
GAELAN2;HUMANOID;HUMAN;THIEF;THIEF_MALE_HUMAN;Gaelan2;gaelan2;base;Gaelan Bayle;;
GAIUS;HUMANOID;ELF;MAGE;MAGE_MALE_ELF;gaius;gaius;base;Gaius;;
GALL;HUMANOID;ELF;FIGHTER;FIGHTER_MALE_ELF;gall;gall;base;Gallchobhair;;
GAMGUY;HUMANOID;HUMAN;INNOCENT;THIEF_MALE_HUMAN;gamguy;gamguy;base;Gamesman;;
GARJUM;HUMANOID;HALFLING;INNOCENT;CLERIC_MALE_HALFLING;garjum;garjum;base;Jum;;
GARKID01;HUMANOID;HUMAN;FIGHTER;FIGHTER_FEMALE_HUMAN;garkid01;garkid01;base;Iltha;;
GARKID02;HUMANOID;HUMAN;CLERIC;CLERIC_MALE_HUMAN;garkid02;garkid02;base;Taar;;
GAROCK;GIANTHUMANOID;OGRE;FIGHTER;MINOTAUR;Garock;garock;STRATAGEMS;Garock;OgreBerserker;false
GARREN;HUMANOID;HUMAN;PALADIN;FIGHTER_MALE_HUMAN;garren;garren;base;Garren Windspear;;
GARRICK;HUMANOID;HUMAN;BARD;THIEF_MALE_HUMAN;Garrick;garrick;base;Garrick;;
GASFORM1;MONSTER;NO_RACE;NO_CLASS;BLOB_MIST_CREATURE;None;None;base;Gaseous Form;;
GASFORM2;MONSTER;NO_RACE;NO_CLASS;BLOB_MIST_CREATURE;None;None;base;Gaseous Form;;
GASFORM3;MONSTER;NO_RACE;NO_CLASS;BLOB_MIST_CREATURE;None;None;base;Gaseous Form;;
GASFORM4;MONSTER;NO_RACE;NO_CLASS;BLOB_MIST_CREATURE;None;None;base;Gaseous Form;;
GAYLAN;HUMANOID;HUMAN;THIEF;THIEF_MALE_HUMAN;None;gaylan;base;Gaylan Bael;;
GBEGG01;HUMANOID;HUMAN;INNOCENT;BEGGAR_MAN;gbegg01;Gbegg01;base;Beggar;;
GCHILD01;HUMANOID;HUMAN;INNOCENT;BOY;None;Gchild01;base;Boy;;
GCHILD02;HUMANOID;HUMAN;INNOCENT;GIRL;None;Gchild02;base;Girl;;
GDRUID;HUMANOID;HUMAN;DRUID;CLERIC_MALE_HUMAN;GDruid;None;base;Druid;;
GEMCH01;ANIMAL;NO_RACE;NO_CLASS;CHICKEN;gemch01;GEMCH01;HERTHIMONEY;Chicken;;
GEMCH02;ANIMAL;NO_RACE;NO_CLASS;CHICKEN;gemch02;GEMCH02;HERTHIMONEY;Chicken;;
GEMFAR01;HUMANOID;HUMAN;INNOCENT;PEASANT_WOMAN;gemfar01;gemfar01;base;Enna Hendrick;;
GEMFAR02;HUMANOID;HUMAN;INNOCENT;FIGHTER_MALE_HUMAN;gemfar02;gemfar02;base;Erlin Hendrick;;
GEMJEB01;HUMANOID;HUMAN;INNOCENT;PEASANT_MAN;gemjeb01;gemjeb01;base;Jeb;;
GENDAO01;GIANTHUMANOID;GENIE;GENIE_DAO;DJINNI;None;;base;Dao;;
GENDJI01;GIANTHUMANOID;GENIE;GENIE_DJINNI;DJINNI;None;;base;Djinni;;
GENDJN01;GIANTHUMANOID;GENIE;GENIE_NOBLE_DJINNI;DJINNI;None;;base;Noble Djinni;;
GENEFN01;GIANTHUMANOID;GENIE;GENIE_NOBLE_EFREETI;EFREETI_NOBLE;None;;base;Noble Efreeti;;
GENEFR01;GIANTHUMANOID;GENIE;GENIE_EFREETI;EFREETI_NOBLE;None;;base;Efreeti;;
GENIE01;GIANTHUMANOID;GENIE;GENIE_DAO;DJINNI;None;;base;Genie;;
GENIE02;GIANTHUMANOID;GENIE;GENIE_DAO;DJINNI_LEGS;None;;base;Genie;;
GENIE03;GIANTHUMANOID;GENIE;GENIE_DAO;DJINNI;None;;base;Genie;;
GENIE04;GIANTHUMANOID;GENIE;GENIE_DAO;DJINNI;None;;base;Genie;;
GENIE1;GIANTHUMANOID;GENIE;GENIE_DAO;DJINNI;None;genie1;base;Genie;;
GENMAG01;HUMANOID;HUMAN;MAGE;MAGE_MALE_HUMAN_LOW;None;;base;Mage;;
GENPEASM;HUMANOID;NO_RACE;NO_CLASS;PEASANT_MAN;dpstat02;dpstat02;base;Peasant;;
GENTH01;HUMANOID;HUMAN;THIEF;THIEF_MALE_HUMAN;genth01;None;base;Thief;;
GENTH02;HUMANOID;HUMAN;THIEF;THIEF_FEMALE_HUMAN;genth02;None;base;Thief;;
GENTHF01;HUMANOID;HUMAN;THIEF;THIEF_MALE_HUMAN;spmugg;;base;Thug;;
GENTMG01;HUMANOID;HUMAN;MAGE_THIEF;MAGE_MALE_HUMAN;gentmg01;None;base;Thief;;
GERETH;HUMANOID;HUMAN;MAGE;MAGE_MALE_HUMAN;None;gereth;base;Gereth;;
GERHARDT;HUMANOID;GNOME;MAGE;MAGE_MALE_GNOME;gerhardt;gerhar;base;Uncle Gerhardt;;
GFIGH05;HUMANOID;HUMAN;INNOCENT;FAT_MAN;None;None;base;Calahan;;
GFTOWN01;HUMANOID;HUMAN;INNOCENT;PEASANT_WOMAN;None;Gftown01;base;Commoner;;
GFTOWN02;HUMANOID;HUMAN;INNOCENT;FAT_WOMAN;None;Gftown02;base;Commoner;;
GGUARD01;HUMANOID;HUMAN;INNOCENT;CLERIC_MALE_HUMAN;gguard01;Gguard01;base;Amnian Soldier;;
GHAST01;UNDEAD;GHOUL;GHOUL_GHAST;GHAST;None;;base;Ghast;Ghast;true
GHASTF01;UNDEAD;GHOUL;GHOUL_GHAST;GHAST;None;;base;Fell Ghast;Ghast;true
GHASTGSU;UNDEAD;GHOUL;GHOUL_GHAST;GHAST;None;;base;Greater Ghast;Ghast;true
GHASTSU;UNDEAD;SKELETON;SKELETON;SKELETON;None;;base;Skeleton;Skeleton;true
GHOGR01;UNDEAD;GHOUL;GHOUL_GHAST;GHAST;None;;base;Greater Ghoul;GhoulLord;true
GHOLOR01;UNDEAD;GHOUL;GHOUL;GHOUL;None;;base;Ghoul Lord;GhoulLord;true
GHOUL01;UNDEAD;GHOUL;GHOUL;GHOUL;None;;base;Ghoul;Ghoul;true
GHOULSU;UNDEAD;GHOUL;GHOUL;GHOUL;None;;base;Ghoul;Ghoul;true
GIAFIR01;GIANTHUMANOID;GIANT;FIGHTER;GIANT_FIRE;None;None;base;Fire Giant;;
GIANTF01;GIANTHUMANOID;GIANT;GIANT;OGRE;giantf01;None;base;Fire Giant;;
GIBBER01;HUMANOID;GIBBERLING;GIBBERLING;GIBBERLING;None;;base;Gibberling;;
GIBBERSU;HUMANOID;GIBBERLING;GIBBERLING;GIBBERLING;None;;base;Gibberling;;
GIBMUT01;HUMANOID;GIBBERLING;GIBBERLING;GIBBERLING;None;;base;Mutated Gibberling;;
GIRL01;HUMANOID;HUMAN;INNOCENT;GIRL;None;girba1;base;Girl;;
GIRL02;HUMANOID;HUMAN;INNOCENT;GIRL;None;girba1;base;Girl;;
GIRL1;HUMANOID;HUMAN;INNOCENT;GIRL;None;girl1;base;Girl;;
GIRL2;HUMANOID;HUMAN;INNOCENT;GIRL;girl2;girl2;base;Girl;;
GITH01;HUMANOID;GITHYANKI;FIGHTER;GITHYANKI;gith01;None;base;Warrior;;
GITH02;HUMANOID;GITHYANKI;FIGHTER;GITHYANKI;gith02;None;base;Knight;;
GITH03;HUMANOID;GITHYANKI;PALADIN;GITHYANKI;gith03;None;base;Anti-Paladin;;
GITH04;HUMANOID;GITHYANKI;FIGHTER_MAGE;GITHYANKI;gith04;None;STRATAGEMS;Gish;;
GITH05;HUMANOID;GITHYANKI;MAGE;GITHYANKI;gith05;None;base;Warlock;;
GITH06;HUMANOID;GITHYANKI;FIGHTER_MAGE;GITHYANKI;gith06;None;STRATAGEMS;Captain;;
GLAD1;HUMANOID;DWARF;FIGHTER;FIGHTER_MALE_DWARF;Gladiator;glad1;base;Gladiator;;
GLAD2;HUMANOID;HUMAN;FIGHTER;FIGHTER_MALE_HUMAN;gpshout;glad2;base;Gladiator;;
GLADIA01;MONSTER;LYCANTHROPE;WEREWOLF;FIGHTER_MALE_HUMAN;Gatekeeper;gatewere;STRATAGEMS;Gatekeeper;;
GLBEAR;MONSTER;TROLL;TROLL;BEAR_BLACK;GladiatorBear;;base;Troll;;
GLBEAR2;ANIMAL;BEAR;BEAR_BLACK;BEAR_BLACK;None;;base;Black Bear;BlackBear;false
GLOBSHAM;MONSTER;ELEMENTAL;ELEMENTAL_EARTH;SHAMBLING_MOUND;None;;base;Shambling Mound;;
GMAGE14;HUMANOID;ELF;MAGE;MAGE_MALE_ELF;gmage14;mekrat;base;Mekrath;;
GMAYOR;UNDEAD;GHOUL;GHOUL_GHAST;GHAST;None;gmayor;base;Theshal;Ghast;true
GMTOWN01;HUMANOID;HUMAN;INNOCENT;FAT_MAN;None;Gmtown01;base;Commoner;;
GMTOWN02;HUMANOID;HUMAN;INNOCENT;PEASANT_MAN;None;Gmtown02;base;Commoner;;
GNLCAP01;HUMANOID;GNOLL;GNOLL;GNOLL;None;;base;Gnoll Captain;;
GNLELI01;HUMANOID;GNOLL;GNOLL;GNOLL;None;;base;Gnoll Elite;;
GNLFLI01;HUMANOID;GNOLL;GNOLL;GNOLL;None;;base;Flind;;
GNLSLA01;HUMANOID;GNOLL;GNOLL;GNOLL;None;;base;Gnoll Slasher;;
GNLVET01;HUMANOID;GNOLL;GNOLL;GNOLL;None;;base;Gnoll Veteran;;
GNLWAR01;HUMANOID;GNOLL;GNOLL;GNOLL;None;;base;Gnoll;;
GNOBLEF1;HUMANOID;HUMAN;INNOCENT;NOBLE_WOMAN;None;Gnoblef1;base;Noblewoman;;
GNOBLEF2;HUMANOID;HUMAN;INNOCENT;NOBLE_WOMAN;None;Gnoblef2;base;Noblewoman;;
GNOBLEM1;HUMANOID;HUMAN;INNOCENT;NOBLE_MAN;None;gnoblem1;base;Nobleman;;
GNOBLEM2;HUMANOID;HUMAN;INNOCENT;NOBLE_MAN;None;gnoblem2;base;Nobleman;;
GNOLL01;HUMANOID;GNOLL;GNOLL;GNOLL;None;;base;Gnoll;;
GNOLLHP1;HUMANOID;GNOLL;GNOLL;GNOLL;None;;base;Gnoll;;
GNOLLSU;HUMANOID;GNOLL;GNOLL;GNOLL;None;;base;Gnoll Elite;;
GOLADA01;GIANTHUMANOID;GOLEM;GOLEM_IRON;GOLEM_IRON;None;;base;Adamantite Golem;IronGolem;false
GOLBON01;UNDEAD;SKELETON;SKELETON_WARRIOR;SKELETON_WARRIOR;None;None;base;Skeleton Warrior;SkeletonWarrior;false
GOLBRA01;GIANTHUMANOID;GOLEM;GOLEM_CLAY;A7!GOLEM_BRAIN;None;;A7-GOLEMCONSTRUCTION;Brain Golem;ClayGolem;false
GOLBUR01;GIANTHUMANOID;GOLEM;ELEMENTAL_FIRE;BURNING_MAN;None;;base;Burning Man;;
GOLCLA01;GIANTHUMANOID;GOLEM;GOLEM_CLAY;GOLEM_CLAY;golcla01;;base;Clay Golem;ClayGolem;false
GOLEM01;GIANTHUMANOID;GOLEM;GOLEM_CLAY;GOLEM_CLAY;None;;base;Clay Golem;ClayGolem;false
GOLFLE01;GIANTHUMANOID;GOLEM;GOLEM_FLESH;A7!GOLEM_FLESH_PST;None;;A7-GOLEMCONSTRUCTION;Flesh Golem;FleshGolem;false
GOLICE01;GIANTHUMANOID;GOLEM;GOLEM_IRON;GOLEM_ICE;None;;base;Ice Golem;IronGolem;false
GOLIRO01;GIANTHUMANOID;GOLEM;GOLEM_IRON;GOLEM_IRON_IWD;None;;A7-GOLEMCONSTRUCTION;Iron Golem;IronGolem;false
GOLJUG01;GIANTHUMANOID;GOLEM;GOLEM_STONE;GOLEM_CLAY;None;;base;Juggernaut Golem;StoneGolem;false
GOLKILL2;GIANTHUMANOID;GOLEM;GOLEM_IRON;GOLEM_IRON;None;;base;Adamantite Golem;IronGolem;false
GOLMAG01;GIANTHUMANOID;GOLEM;GOLEM_CLAY;ELEMENTAL_FIRE_PURPLE;golmag01;None;base;Magic Golem;ClayGolem;false
GOLSAN01;GIANTHUMANOID;GOLEM;GOLEM_CLAY;GOLEM_CLAY;None;;base;Sand Golem;ClayGolem;false
GOLSTO01;GIANTHUMANOID;GOLEM;GOLEM_STONE;GOLEM_CLAY;golsto01;;base;Stone Golem;StoneGolem;false
GONCE;UNDEAD;VAMPIRE;FIGHTER_THIEF;VAMPIRE_FEMALE;gonce;gonce;STRATAGEMS;Meredath;;
GORAIR01;GIANTHUMANOID;ELEMENTAL;ELEMENTAL_AIR;ELEMENTAL_AIR_SMALL;gorair01;;base;Lesser Air Elemental;;
GORAIR02;GIANTHUMANOID;ELEMENTAL;ELEMENTAL_AIR;ELEMENTAL_AIR;gorair02;;base;Greater Air Elemental;;
GORALT1;HUMANOID;NO_RACE;NO_CLASS;STATIC_HUMANCLERIC_MAN_CHAIR;GorAlt1;GorAlt1;base;Guardian;;
GORALU01;MONSTER;DEMONIC;TANARI;FIGHTER_FEMALE_ELF;goralu01;None;base;Alu-Fiend;;
GORAPR;HUMANOID;HUMAN;MAGE;SLEEPING_MAN_HUMAN;GorApr;GorApr;base;Apprentice;;
GORARC;HUMANOID;HUMAN;CLERIC_MAGE;MAGE_MALE_HUMAN;GorArc;GorArc1;base;Archivist;;
GORBAT1;MONSTER;DEMONIC;IMP;RAVER;GorBat1;GorBat1;STRATAGEMS;Ka'rashur;;
GORBAT2;MONSTER;DEMONIC;IMP;FIGHTER_FEMALE_HUMAN;GorBat2;None;base;Erinyes;;
GORBAT3;MONSTER;DEMONIC;IMP;CORNUGON;GorBat3;None;base;Cornugon;;
GORBAT4;MONSTER;DEMONIC;IMP;IMP;GorBat4;None;base;Imp;;
GORBAT5;MONSTER;DEMONIC;IMP;SKELETON_FIEND;GorBat5;None;base;Bone Fiend;;
GORBEL;MONSTER;PLATE;NO_CLASS;BIRD;GorBel;GorBel;base;Bell Jar;;
GORCAMB;GIANTHUMANOID;DEMONIC;TANARI;DEATH_KNIGHT;GorCamb;GorCamb;base;Aesgareth;;
GORCAMB2;HUMANOID;TIEFLING;MAGE;MAGE_FEMALE_ELF;GorCamb2;gorcamb2;base;Tiefling;;
GORCAMB3;HUMANOID;TIEFLING;CLERIC;CLERIC_FEMALE_ELF;GorCamb3;gorcamb2;base;Tiefling;;
GORCAMB4;HUMANOID;TIEFLING;THIEF;THIEF_MALE_ELF;GorCamb4;gorcamb2;base;Tiefling;;
GORCAMB5;HUMANOID;TIEFLING;FIGHTER;FIGHTER_MALE_ELF;GorCamb5;gorcamb2;base;Tiefling;;
GORCAMB6;ANIMAL;CAT;CAT;GREATCAT_PANTHER;gorcamb6;None;base;Fell Cat;Jaguar;false
GORCAMB7;ANIMAL;CAT;CAT;GREATCAT_PANTHER;gorcamb7;None;base;Fell Cat;Jaguar;false
GORCAR;HUMANOID;HUMAN;MAGE;MAGE_MALE_HUMAN;GorCar;GorCar;base;Carston;;
GORCH;HUMANOID;HUMAN;FIGHTER;FAT_MAN;gorch;gorch;base;Gorch;;
GORCHR;MONSTER;DEMONIC;TANARI;TANARRI;GorChr;GorChr;base;Chromatic Demon;;
GORDECK1;WEAPON;HUMAN;FIGHTER;FIGHTER_MALE_HUMAN_LOW;GorDeck1;None;base;Fighter;;
GORDECK2;WEAPON;HUMAN;FIGHTER;FIGHTER_MALE_HUMAN;GorDeck2;None;base;Fighter;;
GORDECK3;WEAPON;HUMAN;FIGHTER;FIGHTER_MALE_HUMAN;GorDeck3;None;base;Fighter;;
GORDECK4;WEAPON;HUMAN;FIGHTER;FIGHTER_MALE_HUMAN;GorDeck4;None;base;Fighter;;
GORDECK5;HUMANOID;HUMAN;THIEF;THIEF_MALE_HUMAN;GorDeck5;None;base;Assassin;;
GORDECK6;HUMANOID;HUMAN;THIEF;THIEF_MALE_HUMAN;GorDeck6;None;base;Assassin;;
GORDECK7;HUMANOID;HUMAN;THIEF;THIEF_MALE_HUMAN;GorDeck7;None;base;Assassin;;
GORDECK8;HUMANOID;HUMAN;THIEF;THIEF_MALE_HUMAN;GorDeck8;None;base;Assassin;;
GORDECK9;HUMANOID;HUMAN;THIEF;THIEF_MALE_HUMAN;GorDeck9;None;base;Assassin;;
GORDECKA;HUMANOID;HUMAN;THIEF;THIEF_MALE_HUMAN;GorDeckA;None;base;Assassin;;
GORDECKB;WEAPON;GOLEM;GOLEM_IRON;GOLEM_IRON;GorDeckB;;base;Adamantite Golem;IronGolem;false
GORDECKF;HUMANOID;HUMAN;FIGHTER;FIGHTER_MALE_HUMAN;GorDeckF;None;base;Fighter;;
GORDEM;MONSTER;DEMONIC;TANARI;TANARRI;gordem;;base;Balor;;
GORDEM2;MONSTER;DEMONIC;IMP;SALAMANDER_FROST;gordem2;;base;Velithuu;;
GORDEMC1;MONSTER;DEMONIC;TANARI;TANARRI;gordemc1;;base;Balor;;
GORF;HUMANOID;OGRE;FIGHTER;HALF_OGRE;gorf;gorf1;base;Gorf the Squisher;Ogre;true
GORF02;HUMANOID;HUMAN;INNOCENT;PEASANT_MAN;gorf02;;base;Bystander;;
GORF03;HUMANOID;OGRE;FIGHTER;HALF_OGRE;gorf;gorf1;base;Gorf the Squisher;Ogre;false
GORFAN;HUMANOID;NO_RACE;NO_CLASS;BIRD;GorFan;None;base;;;
GORFIR01;GIANTHUMANOID;ELEMENTAL;ELEMENTAL_FIRE;ELEMENTAL_FIRE;GorFir01;;base;Greater Fire Elemental;;
GORFIR02;GIANTHUMANOID;ELEMENTAL;ELEMENTAL_FIRE;ELEMENTAL_FIRE;GorFir02;;base;Greater Fire Elemental;;
GORFIR03;GIANTHUMANOID;ELEMENTAL;ELEMENTAL_FIRE;ELEMENTAL_FIRE;GorFir03;;base;Greater Fire Elemental;;
GORFIR04;GIANTHUMANOID;ELEMENTAL;ELEMENTAL_FIRE;ELEMENTAL_FIRE;GorFir04;;base;Greater Fire Elemental;;
GORFIRG;GIANTHUMANOID;GIANT;GIANT;GIANT_FIRE;gorfirg;None;base;Fire Giant;;
GORGIT;HUMANOID;GITHYANKI;PALADIN;GITHYANKI;GorGit;GorGit;STRATAGEMS;Captain;;
GORGITC1;HUMANOID;GITHYANKI;MAGE;GITHYANKI;GorGitc1;None;base;Githyanki;;
GORGITC2;HUMANOID;GITHYANKI;MAGE;GITHYANKI;GorGitc2;None;base;Githyanki;;
GORGITC3;HUMANOID;GITHYANKI;MAGE;GITHYANKI;GorGitc3;None;base;Githyanki;;
GORGITC4;HUMANOID;GITHYANKI;MAGE;GITHYANKI;GorGitc4;None;base;Githyanki;;
GORGITH2;HUMANOID;GITHYANKI;FIGHTER;GITHYANKI;gorgith2;None;base;Githyanki;;
GORGOLI;GIANTHUMANOID;GOLEM;GOLEM_IRON;GOLEM_ICE;gorgoli;;base;Ice Golem;IronGolem;false
GORGRD01;GIANTHUMANOID;GOLEM;GOLEM_IRON;GOLEM_IRON_IWD;gorgrd01;;A7-GOLEMCONSTRUCTION;Guardian Golem;IronGolem;false
GORGRD02;GIANTHUMANOID;GOLEM;GOLEM_IRON;GOLEM_IRON_IWD;gorgrd02;;A7-GOLEMCONSTRUCTION;Guardian Golem;IronGolem;false
GORGUA01;HUMANOID;TIEFLING;MAGE;IRENICUS_ROBED;gorgua01;None;base;Aurumach Rilmani;;
GORGUA02;HUMANOID;TIEFLING;FIGHTER;FIGHTER_MALE_HUMAN_LOW;gorgua02;None;base;Ferrumach Rilmani;;
GORGUA03;UNDEAD;HUMAN;FIGHTER_CLERIC;CLERIC_FEMALE_HUMAN_LOW;gorgua02;None;base;Guardian Spirit;;
GORGUA04;UNDEAD;HUMAN;PALADIN;FIGHTER_MALE_HUMAN_LOW;gorgua04;None;base;Guardian Spirit;;
GORGUA05;UNDEAD;HUMAN;PALADIN;FIGHTER_MALE_HUMAN_LOW;gorgua04;None;base;Guardian Spirit;;
GORIMP01;HUMANOID;IMP;IMP;IMP;GorImp01;GorImp01;base;Imp;;
GORIOND;HUMANOID;HUMAN;INNOCENT;MAGE_MALE_HUMAN;Goriond;goriond;base;Gorion;;
GORJE;HUMANOID;DWARF;FIGHTER;FIGHTER_MALE_DWARF;gorje;gorje;base;Gorje Hilldark;;
GORJELF2;MONSTER;SLIME;MUSTARD_JELLY;SLIME_OLIVE;None;;base;Ooze Puddle;MustardJelly;false
GORJELFU;MONSTER;SLIME;MUSTARD_JELLY;SLIME_OLIVE;None;;base;Ooze Puddle;MustardJelly;false
GORJELGR;MONSTER;SLIME;GREEN_SLIME;SLIME_OLIVE;None;;base;Green Slime;GreenSlime;false
GORKUO01;HUMANOID;KUO-TOA;KUO-TOA;KUO-TOA;None;;base;Kuo-toan Warrior;;
GORKUO02;HUMANOID;KUO-TOA;KUO-TOA;KUO-TOA;None;;base;Kuo-toan Archer;;
GORKUO03;HUMANOID;KUO-TOA;CLERIC_THIEF;KUO-TOA;None;;base;Kuo-toan Priest;;
GORKUO04;HUMANOID;KUO-TOA;FIGHTER;KUO-TOA_LARGE;kuocap01;;base;Kuo-toan Captain;;
GORKUO05;HUMANOID;KUO-TOA;FIGHTER_THIEF;KUO-TOA;None;None;base;Kuo-toan Whip;;
GORLIC01;UNDEAD;LICH;MAGE;LICH;gorlic01;None;base;Azamantes;;
GORLUM;MONSTER;PLATE;NO_CLASS;DOOM_GUARD;GorLum;GorLum2;Aura_BG1_2_EET;Machine of Lum the Mad;;
GORMAD1;HUMANOID;ELF;FIGHTER;FIGHTER_MALE_ELF;GorMad1;GorMad1;base;Elven Madman;;
GORMIM01;MONSTER;MIMIC;MIMIC;DOOM_GUARD;gormim01;None;base;Killer Mimic;;
GORMIM02;MONSTER;MIMIC;MIMIC;DOOM_GUARD;gormim02;None;base;Killer Mimic;;
GORMIM03;MONSTER;MIMIC;MIMIC;DOOM_GUARD;gormim03;None;base;Killer Mimic;;
GORMIM04;MONSTER;MIMIC;MIMIC;DOOM_GUARD;gormim04;None;base;Killer Mimic;;
GORMINC1;HUMANOID;MIND_FLAYER;MIND_FLAYER;MINDFLAYER;gorminc1;None;base;Mind Flayer;;
GORMINC2;HUMANOID;MIND_FLAYER;MIND_FLAYER;MINDFLAYER;gorminc2;None;base;Mind Flayer;;
GORMINC3;HUMANOID;MIND_FLAYER;MIND_FLAYER;MINDFLAYER;gorminc3;None;base;Mind Flayer;;
GORMINC4;HUMANOID;MIND_FLAYER;MIND_FLAYER;MINDFLAYER;gorminc4;None;base;Mind Flayer;;
GORMIND;HUMANOID;MIND_FLAYER;NO_CLASS;MINDFLAYER;gormind;None;base;Ulitharid;;
GORMISTI;UNDEAD;MIST;MIST;MIST_CREATURE;None;None;base;Ice Mist;;
GORMISTP;MONSTER;MIST;MIST;MIST_CREATURE;mistpo01;None;base;Poison Mist;;
GORORC01;HUMANOID;ORC;ORC;ORC_MELEE;orc01;None;base;Orc;;
GORORC02;HUMANOID;ORC;ORC;ORC_ELITE_RANGE;orc02;;base;Orc Archer;;
GORORC03;HUMANOID;ORC;MAGE;ORC_SHAMAN;orc04;;base;Orc Mage;;
GORPRI1;UNDEAD;LICH;CLERIC;LICH;gorpri1;gorpri1;base;Priest;;
GORSAL;MONSTER;DRAGON;RED_DRAGON;DRAGON_RED;GorSal;GorSal;base;Saladrex;;
GORSKU01;UNDEAD;LICH;MAGE;DEMILICH;None;None;base;Flaming Skull;;
GORSNAKE;ANIMAL;NO_RACE;NO_CLASS;SNAKE;gorsnake;None;base;Giant Snake;;
GORSPY;HUMANOID;PLATE;LONG_SWORD;BIRD;gorspy;None;base;;;
GORSTA01;HUMANOID;GOLEM;FIGHTER;FIGHTER_MALE_HUMAN;gorsta01;None;STRATAGEMS;Statue;HelmedHorror;false
GORSTA02;HUMANOID;GOLEM;FIGHTER;FIGHTER_MALE_ELF;gorsta02;None;STRATAGEMS;Statue;HelmedHorror;false
GORSTA03;HUMANOID;GOLEM;CLERIC;CLERIC_FEMALE_HUMAN;gorsta03;None;STRATAGEMS;Statue;;
GORSTA04;HUMANOID;GOLEM;CLERIC;CLERIC_MALE_DWARF;gorsta04;None;STRATAGEMS;Statue;;
GORSTA05;HUMANOID;GOLEM;FIGHTER;FIGHTER_FEMALE_HUMAN;gorsta05;None;STRATAGEMS;Statue;HelmedHorror;false
GORSTA06;HUMANOID;HUMAN;MAGE;MAGE_MALE_HUMAN;gorsta06;None;STRATAGEMS;Statue;;
GORSTA07;HUMANOID;GOLEM;THIEF;THIEF_MALE_HUMAN;gorsta07;None;STRATAGEMS;Statue;;
GORSTA08;GIANTHUMANOID;GOLEM;GOLEM_IRON;GOLEM_IRON_IWD;gorsta08;None;A7-GOLEMCONSTRUCTION;Statue;IronGolem;false
GORSTA09;HUMANOID;GOLEM;FIGHTER;FIGHTER_MALE_ELF;gorsta09;None;STRATAGEMS;Statue;HelmedHorror;false
GORSTA10;MONSTER;GOLEM;UMBERHULK;GNOLL;gorsta10;None;STRATAGEMS;Statue;;
GORSTA11;HUMANOID;GOLEM;MAGE;MAGE_FEMALE_ELF;gorsta11;None;STRATAGEMS;Statue;;
GORSTA12;GIANTHUMANOID;GOLEM;ELEMENTAL_FIRE;OGRE;gorsta12;None;STRATAGEMS;Statue;;
GORSTALK;MONSTER;HUMAN;NO_CLASS;DOOM_GUARD;gorstalk;;base;Guardian of Air;;
GORSUC01;MONSTER;DEMONIC;TANARI;SIRINE;gorsuc01;gorsuc01;base;Succubus;;
GORTAN1;MONSTER;DEMONIC;TANARI;TANARRI;GorTan1;GorTan1;base;Tahazzar;;
GORTAN2;MONSTER;DEMONIC;TANARI;SIRINE;GorTan2;None;base;Succubus;;
GORTAN3;MONSTER;DEMONIC;TANARI;DROW_FEMALE;GorTan3;None;base;Yochlol;;
GORTAN4;MONSTER;DEMONIC;TANARI;GLABREZU;GorTan4;None;base;Glabrezu;;
GORTAN5;MONSTER;DEMONIC;TANARI;IMP;GorTan5;None;base;Quasit;;
GORTAN6;MONSTER;DEMONIC;TANARI;LICH_BLACK;GorTan6;None;base;Maurezhi;;
GORTOR1;MONSTER;PLATE;NO_CLASS;DOOM_GUARD;GorTor1;GorTor1;base;Torch;;
GORTOR2;MONSTER;PLATE;NO_CLASS;DOOM_GUARD;GorTor2;GorTor2;base;Torch;;
GORTOR3;MONSTER;PLATE;NO_CLASS;DOOM_GUARD;GorTor3;GorTor3;base;Torch;;
GORTOR4;MONSTER;PLATE;NO_CLASS;DOOM_GUARD;GorTor4;GorTor4;base;Torch;;
GORTOR5;MONSTER;PLATE;NO_CLASS;DOOM_GUARD;GorTor5;GorTor5;base;Torch;;
GORTOR6;MONSTER;PLATE;NO_CLASS;DOOM_GUARD;GorTor6;GorTor6;base;Torch;;
GORWOM01;MONSTER;DEMONIC;TANARI;SIRINE;GorWom01;None;base;Nalmissra;;
GORWOM02;MONSTER;DEMONIC;RANGER;FIGHTER_FEMALE_HUMAN;gorwom02;None;base;The Huntress;;
GORWOM03;MONSTER;DEMONIC;TANARI;MARILITH;GorWom03;gorwom03;base;Y'tossi;;
GORWOM04;HUMANOID;ELF;CLERIC;DROW_FEMALE;GorWom04;None;base;Ameralis Zauviir;;
GORWOM05;MONSTER;BEHOLDER;MAGE;BEHOLDER;GorWom05;GorWom05;STRATAGEMS;Hive Mother;;
GORWOM06;HUMANOID;DEMONIC;FIGHTER;FIGHTER_FEMALE_HUMAN;GorWom06;GorWom06;base;Xei Win Toh;;
GORWOWE;MONSTER;LYCANTHROPE;WOLFWERE;WEREWOLF_GREATER;None;None;STRATAGEMS;Wolfwere;;
GOVWAU01;HUMANOID;HUMAN;CLERIC;CLERIC_MALE_HUMAN;govwau01;govwau01;base;Priest of Waukeen;;
GPDOG1;ANIMAL;DOG;DOG_WAR;DOG_WAR;famwar;;base;War Dog;WarDog;false
GPFAM1;HUMANOID;MEPHIT;MEPHIT;IMP;None;;base;Pitch;;
GPFIGHT1;HUMANOID;OGRE;FIGHTER;OGRE;gpfight1;gpfight1;base;Boz;OgreBerserker;false
GPHIL01;HUMANOID;HUMAN;INNOCENT;BEGGAR_MAN;gphil01;gphil01;base;Philosopher;;
GPHIL02;HUMANOID;HUMAN;FIGHTER;NOBLE_MAN;gphil02;gphil02;base;Philosopher;;
GPHIL03;HUMANOID;HUMAN;FIGHTER;FIGHTER_MALE_HUMAN;gphil03;Gphil03;base;Huntley;;
GPMAGE1;HUMANOID;HUMAN;MAGE;MAGE_MALE_HUMAN;gpmage1;;base;N'ashtar;;
GPPRI1;HUMANOID;ELF;CLERIC;CLERIC_FEMALE_ELF;gppri1;None;base;Chandrilla;;
GPSIMB;HUMANOID;HOBGOBLIN;HOBGOBLIN;GOBLIN_BOW;gpsimb;gpsimb;base;Simbja;;
GPSKEL1;UNDEAD;SKELETON;SKELETON;SKELETON;gpskel1;;base;Skeleton;Skeleton;false
GPTHIEF1;HUMANOID;HUMAN;THIEF;THIEF_MALE_HUMAN;gpthief1;None;base;Damien;;
GRAE;GIANTHUMANOID;TROLL;TROLL;TROLL;Grae;grae;base;Grae;;
GRHOG01;ANIMAL;NO_RACE;FOOD_CREATURE;GROUNDHOG;None;None;base;Groundhog;;
GROMG01;HUMANOID;HUMAN;FIGHTER;FIGHTER_MALE_HUMAN;gromg01;gromg01;base;Il-Khan Soldier;;
GROMG02;HUMANOID;ORC;FIGHTER;ORC_MELEE;gromg02;gromg02;base;Il-Khan Soldier;;
GROMG03;HUMANOID;HUMAN;FIGHTER;FIGHTER_FEMALE_HUMAN;gromg03;gromg03;base;Il-Khan Soldier;;
GROMG04;HUMANOID;HUMAN;FIGHTER;FIGHTER_FEMALE_HUMAN;gromg04;gromg04;base;Il-Khan Soldier;;
GROMG05;HUMANOID;HUMAN;MAGE;MAGE_FEMALE_HUMAN;gromg05;gromg05;ctb;Il-Khan Battle Mage;;
GROMG06;HUMANOID;HUMAN;FIGHTER;FIGHTER_MALE_HUMAN;gromg06;gromg06;base;Il-Khan Soldier;;
GROMG07;HUMANOID;ORC;FIGHTER;ORC_MELEE;gromg07;None;base;Il-Khan Soldier;;
GROMG08;HUMANOID;HUMAN;MAGE;MAGE_MALE_HUMAN;gromg08;gromg05;base;Karun the Black;;
GROMG09;HUMANOID;HALF_ELF;THIEF;THIEF_MALE_ELF_LOW;gromg09;gromg04;ctb;Eler Had;;
GROMG10;HUMANOID;HUMAN;FIGHTER;FIGHTER_FEMALE_HUMAN;gromg10;gromg04;base;Berena Elkan;;
GROMG11;HUMANOID;HUMAN;FIGHTER;FIGHTER_FEMALE_HUMAN;gromg03;gromg03;base;Il-Khan Soldier;;
GROMG12;HUMANOID;HUMAN;FIGHTER;FIGHTER_FEMALE_HUMAN;gromg04;gromg04;base;Il-Khan Soldier;;
GROMG13;HUMANOID;HUMAN;MAGE;MAGE_MALE_HUMAN;gromg05;gromg05;base;Il-Khan Battle Mage;;
GROMG14;HUMANOID;HUMAN;FIGHTER;FIGHTER_MALE_HUMAN;gromg06;gromg06;base;Il-Khan Soldier;;
GROMNIR;HUMANOID;HALFORC;FIGHTER;FIGHTER_MALE_HALFORC;gromnir;gromnir;base;Gromnir Il-Khan;;
GRON;UNDEAD;GHOUL;GHOUL_GHAST;GHAST;None;gron;base;Theshal;Ghast;false
GRREVEN;UNDEAD;GHOUL;GHOUL_REVEANT;ZOMBIE;GRREVEN;grreven;base;Revenant;Mummy;false
GRSKEL1;UNDEAD;SKELETON;SKELETON_WARRIOR;SKELETON_WARRIOR;None;grskel1;base;Skeleton Warrior;SkeletonWarrior;true
GRSKEL2;UNDEAD;SKELETON;SKELETON_WARRIOR;SKELETON_WARRIOR;None;grskel2;base;Skeleton Warrior;SkeletonWarrior;true
GRTOMB01;UNDEAD;SKELETON;SKELETON_WARRIOR;SKELETON_MONSTER;None;;base;Skeleton Warrior;SkeletonWarrior;true
GRVLCH01;UNDEAD;LICH;MAGE;LICH;grvlch01;grvlch01;base;Lich;;
GTCIT1;UNDEAD;GHOUL;GHOUL;GHOUL;None;Gtcit1;base;Ghoul;Ghoul;true
GTCIT2;UNDEAD;GHOUL;GHOUL;GHOUL;None;Gtcit2;base;Ghoul;Ghoul;true
GTCIT3;UNDEAD;ZOMBIE;ZOMBIE_NORMAL;ZOMBIE;None;Gtcit3;base;Zombie;;
GTCIT4;UNDEAD;ZOMBIE;ZOMBIE_NORMAL;ZOMBIE;None;Gtcit4;base;Zombie;;
GTCIT5;UNDEAD;ZOMBIE;ZOMBIE_NORMAL;ZOMBIE;None;Gtcit5;base;Zombie;;
GUAMUR;HUMANOID;HUMAN;INNOCENT;CLERIC_MALE_HUMAN;guamur;guamur;base;Amnian Soldier;;
GUARD1;HUMANOID;HUMAN;FIGHTER;CLERIC_MALE_HUMAN;COPGUARD1;guard1;base;Bouncer;;
GUARD2;HUMANOID;HUMAN;FIGHTER;CLERIC_MALE_HUMAN;COPGUARD;guard2;base;Copper Coronet Guard;;
GUARD3;HUMANOID;HUMAN;FIGHTER;CLERIC_MALE_HUMAN;guard3;guard3;base;Copper Coronet Guard;;
HABIB;HUMANOID;HUMAN;THIEF;THIEF_MALE_HUMAN;Habib;Habib;base;Habib;;
HABIB2;HUMANOID;HUMAN;THIEF;THIEF_MALE_HUMAN;Habib;Habib;base;Habib;;
HABREGA;HUMANOID;HUMAN;FIGHTER;CLERIC_MALE_HUMAN;habrega;habrega;base;Chief Inspector Brega;;
HACTON;HUMANOID;HUMAN;INNOCENT;NOBLE_MAN;hacton;hacton;base;Acton Balthis;;
HACTONG;HUMANOID;HUMAN;FIGHTER;FIGHTER_MALE_HUMAN;hactong;hactong;base;Amnian Bodyguard;;
HAEGAN;HUMANOID;HUMAN;FIGHTER;CLERIC_MALE_HUMAN_LOW;haegan;haegan;base;Captain Haegan;;
HAER10;HUMANOID;TIEFLING;BARD;CLERIC_MALE_ELF;HaerDalis;Haerda;base;Haer'Dalis;;
HAER11;HUMANOID;TIEFLING;BARD;CLERIC_MALE_ELF;HaerDalis;Haerda;base;Haer'Dalis;;
HAER13;HUMANOID;TIEFLING;BARD;CLERIC_MALE_ELF;HaerDalis;HaerDa;base;Haer'Dalis;;
HAER15;HUMANOID;TIEFLING;BARD;CLERIC_MALE_ELF;HaerDalis;HaerDa;base;Haer'Dalis;;
HAER19;HUMANOID;TIEFLING;BARD;CLERIC_MALE_ELF;HaerDalis;HaerD25a;base;Haer'Dalis;;
HAGUAR01;HUMANOID;HUMAN;FIGHTER;CLERIC_MALE_HUMAN;haguard01;haguard0;base;Arresting Officer;;
HAGUAR02;HUMANOID;HUMAN;FIGHTER;CLERIC_MALE_HUMAN;haguard02;haguard0;base;Arresting Soldier;;
HAJANOS;HUMANOID;ELF;BARD;THIEF_MALE_ELF;hajanos;hajanos;base;Janos;;
HAKSU;MONSTER;MIST;MIST;MIST_CREATURE;None;;SPELL_REV;Hakeashar;;
HAMASU;HUMANOID;FAIRY;DRUID;SIRINE;None;none;SPELL_REV;Hamadryad;Nymph;false
HAMEK;HUMANOID;ELF;MAGE;MAGE_MALE_ELF;hamek;hamek;base;Mekrath;;
HAPIP;HUMANOID;HALFLING;INNOCENT;FIGHTER_MALE_HALFLING;hapip;hapip;base;Pip;;
HAQUAT;HUMANOID;HUMAN;INNOCENT;FAT_MAN;haquat;haquat;base;Quataris;;
HARPASS1;HUMANOID;ELF;FIGHTER_THIEF;THIEF_FEMALE_ELF;Harpass1;lusette;base;Lucette;;
HAWKER01;HUMANOID;GNOME;INNOCENT;CLERIC_MALE_GNOME;None;hawker01;base;Hawker;;
HDRAGRED;MONSTER;DRAGON;SHADOW_DRAGON;DRAGON_BLACK;hdragred;None;base;Dragon;;
HDRAGSIL;MONSTER;DRAGON;SILVER_DRAGON;DRAGON_SILVER;hdragsil;hdragsil;d0questpack;Dragon;;
HEAD1;HUMANOID;HUMAN;INNOCENT;DOOM_GUARD_LARGER;head1;head1;base;Forest Spirit;;
HEAD2;HUMANOID;HUMAN;INNOCENT;DOOM_GUARD_LARGER;head2;head2;base;Forest Spirit;;
HEAD3;HUMANOID;HUMAN;INNOCENT;DOOM_GUARD_LARGER;head3;head3;base;Forest Spirit;;
HEAD4;HUMANOID;HUMAN;INNOCENT;DOOM_GUARD_LARGER;head4;head4;base;Forest Spirit;;
HEAD5;HUMANOID;HUMAN;INNOCENT;DOOM_GUARD_LARGER;head5;head5;base;Forest Spirit;;
HEARTG1;HUMANOID;HUMAN;FIGHTER;FIGHTER_MALE_HUMAN_LOW;heartg1;heartg1;base;Knight of the Order;;
HEARTG2;HUMANOID;HUMAN;FIGHTER;FIGHTER_FEMALE_HUMAN;heartg2;heartg2;base;Knight of the Order;;
HEARTG3;HUMANOID;HUMAN;FIGHTER_CLERIC;CLERIC_MALE_HUMAN;heartg3;heartg3;base;Sir Zarath;;
HEARTG4;HUMANOID;HUMAN;FIGHTER_CLERIC;FIGHTER_MALE_HUMAN_LOW;heartg4;heartg4;base;Sir Mardus;;
HEARTG5;HUMANOID;HUMAN;FIGHTER_CLERIC;FIGHTER_MALE_HUMAN_LOW;heartg5;heartg5;base;Sir Donalus;;
HELLBEH1;MONSTER;BEHOLDER;BEHOLDER;BEHOLDER;hellbeh1;;base;Elder Orb;;
HELLBEH2;MONSTER;BEHOLDER;BEHOLDER;BEHOLDER;hellbeh2;;base;Elder Orb;;
HELLFEAR;MONSTER;DEMONIC;TANARI;TANARRI;hellfear;hellfear;base;Fear;;
HELLGEN;GIANTHUMANOID;GENIE;GENIE_NOBLE_EFREETI;DJINNI;hellgen;hellgen;base;Enslaved Genie;;
HELLGREE;MONSTER;DEMONIC;TANARI;TANARRI;hellgree;hellgree;base;Greed;;
HELLHO01;ANIMAL;DOG;DOG_WAR;WOLF_DIRE;None;;base;Hell Hound;WarDog;false
HELLIL01;ANIMAL;DOG;DOG_WAR;WOLF_DIRE;None;;base;Hell Hound;WarDog;false
HELLJON;HUMANOID;ELF;MAGE;JON_IRENICUS;helljon;helljon;base;Jon Irenicus;;
HELLJON2;HUMANOID;ELF;MAGE;JON_IRENICUS;helljon2;helljon2;base;Jon Irenicus;;
HELLPRID;MONSTER;DEMONIC;TANARI;TANARRI;hellprid;hellprid;base;Pride;;
HELLSARE;HUMANOID;HUMAN;SAREVOK;SAREVOK;hellsare;hellsare;base;Wraith Sarevok;;
HELLSELF;MONSTER;DEMONIC;TANARI;TANARRI;hellself;HELLSELF;d0questpack;Selfishness;;
HELLSLAY;GIANTHUMANOID;DEMONIC;FIGHTER_MAGE;SLAYER;hellslay;helljon;STRATAGEMS;Slayer;;
HELLSPY;HUMANOID;PLATE;LONG_SWORD;BIRD;hellspy;None;base;;;
HELLSPY2;HUMANOID;NO_RACE;NO_CLASS;BIRD;hellspy2;None;base;;;
HELLSPY3;HUMANOID;NO_RACE;NO_CLASS;BIRD;hellspy3;None;base;;;
HELLSPY4;HUMANOID;NO_RACE;NO_CLASS;BIRD;hellspy4;None;base;;;
HELLSPY5;HUMANOID;NO_RACE;NO_CLASS;BIRD;hellspy5;None;base;;;
HELLSPY6;HUMANOID;NO_RACE;NO_CLASS;BIRD;hellspy6;None;base;;;
HELLVICT;HUMANOID;HUMAN;INNOCENT;SLEEPING_MAN_HUMAN;hellvict;hellvict;base;Peasant;;
HELMBYR;HUMANOID;HUMAN;CLERIC;CLERIC_MALE_HUMAN;helmbyr;helmbyr;base;Acolyte Byron;;
HELMKNI1;HUMANOID;HUMAN;FIGHTER;FIGHTER_MALE_HUMAN;helmkni1;helmkni1;base;Shield Knight;;
HELMKNI2;HUMANOID;HUMAN;FIGHTER;FIGHTER_MALE_HUMAN;HELMKNI2;helmkni1;base;Shield Knight;;
HELMKNI3;HUMANOID;HUMAN;FIGHTER;FIGHTER_MALE_HUMAN;HELMKNI3;helmkni1;base;Shield Knight;;
HELMKNI4;HUMANOID;HUMAN;FIGHTER;FIGHTER_MALE_HUMAN;HELMKNI4;helmkni1;base;Shield Knight;;
HELMPR;HUMANOID;HUMAN;CLERIC;CLERIC_MALE_HUMAN_LOW;helmpr;helmpr;base;Sir Lothtyran;;
HENDAK;HUMANOID;HUMAN;FIGHTER;FIGHTER_MALE_HUMAN;Hendak;hendak;base;Hendak;;
HERVO;HUMANOID;HUMAN;INNOCENT;PEASANT_MAN;Hervo;Hervo;base;Hervo;;
HGBER01;GIANTHUMANOID;GIANT;CLERIC;GIANT_FIRE;hgber01;yagber;base;Berenn;;
HGFEL01;ANIMAL;CAT;CAT;GREATCAT_PANTHER;hgfel01;None;base;Fell Cat;Jaguar;false
HGKAR01;HUMANOID;HUMAN;INNOCENT;FAT_MAN;hgkar01;hgkar01;base;Karthis al-Hezzar;;
HGMAG01;GIANTHUMANOID;GIANT;MAGE;GIANT_FIRE;hgmag01;;base;Fire Giant Mage;;
HGMAG02;GIANTHUMANOID;GIANT;MAGE;GIANT_FIRE;hgmag02;;base;Fire Giant Mage;;
HGMIS01;UNDEAD;WRAITH;MIST;MIST_CREATURE;hgmis01;None;base;Vampiric Wraith;;
HGMIS02;UNDEAD;WRAITH;MIST;MIST_CREATURE;hgmis02;None;base;Swamp Horror;;
HGMND2;GIANTHUMANOID;ELEMENTAL;ELEMENTAL_EARTH;SHAMBLING_MOUND;Smound;;base;Shambling Mound;;
HGMOUND;GIANTHUMANOID;ELEMENTAL;ELEMENTAL_EARTH;SHAMBLING_MOUND;Smound;;base;Shambling Mound;;
HGNYA01;HUMANOID;HUMAN;DRUID;CLERIC_FEMALE_HUMAN_LOW;hgnya01;hgnya01;base;Nyalee;;
HGNYMPH;HUMANOID;FAIRY;FAIRY_NYMPH;SIRINE;None;None;base;Nymph;Nymph;true
HGSAL01;MONSTER;SALAMANDER;ELEMENTAL_FIRE;SALAMANDER_FIRE;None;None;base;Fire Salamander;;
HGSKL01;UNDEAD;SKELETON;CLERIC;SKELETON_MONSTER;hgskl01;hgskl01;base;Skeleton Cleric;Skeleton;false
HGSKL02;UNDEAD;SKELETON;THIEF;SKELETON;hgskl02;hgskl02;base;Skeleton Assassin;Skeleton;false
HGSKL03;UNDEAD;SKELETON;MAGE;SKELETON;hgskl03;None;base;Skeleton Mage;Skeleton;false
HGSKL04;UNDEAD;SKELETON;SKELETON_WARRIOR;SKELETON_WARRIOR;hgskl04;skelwa01;base;Skeleton Warrior;SkeletonWarrior;true
HGSKU01;UNDEAD;LICH;MAGE;DEMILICH;hgsku01;None;base;Flaming Skull;;
HGSLV01;HUMANOID;HUMAN;FIGHTER;FIGHTER_FEMALE_HUMAN;hgslv01;yagcon;base;Slave Woman;;
HGTRL01;GIANTHUMANOID;TROLL;TROLL;TROLL;hgtrl01;;base;Fire Troll;;
HGTRL02;GIANTHUMANOID;TROLL;TROLL;TROLL;hgtrl02;;base;Fire Troll;;
HGWAR01;GIANTHUMANOID;GIANT;FIGHTER;GIANT_FIRE;hgwar01;None;base;Fire Giant;;
HGWAR02;GIANTHUMANOID;GIANT;FIGHTER;GIANT_FIRE;hgwar02;None;base;Elite Fire Giant;;
HGWRA01;UNDEAD;WRAITH;MAGE;MAGE_MALE_HUMAN;hgwra01;hgwra01;base;Gorion;;
HGWRA02;UNDEAD;WRAITH;WRAITH;SHADOW;hgwra02;hgwra02;base;Devil Shade;;
HGWRA03;UNDEAD;WRAITH;WRAITH;SHADOW;hgwra02;hgwra02;base;Devil Shade;;
HIDDEN;HUMANOID;MIND_FLAYER;MIND_FLAYER;MONK_MALE_HUMAN;None;hidden;base;Hidden;;
HIST1;HUMANOID;HUMAN;INNOCENT;NOBLE_MAN;hist1;hist1;base;Historian;;
HLARCH;HUMANOID;ELF;FIGHTER;FIGHTER_MALE_ELF;hlarch;hlarch;base;Archer;;
HLASSA;HUMANOID;HUMAN;THIEF;THIEF_MALE_HUMAN;hlassa;hlassa;base;Assassin;;
HLCLERIC;HUMANOID;HUMAN;CLERIC;CLERIC_MALE_HUMAN;hlcleric;hlcleric;base;Cleric;;
HLDEMI;UNDEAD;DEMILICH;MAGE;DEMILICH;hldemi;hldemi;base;Kangaxx the Demilich;;
HLFIGHT;HUMANOID;HUMAN;FIGHTER;FIGHTER_MALE_HUMAN;hlfight;hlfight;base;Fighter;;
HLHIVE;MONSTER;BEHOLDER;MAGE;BEHOLDER;hlhive;hlhive;STRATAGEMS;Hive Mother;;
HLKANG;UNDEAD;LICH;MAGE;LICH;hlkang;hlkang;base;Kangaxx the Lich;;
HLKETTA;HUMANOID;HUMAN;THIEF;THIEF_FEMALE_HUMAN;hlketta;hlketta;base;Ketta;;
HLKETTA2;HUMANOID;HUMAN;THIEF;THIEF_FEMALE_HUMAN;hlketta;hlketta;base;Ketta;;
HLKOSHI;HUMANOID;HUMAN;FIGHTER;FIGHTER_MALE_HUMAN;hlkoshi;hlkoshi;base;Koshi;;
HLLAYEN;HUMANOID;HUMAN;MAGE;MAGE_FEMALE_HUMAN;hllayen;hllayen;base;Layene;;
HLLICH;UNDEAD;LICH;MAGE;LICH;hllich;hllich;base;Elemental Lich;;
HLMAFER;HUMANOID;GNOLL;FIGHTER;MINOTAUR;hlmafer;hlmafer;base;Maferan;;
HLMAGE;HUMANOID;HUMAN;MAGE;MAGE_MALE_HUMAN;hlmage;hlmage;base;Mage;;
HLOLAF;HUMANOID;ORC;FIGHTER;OROG_ELITE;hlolaf;hlolaf;base;Olaf Rassmusen;;
HLORB;MONSTER;BEHOLDER;BEHOLDER;BEHOLDER;None;;base;Elder Orb;;
HLREVAN;HUMANOID;HUMAN;FIGHTER;FIGHTER_MALE_HUMAN;hlrevan;hlrevan;base;Revanek;;
HLSHADE;UNDEAD;LICH;MAGE;LICH;hlshade;hlshade;base;Shade Lich;;
HLSHANG;UNDEAD;LICH;MAGE;LICH;hlshang;hlshang;base;Shangalar;;
HLSHYR;UNDEAD;VAMPIRE;FIGHTER_THIEF;VAMPIRE_FEMALE;hlshyr;hlshyr;STRATAGEMS;Shyressa;;
HLSION;HUMANOID;HUMAN;MAGE;MAGE_MALE_HUMAN;hlsion;hlsion;base;Sion;;
HLSKULL;UNDEAD;LICH;FIGHTER;MAGE_MALE_HUMAN;hlskull;hlskull;base;Golden Skull;;
HLSTAL;HUMANOID;HUMAN;CLERIC;CLERIC_MALE_HUMAN;hlstal;hlstal;base;Stalman;;
HLVAXAL;MONSTER;BEHOLDER;BEHOLDER;BEHOLDER;hlvaxal;hlvaxal;base;Vaxall;;
HMELVIN;HUMANOID;HUMAN;FIGHTER;FIGHTER_MALE_HUMAN;hmelvin;hmelvin;base;Squire Melvin;;
HOBARC01;HUMANOID;HOBGOBLIN;HOBGOBLIN;HOBGOBLIN;hobarc01;;STRATAGEMS;Hobgoblin Archer;;
HOBARC02;HUMANOID;HOBGOBLIN;RANGER;HOBGOBLIN;hobarc02;;base;Hobgoblin Archer;;
HOBCAP01;HUMANOID;HOBGOBLIN;HOBGOBLIN;HOBGOBLIN;HobgoblinLeader;;STRATAGEMS;Hobgoblin Captain;;
HOBELI01;HUMANOID;HOBGOBLIN;HOBGOBLIN;HOBGOBLIN;None;None;base;Hobgoblin Elite;;
HOBGOB01;HUMANOID;HOBGOBLIN;HOBGOBLIN;HOBGOBLIN;None;;base;Gerg;;
HOBGOBSU;HUMANOID;HOBGOBLIN;HOBGOBLIN;HOBGOBLIN;None;None;base;Hobgoblin Elite;;
HOBSHA01;HUMANOID;HOBGOBLIN;CLERIC;HOBGOBLIN;hobsha01;;base;Hobgoblin Shaman;;
HOBWAR01;HUMANOID;HOBGOBLIN;FIGHTER;HOBGOBLIN;hobwar01;;base;Hobgoblin Warrior;;
HOBWIZ01;HUMANOID;HOBGOBLIN;MAGE;HOBGOBLIN;hobwiz01;;base;Hobgoblin Wizard;;
HOMELESS;HUMANOID;HUMAN;INNOCENT;PEASANT_WOMAN;None;homeless;base;Homeless Woman;;
HORSE;ANIMAL;NO_RACE;NO_CLASS;HORSE;None;None;base;Horse;;
HPRELATE;HUMANOID;HUMAN;PALADIN;FIGHTER_MALE_HUMAN_LOW;hprelate;hprelate;base;Prelate Wessalen;;
HSPECTR1;UNDEAD;ELF;NO_CLASS;CLERIC_FEMALE_ELF;spech1;spech1;base;Spectral Harpist;;
HSPECTR2;UNDEAD;HUMAN;NO_CLASS;FIGHTER_MALE_HUMAN;spech2;spech2;base;Spectral Harpist;;
HSPECTR3;UNDEAD;ELF;NO_CLASS;MAGE_MALE_ELF;spech3;spech3;base;Spectral Harpist;;
HURGISF;HUMANOID;HUMAN;PALADIN;FIGHTER_MALE_HUMAN;hurgisf;hurgisf;base;Hurgis Baltezan;;
HURGISR;HUMANOID;HUMAN;PALADIN;FIGHTER_MALE_HUMAN;hurgisr;hurgisr;base;Hurgis Baltezan;;
ICBONE01;GIANTHUMANOID;GOLEM;GOLEM_STONE;SKELETON_FIEND;icbone01;;base;Bone Golem;StoneGolem;false
ICFUNG02;MONSTER;NO_RACE;NO_CLASS;SHRIEKER;icfung02;;base;Spore Colony;;
ICFUNGUS;MONSTER;NO_RACE;NO_CLASS;SHRIEKER;icfungus;;base;Spore Colony;;
ICGOB01;HUMANOID;KOBOLD;HOBGOBLIN;GOBLIN_BOW;None;;STRATAGEMS;Goblin;;
ICGOB02;HUMANOID;KOBOLD;HOBGOBLIN;GOBLIN_ELITE_BOW;None;;STRATAGEMS;Goblin;;
ICGOB03;HUMANOID;KOBOLD;HOBGOBLIN;GOBLIN_AXE;None;;base;Goblin;;
ICGOB04;HUMANOID;KOBOLD;HOBGOBLIN;GOBLIN_ELITE_AXE;None;;base;Goblin Captain;;
ICLIZ01;HUMANOID;YUANTI;FIGHTER;LIZARD_MAN_ELITE;None;;base;Lizard Man;;
ICLIZ02;HUMANOID;YUANTI;FIGHTER;LIZARD_KING;None;;base;Gorkale;;
ICMARILI;MONSTER;DEMONIC;TANARI;FIRE_RING;icmarili;icmarili;base;Marilith;;
ICMIN01;GIANTHUMANOID;OGRE;OGRE;MINOTAUR;Ogre;;base;Minotaur;Ogre;false
ICMYC01;MONSTER;MYCONID;NO_CLASS;MYCONID_RED;icmyc01;;base;Myconid;;
ICMYC02;MONSTER;MYCONID;NO_CLASS;MYCONID_BLUE;ICMYC02;;base;Myconid King;;
ICSALCOL;MONSTER;SALAMANDER;ELEMENTAL_WATER;SALAMANDER_FROST;None;None;base;Ice Salamander;;
ICSALFIR;MONSTER;SALAMANDER;ELEMENTAL_FIRE;SALAMANDER_FIRE;None;None;base;Salamander;;
ICYUAN01;MONSTER;YUANTI;FIGHTER;YUAN-TI;YUANTI;;ctb;Yuan-ti ;;
ICYUAN02;MONSTER;YUANTI;FIGHTER;YUAN-TI_ELITE;YUANTI;;ctb;Greater Yuan-ti;;
ICYUAN03;MONSTER;YUANTI;MAGE;YUAN-TI_PRIEST;YUANTI;None;ctb;Yuan-ti Mage;;
ICYUAN04;MONSTER;YUANTI;FIGHTER;YUAN-TI_ELITE;YUANTI;;ctb;Yuan-ti Elite;;
ICYUAN05;MONSTER;YUANTI;MAGE;YUAN-TI_PRIEST;YUANTI;None;ctb;Yuan-ti Prince;;
IDEMON01;GIANTHUMANOID;DEMONIC;TANARI;DEATH_KNIGHT;None;;base;Cambion;;
IDEMON02;GIANTHUMANOID;DEMONIC;TANARI;DEATH_KNIGHT;None;;base;Cambion;;
IDIOT01;HUMANOID;HALF_ELF;FIGHTER_DRUID;FIGHTER_FEMALE_ELF;idiot01;idiotp;base;Jaheira;;
IDJINNI;GIANTHUMANOID;GENIE;GENIE_DAO;DJINNI;Malaaq;idjinni;base;Genie;;
IDRYAD01;HUMANOID;FAIRY;FAIRY_DRYAD;SIRINE;Ulene;idryad1;base;Ulene;Dryad;true
IDRYAD02;HUMANOID;FAIRY;FAIRY_DRYAD;SIRINE;Cania;idryad2;base;Cania;Dryad;true
IDRYAD03;HUMANOID;FAIRY;FAIRY_DRYAD;SIRINE;Elyme;idryad3;base;Elyme;Dryad;true
IGIBBER;HUMANOID;GIBBERLING;GIBBERLING;GIBBERLING;AataqahGibber;;base;Gibberling;;
IGOLEM01;GIANTHUMANOID;GOLEM;GOLEM_CLAY;GOLEM_CLAY;None;igolem1;base;Sewage Golem;ClayGolem;false
IGOLEM02;GIANTHUMANOID;GOLEM;GOLEM_CLAY;GOLEM_CLAY;None;igolem2;base;Jailkeep Golem;ClayGolem;false
IGOLFLE1;GIANTHUMANOID;GOLEM;GOLEM_CLAY;GOLEM_MINI;None;igolfle1;A7-GOLEMCONSTRUCTION;Lesser Clay Golem;ClayGolem;false
IGOLFLE2;GIANTHUMANOID;GOLEM;GOLEM_CLAY;GOLEM_MINI;igolfle2;igolfle2;A7-GOLEMCONSTRUCTION;Lesser Clay Golem;ClayGolem;false
IGOLFLE3;GIANTHUMANOID;GOLEM;GOLEM_CLAY;GOLEM_MINI;None;igolfle3;A7-GOLEMCONSTRUCTION;Lesser Clay Golem;ClayGolem;false
IGOLFLE4;GIANTHUMANOID;GOLEM;GOLEM_CLAY;GOLEM_MINI;None;igolfle4;A7-GOLEMCONSTRUCTION;Lesser Clay Golem;ClayGolem;false
ILBEGG01;HUMANOID;HUMAN;INNOCENT;BEGGAR_MAN;None;ilbegg01;base;Beggar;;
ILLASERA;HUMANOID;ELF;RANGER;FIGHTER_FEMALE_HUMAN_LOW;illasera;illasera;ctb;Illasera;;
ILLCAMB;GIANTHUMANOID;DEMONIC;THIEF;DEATH_KNIGHT;None;;base;Cambion;;
ILLCAMB2;GIANTHUMANOID;DEMONIC;THIEF;DEATH_KNIGHT;None;;base;Cambion;;
ILLUWERE;MONSTER;LYCANTHROPE;WEREWOLF;WEREWOLF;None;None;STRATAGEMS;Werewolf;;
ILMAN01;HUMANOID;HUMAN;INNOCENT;PEASANT_MAN;None;ilman01;base;Commoner;;
IMNBOOK1;HUMANOID;HUMAN;INNOCENT;NOBLE_MAN;imnbook1;imnbook1;base;Book Merchant;;
IMOEN;HUMANOID;HUMAN;MAGE;THIEF_FEMALE_HUMAN;None;Imoen;base;Imoen;;
IMOEN10;HUMANOID;HUMAN;MAGE_THIEF;MAGE_FEMALE_HUMAN;Imoen;Imoen10;CDTWEAKS;Imoen;;
IMOEN15;HUMANOID;HUMAN;MAGE_THIEF;MAGE_FEMALE_HUMAN;Imoen2;imoen25a;CDTWEAKS;Imoen;;
IMOEN211;HUMANOID;HUMAN;MAGE_THIEF;MAGE_FEMALE_HUMAN;Imoen2;imoen2;CDTWEAKS;Imoen;;
IMOEN213;HUMANOID;HUMAN;MAGE_THIEF;MAGE_FEMALE_HUMAN;Imoen2;imoen2;CDTWEAKS;Imoen;;
IMOEN6;HUMANOID;HUMAN;MAGE_THIEF;MAGE_FEMALE_HUMAN;Imoen;Imoen10;CDTWEAKS;Imoen;;
IMOENDRM;HUMANOID;HUMAN;THIEF;MAGE_FEMALE_HUMAN;Imoen;Imoen2;CDTWEAKS;Imoen;;
IMP01;HUMANOID;IMP;IMP;IMP;None;None;base;Imp;;
IMPQUA01;HUMANOID;IMP;IMP;IMP;None;None;base;Quasit;;
INNKE2;HUMANOID;HUMAN;INNOCENT;FAT_MAN;None;innke2;base;Winthrop;;
INSPECT;HUMANOID;HUMAN;FLAMING_FIST;FIGHTER_MALE_HUMAN;inspect;inspect;base;Lieutenant Aegisfield;;
INVISABO;HUMANOID;NO_RACE;NO_CLASS;BIRD;invisabo;None;base;;;
IOGREMAG;GIANTHUMANOID;OGRE;OGRE_MAGE;OGRE_MAGE;AataqahOgre;;base;Ogre Mage;OgreMage;false
IOTYUGH;MONSTER;OTYUGH;OTYUGH;OTYUGH;None;;base;Otyugh;;
IRETHF03;HUMANOID;HUMAN;THIEF;THIEF_MALE_HUMAN;irethf03;irethf03;base;Assassin;;
IRETHF04;HUMANOID;HUMAN;THIEF;THIEF_MALE_HUMAN;ishthf03;None;base;Assassin;;
IRETHF05;HUMANOID;HUMAN;MAGE;MAGE_FEMALE_HUMAN;ishthf02;None;base;Assassin ;;
IRLANA;HUMANOID;HUMAN;PALADIN;FIGHTER_FEMALE_HUMAN;irlana;tirlana;base;Lady Irlana;;
ISAEA;HUMANOID;HUMAN;FIGHTER;FIGHTER_MALE_HUMAN;isaea;isaea;base;Isaea Roenall;;
ISAMNG1;HUMANOID;HUMAN;INNOCENT;AMNIAN_SOLDIER;isamng1;None;base;Amnian Soldier;;
ISAMNG2;HUMANOID;HUMAN;INNOCENT;AMNIAN_SOLDIER;isamng2;None;base;Amnian Soldier;;
ISAMNG3;HUMANOID;HUMAN;INNOCENT;AMNIAN_SOLDIER;isamng3;None;base;Amnian Soldier;;
ISAMNG4;HUMANOID;HUMAN;INNOCENT;AMNIAN_SOLDIER;isamng4;None;base;Amnian Soldier;;
ISHADDUD;HUMANOID;HUMAN;MAGE_THIEF;SHADOW_THIEF;ishaddud;None;base;Assassin;;
ISHADFT1;HUMANOID;HUMAN;FIGHTER_THIEF;THIEF_MALE_HUMAN;None;ishadft1;base;Assassin;;
ISHADMT1;HUMANOID;HUMAN;MAGE_THIEF;THIEF_MALE_HUMAN;None;ishadmt1;base;Assassin;;
ISHADTH1;HUMANOID;HUMAN;THIEF;THIEF_MALE_HUMAN;None;ishadth1;base;Assassin;;
ISHCLO01;HUMANOID;HUMAN;THIEF;THIEF_MALE_HUMAN;ishclo01;ishclo01;base;Assassin;;
ISHTHF01;HUMANOID;HUMAN;THIEF;THIEF_MALE_HUMAN;ishthf01;ishthf01;base;Assassin;;
ISHTHF02;HUMANOID;HUMAN;MAGE;MAGE_FEMALE_HUMAN;ishthf02;None;base;Assassin ;;
ISHTHF03;HUMANOID;HUMAN;THIEF;THIEF_MALE_HUMAN;ishthf03;ishthf03;base;Assassin;;
IVAMP01;UNDEAD;VAMPIRE;FIGHTER_THIEF;VAMPIRE;None;None;STRATAGEMS;Vampire;;
JADE1;HUMANOID;ELF;MAGE;MAGE_FEMALE_ELF;jade1;jade1;base;Lennah;;
JADE2;HUMANOID;DWARF;FIGHTER;FIGHTER_MALE_DWARF;jade2;jade2;base;Thenry;;
JADE3;HUMANOID;ELF;MAGE;MAGE_MALE_ELF;jade3;jade3;base;Jeremon;;
JADE4;HUMANOID;HUMAN;FIGHTER_CLERIC;CLERIC_MALE_HUMAN_LOW;jade4;jade4;base;Chrost;;
JADERMIN;HUMANOID;HUMAN;BARD;THIEF_MALE_HUMAN;Dermin;jadermin;base;Dermin Courtierdale;;
JAEL01;HUMANOID;ELF;CLERIC;CLERIC_FEMALE_ELF;jael01;jael01;base;Hindra Jae'llat;;
JAEL02;HUMANOID;ELF;CLERIC;CLERIC_FEMALE_ELF;Jael02;Jael02;base;Rilloa Jae'llat;;
JAEL03;HUMANOID;ELF;FIGHTER;FIGHTER_MALE_ELF;Jael03;Jael03;base;Ist'tar Jae'llat;;
JAEL04;HUMANOID;ELF;FIGHTER;FIGHTER_FEMALE_ELF;Jael04;Jael04;base;Jae'llat Guard;;
JAELLA;HUMANOID;GNOME;INNOCENT;GIRL;Jaella;jaella;base;Jaella;;
JAELLA2;HUMANOID;GNOME;INNOCENT;GIRL;Jaella;jaella2;base;Jaella;;
JAERTO1;HUMANOID;HUMAN;FIGHTER;FIGHTER_MALE_HUMAN;Jarden;jaerto1;base;Jarden;;
JAERTO2;HUMANOID;HUMAN;FIGHTER;FIGHTER_MALE_HUMAN;Turg;jaerto2;base;Turg;;
JAERTO3;HUMANOID;HUMAN;THIEF;THIEF_MALE_HUMAN;Tamile;jaearto3;base;Tamile;;
JAERTO4;HUMANOID;HUMAN;CLERIC;CLERIC_MALE_HUMAN;Wurn;jaerto4;base;Wurn;;
JAERTOF;HUMANOID;HUMAN;FIGHTER;FIGHTER_MALE_HUMAN;Ertof;jaertof;base;Ertof Dand;;
JAGA1;HUMANOID;HALF_ELF;MAGE;MAGE_MALE_ELF;jaga1;jaga1;base;Bessen;;
JAGA2;HUMANOID;HUMAN;FIGHTER;MONK_FEMALE_HUMAN;jaga2;jaga2;base;Kail;;
JAGA3;HUMANOID;HUMAN;MAGE;MAGE_MALE_HUMAN;jaga3;jaga3;base;Nadinal;;
JAGA4;HUMANOID;HALFLING;THIEF;THIEF_MALE_HALFLING;jaga4;jaga4;base;Iko;;
JAGALVAR;HUMANOID;HUMAN;FIGHTER;FIGHTER_MALE_HUMAN;Galvarey;jagalvar;base;Galvarey;;
JAGUARSU;ANIMAL;CAT;NO_CLASS;GREATCAT_PANTHER;None;;base;Jaguar;Jaguar;false
JAHABOAM;HUMANOID;ELF;MAGE;MAGE_MALE_ELF;jahaboam;jahaboam;base;Jahaboam;;
JAHEI1;HUMANOID;ELF;MAGE;THIEF_FEMALE_ELF;jahei1;None;base;Harper;;
JAHEI12B;HUMANOID;HALF_ELF;FIGHTER_CLERIC;FIGHTER_FEMALE_ELF;jaheira;Jaheira;FAITHS_AND_POWERS;Jaheira;;
JAHEI14;HUMANOID;HALF_ELF;FIGHTER_CLERIC;FIGHTER_FEMALE_ELF;jaheira;Jahei25a;FAITHS_AND_POWERS;Jaheira;;
JAHEI2;HUMANOID;DWARF;FIGHTER;FIGHTER_MALE_DWARF;jahei2;None;base;Harper;;
JAHEI3;HUMANOID;ELF;MAGE;MAGE_MALE_ELF;jahei3;None;base;Harper;;
JAHEI4;HUMANOID;HUMAN;FIGHTER_CLERIC;CLERIC_MALE_HUMAN_LOW;jahei4;None;base;Harper;;
JAHEIR11;HUMANOID;HALF_ELF;FIGHTER_CLERIC;FIGHTER_FEMALE_ELF;jaheira;Jaheira;FAITHS_AND_POWERS;Jaheira;;
JAHEIR12;HUMANOID;HALF_ELF;FIGHTER_CLERIC;FIGHTER_FEMALE_ELF;jaheira;Jaheira;FAITHS_AND_POWERS;Jaheira;;
JAHEIR7;HUMANOID;HALF_ELF;FIGHTER_CLERIC;FIGHTER_FEMALE_ELF;jaheira;Jaheira;FAITHS_AND_POWERS;Jaheira;;
JAHEIR8;HUMANOID;HALF_ELF;FIGHTER_CLERIC;FIGHTER_FEMALE_ELF;jaheira;Jaheira;FAITHS_AND_POWERS;Jaheira;;
JAHEIRD;HUMANOID;HALF_ELF;FIGHTER_DRUID;FIGHTER_FEMALE_ELF;Jaheird;jaheird;base;Jaheira;;
JAMAGE1;HUMANOID;HUMAN;MAGE;MAGE_MALE_HUMAN;Jamage1;jamage1;base;Gracien;;
JAMAGE2;HUMANOID;HUMAN;MAGE;MAGE_MALE_HUMAN;Jamage2;jamage2;base;Malacazar;;
JAMERONI;HUMANOID;ELF;BARD;THIEF_FEMALE_ELF;Meronia;jameroni;base;Meronia;;
JAN10;HUMANOID;GNOME;MAGE_THIEF;MAGE_MALE_GNOME;Jan;jan;base;Jan;;
JAN11;HUMANOID;GNOME;MAGE_THIEF;MAGE_MALE_GNOME;Jan;jan;base;Jan;;
JAN12;HUMANOID;GNOME;MAGE_THIEF;MAGE_MALE_GNOME;Jan;jan;base;Jan;;
JAN15;HUMANOID;GNOME;MAGE_THIEF;MAGE_MALE_GNOME;Jan;jan25a;base;Jan;;
JAN8;HUMANOID;GNOME;MAGE_THIEF;MAGE_MALE_GNOME;Jan;jan;base;Jan;;
JANGIT01;HUMANOID;GITHYANKI;FIGHTER_MAGE;GITHYANKI;Jangith1;jangit01;base;Githyanki;;
JANGIT02;HUMANOID;GITHYANKI;FIGHTER;GITHYANKI;Jangith2;jangit02;base;Githyanki;;
JANOS;HUMANOID;ELF;BARD;THIEF_MALE_ELF;Janos;janos;base;Janos;;
JAREV1;HUMANOID;ELF;MAGE;THIEF_FEMALE_ELF;jarev1;None;base;Harper;;
JAREV2;HUMANOID;DWARF;FIGHTER;FIGHTER_MALE_DWARF;jarev2;None;base;Harper;;
JAREV3;HUMANOID;ELF;MAGE;MAGE_MALE_ELF;jarev3;None;base;Harper;;
JAREV4;HUMANOID;HUMAN;FIGHTER_CLERIC;CLERIC_MALE_HUMAN_LOW;jarev4;None;base;Harper;;
JAREVIA;HUMANOID;ELF;FIGHTER;FIGHTER_FEMALE_ELF;jarevia;jarevia;base;Reviane;;
JARLAXLE;HUMANOID;ELF;FIGHTER;FIGHTER_MALE_ELF;jarlaxle;jarlaxle;base;Jarlaxle;;
JARLICH;UNDEAD;LICH;MAGE;LICH;Jarlich;Jarlich;base;Deirex;;
JATERMIN;HUMANOID;HUMAN;CLERIC_MAGE;MAGE_MALE_HUMAN;Terminsel;jatermin;base;Terminsel;;
JAYES;HUMANOID;HALFLING;THIEF;THIEF_MALE_HALFLING;None;jayes;base;Jayes;;
JAYLOS;HUMANOID;DWARF;THIEF;THIEF_MALE_DWARF;Jaylos;jaylos;base;Jaylos;;
JCLONE01;HUMANOID;HUMAN;FIGHTER;FIGHTER_MALE_HUMAN;jclone01;None;base;Calahan;;
JELGRA01;MONSTER;SLIME;GREY_OOZE;GRAY_OOZE;None;;base;Gray Ooze;GrayOoze;false
JELGRE01;MONSTER;SLIME;GREEN_SLIME;SLIME_OLIVE;None;;base;Green Slime;GreenSlime;false
JELLGR;MONSTER;SLIME;MAGE;GRAY_OOZE;None;;base;Gray Ooze;GrayOoze;true
JELLMU;MONSTER;SLIME;MUSTARD_JELLY;SLIME_MUSTARD;None;;base;Mustard Jelly;MustardJelly;true
JELLMUSU;MONSTER;SLIME;MUSTARD_JELLY;SLIME_MUSTARD;None;;base;Mustard Jelly;MustardJelly;true
JELLOC;MONSTER;SLIME;OCRE_JELLY;SLIME_OCHRE;None;;base;Ochre Jelly;OchreJelly;true
JELLYGR;MONSTER;SLIME;MAGE;SLIME_OLIVE;None;;base;Green Slime;GreenSlime;true
JELMUS01;MONSTER;SLIME;MUSTARD_JELLY;SLIME_MUSTARD;None;;base;Mustard Jelly;MustardJelly;false
JELOCH01;MONSTER;SLIME;OCRE_JELLY;SLIME_OCHRE;None;;base;Ochre Jelly;OchreJelly;false
JOLUS;HUMANOID;HUMAN;PALADIN;CLERIC_MALE_HUMAN_LOW;NobleOrder;knight;base;Sir Jolus;;
JON1;HUMANOID;ELF;MAGE;JON_IRENICUS;None;jon1;base;Jon Irenicus;;
JONDAL;HUMANOID;HUMAN;MAGE;FIGHTER_MALE_HUMAN;jondal;jondal;base;Jondalar;;
JONDAL3;MONSTER;DOPPLEGANGER;DOPPLEGANGER;FIGHTER_MALE_HUMAN;None;jondal3;STRATAGEMS;Jondalar;;
JONDALW;MONSTER;LYCANTHROPE;WEREWOLF;WEREWOLF;None;None;STRATAGEMS;Jondal;;
JONDEM01;MONSTER;DEMONIC;TANARI;GLABREZU;jondem01;None;base;Glabrezu;;
JONDEM02;MONSTER;DEMONIC;TANARI;TANARRI;jondem02;None;base;Balor;;
JONDEM03;MONSTER;DEMONIC;TANARI;GLABREZU;jondem03;None;base;Glabrezu;;
JONDEM04;MONSTER;DEMONIC;TANARI;TANARRI;jondem04;None;base;Balor;;
JONDEM05;MONSTER;DEMONIC;TANARI;GLABREZU;jondem05;None;base;Glabrezu;;
JUGCOL01;HUMANOID;HUMAN;INNOCENT;NOBLE_WOMAN;Colette;jugcol01;base;Colette;;
JUGDAR01;HUMANOID;HUMAN;FIGHTER;CLERIC_MALE_HUMAN;Daar;jugdar01;base;Daar;;
JUGJER01;HUMANOID;HUMAN;MAGE;MAGE_MALE_HUMAN;Jermien;jugjer01;base;Jermien;;
JUGJUG01;GIANTHUMANOID;GOLEM;GOLEM_STONE;GOLEM_CLAY;Juggernaut;jugjug01;base;Stone Golem;StoneGolem;false
JUGJUG02;GIANTHUMANOID;GOLEM;GOLEM_STONE;GOLEM_CLAY;Juggernaut;;base;Stone Golem;StoneGolem;false
JUGMIM01;MONSTER;MIMIC;MIMIC;DOOM_GUARD;jugmim01;None;base;Killer Mimic;;
KALAH;HUMANOID;GNOME;MAGE;OGRE_MAGE;KalahIllusion;kalah;base;Kalah;;
KALAH2;HUMANOID;GNOME;MAGE;SLEEPING_DWARF;Kalah;kalah2;base;Kalah;;
KALWRK01;HUMANOID;HALFLING;FIGHTER;FIGHTER_MALE_HALFLING;kalwrk01;kalwrk01;base;Circus Performer;;
KAMIR;HUMANOID;HUMAN;PALADIN;FIGHTER_MALE_HUMAN;Kamir;kamir;base;Kamir;;
KAOL;HUMANOID;HUMAN;MAGE;MAGE_MALE_HUMAN;kaol;None;base;Kaol;;
KAYL1;HUMANOID;HUMAN;PALADIN;FIGHTER_MALE_HUMAN;kayl1;kayl1;base;Sir Ryan Trawl;;
KAYL2;HUMANOID;HUMAN;PALADIN;FIGHTER_MALE_HUMAN;kayl2;kayl2;base;Sir Ryan Trawl;;
KAYPAL01;HUMANOID;HUMAN;FIGHTER;FIGHTER_MALE_HUMAN;kaypala;kaypal01;base;Anarg;;
KAYPAL02;HUMANOID;HUMAN;FIGHTER;FIGHTER_MALE_HUMAN;kaypall;kaypal02;base;Reynald de Chatillon;;
KAYPAL03;HUMANOID;HUMAN;FIGHTER;FIGHTER_MALE_HUMAN;kaypal;kaypal03;base;Fallen Paladin;;
KAYSMG01;HUMANOID;HALF_ELF;THIEF;THIEF_MALE_ELF;kaysmgl;kaysmg01;base;Rindus;;
KAYSMG02;HUMANOID;HUMAN;THIEF;FIGHTER_MALE_HUMAN;kaysmg;None;base;Smuggler;;
KAYSMG03;HUMANOID;HUMAN;THIEF;THIEF_MALE_HUMAN;kaysmg;None;base;Smuggler;;
KAYSMG04;HUMANOID;HUMAN;CLERIC;CLERIC_FEMALE_HUMAN;kaysmg;None;base;Smuggler;;
KCHILD1;HUMANOID;ORC;OGRE;PEASANT_MAN;None;kchild1;base;Peasant;;
KCHILD2;HUMANOID;ORC;OGRE;PEASANT_WOMAN;None;kchild2;base;Peasant;;
KDEMON01;GIANTHUMANOID;DEMONIC;TANARI;DEATH_KNIGHT;None;;base;Cambion;;
KEARTH;MONSTER;ELEMENTAL;ELEMENTAL_EARTH;ELEMENTAL_EARTH_SMALL;None;;base;Earth Elemental;;
KEEPER;HUMANOID;HUMAN;INNOCENT;FIGHTER_MALE_HUMAN;keeper;keeper;base;Keeper of the Portal;;
KELDOR10;HUMANOID;HUMAN;PALADIN;FIGHTER_MALE_HUMAN;Keldorn;keldor;base;Keldorn;;
KELDOR12;HUMANOID;HUMAN;PALADIN;FIGHTER_MALE_HUMAN;Keldorn;keldor;base;Keldorn;;
KELDOR14;HUMANOID;HUMAN;PALADIN;FIGHTER_MALE_HUMAN;Keldorn;keldo25a;base;Keldorn;;
KELDOR8;HUMANOID;HUMAN;PALADIN;FIGHTER_MALE_HUMAN;Keldorn;keldor;base;Keldorn;;
KELDOR9;HUMANOID;HUMAN;PALADIN;FIGHTER_MALE_HUMAN;Keldorn;keldor;base;Keldorn;;
KELZOMB;UNDEAD;ZOMBIE;ZOMBIE_NORMAL;ZOMBIE;kelzomb;None;base;Zombie;;
KENDAK;HUMANOID;HUMAN;CLERIC;FIGHTER_MALE_HUMAN;NobleOrder;knight;base;Sir Laren;;
KFTOWN01;HUMANOID;HUMAN;INNOCENT;SPIDER_HUGE;Kftown01;kftown01;base;Spider;;
KFTOWN02;HUMANOID;HUMAN;INNOCENT;PEASANT_WOMAN;None;kftown02;base;Hannah;;
KGENIE1;GIANTHUMANOID;GENIE;GENIE_DAO;DJINNI_LEGS;None;kgenie1;base;Genie;;
KGENIE2;GIANTHUMANOID;GENIE;GENIE_DAO;DJINNI_LEGS;None;kgenie2;base;Genie;;
KHALIDD;HUMANOID;HALF_ELF;FIGHTER;FIGHTER_MALE_ELF;Khalidd;;base;Khalid;;
KHELLOR;HUMANOID;HUMAN;FIGHTER;FIGHTER_MALE_HUMAN;khellor;khellor;base;Khellor Ahmson;;
KILLMONK;HUMANOID;HUMAN;MONK;MONK_MALE_HUMAN;killmonk;None;base;Monk;;
KINDAI;HUMANOID;ELF;MAGE;MAGE_MALE_ELF;kindai;kindai;base;Kindail;;
KIVAN;HUMANOID;ELF;RANGER;FIGHTER_MALE_ELF;KIVAN;kivan;base;Kivan;;
KIVAN4;HUMANOID;ELF;RANGER;FIGHTER_MALE_ELF;KIVAN;kivan;base;Kivan;;
KIVAN6;HUMANOID;ELF;RANGER;FIGHTER_MALE_ELF;KIVAN;kivan;base;Kivan;;
KOBALD01;HUMANOID;KOBOLD;KOBOLD;KOBOLD;None;;base;Kobold;;
KOBAMP01;HUMANOID;KOBOLD;KOBOLD;KOBOLD;None;;base;Kobold Amplifier;;
KOBARC01;HUMANOID;KOBOLD;KOBOLD;KOBOLD;None;;STRATAGEMS;Kobold;;
KOBCAP01;HUMANOID;KOBOLD;KOBOLD;KOBOLD;None;;STRATAGEMS;Kobold Captain;;
KOBCOM01;HUMANOID;KOBOLD;KOBOLD;KOBOLD;None;;base;Kobold Commando;;
KOBKAM01;HUMANOID;KOBOLD;KOBOLD;KOBOLD;None;None;base;Kamikaze Kobold;;
KOBMEM01;HUMANOID;KOBOLD;KOBOLD;KOBOLD;None;;base;Kobold Recorder;;
KOBOLDSU;HUMANOID;KOBOLD;KOBOLD;KOBOLD;None;;base;Kobold Commando;;
KOBSCR01;HUMANOID;KOBOLD;MAGE;KOBOLD;None;;STRATAGEMS;Kobold Scribe;;
KOBSHA01;HUMANOID;KOBOLD;KOBOLD;KOBOLD;None;;STRATAGEMS;Kobold Shaman;;
KOBSLA01;HUMANOID;KOBOLD;KOBOLD;KOBOLD;None;;base;Kobold Slave;;
KOBSOU01;HUMANOID;KOBOLD;KOBOLD;KOBOLD;None;;base;Kobold Amplifier;;
KOBSWI01;HUMANOID;KOBOLD;KOBOLD;KOBOLD;None;;base;Kobold Swift;;
KOBTAR01;HUMANOID;KOBOLD;KOBOLD;BIRD;None;;base;Kobold Amplifier;;
KOBWAR01;HUMANOID;KOBOLD;KOBOLD;KOBOLD;None;;base;Kobold;;
KOBWIT01;HUMANOID;KOBOLD;MAGE;KOBOLD;None;;STRATAGEMS;Kobold Witch Doctor;;
KORCRAZY;HUMANOID;HUMAN;MAGE;CLERIC_MALE_HUMAN;korcrazy;korcrazy;base;Crazyface;;
KORGAN11;HUMANOID;DWARF;FIGHTER;FIGHTER_MALE_DWARF;Korgan;KORGANA;base;Korgan;;
KORGAN12;HUMANOID;DWARF;FIGHTER;FIGHTER_MALE_DWARF;Korgan;KORGANA;base;Korgan;;
KORGAN15;HUMANOID;DWARF;FIGHTER;FIGHTER_MALE_DWARF;Korgan;KORGA25a;base;Korgan;;
KORGAN8;HUMANOID;DWARF;FIGHTER;FIGHTER_MALE_DWARF;Korgan;KORGANA;base;Korgan;;
KORGAN9;HUMANOID;DWARF;FIGHTER;FIGHTER_MALE_DWARF;Korgan;KORGANA;base;Korgan;;
KORGOO01;HUMANOID;HUMAN;FIGHTER;FIGHTER_MALE_HUMAN;korgoo01;KORCRAZY;base;Goon;;
KORGOO02;HUMANOID;HUMAN;FIGHTER;FIGHTER_MALE_HUMAN;korgoo02;KORCRAZY;base;Goon;;
KORPIM;HUMANOID;HUMAN;INNOCENT;NOBLE_MAN;PIMLICO;korpim;base;Pimlico;;
KORPIMG1;HUMANOID;HUMAN;FIGHTER;CLERIC_MALE_HUMAN;korpimg1;korpimg1;base;Pimlico Guard;;
KORSCROO;HUMANOID;HUMAN;FIGHTER_THIEF;FIGHTER_MALE_HUMAN;korscroo;KORCRAZY;base;Scrooloose;;
KORSHAG;HUMANOID;HUMAN;FIGHTER;FIGHTER_MALE_HUMAN;korshag;korshag;base;Shagbag;;
KPBUTL01;HUMANOID;HUMAN;INNOCENT;PEASANT_MAN;kpbutl01;kpbutl01;base;Metigo the Butler;;
KPCAPT01;HUMANOID;HUMAN;FIGHTER;FIGHTER_MALE_HUMAN;kpcapt01;kpcapt01;base;Captain Arat;;
KPCAPT02;HUMANOID;HUMAN;FIGHTER;FIGHTER_MALE_HUMAN;kpcapt02;kpcapt02;base;Captain Cernick;;
KPCAPT03;HUMANOID;HUMAN;FIGHTER;FIGHTER_MALE_HUMAN;kpcapt03;kpcapt03;base;Captain Cernick;;
KPCHAP01;HUMANOID;HUMAN;CLERIC;CLERIC_MALE_HUMAN;kpchap01;kpchap01;base;Bolumir;;
KPCOOK01;HUMANOID;HUMAN;INNOCENT;FAT_WOMAN;kpcook01;kpcook01;base;Olma the Cook;;
KPDEAD01;HUMANOID;HUMAN;FIGHTER;FIGHTER_MALE_HUMAN;kpdead01;kpdead01;base;Servant;;
KPDOG01;ANIMAL;DOG;DOG_WILD;DOG_WILD;kpdog01;;base;Sparky;WildDog;false
KPDOG02;ANIMAL;DOG;DOG_WILD;DOG_WILD;kpdog02;;base;Rex;WildDog;false
KPDOG03;ANIMAL;DOG;DOG_WILD;DOG_WILD;kpdog03;;base;Rover;WildDog;false
KPDOG04;ANIMAL;DOG;DOG_WILD;DOG_WILD;kpdog04;;base;Spot;WildDog;false
KPDOMO01;HUMANOID;HUMAN;INNOCENT;NOBLE_MAN;kpdomo01;kpdomo01;base;Majordomo;;
KPFARM01;HUMANOID;HUMAN;INNOCENT;PEASANT_MAN;kpfarm01;kpfarm01;base;Citizen;;
KPFARM02;HUMANOID;HUMAN;INNOCENT;PEASANT_WOMAN;kpfarm02;kpfarm02;base;Citizen;;
KPFARM03;HUMANOID;HUMAN;INNOCENT;FAT_MAN;kpfarm03;kpfarm03;base;Citizen;;
KPFARM04;HUMANOID;HUMAN;INNOCENT;BEGGAR_MAN;kpfarm04;kpfarm04;base;Citizen;;
KPGATE01;HUMANOID;HUMAN;FIGHTER;FIGHTER_MALE_HUMAN;kpgate01;kpgate01;base;Guard;;
KPGATE02;HUMANOID;HUMAN;FIGHTER;FIGHTER_MALE_HUMAN;kpgate02;kpgate02;base;Guard;;
KPGLAI01;HUMANOID;HUMAN;FIGHTER;FIGHTER_MALE_HUMAN;kpglai01;kpglai01;base;Glaicus;;
KPGOL01;GIANTHUMANOID;GOLEM;GOLEM_FLESH;A7!GOLEM_FLESH_PST;kpgol01;kpgol01;A7-GOLEMCONSTRUCTION;Flesh Golem;FleshGolem;false
KPGOL02;GIANTHUMANOID;GOLEM;GOLEM_CLAY;GOLEM_CLAY;None;;base;Clay Golem;ClayGolem;false
KPGOL03;GIANTHUMANOID;GOLEM;GOLEM_STONE;GOLEM_CLAY;kpgol03;kpgol03;base;Stone Golem;StoneGolem;false
KPGOL04;GIANTHUMANOID;GOLEM;GOLEM_IRON;GOLEM_IRON_IWD;kpgol04;kpgol04;A7-GOLEMCONSTRUCTION;Iron Golem;IronGolem;false
KPGOL05;GIANTHUMANOID;GOLEM;GOLEM_STONE;GOLEM_CLAY;kpgol05;kpgol05;base;Stone Golem;StoneGolem;false
KPGOL06;GIANTHUMANOID;GOLEM;GOLEM_FLESH;A7!GOLEM_FLESH_PST;kpgol06;kpgol06;A7-GOLEMCONSTRUCTION;Flesh Golem;FleshGolem;false
KPGRD01;HUMANOID;HUMAN;FIGHTER;FIGHTER_MALE_HUMAN;kpgrd01;kpgrd01;base;Lastin;;
KPLEND01;HUMANOID;HUMAN;INNOCENT;FAT_MAN;kplend01;kplend01;base;Moneylender;;
KPLEND02;HUMANOID;HUMAN;INNOCENT;NOBLE_WOMAN;kplend02;kplend02;base;Moneylender;;
KPMAID01;HUMANOID;HUMAN;INNOCENT;PEASANT_WOMAN;kpmaid01;kpmaid01;base;Chanelle the Maid;;
KPMAID02;HUMANOID;HUMAN;INNOCENT;PEASANT_WOMAN;kpmaid02;kpmaid02;base;Talira the Maid;;
KPMERC01;HUMANOID;HUMAN;INNOCENT;FAT_MAN;kpmerc01;kpmerc01;base;Tolmas Bendelia;;
KPRANG01;HUMANOID;ELF;RANGER;FIGHTER_MALE_ELF;kprang01;kprang01;base;Jessup;;
KPRANG02;HUMANOID;HUMAN;INNOCENT;NOBLE_MAN;KPRANG02;KPRANG02;base;Malvolio;;
KPROEN01;HUMANOID;HUMAN;FIGHTER;FIGHTER_MALE_HUMAN;kproen01;kproen01;base;Lord Roenall;;
KPROEN02;HUMANOID;HUMAN;FIGHTER;FIGHTER_MALE_HUMAN;kproen02;kproen02;base;Roenall Guard;;
KPROEN03;HUMANOID;HUMAN;MAGE;MAGE_MALE_HUMAN;kproen03;kproen03;base;Roenall Guard;;
KPROEN04;HUMANOID;HUMAN;FIGHTER;FIGHTER_MALE_HUMAN;kproen04;kproen04;base;Roenall Soldier;;
KPROEN05;HUMANOID;HUMAN;FIGHTER;FIGHTER_FEMALE_HUMAN;kproen05;kproen05;base;Roenall Soldier;;
KPRUNN01;HUMANOID;HUMAN;INNOCENT;PEASANT_MAN;kprunn01;kprunn01;base;Keep Messenger;;
KPRUNNER;HUMANOID;HUMAN;INNOCENT;BOY;kprunner;kprunn01;base;Runner;;
KPSERV01;HUMANOID;HUMAN;INNOCENT;PEASANT_MAN;kpserv01;kpserv01;base;Servant;;
KPSHAM01;MONSTER;YUANTI;MAGE;YUAN-TI_PRIEST;YUANTI;kpsham01;ctb;Yuan-ti Mage;;
KPSOLD01;HUMANOID;HUMAN;FIGHTER;FIGHTER_MALE_HUMAN;kpsold01;kpsold01;base;de'Arnise Guard;;
KPSOLD02;HUMANOID;HUMAN;FIGHTER;FIGHTER_FEMALE_HUMAN;kpsold02;kpsold02;base;de'Arnise Guard;;
KPSOLD03;HUMANOID;HUMAN;FIGHTER;FIGHTER_FEMALE_HUMAN;kpsold03;kpsold03;base;de'Arnise Guard;;
KPSOLD04;HUMANOID;HUMAN;FIGHTER;FIGHTER_FEMALE_HUMAN;kpsold04;kpsold04;base;de'Arnise Guard;;
KPSOLD05;HUMANOID;HUMAN;FIGHTER;FIGHTER_FEMALE_HUMAN;kpsold05;None;base;de'Arnise Guard;;
KPSOLD06;HUMANOID;HUMAN;FIGHTER;FIGHTER_MALE_HUMAN;kpsold06;kpsold06;base;de'Arnise Guard;;
KPSOLD07;HUMANOID;HUMAN;FIGHTER;FIGHTER_FEMALE_HUMAN;kpsold07;kpsold07;base;de'Arnise Guard;;
KPSOLD08;HUMANOID;HUMAN;FIGHTER;FIGHTER_MALE_HUMAN;kpsold08;kpsold08;base;de'Arnise Guard;;
KPSOLD09;HUMANOID;HUMAN;CLERIC;CLERIC_FEMALE_HUMAN;kpsold09;kpsold09;base;de'Arnise Guard;;
KPSOLD10;HUMANOID;HUMAN;CLERIC;FIGHTER_MALE_HUMAN;kpsold10;kpsold10;base;de'Arnise Guard;;
KPTROL01;GIANTHUMANOID;TROLL;TROLL;TROLL;kptrol01;kptrol01;base;Troll;;
KPTROL02;GIANTHUMANOID;TROLL;TROLL;TROLL;kptrol02;kptrol02;base;Troll;;
KPTROL03;GIANTHUMANOID;TROLL;TROLL;TROLL;kptrol03;kptrol03;base;Troll;;
KPTROL04;GIANTHUMANOID;TROLL;TROLL;TROLL;kptrol04;kptrol04;base;Troll;;
KPTROL05;GIANTHUMANOID;TROLL;TROLL;TROLL;None;;base;Troll;;
KPTROL06;GIANTHUMANOID;TROLL;TROLL;TROLL_SMALL;None;;base;Ice Troll;;
KPTROL13;MONSTER;TROLL;TROLL;TROLL;kptrol03;kptrol03;base;Troll;;
KPTROL23;MONSTER;TROLL;TROLL;TROLL;kptrol03;;base;Troll;;
KPUMB01;MONSTER;UMBERHULK;UMBERHULK;UMBER_HULK;kpumb01;;base;Umber Hulk;;
KPYUAN01;GIANTHUMANOID;YUANTI;FIGHTER;YUAN-TI_ELITE;YUANTI;;ctb;Greater Yuan-ti;;
KRUIN;HUMANOID;GITHYANKI;MAGE;GITHYANKI;kruin;kruin;base;Kruin;;
KSHADOW;UNDEAD;SHADOW;SHADOW;SHADOW;kshadow;kshadow;base;Shadow;Shadow;true
KSLAVE01;HUMANOID;FAIRY;FIGHTER;SIRINE;None;kslave01;base;Pleasure Slave;Dryad;false
KSLAVE02;HUMANOID;HUMAN;INNOCENT;SIRINE;None;kslave02;base;Ginia;;
KUOARC20;HUMANOID;KUO-TOA;FIGHTER;KUO-TOA;kuoarc20;None;base;Kuo-toan Archer;;
KUOCAP01;HUMANOID;KUO-TOA;FIGHTER;KUO-TOA_LARGE;kuocap01;;base;Kuo-toan Captain;;
KUOCLE20;HUMANOID;KUO-TOA;CLERIC;KUO-TOA;kuocle20;None;base;Kuo-toan Captain;;
KUOLIE01;HUMANOID;KUO-TOA;KUO-TOA;KUO-TOA;None;;base;Kuo-toan Lieutenant;;
KUOMAG01;HUMANOID;KUO-TOA;MAGE;KUO-TOA;None;;base;Kuo-toan Wizard;;
KUOMON01;HUMANOID;KUO-TOA;KUO-TOA;KUO-TOA_LARGE;None;;base;Kuo-toan Monitor;;
KUOPRI01;HUMANOID;KUO-TOA;CLERIC_THIEF;KUO-TOA;None;;base;Kuo-toan Priest;;
KUOTOA01;HUMANOID;KUO-TOA;KUO-TOA;KUO-TOA;None;;base;Kuo-toan Warrior;;
KUOWAR01;HUMANOID;KUO-TOA;KUO-TOA;KUO-TOA;None;;base;Kuo-toan Warrior;;
KUOWAR20;HUMANOID;KUO-TOA;FIGHTER;KUO-TOA;kuowar20;None;base;Kuo-toan Warrior;;
KUOWHI01;HUMANOID;KUO-TOA;FIGHTER_THIEF;KUO-TOA;None;;base;Kuo-toan Whip;;
KWEREWL;MONSTER;LYCANTHROPE;WEREWOLF;WEREWOLF;None;None;STRATAGEMS;Werewolf;;
KYLIE;HUMANOID;GNOME;THIEF;THIEF_FEMALE_GNOME;Kylie;kylie1;base;Kylie Jansen;;
KYLIE1;HUMANOID;GNOME;THIEF;THIEF_FEMALE_GNOME;Kylie;kylie1;base;Kylie Jansen;;
LACEDO01;UNDEAD;GHOUL;GHOUL;GHOUL;None;;base;Lacedon;Ghoul;true
LACEDO02;UNDEAD;GHOUL;GHOUL_GHAST;GHAST;None;;base;Greater Lacedon;GhoulLord;true
LANDLORD;HUMANOID;HUMAN;INNOCENT;FAT_MAN;None;landlord;base;Landlord;;
LASMIST;MONSTER;NO_RACE;NO_CLASS;BLOB_MIST_CREATURE;None;None;base;Gaseous Form;;
LASSAL;UNDEAD;VAMPIRE;FIGHTER_THIEF;VAMPIRE;Lassal;lassal;STRATAGEMS;Lassal;;
LASSAL02;UNDEAD;VAMPIRE;FIGHTER_THIEF;VAMPIRE;Lassal02;lassal02;STRATAGEMS;Lassal;;
LATKNI01;HUMANOID;HUMAN;FIGHTER;FIGHTER_MALE_HUMAN;latkni01;latkni01;base;Morning Knight;;
LATKNI02;HUMANOID;HUMAN;FIGHTER;FIGHTER_FEMALE_HUMAN;latkni02;latkni01;base;Morning Knight;;
LATLARA;HUMANOID;ELF;CLERIC;CLERIC_FEMALE_ELF;latlara;latlara;base;Acolyte Lara;;
LAUNE;UNDEAD;VAMPIRE;FIGHTER_THIEF;VAMPIRE_FEMALE;laune;laune;STRATAGEMS;Meredath;;
LAVOK01;HUMANOID;HUMAN;MAGE;IRENICUS_ROBED;lavok;lavok;base;Lavok;;
LAVOK02;HUMANOID;HUMAN;MAGE;SLEEPING_MAN_HUMAN;lavok02;lavok;base;Lavok;;
LEGDOR;HUMANOID;DWARF;CLERIC;CLERIC_MALE_DWARF;legdor;legdor;base;Legdoril;;
LEHTIN;HUMANOID;HUMAN;FIGHTER;FIGHTER_MALE_HUMAN;Lehtinan;lehtin;base;Lehtinan;;
LELLYN;HUMANOID;HUMAN;THIEF;THIEF_MALE_HUMAN;lellyn;None;base;Shadow Thief;;
LEONA;HUMANOID;HUMAN;INNOCENT;FIGHTER_FEMALE_HUMAN;Leona;leona;base;Leona;;
LESTER;UNDEAD;GHOUL;GHOUL;ZOMBIE;lester;lester;base;Uncle Lester;Ghoul;false
LICH01;HUMANOID;NO_RACE;NO_CLASS;BIRD;;None;STRATAGEMS;;;
LICHEL01;UNDEAD;LICH;MAGE;LICH;None;None;base;Elemental Lich;;
LIFE01;HUMANOID;ELF;NO_CLASS;DOOM_GUARD;LIFE01;life1;base;Tortured One;;
LIFE02;HUMANOID;ELF;NO_CLASS;DOOM_GUARD;LIFE02;life2;base;Tortured One;;
LIFE03;HUMANOID;ELF;NO_CLASS;DOOM_GUARD;LIFE03;life3;base;Tortured One;;
LIFE04;HUMANOID;ELF;NO_CLASS;DOOM_GUARD;LIFE04;life4;base;Tortured One;;
LIFE05;HUMANOID;HUMAN;INNOCENT;PEASANT_WOMAN;None;ftowba;base;Commoner;;
LIFE06;HUMANOID;HUMAN;INNOCENT;PEASANT_WOMAN;None;ftowba;base;Commoner;;
LIFE1;HUMANOID;HUMAN;INNOCENT;DOOM_GUARD;LIFE01;life1;base;Peasant;;
LIFE2;HUMANOID;HUMAN;INNOCENT;DOOM_GUARD;LIFE02;life2;base;Peasant;;
LIFE3;HUMANOID;HUMAN;INNOCENT;DOOM_GUARD;LIFE03;life3;base;Peasant;;
LIFE4;HUMANOID;HUMAN;INNOCENT;DOOM_GUARD;LIFE04;life4;base;Peasant;;
LIIA;HUMANOID;HUMAN;INNOCENT;MAGE_FEMALE_HUMAN;Liia;liia;base;Liia Jannath;;
LIN;HUMANOID;HALF_ELF;THIEF;SLEEPING_MAN_ELF;lin;lin;base;Lin;;
LISSA;HUMANOID;GNOME;CLERIC;CLERIC_FEMALE_GNOME;Lissa;lissa;base;Lissa;;
LLARSH;HUMANOID;HUMAN;INNOCENT;NOBLE_MAN;llarsh;llarsh;base;Llarsh;;
LLYLLA;ANIMAL;NO_RACE;NO_CLASS;DEER;Llylla;Llylla;base;Llylla;;
LLYNIS;HUMANOID;DWARF;THIEF;THIEF_MALE_DWARF;llynis;Llynis;base;Llynis;;
LOUT;HUMANOID;HUMAN;INNOCENT;BEGGAR_MAN;Vittorio;lout;base;Vittorio;;
LOUTCAPT;HUMANOID;HUMAN;FIGHTER;FIGHTER_MALE_HUMAN_LOW;Dennis;loutcapt;base;Captain Dennis;;
LOUTM01;HUMANOID;HUMAN;FIGHTER;FIGHTER_MALE_HUMAN_LOW;loutm01;loutm01;base;Mercenary of Riatavin;;
LOUTM02;HUMANOID;HUMAN;MAGE;MAGE_MALE_HUMAN_LOW;loutm02;Loutm02;base;Mercenary of Riatavin;;
LOUTM03;HUMANOID;HUMAN;CLERIC;CLERIC_MALE_HUMAN;None;loutm03;base;Mercenary of Riatavin;;
LOVEONE1;HUMANOID;HUMAN;FIGHTER;SIRINE;loveone1;loveone1;base;Fayanna;;
LOVEONE2;HUMANOID;HALF_ELF;FIGHTER;FIGHTER_MALE_ELF;loveone2;loveone2;base;Khalid;;
LOVEONE3;HUMANOID;ELF;FIGHTER;DROW;loveone3;loveone3;base;Valas;;
LOVEONE4;HUMANOID;HUMAN;FIGHTER;FIGHTER_FEMALE_HUMAN;loveone4;loveone4;base;Moira;;
LOVEONE5;HUMANOID;HUMAN;MAGE;MAGE_FEMALE_HUMAN;loveone5;loveone5;base;Rowyn;;
LTALOS;HUMANOID;HUMAN;CLERIC;STATIC_PEASANT_MAN_CHAIR;ltalos;ltalos;base;Drunken Cleric of Talos;;
LYROS;HUMANOID;HUMAN;MAGE;MAGE_MALE_HUMAN;LYROS;Lyros;base;Xzar;;
M05DEMON;MONSTER;DEMONIC;TANARI;TANARRI;m05demon;;base;Balor;;
M05ELF1;HUMANOID;ELF;FIGHTER;FIGHTER_MALE_ELF;m05elf1;None;base;Elven Warrior;;
M05ELF2;HUMANOID;ELF;FIGHTER;FIGHTER_FEMALE_ELF;m05elf2;None;base;Elven Warrior;;
M05PCSPY;HUMANOID;PLATE;LONG_SWORD;BIRD;m05pcspy;None;base;;;
M05SPIR1;UNDEAD;ELF;INNOCENT;FIGHTER_MALE_ELF;m05spir1;None;base;Elven Spirit;;
M05SPIR2;UNDEAD;ELF;INNOCENT;FIGHTER_MALE_ELF;m05spir2;None;base;Elven Spirit;;
MADAM;HUMANOID;HUMAN;NO_CLASS;NOBLE_WOMAN;Madam;madam;base;Madame Nin;;
MADEEN;HUMANOID;HUMAN;INNOCENT;PEASANT_MAN;Madeen;Madeen;base;Madeen;;
MAEGUY01;HUMANOID;HUMAN;INNOCENT;BEGGAR_MAN;maeguy01;maeguy01;base;Kamuzu;;
MAEGUY02;HUMANOID;HALFLING;THIEF;THIEF_FEMALE_HALFLING;maeguy02;maeguy02;base;Thief;;
MAEVAR;HUMANOID;HUMAN;MAGE_THIEF;THIEF_MALE_HUMAN;MaeVar;maevar;base;Mae'Var;;
MAGCLE20;HUMANOID;HUMAN;MAGE;MAGE_FEMALE_HUMAN_LOW;None;None;base;Mage;;
MAGE10A;HUMANOID;HUMAN;MAGE;MAGE_FEMALE_HUMAN;mage10a;None;base;Zyntris;;
MAGE10B;HUMANOID;HUMAN;MAGE;MAGE_FEMALE_HUMAN;mage10b;None;base;Zyntris;;
MAGE10C;HUMANOID;HUMAN;MAGE;MAGE_FEMALE_HUMAN;mage10c;None;base;Zyntris;;
MAGE10D;HUMANOID;HUMAN;MAGE;MAGE_FEMALE_HUMAN;mage10d;None;base;Zyntris;;
MAGE11;HUMANOID;HUMAN;MAGE;MAGE_FEMALE_HUMAN;mage11;None;base;Zyntris;;
MAGE12A;HUMANOID;HUMAN;MAGE;MAGE_MALE_HUMAN;mage12a;None;base;Zyntris;;
MAGE12B;HUMANOID;HUMAN;MAGE;MAGE_MALE_HUMAN;mage12b;None;base;Zyntris;;
MAGE12C;HUMANOID;HUMAN;MAGE;MAGE_MALE_HUMAN;mage12c;None;base;Zyntris;;
MAGE12D;HUMANOID;HUMAN;MAGE;MAGE_MALE_HUMAN;mage12d;None;base;Zyntris;;
MAGE14A;HUMANOID;ELF;MAGE;MAGE_FEMALE_HUMAN;mage14a;;base;Zyntris;;
MAGE14B;HUMANOID;ELF;MAGE;MAGE_FEMALE_HUMAN;mage14b;;base;Zyntris;;
MAGE14C;HUMANOID;ELF;MAGE;MAGE_FEMALE_HUMAN;mage14c;;base;Zyntris;;
MAGE14M;HUMANOID;ELF;MAGE;MAGE_FEMALE_HUMAN;mage14f;;base;Zyntris;;
MAGE16A;HUMANOID;ELF;MAGE;MAGE_FEMALE_HUMAN;mage16a;;base;Zyntris;;
MAGE16B;HUMANOID;ELF;MAGE;MAGE_FEMALE_HUMAN;mage16b;;base;Zyntris;;
MAGE16C;HUMANOID;ELF;MAGE;MAGE_FEMALE_HUMAN;mage16c;;base;Cowled Wizard;;
MAGE16M;HUMANOID;ELF;MAGE;MAGE_FEMALE_HUMAN;mage16m;;base;Zyntris;;
MAGE18A;HUMANOID;ELF;MAGE;MAGE_FEMALE_HUMAN;mage18a;;base;Cowled Wizard;;
MAGE18B;HUMANOID;ELF;MAGE;MAGE_FEMALE_HUMAN;mage18b;;base;Zyntris;;
MAGE18C;HUMANOID;ELF;MAGE;MAGE_FEMALE_HUMAN;mage18c;;base;Zyntris;;
MAGE18D;HUMANOID;ELF;MAGE;MAGE_FEMALE_HUMAN;mage18d;;base;Zyntris;;
MAGE18E;HUMANOID;ELF;MAGE;MAGE_FEMALE_HUMAN;mage18e;;base;Zyntris;;
MAGE18Y;HUMANOID;ELF;MAGE;MAGE_FEMALE_HUMAN;mage18y;;base;Zyntris;;
MAGE18Z;HUMANOID;ELF;MAGE;MAGE_FEMALE_ELF_LOW;mage18z;;base;Zallanora;;
MAGE20;HUMANOID;HUMAN;MAGE;MAGE_MALE_HUMAN;mage20;None;base;Mage;;
MAGE20B;HUMANOID;HUMAN;MAGE;MAGE_MALE_HUMAN;mage20b;None;base;Mage;;
MAGE20C;HUMANOID;HUMAN;MAGE;MAGE_MALE_HUMAN;mage20;None;base;Mage;;
MAGE6A;HUMANOID;HUMAN;MAGE;MAGE_FEMALE_HUMAN;mage6a;None;base;Zyntris;;
MAGE6B;HUMANOID;HUMAN;MAGE;MAGE_FEMALE_HUMAN;mage6b;None;base;Zyntris;;
MAGE6C;HUMANOID;HUMAN;MAGE;MAGE_FEMALE_HUMAN;mage6c;None;base;Zyntris;;
MAGE8A;HUMANOID;HUMAN;MAGE;MAGE_FEMALE_HUMAN;mage8f;None;base;Zyntris;;
MAGE8B;HUMANOID;HUMAN;MAGE;MAGE_FEMALE_HUMAN;mage8b;None;base;Zyntris;;
MAGE8C;HUMANOID;HUMAN;MAGE;MAGE_FEMALE_HUMAN;mage8c;None;base;Zyntris;;
MAGE8E;HUMANOID;ELF;MAGE;MAGE_MALE_ELF;mage8e;None;base;Relonar;;
MAGETEST;HUMANOID;HUMAN;MAGE;MAGE_FEMALE_HUMAN;None;None;base;Mage;;
MAJAN;HUMANOID;GNOME;INNOCENT;FIGHTER_FEMALE_GNOME;Majan;majan;base;Ma Jansen;;
MALLA01;HUMANOID;HUMAN;INNOCENT;SLEEPING_WOMAN_HUMAN;malla01;malla01;base;Malla;;
MALLA02;HUMANOID;HUMAN;INNOCENT;HARLOT_WOMAN;malla02;malla01;base;Malla;;
MANE;HUMANOID;NO_RACE;NO_CLASS;GHOUL;None;;base;Mane;;
MARCUS;HUMANOID;HUMAN;INNOCENT;FAT_MAN;Marcus;Marcus;base;Marcus;;
MARIA;HUMANOID;HUMAN;INNOCENT;NOBLE_WOMAN;maria;maria;base;Lady Maria;;
MARLOWE;HUMANOID;HUMAN;NO_CLASS;NOBLE_MAN;marlowe;marlowe;base;Marlowe;;
MAZZY11;HUMANOID;HALFLING;PALADIN;FIGHTER_FEMALE_HALFLING;Mazzy;Mazzy;ArtisansKitpack_npc;Mazzy;;
MAZZY12;HUMANOID;HALFLING;PALADIN;FIGHTER_FEMALE_HALFLING;Mazzy;Mazzy;ArtisansKitpack_npc;Mazzy;;
MAZZY15;HUMANOID;HALFLING;PALADIN;FIGHTER_FEMALE_HALFLING;Mazzy;Mazzy25a;ArtisansKitpack_npc;Mazzy;;
MAZZY8;HUMANOID;HALFLING;PALADIN;FIGHTER_FEMALE_HALFLING;Mazzy;Mazzy;ArtisansKitpack_npc;Mazzy;;
MAZZY9;HUMANOID;HALFLING;PALADIN;FIGHTER_FEMALE_HALFLING;Mazzy;Mazzy;ArtisansKitpack_npc;Mazzy;;
MDAIR;GIANTHUMANOID;ELEMENTAL;ELEMENTAL_AIR;ELEMENTAL_AIR;None;MDAir;base;Air Elemental;;
MDAIR2;GIANTHUMANOID;ELEMENTAL;ELEMENTAL_AIR;ELEMENTAL_AIR;None;MDAir2;base;Air Elemental;;
MDAIRG;GIANTHUMANOID;ELEMENTAL;ELEMENTAL_AIR;ELEMENTAL_AIR;None;MDAir;base;Greater Air Elemental;;
MDAIRG2;GIANTHUMANOID;ELEMENTAL;ELEMENTAL_AIR;ELEMENTAL_AIR;None;MDAir2;base;Greater Air Elemental;;
MDDUST;HUMANOID;MEPHIT;MEPHIT;IMP;DUSTMEP;MDDust;base;Dust Mephit;;
MDEARTH;GIANTHUMANOID;ELEMENTAL;ELEMENTAL_EARTH;ELEMENTAL_EARTH;MDEarth;MDEarth;base;Earth Elemental;;
MDEARTH2;GIANTHUMANOID;ELEMENTAL;ELEMENTAL_EARTH;ELEMENTAL_EARTH;EARTHMEP;MDEarth;base;Earth Elemental;;
MDHSSS;GIANTHUMANOID;ELEMENTAL;ELEMENTAL_AIR;ELEMENTAL_AIR;None;MDHsss;base;Greater Air Elemental;;
MDK2DOC;HUMANOID;HUMAN;FIGHTER;MDK2_DOCTOR;mdk2doc;;base;Doc "cheezy" Hawkins;;
MDK2KURT;HUMANOID;HUMAN;FIGHTER;MDK2_KURT;mdk2kurt;;base;The Infamous Kurt;;
MDK2MAX;HUMANOID;HUMAN;FIGHTER;MDK2_MAX;mdk2max;;base;Arny Max;;
MDRAK;HUMANOID;RAKSHASA;MAGE;RAKSHASA;MDrak;MDRak;base;Maharajah;;
MEKEAR01;GIANTHUMANOID;ELEMENTAL;ELEMENTAL_EARTH;ELEMENTAL_EARTH_SMALL;mekear01;mekear01;base;Lesser Earth Elemental;;
MEKIMP01;MONSTER;IMP;MAGE;IMP;mekimp01;mekimp01;STRATAGEMS;Imp;;
MEKRAT;HUMANOID;ELF;MAGE;MAGE_MALE_ELF;mekrath;mekrat;base;Mekrath;;
MEL01;HUMANOID;HUMAN;CLERIC_MAGE;MAGE_FEMALE_HUMAN;mel01;sarmel01;base;Melissan;;
MELISS01;HUMANOID;HUMAN;CLERIC_MAGE;MAGE_FEMALE_HUMAN;meliss01;meliss01;base;Melissan;;
MELSUM01;MONSTER;DEMONIC;TANARI;GLABREZU;dglab01;None;base;Glabrezu;;
MELSUM02;HUMANOID;DEMONIC;FIGHTER_MAGE;DEATH_KNIGHT;uddeath;uddeath;STRATAGEMS;Demon Knight;;
MELSUM03;UNDEAD;BEHOLDER;BEHOLDER;BEHOLDER;None;;base;Death Tyrant;;
MELSUM04;MONSTER;DEMONIC;TANARI;TANARRI;demosum2;demosum2;base;Balor;;
MELSUM05;MONSTER;DEMONIC;TANARI;MARILITH;Demosum1;demosum1;base;Marilith;;
MELSUM06;UNDEAD;MIND_FLAYER;MIND_FLAYER;MINDFLAYER;None;None;base;Alhoon;;
MEPAIR01;HUMANOID;MEPHIT;MEPHIT;IMP;None;;base;Air Mephit;;
MEPDUS01;HUMANOID;MEPHIT;MEPHIT;IMP;None;;base;Dust Mephit;;
MEPEAR01;HUMANOID;MEPHIT;MEPHIT;IMP;None;;base;Earth Mephit;;
MEPFIR01;HUMANOID;MEPHIT;MEPHIT;IMP;None;;base;Fire Mephit;;
MEPHSP1;MONSTER;NO_RACE;NO_CLASS;DOOM_GUARD;MephitPortal1;None;base;Mephit Portal;;
MEPHSP2;MONSTER;NO_RACE;NO_CLASS;DOOM_GUARD;MephitPortal2;None;base;Mephit Portal;;
MEPHSP3;MONSTER;NO_RACE;NO_CLASS;DOOM_GUARD;MephitPortal3;None;base;Mephit Portal;;
MEPHSP4;MONSTER;NO_RACE;NO_CLASS;DOOM_GUARD;MephitPortal4;None;base;Mephit Portal;;
MEPICE01;HUMANOID;MEPHIT;MEPHIT;IMP;None;;base;Ice Mephit;;
MEPICE02;HUMANOID;MEPHIT;MEPHIT;IMP;Mepice02;;base;Ice Mephit;;
MEPLIG01;HUMANOID;MEPHIT;MEPHIT;IMP;None;;base;Lightning Mephit;;
MEPMAG01;HUMANOID;MEPHIT;MEPHIT;IMP;None;;base;Magma Mephit;;
MEPMAG02;HUMANOID;MEPHIT;MEPHIT;IMP;Mepmag02;;base;Magma Mephit;;
MEPMIN01;HUMANOID;MEPHIT;MEPHIT;IMP;None;;base;Mineral Mephit;;
MEPMIS01;HUMANOID;MEPHIT;MEPHIT;IMP;None;;base;Mist Mephit;;
MEPOOZ01;HUMANOID;MEPHIT;MEPHIT;IMP;None;;base;Ooze Mephit;;
MEPRAD01;HUMANOID;MEPHIT;MEPHIT;IMP;None;;base;Radiant Mephit;;
MEPRAD02;HUMANOID;MEPHIT;MEPHIT;IMP;Meprad02;;base;Radiant Mephit;;
MEPSAL01;HUMANOID;MEPHIT;MEPHIT;IMP;None;;base;Salt Mephit;;
MEPSMO01;HUMANOID;MEPHIT;MEPHIT;IMP;None;;base;Smoke Mephit;;
MEPSMO02;HUMANOID;MEPHIT;MEPHIT;IMP;Mepsmo02;;base;Smoke Mephit;;
MEPSTE01;HUMANOID;MEPHIT;MEPHIT;IMP;None;;base;Steam Mephit;;
MERCHANT;HUMANOID;HUMAN;INNOCENT;FAT_MAN;None;merchant;base;Bel Dalemark;;
MERINIA;HUMANOID;ELF;BARD;THIEF_FEMALE_ELF;None;meronia;base;Meronia;;
MERLIN;HUMANOID;HUMAN;CLERIC_MAGE;MAGE_MALE_HUMAN;MERLIN;NONE;base;Elminster;;
MERONIA;HUMANOID;ELF;BARD;THIEF_FEMALE_ELF;meronia;meronia;base;Meronia;;
MESSEN;HUMANOID;HUMAN;INNOCENT;PEASANT_MAN;messen;messen;base;Flydian;;
MGAPPR01;HUMANOID;ELF;MAGE;MAGE_MALE_ELF;mgappr01;mgappr01;base;Larz;;
MGAPPR02;HUMANOID;HUMAN;MAGE;MAGE_MALE_HUMAN;mgappr02;mgappr02;base;Morul;;
MGAPPR03;HUMANOID;HUMAN;MAGE;MAGE_FEMALE_HUMAN;mgappr03;mgappr03;base;Nara;;
MGASS01;HUMANOID;HUMAN;FIGHTER;FIGHTER_MALE_HUMAN;mgass01;mgass01;base;Sergeant Natula;;
MGASS02;HUMANOID;HUMAN;FIGHTER;FIGHTER_MALE_HUMAN;mgass02;mgass02;base;Tyrian;;
MGASS03;HUMANOID;HUMAN;FIGHTER;FIGHTER_MALE_HUMAN;mgass03;mgass03;base;Vilhelm;;
MGBILL01;HUMANOID;HUMAN;MAGE;FAT_MAN;mgbill01;mgbill01;base;William "Bill" Williamson;;
MGKET01;HUMANOID;MACE;FIGHTER;FIGHTER_MALE_HUMAN;mgket01;mgket01;base;Lord Ketlaar Argrim;;
MGKETG01;HUMANOID;HUMAN;FIGHTER;FIGHTER_MALE_HUMAN;mgketg01;mgketg01;base;Man-at-Arms;;
MGKETG02;HUMANOID;HUMAN;FIGHTER;FIGHTER_FEMALE_HUMAN;mgketg02;mgketg02;base;Archer;;
MGKHOL01;HUMANOID;HUMAN;MAGE;MAGE_FEMALE_HUMAN;mgkhol01;mgkhol01;base;Khollynnus Paac;;
MGTEOS01;HUMANOID;HUMAN;MAGE;MONK;mgteos01;mgteos01;base;Teos;;
MIMIC01;MONSTER;MIMIC;MIMIC;DOOM_GUARD;mimick;None;base;Killer Mimic;;
MINDAL01;UNDEAD;MIND_FLAYER;MIND_FLAYER;MINDFLAYER;mindal01;None;dw_lanthorn;Alhoon;;
MINDFL01;HUMANOID;MIND_FLAYER;MIND_FLAYER;MINDFLAYER;mindfl01;None;base;Mind Flayer;;
MINDUL01;HUMANOID;MIND_FLAYER;NO_CLASS;MINDFLAYER;None;None;base;Ulitharid;;
MINDVA01;UNDEAD;MIND_FLAYER;MIND_FLAYER;MINDFLAYER;None;None;base;Vampiric Illithid;;
MINDVAM;UNDEAD;MIND_FLAYER;MIND_FLAYER;MINDFLAYER;None;None;base;Vampiric Illithid;;
MINSC10;HUMANOID;HUMAN;RANGER;FIGHTER_MALE_HUMAN;Minsc;MinscA;base;Minsc;;
MINSC12;HUMANOID;HUMAN;RANGER;FIGHTER_MALE_HUMAN;Minsc;MinscA;base;Minsc;;
MINSC14;HUMANOID;HUMAN;RANGER;FIGHTER_MALE_HUMAN;Minsc;Minsc25a;base;Minsc;;
MINSC7;HUMANOID;HUMAN;RANGER;FIGHTER_MALE_HUMAN;Minsc;MinscA;base;Minsc;;
MINSC8;HUMANOID;HUMAN;RANGER;FIGHTER_MALE_HUMAN;Minsc;MinscA;base;Minsc;;
MINSC9;HUMANOID;HUMAN;RANGER;FIGHTER_MALE_HUMAN;Minsc;MinscA;base;Minsc;;
MISTCD01;MONSTER;MIST;MIST;MIST_CREATURE;None;None;base;Crimson Death;;
MISTHO01;UNDEAD;MIST;MIST;MIST_CREATURE;mistho01;None;base;Mist Horror;;
MISTPO01;MONSTER;MIST;MIST;MIST_CREATURE;mistpo01;None;base;Poison Mist;;
MISTVA01;UNDEAD;MIST;MIST;MIST_CREATURE;mistva;None;base;Vampiric Mist;;
MISTWA01;UNDEAD;MIST;MIST;MIST_CREATURE;mistwa;None;base;Wandering Horror;;
MONK;HUMANOID;HUMAN;INNOCENT;CLERIC_MALE_HUMAN;None;monk;base;Monk;;
MONKD2;HUMANOID;HUMAN;INNOCENT;CLERIC_MALE_HUMAN;None;monkd2;base;Monk;;
MONKDE;HUMANOID;HUMAN;INNOCENT;CLERIC_MALE_HUMAN;None;monkde;base;Monk;;
MONKEN;HUMANOID;HUMAN;INNOCENT;CLERIC_MALE_HUMAN;None;monken;base;Monk;;
MONKTU1;HUMANOID;HUMAN;INNOCENT;MONK;None;MONKTU1;base;Tutor;;
MONKTU2;HUMANOID;HUMAN;INNOCENT;MONK;None;MONKTU2;base;Tutor;;
MONKTU20;HUMANOID;HUMAN;INNOCENT;MONK;None;MONKTU20;base;Tutor;;
MONKTU3;HUMANOID;HUMAN;INNOCENT;MONK;None;MONKTU3;base;Tutor;;
MONKTU4;HUMANOID;HUMAN;INNOCENT;MONK;None;MONKTU4;base;Tutor;;
MONKTU5;HUMANOID;HUMAN;INNOCENT;MONK;None;MONKTU5;base;Tutor;;
MONKTU6;HUMANOID;HUMAN;INNOCENT;MONK;None;MONKTU6;base;Tutor;;
MONKTU7;HUMANOID;HUMAN;INNOCENT;MONK;None;MONKTU7;base;Tutor;;
MONKTU8;HUMANOID;HUMAN;INNOCENT;MONK;None;MONKTU8;base;Tutor;;
MONKTU9;HUMANOID;HUMAN;INNOCENT;MONK;None;MONKTU9;base;Tutor;;
MOOK;HUMANOID;ELF;THIEF;THIEF_FEMALE_ELF;Mook;mook;base;Mook;;
MOOK02;HUMANOID;ELF;FIGHTER_THIEF;THIEF_FEMALE_ELF;Mook;mook02;rr;Mook;;
MOOKFT01;HUMANOID;HUMAN;FIGHTER_THIEF;THIEF_MALE_HUMAN;MOOKFT01;;rr;Shadow Thief Thug;;
MOOKFT02;HUMANOID;HUMAN;FIGHTER_THIEF;SHADOW_THIEF;MOOKFT02;;rr;Shadow Thief;;
MOONDOG;ANIMAL;DOG;DOG_WAR;DOG_MOON;moondog;moondog;base;Cerebus;WarDog;false
MOOSE;ANIMAL;NO_RACE;NO_CLASS;MOOSE;None;None;base;Moose;;
MOOSE01;ANIMAL;NO_RACE;NO_CLASS;MOOSE;moose01;;base;Moose;;
MOURNER1;HUMANOID;HUMAN;INNOCENT;PEASANT_MAN;mourner1;mourner1;base;Nevin;;
MOURNER2;HUMANOID;HUMAN;INNOCENT;PEASANT_WOMAN;None;mourner2;base;Mourner;;
MOURNER3;HUMANOID;HUMAN;INNOCENT;NOBLE_MAN;mourner3;mourner3;base;Arthur;;
MOURNER4;HUMANOID;HUMAN;INNOCENT;NOBLE_WOMAN;mourner4;mourner4;base;Maggie;;
MOURNER5;HUMANOID;HALFLING;INNOCENT;THIEF_MALE_HALFLING;mourner5;mourner5;base;Mourner;;
MOURNER6;HUMANOID;HALFLING;INNOCENT;FIGHTER_FEMALE_HALFLING;mourner6;mourner6;base;Mourner;;
MOURNER7;HUMANOID;HUMAN;INNOCENT;GIRL;Risa;mourner7;base;Risa;;
MOURNER8;HUMANOID;HUMAN;FIGHTER;FIGHTER_FEMALE_HUMAN;None;mourner8;base;Mourner;;
MTOWN1;HUMANOID;HUMAN;INNOCENT;PEASANT_MAN;None;mtown1;base;Peasant;;
MTOWN2;HUMANOID;HUMAN;INNOCENT;FAT_MAN;None;mtown2;base;Peasant;;
MTOWN3;HUMANOID;HUMAN;INNOCENT;PEASANT_MAN;None;mtown3;base;Peasant;;
MTOWN4;HUMANOID;HUMAN;INNOCENT;PEASANT_MAN;None;mtown4;base;Peasant;;
MTOWN5;HUMANOID;HUMAN;INNOCENT;PEASANT_MAN;None;mtown5;base;Tavern Patron;;
MTOWN6;HUMANOID;HUMAN;INNOCENT;STATIC_PEASANT_MAN_STOOL;None;mtown6;base;Commoner;;
MUGGER1;HUMANOID;HUMAN;THIEF;THIEF_FEMALE_HUMAN;mugger1;mugger1;base;Shady Character;;
MUGGER2;HUMANOID;DWARF;THIEF;THIEF_MALE_DWARF;SlumsMugger2;mugger2;base;Shady Character;;
MUGGER3;HUMANOID;HUMAN;THIEF;THIEF_MALE_HUMAN;mugger3;mugger3;base;Shady Character;;
MUGGER4;GIANTHUMANOID;OGRE;OGRE;OGRE;SlumsMugger4;mugger4;base;Ogre;Ogre;false
MUMFIG01;HUMANOID;HUMAN;INNOCENT;PEASANT_WOMAN;None;mumfig01;base;Commoner;;
MUMGRE01;UNDEAD;GHOUL;GHOUL_REVEANT;MUMMY;MUMGRE01;Mummy;base;Greater Mummy;GreaterMummy;true
MUMMY;UNDEAD;GHOUL;GHOUL_REVEANT;MUMMY;Mummy;Mummy;base;Mummy;Mummy;true
MUMMY01;UNDEAD;GHOUL;GHOUL_REVEANT;MUMMY;Mummy01;Mummy;base;Mummy;Mummy;true
MURDBEGG;HUMANOID;HUMAN;INNOCENT;BEGGAR_MAN;None;murdbegg;base;Rampah;;
MURDBOY1;HUMANOID;HUMAN;INNOCENT;BOY;Faraji;murdboy1;base;Faraji;;
MURDGIRL;HUMANOID;HUMAN;INNOCENT;HARLOT_WOMAN;None;murdgirl;base;Rose Bouquet;;
MURTLEN;HUMANOID;HUMAN;INNOCENT;PEASANT_MAN;None;murtlen;base;Murtlen;;
MVGUARD1;HUMANOID;HUMAN;FIGHTER_THIEF;FIGHTER_MALE_HUMAN;None;mvguard1;base;Assassin;;
MVPRIES;HUMANOID;HUMAN;CLERIC;CLERIC_MALE_HUMAN;mvpries;MVGUARD1;base;Priest of Cyric;;
NALBARG;HUMANOID;HUMAN;FIGHTER;FIGHTER_MALE_HUMAN;nalbarg;nalbarg;base;Barg;;
NALDEAD;HUMANOID;HUMAN;MAGE_THIEF;THIEF_FEMALE_HUMAN;nalia;NALIA;base;Nalia;;
NALDIRT;HUMANOID;HUMAN;FIGHTER;CLERIC_MALE_HUMAN;naldirt;naldirt;base;Officer Dirth;;
NALIA10;HUMANOID;HUMAN;MAGE_THIEF;MAGE_FEMALE_HUMAN;nalia;NALIA;base;Nalia;;
NALIA11;HUMANOID;HUMAN;MAGE_THIEF;MAGE_FEMALE_HUMAN;nalia;NALIA;base;Nalia;;
NALIA13;HUMANOID;HUMAN;MAGE_THIEF;MAGE_FEMALE_HUMAN;nalia;NALIA;base;Nalia;;
NALIA15;HUMANOID;HUMAN;MAGE_THIEF;MAGE_FEMALE_HUMAN;nalia;NALIA;base;Nalia;;
NALIA18;HUMANOID;HUMAN;MAGE_THIEF;MAGE_FEMALE_HUMAN;nalia;NALIA25a;base;Nalia;;
NALIA8;HUMANOID;HUMAN;MAGE_THIEF;MAGE_FEMALE_HUMAN;nalia;NALIA;base;Nalia;;
NALIAMES;HUMANOID;HUMAN;FIGHTER;FIGHTER_MALE_HUMAN;NALIAMES;naliames;base;Messenger;;
NALIN;HUMANOID;HUMAN;INNOCENT;CLERIC_MALE_HUMAN;NALIN;nalin;base;Nalin;;
NALLA;HUMANOID;HUMAN;BARD;CLERIC_MALE_HUMAN;Nallabir;Nalla;base;Stormherald Nallabir;;
NBEARBL;ANIMAL;BEAR;BEAR_BLACK;BEAR_BLACK;None;;base;Black Bear;BlackBear;false
NBEARBR;ANIMAL;BEAR;BEAR_BROWN;BEAR_BROWN;None;;base;Brown Bear;BrownBear;false
NCAT;ANIMAL;CAT;NO_CLASS;CAT;None;None;base;Cat;;
NCHICK;ANIMAL;NO_RACE;NO_CLASS;CHICKEN;None;None;base;Chicken;;
NCOW;ANIMAL;NO_RACE;NO_CLASS;COW;None;None;base;Cow;;
NDOG;ANIMAL;DOG;NO_CLASS;DOG_WILD;None;;base;Dog;WildDog;false
NEB;HUMANOID;GNOME;THIEF;THIEF_MALE_DWARF;neb;neb;base;Neb;;
NEEBER;HUMANOID;HUMAN;NO_CLASS;PEASANT_MAN;neeber;neeber;base;Neeber;;
NEERA10;HUMANOID;HALF_ELF;MAGE;MAGE_FEMALE_ELF;NEERA;NEERA;base;Neera;;
NEERA11;HUMANOID;HALF_ELF;MAGE;MAGE_FEMALE_ELF;NEERA;NEERA;base;Neera;;
NEERA12;HUMANOID;HALF_ELF;MAGE;MAGE_FEMALE_ELF;NEERA;NEERA;base;Neera;;
NEERA13;HUMANOID;HALF_ELF;MAGE;MAGE_FEMALE_ELF;NEERA;NEERA;base;Neera;;
NEERA15;HUMANOID;HALF_ELF;MAGE;MAGE_FEMALE_ELF;NEERA;NEERA25A;base;Neera;;
NEERA8;HUMANOID;HALF_ELF;MAGE;MAGE_FEMALE_ELF;NEERA;NEERA;base;Neera;;
NEVAZIAH;UNDEAD;LICH;MAGE;LICH;nevaziah;nevaziah;base;Nevaziah;;
NEVM1;UNDEAD;GHOUL;GHOUL;SHADOW;NevPupil;;base;Wight;Ghoul;false
NEVM2;UNDEAD;SKELETON;SKELETON_WARRIOR;SKELETON_MONSTER;NevPupil;grskel2;base;Skeleton Warrior;SkeletonWarrior;true
NEVM3;UNDEAD;GHOUL;GHOUL_GHAST;GHAST;NevPupil;;base;Ghast;Ghast;true
NEVM4;UNDEAD;VAMPYRE;VAMPYRE;VAMPIRE;nevm4;None;d0questpack;Vampyre;;
NEVM5;UNDEAD;ZOMBIE;ZOMBIE_NORMAL;ZOMBIE;NevPupil;zombie;base;Zombie;;
NHORSE;ANIMAL;NO_RACE;NO_CLASS;HORSE;None;None;base;Horse;;
NIKOLA;HUMANOID;HUMAN;INNOCENT;PEASANT_MAN;NIKOLAI;nikola;base;Nikolai;;
NISHRUSU;MONSTER;MIST;MIST;MIST_CREATURE;NONE;;SPELL_REV;Nishruu;;
NOBL4;HUMANOID;HUMAN;INNOCENT;NOBLE_MAN;nobl4;nobl4;base;Nobleman;;
NOBL5;HUMANOID;HUMAN;INNOCENT;NOBLE_MAN;None;nobl5;base;Nobleman;;
NOBL6;HUMANOID;HUMAN;INNOCENT;NOBLE_MAN;None;nobl6;base;Nobleman;;
NOBLE1;HUMANOID;HUMAN;NO_CLASS;NOBLE_MAN;None;noble1;base;Nobleman;;
NOBLE2;HUMANOID;HUMAN;NO_CLASS;FAT_MAN;None;noble2;base;Nobleman;;
NOBLEM1;HUMANOID;HUMAN;INNOCENT;NOBLE_MAN;None;noblem1;base;Nobleman;;
NOBLEM2;HUMANOID;HUMAN;INNOCENT;NOBLE_MAN;None;noblem2;base;Nobleman;;
NOBLEM3;HUMANOID;HUMAN;INNOCENT;STATIC_NOBLE_MAN_CHAIR;noblem3;noblem3;base;Lord Ophal;;
NOBLEW1;HUMANOID;HUMAN;INNOCENT;NOBLE_WOMAN;None;noblew1;base;Noblewoman;;
NOBLEW2;HUMANOID;HUMAN;INNOCENT;NOBLE_WOMAN;None;noblew2;base;Noblewoman;;
NOBLEW3;HUMANOID;HUMAN;INNOCENT;STATIC_NOBLE_WOMAN_CHAIR;noblew3;noblew3;base;Lady Ophal;;
NOBW4;HUMANOID;HUMAN;INNOCENT;NOBLE_WOMAN;Noblewom;nobw4;base;Noblewoman;;
NOSAVE;HUMANOID;NO_RACE;NO_CLASS;BIRD;NoSave;None;base;;;
NWOLF;ANIMAL;WOLF;WOLF;WOLF;None;;base;Wolf;Wolf;false
NWYVBAB;MONSTER;WYVERN;WYVERN;WYVERN;Wyvern;;base;Baby Wyvern;BabyWyvern;false
NYMPHSU;HUMANOID;FAIRY;FAIRY_NYMPH;SIRINE;nymphsu;None;base;Nymph;Nymph;true
OBSDEM01;MONSTER;DEMONIC;TANARI;FIEND_GREEN;TANAR;obsdem01;STRATAGEMS;Lea'liyl;;
OBSDEM02;HUMANOID;DEMONIC;TANARI;GHOUL;OBSDEM02;;ctb;Mane;;
OBSDEM03;MONSTER;BEHOLDER;BEHOLDER;BEHOLDER;obsdem03;obsdem03;base;Elder Orb;;
OBSDEM04;MONSTER;DEMONIC;TANARI;GHAST;obsdem04;obsdem04;base;Maurezhi;;
OBSDEM05;MONSTER;DEMONIC;TANARI;TANARRI;obsdem05;obsdem05;base;Nabassu;;
OBSERVE;HUMANOID;PLATE;LONG_SWORD;BIRD;observe;None;base;;;
OBSFIR01;GIANTHUMANOID;GENIE;GENIE_NOBLE_EFREETI;EFREETI_NOBLE;None;;base;Noble Efreeti;;
OBSFIR02;HUMANOID;MEPHIT;MEPHIT;IMP;None;;base;Fire Mephit;;
OBSFIR03;HUMANOID;MEPHIT;MEPHIT;IMP;None;;base;Magma Mephit;;
OBSFIR04;HUMANOID;MEPHIT;MEPHIT;IMP;None;;base;Smoke Mephit;;
OBSFIR05;ANIMAL;DOG;DOG_WAR;WOLF_DIRE;None;;base;Hell Hound;WarDog;false
OBSFIR06;GIANTHUMANOID;ELEMENTAL;ELEMENTAL_FIRE;ELEMENTAL_FIRE;None;;base;Greater Fire Elemental;;
OBSGOL01;GIANTHUMANOID;GOLEM;GOLEM_CLAY;GOLEM_CLAY;obsgol01;obsgol01;base;Guardian Golem;ClayGolem;false
OBSGOL02;GIANTHUMANOID;GOLEM;GOLEM_CLAY;GOLEM_CLAY;obsgol02;None;base;Deactivated Guardian Golem;ClayGolem;false
OBSHAL01;HUMANOID;HALFLING;FIGHTER;FIGHTER_MALE_HALFLING;obshal01;obshal01;base;Entu;;
OBSHAL02;HUMANOID;HALFLING;FIGHTER;FIGHTER_MALE_HALFLING;obshal02;obshal02;base;Togan;;
OBSHAL03;HUMANOID;HALFLING;MAGE;CLERIC_MALE_HALFLING;obshal03;obshal03;base;Necre;;
OBSHAL04;HUMANOID;HALFLING;FIGHTER;FIGHTER_MALE_HALFLING;obshal04;obshal04;base;Halfling Warrior;;
OBSHAL05;HUMANOID;HALFLING;MAGE;THIEF_MALE_HALFLING_LOW;obshal05;;base;Kayardi;;
OBSHAL06;HUMANOID;HALFLING;MAGE;THIEF_FEMALE_HALFLING_LOW;obshal06;None;base;Taibela;;
OBSHAL07;HUMANOID;HALFLING;CLERIC;CLERIC_MALE_HALFLING_LOW;pries18a;None;base;Mogadish;;
OBSICE01;GIANTHUMANOID;TROLL;TROLL;TROLL;None;;base;Snow Troll;;
OBSICE02;HUMANOID;MEPHIT;MEPHIT;IMP;None;;base;Ice Mephit;;
OBSICE03;ANIMAL;WOLF;WOLF_WINTER;WOLF_WINTER;None;;base;Winter Wolf;WinterWolf;false
OBSICE04;ANIMAL;BEAR;BEAR_POLAR;BEAR_POLAR;None;;base;Mountain Bear;PolarBear;false
OBSICE11;GIANTHUMANOID;TROLL;TROLL;TROLL;None;;base;Snow Troll;;
OBSMOD01;MONSTER;GOLEM;GOLEM_IRON;GOLEM_IRON;obsmod01;;base;Modron;IronGolem;false
OBSSAH01;HUMANOID;SAHUAGIN;FIGHTER;SAHUAGIN;obssah01;;STRATAGEMS;Sahuagin Baron;;
OBSSAH02;HUMANOID;SAHUAGIN;CLERIC;SAHUAGIN;obssah02;None;STRATAGEMS;Sahuagin Priestess;;
OBSSAH03;HUMANOID;SAHUAGIN;FIGHTER;SAHUAGIN;obssah03;;STRATAGEMS;Sahuagin Baronial Guard;;
OBSSAH04;HUMANOID;SAHUAGIN;SAHUAGIN;SAHUAGIN;obssah04;;ctb;Sahuagin;;
OBSSAH05;HUMANOID;SAHUAGIN;SAHUAGIN;SAHUAGIN;obssah05;;ctb;Sahuagin;;
OBSSOL01;HUMANOID;HUMAN;FIGHTER;FIGHTER_FEMALE_HUMAN;obssol01;obssol01;base;Reyna;;
OBSSOL02;HUMANOID;HUMAN;FIGHTER;FIGHTER_MALE_HUMAN;obssol02;obssol02;base;Onvo;;
OBSSOL03;HUMANOID;HUMAN;FIGHTER;FIGHTER_MALE_HUMAN;obssol03;obssol03;base;Ancan;;
OGHMONK1;HUMANOID;HUMAN;INNOCENT;MONK;None;oghmonk1;base;Monk;;
OGRE01;GIANTHUMANOID;OGRE;OGRE;OGRE;Ogre;;base;Ogre;Ogre;false
OGREGRSU;GIANTHUMANOID;OGRE;FIGHTER;OGRE;Ogre;;SPELL_REV;Ogre Berserker;OgreBerserker;true
OGRELESU;GIANTHUMANOID;OGRE;OGRE_OGRILLON;OGRILLON;None;;base;Ogrillon;Ogrillon;true
OGREMA01;GIANTHUMANOID;OGRE;OGRE_MAGE;OGRE_MAGE;None;;base;Ogre Mage;OgreMage;false
OGREMASU;GIANTHUMANOID;OGRE;FIGHTER_MAGE;OGRE_MAGE;None;;SPELL_REV;Ogre Mage;OgreMage;true
OGRESU;GIANTHUMANOID;OGRE;OGRE;OGRE;Ogre;;base;Ogre;Ogre;true
OGRHAL01;GIANTHUMANOID;OGRE;OGRE_HALFOGRE;HALF_OGRE;None;;base;Half Ogre;HalfOgre;false
OGRILL01;GIANTHUMANOID;OGRE;OGRE_OGRILLON;OGRILLON;None;;base;Ogrillon;Ogrillon;false
OGRMAG01;GIANTHUMANOID;OGRE;OGRE_MAGE;OGRE_MAGE;None;;base;Ogre Mage;OgreMage;false
OHB1AERI;HUMANOID;ELF;CLERIC_MAGE;MAGE_FEMALE_ELF;ohb1aeri;;base;Aerie;;
OHB1IMOE;HUMANOID;HUMAN;MAGE_THIEF;MAGE_FEMALE_HUMAN;ohb1imoe;;CDTWEAKS;Imoen;;
OHB1KELD;HUMANOID;HUMAN;PALADIN;FIGHTER_MALE_HUMAN;ohb1keld;;base;Keldorn;;
OHB1MNSC;HUMANOID;HUMAN;RANGER;FIGHTER_MALE_HUMAN;ohb1mnsc;;base;Minsc;;
OHB1NEER;HUMANOID;HALF_ELF;MAGE;MAGE_FEMALE_ELF;ohb1neer;;base;Neera;;
OHB1RASD;HUMANOID;HUMAN;MONK;MONK_MALE_HUMAN;ohb1rasd;;base;Rasaad;;
OHB2BLTH;HUMANOID;ELF;SORCERER;MAGE_MALE_HUMAN;ohb2blth;;base;Baeloth;;
OHB2DORN;HUMANOID;HALFORC;PALADIN;FIGHTER_MALE_HALFORC;ohb2dorn;;base;Dorn;;
OHB2KORG;HUMANOID;DWARF;FIGHTER;FIGHTER_MALE_DWARF;ohb2korg;;base;Korgan;;
OHB2PHAR;HUMANOID;ELF;CLERIC_MAGE;CLERIC_FEMALE_ELF;ohb2phar;;base;Phaere;;
OHB2SARV;HUMANOID;HUMAN;FIGHTER;FIGHTER_MALE_HUMAN;ohb2sarv;;base;Sarevok;;
OHB2SMON;HUMANOID;HUMAN;FIGHTER_MAGE;FIGHTER_MALE_HUMAN;ohb2smon;;base;Saemon Havarian;;
OHB3BODH;UNDEAD;VAMPIRE;VAMPIRE;BODHI;ohb3bodh;;base;Bodhi;;
OHB3DEM1;MONSTER;DEMONIC;IMP;CORNUGON;ohb3dem1;None;base;Cornugon;;
OHB3DEM2;MONSTER;DEMONIC;IMP;CORNUGON;ohb3dem2;None;base;Cornugon;;
OHB3DEM3;MONSTER;DEMONIC;IMP;CORNUGON;ohb3dem3;None;base;Cornugon;;
OHB3IREN;HUMANOID;ELF;MAGE;JON_IRENICUS;ohb3iren;;base;Jon Irenicus;;
OHB3VMP1;UNDEAD;VAMPIRE;VAMPIRE;VAMPIRE_FEMALE;ohb3vmp1;None;base;Vampire;;
OHB3VMP2;UNDEAD;VAMPIRE;VAMPIRE;VAMPIRE_FEMALE;ohb3vmp2;None;base;Vampire;;
OHB3VMP3;UNDEAD;VAMPIRE;VAMPIRE;VAMPIRE;ohb3vmp3;None;base;Vampire;;
OHB4MLSN;HUMANOID;HUMAN;CLERIC_MAGE;MELISSAN;OHB4MLSN;;base;Melissan;;
OHB5BHAL;MONSTER;DEMONIC;TANARI;SAREVOK;ohb5bhal;;base;Bhaal;;
OHB6NOOB;HUMANOID;HUMAN;NO_CLASS;PEASANT_MAN;OHB6NOOB;OHBNOOB;base;Noober;;
OHBARZOL;HUMANOID;HUMAN;FIGHTER;FIGHTER_FEMALE_HUMAN;OHBARZOL;OHBARZOL;base;Arzol;;
OHBBAEL;HUMANOID;ELF;SORCERER;MAGE_MALE_ELF;OHBBAEL;OHBSTANN;base;Baeloth;;
OHBBANN2;HUMANOID;ELF;SORCERER;MAGE_MALE_ELF;OHBBANNO;OHBBANNO;base;Bannor;;
OHBBANNO;GIANTHUMANOID;GOLEM;GOLEM_IRON;GOLEM_IRON;OHBBANNO;OHBBANNO;base;Bannor;IronGolem;false
OHBBARTE;HUMANOID;HUMAN;INNOCENT;FAT_MAN;ohbbarte;None;base;Bartender;;
OHBBCLT1;HUMANOID;HUMAN;FIGHTER_THIEF;THIEF_MALE_HUMAN;OHBBCLT1;;base;Bhaal Cultist;;
OHBBCLT2;HUMANOID;HUMAN;CLERIC;CLERIC_FEMALE_HUMAN;OHBBCLT2;;base;Bhaal Cultist;;
OHBBCLT3;HUMANOID;HALFORC;FIGHTER;FIGHTER_MALE_HALFORC;OHBBCLT3;;base;Enegar;;
OHBBCLT4;HUMANOID;HUMAN;THIEF;THIEF_MALE_HUMAN;OHBBCLT4;;base;Kastulor;;
OHBBELLO;HUMANOID;GNOME;FIGHTER;FIGHTER_MALE_DWARF;OHBBELLO;OHBBELLO;base;Bellowgulp;;
OHBBERYL;HUMANOID;ELF;MAGE;MAGE_MALE_ELF;OHBBERYL;OHBBERYL;base;Beryl;;
OHBBRANS;HUMANOID;HUMAN;FIGHTER;SLEEPING_MAN_HUMAN;OHBBRANS;OHBBRANS;base;Branson;;
OHBBRODL;HUMANOID;HALFLING;FIGHTER;FIGHTER_MALE_HALFLING;OHBBRODL;OHBBRODL;base;Brodle;;
OHBBRVGR;HUMANOID;HALFORC;FIGHTER;RAVER;OHBBRVGR;;base;The Ravager;;
OHBBSLAY;HUMANOID;HUMAN;THIEF;SLAYER;OHBBSLAY;;base;Slayer;;
OHBCEL01;MONSTER;ANTISOLAR;CLERIC;CLERIC_FEMALE_ELF;OHBCEL01;;CELESTIALS;Ariziel;;
OHBCEL02;MONSTER;ANTISOLAR;CLERIC;CLERIC_FEMALE_ELF;OHBCEL02;;CELESTIALS;Fallen Astral Deva;;
OHBCEL03;MONSTER;ANTISOLAR;CLERIC;CLERIC_FEMALE_ELF;OHBCEL03;;CELESTIALS;Fallen Monadic Deva;;
OHBCOGUA;HUMANOID;HUMAN;MAGE;MAGE_MALE_HUMAN;OHBCOGUA;OHBCOGUA;base;Cook's Bodyguard;;
OHBCONCO;MONSTER;MYCONID;NO_CLASS;MYCONID_RED;OHBCONCO;OHBCONCO;base;The Concocter;;
OHBCOOK;HUMANOID;DWARF;FIGHTER;CLERIC_MALE_DWARF;OHBCOOK;OHBCOOK;base;The Cook;;
OHBCUREL;HUMANOID;ELF;CLERIC;CLERIC_FEMALE_ELF;OHBCUREL;OHBCUREL;base;Curell of Tempus;;
OHBCUTSC;GENERAL_ITEM;NO_RACE;NO_CLASS;RAT;OHBCUTSC;;base;;;
OHBDANC1;HUMANOID;HUMAN;INNOCENT;HARLOT_WOMAN;OHBDANC1;OHBDANCE;base;Dancer;;
OHBDANC2;HUMANOID;HUMAN;INNOCENT;HARLOT_WOMAN;OHBDANC2;OHBDANCE;base;Dancer;;
OHBDEM01;MONSTER;DEMONIC;TANARI;TANARRI;OHBDEM01;;base;T'alcor;;
OHBDEM02;MONSTER;DEMONIC;TANARI;GLABREZU;OHBDEM02;;base;Glabrezu;;
OHBDEM03;MONSTER;DEMONIC;TANARI;MARILITH;OHBDEM03;;base;Marilith;;
OHBDEM04;MONSTER;DEMONIC;TANARI;SIRINE;OHBDEM04;;base;Succubus;;
OHBDENNA;HUMANOID;HUMAN;MAGE;RED_WIZARD;OHBDENNA;OHBDENNA;base;Dennaton;;
OHBDEV01;MONSTER;DEMONIC;IMP;TANARRI;OHBDEV01;;base;Maadrazel;;
OHBDEV02;MONSTER;DEMONIC;IMP;CORNUGON;OHBDEV02;;base;Cornugon;;
OHBDEV03;MONSTER;DEMONIC;IMP;SALAMANDER_FROST;OHBDEV03;;base;Gelugon;;
OHBDEV04;MONSTER;DEMONIC;IMP;FIGHTER_FEMALE_HUMAN;OHBDEV04;;base;Erinyes;;
OHBDLI01;UNDEAD;DEMILICH;MAGE;DEMILICH;OHBDLI01;;base;Dogar;;
OHBDLI02;UNDEAD;DEMILICH;MAGE;DEMILICH;OHBDLI02;;base;Kazon;;
OHBDMNK1;HUMANOID;HUMAN;MONK;MONK_MALE_HUMAN;OHBDMNK1;;base;Dark Moon Monk;;
OHBDMNK2;HUMANOID;HUMAN;MONK;MONK_FEMALE_HUMAN;OHBDMNK2;;base;Dark Moon Monk;;
OHBDORMA;GIANTHUMANOID;GENIE;CLERIC_MAGE;EFREETI_NOBLE;OHBDORMA;OHBDORMA;base;Dormamus;;
OHBDRAG1;MONSTER;DRAGON;CLERIC_MAGE;DRAGON_SILVER;OHBDRAG1;;base;Yllaxxia;;
OHBDRAG2;MONSTER;DRAGON;CLERIC_MAGE;WYVERN_BIG;OHBDRAG2;;base;Orluss;;
OHBDRAG3;MONSTER;DRAGON;CLERIC_MAGE;WYVERN_BIG;OHBDRAG2;;base;Nyzzlar;;
OHBDRGD;HUMANOID;HUMAN;FIGHTER;FIGHTER_MALE_HUMAN;OHBDRGD;OHBDRGD;base;Guard;;
OHBDRO01;HUMANOID;ELF;FIGHTER;DROW;OHBDRO01;;base;Drow Warrior;;
OHBDRO02;HUMANOID;ELF;FIGHTER;FIGHTER_MALE_ELF;OHBDRO02;;base;Drow Scout;;
OHBDRO03;HUMANOID;ELF;MAGE;MAGE_MALE_ELF;OHBDRO03;;base;Drow Wizard;;
OHBDRO04;HUMANOID;ELF;CLERIC;DROW_FEMALE;OHBDRO04;;base;Drow Priestess;;
OHBDUL02;HUMANOID;HUMAN;MAGE;MAGE_MALE_HUMAN;ohbdulf;;base;Dulf Ebonbeard;;
OHBDUL03;HUMANOID;HUMAN;MAGE;MAGE_MALE_HUMAN;ohbdulf;;base;Dulf Ebonbeard;;
OHBDUL04;HUMANOID;HUMAN;MAGE;MAGE_MALE_HUMAN;ohbdulf;;base;Dulf Ebonbeard;;
OHBDUL05;HUMANOID;HUMAN;MAGE;MAGE_MALE_HUMAN;ohbdulf;;base;Dulf Ebonbeard;;
OHBDULF;HUMANOID;HUMAN;MAGE;MAGE_MALE_HUMAN;ohbdulf;ohbdulf;base;Dulf Ebonbeard;;
OHBDVA01;MONSTER;ANTISOLAR;CLERIC_MAGE;CLERIC_FEMALE_ELF;OHBDVA01;NONE;jtweaks;Fallen Deva;;
OHBEAI01;GIANTHUMANOID;ELEMENTAL;ELEMENTAL_AIR;ELEMENTAL_AIR;OHBEAI01;;base;Greater Air Elemental;;
OHBEEA01;GIANTHUMANOID;ELEMENTAL;ELEMENTAL_EARTH;ELEMENTAL_EARTH;OHBEEA01;;base;Greater Earth Elemental;;
OHBEFI01;GIANTHUMANOID;ELEMENTAL;ELEMENTAL_FIRE;ELEMENTAL_FIRE;OHBEFI01;;base;Greater Fire Elemental;;
OHBELGIA;HUMANOID;TIEFLING;FIGHTER;FIGHTER_MALE_ELF;ohbelgia;ohbelgia;base;Elgiad;;
OHBELL02;HUMANOID;HUMAN;THIEF;THIEF_MALE_HUMAN;ohbellra;;base;Brother Ellraish;;
OHBELL03;HUMANOID;HUMAN;THIEF;THIEF_MALE_HUMAN;ohbellra;;base;Brother Ellraish;;
OHBELL04;HUMANOID;HUMAN;THIEF;THIEF_MALE_HUMAN;ohbellra;;base;Brother Ellraish;;
OHBELL05;HUMANOID;HUMAN;THIEF;THIEF_MALE_HUMAN;ohbellra;;base;Brother Ellraish;;
OHBELLRA;HUMANOID;HUMAN;THIEF;THIEF_MALE_HUMAN;ohbellra;ohbellra;base;Brother Ellraish;;
OHBEWWEI;MONSTER;ELEMENTAL;NO_CLASS;WATER_WEIRD;OHBEWWEI;;base;Greater Water Weird;;
OHBFAN01;GIANTHUMANOID;GENIE;GENIE_NOBLE_EFREETI;FAT_MAN;ohbfan01;ohbdorma;base;Fan;;
OHBFAN02;GIANTHUMANOID;GOLEM;GOLEM_IRON;PEASANT_MAN;ohbfan02;OHBBANNO;base;Fan;IronGolem;false
OHBFAN03;MONSTER;ELEMENTAL;ELEMENTAL_FIRE;PEASANT_MAN;ohbfan03;OHBTHASS;base;Fan;;
OHBFAN04;HUMANOID;HUMAN;MAGE;NOBLE_MAN;ohbfan04;OHBPOL;base;Fan;;
OHBFEL02;HUMANOID;HALFLING;FIGHTER_THIEF;FIGHTER_MALE_HALFLING;ohbfeldr;;base;Feldrak Feldrak'i;;
OHBFEL03;HUMANOID;HALFLING;FIGHTER_THIEF;FIGHTER_MALE_HALFLING;ohbfeldr;;base;Feldrak Feldrak'i;;
OHBFEL04;HUMANOID;HALFLING;FIGHTER_THIEF;FIGHTER_MALE_HALFLING;ohbfeldr;;base;Feldrak Feldrak'i;;
OHBFEL05;HUMANOID;HALFLING;FIGHTER_THIEF;FIGHTER_MALE_HALFLING;ohbfeldr;;base;Feldrak Feldrak'i;;
OHBFELDR;HUMANOID;HALFLING;FIGHTER_THIEF;FIGHTER_MALE_HALFLING;ohbfeldr;ohbfeldr;base;Feldrak Feldrak'i;;
OHBFELFF;HUMANOID;HALFLING;FIGHTER_THIEF;FIGHTER_MALE_HALFLING;ohbfeldr;ohbfeldr;base;Feldrak Feldrak'i;;
OHBGC01;HUMANOID;HUMAN;FIGHTER;FIGHTER_MALE_HUMAN;OHBGC01;OHBGC01;base;Guard Captain;;
OHBGER02;HUMANOID;ELF;MAGE;MAGE_MALE_ELF;ohbgerro;;base;Gerrold Darkfellow;;
OHBGER03;HUMANOID;ELF;MAGE;MAGE_MALE_ELF;ohbgerro;;base;Gerrold Darkfellow;;
OHBGER04;HUMANOID;ELF;MAGE;MAGE_MALE_ELF;ohbgerro;;base;Gerrold Darkfellow;;
OHBGER05;HUMANOID;ELF;MAGE;MAGE_MALE_ELF;ohbgerro;;base;Gerrold Darkfellow;;
OHBGERRO;HUMANOID;ELF;MAGE;MAGE_MALE_ELF;ohbgerro;ohbgerro;base;Gerrold Darkfellow;;
OHBGEZ02;HUMANOID;ELF;MAGE;MAGE_MALE_ELF;ohbgezzt;;base;Gezzthemin;;
OHBGEZ03;HUMANOID;ELF;MAGE;MAGE_MALE_ELF;ohbgezzt;;base;Gezzthemin;;
OHBGEZ04;HUMANOID;ELF;MAGE;MAGE_MALE_ELF;ohbgezzt;;base;Gezzthemin;;
OHBGEZ05;HUMANOID;ELF;MAGE;MAGE_MALE_ELF;ohbgezzt;;base;Gezzthemin;;
OHBGEZZT;HUMANOID;ELF;MAGE;MAGE_MALE_ELF;ohbgezzt;ohbgezzt;base;Gezzthemin;;
OHBGIT01;HUMANOID;GITHYANKI;PALADIN;GITHYANKI;OHBGIT01;;base;Anti-Paladin;;
OHBGIT02;HUMANOID;GITHYANKI;FIGHTER;GITHYANKI;OHBGIT02;;base;Warrior;;
OHBGIT03;HUMANOID;GITHYANKI;FIGHTER_MAGE;GITHYANKI;OHBGIT03;;base;Gish;;
OHBGIT04;HUMANOID;GITHYANKI;FIGHTER_MAGE;GITHYANKI;OHBGIT04;NONE;base;Githyanki Captain;;
OHBGLA01;HUMANOID;HUMAN;FIGHTER_THIEF;THIEF_MALE_HUMAN;OHBGLA01;;base;Gladiator;;
OHBGLA02;HUMANOID;HUMAN;FIGHTER;FIGHTER_MALE_HUMAN;OHBGLA02;;base;Gladiator;;
OHBGLEND;HUMANOID;GNOME;FIGHTER;CLERIC_FEMALE_GNOME;OHBGLEND;;base;Glenda Darkenstone;;
OHBGOL01;GIANTHUMANOID;GOLEM;GOLEM_IRON;GOLEM_IRON;OHBGOL01;;base;Greater Clay Golem;IronGolem;false
OHBGOL02;GIANTHUMANOID;GOLEM;GOLEM_CLAY;GOLEM_CLAY;OHBGOL02;;base;Clay Golem;ClayGolem;false
OHBGOL03;GIANTHUMANOID;GOLEM;GOLEM_CLAY;GOLEM_MINI;OHBGOL02;;base;Lesser Clay Golem;ClayGolem;false
OHBGOLB1;GIANTHUMANOID;GOLEM;NO_CLASS;SKELETON_FIEND;OHBGOLB1;;base;Greater Bone Golem;;
OHBGREST;HUMANOID;HUMAN;FIGHTER;FIGHTER_MALE_HUMAN;OHBGREST;OHBGREST;base;Guard;;
OHBGUA10;HUMANOID;HUMAN;FIGHTER;FIGHTER_MALE_HUMAN;OHBGUA10;OHBGUA;base;Guard;;
OHBGUA11;HUMANOID;HUMAN;FIGHTER;FIGHTER_MALE_HUMAN;OHBGUA11;OHBGUA11;base;Guard;;
OHBGUA12;HUMANOID;HUMAN;FIGHTER;FIGHTER_MALE_HUMAN;OHBGUA12;OHBGUA;base;Guard;;
OHBGUA13;HUMANOID;HUMAN;FIGHTER;FIGHTER_MALE_HUMAN;OHBGUA13;OHBGUA;base;Guard;;
OHBHOR02;HUMANOID;HALFORC;FIGHTER;FIGHTER_MALE_HALFORC;ohbhort;;base;Hort Il-D'rth;;
OHBHOR03;HUMANOID;HALFORC;FIGHTER;FIGHTER_MALE_HALFORC;ohbhort;;base;Hort Il-D'rth;;
OHBHOR04;HUMANOID;HALFORC;FIGHTER;FIGHTER_MALE_HALFORC;ohbhort;;base;Hort Il-D'rth;;
OHBHOR05;HUMANOID;HALFORC;FIGHTER;FIGHTER_MALE_HALFORC;ohbhort;;base;Hort Il-D'rth;;
OHBHORFF;HUMANOID;HALFORC;FIGHTER;FIGHTER_MALE_HALFORC;ohbhort;ohbhort;base;Hort Il-D'rth;;
OHBHORT;HUMANOID;HALFORC;FIGHTER;FIGHTER_MALE_HALFORC;ohbhort;ohbhort;base;Hort Il-D'rth;;
OHBHUEGR;HUMANOID;ELF;NO_CLASS;CLERIC_MALE_ELF;OHBHUEGR;OHBHUEGR;base;Hue Greenleaf;;
OHBIMASC;HUMANOID;HUMAN;MAGE;MAGE_MALE_HUMAN;OHBIMASC;OHBIMASC;base;Imascus;;
OHBIMIM;UNDEAD;MIND_FLAYER;MIND_FLAYER;MINDFLAYER;OHBIMIM;OHBIMIM;base;Magical Item Merchant;;
OHBJOKER;HUMANOID;HALF_ELF;BARD;CLERIC_FEMALE_ELF;OHBJOKER;OHBJOKER;base;Joker;;
OHBJOKMY;MONSTER;NO_RACE;NO_CLASS;MYCONID_RED;OHBJOKER;OHBJOKER;base;Joker;;
OHBLAMP1;HUMANOID;HUMAN;FIGHTER;MAGE_MALE_HUMAN;OHBLAMP1;OHBLAMP1;base;;;
OHBLARIS;HUMANOID;HALFORC;FIGHTER_CLERIC;CLERIC_MALE_HALFORC;OHBLARIS;OHBLARIS;base;Laris of Garagos;;
OHBLEA;HUMANOID;HALF_ELF;FIGHTER_MAGE;FIGHTER_FEMALE_ELF;ohblea;ohblea;base;Lea Gosh'Aar;;
OHBLEA02;HUMANOID;HALF_ELF;FIGHTER_MAGE;FIGHTER_FEMALE_ELF;ohblea;;base;Lea Gosh'Aar;;
OHBLEA03;HUMANOID;HALF_ELF;FIGHTER_MAGE;FIGHTER_FEMALE_ELF;ohblea;;base;Lea Gosh'Aar;;
OHBLEA04;HUMANOID;HALF_ELF;FIGHTER_MAGE;FIGHTER_FEMALE_ELF;ohblea;;base;Lea Gosh'Aar;;
OHBLEA05;HUMANOID;HALF_ELF;FIGHTER_MAGE;FIGHTER_FEMALE_ELF;ohblea;;base;Lea Gosh'Aar;;
OHBLEOKA;HUMANOID;HUMAN;FIGHTER;FIGHTER_MALE_HUMAN;OHBLEOKA;OHBLEOKA;base;Leokas;;
OHBLIC01;UNDEAD;LICH;MAGE;WAILING_VIRGIN;OHBLIC01;;base;Leah Redsun;;
OHBLITTL;HUMANOID;HUMAN;FIGHTER;FIGHTER_MALE_HUMAN;OHBLITTL;;base;Little John;;
OHBLIZ01;HUMANOID;YUANTI;FIGHTER;LIZARD_MAN_ELITE;OHBLIZ01;;base;Lizard Man Chieftain;;
OHBLIZ02;HUMANOID;YUANTI;FIGHTER;LIZARD_MAN_ELITE;OHBLIZ02;;base;Lizard Man Elite;;
OHBLIZ03;HUMANOID;HUMAN;DRUID;LIZARD_MAN_ELITE;OHBLIZ03;;base;Lizard Man Shaman;;
OHBLNGG1;HUMANOID;HUMAN;FIGHTER;FIGHTER_MALE_HUMAN;OHBLNGGD;OHBLNGGD;base;Lounge Guard;;
OHBLNGNS;HUMANOID;HUMAN;FIGHTER;FIGHTER_MALE_HUMAN;OHBLNGNS;OHBLNGNS;base;Lounge Noser;;
OHBMARDI;HUMANOID;HALFLING;MAGE;CLERIC_MALE_HALFLING;OHBMARDI;;base;Mardii;;
OHBMARDU;HUMANOID;HALFLING;INNOCENT;CLERIC_MALE_HALFLING;OHBMARDU;OHBMARDU;base;Marduuk;;
OHBMC;HUMANOID;HUMAN;MAGE;MONK;OHBMC;OHBMC;base;Cowled Wizard;;
OHBMENA1;UNDEAD;WOLF;WOLF_VAMPIRIC;WOLF_VAMPIRIC;OHBMENA1;;base;Vampiric Wolf;VampiricWolf;false
OHBMENA2;ANIMAL;NO_RACE;NO_CLASS;MOOSE;OHBMENA2;;base;Dangerous Moose;;
OHBMENA3;ANIMAL;BEAR;BEAR_BROWN;BEAR_BROWN;OHBMENA3;;base;Grizzly Bear;BrownBear;false
OHBMENA4;ANIMAL;CAT;HUNTER_CREATURE;GREATCAT_LEOPARD;OHBMENA4;;base;Mountain Lion;Leopard;false
OHBMENA5;ANIMAL;NO_RACE;NO_CLASS;SNAKE;OHBMENA5;NONE;base;Boalisk;;
OHBMENA6;MONSTER;CARRIONCRAWLER;CARRIONCRAWLER;CARRION_CRAWLER;OHBMENA6;;base;Carrion Crawler;CarrionCrawler;false
OHBMENA7;MONSTER;SPIDER;SPIDER_PHASE;SPIDER_PHASE;OHBMENA7;;base;Vortex Spider;PhaseSpider;false
OHBMENA8;MONSTER;WYVERN;WYVERN;WYVERN_BIG;OHBMENA8;;base;Greater Wyvern;Wyvern;false
OHBMER02;HUMANOID;HUMAN;FIGHTER;FIGHTER_FEMALE_HUMAN;ohbmercy;;base;Mercy Whitedove;;
OHBMER03;HUMANOID;HUMAN;FIGHTER;FIGHTER_FEMALE_HUMAN;ohbmercy;;base;Mercy Whitedove;;
OHBMER04;HUMANOID;HUMAN;FIGHTER;FIGHTER_FEMALE_HUMAN;ohbmercy;;base;Mercy Whitedove;;
OHBMER05;HUMANOID;HUMAN;FIGHTER;FIGHTER_FEMALE_HUMAN;ohbmercy;;base;Mercy Whitedove;;
OHBMERCY;HUMANOID;HUMAN;FIGHTER;FIGHTER_FEMALE_HUMAN;ohbmercy;ohbmercy;base;Mercy Whitedove;;
OHBMERLE;HUMANOID;HUMAN;FIGHTER;FIGHTER_MALE_HUMAN;OHBMERLE;;base;Merle;;
OHBMESSE;HUMANOID;HUMAN;FIGHTER;FIGHTER_MALE_HUMAN;OHBMESSE;OHBMESSE;base;Messenger Guard;;
OHBMHSM;HUMANOID;HUMAN;MAGE;BEGGAR_MAN;OHBMHSM;OHBMHSM;base;Book Merchant;;
OHBMIN01;HUMANOID;OGRE;FIGHTER;MINOTAUR;OHBMIN01;;base;Minotaur;OgreBerserker;false
OHBMINSU;HUMANOID;OGRE;FIGHTER;MINOTAUR;OHBMINSU;;base;Minotaur;OgreBerserker;false
OHBMND01;HUMANOID;MIND_FLAYER;MIND_FLAYER;MINDFLAYER;OHBMND01;;base;Mind Flayer;;
OHBMND02;HUMANOID;MIND_FLAYER;NO_CLASS;MINDFLAYER;OHBMND02;;base;Ulitharid;;
OHBMOLZA;HUMANOID;HALFLING;CLERIC;CLERIC_MALE_HALFLING;OHBMOLZA;OHBMOLZA;base;Molzahn of Tymora;;
OHBMORT;HUMANOID;ELF;MAGE;MAGE_MALE_ELF;OHBMORT;OHBMORT;base;Mort the Wizard;;
OHBNAJIM;GIANTHUMANOID;GENIE;CLERIC_MAGE;DJINNI;OHBNAJIM;OHBNAJIM;base;Najim;;
OHBNOS01;HUMANOID;HUMAN;FIGHTER;FIGHTER_MALE_HUMAN;OHBNOS01;;base;Noser;;
OHBNOS02;HUMANOID;HUMAN;FIGHTER;FIGHTER_MALE_HUMAN;OHBNOS02;;base;Noser;;
OHBNOS03;HUMANOID;HUMAN;FIGHTER;FIGHTER_MALE_HUMAN;OHBNOS03;;base;Noser;;
OHBNOS04;HUMANOID;HUMAN;FIGHTER;FIGHTER_MALE_HUMAN;OHBNOS04;;base;Noser;;
OHBNOS05;HUMANOID;HUMAN;FIGHTER;FIGHTER_MALE_HUMAN;OHBNOS05;;base;Noser;;
OHBNOSHU;HUMANOID;HUMAN;THIEF;THIEF_MALE_HUMAN;OHBNOSHU;OHBNOSHU;base;Noser;;
OHBNPC01;HUMANOID;HUMAN;FIGHTER;FIGHTER_MALE_HUMAN;OHBNPC01;OHBNPC01;base;Elite Guard;;
OHBORC01;HUMANOID;ORC;FIGHTER;ORC_MELEE;OHBORC01;;base;Orc;;
OHBORC02;HUMANOID;ORC;ORC;ORC_ELITE_RANGE;OHBORC02;;base;Orc Archer;;
OHBORC03;HUMANOID;ORC;CLERIC;ORC_SHAMAN;OHBORC03;;base;Orc Priest;;
OHBORC04;HUMANOID;ORC;MAGE;ORC_SHAMAN;OHBORC04;;base;Orc Mage;;
OHBPOL;HUMANOID;HUMAN;FIGHTER_MAGE;MAGE_MALE_HUMAN;OHBPOL;OHBPOL;base;Pol Pyrrus;;
OHBRAK01;HUMANOID;RAKSHASA;MAGE;RAKSHASA;OHBRAK01;;base;Maharajah;;
OHBRAK02;HUMANOID;RAKSHASA;FIGHTER_MAGE;RAKSHASA;OHBRAK02;;base;Ruhk;;
OHBRAK03;HUMANOID;RAKSHASA;FIGHTER_MAGE;RAKSHASA;OHBRAK03;;base;Rakshasa;;
OHBRFF01;HUMANOID;PLATE;LONG_SWORD;BIRD;OHBRFF01;NONE;base;;;
OHBRGUA1;HUMANOID;HUMAN;FIGHTER;FIGHTER_MALE_HUMAN;ohbrgua1;None;base;Guard;;
OHBRGUA2;HUMANOID;HUMAN;FIGHTER;FIGHTER_MALE_HUMAN;ohbrgua2;None;base;Guard;;
OHBRW01;HUMANOID;HUMAN;MAGE;MAGE_FEMALE_HUMAN;OHBRW01;OHBGUARD;base;Red Wizard;;
OHBSAH01;HUMANOID;SAHUAGIN;FIGHTER;SAHUAGIN_LARGE;OHBSAH01;;base;Sahuagin Prince;;
OHBSAH02;HUMANOID;SAHUAGIN;SAHUAGIN;SAHUAGIN;OHBSAH02;NONE;base;Sahuagin Priestess;;
OHBSAH03;HUMANOID;SAHUAGIN;SAHUAGIN;SAHUAGIN;OHBSAH03;;base;Sahuagin Baron;;
OHBSDWM;HUMANOID;DWARF;FIGHTER;FIGHTER_MALE_DWARF;OHBSDWM;OHBSDWM;base;Weapon Merchant;;
OHBSHORT;HUMANOID;GNOME;INNOCENT;CLERIC_MALE_GNOME;OHBSHORT;OHBSHORT;base;Short-Order;;
OHBSMNK1;HUMANOID;HUMAN;MONK;MONK_MALE_HUMAN;OHBSMNK1;;base;Sun Soul Monk;;
OHBSMNK2;HUMANOID;HUMAN;MONK;MONK_FEMALE_HUMAN;OHBSMNK2;;base;Sun Soul Monk;;
OHBSPI01;MONSTER;SPIDER;SPIDER_HUGE;SPIDER_SMALL;OHBSPI01;;base;Small Spider;HairySpider;false
OHBSTANN;HUMANOID;ELF;SORCERER;MAGE_MALE_ELF;OHBSTANN;OHBSTANN;base;Stannel Eibor;;
OHBSTIRV;HUMANOID;ELF;THIEF;THIEF_MALE_ELF;OHBSTIRV;OHBSTIRV;base;Stirv the Creature Wrangler;;
OHBSYM02;HUMANOID;DWARF;FIGHTER;FIGHTER_MALE_DWARF;ohbsymm;;base;Symm Haximus;;
OHBSYM03;HUMANOID;DWARF;FIGHTER;FIGHTER_MALE_DWARF;ohbsymm;;base;Symm Haximus;;
OHBSYM04;HUMANOID;DWARF;FIGHTER;FIGHTER_MALE_DWARF;ohbsymm;;base;Symm Haximus;;
OHBSYM05;HUMANOID;DWARF;FIGHTER;FIGHTER_MALE_DWARF;ohbsymm;;base;Symm Haximus;;
OHBSYMM;HUMANOID;DWARF;FIGHTER;FIGHTER_MALE_DWARF;ohbsymm;ohbsymm;base;Symm Haximus;;
OHBSZASS;UNDEAD;LICH;MAGE;MAGE_MALE_HUMAN;OHBSZASS;OHBSZASS;base;Mysterious Figure;;
OHBTARTL;HUMANOID;HALFLING;FIGHTER_THIEF;FIGHTER_MALE_HALFLING;OHBTARTL;OHBTARTL;base;Tartle;;
OHBTHASS;MONSTER;NO_RACE;MAGE;SALAMANDER_FIRE;OHBTHASS;OHBTHASS;base;Thassk Kun;;
OHBTHKNI;HUMANOID;HUMAN;FIGHTER;FIGHTER_MALE_HUMAN;OHBTHKNI;;base;Thayan Knight;;
OHBTHR01;HUMANOID;HUMAN;FIGHTER;FIGHTER_MALE_HUMAN;OHBTHR01;;base;Thrall Fighter;;
OHBTHR02;HUMANOID;HUMAN;MAGE;MAGE_FEMALE_HUMAN;OHBTHR02;;base;Thrall Wizard;;
OHBTHR03;HUMANOID;ELF;RANGER;FIGHTER_MALE_ELF;OHBTHR03;;base;Thrall Archer;;
OHBTIM02;HUMANOID;HUMAN;FIGHTER_CLERIC;FIGHTER_MALE_HUMAN;ohbtimmo;;base;Timmoth Goodtree;;
OHBTIM03;HUMANOID;HUMAN;FIGHTER_CLERIC;FIGHTER_MALE_HUMAN;ohbtimmo;;base;Timmoth Goodtree;;
OHBTIM04;HUMANOID;HUMAN;FIGHTER_CLERIC;FIGHTER_MALE_HUMAN;ohbtimmo;;base;Timmoth Goodtree;;
OHBTIM05;HUMANOID;HUMAN;FIGHTER_CLERIC;FIGHTER_MALE_HUMAN;ohbtimmo;;base;Timmoth Goodtree;;
OHBTIMMO;HUMANOID;HUMAN;FIGHTER_CLERIC;FIGHTER_MALE_HUMAN;ohbtimmo;ohbtimmo;base;Timmoth Goodtree;;
OHBUMB01;MONSTER;UMBERHULK;UMBERHULK;UMBER_HULK;OHBUMB01;;base;Umber Hulk Elder;;
OHBVMP01;UNDEAD;VAMPIRE;MAGE;VAMPIRE;OHBVMP01;;base;Gaul;;
OHBVMP02;HUMANOID;VAMPIRE;FIGHTER;VAMPIRE;OHBVMP02;;base;Vampire;;
OHBVMP03;UNDEAD;HUMAN;THIEF;VAMPIRE_FEMALE;OHBVMP03;;base;Vampire;;
OHBVMP04;UNDEAD;VAMPIRE;VAMPIRE;VAMPIRE_FEMALE;OHBVMP04;NONE;base;Vampire;;
OHBVOG02;HUMANOID;HUMAN;BARD;FIGHTER_MALE_HUMAN;ohbvoghi;;base;Voghiln the Vast;;
OHBVOG03;HUMANOID;HUMAN;BARD;FIGHTER_MALE_HUMAN;ohbvoghi;;base;Voghiln the Vast;;
OHBVOG04;HUMANOID;HUMAN;BARD;FIGHTER_MALE_HUMAN;ohbvoghi;;base;Voghiln the Vast;;
OHBVOG05;HUMANOID;HUMAN;BARD;FIGHTER_MALE_HUMAN;ohbvoghi;;base;Voghiln the Vast;;
OHBVOGFF;HUMANOID;HUMAN;BARD;FIGHTER_MALE_HUMAN;ohbvoghi;ohbvoghi;base;Voghiln the Vast;;
OHBVOGHI;HUMANOID;HUMAN;BARD;FIGHTER_MALE_HUMAN;ohbvoghi;ohbvoghi;base;Voghiln the Vast;;
OHBWAT01;GIANTHUMANOID;ELEMENTAL;NO_CLASS;WATER_WEIRD;OHBWAT01;;base;Greater Water Elemental;;
OHBWING;MONSTER;DARKPLANATAR;CLERIC_MAGE;MAGE_FEMALE_ELF;OHBWING;OHBWING;CELESTIALS;The Winged;;
OHBWING2;MONSTER;DARKPLANATAR;CLERIC_MAGE;MAGE_FEMALE_ELF;OHBWING2;OHBWING2;CELESTIALS;The Winged;;
OHDANIM1;ANIMAL;BEAR;BEAR_CAVE;BEAR_CAVE;TRANIM01;;base;Cave Bear;CaveBear;false
OHDANIM2;ANIMAL;WOLF;WOLF;WOLF;tranim02;;base;Wolf;Wolf;false
OHDANIM3;ANIMAL;CAT;WOLF_DIRE;GREATCAT_PANTHER;tranim03;;base;Panther;Jaguar;false
OHDANIM4;MONSTER;SPIDER;SPIDER_HUGE;SPIDER_SMALL;None;;base;Small Spider;HairySpider;false
OHDAZOT1;MONSTER;DEMONIC;TANARI;THIEF_FEMALE_HUMAN;OHDAZOT1;OHDAZOTH;base;Azothet;;
OHDAZOTH;MONSTER;DEMONIC;TANARI;THIEF_FEMALE_HUMAN;OHDAZOTH;OHDAZOTH;base;Azothet;;
OHDBALD;HUMANOID;HUMAN;PALADIN;FIGHTER_MALE_HUMAN;OHDBALD;OHDBALD;base;Baldwin;;
OHDBBRO;HUMANOID;HUMAN;FIGHTER;FIGHTER_MALE_HUMAN;OHDBBRO;OHDBBRO;base;Bride's Brother;;
OHDBFATH;HUMANOID;HUMAN;FIGHTER;FIGHTER_MALE_HUMAN;OHDBFATH;OHDBFATH;base;Bride's Father;;
OHDBOLL;HUMANOID;HUMAN;PALADIN;CLERIC_MALE_HUMAN;OHDBOLL;OHDBOLL;base;Bollard Firejaw;;
OHDBRIDE;HUMANOID;HUMAN;FAIRY_NYMPH;NOBLE_WOMAN;OHDBRIDE;OHDBRIDE;base;Bride;;
OHDBY01;HUMANOID;HUMAN;INNOCENT;PEASANT_MAN;ohdby01;ohdby01;base;Customer;;
OHDBY02;HUMANOID;HUMAN;FIGHTER;FIGHTER_MALE_HUMAN_LOW;OHDBY02;OHDBY02;base;Mercenary;;
OHDCDAWG;ANIMAL;DOG;DOG_WAR;DOG_MOON;OHDCDAWG;;base;Celestial Hound;WarDog;false
OHDCHAN1;HUMANOID;HUMAN;MAGE;MONK;OHDCHAN1;;base;Petitioner;;
OHDCHAN2;HUMANOID;HUMAN;MAGE;MONK;OHDCHAN2;;base;Petitioner;;
OHDCHAN3;HUMANOID;HUMAN;MAGE;MONK;OHDCHAN3;;base;Petitioner;;
OHDCOLIN;HUMANOID;HUMAN;NO_CLASS;NOBLE_MAN;ohdcolin;OHDCOLIN;base;Colin;;
OHDCRCUT;HUMANOID;HUMAN;PALADIN;FIGHTER_MALE_HUMAN;OHDCRCUT;NONE;base;Crusader;;
OHDCRU01;HUMANOID;HUMAN;CLERIC;CLERIC_FEMALE_HUMAN;OHDCRU01;OHDCRUSA;base;Crusader;;
OHDCRU02;HUMANOID;HUMAN;CLERIC;CLERIC_MALE_HUMAN;OHDCRU02;OHDCRUSA;base;Crusader;;
OHDCRU03;HUMANOID;HUMAN;PALADIN;FIGHTER_MALE_HUMAN;OHDCRU03;OHDCRUSA;base;Crusader;;
OHDCRU04;HUMANOID;HUMAN;PALADIN;FIGHTER_FEMALE_HUMAN;OHDCRU04;OHDCRUSA;base;Crusader;;
OHDDDOLR;MONSTER;DRAGON;SILVER_DRAGON;DRAGON_SILVER;OHDDDOLR;OHDDDOLR;base;Dolrassa;;
OHDDEF01;HUMANOID;HUMAN;PALADIN;FIGHTER_MALE_HUMAN;OHDDEF01;OHDDEF01;base;Paladin of Tyr;;
OHDDEF02;HUMANOID;HUMAN;PALADIN;FIGHTER_FEMALE_HUMAN;OHDDEF02;OHDDEF02;base;Paladin of Tyr;;
OHDDEF03;HUMANOID;HUMAN;PALADIN;FIGHTER_MALE_HUMAN;OHDDEF03;OHDDEF03;base;Paladin of Tyr;;
OHDDIXTH;MONSTER;DRAGON;SILVER_DRAGON;DRAGON_SILVER;ohddixth;OHDDIXTH;base;Ixthezzys;;
OHDDOOR1;HUMANOID;HUMAN;FIGHTER;FIGHTER_MALE_HUMAN;OHDDOOR1;OHDDOOR1;base;Doorman;;
OHDFAER;MONSTER;WYVERN;MAGE;WYVERN_FAMILIAR;OHDFAER;;base;Faerie Dragon;BabyWyvern;false
OHDFIREJ;HUMANOID;HUMAN;PALADIN;CLERIC_MALE_HUMAN;OHDFIREJ;OHDFIREJ;base;Bollard Firejaw;;
OHDGOLD;GENERAL_ITEM;STATUE;NO_CLASS;OGRE;ohdgold;None;base;Statue;;
OHDGUAR1;HUMANOID;HUMAN;FIGHTER;FIGHTER_MALE_HUMAN;OHDGUAR1;;base;Guard;;
OHDGUES1;HUMANOID;HUMAN;FIGHTER;NOBLE_MAN;OHDGUES1;;base;Wedding Guest;;
OHDGUES2;HUMANOID;HUMAN;BARD;NOBLE_WOMAN;OHDGUES2;;base;Wedding Guest;;
OHDHAM01;HUMANOID;HUMAN;PALADIN;FIGHTER_FEMALE_HUMAN;OHDHAM01;OHDHAMMS;base;Wagner;;
OHDHAM02;HUMANOID;HUMAN;PALADIN;FIGHTER_MALE_DWARF;OHDHAM02;OHDHAMMS;base;Big Mordim;;
OHDHAM03;HUMANOID;HUMAN;CLERIC;CLERIC_MALE_HUMAN;OHDHAM03;OHDHAMMS;base;Simon;;
OHDHAMMS;HUMANOID;HUMAN;CLERIC;CLERIC_MALE_HUMAN;OHDHAMMS;OHDHAMMS;base;Garfunkle;;
OHDHCOOK;HUMANOID;HUMAN;INNOCENT;FAT_MAN;OHDHCOOK;ohdhelmk;base;Cook;;
OHDHELMK;HUMANOID;HUMAN;FIGHTER;FIGHTER_MALE_HUMAN;ohdhelmk;ohdhelmk;base;Shield Knight;;
OHDHOKK;HUMANOID;HUMAN;PALADIN;FIGHTER_MALE_HUMAN;OHDHOKK;OHDHOKK;base;Hokkney of Tyr;;
OHDHPR;HUMANOID;HUMAN;CLERIC;CLERIC_MALE_HUMAN_LOW;OHDHPR;ohdhelmk;base;Priest of Helm;;
OHDHRT1;HUMANOID;HUMAN;FIGHTER;FIGHTER_MALE_HUMAN_LOW;ohdhrt1;ohdhrt1;base;Knight of the Order;;
OHDHSEN;HUMANOID;HUMAN;CLERIC;CLERIC_MALE_HUMAN_LOW;OHDHSEN;OHDHSEN;base;Helmite Sentry;;
OHDHSEN2;HUMANOID;HUMAN;CLERIC;CLERIC_MALE_HUMAN_LOW;OHDHSEN2;ohdhelmk;base;Helmite Sentry;;
OHDHSQR;HUMANOID;HUMAN;FIGHTER;FIGHTER_MALE_HUMAN;OHDHSQR;;base;Squire Haldi;;
OHDKRYLL;HUMANOID;HUMAN;MAGE;MAGE_FEMALE_HUMAN;OHDKRYLL;OHDKRYLL;base;Kryll;;
OHDLUFCL;HUMANOID;HUMAN;CLERIC;CLERIC_FEMALE_HUMAN;ohdlufcl;ohdlufcl;base;Crusader;;
OHDLUFPL;HUMANOID;HUMAN;PALADIN;FIGHTER_FEMALE_HUMAN;ohdlufpl;ohdlufpl;base;Crusader;;
OHDLUMCL;HUMANOID;HUMAN;CLERIC;CLERIC_MALE_HUMAN;ohdlumcl;ohdlumcl;base;Crusader;;
OHDLUMPL;HUMANOID;HUMAN;PALADIN;FIGHTER_MALE_HUMAN;ohdlumpl;ohdlumpl;base;Crusader;;
OHDNAIMA;HUMANOID;HUMAN;MAGE;MONK;OHDNAIMA;OHDNAIMA;base;Naiman Alore;;
OHDNEO01;HUMANOID;HUMAN;PALADIN;FIGHTER_FEMALE_HUMAN;OHDNEO01;OHDNEO01;base;Paladin of Tyr;;
OHDNEO02;HUMANOID;HUMAN;PALADIN;FIGHTER_MALE_HUMAN;OHDNEO02;OHDNEO02;base;Paladin of Tyr;;
OHDNEO03;HUMANOID;HUMAN;CLERIC;CLERIC_FEMALE_HUMAN;OHDNEO03;OHDNEO03;base;Priest of Tyr;;
OHDNEO04;HUMANOID;HUMAN;CLERIC;CLERIC_MALE_HUMAN;OHDNEO04;OHDNEO04;base;Priest of Tyr;;
OHDNOOB;HUMANOID;HUMAN;NO_CLASS;PEASANT_MAN;OHDNOOB;OHDNOOB;base;Noober;;
OHDNYMPH;HUMANOID;FAIRY;FIGHTER;SIRINE;;;base;Nymph;Dryad;false
OHDPLANB;GIANTHUMANOID;PLANATAR;CLERIC_MAGE;MAGE_MALE_ELF;OHDPLANB;OHDPLANJ;jtweaks;Planetar of Justice;;
OHDPLANJ;MONSTER;PLANATAR;CLERIC_MAGE;MAGE_MALE_ELF;ohdplanj;OHDPLANJ;jtweaks;Planetar of Justice;;
OHDPLANL;MONSTER;PLANATAR;CLERIC_MAGE;MAGE_MALE_ELF;OHDPLANL;OHDPLANL;jtweaks;Planetar;;
OHDPORTL;GENERAL_ITEM;SWORD;FIGHTER;STATIC_HUMANCLERIC_MAN_CHAIR;OHDSWAZ;OHDSWAZ;base;Glowing Portal;;
OHDPPAL;HUMANOID;HUMAN;PALADIN;FIGHTER_MALE_HUMAN;OHDPPAL;OHDPPAL;base;Paladin of Tyr;;
OHDPPE01;HUMANOID;HALF_ELF;CLERIC;CLERIC_FEMALE_ELF;OHDPPE01;OHDPPE01;base;Priest of Tyr;;
OHDPPE02;HUMANOID;HUMAN;CLERIC;CLERIC_MALE_HUMAN;;OHDPPE02;base;Priest of Tyr;;
OHDPPET;HUMANOID;HUMAN;FIGHTER;FIGHTER_FEMALE_HUMAN;OHDPPET;OHDPPET;base;Fighter of Tyr;;
OHDPPLAN;MONSTER;PLANATAR;CLERIC_MAGE;MAGE_MALE_ELF;OHDPPLAN;OHDPPLAN;jtweaks;Planetar;;
OHDRANKH;MONSTER;ANKHEG;ANKHEG;ANKHEG;NONE;;base;Corrupted Ankheg;Ankheg;false
OHDRDEF;HUMANOID;GNOME;CLERIC;CLERIC_MALE_GNOME;OHDRDEF;OHDRDEF;base;Priest of Tyr;;
OHDRIKKO;HUMANOID;HUMAN;FIGHTER;FIGHTER_MALE_HUMAN;OHDRIKKO;OHDRIKKO;base;Rikkon;;
OHDSAEM;HUMANOID;HUMAN;FIGHTER_MAGE;FIGHTER_MALE_HUMAN;OHDSAEM;;base;Saemon Havarian;;
OHDSCROL;GENERAL_ITEM;SWORD;FIGHTER;STATIC_HUMANCLERIC_MAN_CHAIR;OHDSCROL;OHDSCROL;base;Scroll of Retribution;;
OHDSOLAR;MONSTER;PLANATAR;CLERIC_MAGE;MAGE_MALE_ELF;OHDSOLAR;OHDSOLAR;jtweaks;Planetar;;
OHDSPE01;HUMANOID;HUMAN;FIGHTER;MAGE_MALE_HUMAN;OHDSPE01;;base;Petitioner;;
OHDSPE02;HUMANOID;HUMAN;FIGHTER;MAGE_MALE_HUMAN;OHDSPE02;;base;Petitioner;;
OHDSPE03;HUMANOID;HUMAN;FIGHTER;MAGE_MALE_HUMAN;OHDSPE03;;base;Petitioner;;
OHDSPLAN;GIANTHUMANOID;PLANATAR;CLERIC_MAGE;MAGE_MALE_ELF;ohdsplan;OHDPLANJ;jtweaks;Planetar of Justice;;
OHDSUMM;HUMANOID;HUMAN;DRUID;CLERIC_FEMALE_HUMAN;OHDSUMM;OHDSUMM;base;Summerheigh;;
OHDSWAZ;GENERAL_ITEM;SWORD;FIGHTER;STATIC_HUMANCLERIC_MAN_CHAIR;OHDSWORD;OHDSWORD;base;Azothet;;
OHDSWUR;GENERAL_ITEM;SWORD;FIGHTER;STATIC_HUMANCLERIC_MAN_CHAIR;OHDSWORD;OHDSWORD;base;Ur-Gothoz;;
OHDTERP;HUMANOID;HUMAN;CLERIC;CLERIC_MALE_HUMAN_LOW;OHDTERP;OHDTERP;base;Guardian Terpfen;;
OHDTHUG;HUMANOID;HUMAN;FIGHTER;FIGHTER_MALE_HUMAN;OHDTHUG;;base;Wedding "Guest";;
OHDTMFIL;MONSTER;WYVERN;MAGE;WYVERN_FAMILIAR;OHDTMFIL;OHDTMFIL;base;The Magnificent Fil;BabyWyvern;false
OHDTRAGG;HUMANOID;HUMAN;PALADIN;FIGHTER_MALE_HUMAN;OHDTRAGG;OHDTRAGG;base;Traggor the Hammer;;
OHDTREAD;HUMANOID;HALFLING;FIGHTER;FIGHTER_MALE_HALFLING;OHDTREAD;OHDTREAD;base;Treadsoft;;
OHDTREE0;HUMANOID;HUMAN;PALADIN;FIGHTER_MALE_HUMAN;;;base;Paladin of Tyr;;
OHDTREE1;HUMANOID;HUMAN;CLERIC;CLERIC_MALE_HUMAN;;;base;Priest of Tyr;;
OHDTREE2;HUMANOID;HUMAN;PALADIN;FIGHTER_FEMALE_HUMAN;;;base;Paladin of Tyr;;
OHDTREE3;HUMANOID;HUMAN;PALADIN;FIGHTER_FEMALE_HUMAN;;;base;Paladin of Tyr;;
OHDTREE4;HUMANOID;HUMAN;INNOCENT;NOBLE_MAN;;;base;Fighter of Tyr;;
OHDTREE5;HUMANOID;HUMAN;INNOCENT;NOBLE_MAN;;;base;Fighter of Tyr;;
OHDTREE6;HUMANOID;HUMAN;INNOCENT;NOBLE_WOMAN;;;base;Fighter of Tyr;;
OHDTREE7;HUMANOID;HUMAN;INNOCENT;NOBLE_WOMAN;;;base;Fighter of Tyr;;
OHDTREE8;HUMANOID;HUMAN;INNOCENT;PEASANT_WOMAN;;;base;Fighter of Tyr;;
OHDTREE9;HUMANOID;HUMAN;INNOCENT;PEASANT_MAN;;;base;Fighter of Tyr;;
OHDUGCUT;MONSTER;DEMONIC;TANARI;GLABREZU;OHDUGOTH;OHDUGOTH;STRATAGEMS;Ur-Gothoz;;
OHDUGOTH;MONSTER;DEMONIC;TANARI;GLABREZU;OHDUGOTH;OHDUGOTH;STRATAGEMS;Ur-Gothoz;;
OHDVERN;HUMANOID;HUMAN;DRUID;SLEEPING_MAN_HUMAN;OHDVERN;OHDVERN;base;Vernus;;
OHDWNTRB;HUMANOID;FAIRY;FIGHTER;SIRINE;OHDWNTRB;OHDWNTRB;base;Winterbrook;Dryad;false
OHDXACH;MONSTER;DEMONIC;TANARI;GLABREZU;OHDXACH;OHDXACH;base;Xachrimos;;
OHDXACH2;MONSTER;DEMONIC;TANARI;GLABREZU;OHDXACH;;base;Xachrimos;;
OHDYARR;HUMANOID;FAIRY;FIGHTER;SIRINE;OHDYARR;OHDYARR;base;Yarrow;Dryad;false
OHDZARA;HUMANOID;HUMAN;BARD;CLERIC_FEMALE_HUMAN;OHDZARA;OHDZARA;base;Zara;;
OHGITH03;HUMANOID;GITHYANKI;PALADIN;GITHYANKI;gith03;None;base;Anti-Paladin;;
OHHALHOO;UNDEAD;MIND_FLAYER;MIND_FLAYER;MINDFLAYER;NONE;NONE;base;Alhoon;;
OHHAUNT;HUMANOID;HUMAN;CLERIC;CLERIC_FEMALE_HUMAN_LOW;OHHAUNT;OHHAUNT;base;Daxxii;;
OHHAYESH;HUMANOID;HUMAN;MAGE;MONK_FEMALE_HUMAN;OHHAYESH;OHHAYESH;base;Rabi'ah;;
OHHBONEG;UNDEAD;SKELETON;GOLEM_FLESH;SKELETON_FIEND;dbonef01;None;base;Bone Fiend;SkeletonWarrior;false
OHHBOROK;HUMANOID;YUANTI;FIGHTER;YUAN-TI_ELITE;ohhborok;OHHBOROK;base;Borok-Tosst;;
OHHBURIC;UNDEAD;WRAITH;WRAITH;FIGHTER_MALE_HUMAN;OHHBURIC;OHHBURIC;base;Burich;;
OHHCAB25;HUMANOID;HUMAN;FIGHTER_THIEF;FIGHTER_FEMALE_HUMAN;OHHCAB25;OHHCAB25;base;Cabrina;;
OHHCABRI;HUMANOID;HUMAN;FIGHTER_THIEF;FIGHTER_FEMALE_HUMAN;ohhcabri;OHHCABRI;base;Cabrina;;
OHHCGAS;MONSTER;NO_RACE;NO_CLASS;BLOB_MIST_CREATURE;ohhcgas;;base;Gaseous Form;;
OHHCULAK;HUMANOID;GNOME;MAGE;MAGE_MALE_GNOME;OHHCULAK;OHHCULAK;base;Culak;;
OHHDECOY;UNDEAD;LICH;MAGE;LICH;OHHDECOY;OHHDECOY;base;Lich;;
OHHDJINN;GIANTHUMANOID;GENIE;GENIE_NOBLE_DJINNI;DJINNI_LEGS;;;base;Furious Djinni;;
OHHDRAGO;UNDEAD;VAMPIRE;FIGHTER;DEATH_KNIGHT;OHHDRAGO;OHHDRAGO;base;Dragomir the Red;;
OHHEX10;UNDEAD;VAMPIRE;THIEF;THIEF_FEMALE_HUMAN;hexxat;HEXXAT;base;Hexxat;;
OHHEX11;UNDEAD;VAMPIRE;THIEF;THIEF_FEMALE_HUMAN;hexxat;HEXXAT;base;Hexxat;;
OHHEX13;UNDEAD;VAMPIRE;THIEF;THIEF_FEMALE_HUMAN;hexxat;HEXXAT;base;Hexxat;;
OHHEX15;UNDEAD;VAMPIRE;THIEF;THIEF_FEMALE_HUMAN;hexxat;HEXXAT;base;Hexxat;;
OHHEX25;UNDEAD;VAMPIRE;THIEF;THIEF_FEMALE_HUMAN;HEXXAT;HEXXA25A;base;Hexxat;;
OHHEX8;UNDEAD;VAMPIRE;THIEF;THIEF_FEMALE_HUMAN;HEXXAT;HEXXAT;base;Hexxat;;
OHHEX9;UNDEAD;VAMPIRE;THIEF;THIEF_FEMALE_HUMAN;hexxat;HEXXAT;base;Hexxat;;
OHHFAK10;HUMANOID;HUMAN;THIEF;THIEF_FEMALE_HUMAN;OHHFAK;OHHFAK;base;Hexxat;;
OHHFAK11;HUMANOID;HUMAN;THIEF;THIEF_FEMALE_HUMAN;OHHFAK;OHHFAK;base;Hexxat;;
OHHFAK13;HUMANOID;HUMAN;THIEF;THIEF_FEMALE_HUMAN;OHHFAK;OHHFAK;base;Hexxat;;
OHHFAK15;HUMANOID;HUMAN;THIEF;THIEF_FEMALE_HUMAN;OHHFAK;OHHFAK;base;Hexxat;;
OHHFAK8;HUMANOID;HUMAN;THIEF;THIEF_FEMALE_HUMAN;OHHFAK;OHHFAK;base;Hexxat;;
OHHFAK9;HUMANOID;HUMAN;THIEF;THIEF_FEMALE_HUMAN;OHHFAK;OHHFAK;base;Hexxat;;
OHHFIGHT;HUMANOID;HUMAN;FIGHTER;CLERIC_MALE_HUMAN;ohhfight;;base;Statue;;
OHHGFORM;MONSTER;NO_RACE;NO_CLASS;BLOB_MIST_CREATURE;ohhgform;NONE;base;Gaseous Form;;
OHHGHST1;HUMANOID;HUMAN;THIEF;THIEF_FEMALE_HUMAN;OHHGHST1;OHHGHST1;base;Thief;;
OHHGHST2;HUMANOID;HUMAN;THIEF;THIEF_FEMALE_HUMAN;OHHGHST2;OHHGHST2;base;Thief;;
OHHGHST3;HUMANOID;HUMAN;THIEF;THIEF_FEMALE_HUMAN;OHHGHST3;;base;Thief;;
OHHGHUF;HUMANOID;HUMAN;MAGE;MONK_FEMALE_HUMAN;OHHGHUFRAN;;base;Sukayna;;
OHHGM01;HUMANOID;HUMAN;MONK;MONK_MALE_HUMAN;OHHGM01;OHHGM01;base;Ghostly Monk;;
OHHGM02;HUMANOID;HUMAN;MONK;MONK_MALE_HUMAN;OHHGM02;OHHGM02;base;Ghostly Monk;;
OHHGM03;HUMANOID;HUMAN;MONK;MONK_MALE_HUMAN;OHHGM03;OHHGM03;base;Ghostly Monk;;
OHHGMONK;HUMANOID;HUMAN;MONK;MONK_MALE_HUMAN;OHHGMONK;OHHPRST;base;Ghostly Monk;;
OHHGMUM;UNDEAD;GHOUL;CLERIC;MUMMY;OHHGMUM;;base;Greater Mummy;GreaterMummy;false
OHHGOXXA;UNDEAD;MIND_FLAYER;MIND_FLAYER;MINDFLAYER;OHHGOXXA;OHHGOXXA;base;Goxxa the Alhoon;;
OHHGPRST;UNDEAD;LICH;CLERIC;MONK;OHHGPRST;OHHGPRST;base;Ghostly Priest;;
OHHHAFIZ;HUMANOID;HUMAN;SORCERER;MONK;ohhhafiz;OHHHAFIZ;base;Diya al-Hafiz;;
OHHHAFSA;HUMANOID;HUMAN;FIGHTER;FIGHTER_FEMALE_HUMAN;ohhhafsa;OHHHAFSA;base;Bilqis;;
OHHIQBAL;HUMANOID;HUMAN;SORCERER;MONK;ohhiqbal;OHHIQBAL;base;Iqbal al-Din;;
OHHJIANG;HUMANOID;HUMAN;FIGHTER;THIEF_MALE_HUMAN;ohhjiang;OHHJIANG;base;Jiang Dai;;
OHHKENO;HUMANOID;HUMAN;MONK;MONK_MALE_HUMAN;ohhkeno;OHHKENO;base;Keno;;
OHHKICHI;HUMANOID;HUMAN;MONK;MONK_MALE_HUMAN;OHHKICHI;OHHKICHI;base;Ki Chin Sang;;
OHHKORK;UNDEAD;LICH;MAGE;LICH_BLACK;OHHKORK;OHHKORK;base;Korkorran;;
OHHKUNG;UNDEAD;GHOUL;CLERIC;MUMMY;OHHKUNG;OHHKUNG;base;Nan Kung Chi;GreaterMummy;false
OHHKWON;HUMANOID;HUMAN;MONK;MONK_MALE_HUMAN;ohhkwon;OHHKWON;base;Yi Kwon;;
OHHMIND;HUMANOID;MIND_FLAYER;MIND_FLAYER;MINDFLAYER;ohhmind;NONE;base;Mind Flayer;;
OHHMING;HUMANOID;HUMAN;MAGE;MAGE_MALE_HUMAN;ohhming;OHHMING;STRATAGEMS;Ming-hua Dai;;
OHHMIRRI;HUMANOID;HUMAN;FIGHTER;FIGHTER_FEMALE_HUMAN;OHHMIRRI;OHHMIRRI;base;Aminah;;
OHHMORTL;HUMANOID;HUMAN;INNOCENT;PEASANT_WOMAN;ohhmortl;;base;Hexxat;;
OHHMUMMY;UNDEAD;GHOUL;GHOUL_REVEANT;MUMMY;OHHMUMMY;NONE;base;Greater Mummy;Mummy;false
OHHPHREY;HUMANOID;HUMAN;THIEF;THIEF_FEMALE_HUMAN_LOW;OHHPHREY;OHHPHREY;base;Phreya;;
OHHQAIS;HUMANOID;HUMAN;SORCERER;MONK;ohhqais;OHHQAIS;base;Qais Ra'id;;
OHHRAFFI;HUMANOID;HUMAN;CLERIC;STATIC_SPIDER_WOMAN;ohhraffi;OHHRAFFI;base;Raffiyah;;
OHHRAT;ANIMAL;NO_RACE;FOOD_CREATURE;RAT;rat;None;base;Rat;;
OHHSARC;HUMANOID;HUMAN;FIGHTER;MAGE_MALE_HUMAN;ohhsarc;ohhsarc;base;;;
OHHSARC2;HUMANOID;HUMAN;FIGHTER;MAGE_MALE_HUMAN;OHHSARC2;OHHSARC;base;;;
OHHSHAD;UNDEAD;SHADOW;SHADOW;SHADOW;None;None;base;Shadow;Shadow;false
OHHSHFI1;UNDEAD;SHADOW;FIGHTER;SHADOW;OHHSHFI1;None;base;Shadow Fiend;Shadow;false
OHHSHFI2;UNDEAD;SHADOW;FIGHTER;SHADOW;OHHSHFI2;None;base;Devil Shade;Shadow;false
OHHSHWL1;UNDEAD;SHADOW;WOLF_DIRE;WOLF_SHADOW;OHHSHWL1;;base;Shade Wolf;;
OHHSPI01;MONSTER;SPIDER;SPIDER_SWORD;SPIDER_SWORD;OHHSPI01;OHHSPI01;base;Spider;SwordSpider;false
OHHSPI02;MONSTER;SPIDER;SPIDER_SWORD;SPIDER_WRAITH;OHHSPI02;OHHSPI02;base;Spider;SwordSpider;false
OHHSPI03;MONSTER;SPIDER;SPIDER_SWORD;SPIDER_SWORD;OHHSPI01;NONE;base;Spider;SwordSpider;false
OHHSPID1;MONSTER;SPIDER;SPIDER_GIANT;SPIDER_GIANT;OHHSPID1;;base;Bloated Spider;GiantSpider;false
OHHSPID2;MONSTER;SPIDER;SPIDER_HUGE;SPIDER_SMALL;OHHSPID2;;base;Small Spider;HairySpider;false
OHHSTONE;HUMANOID;HUMAN;FIGHTER;MAGE_MALE_HUMAN;ohhstone;ohhstone;base;;;
OHHTLASS;UNDEAD;SKELETON;GOLEM_FLESH;SKELETON_FIEND;OHHTLASS;;base;T'lassus of the Bones;SkeletonWarrior;false
OHHUMBER;MONSTER;UMBERHULK;UMBERHULK;UMBER_HULK;OHHUMBER;NONE;base;Umber Hulk;;
OHHUMOL;HUMANOID;HALF_ELF;MAGE;MAGE_FEMALE_HUMAN;OHHUMOL;OHHUMOL;base;Umolex;;
OHHWEIMI;HUMANOID;HUMAN;CLERIC;CLERIC_MALE_HUMAN;OHHWEIMI;OHHWEIMI;base;Weimin Min;;
OHHWIZ;HUMANOID;HUMAN;MAGE;MAGE_MALE_HUMAN;OHHWIZ;NONE;base;Statue;;
OHHWOLF;ANIMAL;WOLF;WOLF;WOLF;None;;base;Wolf;Wolf;false
OHHYINIU;HUMANOID;HUMAN;RANGER;FIGHTER_FEMALE_HUMAN;OHHYINIU;OHHYINIU;base;Yi Niu;;
OHNAMANI;HUMANOID;HUMAN;MAGE;MAGE_FEMALE_HUMAN;OHNAMANI;OHNAMANI;base;Amanis Khal;;
OHNAMNS;HUMANOID;HUMAN;FIGHTER;AMNIAN_SOLDIER;OHNAMNS;OHNAMNS;base;Amnian Legionary;;
OHNAVRUM;WEAPON;HUMAN;FIGHTER;FIGHTER_MALE_HUMAN_LOW;OHNAVRUM;OHNAVRUM;base;Avrum;;
OHNBARAD;HUMANOID;GNOME;MAGE;MAGE_MALE_GNOME;OHNBARAD;OHNBARAD;base;Barad Ding;;
OHNBARKE;HUMANOID;HUMAN;INNOCENT;FAT_MAN;OHNBARKE;OHNBARKE;base;Bartender;;
OHNBELLO;HUMANOID;GNOME;FIGHTER;FIGHTER_MALE_DWARF;OHNBELLO;OHNBELLO;base;Bellowgulp;;
OHNCAT;ANIMAL;CAT;HUNTER_CREATURE;CAT;OHNCAT;NONE;base;Cat;;
OHNDAXUS;HUMANOID;ELF;MAGE;MAGE_MALE_ELF;OHNDAXUS;OHNDAXUS;base;Daxus Taralom;;
OHNDENNA;HUMANOID;HUMAN;MAGE;IRENICUS_ROBED;OHNDENNA;OHNDENNA;base;Dennaton;;
OHNDNOB1;HUMANOID;HUMAN;INNOCENT;NOBLE_MAN;OHNDNOB1;OHNDNOB1;base;Nobleman;;
OHNDNOB2;HUMANOID;HUMAN;INNOCENT;NOBLE_MAN;OHNDNOB2;OHNDNOB2;base;Nobleman;;
OHNDNOB3;HUMANOID;HUMAN;INNOCENT;NOBLE_WOMAN;OHNDNOB3;OHNDNOB3;base;Noblewoman;;
OHNELLIS;HUMANOID;HUMAN;FIGHTER;FIGHTER_MALE_HUMAN;OHNELLIS;;base;Ellis;;
OHNETTIN;GIANTHUMANOID;ETTIN;GIANT;ETTIN;OHNETTIN;OHNETTIN;base;Ettin;Ettin;false
OHNFADEL;HUMANOID;HUMAN;FIGHTER;FIGHTER_FEMALE_HUMAN;OHNFADEL;OHNFADEL;base;Fadell Ironeye;;
OHNFELDR;HUMANOID;HALFLING;FIGHTER_THIEF;FIGHTER_MALE_HALFLING;OHNFELDR;OHNFELDR;base;Feldrak Feldrak'i;;
OHNFMER1;HUMANOID;HUMAN;FIGHTER;FIGHTER_FEMALE_HUMAN;OHNMERC;OHNFMER1;base;Thayan Mercenary;;
OHNGDUKE;HUMANOID;HUMAN;MAGE;MAGE_MALE_HUMAN;OHNGDUKE;OHNGDUKE;base;Gul Dukeem;;
OHNGHALL;GIANTHUMANOID;OGRE;FIGHTER;MINOTAUR;OHNGHALL;OHNGHALL;base;Ghallus;OgreBerserker;false
OHNGLAD;HUMANOID;HALFLING;FIGHTER;FIGHTER_MALE_HALFLING;OHNGLAD;OHNSLAVE;base;Thayan Mercenary;;
OHNGNCAP;HUMANOID;GNOLL;GNOLL;GNOLL;OHNGNCAP;;base;Gnoll Captain;;
OHNGNEL1;HUMANOID;GNOLL;GNOLL;GNOLL;OHNGNEL1;;base;Gnoll Elite;;
OHNGNEL2;HUMANOID;GNOLL;GNOLL;GNOLL;OHNGNEL2;;base;Gnoll Elite;;
OHNGUAR1;HUMANOID;HUMAN;FIGHTER;FIGHTER_MALE_HUMAN;OHNGUAR1;OHNGUAR1;base;Guard;;
OHNHAYES;HUMANOID;HUMAN;MAGE;MAGE_MALE_HUMAN;OHNHAYES;OHNHAYES;base;Hayes;;
OHNHUEGR;HUMANOID;ELF;NO_CLASS;CLERIC_MALE_ELF;OHNHUEGR;OHNHUEGR;base;Hue Greenleaf;;
OHNIMIM;UNDEAD;MIND_FLAYER;MIND_FLAYER;MINDFLAYER;OHNIMIM;OHNIMIM;base;Magical Item Merchant;;
OHNJEROM;ANIMAL;NO_RACE;NO_CLASS;SEAGULL;OHNJEROM;;base;Jerome the Bird;;
OHNKING;HUMANOID;GNOME;MAGE;MAGE_MALE_GNOME;OHNKING;OHNKING;base;"King" Gramm;;
OHNKIRIK;HUMANOID;HUMAN;INNOCENT;BOY;OHNKIRIK;OHNKIRIK;base;Kirik Khal;;
OHNKNOCK;HUMANOID;HALFLING;MAGE;CLERIC_MALE_HALFLING;OHNKNOCK;OHNKNOCK;base;Knocktor the Fizzled;;
OHNLANNE;HUMANOID;HUMAN;MAGE;MAGE_FEMALE_HUMAN;OHNLANNE;OHNLANNE;base;Lanneth;;
OHNLEA;HUMANOID;HALF_ELF;FIGHTER_MAGE;FIGHTER_FEMALE_ELF;OHNLEA;OHNLEA;base;Lea Gosh'Aar;;
OHNMERC1;HUMANOID;HUMAN;FIGHTER;FIGHTER_MALE_HUMAN;OHNMERC;OHNMERC1;base;Thayan Mercenary;;
OHNMERC2;HUMANOID;HUMAN;FIGHTER;FIGHTER_MALE_HUMAN;OHNMERC;OHNMERC2;base;Thayan Mercenary;;
OHNMERC3;HUMANOID;HUMAN;FIGHTER;FIGHTER_FEMALE_HUMAN;OHNMERC;OHNMERC3;base;Thayan Mercenary;;
OHNMERET;HUMANOID;HUMAN;MAGE;GIRL;OHNMERET;OHNMERET;base;Mereth;;
OHNMHSM;HUMANOID;HUMAN;MAGE;BEGGAR_MAN;OHNMHSM;OHNMHSM;base;Book Merchant;;
OHNMIRON;HUMANOID;DWARF;MAGE;MAGE_FEMALE_DWARF;OHNMIRON;OHNMIRON;base;Mironda;;
OHNMMER1;HUMANOID;HUMAN;FIGHTER;FIGHTER_MALE_HUMAN;OHNMERC;OHNMMER1;base;Thayan Mercenary;;
OHNMOLZA;HUMANOID;HALFLING;CLERIC;CLERIC_MALE_HALFLING;OHNMOLZA;OHNMOLZA;base;Molzahn of Tymora;;
OHNOGREB;GIANTHUMANOID;OGRE;OGRE;OGRE;OHNOGREB;;base;Ogre;Ogre;false
OHNPOTME;HUMANOID;HUMAN;MAGE;MAGE_MALE_HUMAN;OHNPOTME;OHNPOTME;base;Merchant;;
OHNQUAID;HUMANOID;GNOME;MAGE;MAGE_MALE_GNOME;OHNQUAID;OHNQUAID;base;Quaid;;
OHNREDW;HUMANOID;HUMAN;MAGE;MAGE_MALE_HUMAN;OHNREDW;OHNREDW;base;Red Wizard;;
OHNREDW1;HUMANOID;HUMAN;MAGE;MAGE_MALE_HUMAN;OHNREDW1;OHNREDW1;base;Red Wizard;;
OHNREDW2;HUMANOID;HUMAN;MAGE;MAGE_MALE_HUMAN;OHNREDW2;OHNREDW2;base;Red Wizard;;
OHNREDW3;HUMANOID;HUMAN;MAGE;MAGE_MALE_HUMAN;OHNREDW3;OHNREDW3;base;Red Wizard;;
OHNREDW4;HUMANOID;HUMAN;MAGE;MAGE_FEMALE_HUMAN;OHNREDW4;OHNREDW4;base;Red Wizard;;
OHNREDW5;HUMANOID;HUMAN;MAGE;MAGE_MALE_HUMAN;OHNREDW5;;base;Red Wizard;;
OHNREDW6;HUMANOID;HUMAN;MAGE;MAGE_MALE_HUMAN;OHNREDW6;;base;Red Wizard;;
OHNREDW7;HUMANOID;HUMAN;MAGE;MAGE_MALE_HUMAN;OHNREDW7;OHNREDW7;base;Red Wizard;;
OHNREDW8;HUMANOID;HUMAN;MAGE;MAGE_MALE_HUMAN;OHNREDW7;OHNREDW8;base;Red Wizard;;
OHNREFIN;ANIMAL;CAT;CAT;CAT;OHNREFIN;;base;;Jaguar;false
OHNREGI;HUMANOID;HALFORC;MAGE;FIGHTER_MALE_HALFORC;OHNREGI;OHNREGI;base;Reginald;;
OHNRWBOU;HUMANOID;HUMAN;FIGHTER;FIGHTER_MALE_HUMAN;OHNRWBOU;OHNRWBOU;base;Bouncer;;
OHNRWME1;HUMANOID;HUMAN;FIGHTER;FIGHTER_MALE_HUMAN;OHNRWME1;;base;Thayan Mercenary;;
OHNRWME2;HUMANOID;HUMAN;FIGHTER;CLERIC_FEMALE_HUMAN;OHNRWME2;;base;Thayan Mercenary;;
OHNRWT1;HUMANOID;HUMAN;MAGE;MAGE_MALE_HUMAN;OHNRWT1;;base;Red Wizard;;
OHNRWT2;HUMANOID;HUMAN;MAGE;MAGE_MALE_HUMAN;OHNRWT2;;base;Red Wizard;;
OHNRWT3;HUMANOID;HUMAN;MAGE;MAGE_FEMALE_HUMAN;OHNRWT3;;base;Red Wizard;;
OHNRWT4;HUMANOID;HUMAN;MAGE;MAGE_MALE_HUMAN;OHNRWT4;;base;Red Wizard;;
OHNSCOLL;HUMANOID;HUMAN;INNOCENT;THIEF_MALE_HUMAN;OHNSCOLL;OHNSCOLL;base;Strange Collector;;
OHNSCRME;HUMANOID;HUMAN;MAGE;MAGE_MALE_HUMAN;OHNSCRME;OHNSCRME;base;Merchant;;
OHNSDWM;HUMANOID;DWARF;FIGHTER;FIGHTER_MALE_DWARF;OHNSDWM;OHNSDWM;base;Weapon Merchant;;
OHNSLAVE;HUMANOID;HUMAN;FIGHTER;FIGHTER_MALE_HUMAN;OHNSLAVE;OHNSLAVE;base;Slave;;
OHNSNAKE;ANIMAL;NO_RACE;NO_CLASS;SNAKE;OHNSNAKE;OHNSNAKE;base;Speaking Snake;;
OHNSQU01;ANIMAL;NO_RACE;NO_CLASS;SQUIRREL;OHNSQU01;;base;Squirrel;;
OHNSQU02;ANIMAL;NO_RACE;NO_CLASS;SQUIRREL;OHNSQU02;;base;Squirrel;;
OHNSUB11;ANIMAL;CAT;CAT;CAT;OHNSUB11;OHNSUB11;base;Subject 11 Notes;Jaguar;false
OHNSUB13;ANIMAL;CAT;CAT;CAT;OHNSUB13;OHNSUB13;base;Subject 13 Notes;Jaguar;false
OHNSUB34;ANIMAL;CAT;CAT;CAT;OHNSUB34;OHNSUB34;base;Subject 34 Notes;Jaguar;false
OHNSUB42;ANIMAL;CAT;CAT;CAT;OHNSUB42;OHNSUB42;base;Subject 42 Notes;Jaguar;false
OHNSUB5;ANIMAL;CAT;CAT;CAT;OHNSUB5;OHNSUB5;base;Subject 5 Notes;Jaguar;false
OHNSUB55;ANIMAL;CAT;CAT;CAT;OHNSUB55;OHNSUB55;base;Subject 55 Notes;Jaguar;false
OHNSUB69;ANIMAL;CAT;CAT;CAT;OHNSUB69;OHNSUB69;base;Subject 69 Notes;Jaguar;false
OHNSUB9;ANIMAL;CAT;CAT;CAT;OHNSUB9;OHNSUB9;base;Subject 9 Notes;Jaguar;false
OHNSZASS;UNDEAD;LICH;MAGE;MAGE_MALE_HUMAN;OHNSZASS;OHNSZASS;base;Szass Tam;;
OHNTELAN;HUMANOID;HUMAN;MAGE;MAGE_FEMALE_HUMAN;OHNTELAN;OHNTELAN;base;Telana;;
OHNTHALL;HUMANOID;HUMAN;INNOCENT;PEASANT_WOMAN;OHNTHALL;OHNTHALL;base;Thallis;;
OHNTHFI1;HUMANOID;HUMAN;FIGHTER;FIGHTER_MALE_HUMAN;OHNTHFI1;;base;Thayan Fighter;;
OHNTHKN1;HUMANOID;HUMAN;FIGHTER;FIGHTER_MALE_HUMAN;OHNTHKN1;;base;Thayan Knight;;
OHNTHKN2;HUMANOID;HUMAN;FIGHTER;FIGHTER_FEMALE_HUMAN;OHNTHKN2;;base;Thayan Fighter;;
OHNTHKNI;HUMANOID;HUMAN;FIGHTER;FIGHTER_MALE_HUMAN;OHNTHKNI;OHNTHKNI;base;Thayan Knight;;
OHNVBALR;MONSTER;DEMONIC;TANARI;TANARRI;OHNVBALR;;base;Balor;;
OHNVG01;HUMANOID;HUMAN;FIGHTER;FIGHTER_MALE_HUMAN;OHNVG01;;base;Guard;;
OHNVGB;HUMANOID;HALFORC;FIGHTER;FIGHTER_MALE_HALFORC;OHNVGB;;base;Elite Guard;;
OHNVGC;HUMANOID;HUMAN;FIGHTER;FIGHTER_MALE_HUMAN;OHNVGC;;base;Guard Captain;;
OHNVGK;HUMANOID;HUMAN;FIGHTER;FIGHTER_MALE_HUMAN;OHNVGK;;base;Elite Guard;;
OHNVICRO;HUMANOID;HUMAN;MAGE;MAGE_FEMALE_HUMAN;OHNVICRO;OHNVICRO;base;Vicross;;
OHNVOGHI;HUMANOID;HUMAN;BARD;FIGHTER_MALE_HUMAN;OHNVOGHI;OHNVOGHI;base;Voghiln the Vast;;
OHNVORC;HUMANOID;ORC;FIGHTER;ORC_MELEE;OHNVORC;;base;Elite Orc;;
OHNVOROG;HUMANOID;HALFORC;FIGHTER;OROG;OHNVOROG;;base;Elite Orog;;
OHNVRW1;HUMANOID;HUMAN;MAGE;MAGE_MALE_HUMAN;OHNVRW1;;base;Red Wizard;;
OHNWANME;HUMANOID;HUMAN;MAGE;MAGE_MALE_HUMAN;OHNWANME;OHNWANME;base;Merchant;;
OHNWARWI;HUMANOID;HUMAN;FIGHTER;FIGHTER_MALE_HUMAN;OHNWARWI;;base;Warwick;;
OHNWISH;GIANTHUMANOID;GENIE;GENIE_NOBLE_DJINNI;DJINNI;OHNWISH;;base;Noble Djinni;;
OHNWMC13;HUMANOID;HUMAN;MAGE;MAGE_FEMALE_HUMAN;OHNWMC13;OHNWMC13;base;Wild Mage;;
OHNWMC34;HUMANOID;HUMAN;MAGE;MAGE_MALE_HUMAN;OHNWMC34;;base;Wild Mage;;
OHNYUAN;MONSTER;YUANTI;FIGHTER;YUAN-TI;OHNYUAN;;base;Yuan-ti ;;
OHNYUANG;MONSTER;YUANTI;FIGHTER;YUAN-TI_ELITE;OHNYUAN;;base;Yuan-ti Elite;;
OHNYUANM;MONSTER;YUANTI;MAGE;YUAN-TI_PRIEST;OHNYUANM;NONE;base;Yuan-ti Mage;;
OHNZAVIA;HUMANOID;ELF;MAGE;MAGE_MALE_ELF;OHNZAVIA;OHNZAVIA;base;Zaviak;;
OHRAKUDA;HUMANOID;HUMAN;CLERIC;CLERIC_FEMALE_HUMAN;OHRAKUDA;OHRAKUDA;base;Overseer Akuda;;
OHRALDUN;HUMANOID;DWARF;MAGE;MAGE_MALE_DWARF;OHRALDUN;OHRALDUN;base;Aldun Forgecaster;;
OHRALOR;HUMANOID;HUMAN;MONK;MONK_MALE_HUMAN;OHRALOR;OHRALOR;base;Alorgoth;;
OHRALOR2;HUMANOID;HUMAN;MONK;MONK_MALE_HUMAN;OHRALOR;OHRALOR2;base;Alorgoth;;
OHRAMB;HUMANOID;HUMAN;FIGHTER;FIGHTER_MALE_HUMAN;OHRAMB;;base;Sharran Guard;;
OHRAMPHI;HUMANOID;HUMAN;MONK;MONK_MALE_HUMAN;OHRAMPHI;OHRAMPHI;base;Amphitheater Guard;;
OHRBLYNN;HUMANOID;HUMAN;MONK;MONK_MALE_HUMAN;OHRBLYNN;OHRBLYNN;base;Heretic Blynnyk;;
OHRBMM;HUMANOID;HUMAN;MONK;MONK_FEMALE_HUMAN;OHRBMM;OHRBMM;base;Bright Moon Monk;;
OHRBRAIT;HUMANOID;HUMAN;MONK;MONK_MALE_HUMAN;OHRBRAIT;OHRBRAIT;base;Braitenbach;;
OHRBSM;HUMANOID;HUMAN;MONK;MONK_MALE_HUMAN;OHRBSM;OHRBSM;base;Blinding Sun Monk;;
OHRBSSM1;HUMANOID;HUMAN;MONK;MONK_MALE_HUMAN;OHRBSSM1;OHRBSSM1;base;Bound Sun Soul Monk;;
OHRBSSM2;HUMANOID;HUMAN;MONK;MONK_MALE_HUMAN;OHRBSSM2;OHRBSSM2;base;Bound Sun Soul Monk;;
OHRBSSM3;HUMANOID;HUMAN;MONK;MONK_MALE_HUMAN;OHRBSSM3;OHRBSSM1;base;Bound Sun Soul Monk;;
OHRBULL1;HUMANOID;HUMAN;MONK;MONK_MALE_HUMAN;OHRBULL1;OHRBULL1;base;Heretic Monk;;
OHRBULL2;HUMANOID;HUMAN;MONK;MONK_MALE_HUMAN;OHRBULL2;OHRBULL2;base;Heretic Monk;;
OHRCLESS;HUMANOID;HUMAN;THIEF;THIEF_FEMALE_HUMAN;OHRCLESS;OHRCLESS;base;Cless Ironeye;;
OHRCLOAK;HUMANOID;HUMAN;MONK;MONK;OHRCLOAK;OHRCLOAK;base;Cloaked Figure;;
OHRCOLLU;HUMANOID;HUMAN;MONK;MONK_MALE_HUMAN;OHRCOLLU;OHRCOLLU;base;Collus Darathon;;
OHRCONF;HUMANOID;HUMAN;MONK;MONK_MALE_HUMAN;OHRCONF;OHRCONF;base;Confessor;;
OHRCOREN;HUMANOID;HUMAN;MONK;MONK_FEMALE_HUMAN;OHRCOREN;OHRCOREN;base;Heretic Coren;;
OHRCUDDY;HUMANOID;DWARF;FIGHTER;FIGHTER_MALE_DWARF;OHRCUDDY;OHRCUDDY;base;Cuddy Dugdeep;;
OHRDAD;HUMANOID;HUMAN;INNOCENT;PEASANT_MAN;OHRDAD;OHRDAD;base;Faheed;;
OHRDALTN;HUMANOID;HUMAN;RANGER;FIGHTER_MALE_HUMAN;OHRDALTN;OHRDALTN;base;Dalton;;
OHRDANYS;HUMANOID;HALF_ELF;THIEF;THIEF_FEMALE_ELF;OHRDANYS;OHRDANYS;base;Danys Ten-Teeth;;
OHRDMH1;HUMANOID;HUMAN;MONK;MONK_MALE_HUMAN;OHRDMH1;OHRDMH1;base;Heretic Monk;;
OHRDMH2;HUMANOID;HUMAN;MONK;MONK_MALE_HUMAN;OHRDMH2;OHRDMH2;base;Dark Moon Heretic;;
OHRDOG;ANIMAL;DOG;DOG_WILD;DOG_WILD;OHRDOG;;base;Wild Dog;WildDog;false
OHRDWRF1;HUMANOID;DWARF;FIGHTER;FIGHTER_MALE_DWARF;NONE;OHRDWRF1;base;Deepstone Dwarf;;
OHRDWRF2;HUMANOID;DWARF;FIGHTER;FIGHTER_MALE_DWARF;NONE;OHRDWRF2;base;Deepstone Dwarf;;
OHRDWRF3;HUMANOID;DWARF;FIGHTER;FIGHTER_MALE_DWARF;NONE;OHRDWRF3;base;Deepstone Dwarf;;
OHRDWS01;HUMANOID;DWARF;FIGHTER;FIGHTER_MALE_DWARF;OHRDWS01;OHRDWS01;base;Bentaxe Foekiller;;
OHRDWS02;HUMANOID;DWARF;INNOCENT;FIGHTER_MALE_DWARF;OHRDWS02;OHRDWRF2;base;Deepstone Dwarf;;
OHRDWS03;HUMANOID;DWARF;INNOCENT;FIGHTER_FEMALE_DWARF;OHRDWS03;OHRDWRF2;base;Deepstone Dwarf;;
OHRDWS04;HUMANOID;DWARF;INNOCENT;FIGHTER_MALE_DWARF;OHRDWS04;OHRDWS02;base;Halnur Farcutter;;
OHRFASS2;HUMANOID;HUMAN;THIEF;THIEF_FEMALE_HUMAN;OHRFASS2;;base;Sharran Assassin;;
OHRFASSA;HUMANOID;HUMAN;THIEF;THIEF_FEMALE_HUMAN;OHRFASSA;OHRFASSA;base;Sharran Assassin;;
OHRFDW1;HUMANOID;DWARF;FIGHTER;FIGHTER_MALE_DWARF;OHRFDW1;OHRDWRF2;base;Deepstone Dwarf;;
OHRFDW2;HUMANOID;DWARF;FIGHTER;FIGHTER_MALE_DWARF;OHRFDW2;OHRDWRF2;base;Deepstone Dwarf;;
OHRFDW3;HUMANOID;DWARF;FIGHTER;FIGHTER_MALE_DWARF;OHRFDW3;OHRDWRF2;base;Deepstone Dwarf;;
OHRFIDDI;HUMANOID;DWARF;FIGHTER;FIGHTER_MALE_DWARF;OHRFIDDI;OHRFIDDI;base;Fiddich;;
OHRFILLI;HUMANOID;DWARF;FIGHTER;FIGHTER_MALE_DWARF;OHRFILLI;OHRFILLI;base;Fillis;;
OHRGELD;HUMANOID;HALF_ELF;FIGHTER_THIEF;FIGHTER_MALE_ELF;OHRGELD;OHRGELD;base;Geld Quickblade;;
OHRGEWLF;ANIMAL;WOLF;WOLF_DIRE;WOLF_DIRE;OHRGEWLF;;base;Dire Wolf;DireWolf;false
OHRGHELL;HUMANOID;HUMAN;MONK;MONK_MALE_HUMAN;OHRGHELL;OHRGHELL;base;Ghell Rando;;
OHRGHOST;ANIMAL;RABBIT;FOOD_CREATURE;RABBIT;OHRGHOST;;base;Ghost;;
OHRHALDO;HUMANOID;DWARF;FIGHTER;FIGHTER_MALE_DWARF;OHRHALDO;OHRHALDO;base;Haldorr Deepstone;;
OHRHDEEP;HUMANOID;DWARF;FIGHTER;FIGHTER_MALE_DWARF;ohrhdeep;ohrhdeep;base;Haralt Deepstone;;
OHRHDW1;HUMANOID;DWARF;FIGHTER;FIGHTER_MALE_DWARF;OHRHDW1;OHRDWRF1;base;Deepstone Dwarf;;
OHRHERAT;HUMANOID;HUMAN;MONK;MONK_FEMALE_HUMAN;OHRHERAT;OHRHERAT;base;Herath;;
OHRHERET;HUMANOID;HUMAN;MONK;MONK_MALE_HUMAN;OHRHERET;OHRHERET;base;Heretic Monk;;
OHRHERM;HUMANOID;HUMAN;MONK;MONK_MALE_HUMAN;OHRHERM;OHRHERM;base;Heretic Monk;;
OHRHGUA1;HUMANOID;HUMAN;MONK;MONK_MALE_HUMAN;OHRHGUA1;OHRHGUA1;base;Heretic Guard;;
OHRHGUA2;HUMANOID;HUMAN;MONK;MONK_MALE_HUMAN;OHRHGUA2;OHRHGUA2;base;Heretic Guard;;
OHRHGUA3;HUMANOID;HUMAN;MONK;MONK_MALE_HUMAN;OHRHGUA3;;base;Heretic Guard;;
OHRHHELM;HUMANOID;HUMAN;MONK;MONK_MALE_HUMAN;OHRHHELM;OHRHHELM;base;Hammerhelm;;
OHRHMFEN;HUMANOID;HUMAN;MONK;MONK_MALE_HUMAN;OHRHMFEN;OHRHMFEN;base;Fenuku;;
OHRHMKEL;HUMANOID;HUMAN;MONK;MONK_MALE_HUMAN;OHRHMKEL;OHRHMKEL;base;Kelner;;
OHRHMON1;HUMANOID;HUMAN;MONK;MONK_MALE_HUMAN;OHRHMON1;OHRHMON1;base;Heretic Monk;;
OHRHOJAR;HUMANOID;HALFORC;FIGHTER;FIGHTER_MALE_HALFORC;OHRHOJAR;OHRHOJAR;base;Hojar Bootcut;;
OHRHORVA;HUMANOID;HUMAN;MONK;MONK_MALE_HUMAN;OHRHORVA;OHRHORVA;base;Sun Soul Horvat;;
OHRJADEN;MONSTER;LYCANTHROPE;CLERIC;CLERIC_FEMALE_HUMAN;OHRJADEN;OHRJADEN;STRATAGEMS;Jaden;;
OHRJASSA;HUMANOID;HALFORC;FIGHTER;FIGHTER_MALE_HALFORC;OHRJASSA;OHRJASSA;base;Jassar;;
OHRJOLST;HUMANOID;HALF_ELF;FIGHTER;FIGHTER_MALE_ELF;OHRJOLST;OHRJOLST;base;Jolstead;;
OHRKILLI;HUMANOID;DWARF;FIGHTER;FIGHTER_MALE_DWARF;OHRKILLI;OHRKILLI;base;Killis;;
OHRLEMP;HUMANOID;DWARF;FIGHTER;FIGHTER_MALE_DWARF;OHRLEMP;OHRLEMP;base;Lemp Coldhearth;;
OHRLEMZE;HUMANOID;HUMAN;MONK;MONK_MALE_HUMAN;OHRLEMZE;OHRLEMZE;base;Lemzenn;;
OHRLEOP;ANIMAL;CAT;HUNTER_CREATURE;GREATCAT_LEOPARD;OHRLEOP;;base;Leopard;Leopard;false
OHRMASS2;HUMANOID;HUMAN;THIEF;THIEF_MALE_HUMAN;OHRMASS2;;base;Sharran Assassin;;
OHRMASSA;HUMANOID;HUMAN;THIEF;THIEF_MALE_HUMAN;OHRMASSA;OHRMASSA;base;Sharran Assassin;;
OHRMEEMS;HUMANOID;DWARF;CLERIC;CLERIC_FEMALE_DWARF;OHRMEEMS;OHRMEEMS;base;Meems Dugdeep;;
OHRMEMB1;HUMANOID;HUMAN;MONK;MONK_MALE_HUMAN;OHRMEMB1;OHRMEMB1;base;Heretic Monk;;
OHRMEMB2;HUMANOID;HUMAN;MONK;MONK_MALE_HUMAN;OHRMEMB2;OHRMEMB2;base;Heretic Monk;;
OHRMEMB3;HUMANOID;HUMAN;MONK;MONK_MALE_HUMAN;OHRMEMB3;OHRMEMB3;base;Heretic Monk;;
OHRMOCOM;HUMANOID;HUMAN;MONK;MONK_MALE_HUMAN;OHRMOCOM;OHRMOCOM;base;Master of Combat;;
OHRMOOSE;ANIMAL;NO_RACE;NO_CLASS;MOOSE;OHRMOOSE;;base;Dangerous Moose;;
OHRMURUN;HUMANOID;HUMAN;FIGHTER_CLERIC;FIGHTER_MALE_HUMAN;OHRMURUN;OHRMURUN;base;Inquisitor Murundhi;;
OHROAZMA;HUMANOID;HUMAN;CLERIC;CLERIC_MALE_HUMAN;OHROAZMA;OHROAZMA;base;Overseer Azmadi;;
OHROVIDI;HUMANOID;HUMAN;FIGHTER;FIGHTER_MALE_HUMAN;OHROVIDI;OHROVIDI;base;Sharran Guard Ovidiu;;
OHROVS1;HUMANOID;HUMAN;FIGHTER;FIGHTER_MALE_HUMAN;OHRRAZVA;OHROVS1;base;Sharran Overseer;;
OHROVS2;HUMANOID;HUMAN;MONK;MONK_FEMALE_HUMAN;OHROVS2;OHROVS2;base;Sharran Overseer;;
OHROVS9;HUMANOID;HUMAN;MONK;MONK_MALE_HUMAN;OHROVS9;OHROVS9;base;Sharran Overseer;;
OHROVSM;HUMANOID;HUMAN;FIGHTER;FIGHTER_MALE_HUMAN;OHROVSM;OHRSHG02;base;Sharran Overseer;;
OHROVSW;HUMANOID;HUMAN;FIGHTER;FIGHTER_MALE_HUMAN;OHROVSM;OHRSHG02;base;Sharran Overseer;;
OHRPHM;HUMANOID;HUMAN;MONK;MONK_FEMALE_HUMAN;OHRPHM;OHRPHM;base;Penance Host Monk;;
OHRPHYLL;HUMANOID;HUMAN;MONK;MONK;OHRPHYLL;OHRPHYLL;base;Phyllidus;;
OHRRANHM;HUMANOID;HUMAN;MONK;MONK_MALE_HUMAN;OHRRANHM;OHRRANHM;base;Heretic Monk;;
OHRRAZVA;HUMANOID;HUMAN;MONK;MONK_FEMALE_HUMAN;OHRRAZVA;OHRRAZVA;base;Sharran Overseer Razvan;;
OHRROLF;HUMANOID;DWARF;FIGHTER;FIGHTER_MALE_DWARF;OHRROLF;OHRROLF;base;Rolf Hammersparks;;
OHRROPM1;HUMANOID;HUMAN;MONK;MONK_MALE_HUMAN;OHRROPM1;OHRROPM1;base;Room of Pain Monk;;
OHRROPM2;HUMANOID;HUMAN;MONK;MONK_MALE_HUMAN;OHRROPM2;;base;Room of Pain Monk;;
OHRROPM3;HUMANOID;HUMAN;MONK;MONK_MALE_HUMAN;OHRROPM3;;base;Room of Pain Monk;;
OHRROPM4;HUMANOID;HUMAN;MONK;MONK_MALE_HUMAN;OHRROPM4;;base;Room of Pain Monk;;
OHRROPM5;HUMANOID;HUMAN;MONK;MONK_MALE_HUMAN;OHRROPM5;;base;Room of Pain Monk;;
OHRROPML;HUMANOID;HUMAN;MONK;MONK_MALE_HUMAN;OHRROPML;OHRROPML;base;Room of Pain Monk Leader;;
OHRSAHAN;HUMANOID;HUMAN;MONK;MONK_FEMALE_HUMAN;OHRSAHAN;OHRSAHAN;base;Sahana;;
OHRSBG;HUMANOID;HUMAN;FIGHTER;FIGHTER_MALE_HUMAN;OHRSBG;OHRSBG;base;Sharran Bridge Guard;;
OHRSCAVE;ANIMAL;RABBIT;FOOD_CREATURE;RABBIT;OHRSCAVE;;base;Shadow Cavern;;
OHRSDG1;HUMANOID;HALF_ELF;MAGE;MAGE_MALE_ELF;OHRSDG1;OHRSDG1;base;Sharran Sorcerer;;
OHRSDG2;HUMANOID;HUMAN;FIGHTER;FIGHTER_MALE_HUMAN;OHRSDG1;OHRSDG2;base;Sharran Gate Guard;;
OHRSEPHO;HUMANOID;HALF_ELF;FIGHTER_MAGE;FIGHTER_MALE_ELF;OHRSEPHO;OHRSEPHO;base;Sephos;;
OHRSGATE;ANIMAL;RABBIT;FOOD_CREATURE;RABBIT;OHRSGATE;;base;Shadow Portal;;
OHRSGMA1;HUMANOID;HUMAN;FIGHTER;FIGHTER_MALE_HUMAN;OHRSGMA1;OHRSGMA1;base;Sharran Guard;;
OHRSGMA2;HUMANOID;HUMAN;FIGHTER;FIGHTER_MALE_HUMAN;OHRSGMA2;OHRSGMA2;base;Sharran Guard;;
OHRSGUA1;HUMANOID;HUMAN;FIGHTER;FIGHTER_MALE_HUMAN;OHRSGUA1;OHRSGUA1;base;Sharran Guard;;
OHRSGUA2;HUMANOID;HUMAN;FIGHTER;FIGHTER_MALE_HUMAN;OHRSGUA2;OHRSGUA2;base;Sharran Guard;;
OHRSHAD1;UNDEAD;SHADOW;SHADOW;SHADOW;OHRSHAD1;;base;Shadow Creature;Shadow;false
OHRSHAD2;UNDEAD;SHADOW;SHADOW;SHADOW;OHRSHAD2;OHRSHAD2;base;Shadow Creature;Shadow;false
OHRSHAD3;UNDEAD;SHADOW;SHADOW;SHADOW;OHRSHAD3;;base;Shadow Creature;Shadow;false
OHRSHANI;HUMANOID;HUMAN;MAGE;MAGE_FEMALE_HUMAN;OHRSHANI;OHRSHANI;base;Shani;;
OHRSHASS;HUMANOID;HALF_ELF;THIEF;THIEF_MALE_ELF;OHRSHASS;;base;Sharran Assassin;;
OHRSHCRU;HUMANOID;HUMAN;FIGHTER_CLERIC;FIGHTER_FEMALE_HUMAN;OHRSHCRU;OHRSHG02;base;Sharran Crusader;;
OHRSHDM9;HUMANOID;HUMAN;MONK;MONK_MALE_HUMAN;OHRSHDM9;;base;Dark Moon Monk;;
OHRSHDMK;HUMANOID;HUMAN;MONK;MONK_MALE_HUMAN;OHRSHDMK;;base;Dark Moon Monk;;
OHRSHDMM;HUMANOID;HUMAN;MONK;MONK_MALE_HUMAN;OHRSHDMM;;base;Dark Moon Monk;;
OHRSHFIE;UNDEAD;SHADOW;SHADOW;SHADOW;OHRSHFIE;;base;Shadow Fiend;Shadow;false
OHRSHG01;HUMANOID;HUMAN;FIGHTER;FIGHTER_MALE_HUMAN;OHRSHG01;OHRSHG01;base;Shadow Guard;;
OHRSHG02;HUMANOID;HUMAN;FIGHTER;FIGHTER_MALE_HUMAN;OHRSHG02;OHRSHG02;base;Shadow Guard;;
OHRSHM9;HUMANOID;HUMAN;MONK;MONK_FEMALE_HUMAN;OHRSHM9;OHRSHM9;base;Dark Moon Monk;;
OHRSHMER;HUMANOID;HUMAN;FIGHTER;FIGHTER_MALE_HUMAN;OHRSHMER;OHRSMERC;base;Sharran Mercenary;;
OHRSHMON;HUMANOID;HUMAN;MONK;MONK_MALE_HUMAN;OHRSHMON;OHRSHG02;base;Sharran Monk;;
OHRSHMRC;HUMANOID;HUMAN;FIGHTER;FIGHTER_MALE_HUMAN;OHRSHMRC;;base;Sharran Guard;;
OHRSHR11;HUMANOID;HALFORC;FIGHTER;FIGHTER_MALE_HALFORC;OHRRAZVA;;base;Sharran Mercenary;;
OHRSHR12;HUMANOID;HUMAN;CLERIC;CLERIC_MALE_HUMAN;OHRRAZVA;;base;Sharran Priest;;
OHRSHR20;HUMANOID;HUMAN;MONK;MONK_FEMALE_HUMAN;OHRSHR20;;base;Sharran Monk;;
OHRSHR21;HUMANOID;HUMAN;THIEF;THIEF_MALE_HUMAN;OHRSHR21;OHRSHR21;base;Sharran Assassin;;
OHRSHR22;HUMANOID;HUMAN;FIGHTER_CLERIC;FIGHTER_MALE_HUMAN;OHRSHR22;;base;Sharran Crusader;;
OHRSHR23;HUMANOID;HUMAN;MAGE;MAGE_FEMALE_HUMAN;OHRSHR23;;STRATAGEMS;Sharran Sorcerer;;
OHRSHR30;HUMANOID;HUMAN;MONK;MONK_FEMALE_HUMAN;OHRSHR30;;base;Dark Moon Monk;;
OHRSHR31;HUMANOID;HUMAN;CLERIC;CLERIC_MALE_HUMAN;OHRSHR32;;base;Sharran Priest;;
OHRSHR32;HUMANOID;HALF_ELF;FIGHTER;FIGHTER_MALE_ELF;OHRSHR32;OHRSMERC;base;Sharran Mercenary;;
OHRSHRAM;HUMANOID;HUMAN;MONK;MONK_FEMALE_HUMAN;OHRSHRAM;;base;Dark Moon Monk;;
OHRSHRN1;HUMANOID;HALF_ELF;THIEF;THIEF_FEMALE_ELF;OHRSHRN1;;base;Sharran Assassin;;
OHRSHRN2;HUMANOID;HUMAN;CLERIC;CLERIC_MALE_HUMAN;OHRSHRN2;;base;Sharran Priest;;
OHRSHRN3;HUMANOID;HUMAN;FIGHTER;FIGHTER_MALE_HUMAN;OHRSHRN3;;base;Sharran Warrior;;
OHRSHRN4;HUMANOID;HALF_ELF;MAGE;MAGE_MALE_ELF;OHRSHRN4;;STRATAGEMS;Sharran Sorcerer;;
OHRSHRN5;HUMANOID;HUMAN;FIGHTER;FIGHTER_MALE_HUMAN;OHRSHRN5;;base;Sharran Crusader;;
OHRSHRN6;HUMANOID;HUMAN;MONK;MONK_FEMALE_HUMAN;OHRSHRN6;;base;Dark Moon Monk;;
OHRSHSOR;HUMANOID;HUMAN;SORCERER;MAGE_MALE_HUMAN;OHRSHSOR;OHRSHG02;base;Sharran Sorcerer;;
OHRSHSOS;HUMANOID;HUMAN;SORCERER;MAGE_FEMALE_HUMAN;OHRSHSOS;OHRSHG02;base;Sharran Sorceress;;
OHRSLARA;HUMANOID;HUMAN;MONK;MONK_FEMALE_HUMAN;OHRSLARA;OHRSLARA;base;Sun Soul Lara;;
OHRSSCAR;HUMANOID;HUMAN;MONK;MONK_FEMALE_HUMAN;OHRSSCAR;OHRSSCAR;base;Sixscar;;
OHRSSM01;HUMANOID;HUMAN;MONK;MONK_MALE_HUMAN;OHRSSM01;OHRSSM01;base;Sun Soul Monk;;
OHRSTALK;MONSTER;ELEMENTAL;ELEMENTAL_AIR;DOOM_GUARD;OHRSTALK;;base;Invisible Stalker;;
OHRTADDA;HUMANOID;HUMAN;CLERIC;CLERIC_MALE_HUMAN;OHRTADDA;OHRTADDA;base;Taddaus;;
OHRTALLU;HUMANOID;HUMAN;FIGHTER;FIGHTER_MALE_HUMAN;OHRTALLU;OHRTALLU;base;Tallus;;
OHRTHEYE;HUMANOID;HUMAN;FIGHTER;FIGHTER_MALE_HUMAN;OHRTHEYE;OHRTHEYE;base;Theyeredahl;;
OHRTODWA;HUMANOID;DWARF;FIGHTER;SLEEPING_DWARF;OHRTODWA;;base;Tortured Dwarf;;
OHRTORCA;HUMANOID;HUMAN;FIGHTER;FIGHTER_MALE_HUMAN;OHRTORCA;OHRTORCA;base;Torcadahl;;
OHRTREYA;HUMANOID;HUMAN;MONK;MONK_FEMALE_HUMAN;OHRTREYA;OHRTREYA;base;Treya;;
OHRTRUTH;MONSTER;MIST;MIST;MIST_CREATURE;OHRTRUTH;OHRTRUTH;base;The Truth;;
OHRTWOFO;HUMANOID;HUMAN;MONK;MONK_MALE_HUMAN;OHRTWOFO;OHRTWOFO;base;Twofold Sentry;;
OHRWHEEL;ANIMAL;RABBIT;FOOD_CREATURE;RABBIT;OHRWHEEL;;base;Wheel of Obliteration;;
OHRWOLF;ANIMAL;WOLF;HUNTER_CREATURE;WOLF;OHRWOLF;;base;Wolf;Wolf;false
OHRYXTRA;MONSTER;DRAGON;SHADOW_DRAGON;MAGE_FEMALE_HUMAN;OHRYXTRA;OHRYXTRA;base;Yxtrazzal;;
OISIG;HUMANOID;HUMAN;CLERIC;CLERIC_MALE_HUMAN;Oisig;oisig;base;High Watcher Oisig;;
ORC01;HUMANOID;ORC;ORC;ORC_MELEE;orc01;None;base;Orc;;
ORC02;HUMANOID;ORC;ORC;ORC_ELITE_RANGE;orc02;;base;Orc Archer;;
ORC03;HUMANOID;ORC;CLERIC;ORC_SHAMAN;orc03;;base;Orc Priest;;
ORC04;HUMANOID;ORC;MAGE;ORC_SHAMAN;orc04;;base;Orc Mage;;
ORC05;HUMANOID;ORC;ORC;OROG;orc05;None;base;Orog;;
ORC06;HUMANOID;ORC;ORC;OROG_ELITE;orc06;None;base;Orog;;
ORCDED;HUMANOID;ORC;ORC;ORC_MELEE;orcded;None;base;;;
ORIANA;HUMANOID;HUMAN;INNOCENT;NOBLE_WOMAN;Oriona;Oriona;base;Oriana;;
ORPHAN1;HUMANOID;HUMAN;INNOCENT;BOY;orphan1;orphan1;base;Boy;;
ORPHAN2;HUMANOID;HUMAN;INNOCENT;PEASANT_MAN;orphan2;orphan2;base;Peasant;;
OTYUGH;MONSTER;OTYUGH;OTYUGH;OTYUGH;None;;base;Otyugh;;
OTYUGH01;MONSTER;OTYUGH;OTYUGH;OTYUGH;None;;base;Otyugh;;
PACE;HUMANOID;HUMAN;THIEF;THIEF_MALE_HUMAN;pace;pace;base;Pace;;
PAIREL01;GIANTHUMANOID;ELEMENTAL;ELEMENTAL_AIR;ELEMENTAL_AIR;pairel01;pairel01;base;Air Elemental;;
PALA;HUMANOID;HALFLING;FIGHTER;CLERIC_FEMALE_HALFLING;pala;pala;base;Pala Fentan;;
PALA02;HUMANOID;HALFLING;FIGHTER;CLERIC_FEMALE_HALFLING;pala02;pala;base;Pala Fentan;;
PALERN;HUMANOID;HALFLING;THIEF;THIEF_MALE_HALFLING_LOW;Palern;palern;base;Palern Flynn;;
PALKNI01;HUMANOID;HUMAN;OGRE_MAGE;OGRE_MAGE;palkni01;;STRATAGEMS;Ogre Mage;;
PALKNI02;HUMANOID;HUMAN;OGRE;OGRE;palkni02;;STRATAGEMS;Ogre;;
PALKNI03;HUMANOID;HUMAN;GNOLL;GNOLL;palkni03;;STRATAGEMS;Gnoll Elite;;
PALKNI04;HUMANOID;HUMAN;OGRE;OGRE;palkni04;palkni05;STRATAGEMS;Ogre;;
PALKNI05;HUMANOID;HUMAN;WYVERN;WYVERN;palkni05;;STRATAGEMS;Baby Wyvern;;
PARDRU;HUMANOID;HUMAN;DRUID;CLERIC_FEMALE_HUMAN;pardru;None;base;Sorsha;;
PARFIG16;HUMANOID;HALFLING;FIGHTER;FIGHTER_MALE_HALFLING;parfig16;parfig16;base;Jalin Tix;;
PARMONK;HUMANOID;HUMAN;MONK;MONK_MALE_HUMAN;parmonk;None;base;Mahar;;
PARTHF;HUMANOID;ELF;THIEF;THIEF_MALE_ELF;parthf;None;base;Alnarow;;
PBHUNT01;HUMANOID;TIEFLING;BARD;FIGHTER_MALE_ELF;pbhunt01;pbhunt01;base;Aawill;;
PBHUNT02;HUMANOID;ELF;FIGHTER;THIEF_MALE_ELF;pbhunt02;pbhunt02;base;Bounty Hunter;;
PBHUNT03;HUMANOID;YUANTI;MAGE;YUAN-TI_PRIEST;pbhunt03;pbhunt03;base;Bounty Hunter;;
PBHUNT04;HUMANOID;YUANTI;MAGE;YUAN-TI_PRIEST;pbhunt04;pbhunt04;base;Bounty Hunter;;
PBHUNT05;HUMANOID;HALFLING;THIEF;THIEF_MALE_HALFLING;pbhunt05;pbhunt05;base;Bounty Hunter;;
PCAPT02;HUMANOID;ELF;FIGHTER_MAGE;FIGHTER_MALE_ELF;pcapt02;pcapt02;base;Prison Captain;;
PCAPT03;HUMANOID;ELF;FIGHTER;FIGHTER_MALE_ELF;pcapt03;pcapt03;base;Prison Captain;;
PCAPT04;HUMANOID;HUMAN;MAGE;MAGE_MALE_HUMAN;pcapt04;pcapt04;base;Prison Captain;;
PCAPT05;HUMANOID;ELF;FIGHTER_MAGE;MAGE_MALE_ELF;pcapt05;pcapt05;base;Prison Captain;;
PCAPT06;HUMANOID;ELF;CLERIC;CLERIC_FEMALE_ELF;pcapt06;pcapt06;base;Prison Captain;;
PDWARF01;HUMANOID;DWARF;THIEF;THIEF_MALE_DWARF;pdwarf01;pdwarf01;base;Dwarf Thrall;;
PEHLLUS;HUMANOID;HUMAN;INNOCENT;NOBLE_MAN;None;pehllus;base;Pehllus Tanislove;;
PELANNA;HUMANOID;ELF;FIGHTER;FIGHTER_FEMALE_ELF;pelanna;pelanna;base;Pelanna;;
PEONY;HUMANOID;HUMAN;INNOCENT;PEASANT_WOMAN;peony;peony;base;Peony;;
PETTIN;GIANTHUMANOID;ETTIN;GIANT;ETTIN;pettin;None;base;Ettin;Ettin;false
PHEAS01;ANIMAL;NO_RACE;FOOD_CREATURE;PHEASANT;None;None;base;Pheasant;;
PHLYDI;HUMANOID;HUMAN;INNOCENT;MAGE_FEMALE_HUMAN;None;phlydi;base;Phlydia;;
PHLYDI2;HUMANOID;HUMAN;INNOCENT;MAGE_FEMALE_HUMAN;None;phlydi2;base;Phlydia;;
PHLYDI3;MONSTER;DOPPLEGANGER;DOPPLEGANGER;MAGE_FEMALE_HUMAN;None;phlydi3;STRATAGEMS;Phlydia;;
PICK1;HUMANOID;HALFLING;THIEF;THIEF_FEMALE_HALFLING;Pickpocket1;pick1;base;Peasant;;
PICK2;HUMANOID;GNOME;THIEF;THIEF_MALE_HALFLING;PickPocket2;pick2;base;Peasant;;
PIRBOB01;HUMANOID;HUMAN;FIGHTER;BEGGAR_MAN;pirbob01;pirbob01;base;Capt'n Bob Holmes;;
PIRCOM01;HUMANOID;HUMAN;INNOCENT;FAT_MAN;pircom01;pircom01;base;Commoner;;
PIRCOM02;HUMANOID;HUMAN;INNOCENT;FAT_WOMAN;pircom02;pircom02;base;Commoner;;
PIRCOR01;HUMANOID;HUMAN;INNOCENT;HARLOT_WOMAN;pircor01;pircor01;base;Courtesan;;
PIRCOR02;HUMANOID;HUMAN;INNOCENT;HARLOT_WOMAN;pircor02;pircor02;base;Ginia;;
PIRCOR03;HUMANOID;HUMAN;INNOCENT;NOBLE_MAN;pircor03;pircor03;base;Courtesan;;
PIRCOR04;HUMANOID;HUMAN;INNOCENT;HARLOT_WOMAN;pircor04;pircor04;base;Courtesan;;
PIRCOR05;HUMANOID;HUMAN;INNOCENT;FAT_WOMAN;pircor05;pircor05;base;Ellie;;
PIRCOR06;HUMANOID;HUMAN;INNOCENT;HARLOT_WOMAN;pircor06;pircor06;base;Courtesan;;
PIRDOC01;HUMANOID;DWARF;FIGHTER;SAILOR_MAN;pirdoc01;pirdoc01;base;Dockhand;;
PIREXE01;HUMANOID;HUMAN;FIGHTER;THIEF_MALE_HUMAN;pirexe01;pirexe01;base;Executioner;;
PIRFSH01;HUMANOID;HUMAN;FIGHTER;PEASANT_MAN;pirfsh01;pirfsh01;base;Fisherman;;
PIRFSH02;HUMANOID;HUMAN;FIGHTER;PEASANT_WOMAN;pirfsh02;pirfsh02;base;Fishwife;;
PIRGRD01;HUMANOID;HUMAN;FIGHTER;FIGHTER_MALE_HUMAN;pirgrd01;pirgrd01;base;Guard;;
PIRKID01;HUMANOID;HUMAN;INNOCENT;BOY;pirkid01;pirkid01;base;Ason;;
PIRMUR01;HUMANOID;HUMAN;FIGHTER;FIGHTER_FEMALE_HUMAN;pirmur01;pirmur01;base;Galvena;;
PIRMUR02;HUMANOID;HALFLING;THIEF;THIEF_MALE_HALFLING;pirmur02;pirmur02;base;Assassin;;
PIRMUR03;HUMANOID;HUMAN;FIGHTER_MAGE;CLERIC_MALE_HUMAN;pirmur03;pirmur03;base;Front;;
PIRMUR04;HUMANOID;HUMAN;FIGHTER;FIGHTER_MALE_HUMAN;pirmur04;pirmur04;base;Guard;;
PIRMUR05;HUMANOID;HUMAN;FIGHTER;FIGHTER_MALE_HUMAN;pirmur05;pirmur05;base;Guard Capt;;
PIRMUR06;HUMANOID;HUMAN;FIGHTER;FIGHTER_MALE_HUMAN;pirmur05;pirmur05;base;Guard Capt;;
PIRMUR07;HUMANOID;HUMAN;MAGE;MAGE_MALE_HUMAN;pirmur07;pirmur07;base;Vadek;;
PIRMUR08;HUMANOID;HUMAN;FIGHTER;FIGHTER_MALE_HUMAN;pirmur08;pirmur08;base;Guard;;
PIRMUR09;HUMANOID;ELF;CLERIC;CLERIC_MALE_ELF;pirmur09;pirmur09;base;Golin;;
PIRMUR10;HUMANOID;HUMAN;INNOCENT;PEASANT_WOMAN;pirmur10;pirmur10;base;Claire;;
PIRMUR11;HUMANOID;HUMAN;FIGHTER;FIGHTER_MALE_HUMAN;pirmur11;pirmur11;base;Guard;;
PIRMUR12;HUMANOID;HUMAN;FIGHTER;FIGHTER_MALE_HUMAN;pirmur12;pirmur12;base;Guard;;
PIRMUR13;HUMANOID;HUMAN;FIGHTER;FIGHTER_MALE_HUMAN;pirmur13;pirmur13;base;Guard Capt;;
PIRPIR01;HUMANOID;HUMAN;FIGHTER;STATIC_PEASANT_MAN_CHAIR;pirpir01;pirpir01;base;Pirate;;
PIRPIR02;HUMANOID;HUMAN;FIGHTER;FIGHTER_MALE_HUMAN;pirpir02;None;base;Andar the Pirate;;
PIRPIR03;HUMANOID;DWARF;FIGHTER;FIGHTER_MALE_DWARF;pirpir03;None;base;Olben the Pirate;;
PIRPIR04;HUMANOID;HUMAN;FIGHTER;SAILOR_MAN;pirpir04;pirpir04;base;Drunken Sailor;;
PIRPIR05;HUMANOID;HUMAN;THIEF;THIEF_MALE_HUMAN;pirpir05;pirpir05;base;Chremy;;
PIRPIR06;HUMANOID;HALFLING;INNOCENT;CLERIC_MALE_HALFLING;pirpir06;pirpir06;base;Sailor;;
PIRPIR07;HUMANOID;DWARF;FIGHTER;FIGHTER_MALE_DWARF;pirpir07;pirpir07;base;Pirate Bill;;
PIRPIR08;HUMANOID;DWARF;FIGHTER;SAILOR_MAN;pirpir08;pirpir08;base;Pirate Dan;;
PIRPIR09;HUMANOID;HUMAN;FIGHTER;FAT_MAN;pirpir09;pirpir09;base;Pirate Jimmy;;
PIRPIR10;HUMANOID;HUMAN;FIGHTER;FIGHTER_MALE_HUMAN;pirpir10;pirpir10;base;Pirate Scotty;;
PIRPIR11;HUMANOID;DWARF;FIGHTER;SAILOR_MAN;pirpir11;pirpir11;base;Pirate Paul;;
PIRPIR12;HUMANOID;HUMAN;FIGHTER;PEASANT_MAN;pirpir12;pirpir12;base;Pirate Newf;;
PIRPRV01;HUMANOID;HUMAN;FIGHTER;FIGHTER_MALE_HUMAN;pirprv01;pirprv01;base;Privateer;;
PIRSAL01;HUMANOID;HALFLING;INNOCENT;SAILOR_MAN;pirsal01;pirsal01;base;Sailor;;
PIRSAL02;HUMANOID;HUMAN;CLERIC;CLERIC_FEMALE_HUMAN;pirsal02;pirsal02;base;Sailor;;
PIRSEA01;HUMANOID;HUMAN;FIGHTER;PIRATE;pirsea01;pirsea01;base;Pirate Captain;;
PIRSEA02;HUMANOID;HUMAN;FIGHTER;PIRATE;pirsea02;pirsea02;base;Pirate;;
PIRSEA03;HUMANOID;HUMAN;MAGE;MAGE_MALE_HUMAN;pirsea03;pirsea03;base;Pirate;;
PLANET01;MONSTER;PLANATAR;CLERIC_MAGE;TANARRI;None;None;jtweaks;Planetar;;
PLANEVIL;HUMANOID;DARKPLANATAR;FIGHTER_CLERIC;MAGE_FEMALE_ELF;planevil;PLANEVIL;SPELL_REV;Fallen Planetar;;
PLANGOOD;HUMANOID;PLANATAR;FIGHTER_CLERIC;MAGE_MALE_ELF;plangood;PLANGOOD;SPELL_REV;Planetar;;
PLANWISH;MONSTER;DARKPLANATAR;CLERIC_MAGE;MAGE_FEMALE_ELF;planevil;planevil;jtweaks;Fallen Planetar;;
PLASS01;HUMANOID;ELF;MAGE;MAGE_MALE_ELF;plass01;plass01;base;Assassin;;
PLASS02;HUMANOID;HUMAN;PALADIN;FIGHTER_FEMALE_HUMAN;plass02;plass02;base;Assassin;;
PLASS03;HUMANOID;HUMAN;FIGHTER;FIGHTER_MALE_HUMAN;plass03;plass03;base;Assassin;;
PLASS04;HUMANOID;HUMAN;THIEF;THIEF_MALE_HUMAN;plass04;plass04;base;Assassin;;
PLAYER1;HUMANOID;HUMAN;INNOCENT;PEASANT_MAN;player1;player1;base;Peasant;;
PLFARM01;HUMANOID;HUMAN;FIGHTER;FIGHTER_MALE_HUMAN;plfarm01;plfarm01;base;Lette;;
PLFARM02;HUMANOID;HALF_ELF;FIGHTER_CLERIC;FIGHTER_FEMALE_ELF;plfarm02;plfarm02;base;Lanka;;
PLFARM03;HUMANOID;DWARF;FIGHTER;FIGHTER_MALE_DWARF;plfarm03;plfarm03;base;Petr;;
PLFARM04;HUMANOID;HUMAN;FIGHTER;FIGHTER_MALE_HUMAN;plfarm04;plfarm04;base;Brunson;;
PLFARM05;HUMANOID;HUMAN;FIGHTER;FIGHTER_MALE_HUMAN;plfarm05;plfarm05;base;Pardo;;
PLFARM06;HUMANOID;HUMAN;FIGHTER;FIGHTER_MALE_HUMAN;plfarm06;plfarm06;base;Moreno;;
PLGIRL01;HUMANOID;HUMAN;INNOCENT;CLERIC_FEMALE_HUMAN;plgirl01;plgirl01;base;Tyrianna;;
PLGRAN01;HUMANOID;HUMAN;PALADIN;FIGHTER_MALE_HUMAN;plgran01;plgran01;base;Illon;;
PLMETG01;HUMANOID;HUMAN;FIGHTER;FIGHTER_MALE_HUMAN;plmetg01;plmetg01;base;Metrich Footman;;
PLMETG02;HUMANOID;HUMAN;FIGHTER;FIGHTER_MALE_HUMAN;plmetg02;plmetg02;base;Metrich Yeoman;;
PLMETR01;HUMANOID;HUMAN;FIGHTER;FIGHTER_MALE_HUMAN;plmetr01;plmetr01;base;Baron Metrich;;
PLMETW01;HUMANOID;HUMAN;MAGE;MAGE_MALE_HUMAN;plmetw01;plmetw01;base;Sorcerous Amin;;
PLSHFG01;GIANTHUMANOID;ETTIN;GIANT;ETTIN;plshfg01;plshfg01;base;Ettin;Ettin;false
PLSHFG02;GIANTHUMANOID;ETTIN;GIANT;ETTIN;plshfg02;plshfg02;base;Ettin;Ettin;false
PLSHHG01;HUMANOID;HOBGOBLIN;RANGER;HOBGOBLIN;None;;base;Hobgoblin Slayer;;
PLSHHG02;HUMANOID;HOBGOBLIN;MAGE;HOBGOBLIN;plshhg02;plshhg02;base;Hobgoblin Wizard;;
PLSHKN01;HUMANOID;HUMAN;PALADIN;FIGHTER_MALE_HUMAN;plshkn01;plshkn01;base;Knight of the Order;;
PLSHKN02;HUMANOID;HUMAN;PALADIN;FIGHTER_MALE_HUMAN;plshkn02;plshkn02;base;Knight of the Order;;
PLSHOM01;GIANTHUMANOID;OGRE;OGRE_MAGE;OGRE_MAGE;plshom01;plshom01;base;Ogre Mage;OgreMage;false
PLTAX01;HUMANOID;HUMAN;INNOCENT;FAT_MAN;pltax01;pltax01;base;Alfons the Tax Collector;;
PLYBASS;MONSTER;BASILISK;BASILISK;BASILISK;None;;base;Lesser Basilisk;LesserBasilisk;false
PLYFLIND;HUMANOID;GNOLL;GNOLL;GNOLL;None;;base;Flind;;
PLYOGRE;GIANTHUMANOID;OGRE;OGRE;OGRE;Ogre;;base;Ogre;Ogre;true
PLYSALA;MONSTER;SALAMANDER;ELEMENTAL_FIRE;SALAMANDER_FIRE;None;;base;Fire Salamander;;
PLYSPID;MONSTER;SPIDER;SPIDER_SWORD;SPIDER_SWORD;None;;base;Sword Spider;SwordSpider;true
PLYSPID2;MONSTER;SPIDER;SPIDER_GIANT;SPIDER_GIANT;;;base;Giant Spider;GiantSpider;true
PLYTROLL;MONSTER;TROLL;TROLL;TROLL;troll01;;base;Troll;;
PLYWOLF;MONSTER;WOLF;WOLF_DREAD;WOLF;None;;base;Wolf;DreadWolf;true
PLYWYVRN;MONSTER;WYVERN;WYVERN;WYVERN;Wyvern;;base;Baby Wyvern;BabyWyvern;true
PMASTER;MONSTER;DEMONIC;TANARI;FIEND_GREEN;pmaster;pmaster;STRATAGEMS;Master of Thralls;;
POGHM10;HUMANOID;HUMAN;INNOCENT;MAGE_MALE_HUMAN;None;poghm10;base;Priest of Oghma;;
POGHM3;HUMANOID;HUMAN;INNOCENT;MAGE_MALE_HUMAN;None;poghm2;base;Priest of Oghma;;
POGHM6;HUMANOID;HUMAN;INNOCENT;MAGE_MALE_HUMAN;None;poghm2;base;Priest of Oghma;;
POGHM8;HUMANOID;HUMAN;INNOCENT;MAGE_MALE_HUMAN;None;poghm2;base;Priest of Oghma;;
POGHM9;MONSTER;DOPPLEGANGER;DOPPLEGANGER;MAGE_MALE_HUMAN;None;poghm9;base;Priest of Oghma;;
POGHMA;HUMANOID;HUMAN;INNOCENT;MAGE_MALE_HUMAN;None;poghm5;base;Priest of Oghma;;
POGHMA3;HUMANOID;HUMAN;INNOCENT;MAGE_MALE_HUMAN;None;poghm2;base;Priest of Oghma;;
POGHMA4;HUMANOID;HUMAN;INNOCENT;MAGE_MALE_HUMAN;None;poghm4;base;Priest of Oghma;;
POGHMA5;HUMANOID;HUMAN;INNOCENT;MAGE_MALE_HUMAN;None;poghm5;base;Priest of Oghma;;
POGHMA6;HUMANOID;HUMAN;INNOCENT;MAGE_MALE_HUMAN;None;poghm6;base;Priest of Oghma;;
POGHMA7;HUMANOID;HUMAN;INNOCENT;MAGE_MALE_HUMAN;None;poghm7;base;Priest of Oghma;;
POGHMA8;HUMANOID;HUMAN;INNOCENT;MAGE_MALE_HUMAN;None;poghm8;base;Priest of Oghma;;
POLYCARR;MONSTER;CARRIONCRAWLER;CARRIONCRAWLER;CARRION_CRAWLER;None;;base;Carrion Crawler;CarrionCrawler;false
POLYOCHR;MONSTER;SLIME;MUSTARD_JELLY;SLIME_MUSTARD;None;;base;Mustard Jelly;MustardJelly;false
POLYRAT;ANIMAL;NO_RACE;NO_CLASS;RAT;None;None;base;Rat;;
POSTUL1;HUMANOID;HALFLING;INNOCENT;CLERIC_FEMALE_HALFLING;None;postul1;base;Halfling Woman;;
POSTUL2;HUMANOID;HUMAN;INNOCENT;FAT_MAN;None;postul2;base;Commoner;;
POSTUL3;HUMANOID;HUMAN;INNOCENT;FAT_WOMAN;None;postul3;base;Peasant;;
POSTUL4;HUMANOID;HUMAN;INNOCENT;PEASANT_MAN;None;postul4;base;Commoner;;
POSTUL5;HUMANOID;HUMAN;INNOCENT;PEASANT_WOMAN;None;postul5;base;Peasant;;
POSTUL6;HUMANOID;HUMAN;INNOCENT;NOBLE_MAN;Postul6;postul6;base;Nobleman;;
PPALT;MONSTER;STATUE;SHADOW;FIRE_RING;ppalt;ppalt;base;Altar;;
PPALTK1;HUMANOID;KOBOLD;KOBOLD;KOBOLD;ppaltk1;ppaltk1;base;Kobold Shaman;;
PPALTK2;HUMANOID;KOBOLD;KOBOLD;KOBOLD;ppaltk2;ppaltk2;base;Kobold Shaman;;
PPAPH2;HUMANOID;HUMAN;MAGE;MAGE_FEMALE_HUMAN;ppaph2;ppaph2;base;Aphril;;
PPAPHRIL;HUMANOID;HUMAN;MAGE;MAGE_FEMALE_HUMAN;ppaphril;ppaphril;base;Aphril;;
PPARAN2;HUMANOID;HUMAN;MAGE_THIEF;THIEF_MALE_HUMAN;aran;pparan2;base;Aran Linvail;;
PPBHAAL;HUMANOID;HUMAN;FIGHTER;SAREVOK;ppbhaal;ppbhaal;base;Bhaal;;
PPBODBAT;MONSTER;NO_RACE;NO_CLASS;BAT_INSIDE;None;None;base;Vampire Bat;;
PPBODHI3;UNDEAD;VAMPIRE;VAMPIRE;BODHI;ppbodhi3;ppbodhi3;base;Bodhi;;
PPBODHI4;UNDEAD;VAMPIRE;FIGHTER_THIEF;BODHI;ppbodhi4;ppbodhi4;STRATAGEMS;Bodhi;;
PPCOWLED;HUMANOID;HUMAN;MAGE;MAGE_MALE_HUMAN;ppcowled;ppcowled;base;Perth the Adept;;
PPDEL;UNDEAD;VAMPIRE;FIGHTER_THIEF;VAMPIRE_FEMALE;ppdel;ppdel;STRATAGEMS;Del;;
PPDEMON;MONSTER;DEMONIC;TANARI;TANARRI;ppdemon;ppdemon;base;Demon;;
PPDESH;HUMANOID;HUMAN;FIGHTER;FIGHTER_MALE_HUMAN;ppdesh;ppdesh;base;Desharik;;
PPDESH2;HUMANOID;HUMAN;FIGHTER;FIGHTER_MALE_HUMAN;ppdesh2;ppdesh2;base;Desharik;;
PPDILI;HUMANOID;HUMAN;INNOCENT;GIRL;ppdili;ppdili;base;Dili;;
PPDILI2;HUMANOID;HUMAN;INNOCENT;GIRL;ppdili2;ppdili2;base;Dili;;
PPDJINN;GIANTHUMANOID;GENIE;GENIE_DJINNI;DJINNI;ppdjinn;ppdjinn;base;Genie;;
PPDJINN2;GIANTHUMANOID;GENIE;GENIE_NOBLE_DJINNI;DJINNI;ppdjinn2;;base;Noble Djinni;;
PPDOOR;HUMANOID;HUMAN;FIGHTER;PIRATE;ppdoor;ppdoor;base;Pirate Door Guard;;
PPDRA2;HUMANOID;ELF;MAGE;MAGE_MALE_ELF;ppdra2;ppdra2;base;Dradeel;;
PPDRADEE;HUMANOID;ELF;MAGE;MAGE_MALE_ELF;ppdradee;ppdradee;base;Dradeel;;
PPDRIMO;HUMANOID;HUMAN;MAGE;MAGE_FEMALE_HUMAN;ppdrimo;ppdrimo;CDTWEAKS;Imoen;;
PPDRIMOV;HUMANOID;HUMAN;MAGE;MAGE_FEMALE_HUMAN;ppdrimov;ppdrimov;CDTWEAKS;Imoen;;
PPDUEL1;HUMANOID;HUMAN;FIGHTER;FIGHTER_MALE_HUMAN;ppduel1;ppduel1;base;Andante;;
PPDUEL2;HUMANOID;HUMAN;FIGHTER;THIEF_MALE_HUMAN;ppduel2;ppduel2;base;Dirbish the Black;;
PPDUELC;HUMANOID;HUMAN;FIGHTER;THIEF_MALE_HUMAN;ppduelc;ppduelc;base;Duel Coordinator;;
PPGIRL;HUMANOID;HUMAN;INNOCENT;SLEEPING_WOMAN_HUMAN;ppgirl;ppgirl;base;Cayia;;
PPGIRL2;HUMANOID;HUMAN;INNOCENT;NOBLE_WOMAN;ppgirl;ppgirl;base;Cayia;;
PPGITH;HUMANOID;GITHYANKI;FIGHTER_MAGE;GITHYANKI;ppgith;ppgith;base;Githyanki Captain;;
PPGITHGI;HUMANOID;GITHYANKI;FIGHTER_MAGE;GITHYANKI;ppgithgi;ppgithgi;base;Githyanki;;
PPGITHMA;HUMANOID;GITHYANKI;MAGE;GITHYANKI;ppgithma;ppgithma;base;Githyanki;;
PPGITHWA;HUMANOID;GITHYANKI;FIGHTER;GITHYANKI;ppgithwa;ppgithwa;base;Githyanki;;
PPGUARD;HUMANOID;HUMAN;FIGHTER;PIRATE;ppguard;ppguard;base;Pirate;;
PPGUARD1;HUMANOID;KOBOLD;KOBOLD;KOBOLD_XVART;ppguard1;;base;Kobold;;
PPGUARD2;HUMANOID;KOBOLD;KOBOLD;KOBOLD;ppguard2;;base;Kobold;;
PPGUARD3;HUMANOID;KOBOLD;KOBOLD;KOBOLD;ppguard3;;base;Kobold;;
PPGUARD4;HUMANOID;KOBOLD;MAGE;KOBOLD;ppguard4;;STRATAGEMS;Kobold Witch Doctor;;
PPGUARDA;HUMANOID;HUMAN;FIGHTER;PIRATE;ppguarda;;base;Pirate;;
PPGUY01;MONSTER;NO_RACE;TANARI;BIRD;ppguy01;ppguy01;base;;;
PPIMOEN;HUMANOID;HUMAN;MAGE;MAGE_FEMALE_HUMAN;ppimoen;ppimoen;CDTWEAKS;Imoen;;
PPINN01;HUMANOID;HUMAN;INNOCENT;THIEF_MALE_HUMAN;ppinn01;ppinn01;base;Innkeeper ;;
PPINVI01;MONSTER;STATUE;SHADOW;DOOM_GUARD;ppinvi01;;base;Magnet;;
PPIRENI1;HUMANOID;ELF;MAGE;MONK;ppireni1;ppireni1;base;Coordinator;;
PPIRENI2;HUMANOID;ELF;MAGE;JON_IRENICUS;ppireni2;ppireni2;base;Jon Irenicus;;
PPIRON;GIANTHUMANOID;GOLEM;GOLEM_CLAY;GOLEM_CLAY;ppiron;;base;Clay Golem;ClayGolem;false
PPJOYE;UNDEAD;VAMPIRE;FIGHTER_THIEF;VAMPIRE;ppjoye;ppjoye;STRATAGEMS;Dace Sontan;;
PPJOYE2;UNDEAD;VAMPIRE;FIGHTER_THIEF;VAMPIRE;ppjoye2;ppjoye2;STRATAGEMS;Dace Apparition;;
PPLACKEY;HUMANOID;HUMAN;FIGHTER;THIEF_MALE_HUMAN;pplackey;pplackey;base;Pirate;;
PPLDR01;HUMANOID;HUMAN;FIGHTER;PIRATE;ppldr01;ppldr01;base;Pirate Leader;;
PPLOVE;HUMANOID;HUMAN;INNOCENT;SLEEPING_MAN_HUMAN;pplove;pplove;base;Algor;;
PPMAG01;HUMANOID;HUMAN;FIGHTER_MAGE;FIGHTER_FEMALE_HUMAN;ppmag01;ppmag01;base;Pirate Mage;;
PPMIND01;HUMANOID;MIND_FLAYER;MIND_FLAYER;MINDFLAYER;ppmind01;None;base;Ulitharid;;
PPMUR;HUMANOID;HUMAN;THIEF;THIEF_MALE_HUMAN;ppmur;;base;Murderer;;
PPNAB01;MONSTER;DEMONIC;TANARI;TANARRI;ppnab01;None;base;Nabassu;;
PPNAB02;MONSTER;DEMONIC;TANARI;TANARRI;ppnab02;None;base;Nabassu;;
PPNAB03;MONSTER;DEMONIC;TANARI;TANARRI;ppnab03;None;base;Nabassu;;
PPNALJ;HUMANOID;HUMAN;BARD;THIEF_MALE_HUMAN;ppnalj;ppnalj;base;Naljier Skal;;
PPNALJ2;HUMANOID;HUMAN;BARD;THIEF_MALE_HUMAN;ppnalj2;ppnalj2;base;Naljier Skal;;
PPPARIS;UNDEAD;VAMPIRE;FIGHTER_THIEF;VAMPIRE_FEMALE;ppparis;ppparis;STRATAGEMS;Parisa;;
PPPIRATE;HUMANOID;HUMAN;FIGHTER;THIEF_MALE_HUMAN;pppirate;pppirate;base;Pirate;;
PPRIDD;MONSTER;STATUE;SHADOW;DOOM_GUARD_LARGER;ppridd;ppridd;base;Statue;;
PPRIGHT;HUMANOID;HUMAN;FIGHTER;FIGHTER_MALE_HUMAN;ppright;ppright;base;Dunbar;;
PPSAEM;HUMANOID;HUMAN;FIGHTER_MAGE;FIGHTER_MALE_HUMAN;ppsaem;ppsaem;base;Saemon Havarian;;
PPSAEM2;HUMANOID;HUMAN;FIGHTER_MAGE;FIGHTER_MALE_HUMAN;ppsaem2;ppsaem2;base;Saemon Havarian;;
PPSAEM3;HUMANOID;HUMAN;FIGHTER_MAGE;FIGHTER_MALE_HUMAN;ppsaem3;ppsaem3;base;Saemon Havarian;;
PPSAHA;HUMANOID;SAHUAGIN;SAHUAGIN;SAHUAGIN;ppsaha;ppsaha;base;Sahuagin;;
PPSAHALE;HUMANOID;SAHUAGIN;SAHUAGIN;SAHUAGIN;ppsahale;ppsahale;base;Sahuagin Baron;;
PPSAIL01;HUMANOID;HUMAN;FIGHTER;FIGHTER_MALE_HUMAN;ppsail01;ppsail01;base;Pirate;;
PPSAIL02;HUMANOID;HUMAN;THIEF;PIRATE;ppsail02;ppsail02;base;Pirate;;
PPSAIL03;HUMANOID;HUMAN;FIGHTER;THIEF_MALE_HUMAN;ppsail03;ppsail03;base;Pirate;;
PPSAILOR;HUMANOID;HUMAN;FIGHTER;FIGHTER_MALE_HUMAN;ppsailor;ppsailor;base;Sailor;;
PPSANIK;HUMANOID;HUMAN;MAGE;MAGE_MALE_HUMAN;ppsanik;ppsanik;base;Sanik;;
PPSHA;HUMANOID;HUMAN;FIGHTER_MAGE;FIGHTER_MALE_HUMAN;ppsaem;ppsaem;base;Saemon Havarian;;
PPSHAD01;HUMANOID;HUMAN;MAGE_THIEF;THIEF_MALE_HUMAN;ppshad01;;base;Shadow Thief;;
PPSIME;HUMANOID;HUMAN;THIEF;THIEF_FEMALE_HUMAN;ppsime;ppsime;base;Sime;;
PPSTAT01;MONSTER;NO_RACE;NO_CLASS;DOOM_GUARD_LARGER;ppstat01;ppstat01;base;Statue of Riddles;;
PPSTOR01;HUMANOID;HUMAN;INNOCENT;PEASANT_MAN;ppstor01;ppstor01;base;Storekeep;;
PPSUNA;HUMANOID;ELF;RANGER;FIGHTER_FEMALE_ELF;PPSUNA;PPSUNA;ctb;Suna Seni;;
PPTHF01;HUMANOID;HUMAN;THIEF;PIRATE;ppthf01;ppthf01;base;Pirate;;
PPTHF02;HUMANOID;HUMAN;THIEF;THIEF_MALE_HUMAN;ppthf02;ppthf02;base;Pirate;;
PPTIAX;HUMANOID;GNOME;CLERIC_THIEF;CLERIC_MALE_GNOME;pptiax;pptiax;base;Tiax;;
PPTIAX2;HUMANOID;GNOME;CLERIC_THIEF;CLERIC_MALE_GNOME;pptiax2;pptiax2;base;Tiax;;
PPTOWN1;HUMANOID;HUMAN;INNOCENT;PEASANT_MAN;pptown1;pptown1;base;Peasant;;
PPTOWN2;HUMANOID;HUMAN;INNOCENT;PEASANT_MAN;pptown2;pptown2;base;Peasant;;
PPTOWN3;HUMANOID;HUMAN;INNOCENT;THIEF_MALE_HUMAN;pptown3;pptown3;base;Peasant;;
PPTOWN4;HUMANOID;HUMAN;INNOCENT;PEASANT_MAN;pptown4;pptown4;base;Peasant;;
PPTROLL1;HUMANOID;TROLL;SPECTRAL_TROLL;TROLL;pptroll1;;base;Spirit Troll;;
PPTROLL2;HUMANOID;TROLL;SPECTRAL_TROLL;TROLL;pptroll1;;base;Spirit Troll;;
PPUMB01;HUMANOID;HUMAN;CLERIC;CLERIC_FEMALE_HUMAN;ppumb01;ppumb01;base;Priestess of Umberlee;;
PPUMB02;MONSTER;UMBERHULK;UMBERHULK;UMBER_HULK;ppumb01;;base;Umber Hulk;;
PPVALEN;UNDEAD;VAMPIRE;FIGHTER_THIEF;VAMPIRE_FEMALE;ppvalen;ppvalen;STRATAGEMS;Valen;;
PPWANEV;HUMANOID;HUMAN;MAGE;MAGE_MALE_HUMAN;ppwanev;ppwanev;base;Wanev;;
PPWANEV2;HUMANOID;HUMAN;MAGE;MAGE_MALE_HUMAN;ppwanev2;ppwanev2;base;Wanev;;
PPWORKER;HUMANOID;DWARF;MAGE;MAGE_MALE_DWARF;ppworker;ppworker;base;Lonk the Sane;;
PRELATE;HUMANOID;HUMAN;FIGHTER_CLERIC;FIGHTER_MALE_HUMAN_LOW;None;prelate;base;Prelate Wessalen;;
PRIES10A;HUMANOID;HUMAN;CLERIC;CLERIC_MALE_HUMAN;pries10a;None;base;Zorl;;
PRIES10B;HUMANOID;HUMAN;CLERIC;CLERIC_MALE_HUMAN;pries10b;None;base;Zorl;;
PRIES10C;HUMANOID;HUMAN;CLERIC;CLERIC_MALE_HUMAN;pries10c;None;base;Zorl;;
PRIES12A;HUMANOID;HUMAN;CLERIC;CLERIC_MALE_HUMAN;pries12a;None;base;Zorl;;
PRIES12B;HUMANOID;HUMAN;CLERIC;CLERIC_MALE_HUMAN;cleri12b;None;base;Zeela;;
PRIES12C;HUMANOID;HUMAN;FIGHTER_CLERIC;CLERIC_MALE_HUMAN;pries12c;None;base;Zorl;;
PRIES18A;HUMANOID;HUMAN;CLERIC;CLERIC_MALE_HUMAN;pries18a;None;base;Zorl;;
PRIES18B;HUMANOID;HUMAN;CLERIC;CLERIC_MALE_HUMAN;pries18b;None;base;Zorl;;
PRIES18C;HUMANOID;HUMAN;CLERIC;CLERIC_MALE_HUMAN;pries18c;None;base;Zorl;;
PRIES6A;HUMANOID;HUMAN;CLERIC;CLERIC_MALE_HUMAN;pries6a;None;base;Zorl;;
PRIES6B;HUMANOID;HUMAN;CLERIC;CLERIC_MALE_HUMAN;pries6b;None;base;Zorl;;
PRIES6C;HUMANOID;HUMAN;CLERIC;CLERIC_MALE_HUMAN;pries6c;None;base;Zorl;;
PRIES8A;HUMANOID;HUMAN;CLERIC;CLERIC_MALE_HUMAN;pries8a;None;base;Zorl;;
PRIES8B;HUMANOID;HUMAN;CLERIC;CLERIC_MALE_HUMAN;pries8b;None;base;Zorl;;
PRIES8C;HUMANOID;HUMAN;CLERIC;CLERIC_MALE_HUMAN;pries8c;None;base;Zorl;;
PRIS01;HUMANOID;HUMAN;INNOCENT;PEASANT_WOMAN;None;Pris01;base;Prisoner;;
PRIS02;HUMANOID;HUMAN;INNOCENT;SLAVE;None;Pris02;base;Prisoner;;
PRISONG1;HUMANOID;HUMAN;FIGHTER;FIGHTER_MALE_HUMAN;None;prisong1;base;Prison Guard;;
PRISONG2;HUMANOID;HUMAN;FIGHTER;FIGHTER_MALE_HUMAN;None;prisong2;base;Prison Guard;;
PRISONK1;HUMANOID;HUMAN;FIGHTER;CLERIC_MALE_HUMAN;prisonk1;prisonk1;base;Prison Keeper;;
PRISS;HUMANOID;HUMAN;INNOCENT;FIGHTER_FEMALE_ELF;Priss;priss;base;Priss;;
PROPHELM;HUMANOID;HUMAN;FIGHTER;FIGHTER_MALE_HUMAN;prophelm;prophelm;base;Shield Knight;;
PROPHET1;HUMANOID;HUMAN;CLERIC;CLERIC_FEMALE_HUMAN_LOW;Prophet1;Prophet1;base;Prophet;;
PROPHET2;HUMANOID;HUMAN;CLERIC;CLERIC_MALE_HUMAN_LOW;Prophet2;Prophet2;base;Prophet;;
PROPHET3;HUMANOID;HUMAN;CLERIC;CLERIC_MALE_HUMAN_LOW;Prophet3;Prophet3;base;Prophet;;
PROPHET4;HUMANOID;HUMAN;CLERIC;CLERIC_MALE_HUMAN_LOW;Prophet4;Prophet4;base;Prophet;;
PROPLAT;HUMANOID;HUMAN;FIGHTER;FIGHTER_MALE_HUMAN;proplat;proplat;base;Morning Knight;;
PROPTAL;HUMANOID;HUMAN;FIGHTER;FIGHTER_MALE_HUMAN;proptal;proptal;base;Storm Knight;;
PTAGGET;HUMANOID;GNOME;NO_CLASS;MAGE_MALE_DWARF;ptagget;ptagget;base;Tagget;;
PTHRAL01;HUMANOID;HUMAN;FIGHTER;FIGHTER_MALE_HUMAN;pthral01;pthral01;base;Thrall Leader;;
PTHRAL02;HUMANOID;HUMAN;MAGE;MAGE_FEMALE_HUMAN;pthral02;pthral02;base;Thrall;;
PTHRAL03;HUMANOID;HUMAN;FIGHTER;FIGHTER_MALE_HUMAN;pthral03;pthral03;base;Thrall Fighter;;
PTHRAL04;HUMANOID;ELF;MAGE;MAGE_FEMALE_ELF;pthral04;pthral04;base;Thrall;;
PTHRAL05;HUMANOID;ELF;FIGHTER;FIGHTER_FEMALE_ELF;pthral05;pthral05;base;Female Thrall;;
PTHRAL07;HUMANOID;ELF;FIGHTER;FIGHTER_MALE_ELF;pthral07;pthral07;base;Warden's Thrall;;
PTHRAL08;HUMANOID;HUMAN;MAGE;MAGE_MALE_HUMAN;pthral08;pthral08;base;Thrall;;
PTHRAL09;HUMANOID;ELF;CLERIC;CLERIC_FEMALE_ELF;pthral09;pthral09;base;Thrall;;
PTHRAL10;HUMANOID;HUMAN;FIGHTER;FIGHTER_MALE_HUMAN;pthral10;thrall;base;Thrall;;
PTHRAL11;HUMANOID;HUMAN;FIGHTER;FIGHTER_MALE_HUMAN;pthral11;thrall;base;Thrall;;
PUDDEN01;MONSTER;SLIME;MUSTARD_JELLY;GRAY_OOZE;None;;base;Dense Pudding;MustardJelly;false
PUDDEN02;MONSTER;SLIME;MUSTARD_JELLY;GRAY_OOZE;pudden01;;base;Dense Pudding;MustardJelly;false
PWARDEN;HUMANOID;DEMONIC;FIGHTER_MAGE;DEATH_KNIGHT;pwarden;PWARDEN;base;Warden;;
PWAUK1;HUMANOID;HUMAN;CLERIC;CLERIC_MALE_HUMAN_LOW;pwauk1;pwauk1;base;Counter Carravis;;
PWAUK2;HUMANOID;HALFLING;CLERIC;CLERIC_FEMALE_HALFLING;None;pwauk2;base;Haletlatess Jillian;;
PWYVV01;MONSTER;WYVERN;WYVERN;WYVERN_BIG;pwyvv01;pwyvv01;base;Wyvern;Wyvern;false
QCIRC01;HUMANOID;HUMAN;INNOCENT;FAT_MAN;qcirc01;qcirc01;base;Circus Worker;;
QCIRC02;HUMANOID;HUMAN;INNOCENT;HARLOT_WOMAN;qcirc02;qcirc01;base;Circus Worker;;
QCIRC03;HUMANOID;HALFLING;FIGHTER;FIGHTER_MALE_HALFLING;qcirc03;qcirc01;base;Circus Performer;;
QUATAR;HUMANOID;ELF;THIEF;THIEF_MALE_ELF;None;quatar;base;Quataris;;
QUAYLE;HUMANOID;GNOME;CLERIC_MAGE;CLERIC_MALE_DWARF;QUAYLE;quayle;base;Quayle;;
QUAYLEM;HUMANOID;GNOME;CLERIC_MAGE;SLIME_MUSTARD;QUAYLEM;quaylem;base;Quayle;;
QUINT;HUMANOID;HUMAN;INNOCENT;STATIC_NOBLE_MAN;None;quint;base;Quint Roenall;;
RABBIT;ANIMAL;RABBIT;FOOD_CREATURE;RABBIT;None;None;base;Rabbit;;
RABBIT01;ANIMAL;RABBIT;NO_CLASS;RABBIT;rabbit01;None;base;Rabbit;;
RABBITSU;ANIMAL;RABBIT;FOOD_CREATURE;RABBIT;rabbit01;None;base;Rabbit;;
RADEEL;HUMANOID;HUMAN;INNOCENT;FIGHTER_MALE_HUMAN;radeel;radeel;base;Radeel;;
RAELIS;HUMANOID;TIEFLING;BARD;MAGE_FEMALE_ELF;Raelis;raelis;base;Raelis Shai;;
RAKMAH01;HUMANOID;RAKSHASA;MAGE;RAKSHASA;rakmah01;None;base;Maharajah;;
RAKRAJ01;HUMANOID;RAKSHASA;MAGE;RAKSHASA;rakraj01;None;base;Rajah;;
RAKRUH01;HUMANOID;RAKSHASA;RAKSHASA;RAKSHASA;rakruh01;None;STRATAGEMS;Ruhk;;
RAKSHA01;HUMANOID;RAKSHASA;RAKSHASA;RAKSHASA;raksha01;None;base;Rakshasa;;
RALEJ;HUMANOID;HUMAN;FIGHTER_MAGE;MONK;ralej;ralej;base;Rayic Gethras;;
RASAAD10;HUMANOID;HUMAN;MONK;MONK_MALE_HUMAN;RASAAD;RASAAD;base;Rasaad;;
RASAAD11;HUMANOID;HUMAN;MONK;MONK_MALE_HUMAN;RASAAD;RASAAD;base;Rasaad;;
RASAAD12;HUMANOID;HUMAN;CLERIC;MONK_MALE_HUMAN;RASAAD;RASAA25A;ArtisansKitpack_npc;Rasaad;;
RASAAD13;HUMANOID;HUMAN;MONK;MONK_MALE_HUMAN;RASAAD;RASAAD;base;Rasaad;;
RASAAD8;HUMANOID;HUMAN;CLERIC;MONK_MALE_HUMAN;RASAAD;RASAAD;ArtisansKitpack_npc;Rasaad;;
RASAAD9;HUMANOID;HUMAN;MONK;MONK_MALE_HUMAN;RASAAD;RASAAD;base;Rasaad;;
RAT;ANIMAL;NO_RACE;FOOD_CREATURE;RAT;rat;None;base;Rat;;
RAT2;ANIMAL;NO_RACE;NO_CLASS;RAT;None;None;base;Rat;;
REBAND01;HUMANOID;HUMAN;THIEF;THIEF_MALE_HUMAN;reband01;reband01;base;Bandit;;
REBAND02;HUMANOID;HUMAN;THIEF;THIEF_MALE_HUMAN;reband02;reband02;base;Bandit;;
REBAND03;HUMANOID;HUMAN;FIGHTER;FIGHTER_MALE_HUMAN;reband03;reband03;base;Bandit;;
REBAND04;HUMANOID;HUMAN;MAGE;MAGE_FEMALE_HUMAN;reband04;reband04;base;Bandit;;
REBAND05;HUMANOID;HUMAN;CLERIC;CLERIC_MALE_HUMAN;reband05;reband05;base;Bandit;;
RECKON;HUMANOID;DWARF;FIGHTER;CLERIC_MALE_DWARF;RECKON;RECKON;base;Duergar;;
RECLER01;HUMANOID;HUMAN;CLERIC;CLERIC_MALE_HUMAN;recler01;recler01;base;Slaver;;
RECLER02;HUMANOID;HUMAN;CLERIC;CLERIC_MALE_HUMAN;recler02;recler02;base;Cleric;;
REDILAV;HUMANOID;HUMAN;FIGHTER;FIGHTER_MALE_HUMAN;redilav;redilva;base;Dilav;;
REDRAD01;HUMANOID;HUMAN;MAGE;MAGE_MALE_ELF;redrad01;redrad01;base;Dradeel;;
REEDLE;HUMANOID;HALFLING;INNOCENT;FIGHTER_MALE_HALFLING;reedle;reedle;base;Reedle;;
REELDAR;HUMANOID;HUMAN;FIGHTER;FIGHTER_MALE_HUMAN;reeldar;reeldar;base;Eldarin;;
REEVOR;HUMANOID;DWARF;INNOCENT;FIGHTER_MALE_DWARF;None;reevor;base;Reevor;;
REEVOR2;HUMANOID;DWARF;INNOCENT;FIGHTER_MALE_DWARF;None;reevor2;base;Reevor;;
REEVOR3;MONSTER;DOPPLEGANGER;DOPPLEGANGER;FIGHTER_MALE_DWARF;None;reevor3;STRATAGEMS;Reevor;;
REFIGH01;HUMANOID;HUMAN;FIGHTER;FIGHTER_MALE_HUMAN;refigh01;refigh01;base;Slaver;;
REGIS;HUMANOID;HALFLING;INNOCENT;THIEF_MALE_HALFLING_LOW;None;None;base;Regis;;
REMAGE01;HUMANOID;HUMAN;MAGE;MAGE_FEMALE_HUMAN;remage01;None;base;Slaver Wizard;;
REMAGE02;HUMANOID;HUMAN;MAGE;MAGE_FEMALE_HUMAN;remage02;remage02;base;Slaver Wizard;;
RENAL;HUMANOID;HUMAN;THIEF;SHADOW_THIEF;Renal Bloodscalp;renal;base;Renal Bloodscalp;;
RENFELD;HUMANOID;HUMAN;INNOCENT;SLEEPING_MAN_HUMAN;renfeld;renfeld;base;Renfeld;;
RENGAA;HUMANOID;HUMAN;FIGHTER_CLERIC;CLERIC_MALE_HUMAN;rengaa;rengaa;base;Rengaard;;
REPTHF1;HUMANOID;HUMAN;MAGE_THIEF;FIGHTER_MALE_HUMAN;None;repthf1;STRATAGEMS;Shadow Thief;;
REPTHF2;HUMANOID;HUMAN;FIGHTER;FIGHTER_MALE_HUMAN;None;repthf2;base;Shadow Thief;;
REPTHF3;HUMANOID;HUMAN;FIGHTER;FIGHTER_FEMALE_HUMAN;None;repthf3;base;Shadow Thief;;
RERAK01;HUMANOID;RAKSHASA;RAKSHASA;NOBLE_MAN;rerak01;rerak01;base;Traveler;;
RERAK02;HUMANOID;RAKSHASA;RAKSHASA;FAT_MAN;rerak02;None;base;Traveler;;
RERAK03;HUMANOID;RAKSHASA;RAKSHASA;PEASANT_WOMAN;rerak03;None;base;Traveler;;
RERAK04;HUMANOID;RAKSHASA;RAKSHASA;PEASANT_MAN;rerak04;rerak01;base;Traveler;;
RERAK05;HUMANOID;RAKSHASA;RAKSHASA;NOBLE_WOMAN;rerak05;None;base;Traveler;;
RERAK06;HUMANOID;RAKSHASA;RAKSHASA;FAT_WOMAN;rerak06;None;base;Traveler;;
RESUNA;HUMANOID;ELF;RANGER;FIGHTER_FEMALE_ELF;RESUNA;SUNA;ctb;Suna Seni;;
RETHIE01;HUMANOID;HUMAN;THIEF;THIEF_MALE_HUMAN;rethie01;rethie01;base;Slaver;;
RETHIE02;HUMANOID;HUMAN;THIEF;THIEF_MALE_HUMAN;rethie02;rethie02;base;Slaver;;
RETHIE03;HUMANOID;HUMAN;THIEF;THIEF_MALE_HUMAN;rethie03;rethie03;base;Slaver;;
RETHUG01;HUMANOID;HUMAN;FIGHTER;FIGHTER_MALE_HUMAN;rethug01;rethug01;base;Thug;;
RETHUG02;HUMANOID;HUMAN;MAGE;MAGE_MALE_HUMAN;rethug02;rethug02;base;Mage;;
RETHUG03;HUMANOID;HUMAN;CLERIC;CLERIC_MALE_HUMAN;rethug03;rethug03;base;Thug;;
RETHUG04;HUMANOID;HUMAN;THIEF;THIEF_MALE_HUMAN;rethug04;rethug04;base;Thug;;
RETI;HUMANOID;HUMAN;FIGHTER;FIGHTER_MALE_HUMAN;reti;reti;base;Reti;;
REVEN01;UNDEAD;GHOUL;GHOUL_REVEANT;ZOMBIE;REVEN;reven3;base;Revenant;Mummy;false
RIBALD;HUMANOID;HALF_ELF;FIGHTER_MAGE;FIGHTER_MALE_ELF;Ribald;ribald;base;Ribald;;
RIELEV;HUMANOID;ELF;INNOCENT;DOOM_GUARD;Rielev;rielev;base;Rielev;;
RIFTC01;HUMANOID;HUMAN;NO_CLASS;BOY;Riftc01;Riftc01;base;Diseased Child;;
RIFTC02;HUMANOID;HUMAN;NO_CLASS;GIRL;Riftc02;Riftc02;base;Diseased Child;;
RIFTCR01;UNDEAD;GHOUL;GHOUL_GHAST;GHAST;Riftcr01;Riftcr01;base;Greater Ghoul;GhoulLord;true
RIFTCR02;UNDEAD;SKELETON;SKELETON_WARRIOR;SKELETON_WARRIOR;riftcr02;riftcr02;STRATAGEMS;Skeleton Warrior;SkeletonWarrior;true
RIFTCR03;UNDEAD;GHOUL;GHOUL_REVEANT;MUMMY;Riftcr03;riftcr03;base;Greater Mummy;GreaterMummy;true
RIFTCR04;MONSTER;NO_RACE;NO_CLASS;TANARRI;Riftcr04;Riftcr04;base;Empathic Manifestation;;
RIFTG01;HUMANOID;NO_RACE;NO_CLASS;STATIC_HUMANCLERIC_MAN_CHAIR;None;Riftg01;base;Guardian;;
RIFTG02;HUMANOID;NO_RACE;NO_CLASS;STATIC_HUMANCLERIC_MAN_CHAIR;None;Riftg02;base;Statue;;
RIFTG03;HUMANOID;HUMAN;NO_CLASS;CLERIC_MALE_HUMAN;Riftg03;Riftg03;base;Avatar;;
RIFTM01;HUMANOID;HUMAN;MAGE;MONK;Riftm01;Riftm01;base;Diseased One;;
RIFTM02;HUMANOID;HUMAN;MAGE;BEGGAR_MAN;Riftm02;Riftm02;base;Diseased One;;
RIFTW01;HUMANOID;HUMAN;NO_CLASS;PEASANT_WOMAN;Riftw01;Riftw01;base;Diseased One;;
RIGEN01;HUMANOID;HUMAN;FIGHTER;FIGHTER_MALE_HUMAN;rigen01;rigen01;base;Lord Igen Tombelthen;;
RIGEN02;HUMANOID;HUMAN;MAGE;MAGE_FEMALE_HUMAN;rigen02;rigen02;base;Tamorlin;;
RIGEN03;HUMANOID;HUMAN;FIGHTER;FIGHTER_MALE_HUMAN;rigen03;rigen03;base;Tombelthen Soldiers;;
RILLPUZZ;HUMANOID;HUMAN;FIGHTER;MAGE_MALE_HUMAN;rillpuzz;rillpuzz;base;;;
RNGBEH01;UNDEAD;BEHOLDER;BEHOLDER;BEHOLDER;rngbeh01;rngbeh01;base;Death Tyrant;;
RNGSHA;UNDEAD;SHADOW;SHADOW;SHADOW;None;None;base;Shadow;Shadow;true
RNGSHA01;UNDEAD;SHADOW;SHADOW;SHADOW;None;rngsha01;base;Shadow;Shadow;true
RNGSHA02;UNDEAD;SHADOW;RANGER;SHADOW;rngsha02;rngsha02;base;Shadow Patrick;Shadow;false
RNGSHA03;UNDEAD;SHADOW;SHADOW;SHADOW;rngsha03;rngsha03;base;Shadow;Shadow;true
RNGSHA04;UNDEAD;SHADOW;SHADOW;SHADOW;rngsha04;rngsha04;base;Shadow Jailor;Shadow;true
RNGSHA2D;UNDEAD;SHADOW;SHADOW;FIGHTER_MALE_HUMAN;rngsha2d;rngsha2d;base;Shadow Patrick;Shadow;false
RNGSTA01;SHIELD;NO_RACE;FIGHTER;DOOM_GUARD;rngsta01;rngsta01;base;Sun Statue;;
RNGWLF01;MONSTER;LYCANTHROPE;WEREWOLF;THIEF_FEMALE_HUMAN_LOW;rngwlf01;rngwlf01;STRATAGEMS;Anath;;
RNGWLF02;MONSTER;LYCANTHROPE;WEREWOLF;WEREWOLF_GREATER;rngwlf02;None;STRATAGEMS;Anath;;
RNGWLF03;MONSTER;LYCANTHROPE;WEREWOLF;WEREWOLF_GREATER;rngwlf03;rngwlf03;STRATAGEMS;Anath;;
RNGWLF04;MONSTER;LYCANTHROPE;WEREWOLF;WEREWOLF_GREATER;rngwlf04;;STRATAGEMS;Anath;;
RNGWLF05;MONSTER;LYCANTHROPE;WEREWOLF;WEREWOLF_GREATER;rngwlf05;;STRATAGEMS;Anath;;
ROCK;GIANTHUMANOID;OGRE;FIGHTER;MINOTAUR;Rock;rock;STRATAGEMS;Rock;OgreBerserker;false
ROGER;HUMANOID;HUMAN;THIEF;THIEF_MALE_HUMAN;None;roger;base;Roger the Fence;;
ROGTRO01;GIANTHUMANOID;TROLL;TROLL;TROLL_BLUE;rogtro02;;base;Sea Troll;;
ROGTRO02;MONSTER;TROLL;TROLL;TROLL_BLUE;rogtro02;;base;Sea Troll;;
RORCA01;HUMANOID;ORC;ORC;ORC_ELITE_RANGE;rogron;None;base;Orc Archer;;
RORCL01;HUMANOID;ORC;ORC;OROG;rogron;rorcl01;base;Orog Leader;;
RORCS01;HUMANOID;ORC;ORC;OROG_CHIEFTAIN;rogron;rorcs01;base;Orog;;
RSKEL01;UNDEAD;SKELETON;SKELETON;SKELETON;rskel01;None;base;Skeleton;Skeleton;false
RSKEL02;UNDEAD;SKELETON;SKELETON_WARRIOR;SKELETON_WARRIOR;rskel02;rskel02;base;Skeleton Warrior;SkeletonWarrior;true
RSKEL03;UNDEAD;SKELETON;SKELETON;SKELETON;rskel03;rskel03;base;Skeleton;Skeleton;false
RSPIRIT1;UNDEAD;FAIRY;NO_CLASS;SIRINE;rspirit01;mairyn;base;Mairyn;Dryad;false
RUFFIAN;HUMANOID;HUMAN;FIGHTER;FIGHTER_MALE_HUMAN;Amalas;ruffian;base;Amalas;;
RUFPAL1;HUMANOID;HUMAN;FIGHTER;FIGHTER_MALE_HUMAN;rufpal1;rufpal1;base;Ruffian;;
RUFPAL2;HUMANOID;HUMAN;FIGHTER;FIGHTER_MALE_HUMAN;rufpal2;rufpal2;base;Ruffian;;
RUMAR;HUMANOID;HUMAN;INNOCENT;NOBLE_MAN;Rumar;rumar;base;Rumar;;
RUMAR01;HUMANOID;HUMAN;MAGE;MAGE_FEMALE_HUMAN;rumar01;rumar01;base;Umar;;
RUMAR02;HUMANOID;DEMONIC;TANARI;FIEND_GREEN;demnab;None;STRATAGEMS;Nabassu;;
RUMAR03;MONSTER;IMP;MAGE;IMP;rumar03;rumar03;STRATAGEMS;Imp;;
RYAN;HUMANOID;HUMAN;FIGHTER_CLERIC;CLERIC_MALE_HUMAN;NobleOrder;knight;base;Sir Paritin;;
RYLOCK;HUMANOID;HUMAN;BARD;THIEF_MALE_HUMAN;Rylock;Rylock;base;Rylock;;
RZOMB01;UNDEAD;ZOMBIE;ZOMBIE_NORMAL;ZOMBIE;None;zombie;base;Zombie;;
SAERK;HUMANOID;HUMAN;FIGHTER_CLERIC;CLERIC_MALE_HUMAN_LOW;Saerk;saerk;base;Saerk Farrahd;;
SAHAMB01;HUMANOID;SAHUAGIN;SAHUAGIN;SAHUAGIN;sahamb01;None;base;Rebel;;
SAHAMB02;HUMANOID;SAHUAGIN;SAHUAGIN;SAHUAGIN;sahamb02;None;base;Rebel;;
SAHAMB03;HUMANOID;SAHUAGIN;CLERIC;SAHUAGIN;sahamb03;None;STRATAGEMS;Rebel;;
SAHAMB04;HUMANOID;SAHUAGIN;SAHUAGIN;SAHUAGIN;sahamb04;None;base;Sahuagin;;
SAHAMB05;HUMANOID;SAHUAGIN;SAHUAGIN;SAHUAGIN;sahamb05;None;base;Sahuagin;;
SAHAMB06;HUMANOID;SAHUAGIN;CLERIC;SAHUAGIN;sahamb06;None;STRATAGEMS;Sahuagin;;
SAHANGU;HUMANOID;SAHUAGIN;NO_CLASS;SALAMANDER_FROST;None;None;base;Anguiliian;;
SAHBAR01;HUMANOID;SAHUAGIN;FIGHTER;SAHUAGIN;None;;STRATAGEMS;Sahuagin Baronial Guard;;
SAHBAR02;HUMANOID;SAHUAGIN;FIGHTER;SAHUAGIN;None;;STRATAGEMS;Sahuagin Baron;;
SAHBAR03;HUMANOID;SAHUAGIN;FIGHTER;SAHUAGIN;sahbar03;sahbar03;STRATAGEMS;Baron Thelokassyil;;
SAHBEH01;MONSTER;BEHOLDER;BEHOLDER;BEHOLDER;sahbeh01;sahbeh01;base;Spectator;;
SAHBEH02;UNDEAD;KUO-TOA;FIGHTER;KUO-TOA;sahbeh02;sahbeh02;base;Sziltar's Apparition;;
SAHBEH03;UNDEAD;HUMAN;NO_CLASS;FIGHTER_MALE_HUMAN;sahbeh02;sahbeh03;base;Sziltar's Apparition;;
SAHBEH04;UNDEAD;ELF;FIGHTER_MAGE;FIGHTER_MALE_ELF;sahbeh04;None;base;Sziltar's Apparition;;
SAHCAPT0;HUMANOID;SAHUAGIN;FIGHTER;SAHUAGIN;sahcpt01;sahcpt01;STRATAGEMS;Captain Alyittyl;;
SAHCAPT1;HUMANOID;SAHUAGIN;FIGHTER;SAHUAGIN;sahcpt01;sahcpt01;STRATAGEMS;Captain Alyittyl;;
SAHCHF01;HUMANOID;SAHUAGIN;FIGHTER;SAHUAGIN;None;;STRATAGEMS;Sahuagin Chieftain;;
SAHCHF02;HUMANOID;SAHUAGIN;FIGHTER;SAHUAGIN;sahchf02;sahchf02;STRATAGEMS;Sahuagin Chieftain;;
SAHCPT01;HUMANOID;SAHUAGIN;FIGHTER;SAHUAGIN;sahcpt01;sahcpt01;STRATAGEMS;Captain Alyittyl;;
SAHCPT02;HUMANOID;SAHUAGIN;FIGHTER;SAHUAGIN;sahcpt02;sahcpt02;STRATAGEMS;Captain Feerlattiys;;
SAHEXTRA;HUMANOID;SAHUAGIN;FIGHTER;SAHUAGIN;sahextra;None;STRATAGEMS;Sahuagin Royal Guard;;
SAHGRD01;HUMANOID;SAHUAGIN;FIGHTER;SAHUAGIN;sahgrd01;sahgrd01;STRATAGEMS;Sahuagin Royal Guard;;
SAHGRD02;HUMANOID;SAHUAGIN;FIGHTER;SAHUAGIN;sahgrd02;sahgrd02;STRATAGEMS;Sahuagin Royal Guard;;
SAHGRD03;HUMANOID;SAHUAGIN;FIGHTER;SAHUAGIN;sahgrd03;sahgrd03;STRATAGEMS;Sahuagin Royal Guard;;
SAHIMP01;HUMANOID;IMP;IMP;IMP;sahimp01;sahimp01;base;Imp;;
SAHIMP02;HUMANOID;IMP;IMP;IMP;sahimp02;sahimp02;base;Imp;;
SAHIMP03;HUMANOID;IMP;NO_CLASS;ELMINSTER;sahimp03;sahimp03;base;Elminster;;
SAHIMP04;HUMANOID;IMP;NO_CLASS;MAGE_MALE_HUMAN;sahimp04;sahimp04;base;Khelben;;
SAHIMP05;HUMANOID;IMP;NO_CLASS;MAGE_FEMALE_ELF;sahimp05;sahimp05;base;Alustriel;;
SAHIMP06;HUMANOID;IMP;NO_CLASS;FIGHTER_MALE_HUMAN;sahimp06;sahimp06;base;Piergeiron;;
SAHIMP07;HUMANOID;IMP;NO_CLASS;DRIZZT;sahimp07;SAHIMP07;base;Drizzt;;
SAHKIN01;HUMANOID;SAHUAGIN;SAHUAGIN;SAHUAGIN_LARGE;None;;base;Sahuagin King;;
SAHKNG01;HUMANOID;SAHUAGIN;FIGHTER;SAHUAGIN_LARGE;sahkng01;sahkng01;STRATAGEMS;King Ixilthetocal;;
SAHKNG02;HUMANOID;SAHUAGIN;FIGHTER;SAHUAGIN_LARGE;sahkng01;sahkng01;STRATAGEMS;King Ixilthetocal;;
SAHLACE;UNDEAD;GHOUL;GHOUL;GHOUL;None;None;base;Lacedon;Ghoul;true
SAHOTY01;GIANTHUMANOID;ETTIN;GIANT;ETTIN;sahoty01;sahoty01;base;Ettin;Ettin;false
SAHPR1;HUMANOID;SAHUAGIN;CLERIC;SAHUAGIN;sahpr1;sahpr1;base;Royal High Priestess Senityili;;
SAHPR2;HUMANOID;SAHUAGIN;FIGHTER;SAHUAGIN_LARGE;sahpr2;sahpr2;STRATAGEMS;Prince Villynaty;;
SAHPR3;HUMANOID;SAHUAGIN;CLERIC;SAHUAGIN;sahpr3;sahpr3;base;High Priestess Tlyysixxous;;
SAHPR4;HUMANOID;SAHUAGIN;CLERIC;SAHUAGIN;sahpr4;sahpr4;base;Senior Priestess Sallinithyl;;
SAHPR5;HUMANOID;SAHUAGIN;CLERIC;SAHUAGIN;sahpr5;sahpr5;base;Priestess of Sekolah;;
SAHPRI01;HUMANOID;SAHUAGIN;FIGHTER;SAHUAGIN_LARGE;None;;STRATAGEMS;Sahuagin Prince;;
SAHPRI02;HUMANOID;SAHUAGIN;CLERIC;SAHUAGIN;None;;STRATAGEMS;Royal High Priestess;;
SAHRAMB1;HUMANOID;SAHUAGIN;SAHUAGIN;SAHUAGIN;sahramb1;;base;Rebel;;
SAHRAMB2;HUMANOID;SAHUAGIN;SAHUAGIN;SAHUAGIN;sahramb2;;base;Rebel;;
SAHRAMB3;HUMANOID;SAHUAGIN;CLERIC;SAHUAGIN;sahramb3;sahramb3;base;Priestess;;
SAHRAMB4;HUMANOID;SAHUAGIN;SAHUAGIN;SAHUAGIN;sahramb4;;base;Rebel;;
SAHRAMB5;HUMANOID;SAHUAGIN;SAHUAGIN;SAHUAGIN;sahramb5;;base;Rebel;;
SAHRAR01;HUMANOID;SAHUAGIN;SAHUAGIN;SAHUAGIN;sahrar01;sahrar01;base;Rebel;;
SAHREB02;HUMANOID;SAHUAGIN;FIGHTER;SAHUAGIN_LARGE;sahreb02;None;STRATAGEMS;Prince Villynaty;;
SAHRGR01;HUMANOID;SAHUAGIN;SAHUAGIN;SAHUAGIN;sahrgr01;sahrgr01;base;Rebel;;
SAHRGR02;HUMANOID;SAHUAGIN;SAHUAGIN;SAHUAGIN;sahrgr02;sahrgr02;base;Rebel;;
SAHRGR03;HUMANOID;SAHUAGIN;SAHUAGIN;SAHUAGIN;sahrgr03;sahrgr03;base;Rebel;;
SAHRNT01;HUMANOID;SAHUAGIN;SAHUAGIN;SAHUAGIN;sahrnt01;sahrnt01;base;Rebel;;
SAHRYL01;HUMANOID;SAHUAGIN;FIGHTER;SAHUAGIN;None;;STRATAGEMS;Sahuagin Royal Guard;;
SAHSKEL;UNDEAD;SKELETON;SKELETON_WARRIOR;SKELETON_WARRIOR;None;None;base;Skeleton Warrior;SkeletonWarrior;true
SAHSPC01;UNDEAD;SPECTRE;SPECTRE;MAGE_MALE_HUMAN;sahspc01;sahspc01;base;Specter;Spectre;false
SAHSSS01;HUMANOID;SAHUAGIN;SAHUAGIN;SAHUAGIN;Sahsss01;;base;Rebel;;
SAHSSS02;HUMANOID;SAHUAGIN;SAHUAGIN;SAHUAGIN;Sahsss02;;base;Rebel;;
SAHSSS03;HUMANOID;SAHUAGIN;SAHUAGIN;SAHUAGIN;sahsss03;;base;Rebel;;
SAHUAG01;HUMANOID;SAHUAGIN;SAHUAGIN;SAHUAGIN;None;;base;Sahuagin;;
SAHZOM01;UNDEAD;ZOMBIE;ZOMBIE_NORMAL;ZOMBIE;sahzom01;sahzom01;base;Sea Zombie Lord;;
SAHZOMB;UNDEAD;ZOMBIE;ZOMBIE_NORMAL;ZOMBIE;None;None;base;Sea Zombie;;
SALGRFIR;MONSTER;SALAMANDER;ELEMENTAL_FIRE;SALAMANDER_FIRE;salgrfir;None;base;Salamander Noble;;
SALGRICE;MONSTER;SALAMANDER;ELEMENTAL_WATER;SALAMANDER_FROST;salgrice;None;base;Frost Salamander;;
SALVANAS;HUMANOID;ELF;BARD;THIEF_MALE_ELF;salvanas;salvanas;base;Salvanas;;
SAMIA;HUMANOID;HUMAN;FIGHTER;FIGHTER_FEMALE_HUMAN;samia;samia;base;Samia;;
SARALEGS;HUMANOID;HUMAN;INNOCENT;FIGHTER_MALE_HUMAN;None;saralegs;base;Saradush Militia;;
SARBAR01;HUMANOID;HUMAN;INNOCENT;NOBLE_MAN;sarbar01;sarbar01;base;Pyrgam Aleson;;
SARBAR02;HUMANOID;HUMAN;INNOCENT;FAT_MAN;sarbar02;sarbar02;base;Bartender;;
SARBAT;MONSTER;NO_RACE;NO_CLASS;BAT_INSIDE;sarbat;None;base;Bat;;
SARBHA01;HUMANOID;HUMAN;FIGHTER;THIEF_MALE_HUMAN;sarbha01;sarbha01;base;Alexander Ralisar;;
SARBHA02;HUMANOID;HALFLING;FIGHTER;THIEF_MALE_HALFLING;sarbha02;sarbha02;base;Oris Nimblefinger;;
SARBHA03;HUMANOID;HUMAN;FIGHTER;FIGHTER_FEMALE_HUMAN;sarbha03;sarbha03;base;Asmay Jahag;;
SARBOY01;HUMANOID;HUMAN;INNOCENT;BOY;sarboy01;sarboy01;base;Boy;;
SARBUL01;HUMANOID;HUMAN;FIGHTER;SAILOR_MAN;sarbul01;sarbul01;base;Human;;
SARBUL02;HUMANOID;HUMAN;FIGHTER;PIRATE;sarbul02;sarbul01;base;Human;;
SARBUL03;HUMANOID;HUMAN;FIGHTER;PIRATE;sarbul03;sarbul01;base;Human;;
SARBUL04;HUMANOID;ORC;FIGHTER;ORC_ELITE_MELEE;sarbul04;sarbul05;base;Il-Khan Soldier;;
SARBUL05;HUMANOID;HALFORC;FIGHTER;FIGHTER_MALE_HUMAN;sarbul05;sarbul05;base;Il-Khan Soldier;;
SARBUL06;HUMANOID;HUMAN;FIGHTER;FIGHTER_MALE_HUMAN;sarbul06;sarbul06;base;Il-Khan Soldier;;
SARBUL07;HUMANOID;HUMAN;FIGHTER;FIGHTER_MALE_HUMAN;sarbul07;sarbul06;base;Il-Khan Soldier;;
SARCNT01;HUMANOID;HUMAN;INNOCENT;NOBLE_WOMAN;sarcnt01;sarcnt01;base;Mirnielle Santele;;
SARCPT01;HUMANOID;HUMAN;FLAMING_FIST;FIGHTER_MALE_HUMAN;sarcpt01;sarcpt01;base;Captain Samand;;
SARCULT;HUMANOID;HUMAN;FIGHTER;FIGHTER_MALE_HUMAN;sarcult;sarcult;base;Human Cultist;;
SARCULT2;HUMANOID;HUMAN;FIGHTER;FIGHTER_MALE_HUMAN;sarcult2;sarcult;base;Human Cultist;;
SARCULTO;HUMANOID;ORC;FIGHTER;ORC_MELEE;sarculto;sarcult;base;Orc Cultist;;
SARDW01;HUMANOID;DWARF;FIGHTER;FIGHTER_MALE_DWARF;sardw01;sardw01;base;Dwarf;;
SARDW02;HUMANOID;DWARF;FIGHTER;FIGHTER_MALE_DWARF;sardw02;sardw01;base;Dwarf;;
SARDW03;HUMANOID;DWARF;FIGHTER;FIGHTER_MALE_DWARF;sardw03;sardw01;base;Dwarf;;
SARDW04;HUMANOID;DWARF;FIGHTER;FIGHTER_MALE_DWARF;sardw04;sardw04;base;Dwarf;;
SARDW05;HUMANOID;DWARF;FIGHTER;FIGHTER_MALE_DWARF;sardw05;sardw05;base;Dwarf;;
SARELF01;HUMANOID;ELF;INNOCENT;FIGHTER_MALE_ELF;sarelf01;sarelf01;base;Elven Man;;
SARELF02;HUMANOID;ELF;INNOCENT;FIGHTER_MALE_ELF;sarelf02;sarelf02;base;Elven Man;;
SARELF03;HUMANOID;ELF;INNOCENT;FIGHTER_FEMALE_ELF;sarelf03;sarelf03;base;Elven Woman;;
SARELF04;HUMANOID;ELF;INNOCENT;FIGHTER_FEMALE_ELF;sarelf04;sarelf04;base;Elven Woman;;
SARELF05;HUMANOID;ELF;FIGHTER;FIGHTER_MALE_ELF;sarelf05;sarelf05;base;Elf;;
SARELF06;HUMANOID;ELF;FIGHTER;FIGHTER_MALE_ELF;sarelf06;sarelf06;base;Elf;;
SAREVOK;HUMANOID;HUMAN;FIGHTER;FIGHTER_MALE_HUMAN;Sarevok;Sarev25a;base;Sarevok;;
SAREVOKD;HUMANOID;HUMAN;SAREVOK;SAREVOK;Sarevokd;sarevokd;base;Sarevok;;
SAREVOKG;HUMANOID;HUMAN;SAREVOK;SAREVOK;Sarevokg;Sarevokg;base;Sarevok;;
SARFAKI2;GIANTHUMANOID;GIANT;FIGHTER;DOOM_GUARD;sarfaki2;None;base;Fire Giant;;
SARFAKIE;GIANTHUMANOID;GIANT;FIGHTER;DOOM_GUARD;sarfakie;None;base;Fire Giant;;
SARFEM01;HUMANOID;HUMAN;INNOCENT;FAT_WOMAN;sarfem01;sarfem01;base;Peasant;;
SARFEM02;HUMANOID;HUMAN;INNOCENT;PEASANT_WOMAN;sarfem02;sarfem02;base;Peasant;;
SARFEM03;HUMANOID;HUMAN;INNOCENT;PEASANT_WOMAN;sarfem03;sarfem03;base;Peasant;;
SARFEM04;HUMANOID;HUMAN;INNOCENT;PEASANT_WOMAN;sarfem04;sarfem04;base;Peasant;;
SARGRD01;HUMANOID;HUMAN;FIGHTER;FIGHTER_MALE_HUMAN;sargrd01;sargrd01;base;Militia Guard;;
SARGRD02;HUMANOID;HUMAN;FIGHTER;FIGHTER_MALE_HUMAN;sargrd02;sargrd02;base;Militia Guard;;
SARGRD03;HUMANOID;HUMAN;FIGHTER;FIGHTER_MALE_HUMAN;sargrd03;None;base;Militia Guard;;
SARGRD04;HUMANOID;ORC;FIGHTER;ORC_ELITE_MELEE;None;None;base;Fighter;;
SARGRD05;HUMANOID;HUMAN;THIEF;THIEF_MALE_HUMAN;None;None;base;Thief;;
SARGRD06;HUMANOID;HUMAN;MAGE;MAGE_FEMALE_HUMAN;None;None;base;Mage;;
SARGRD07;HUMANOID;HUMAN;FIGHTER;FIGHTER_MALE_HUMAN;None;None;base;Fighter;;
SARGRD08;HUMANOID;HUMAN;FIGHTER;FIGHTER_MALE_HUMAN;None;None;base;Fighter;;
SARGRD09;HUMANOID;HUMAN;THIEF;THIEF_MALE_HUMAN;None;None;base;Thief;;
SARGRD10;HUMANOID;ORC;FIGHTER;ORC_ELITE_MELEE;sargrd10;None;base;Fighter;;
SARGRD11;HUMANOID;HUMAN;FIGHTER;FIGHTER_MALE_HUMAN;sargrd11;None;base;Fighter;;
SARGRD12;HUMANOID;HUMAN;FIGHTER;FIGHTER_MALE_HUMAN;sargrd12;sargrd01;base;Militia Guard;;
SARGRD13;HUMANOID;HUMAN;FIGHTER;FIGHTER_MALE_HUMAN;sargrd13;sargrd01;base;Militia Guard;;
SARGRD14;HUMANOID;HUMAN;FIGHTER;FIGHTER_MALE_HUMAN;sargrd14;sargrd01;base;Militia Guard;;
SARGRD15;HUMANOID;HUMAN;FIGHTER;FIGHTER_MALE_HUMAN;sargrd15;sargrd01;base;Militia Guard;;
SARGRD16;HUMANOID;HUMAN;FIGHTER;FIGHTER_MALE_HUMAN;sargrd16;sargrd01;base;Militia Guard;;
SARGRL01;HUMANOID;HUMAN;INNOCENT;GIRL;sargrl01;sargrl01;base;Girl;;
SARHAL;HUMANOID;HALFLING;FIGHTER;FIGHTER_MALE_HALFLING;sarhal;sarcult;base;Halfling Cultist;;
SARIPG01;HUMANOID;HUMAN;FIGHTER;FIGHTER_MALE_HUMAN;saripg01;sargrd01;base;Militia Guard;;
SARIPG02;HUMANOID;HUMAN;FIGHTER;FIGHTER_MALE_HUMAN;saripg02;sargrd01;base;Militia Guard;;
SARIPG03;HUMANOID;HUMAN;FIGHTER;FIGHTER_MALE_HUMAN;saripg03;sargrd01;base;Militia Guard;;
SARIPG04;HUMANOID;HUMAN;FIGHTER;FIGHTER_MALE_HUMAN;saripg04;sargrd01;base;Militia Guard;;
SARJAI01;HUMANOID;HUMAN;INNOCENT;FIGHTER_MALE_HUMAN;sarjai01;sarjai01;base;Saradush Jailer;;
SARKIS01;HUMANOID;HUMAN;THIEF;THIEF_MALE_HUMAN;sarkis01;sarkis01;base;Kiser Jhaeri;;
SARKIS02;HUMANOID;HUMAN;FIGHTER;FIGHTER_MALE_HUMAN;sarkis02;sarkis02;base;Fighter;;
SARKIS03;HUMANOID;HUMAN;FIGHTER;FIGHTER_MALE_HUMAN;sarkis02;sarkis02;base;Fighter;;
SARKIS04;HUMANOID;HUMAN;THIEF;THIEF_MALE_HUMAN;sarkis01;sarkis01;base;Kiser Jhaeri;;
SARMAG01;HUMANOID;HUMAN;MAGE;MAGE_MALE_HUMAN;sarmag01;sarmag01;STRATAGEMS;Errard;;
SARMAN01;HUMANOID;HUMAN;INNOCENT;PEASANT_MAN;sarman01;sarman01;base;Peasant;;
SARMAN02;HUMANOID;HUMAN;INNOCENT;PEASANT_MAN;sarman02;sarman02;base;Peasant;;
SARMAN03;HUMANOID;HUMAN;INNOCENT;FAT_MAN;sarman03;sarman03;base;Peasant;;
SARMAN04;HUMANOID;HUMAN;INNOCENT;PEASANT_MAN;sarman04;sarman04;base;Peasant;;
SARMAT01;HUMANOID;HUMAN;FIGHTER;FIGHTER_MALE_HUMAN;sarmat01;sarmat01;base;Mateo;;
SARMIL01;HUMANOID;HUMAN;FIGHTER;FIGHTER_MALE_HUMAN_LOW;sarmil01;sarmil01;base;Militia Soldier;;
SARMIL02;HUMANOID;HUMAN;FIGHTER;FIGHTER_MALE_HUMAN_LOW;sarmil02;sarmil02;base;Militia Captain;;
SARMIST;HUMANOID;ELF;MAGE;WAILING_VIRGIN;sarmist;sarmist;base;Cold Mistress;;
SARORC01;HUMANOID;ORC;FIGHTER;ORC_MELEE;sarorc01;sarorc01;base;Elite Orc;;
SARORO01;HUMANOID;ORC;FIGHTER;OROG;saroro01;saroro01;base;Elite Orog;;
SARPEL01;HUMANOID;HUMAN;INNOCENT;THIEF_MALE_HUMAN;sarpel01;sarpel01;base;Peltje;;
SARPRIS1;HUMANOID;HUMAN;INNOCENT;PEASANT_MAN;sarpris1;SARPRIS1;base;Prisoner;;
SARPRIS2;HUMANOID;HUMAN;INNOCENT;SLAVE;sarpris2;SARPRIS2;base;Vinke;;
SARPRO01;HUMANOID;HUMAN;INNOCENT;HARLOT_WOMAN;sarpro01;sarpro01;base;Harlot;;
SARPROVF;HUMANOID;HUMAN;NO_CLASS;HARLOT_WOMAN;sarprovf;sarprovf;base;Courtesan;;
SARPROVM;HUMANOID;HUMAN;NO_CLASS;FIGHTER_MALE_HUMAN;sarprovm;sarprovm;base;Courtesan;;
SARREIN1;HUMANOID;ORC;FIGHTER;ORC_MELEE;sartro01;sartro01;base;Orc;;
SARREIN2;HUMANOID;HUMAN;FIGHTER;FIGHTER_MALE_HUMAN;sartro02;sartro01;base;Human;;
SARSON01;HUMANOID;HUMAN;FIGHTER;FIGHTER_MALE_HUMAN;sarson01;sarson01;base;Ardic Santele;;
SARSPIR;UNDEAD;SPECTRE;SPECTRE;BEGGAR_MAN;sarspir;sarspir;base;Prison Spirit;Spectre;false
SARTEM01;HUMANOID;HUMAN;INNOCENT;CLERIC_FEMALE_HUMAN;sartem01;sartem01;base;Sister Farielle;;
SARTHF01;HUMANOID;HUMAN;THIEF;THIEF_MALE_HUMAN;sarthf01;sarthf1;base;Hectan;;
SARTHF02;HUMANOID;HUMAN;INNOCENT;BOY;sarthf02;sarthf2;base;Squip;;
SARTRO01;HUMANOID;ORC;FIGHTER;ORC_MELEE;sartro01;sartro01;base;Orc;;
SARTRO02;HUMANOID;HUMAN;FIGHTER;FIGHTER_MALE_HUMAN;sartro02;sartro01;base;Human;;
SARTRO03;HUMANOID;ORC;FIGHTER;OROG;sartro03;sartro03;base;Orog;;
SARVAM01;UNDEAD;VAMPIRE;FIGHTER_THIEF;VAMPIRE_FEMALE;sarvam01;sarvam01;STRATAGEMS;Phlydian;;
SARVAM02;UNDEAD;VAMPIRE;FIGHTER_THIEF;VAMPIRE;None;None;STRATAGEMS;Vampire;;
SARVAM03;UNDEAD;VAMPIRE;FIGHTER_THIEF;VAMPIRE_FEMALE;None;None;STRATAGEMS;Vampire;;
SARVIE01;HUMANOID;HUMAN;THIEF;THIEF_MALE_HUMAN;sarvie01;sarvie01;base;Viekang;;
SARVOLO;HUMANOID;HUMAN;INNOCENT;VOLO;sarvolo;sarvolo;base;Volo;;
SARWAI01;HUMANOID;HUMAN;INNOCENT;PEASANT_WOMAN;sarwai01;sarwai01;base;Waitress;;
SASSAR;HUMANOID;HUMAN;CLERIC;BEGGAR_MAN;Sassar;sassar;base;Sassar;;
SBCUST01;HUMANOID;HUMAN;INNOCENT;SAILOR_MAN;None;Sbcust01;base;Patron;;
SBCUST02;HUMANOID;HUMAN;INNOCENT;STATIC_PEASANT_MAN_STOOL;None;Sbcust02;base;Patron;;
SBSLUM01;HUMANOID;HUMAN;INNOCENT;NOBLE_MAN;None;Sbslum01;base;Nobleman;;
SBSLUM02;HUMANOID;HUMAN;INNOCENT;NOBLE_WOMAN;None;Sbslum02;base;Noblewoman;;
SBUTLER;HUMANOID;HUMAN;INNOCENT;FAT_MAN;SBUTLER;sbutler;ctb;Commoner;;
SBWENCH;HUMANOID;HUMAN;INNOCENT;HARLOT_WOMAN;None;Sbwench;base;Gracie;;
SCBUTLER;HUMANOID;HUMAN;INNOCENT;PEASANT_MAN;scbutler;scbutler;base;Butler;;
SCDUR;HUMANOID;DWARF;FIGHTER;THIEF_MALE_DWARF;scdur;scdur;base;Unger Hilldark;;
SCHLUM;MONSTER;SLIME;MAGE;SLIME_OLIVE;SCHLUMPSA;schlum;base;Schlumpsha the Sewer King;OliveSlimeCreature;true
SCJERLIA;HUMANOID;HUMAN;FIGHTER;FIGHTER_FEMALE_HUMAN_LOW;scjerlia;scjerlia;base;Jerlia the Ore Merchant;;
SCLJYSS;HUMANOID;HUMAN;INNOCENT;NOBLE_WOMAN;scljyss;scljyss;base;Lady Jysstev;;
SCOOK;HUMANOID;HALFLING;INNOCENT;FIGHTER_FEMALE_HALFLING_LOW;SCOOK;scook;ctb;Cook;;
SCQAR;HUMANOID;HUMAN;INNOCENT;NOBLE_MAN;scqar;scqar;base;Qar Jysstev;;
SCROLL01;HUMANOID;HUMAN;INNOCENT;NOBLE_WOMAN;scroll01;scroll01;base;Lady Yuth;;
SCSAIN;HUMANOID;HUMAN;CLERIC;CLERIC_MALE_HUMAN_LOW;scsain;scsain;base;Dawnbringer Sain;;
SCSARLES;HUMANOID;HUMAN;INNOCENT;NOBLE_MAN;Sarles;scsarles;base;Sir Sarles;;
SCTELWYN;HUMANOID;HUMAN;CLERIC;CLERIC_MALE_HUMAN_LOW;sctelwyn;sctelwyn;base;Guardian Telwyn;;
SCYARRYL;HUMANOID;HUMAN;CLERIC;CLERIC_MALE_HUMAN_LOW;scyarryl;scyarryl;base;Talon Yarryl;;
SDSHADFI;UNDEAD;SHADOW;FIGHTER;SHADOW;None;None;base;Shadow Fiend;Shadow;false
SDSHADOW;UNDEAD;SHADOW;FIGHTER;SHADOW;None;None;base;Shadow;Shadow;true
SEAGUL;ANIMAL;NO_RACE;NO_CLASS;SEAGULL;None;None;base;;;
SENANI01;HUMANOID;ELF;FIGHTER;MOOSE;Senani01;Senani01;base;Moose;;
SENANI02;HUMANOID;ELF;MAGE;DEER;Senani02;Senani02;base;Deer;;
SENANI03;HUMANOID;ELF;FIGHTER;SQUIRREL;Senani03;Senani03;base;Squirrel;;
SENANI04;HUMANOID;ELF;RANGER;RABBIT;Senani04;Senani04;base;Rabbit;;
SENANI05;HUMANOID;ELF;THIEF;PHEASANT;Senani05;Senani05;base;Pheasant;;
SENBEH01;MONSTER;BEHOLDER;BEHOLDER;BEHOLDER;senbeh01;senbeh01;base;Spectator;;
SENDAI;HUMANOID;ELF;CLERIC_MAGE;CLERIC_FEMALE_ELF;sendai;sendai;base;Sendai;;
SENDAI2;HUMANOID;ELF;CLERIC;CLERIC_FEMALE_ELF;sendai2;sendai2;base;Sendai;;
SENDAI3;HUMANOID;ELF;FIGHTER;FIGHTER_FEMALE_ELF;sendai3;None;base;Sendai;;
SENDAI4;HUMANOID;ELF;THIEF;THIEF_FEMALE_ELF;sendai4;sendai4;base;Sendai;;
SENDAI5;HUMANOID;ELF;FIGHTER;FIGHTER_FEMALE_ELF;sendai5;sendai5;base;Sendai;;
SENDAI6;HUMANOID;ELF;FIGHTER_THIEF;THIEF_FEMALE_ELF;sendai6;sendai6;base;Sendai;;
SENDAI7;HUMANOID;ELF;MAGE;CLERIC_FEMALE_ELF;sendai7;sendai7;base;Sendai;;
SENDAI8;HUMANOID;ELF;CLERIC_MAGE;CLERIC_FEMALE_ELF;sendai8;sendai8;base;Sendai;;
SENDARK;UNDEAD;SHADOW;SHADOW;LICH_BLACK;sendark;none;base;Dark Master;Shadow;false
SENDRO01;HUMANOID;ELF;FIGHTER;DROW;Sendro01;None;base;Drow;;
SENDRO02;HUMANOID;ELF;MAGE;DROW_FEMALE;Sendro02;Sendro02;base;Drow;;
SENDRO03;HUMANOID;ELF;FIGHTER;DROW;Sendro03;None;base;Drow;;
SENDRO04;HUMANOID;ELF;RANGER;THIEF_MALE_ELF;Sendro04;Sendro04;base;Drow;;
SENDRO05;HUMANOID;ELF;THIEF;DROW;Sendro05;Sendro05;base;Drow;;
SENFOD01;HUMANOID;ELF;FIGHTER;DROW;Sendro01;None;base;Drow;;
SENFOD02;HUMANOID;ELF;MAGE;DROW_FEMALE;Sendro02;Sendro02;base;Drow;;
SENGUA01;HUMANOID;ELF;FIGHTER;FIGHTER_MALE_ELF;Sengua01;Sengua01;base;Woodcutter;;
SENGUA02;HUMANOID;ELF;FIGHTER;FIGHTER_MALE_ELF;Sengua02;Sengua02;base;Guard Captain;;
SENGUA03;HUMANOID;ELF;FIGHTER_MAGE;FIGHTER_MALE_ELF;sengua03;sengua03;base;Captain Egeissag;;
SENGUA04;HUMANOID;ELF;FIGHTER;FIGHTER_MALE_ELF;Sengua04;Sengua04;base;Slavemaster;;
SENGUA05;HUMANOID;ELF;FIGHTER;DROW;Sengua05;None;base;Drow;;
SENILL01;MONSTER;MIND_FLAYER;MIND_FLAYER;MINDFLAYER;senill01;senill01;base;Mithykyl;;
SENILL02;MONSTER;MIND_FLAYER;MIND_FLAYER;MINDFLAYER;senill01;senill01;base;Mithykyl;;
SENKEN01;HUMANOID;ELF;FIGHTER;FIGHTER_MALE_ELF;Senken01;senken01;base;Thelynn'ss;;
SENLICH;UNDEAD;LICH;MAGE;LICH;senlich;senlich;base;Odamaron;;
SENMONK;HUMANOID;HUMAN;FIGHTER;MONK_MALE_HUMAN;Senmonk;Senmonk;base;Master Bennon;;
SENORC01;HUMANOID;DWARF;FIGHTER;FIGHTER_MALE_DWARF;senorc01;None;base;Derro Berserker;;
SENORC02;HUMANOID;DWARF;FIGHTER;FIGHTER_MALE_DWARF;senorc02;None;base;Derro;;
SENORC03;HUMANOID;DWARF;FIGHTER;FIGHTER_MALE_DWARF;senorc01;None;base;Derro Berserker;;
SENORC04;HUMANOID;DWARF;FIGHTER;FIGHTER_MALE_DWARF;senorc02;None;base;Derro;;
SENPRI01;HUMANOID;ELF;CLERIC;CLERIC_FEMALE_ELF;Senpri01;Senpri;base;Diaytha;;
SENSMSP;MONSTER;SPIDER;SPIDER_HUGE;SPIDER_SMALL;None;;base;Mutated Spider;HairySpider;false
SENSMSP2;HUMANOID;ORC;ORC;OROG;sensmsp;None;base;Orog;;
SENSPI01;MONSTER;SPIDER;SPIDER_PHASE;SPIDER_PHASE;senspi01;;base;Lashar'ra;PhaseSpider;false
SENSTALK;MONSTER;SPECTRE;NO_CLASS;DOOM_GUARD;senstalk;None;base;Invisible Stalker;;
SERVANT;HUMANOID;HUMAN;INNOCENT;PEASANT_MAN;None;mtowba;base;Peasant;;
SERVSU;MONSTER;ELEMENTAL;ELEMENTAL_AIR;ELEMENTAL_AIR_SMALL;NONE;;SPELL_REV;Aerial Servant;;
SETHLE;HUMANOID;HUMAN;INNOCENT;BEGGAR_MAN;None;sethle;base;Sethle;;
SEVBAR01;HUMANOID;HUMAN;INNOCENT;FAT_WOMAN;sevbar01;sevbar01;base;Patricia;;
SEVDRU01;HUMANOID;HUMAN;MAGE;MAGE_MALE_HUMAN;sevdru01;sevdru01;ctb;Alatelo De Bonito;;
SEVPAT01;HUMANOID;DWARF;FIGHTER;FIGHTER_MALE_DWARF;sevpat01;sevpat01;base;Mencar Pebblecrusher;;
SEVPAT02;HUMANOID;HUMAN;MAGE;MAGE_MALE_HUMAN;sevpat02;sevpat02;base;Sorcerous Amon;;
SEVPAT03;MONSTER;IMP;MAGE;IMP;sevpat03;sevpat03;STRATAGEMS;Pooky;;
SEVPAT04;HUMANOID;HALFORC;FIGHTER;FIGHTER_MALE_HALFORC;sevpat04;sevpat04;base;Smaeluv Orcslicer;;
SEVPAT05;HUMANOID;HUMAN;THIEF;THIEF_MALE_HUMAN;sevpat05;sevpat05;base;Brennan Risling;;
SEWARC01;HUMANOID;ORC;FIGHTER;ORC_RANGE;sewarc01;sewarc01;base;Orc Archer;;
SEWARC02;HUMANOID;ORC;FIGHTER;ORC_RANGE;sewarc02;sewarc02;base;Orc Archer;;
SEWCC;MONSTER;CARRIONCRAWLER;CARRIONCRAWLER;CARRION_CRAWLER;SEWCC;;base;Carrion Crawler;CarrionCrawler;false
SEWDUE01;HUMANOID;DWARF;FIGHTER;FIGHTER_MALE_DWARF;sewdue01;sewdue01;base;Duergar Sapper;;
SEWDUE02;HUMANOID;DWARF;FIGHTER;FIGHTER_MALE_DWARF;sewdue02;sewdue02;base;Duergar Sapper;;
SEWERM;HUMANOID;HUMAN;INNOCENT;SLAVE;sewerm;sewerm;base;Quallo;;
SEWERM1;HUMANOID;HUMAN;INNOCENT;SLAVE;quallo;sewerm1;base;Quallo;;
SEWORO01;HUMANOID;ORC;FIGHTER;OROG;seworo01;seworo01;base;Elite Orog;;
SEWRAK01;HUMANOID;RAKSHASA;RAKSHASA;RAKSHASA;sewrak01;;base;Rakshasa;;
SEWSHA01;UNDEAD;SHADOW;FIGHTER;SHADOW;sewsha01;None;base;Shadow Fiend;Shadow;false
SEWSHA02;UNDEAD;SHADOW;FIGHTER;SHADOW;sewsha02;None;base;Shadow Fiend;Shadow;false
SEWSHA03;UNDEAD;SHADOW;FIGHTER;SHADOW;sewsha03;None;base;Shadow;Shadow;true
SEWSW;GENERAL_ITEM;SWORD;FIGHTER;STATIC_HUMANCLERIC_MAN_CHAIR;sewsw;sewsw;base;Glowing Pool;;
SEWYAG01;HUMANOID;DWARF;FIGHTER;FIGHTER_MALE_DWARF;sewyag01;sewyag01;base;Duergar Sapper;;
SEWYAG02;HUMANOID;ORC;FIGHTER;ORC_RANGE;sewyag02;sewyag02;base;Orc Archer;;
SEWYAG03;HUMANOID;ORC;FIGHTER;OROG;sewyag03;sewyag03;base;Elite Orog;;
SEWYAG04;HUMANOID;HUMAN;MAGE;MAGE_MALE_HUMAN;sewyag04;sewyag04;base;Yaga-Shura Mage;;
SGUARD1;HUMANOID;HUMAN;FIGHTER;FIGHTER_MALE_HUMAN;sguard1;sguard1;base;Guard;;
SGUARD2;HUMANOID;HUMAN;FIGHTER;FIGHTER_MALE_HUMAN;sguard2;sguard2;base;Guard;;
SGUARD3;HUMANOID;HUMAN;FIGHTER;FIGHTER_FEMALE_HUMAN;sguard3;sguard3;base;Guard;;
SGUARD4;HUMANOID;HUMAN;FIGHTER;CLERIC_MALE_HUMAN;sguard4;None;base;Guard;;
SHAAVA01;MONSTER;NO_RACE;CLERIC;DOOM_GUARD_LARGER;shaava01;shaava01;base;Statue;;
SHABOD01;HUMANOID;HUMAN;FIGHTER;FIGHTER_MALE_HUMAN;shabod01;;base;Wallag's Body;;
SHADEL;UNDEAD;SHADOW;SHADOW;LICH_BLACK;shadel;shadel;base;Shade Lord;Shadow;false
SHADELD;UNDEAD;SHADOW;SHADOW;LICH_BLACK;shadeld;None;base;Shade Lord;Shadow;false
SHADFI01;UNDEAD;SHADOW;FIGHTER;SHADOW;shadfi01;None;base;Shadow Fiend;Shadow;false
SHADFI02;UNDEAD;SHADOW;FIGHTER;SHADOW;shadfi01;None;base;Devil Shade;Shadow;false
SHADOW01;UNDEAD;SHADOW;FIGHTER;SHADOW;shadow01;None;base;Shadow;Shadow;true
SHADOWSU;UNDEAD;SHADOW;SHADOW;SHADOW;None;;SPELL_REV;Shadow;Shadow;true
SHADRA01;ANIMAL;DRAGON;SHADOW_DRAGON;DRAGON_BLACK;ShaDra01;ShaDra01;STRATAGEMS;Thaxll'ssillyia;;
SHADTH01;HUMANOID;HUMAN;THIEF;THIEF_MALE_HUMAN;None;ThiefM;base;Shadow Thief;;
SHADTH02;HUMANOID;HUMAN;THIEF;THIEF_MALE_HUMAN;None;ThiefM;base;Rogue;;
SHAGHO01;UNDEAD;HUMAN;FIGHTER;FIGHTER_MALE_HUMAN;shagho01;shagho01;base;Badon's Ghost;;
SHAGHO02;UNDEAD;HUMAN;FIGHTER;FIGHTER_MALE_HUMAN;shagho02;shagho02;base;Dettseh's Ghost;;
SHAGRL01;HUMANOID;HUMAN;INNOCENT;GIRL;None;shagrl01;base;Amuana;;
SHALT01;MONSTER;PLATE;NO_CLASS;DOOM_GUARD_LARGER;shalt01;shalt01;base;Shadow Altar;;
SHANK;HUMANOID;HALF_ELF;FIGHTER;THIEF_MALE_ELF;Shank;Shank;base;Shank;;
SHAPE;MONSTER;DOPPLEGANGER;DOPPLEGANGER_GREATER;FAT_MAN;None;shape;STRATAGEMS;Frennedan;;
SHAWOL01;UNDEAD;SHADOW;WOLF_DIRE;WOLF_SHADOW;None;;base;Shade Wolf;DireWolf;true
SHAWOL02;UNDEAD;SHADOW;WOLF_DIRE;WOLF_SHADOW;None;;base;Greater Shade Wolf;;
SHBONES;UNDEAD;SKELETON;SKELETON_WARRIOR;SKELETON;shbones;None;base;Skeleton Warrior;SkeletonWarrior;false
SHEARTH;GIANTHUMANOID;ELEMENTAL;ELEMENTAL_EARTH;ELEMENTAL_EARTH;None;;base;Earth Elemental;;
SHFIRE;GIANTHUMANOID;ELEMENTAL;ELEMENTAL_FIRE;ELEMENTAL_FIRE_SMALL;None;;base;Fire Elemental;;
SHIRON;GIANTHUMANOID;GOLEM;GOLEM_IRON;GOLEM_IRON_IWD;None;;A7-GOLEMCONSTRUCTION;Iron Golem;IronGolem;true
SHMIND;HUMANOID;MIND_FLAYER;MIND_FLAYER;MINDFLAYER;udmind03;;base;Mind Flayer;;
SHOP01;HUMANOID;HUMAN;INNOCENT;FAT_WOMAN;None;shop01;base;Mira;;
SHOP02;HUMANOID;HUMAN;INNOCENT;CLERIC_MALE_DWARF;None;shop02;base;Arnolinus;;
SHOP03;HUMANOID;HUMAN;INNOCENT;FAT_MAN;maheer;shop03;base;Maheer;;
SHOP04;HUMANOID;HUMAN;INNOCENT;FAT_MAN;None;shop04;base;Enge;;
SHOP05;HUMANOID;HUMAN;INNOCENT;FAT_MAN;shop05;shop05;base;Perter;;
SHOP06;HUMANOID;HUMAN;INNOCENT;FAT_MAN;None;shop06;base;Hes;;
SHOP07;HUMANOID;HUMAN;INNOCENT;FAT_MAN;None;shop07;base;Storekeep;;
SHOP1;HUMANOID;HUMAN;INNOCENT;STATIC_FAT_MAN;None;shop1;base;Storekeep;;
SHOP2;HUMANOID;HUMAN;INNOCENT;STATIC_FAT_WOMAN;None;shop2;base;Storekeep;;
SHOP3;HUMANOID;HUMAN;INNOCENT;STATIC_FAT_MAN;None;shop03;base;Storekeep;;
SHOP4;HUMANOID;HUMAN;INNOCENT;STATIC_FAT_MAN;None;shop4;base;Storekeep;;
SHOP5;HUMANOID;HUMAN;INNOCENT;STATIC_FAT_MAN;None;shop5;base;Perter;;
SHOP6;HUMANOID;HUMAN;INNOCENT;STATIC_FAT_MAN;None;SHOP06;base;Hes;;
SHOP7;HUMANOID;HUMAN;INNOCENT;STATIC_FAT_MAN;None;shop07;base;Storekeep;;
SHOP8;HUMANOID;HUMAN;INNOCENT;STATIC_FAT_MAN;None;shop08;base;Galoomp the Bookkeeper;;
SHTH01;HUMANOID;HALFLING;THIEF;THIEF_MALE_HALFLING_LOW;Hanz;shth01;base;Hanz;;
SHTH011;HUMANOID;HALFLING;THIEF;THIEF_MALE_HALFLING_LOW;Hanz;shth011;base;Hanz;;
SHTH02;HUMANOID;HUMAN;THIEF;SHADOW_THIEF;Milph;shth02;base;Goshan;;
SHTH03;HUMANOID;HUMAN;THIEF;THIEF_MALE_HUMAN_LOW;Kretor;shth03;base;Kretor;;
SHTH04;HUMANOID;HALFLING;THIEF;THIEF_FEMALE_HALFLING_LOW;Morsa;shth04;base;Morsa;;
SHTH05;HUMANOID;HALF_ELF;THIEF;SHADOW_THIEF;Joster;shth05;base;Joster;;
SHTH06;HUMANOID;HALFLING;THIEF;THIEF_FEMALE_HALFLING_LOW;Varia;shth06;base;Varia;;
SHTHASS1;HUMANOID;HUMAN;THIEF;THIEF_FEMALE_HUMAN;shthass1;shthass1;base;Ama;;
SHTHASS2;HUMANOID;HUMAN;THIEF;SHADOW_THIEF;shthass2;shthass2;base;Shadow Thief;;
SHTHASS3;HUMANOID;OGRE;THIEF;OGRE;shthass3;shthass3;base;Thief;Ogre;false
SHTHDR01;HUMANOID;HUMAN;THIEF;THIEF_MALE_HUMAN_LOW;shthdr01;shthdr01;base;Brannel;;
SHTHLT01;HUMANOID;HUMAN;THIEF;THIEF_MALE_HUMAN;shthlt01;shthlt01;base;Jariel;;
SHTHLT02;HUMANOID;HUMAN;THIEF;THIEF_MALE_HUMAN_LOW;shthlt02;shthlt02;base;Lathan;;
SHTHOFF1;HUMANOID;HUMAN;CLERIC;CLERIC_MALE_HUMAN;shthoff1;shthoff1;base;Sir Greshal;;
SHTHSTOR;HUMANOID;HUMAN;THIEF;THIEF_MALE_HUMAN;shthstor;shthstor;base;Rattell;;
SHTROLL;MONSTER;TROLL;TROLL;TROLL;troll01;;base;Troll;;
SHUGAR01;HUMANOID;HUMAN;CLERIC;CLERIC_FEMALE_HUMAN;shugar01;GorGar1;base;Sister Garlena;;
SHUGFG01;HUMANOID;HUMAN;FIGHTER;FIGHTER_MALE_HUMAN;shugfg01;shugpr01;base;Vigil Knight;;
SHUGHO01;HUMANOID;HUMAN;FIGHTER;FIGHTER_FEMALE_HUMAN;shugho01;GorApp1;base;Ghostly Apparition;;
SHUGMG01;HUMANOID;HUMAN;MAGE;MAGE_FEMALE_HUMAN;shugmg01;shugpr01;base;Vigil Knight;;
SHUGOD01;HUMANOID;HUMAN;FIGHTER_CLERIC;CLERIC_MALE_HUMAN;shugod01;GorOdr1;base;Odren;;
SHUGOD02;HUMANOID;HUMAN;FIGHTER_CLERIC;SLEEPING_MAN_HUMAN;shugod01;GorOdr1;base;Odren;;
SHUGPR01;HUMANOID;HUMAN;CLERIC;CLERIC_FEMALE_HUMAN;shugpr01;shugpr01;base;Vigil Knight;;
SHUPOL01;HUMANOID;HUMAN;CLERIC_MAGE;MAGE_MALE_HUMAN;shupol01;GorPol1;base;Brother Pol;;
SHWOLF;MONSTER;LYCANTHROPE;WOLFWERE;WEREWOLF_GREATER;GreaterWolf;None;STRATAGEMS;Greater Wolfwere;;
SICKRAT;ANIMAL;NO_RACE;NO_CLASS;RAT;None;None;base;Diseased Rat;;
SIRINE01;MONSTER;BASILISK;FAIRY_SIRINE;SIRINE;Sirine;;base;Sirine;;
SKCORP01;GENERAL_ITEM;0;0;CLERIC_MALE_HUMAN;skcorp01;None;base;;;
SKCORP02;GENERAL_ITEM;0;0;CHUNKS;skcorp01;None;base;;;
SKELAR01;UNDEAD;SKELETON;SKELETON;SKELETON;skelar01;None;base;Skeleton Archer;Skeleton;true
SKELAR02;UNDEAD;SKELETON;SKELETON;SKELETON;skelar01;None;base;Skeleton Archer;Skeleton;true
SKELDED;UNDEAD;SKELETON;SKELETON_WARRIOR;SKELETON;skelded;None;base;;SkeletonWarrior;false
SKELE2;UNDEAD;SKELETON;SKELETON;SKELETON;None;None;base;Skeleton;Skeleton;true
SKELET01;UNDEAD;SKELETON;SKELETON;SKELETON;None;None;base;Skeleton;Skeleton;false
SKELHP1;UNDEAD;SKELETON;SKELETON;SKELETON;None;None;base;Skeleton;Skeleton;false
SKELSU01;UNDEAD;SKELETON;SKELETON_WARRIOR;SKELETON;None;;STRATAGEMS;Skeleton Warrior;SkeletonWarrior;true
SKELSU07;UNDEAD;SKELETON;SKELETON_WARRIOR;SKELETON;None;;STRATAGEMS;Skeleton Warrior;SkeletonWarrior;true
SKELSU11;UNDEAD;SKELETON;SKELETON_WARRIOR;SKELETON_MONSTER;None;;STRATAGEMS;Skeleton Warrior;SkeletonWarrior;true
SKELWA;UNDEAD;SKELETON;SKELETON_WARRIOR;SKELETON_WARRIOR;None;;base;Skeleton Warrior;SkeletonWarrior;true
SKELWA01;UNDEAD;SKELETON;SKELETON_WARRIOR;SKELETON_WARRIOR;skelwa01;skelwa01;base;Skeleton Warrior;SkeletonWarrior;true
SKELWA02;UNDEAD;SKELETON;SKELETON_WARRIOR;SKELETON_WARRIOR;None;;base;Skeleton Warrior;SkeletonWarrior;true
SKELWA03;UNDEAD;SKELETON;SKELETON_WARRIOR;SKELETON_MONSTER;None;;base;Skeleton Warrior;SkeletonWarrior;true
SKELWASU;UNDEAD;SKELETON;SKELETON_WARRIOR;SKELETON_WARRIOR;None;;base;Skeleton Warrior;SkeletonWarrior;true
SLAMNG01;HUMANOID;HUMAN;FIGHTER;AMNIAN_SOLDIER;SlamnG01;Slamng01;base;Amnian Soldier;;
SLANDOR;GIANTHUMANOID;OGRE;OGRE;MINOTAUR;slandor;slandor;SLANDOR;Andorian;Ogre;false
SLAPRI;HUMANOID;HUMAN;CLERIC;CLERIC_MALE_HUMAN;pries10a;None;base;Priest of Cyric;;
SLARCH1;HUMANOID;HUMAN;RANGER;THIEF_MALE_HUMAN;None;None;base;Slaver Guard;;
SLAVER1;HUMANOID;HUMAN;FIGHTER;FIGHTER_MALE_HUMAN_LOW;slaver;slaver1;base;Slaver Guard;;
SLAVER2;HUMANOID;HUMAN;FIGHTER;FIGHTER_MALE_HUMAN;SlumsSlaver2;slaver2;base;Slaver Guard;;
SLAVER3;HUMANOID;HUMAN;THIEF;THIEF_MALE_HUMAN;SlumsSlaver3;slaver3;base;Slaver Guard;;
SLAVER4;HUMANOID;HUMAN;FIGHTER;FIGHTER_MALE_HUMAN;Slaver4;slaver4;base;Slaver Guard;;
SLAYER;GIANTHUMANOID;LICH;MIST;SLAYER;slayer;;base;Slayer;;
SLAYSH01;MONSTER;DEMONIC;SPECTRE;SLAYER;slaysh01;None;base;Slayer Shadow;Spectre;true
SLBOY;HUMANOID;HUMAN;INNOCENT;BOY;None;boy3;base;Slave Boy;;
SLCAT;ANIMAL;CAT;NO_CLASS;CAT;None;None;base;Missy;;
SLCENT;HUMANOID;HUMAN;FIGHTER;CLERIC_MALE_HUMAN;None;slcent;base;Amnian Centurion;;
SLEEPDW;HUMANOID;DWARF;INNOCENT;SLEEPING_DWARF;None;sleepdw;base;Sleeping Dwarf;;
SLEEPFH;HUMANOID;HUMAN;INNOCENT;SLEEPING_WOMAN_HUMAN;None;None;base;Sleeping Woman;;
SLEEPMH;HUMANOID;HUMAN;INNOCENT;SLEEPING_MAN_HUMAN;None;None;base;Sleeping Man;;
SLGIRL;HUMANOID;HUMAN;INNOCENT;GIRL;None;girl1;base;Slave Girl;;
SLGUARD1;HUMANOID;HUMAN;FIGHTER;FIGHTER_MALE_HUMAN;None;None;base;Slaver Guard;;
SLGUARD2;HUMANOID;HUMAN;FIGHTER;FIGHTER_MALE_HUMAN;None;None;base;Slaver Guard;;
SLHALF01;HUMANOID;HALFLING;INNOCENT;FIGHTER_MALE_HALFLING;None;Slhalf01;base;Halfling Man;;
SLHALF02;HUMANOID;HALFLING;INNOCENT;CLERIC_FEMALE_HALFLING;None;Slhalf02;base;Halfling Woman;;
SLIFIS01;MONSTER;SLIME;MUSTARD_JELLY;SLIME_MUSTARD;slifis01;;base;Fission Slime;MustardJelly;false
SLIFIS02;MONSTER;SLIME;MUSTARD_JELLY;SLIME_MUSTARD;slifis01;;base;Fission Slime;MustardJelly;false
SLILMAT;HUMANOID;HUMAN;CLERIC;CLERIC_MALE_HUMAN;slilmat;slilmat;base;Priest of Ilmater;;
SLMAGE1;HUMANOID;HUMAN;MAGE;MAGE_MALE_HUMAN;None;slaverm;base;Slaver Wizard;;
SLMAGE2;HUMANOID;GNOME;MAGE;MAGE_MALE_GNOME;slmage2;;base;Slaver Wizard;;
SLSHOP01;HUMANOID;HALFLING;THIEF;THIEF_MALE_HALFLING;None;SlShop01;base;Black Market Thief;;
SLSHOP02;HUMANOID;HALFORC;FIGHTER;THIEF_FEMALE_HALFORC;None;SlShop02;base;Storekeep;;
SLSLAV01;HUMANOID;HUMAN;INNOCENT;BEGGAR_MAN;SlumsSlave1;slslave;base;Slave;;
SLUMF1;HUMANOID;HUMAN;INNOCENT;PEASANT_WOMAN;None;slumf1;base;Commoner;;
SLUMF2;HUMANOID;HUMAN;INNOCENT;STATIC_FAT_WOMAN;None;slumf2;base;Commoner;;
SLUMM1;HUMANOID;HUMAN;INNOCENT;PEASANT_MAN;None;slumm1;base;Peasant;;
SLUMM2;HUMANOID;HUMAN;INNOCENT;PEASANT_MAN;None;slumm2;base;Peasant;;
SLUMM3;HUMANOID;HUMAN;INNOCENT;PEASANT_MAN;None;slumm3;base;Peasant;;
SLUMM4;HUMANOID;HUMAN;INNOCENT;FAT_MAN;None;slumm4;base;Peasant;;
SLVIC01;HUMANOID;HUMAN;INNOCENT;NOBLE_MAN;SlumsVictim;Slvic01;base;Tourist;;
SLVIC02;HUMANOID;HUMAN;INNOCENT;FAT_MAN;SlumsVictim;slvic01;base;Tourist;;
SLVIC03;HUMANOID;HUMAN;INNOCENT;STATIC_PEASANT_MAN;SlumsVictim;slvic01;base;Tourist;;
SMOUND01;GIANTHUMANOID;ELEMENTAL;ELEMENTAL_EARTH;SHAMBLING_MOUND;Smound;;base;Shambling Mound;;
SMOUNDSU;GIANTHUMANOID;ELEMENTAL;ELEMENTAL_EARTH;SHAMBLING_MOUND;SMOUND;;FAITHS_AND_POWERS;Shambling Mound;;
SMSPID02;MONSTER;SPIDER;SPIDER_PHASE;SPIDER_PHASE;smspid02;;base;Vortex Spider;VortexSpider;true
SNAKE01;ANIMAL;NO_RACE;NO_CLASS;SNAKE;snake01;None;base;Snake;;
SNAKEB01;ANIMAL;NO_RACE;NO_CLASS;SNAKE;snake01;None;base;Boalisk;;
SNAKEG01;ANIMAL;NO_RACE;NO_CLASS;SNAKE;snake01;None;base;Giant Snake;;
SOLAR;MONSTER;DEMONIC;TANARI;SOLAR;solar;solar;base;Solar;;
SOLAR01;MONSTER;DEMONIC;TANARI;SOLAR;solar;None;base;Solar;;
SPBEAR1;ANIMAL;BEAR;BEAR_POLAR;BEAR_POLAR;None;;base;Spirit Bear;PolarBear;false
SPBEAR2;ANIMAL;BEAR;BEAR_POLAR;BEAR_POLAR;None;;base;Spirit Bear;PolarBear;false
SPBEAR3;ANIMAL;BEAR;BEAR_POLAR;BEAR_POLAR;None;;base;Spirit Bear;PolarBear;false
SPBEAR4;ANIMAL;BEAR;BEAR_POLAR;BEAR_POLAR;None;;base;Spirit Bear;PolarBear;false
SPBEAR5;ANIMAL;BEAR;BEAR_POLAR;BEAR_POLAR;None;;base;Spirit Bear;PolarBear;false
SPBENE;HUMANOID;HUMAN;INNOCENT;PEASANT_MAN;spbene;spbene;base;Bene;;
SPECTR01;UNDEAD;SPECTRE;SPECTRE;MAGE_MALE_HUMAN;None;None;base;Specter;Spectre;false
SPELLH01;MONSTER;MIST;MIST;MIST_CREATURE;None;None;base;Spellhaunt;;
SPHURG;HUMANOID;HUMAN;FIGHTER;FIGHTER_MALE_HUMAN;sphurg;sphurg;base;Hurg;;
SPIDFGSU;MONSTER;SPIDER;SPIDER_SWORD;SPIDER_SWORD;spidfgsu;;item_rev;Kitthix;GiantSpider;true
SPIDGI01;MONSTER;SPIDER;SPIDER_GIANT;SPIDER_GIANT;spidgi01;;base;Giant Spider;GiantSpider;false
SPIDGISU;MONSTER;SPIDER;SPIDER_GIANT;SPIDER_GIANT;None;;base;Giant Spider;GiantSpider;true
SPIDHU01;MONSTER;SPIDER;SPIDER_HUGE;SPIDER_HUGE;spidhu01;;base;Huge Spider;HairySpider;false
SPIDPH01;MONSTER;SPIDER;SPIDER_PHASE;SPIDER_PHASE;None;;base;Phase Spider;PhaseSpider;false
SPIDPHSU;MONSTER;SPIDER;SPIDER_PHASE;SPIDER_PHASE;None;;base;Phase Spider;PhaseSpider;true
SPIDSM01;MONSTER;SPIDER;SPIDER_HUGE;SPIDER_SMALL;None;;base;Small Spider;HairySpider;true
SPIDSM02;MONSTER;SPIDER;SPIDER_HUGE;SPIDER_SMALL;None;;base;Mutated Spider;HairySpider;false
SPIDSW01;MONSTER;SPIDER;SPIDER_SWORD;SPIDER_SWORD;None;;base;Sword Spider;SwordSpider;true
SPIDSWSU;MONSTER;SPIDER;SPIDER_SWORD;SPIDER_SWORD;None;;base;Sword Spider;SwordSpider;true
SPIDVO01;MONSTER;SPIDER;SPIDER_PHASE;SPIDER_PHASE;None;;base;Vortex Spider;PhaseSpider;false
SPIDWR01;MONSTER;SPIDER;SPIDER_WRAITH;SPIDER_WRAITH;None;;base;Wraith Spider;WraithSpider;true
SPIRBEAR;ANIMAL;BEAR;BEAR_POLAR;BEAR_POLAR;None;;base;Spirit Bear;PolarBear;true
SPIRLION;ANIMAL;CAT;NO_CLASS;GREATCAT_LEOPARD;None;;base;Spirit Lion;Leopard;false
SPIRSNAK;ANIMAL;NO_RACE;NO_CLASS;SNAKE;None;;base;Spirit Snake;;
SPIRWOLF;ANIMAL;WOLF;WOLF_DIRE;WOLF_WINTER;None;;base;Spirit Wolf;DireWolf;false
SPJEAG;HUMANOID;HUMAN;FIGHTER;FIGHTER_FEMALE_HUMAN;spjeag;spjeag;base;Jeagger;;
SPLION1;ANIMAL;NO_RACE;NO_CLASS;GREATCAT_LEOPARD;None;;base;Spirit Lion;;
SPLION2;ANIMAL;NO_RACE;NO_CLASS;GREATCAT_LEOPARD;None;;base;Spirit Lion;;
SPLION3;ANIMAL;NO_RACE;NO_CLASS;GREATCAT_LEOPARD;None;;base;Spirit Lion;;
SPLION4;ANIMAL;NO_RACE;NO_CLASS;GREATCAT_LEOPARD;None;;base;Spirit Lion;;
SPLION5;ANIMAL;NO_RACE;NO_CLASS;GREATCAT_LEOPARD;None;;base;Spirit Lion;;
SPMUGG;HUMANOID;HUMAN;THIEF;THIEF_MALE_HUMAN;spmugg;;STRATAGEMS;Mugger;;
SPMUGG2;HUMANOID;HUMAN;THIEF;THIEF_MALE_HUMAN;spmugg;;STRATAGEMS;Ruffian Captain;;
SPMUGG3;HUMANOID;HUMAN;THIEF;THIEF_MALE_HUMAN;spmugg;;STRATAGEMS;Thug;;
SPOILED1;HUMANOID;HUMAN;INNOCENT;BOY;None;spoiled1;base;Boy;;
SPPAIN;HUMANOID;HALF_ELF;DRUID;CLERIC_FEMALE_ELF;C0Paina;C0Paina;paina;Pai'Na;;
SPPHIL;HUMANOID;HUMAN;INNOCENT;PEASANT_MAN;Spphil;Spphil;base;Philbert;;
SPSAMAR;HUMANOID;HUMAN;INNOCENT;PEASANT_MAN;spsamar;spsamar;base;Samar;;
SPSNAK1;ANIMAL;NO_RACE;NO_CLASS;SNAKE;None;;base;Spirit Snake;;
SPSNAK2;ANIMAL;NO_RACE;NO_CLASS;SNAKE;None;;base;Spirit Snake;;
SPSNAK3;ANIMAL;NO_RACE;NO_CLASS;SNAKE;None;;base;Spirit Snake;;
SPSNAK4;ANIMAL;NO_RACE;NO_CLASS;SNAKE;None;;base;Spirit Snake;;
SPSNAK5;ANIMAL;NO_RACE;NO_CLASS;SNAKE;None;;base;Spirit Snake;;
SPSPID05;MONSTER;SPIDER;SPIDER_GIANT;SPIDER_GIANT;None;;base;Giant Spider;GiantSpider;false
SPSPID06;MONSTER;SPIDER;SPIDER_PHASE;SPIDER_PHASE;None;;base;Phase Spider;PhaseSpider;false
SPSPID07;MONSTER;SPIDER;SPIDER_SWORD;SPIDER_SWORD;None;;base;Sword Spider;SwordSpider;false
SPSPIDER;MONSTER;SPIDER;SPIDER_HUGE;SPIDER_SMALL;None;;base;Spider;HairySpider;false
SPTREDD;HUMANOID;HUMAN;INNOCENT;PEASANT_MAN;Sptredd;Sptredd;base;Treddin;;
SPWOLF1;ANIMAL;WOLF;WOLF_DIRE;WOLF_WINTER;None;;base;Spirit Wolf;DireWolf;false
SPWOLF2;ANIMAL;WOLF;WOLF_DIRE;WOLF_WINTER;None;;base;Spirit Wolf;DireWolf;false
SPWOLF3;ANIMAL;WOLF;WOLF_DIRE;WOLF_WINTER;None;;base;Spirit Wolf;DireWolf;false
SPWOLF4;ANIMAL;WOLF;WOLF_DIRE;WOLF_WINTER;None;;base;Spirit Wolf;DireWolf;false
SPWOLF5;ANIMAL;WOLF;WOLF_DIRE;WOLF_WINTER;None;;base;Spirit Wolf;DireWolf;false
SPY406;HUMANOID;PLATE;LONG_SWORD;BIRD;SPY406;None;base;;;
SQUIRL;ANIMAL;NO_RACE;FOOD_CREATURE;SQUIRREL;SQUIRL;None;ctb;Squirrel;;
SQUIRR;ANIMAL;NO_RACE;FOOD_CREATURE;SQUIRREL;None;None;base;Squirrel;;
STAGE01;HUMANOID;HUMAN;INNOCENT;PEASANT_MAN;None;mtowba;base;Peasant;;
STALKE;MONSTER;ELEMENTAL;RANGER;DOOM_GUARD;None;None;SPELL_REV;Invisible Stalker;;
STARCHER;HUMANOID;HUMAN;FIGHTER;FIGHTER_MALE_HUMAN;starcher;starcher;base;Shadow Thief;;
STASS1;HUMANOID;HUMAN;THIEF;THIEF_MALE_HUMAN;stass1;thief4;base;Shadow Thief;;
STATUE01;WEAPON;SWORD;GNOLL;FIGHTER_MALE_ELF;statue01;;base;Magical Sword;;
STATUE02;WEAPON;SWORD;GNOLL;FIGHTER_MALE_ELF;statue02;;base;Magical Sword;;
STATUE03;WEAPON;SWORD;GNOLL;FIGHTER_MALE_ELF;statue03;;base;Magical Sword;;
STATUE04;WEAPON;SWORD;GNOLL;FIGHTER_MALE_ELF;statue04;;base;Magical Sword;;
STATUE05;WEAPON;SWORD;GNOLL;FIGHTER_MALE_ELF;statue05;;base;Magical Sword;;
STATUE06;WEAPON;SWORD;GNOLL;FIGHTER_MALE_ELF;statue06;;base;Magical Sword;;
STDEATH;HUMANOID;HUMAN;FIGHTER_THIEF;THIEF_MALE_HUMAN;None;None;base;Arkanis Gath;;
STEALGRD;HUMANOID;HUMAN;INNOCENT;AMNIAN_SOLDIER;stealGRD;sentinel;base;Amnian Soldier;;
STEIN;HUMANOID;HUMAN;THIEF;THIEF_MALE_HUMAN;None;Stein;base;Stein;;
STGOL01;GIANTHUMANOID;GOLEM;GOLEM_STONE;GOLEM_CLAY;stgol01;stgol01;base;Stone Golem;StoneGolem;false
STGUARD1;HUMANOID;HUMAN;FIGHTER_THIEF;THIEF_MALE_HUMAN;stguard1;stguard1;rr;Shadow Thief Sentry;;
STGUARD2;HUMANOID;HUMAN;FIGHTER;FIGHTER_MALE_HUMAN;None;stguard2;base;Shadow Thief;;
STGUARD3;HUMANOID;HUMAN;FIGHTER;FIGHTER_MALE_HUMAN;stguard3;stguard3;base;Shadow Thief;;
STMAGE;HUMANOID;HUMAN;MAGE;MAGE_MALE_HUMAN_LOW;None;stmage;base;Shadow Thief;;
STOLEGRD;HUMANOID;HUMAN;INNOCENT;AMNIAN_SOLDIER;stoleGRD;;base;Amnian Soldier;;
STOLETHF;HUMANOID;HUMAN;INNOCENT;THIEF_MALE_HUMAN;stealTHF;;base;Shadow Thief;;
SUADSAAN;HUMANOID;RAKSHASA;MAGE;RAKSHASA;suadsaan;suadsaan;base;Adsaan;;
SUAIR;GIANTHUMANOID;ELEMENTAL;ELEMENTAL_AIR;ELEMENTAL_AIR;suair;;base;Air Elemental;;
SUAVATAR;HUMANOID;ELF;INNOCENT;SHAMBLING_MOUND;suavatar;suavatar;base;Avatar of Rillifane;;
SUDEAD01;HUMANOID;ELF;INNOCENT;FIGHTER_MALE_ELF;sudead01;sudead01;base;Elven Warrior;;
SUDEAD02;HUMANOID;ELF;INNOCENT;CLERIC_FEMALE_ELF;sudead02;sudead02;base;Elven Warrior;;
SUDEAD03;HUMANOID;ELF;INNOCENT;CLERIC_MALE_ELF;sudead03;sudead03;base;Elven Warrior;;
SUDEMDE1;MONSTER;DEMONIC;TANARI;TANARRI;sudemon;sudemon;STRATAGEMS;Balor;;
SUDEMDE2;MONSTER;DEMONIC;TANARI;TANARRI;sudemon;sudemon;STRATAGEMS;Balor;;
SUDEMIN;HUMANOID;ELF;FIGHTER_CLERIC;CLERIC_FEMALE_ELF;sudemin;sudemin;base;Priestess Demin;;
SUDEMON;MONSTER;DEMONIC;TANARI;TANARRI;sudemon;sudemon;base;Balor;;
SUDEMON2;MONSTER;DEMONIC;TANARI;TANARRI;sudemon2;sudemon;base;Balor;;
SUDEMW1;MONSTER;DEMONIC;TANARI;TANARRI;Sudemw1;;base;Balor;;
SUEARTH;GIANTHUMANOID;ELEMENTAL;ELEMENTAL_EARTH;ELEMENTAL_EARTH;suearth;;base;Earth Elemental;;
SUELEW1;GIANTHUMANOID;ELEMENTAL;ELEMENTAL_FIRE;ELEMENTAL_FIRE;Suelew1;;base;Greater Fire Elemental;;
SUELEW2;GIANTHUMANOID;ELEMENTAL;ELEMENTAL_FIRE;OGRILLON;Suelew2;;base;Greater Fire Elemental;;
SUELF1;HUMANOID;ELF;INNOCENT;FIGHTER_MALE_ELF;suelf1;suelf1;base;Elf;;
SUELF10;HUMANOID;ELF;CLERIC;CLERIC_FEMALE_ELF;suelf10;suelf10;base;Reirra;;
SUELF11;HUMANOID;ELF;FIGHTER;FIGHTER_MALE_ELF;suelf11;suelf11;base;Wounded Elf;;
SUELF12;HUMANOID;ELF;FIGHTER;FIGHTER_MALE_ELF;suelf12;suelf12;base;Captain Aduo'on;;
SUELF13;HUMANOID;ELF;FIGHTER;FIGHTER_MALE_ELF;suelf13;suelf13;base;Elven Warrior;;
SUELF2;HUMANOID;ELF;INNOCENT;FIGHTER_FEMALE_ELF;suelf2;suelf2;base;Elf;;
SUELF3;HUMANOID;ELF;INNOCENT;CLERIC_MALE_ELF;suelf3;suelf3;base;Elven Warrior;;
SUELF4;HUMANOID;ELF;INNOCENT;GIRL;suelf4;suelf4;base;Girl;;
SUELF5;HUMANOID;ELF;INNOCENT;BOY;suelf5;suelf5;base;Boy;;
SUELF6;HUMANOID;ELF;FIGHTER;FIGHTER_MALE_ELF;suelf6;suelf6;base;Elven Warrior;;
SUELF7;HUMANOID;ELF;FIGHTER;FIGHTER_MALE_ELF;suelf7;suelf7;base;Elven Warrior;;
SUELF8;HUMANOID;ELF;FIGHTER;FIGHTER_FEMALE_ELF;suelf8;suelf8;base;Elven Warrior;;
SUELF9;HUMANOID;ELF;FIGHTER;FIGHTER_MALE_ELF;suelf9;suelf9;base;Wounded Elf;;
SUELFW1;HUMANOID;ELF;FIGHTER;FIGHTER_MALE_ELF;Suelfw1;None;base;Elven Warrior;;
SUELFW10;HUMANOID;ELF;MAGE;MAGE_MALE_ELF;Suelfw10;None;base;Elven Battle Mage;;
SUELFW11;HUMANOID;ELF;MAGE;MAGE_MALE_ELF;Suelfw11;None;base;Elven Battle Mage;;
SUELFW12;HUMANOID;ELF;MAGE;MAGE_MALE_ELF;Suelfw12;None;base;Elven Battle Mage;;
SUELFW13;HUMANOID;ELF;FIGHTER;FIGHTER_MALE_ELF;Suelfw13;None;base;Elven Archer;;
SUELFW14;HUMANOID;ELF;FIGHTER;FIGHTER_MALE_ELF;Suelfw14;None;base;Elven Archer;;
SUELFW15;HUMANOID;ELF;FIGHTER;FIGHTER_MALE_ELF;Suelfw15;None;base;Elven Archer;;
SUELFW2;HUMANOID;ELF;FIGHTER;FIGHTER_MALE_ELF;Suelfw2;None;base;Elven Warrior;;
SUELFW3;HUMANOID;ELF;FIGHTER;FIGHTER_MALE_ELF;Suelfw3;None;base;Elven Warrior;;
SUELFW4;HUMANOID;ELF;FIGHTER;FIGHTER_MALE_ELF;Suelfw4;None;base;Elven Warrior;;
SUELFW5;HUMANOID;ELF;FIGHTER;FIGHTER_MALE_ELF;Suelfw5;None;base;Elven Warrior;;
SUELFW6;HUMANOID;ELF;FIGHTER;FIGHTER_MALE_ELF;Suelfw6;None;base;Elven Warrior;;
SUELFW7;HUMANOID;ELF;FIGHTER;FIGHTER_MALE_ELF;Suelfw7;None;base;Elven Warrior;;
SUELFW8;HUMANOID;ELF;FIGHTER;FIGHTER_MALE_ELF;Suelfw8;None;base;Elven Warrior;;
SUELFW9;HUMANOID;ELF;MAGE;MAGE_MALE_ELF;Suelfw9;None;base;Elven Battle Mage;;
SUELHAN;HUMANOID;ELF;FIGHTER;FIGHTER_MALE_ELF;suelhan;suelhan;base;Elhan;;
SUELLE;HUMANOID;ELF;NO_CLASS;ELLESIME;suelle;suelle;base;Ellesime;;
SUELLE2;HUMANOID;ELF;NO_CLASS;ELLESIME;suelle2;suelle2;base;Ellesime;;
SUELLEAP;HUMANOID;ELF;NO_CLASS;ELLESIME;suelleap;suelleap;base;Ellesime;;
SUELLEG1;HUMANOID;ELF;FIGHTER;FIGHTER_MALE_ELF;suelleg1;suelleg1;base;Elven Warrior;;
SUENDEL1;HUMANOID;ELF;FIGHTER;FIGHTER_MALE_ELF;suelfend;suelfend;base;Elven Warrior;;
SUENDEL2;HUMANOID;ELF;FIGHTER;FIGHTER_FEMALE_ELF;suelfend;suelfend;base;Elven Warrior;;
SUENDEL3;HUMANOID;ELF;FIGHTER;MAGE_MALE_ELF;suelfend;suelfend;base;Elf Male;;
SUENDEL4;HUMANOID;ELF;FIGHTER;MAGE_FEMALE_ELF;suelfend;suelfend;base;Elf Female;;
SUENDEL5;HUMANOID;ELF;FIGHTER;BOY;suelfend;suelfend;base;Elf;;
SUENDEL6;HUMANOID;ELF;FIGHTER;GIRL;suelfend;suelfend;base;Elf;;
SUENDEL7;HUMANOID;ELF;FIGHTER;FIGHTER_MALE_ELF;suelfend;suelfend;base;Elven Warrior;;
SUENDEL8;HUMANOID;ELF;FIGHTER;FIGHTER_FEMALE_ELF;suelfend;suelfend;base;Elven Warrior;;
SUFIRE;GIANTHUMANOID;ELEMENTAL;ELEMENTAL_FIRE;ELEMENTAL_FIRE;sufire;;base;Fire Elemental;;
SUJON;HUMANOID;ELF;MAGE;JON_IRENICUS;sujon;sujon;base;Jon Irenicus;;
SUJON2;HUMANOID;ELF;MAGE;JON_IRENICUS;sujon2;sujon2;base;Jon Irenicus;;
SUMDJINN;GIANTHUMANOID;GENIE;GENIE_DJINNI;DJINNI;None;;base;Djinni;;
SUMEFREE;GIANTHUMANOID;GENIE;GENIE_EFREETI;EFREETI_NOBLE;None;;base;Efreeti;;
SUMELAIR;GIANTHUMANOID;ELEMENTAL;ELEMENTAL_AIR;ELEMENTAL_AIR;None;;base;Lesser Air Elemental;;
SUMELEAR;GIANTHUMANOID;ELEMENTAL;ELEMENTAL_EARTH;ELEMENTAL_EARTH_SMALL;None;;base;Lesser Earth Elemental;;
SUMELFIR;GIANTHUMANOID;ELEMENTAL;ELEMENTAL_FIRE;ELEMENTAL_FIRE;None;;base;Lesser Fire Elemental;;
SUMOON;HUMANOID;ELF;FIGHTER;FIGHTER_MALE_ELF;sumoon;sumoon;base;Elven Warrior;;
SUMTAN01;MONSTER;DEMONIC;TANARI;FIEND_GREEN;TANAR;None;STRATAGEMS;Tanar'ri;;
SUMTAN02;MONSTER;DEMONIC;TANARI;FIEND_GREEN;TANAR;None;STRATAGEMS;Tanar'ri;;
SUNA;HUMANOID;ELF;RANGER;FIGHTER_FEMALE_ELF;SUNA;SUNA;ctb;Suna Seni;;
SUPER1;HUMANOID;HUMAN;FIGHTER;FIGHTER_MALE_HUMAN;None;None;base;Calahan;;
SURAAM;HUMANOID;ELF;MAGE;DROW;Suraam;suraam;base;Raamilat;;
SURAKMAH;HUMANOID;RAKSHASA;MAGE;RAKSHASA;surakmah;None;base;Maharajah;;
SURAKRAJ;HUMANOID;RAKSHASA;MAGE;RAKSHASA;surakraj;None;base;Rajah;;
SURAKRUH;HUMANOID;RAKSHASA;MAGE;RAKSHASA;surakruh;None;base;Ruhk;;
SURAKSHA;HUMANOID;RAKSHASA;RAKSHASA;RAKSHASA;suraksha;None;base;Rakshasa;;
SURAKW1;HUMANOID;RAKSHASA;RAKSHASA;RAKSHASA;Surakw1;None;base;Rakshasa;;
SURAKW2;HUMANOID;RAKSHASA;RAKSHASA;RAKSHASA;Surakw2;None;base;Rakshasa;;
SURAKW3;HUMANOID;RAKSHASA;RAKSHASA;RAKSHASA;Surakw3;None;base;Rakshasa;;
SURAKW4;HUMANOID;RAKSHASA;RAKSHASA;RAKSHASA;Surakw4;None;base;Rakshasa;;
SURAYAH;HUMANOID;HUMAN;INNOCENT;NOBLE_WOMAN;Surayah;surayah;base;Surayah;;
SURLY;HUMANOID;HALFORC;FIGHTER;FIGHTER_MALE_HALFORC;Surly;surly;base;Surly;;
SUSPY;HUMANOID;PLATE;LONG_SWORD;BIRD;suspy;None;base;;;
SUSUNEER;HUMANOID;HUMAN;MAGE;MAGE_MALE_HUMAN_LOW;Susuneer;susuneer;base;Suneer;;
SUTROLL;MONSTER;TROLL;TROLL;TROLL;sutroll;;base;Troll;;
SUTROLL2;MONSTER;TROLL;TROLL;TROLL;sutroll;;base;Troll;;
SUUNDEAD;UNDEAD;SKELETON;SKELETON_WARRIOR;SKELETON_WARRIOR;suundead;;base;Skeleton Warrior;SkeletonWarrior;true
SUZIYAAD;HUMANOID;RAKSHASA;MAGE;RAKSHASA;suziyaad;suziyaad;base;Ziyaad;;
SWAAIR01;GIANTHUMANOID;ELEMENTAL;ELEMENTAL_AIR;ELEMENTAL_AIR;None;;base;Air Elemental;;
SWAAIR02;GIANTHUMANOID;ELEMENTAL;ELEMENTAL_AIR;ELEMENTAL_AIR;None;;base;Air Elemental;;
SWAEAR01;GIANTHUMANOID;ELEMENTAL;ELEMENTAL_EARTH;ELEMENTAL_EARTH;None;;base;Earth Elemental;;
SWAEAR02;GIANTHUMANOID;ELEMENTAL;ELEMENTAL_EARTH;ELEMENTAL_EARTH;None;;base;Earth Elemental;;
SWAFIR01;GIANTHUMANOID;ELEMENTAL;ELEMENTAL_FIRE;ELEMENTAL_FIRE;None;;base;Fire Elemental;;
SWAFIR02;MONSTER;ELEMENTAL;ELEMENTAL_FIRE;ELEMENTAL_FIRE;None;;base;Fire Elemental;;
SWORD01;WEAPON;SWORD;LONG_SWORD;DANCING_SWORD;NONE;;SPELL_REV;Magical Sword;;
SWORD02;WEAPON;SWORD;GNOLL;DANCING_SWORD;None;;base;Ras;;
SWORD03;WEAPON;SWORD;GNOLL;DANCING_SWORD;SWORD03;;base;Sword;;
SWORD68;WEAPON;SWORD;FIGHTER;DANCING_SWORD;None;;base;Spectral Blade;;
SWSFOLL1;HUMANOID;KOBOLD;KOBOLD;KOBOLD;swsfoll1;swsfoll1;base;Kobold Commando;;
SWSFOLL2;HUMANOID;KOBOLD;KOBOLD;KOBOLD;swsfoll2;swsfoll2;base;Kobold;;
SWSFOLL3;HUMANOID;KOBOLD;KOBOLD;KOBOLD;swsfoll3;swsfoll3;base;Kobold;;
SWSFOLL4;HUMANOID;KOBOLD;KOBOLD;KOBOLD;swsfoll4;swsfoll4;STRATAGEMS;Kobold;;
SWSFOLL5;HUMANOID;KOBOLD;KOBOLD;KOBOLD;swsfoll5;swsfoll5;STRATAGEMS;Kobold;;
SWSFOLL6;HUMANOID;KOBOLD;KOBOLD;KOBOLD;swsfoll6;swsfoll6;base;Kobold Commando;;
SWSHAMAN;HUMANOID;KOBOLD;KOBOLD;KOBOLD;swshaman;swshaman;STRATAGEMS;Kobold Shaman;;
TALKNI01;HUMANOID;HUMAN;FIGHTER_CLERIC;FIGHTER_MALE_HUMAN;talkni01;talkni01;STRATAGEMS;Storm Knight;;
TALKNI02;HUMANOID;HUMAN;FIGHTER_CLERIC;FIGHTER_FEMALE_HUMAN;talkni02;talkni02;STRATAGEMS;Storm Knight;;
TALMISS;HUMANOID;HUMAN;CLERIC;CLERIC_FEMALE_HUMAN;talmiss;talmiss;base;Mistress Ada;;
TALMISS2;HUMANOID;HUMAN;CLERIC;CLERIC_FEMALE_HUMAN;talmiss2;talmiss;base;Mistress Ada;;
TALVILON;HUMANOID;HUMAN;CLERIC;CLERIC_MALE_HUMAN;talvilon;talvilon;base;Acolyte Vilon;;
TANADV01;HUMANOID;HUMAN;FIGHTER;FIGHTER_MALE_HUMAN;tanadv01;tanadv01;base;Strachan Fireblade;;
TANADV02;HUMANOID;HUMAN;FIGHTER;FIGHTER_FEMALE_HUMAN;tanadv02;tanadv02;base;Adventurer;;
TANADV03;HUMANOID;HUMAN;FIGHTER;FIGHTER_MALE_HUMAN;tanadv03;tanadv03;base;Adventurer;;
TANADV04;HUMANOID;HUMAN;FIGHTER;FIGHTER_MALE_HUMAN;tanadv04;tanadv04;base;Adventurer;;
TANADV05;HUMANOID;DWARF;MAGE;MAGE_FEMALE_DWARF;tanadv05;tanadv05;base;Adventurer;;
TANADV06;HUMANOID;HUMAN;THIEF;THIEF_MALE_HUMAN;tanadv06;tanadv06;base;Dunbar the Fifth;;
TANALLY1;HUMANOID;HUMAN;CLERIC;CLERIC_MALE_HUMAN;tanally1;tanally1;base;Fael;;
TANARI01;MONSTER;DEMONIC;TANARI;FIEND_GREEN;TANAR;obsdem01;STRATAGEMS;Tanar'ri;;
TANNER;HUMANOID;HUMAN;FIGHTER;FIGHTER_MALE_HUMAN;Tanner;tanner;base;Rejiek Hidesman;;
TANOMIST;MONSTER;MIST;MIST;BLOB_MIST_CREATURE;None;None;base;Gaseous Form;;
TANSKW1;UNDEAD;SKELETON;SKELETON_WARRIOR;SKELETON_FIEND;tanskw1;tanskw1;base;Skeleton Warrior;SkeletonWarrior;true
TANTHF01;HUMANOID;HUMAN;FIGHTER_THIEF;THIEF_MALE_HUMAN;tanthf01;tanthf01;base;Rune Assassin;;
TANTUG01;HUMANOID;HUMAN;FIGHTER;FIGHTER_MALE_HUMAN;tantug01;tantug01;base;Thug;;
TANTUG02;HUMANOID;HUMAN;FIGHTER;FIGHTER_FEMALE_HUMAN;tantug02;tantug01;base;Thug;;
TANTUG03;HUMANOID;HUMAN;FIGHTER;FIGHTER_MALE_HUMAN;tantug03;tantug01;base;Thug;;
TANWIZ02;HUMANOID;HUMAN;MAGE;MAGE_FEMALE_HUMAN;tanwiz02;;base;Mage;;
TANWIZ03;HUMANOID;HUMAN;MAGE;MAGE_MALE_HUMAN_LOW;tanwiz03;;base;Mage;;
TANWIZ04;HUMANOID;GNOME;MAGE;MAGE_MALE_GNOME;tanwiz04;;base;Mage;;
TANWIZ1;HUMANOID;HUMAN;FIGHTER;MAGE_MALE_HUMAN;tanwiz1;tanwiz1;base;Vellin Dahn;;
TARNOR;HUMANOID;DWARF;FIGHTER;FIGHTER_MALE_DWARF_LOW;tarnor;tarnor;base;Tarnor the Hatchetman;;
TASLOI01;HUMANOID;KOBOLD;KOBOLD_TASLOI;KOBOLD_TASLOI;None;;base;Tasloi;;
TASLOISU;HUMANOID;KOBOLD;KOBOLD_TASLOI;KOBOLD_TASLOI;None;;base;Tasloi Elite Trooper;;
TASSA;HUMANOID;HUMAN;INNOCENT;NOBLE_WOMAN;tassa;tassa;base;Tassa;;
TAT;HUMANOID;GNOME;INNOCENT;GIRL;Tat;tat;base;Tat;;
TAXCOLL;HUMANOID;HUMAN;INNOCENT;NOBLE_MAN;None;taxcoll;base;Tax Collector;;
TAZOK;HUMANOID;OGRE;FIGHTER;HALF_OGRE;tazok;tazok;base;Tazok;HalfOgre;true
TDR10A;HUMANOID;HUMAN;DRUID;CLERIC_MALE_HUMAN;tdr10a;tdr10a;base;Kyland Lind;;
TDR10B;HUMANOID;HUMAN;DRUID;CLERIC_MALE_HUMAN;tdr10b;None;base;Shadow Druid;;
TDR6A;HUMANOID;HUMAN;DRUID;CLERIC_MALE_HUMAN;tdr6a;None;base;Shadow Druid;;
TDR8A;HUMANOID;HUMAN;DRUID;CLERIC_MALE_HUMAN;tdr8a;None;base;Shadow Druid;;
TDR8B;HUMANOID;HUMAN;DRUID;CLERIC_MALE_HUMAN;tdr8b;None;base;Shadow Druid;;
TELALU1;HUMANOID;DEMONIC;FIGHTER;FIGHTER_FEMALE_ELF;telalu1;None;base;Alu-Fiend;;
TELBAL1;MONSTER;DEMONIC;TANARI;TANARRI;telbal1;;base;Balor;;
TELBAL2;MONSTER;DEMONIC;TANARI;TANARRI;telbal2;;base;Balor;;
TELCAM1;GIANTHUMANOID;DEMONIC;THIEF;DEATH_KNIGHT;telcam1;None;base;Cambion;;
TELCOR1;MONSTER;DEMONIC;TANARI;CORNUGON;telcor1;None;base;Cornugon;;
TELDOG;ANIMAL;DOG;DOG_WAR;DOG_MOON;teldog;None;base;Aranthis;WarDog;false
TELELFIR;GIANTHUMANOID;ELEMENTAL;ELEMENTAL_FIRE;ELEMENTAL_FIRE;None;;base;Greater Fire Elemental;;
TELICESA;MONSTER;SALAMANDER;ELEMENTAL_WATER;SALAMANDER_FROST;None;None;base;Ice Salamander;;
TELIMP1;MONSTER;DEMONIC;IMP;IMP;telimp1;None;base;Imp;;
TELPIT1;MONSTER;DEMONIC;IMP;RAVER;telpit1;None;STRATAGEMS;Pit Fiend;;
TELPIT2;MONSTER;DEMONIC;TANARI;RAVER;telpit2;None;STRATAGEMS;Pit Fiend;;
TELQUA1;MONSTER;DEMONIC;TANARI;IMP;telqua1;None;base;Quasit;;
TELQUA2;MONSTER;DEMONIC;TANARI;IMP;telqua2;None;base;Quasit;;
TELSLAV;MONSTER;DEMONIC;WRAITH;FIGHTER_MALE_HUMAN;telslav;None;base;Slave Wraith;;
TELSUC1;HUMANOID;DEMONIC;TANARI;FIGHTER_FEMALE_ELF;telsuc1;None;base;Alu-Fiend;;
TELTAN1;MONSTER;DEMONIC;TANARI;GLABREZU;teltan1;None;base;Glabrezu;;
TELTAN2;MONSTER;DEMONIC;TANARI;GLABREZU;teltan2;None;base;Glabrezu;;
TELTIEF1;HUMANOID;TIEFLING;FIGHTER;FIGHTER_MALE_ELF;teltief1;None;base;Tiefling;;
TELTIEF2;HUMANOID;TIEFLING;THIEF;THIEF_FEMALE_ELF;teltief2;None;base;Tiefling;;
TELTIEF3;HUMANOID;TIEFLING;MAGE;MAGE_FEMALE_ELF;teltief3;None;base;Tiefling;;
TELWRAI;MONSTER;DEMONIC;MAGE;WAILING_VIRGIN;telwrai;None;STRATAGEMS;Demon Wraith;;
TEMAMN01;HUMANOID;HUMAN;INNOCENT;AMNIAN_SOLDIER;None;temamn01;base;Amnian Guard;;
TEMPV01;GENERAL_ITEM;NO_RACE;NO_CLASS;DOOM_GUARD;tempv01;None;base;;;
TEMSUP;HUMANOID;HUMAN;FIGHTER_CLERIC;CLERIC_MALE_HUMAN;temsup;temsup;base;Overgold Renwellyn;;
TEPID;ANIMAL;CAT;HUNTER_CREATURE;CAT;None;None;base;Tepid;;
TERL;HUMANOID;HUMAN;FIGHTER;CLERIC_MALE_HUMAN;Terl;terl;base;Terl;;
TERMER01;HUMANOID;HUMAN;FIGHTER;FIGHTER_MALE_HUMAN;termer01;;base;Mercenary;;
TERMER02;HUMANOID;HALF_ELF;FIGHTER;FIGHTER_MALE_ELF;termer02;;base;Mercenary;;
TERMER03;HUMANOID;HUMAN;CLERIC;CLERIC_FEMALE_HUMAN;termer03;;base;Mercenary;;
TERMER04;HUMANOID;HALFORC;THIEF;THIEF_MALE_HALFORC;termer04;;base;Mercenary;;
TERMER05;HUMANOID;ELF;MAGE;MAGE_MALE_ELF;termer05;;base;Mercenary;;
TERRECE;HUMANOID;HUMAN;MAGE;MAGE_MALE_HUMAN;Terrece;terrece;base;Terrece;;
TETHTO;HUMANOID;HUMAN;INNOCENT;MONK;None;tethto;base;Tethtoril;;
TETHTO2;HUMANOID;HUMAN;INNOCENT;MONK;Tethtoril2;tethto2;base;Tethtoril;;
TETHTO3;MONSTER;DOPPLEGANGER;DOPPLEGANGER;MONK;tethto3;tethto3;STRATAGEMS;Tethtoril;;
THESHAL;UNDEAD;GHOUL;GHOUL_GHAST;ZOMBIE;None;theshal;base;Theshal;Ghast;true
THIEF1;HUMANOID;HUMAN;THIEF;SHADOW_THIEF;None;thief1;base;Sidge;;
THIEF2;HUMANOID;HUMAN;THIEF;THIEF_MALE_HUMAN;None;thief2;base;Shadow Thief;;
THIEF3;HUMANOID;HUMAN;THIEF;THIEF_FEMALE_HUMAN;None;thief3;base;Shadow Thief;;
THIEF4;HUMANOID;HUMAN;THIEF;SHADOW_THIEF;None;thief4;base;Shadow Thief;;
THIEF5;HUMANOID;HUMAN;THIEF;THIEF_MALE_HUMAN;thief5;thief5;base;Gorvin;;
THIEF6;HUMANOID;ELF;THIEF;SHADOW_THIEF;thief6;thief6;base;Zyntris;;
THIEF7;HUMANOID;HUMAN;MONK;MONK_FEMALE_HUMAN;thief7;thief7;base;Anishai;;
THIEF8;HUMANOID;HUMAN;THIEF;SHADOW_THIEF;thief8;thief8;base;Shadow Thief;;
THRAXI;UNDEAD;ELF;MAGE;MAGE_MALE_ELF;None;thraxi;base;Thraxis Gall;;
THUMB;HUMANOID;HUMAN;INNOCENT;FAT_MAN;thumb;thumb;d0questpack;The Thumb;;
TIANA;HUMANOID;HUMAN;NO_CLASS;MAGE_FEMALE_HUMAN;Tiana;tiana;base;Tiana;;
TIRDIR;HUMANOID;HUMAN;INNOCENT;PEASANT_MAN;tirdir;tirdir;base;Tirdir;;
TIRTHOLD;HUMANOID;HUMAN;CLERIC;CLERIC_MALE_HUMAN_LOW;tirthold;tirthold;base;Tirthold;;
TOADY;HUMANOID;HALFLING;INNOCENT;CLERIC_MALE_HALFLING;toady;toady;base;Toady;;
TOBBAN01;HUMANOID;HUMAN;BARD;THIEF_MALE_HUMAN;tobban01;tobban01;base;Sharik Nefal;;
TOBBAN02;HUMANOID;ORC;FIGHTER;ORC_RANGE;tobban02;tobban02;base;Orc Archer;;
TOBBAN03;HUMANOID;ORC;FIGHTER;ORC_MELEE;tobban03;tobban03;base;Orc;;
TOBBAN04;HUMANOID;ORC;FIGHTER;OROG;tobban04;tobban04;base;Orog;;
TOBPAR01;HUMANOID;HUMAN;THIEF;THIEF_MALE_HUMAN;tobpar01;tobpar01;base;Eler Had;;
TOBPAR02;HUMANOID;HALFORC;FIGHTER;FIGHTER_FEMALE_HALFORC;tobpar02;None;base;Berena Elkan;;
TOBPAR03;HUMANOID;HUMAN;FIGHTER;MONK_MALE_HUMAN;tobpar03;None;base;Long Po;;
TOBPAR04;HUMANOID;HUMAN;MAGE;MAGE_MALE_HUMAN;tobpar04;None;base;Karun the Black;;
TOBPAR05;HUMANOID;DWARF;CLERIC;CLERIC_MALE_DWARF;tobpar05;None;base;Delga Deepdelver;;
TOBPAR06;HUMANOID;ELF;FIGHTER;FIGHTER_FEMALE_ELF;tobpar06;None;base;Helena Fairhand;;
TOKCRE01;HUMANOID;HUMAN;FIGHTER;MAGE_MALE_HUMAN;tokcre01;tokcre01;base;;;
TOLGER;HUMANOID;HUMAN;MAGE;MAGE_MALE_HUMAN;tolger;tolger;base;Tolgerias;;
TOLGER2;HUMANOID;HUMAN;MAGE;MAGE_MALE_HUMAN;tolger2;tolger2;base;Tolgerias;;
TOLMAG01;HUMANOID;HUMAN;MAGE;MAGE_MALE_HUMAN;tolmag01;None;base;Mage;;
TOLMAG02;HUMANOID;ELF;MAGE;MAGE_FEMALE_ELF;None;None;base;Mage;;
TOMEGOL1;GIANTHUMANOID;GOLEM;GOLEM_FLESH;A7!GOLEM_FLESH_PST;None;None;A7-GOLEMCONSTRUCTION;Flesh Golem;FleshGolem;true
TOMEGOL2;GIANTHUMANOID;GOLEM;GOLEM_CLAY;GOLEM_CLAY;golcla01;;base;Clay Golem;ClayGolem;true
TOMEGOL3;GIANTHUMANOID;GOLEM;GOLEM_STONE;GOLEM_CLAY;golsto01;;base;Stone Golem;StoneGolem;true
TOMEGOL4;GIANTHUMANOID;GOLEM;GOLEM_IRON;GOLEM_IRON_IWD;tomegol4;;A7-GOLEMCONSTRUCTION;Juggernaut Golem;JuggernautGolem;true
TORGAL;GIANTHUMANOID;TROLL;FIGHTER;TROLL;TorGal;torgal;STRATAGEMS;TorGal;;
TORGAL2;MONSTER;TROLL;TROLL;TROLL;TorGal;;base;TorGal;;
TORGAL3;MONSTER;TROLL;FIGHTER;TROLL;TorGal;;STRATAGEMS;TorGal;;
TOT;HUMANOID;GNOME;INNOCENT;BOY;Tot;tot;base;Tot;;
TOUR01;HUMANOID;HUMAN;INNOCENT;PEASANT_MAN;None;mtowba;base;Peasant;;
TOUR1;HUMANOID;HUMAN;INNOCENT;STATIC_PEASANT_MAN;tour1;tour1;base;Harrold;;
TOUR2;HUMANOID;HUMAN;INNOCENT;STATIC_PEASANT_WOMAN;tour2;tour2;base;Mrs. Harrold;;
TOWNC01;HUMANOID;HALFLING;INNOCENT;CLERIC_MALE_HALFLING_LOW;townc01;townc01;base;Town Crier;;
TOWNCR;HUMANOID;HUMAN;INNOCENT;PEASANT_MAN;None;mtowba;base;Peasant;;
TRAIN01;HUMANOID;HUMAN;INNOCENT;PEASANT_MAN;None;mtowba;base;Peasant;;
TRAINER1;HUMANOID;HUMAN;INNOCENT;FIGHTER_MALE_HUMAN;None;trainer1;base;Fearghus;;
TRANIM01;ANIMAL;BEAR;BEAR_CAVE;BEAR_CAVE;tranim01;;base;Cave Bear;CaveBear;false
TRANIM02;ANIMAL;WOLF;WOLF;WOLF;tranim02;;base;Wolf;Wolf;false
TRANIM03;ANIMAL;CAT;WOLF_DIRE;GREATCAT_PANTHER;tranim03;;base;Panther;Jaguar;false
TRAVIN;HUMANOID;HUMAN;THIEF;THIEF_MALE_HUMAN;travin;travin;base;Travin;;
TRAX;HUMANOID;HUMAN;INNOCENT;NOBLE_MAN;Trax;trax;base;Trax;;
TRAXG;HUMANOID;HUMAN;INNOCENT;AMNIAN_SOLDIER;Traxg;trguard;base;Trax's Guard;;
TRCAR01;HUMANOID;HUMAN;INNOCENT;MAGE_MALE_HUMAN;trcar01;trcar01;base;Raafee;;
TRCAR02;HUMANOID;HUMAN;INNOCENT;MAGE_FEMALE_HUMAN;trcar02;trcar02;base;Salahee;;
TRCAR03;HUMANOID;HUMAN;FIGHTER;FIGHTER_MALE_HUMAN;trcar03;trcar03;base;Caravan Driver;;
TRCAR04;HUMANOID;HUMAN;INNOCENT;FAT_MAN;trcar04;trcar04;base;Caravan Merchant;;
TRCUT01;HUMANOID;HUMAN;INNOCENT;NOBLE_WOMAN;trcut01;trcut01;base;Noblewoman;;
TRCUT02;HUMANOID;HUMAN;INNOCENT;NOBLE_MAN;trcut02;trcut02;base;Nobleman;;
TRCUT03;HUMANOID;HUMAN;INNOCENT;PEASANT_WOMAN;trcut03;trcut03;base;Peasant;;
TRCUT04;HUMANOID;HUMAN;INNOCENT;PEASANT_MAN;trcut04;trcut04;base;Peasant;;
TRCUT05;HUMANOID;HUMAN;MAGE;MAGE_FEMALE_HUMAN;trcut05;trcut05;base;Lady Lilith Lurraxol;;
TRCUT06;HUMANOID;HUMAN;FIGHTER_MAGE;MAGE_MALE_HUMAN;trcut06;trcut06;base;Lord Skarmaen Alibakkar;;
TRCUT07;HUMANOID;HUMAN;INNOCENT;FIGHTER_MALE_HUMAN_LOW;trcut07;trcut07;base;High Merchant Logan Coprith;;
TREVIL01;HUMANOID;HALFLING;CLERIC;CLERIC_MALE_HALFLING;trevil01;trevil01;base;Lord Khellon Menold;;
TREVIL02;HUMANOID;HUMAN;DRUID;CLERIC_MALE_HUMAN;trevil02;trevil02;base;Guardian of the Source;;
TREVIL03;HUMANOID;HUMAN;DRUID;CLERIC_MALE_HUMAN_LOW;trevil03;trevil03;base;Master Verthan;;
TREVIL04;ANIMAL;BEAR;BEAR_BROWN;BEAR_BROWN;None;;base;Grizzly Bear;BrownBear;false
TREVIL05;ANIMAL;CAT;HUNTER_CREATURE;GREATCAT_PANTHER;None;;base;Panther;Jaguar;false
TRFTOW01;HUMANOID;HUMAN;INNOCENT;PEASANT_WOMAN;trftow01;trftow01;base;Trissa;;
TRFTOW02;HUMANOID;HUMAN;INNOCENT;FAT_WOMAN;trftow02;trftow02;base;Peasant;;
TRFTOW03;HUMANOID;HUMAN;INNOCENT;PEASANT_WOMAN;trftow03;trftow03;base;Peasant;;
TRFTOW04;HUMANOID;HALFLING;INNOCENT;FIGHTER_FEMALE_HALFLING_LOW;trftow04;trftow04;base;Peasant;;
TRFTOW05;HUMANOID;HUMAN;INNOCENT;FAT_WOMAN;trftow05;trftow05;base;Peasant;;
TRFUED01;HUMANOID;HUMAN;MAGE;MAGE_FEMALE_HUMAN;trfued01;trfued01;base;Lady Lilith Lurraxol;;
TRFUED02;HUMANOID;HUMAN;FIGHTER;CLERIC_MALE_HUMAN;trfued02;trfued02;base;Lurraxol Guard;;
TRFUED03;HUMANOID;HUMAN;FIGHTER;CLERIC_MALE_HUMAN;trfued03;trfued03;base;Lurraxol Guard;;
TRFUED04;HUMANOID;HUMAN;FIGHTER;CLERIC_MALE_HUMAN;trfued04;trfued04;base;Lurraxol Guard;;
TRFUED05;HUMANOID;HUMAN;FIGHTER_MAGE;MAGE_MALE_HUMAN;trfued05;trfued05;base;Lord Skarmaen Alibakkar;;
TRFUED06;HUMANOID;HUMAN;FIGHTER;CLERIC_MALE_HUMAN;trfued06;trfued06;base;Alibakkar Guard;;
TRFUED07;HUMANOID;HUMAN;FIGHTER;CLERIC_MALE_HUMAN;trfued07;trfued07;base;Alibakkar Guard;;
TRFUED08;HUMANOID;HUMAN;FIGHTER;CLERIC_MALE_HUMAN;trfued08;trfued08;base;Alibakkar Guard;;
TRFUED09;HUMANOID;HUMAN;FIGHTER;FIGHTER_MALE_HUMAN;trfued09;trfued09;base;Lurraxol Guard;;
TRFUED10;HUMANOID;HUMAN;FIGHTER;FIGHTER_MALE_HUMAN;trfued10;trfued10;base;Alibakkar Guard;;
TRFUED11;HUMANOID;HUMAN;MAGE;MAGE_MALE_HUMAN;trfued11;trfued11;base;Militia Wizard;;
TRGENI01;GIANTHUMANOID;GENIE;GENIE_NOBLE_DJINNI;DJINNI_LEGS;trgeni01;trgeni01;base;Khan Zahraa;;
TRGENI02;GIANTHUMANOID;GENIE;GENIE_DJINNI;DJINNI;trgeni02;trgeni02;base;Taquee;;
TRGENI03;GIANTHUMANOID;GENIE;GENIE_DJINNI;DJINNI;trgeni03;trgeni03;base;Faafirah;;
TRGRD01;HUMANOID;HUMAN;INNOCENT;CLERIC_MALE_HUMAN;trgrd01;trgrd01;base;Militia Soldier;;
TRGRD02;HUMANOID;HUMAN;MAGE;MAGE_MALE_HUMAN;trgrd02;trgrd02;base;Militia Wizard;;
TRGRD03;HUMANOID;HUMAN;INNOCENT;CLERIC_FEMALE_HUMAN;trgrd03;trgrd03;base;Militia Captain;;
TRGYP01;HUMANOID;HUMAN;INNOCENT;PEASANT_MAN;trgyp01;trgyp01;base;Mastav;;
TRGYP02;HUMANOID;HUMAN;INNOCENT;PEASANT_WOMAN;trgyp02;trgyp02;base;Kveroslava;;
TRGYP03;HUMANOID;HUMAN;INNOCENT;BOY;trgyp03;trgyp03;base;Rinin;;
TRGYP04;HUMANOID;HUMAN;FIGHTER;FIGHTER_MALE_HUMAN;trgyp04;trgyp04;base;Jidek;;
TRHMER01;HUMANOID;HUMAN;INNOCENT;CLERIC_FEMALE_HUMAN;trhmer01;trhmer01;base;Guildmistress Busya;;
TRINNK01;HUMANOID;HUMAN;INNOCENT;FAT_MAN;trinnk01;trinnk01;base;Vyatri;;
TRKID01;HUMANOID;HUMAN;INNOCENT;GIRL;trkid01;trkid01;base;Lise;;
TRKID02;HUMANOID;HUMAN;INNOCENT;BOY;trkid02;trkid02;base;Amac;;
TRKID03;HUMANOID;HUMAN;INNOCENT;BOY;trkid03;trkid03;base;Boy;;
TRKID04;HUMANOID;HUMAN;INNOCENT;GIRL;trkid04;trkid04;base;Girl;;
TRLGRD01;HUMANOID;HUMAN;FIGHTER;FIGHTER_MALE_HUMAN;trlgrd01;trlgrd01;base;Lord Logan's Guard;;
TRMER01;HUMANOID;HUMAN;INNOCENT;FAT_MAN;trmer01;trmer01;base;Peddler;;
TRMER02;HUMANOID;HUMAN;INNOCENT;NOBLE_MAN;trmer02;trmer02;base;Merchant;;
TRMER03;HUMANOID;ELF;INNOCENT;FIGHTER_MALE_ELF;trmer03;trmer03;base;Fletcher;;
TRMER04;HUMANOID;HUMAN;INNOCENT;FAT_MAN;trmer04;trmer04;base;Blacksmith;;
TRMTOW01;HUMANOID;HUMAN;INNOCENT;STATIC_PEASANT_MAN_CHAIR;trmtow01;trmtow01;base;Roddy;;
TRMTOW02;HUMANOID;HUMAN;INNOCENT;PEASANT_MAN;trmtow02;trmtow02;base;Martur;;
TRMTOW03;HUMANOID;HALFLING;INNOCENT;FIGHTER_MALE_HALFLING;trmtow03;trmtow03;base;Peasant;;
TRMTOW04;HUMANOID;HUMAN;INNOCENT;FAT_MAN;trmtow04;trmtow04;base;Peasant;;
TRMTOW05;HUMANOID;HUMAN;INNOCENT;FAT_MAN;trmtow05;trmtow05;base;Peasant;;
TRNOBF01;HUMANOID;HUMAN;INNOCENT;NOBLE_WOMAN;trnobf01;trnobf01;base;Mistress Mera;;
TRNOBF02;HUMANOID;HUMAN;INNOCENT;NOBLE_WOMAN;trnobf02;trnobf02;base;Noblewoman;;
TRNOBM01;HUMANOID;HUMAN;INNOCENT;NOBLE_MAN;trnobm01;trnobm01;base;Sir Parick;;
TRNOBM02;HUMANOID;HUMAN;INNOCENT;NOBLE_MAN;trnobm02;trnobm02;base;Nobleman;;
TROLDE01;GIANTHUMANOID;TROLL;TROLL;TROLL;TROLDE01;;base;Desert Troll;;
TROLDE02;GIANTHUMANOID;TROLL;TROLL;TROLL;trolde02;;base;Desert Troll;;
TROLFR01;GIANTHUMANOID;TROLL;TROLL;TROLL;TROLFR01;;base;Freshwater Troll;;
TROLFR02;GIANTHUMANOID;TROLL;TROLL;TROLL;trolfr02;;base;Freshwater Troll;;
TROLGI01;GIANTHUMANOID;TROLL;TROLL;TROLL;Trolgi01;;base;Giant Troll;;
TROLGI02;GIANTHUMANOID;TROLL;TROLL;TROLL;Trolgi02;;base;Giant Troll;;
TROLIC01;GIANTHUMANOID;TROLL;TROLL;TROLL_SMALL;None;;base;Ice Troll;;
TROLIC02;GIANTHUMANOID;TROLL;TROLL;TROLL_SMALL;troll02;;base;Ice Troll;;
TROLIC03;GIANTHUMANOID;TROLL;TROLL;TROLL_BLUE;None;;base;Blizzard Troll;;
TROLIC04;GIANTHUMANOID;TROLL;TROLL;TROLL_BLUE;troll02;;base;Blizzard Troll;;
TROLL01;GIANTHUMANOID;TROLL;TROLL;TROLL;troll01;;base;Troll;;
TROLL02;GIANTHUMANOID;TROLL;TROLL;TROLL;troll02;;base;Troll;;
TROLL03;GIANTHUMANOID;TROLL;TROLL;TROLL_SMALL;troll03;;base;Troll;;
TROLLENS;GIANTHUMANOID;TROLL;TROLL;TROLL;trollens;;base;Giant Troll;;
TROLLSM2;GIANTHUMANOID;TROLL;TROLL;TROLL_SMALL;trollsm2;;base;Troll;;
TROLSI01;GIANTHUMANOID;TROLL;SPECTRAL_TROLL;TROLL_BLUE;TROLSI01;;base;Spirit Troll;;
TROLSI02;GIANTHUMANOID;TROLL;SPECTRAL_TROLL;TROLL_BLUE;trolsi02;;base;Spirit Troll;;
TROLSN01;GIANTHUMANOID;TROLL;TROLL;TROLL;TROLSN01;;base;Snow Troll;;
TROLSN02;GIANTHUMANOID;TROLL;TROLL;TROLL;trolsn02;;base;Snow Troll;;
TROLSP01;GIANTHUMANOID;TROLL;SPECTRAL_TROLL;TROLL_BLUE;TROLSP01;;base;Spectral Troll;;
TROLSP02;GIANTHUMANOID;TROLL;TROLL;TROLL_BLUE;TROLSP02;;base;Spectral Troll;;
TROLUO01;GIANTHUMANOID;TROLL;TROLL;TROLL;troluo01;;base;Troll;;
TRPLE01;HUMANOID;HUMAN;FIGHTER;FIGHTER_MALE_HUMAN;trple01;trple01;base;Wilfred the Red;;
TRPLE02;HUMANOID;HUMAN;INNOCENT;NOBLE_WOMAN;trple02;trple02;base;Mistress Jeanne;;
TRPLE03;HUMANOID;HUMAN;INNOCENT;HARLOT_WOMAN;trple03;trple03;base;Annalynn;;
TRPLE04;HUMANOID;HUMAN;INNOCENT;NOBLE_MAN;trple04;trple04;base;Customer;;
TRRAK01;MONSTER;RAKSHASA;RAKSHASA;HARLOT_WOMAN;trrak01;trrak01;base;Adratha;;
TRRAK02;MONSTER;RAKSHASA;RAKSHASA;NOBLE_MAN;trrak02;trrak02;base;Saadat;;
TRRAK03;MONSTER;RAKSHASA;MAGE;NOBLE_MAN;trrak03;trrak03;base;Jalaal;;
TRRAK04;MONSTER;RAKSHASA;RAKSHASA;RAKSHASA;firrak02;firrak02;base;Ruhk;;
TRSKIN01;HUMANOID;HUMAN;FIGHTER;FIGHTER_FEMALE_HUMAN;trskin01;trskin01;base;Raissa;;
TRSKIN02;HUMANOID;HUMAN;BARD;THIEF_MALE_HUMAN;trskin02;trskin02;base;Tiris;;
TRSKIN03;HUMANOID;HUMAN;FIGHTER;FIGHTER_MALE_HUMAN;trskin03;trskin03;base;Rejiek Hidesman;;
TRSKIN04;HUMANOID;HUMAN;INNOCENT;PEASANT_MAN;trskin04;trskin04;base;Gristor;;
TRSKIN05;HUMANOID;HUMAN;INNOCENT;PEASANT_WOMAN;trskin05;trskin05;base;Jenia;;
TRSKIN06;HUMANOID;HUMAN;FIGHTER;FIGHTER_MALE_HUMAN;trskin06;trskin06;base;Darsidian Moor;;
TRSKIN3B;HUMANOID;HUMAN;FIGHTER;FIGHTER_MALE_HUMAN;None;None;base;Rejiek Hidesman;;
TRSKIN6B;HUMANOID;HUMAN;FIGHTER;FIGHTER_MALE_HUMAN;None;None;base;Darsidian Moor;;
TRSKIND1;HUMANOID;HUMAN;FIGHTER;SKELETON;trskin03;None;base;Rejiek Hidesman;;
TRSKIND2;HUMANOID;HUMAN;FIGHTER;SKELETON;trskin06;None;base;Darsidian Moor;;
TRTAVP01;HUMANOID;HUMAN;INNOCENT;STATIC_PEASANT_MAN_CHAIR;trtavp01;trtavp01;base;Tavern Drunk;;
TRTAVP02;HUMANOID;HUMAN;INNOCENT;STATIC_NOBLE_WOMAN_CHAIR;trtavp02;trtavp02;base;Lady Merana;;
TRTAVP03;HUMANOID;HUMAN;INNOCENT;STATIC_NOBLE_WOMAN_CHAIR;trtavp03;trtavp03;base;Tavern Patron;;
TRTAVP04;HUMANOID;HUMAN;INNOCENT;PEASANT_MAN;trtavp04;trtavp04;base;Tavern Patron;;
TRTAVP05;HUMANOID;HUMAN;BARD;CLERIC_FEMALE_HUMAN;trtavp05;trtavp05;base;Alenina;;
TRTHF01;HUMANOID;ELF;THIEF;THIEF_FEMALE_ELF;trthf01;trthf01;base;Itona;;
TRTHF02;HUMANOID;HUMAN;THIEF;THIEF_MALE_HUMAN;trthf02;trthf02;base;Kich;;
TRTHF03;HUMANOID;DWARF;FIGHTER;FIGHTER_MALE_DWARF;trthf03;trthf03;base;Shadow Thief;;
TRTHF04;HUMANOID;DWARF;FIGHTER;FIGHTER_MALE_DWARF;trthf04;trthf04;base;Merchant;;
TRWEN01;HUMANOID;HUMAN;INNOCENT;HARLOT_WOMAN;trwen01;trwen01;base;Ulma;;
TTBELT;HUMANOID;HUMAN;FIGHTER;FIGHTER_MALE_HUMAN;ttbelt;ttbelt;base;Belt;;
TTBRAN;HUMANOID;HUMAN;CLERIC;CLERIC_FEMALE_HUMAN;ttbran;ttbran;base;Branwen;;
TTGIBB;HUMANOID;GIBBERLING;GIBBERLING;GIBBERLING;ttgibb;ttgibb;base;Gibberling;;
TTIMOEN;HUMANOID;HUMAN;MAGE_THIEF;MAGE_FEMALE_HUMAN;ttimoen;ttimoen;CDTWEAKS;Imoen;;
TTJAHIER;HUMANOID;HALF_ELF;FIGHTER_DRUID;FIGHTER_FEMALE_ELF;ttjaheir;ttjaheir;base;Jaheira;;
TTKOB;HUMANOID;KOBOLD;KOBOLD;KOBOLD;ttkob;ttkob;base;Kobold;;
TTMINSC;HUMANOID;HUMAN;RANGER;FIGHTER_MALE_HUMAN;ttminsc;ttminsc;base;Minsc;;
TTSER1;HUMANOID;HUMAN;FIGHTER;FIGHTER_MALE_HUMAN;ttser1;ttser1;base;Jospil;;
TTSER2;HUMANOID;HUMAN;FIGHTER;FIGHTER_MALE_HUMAN;ttser2;ttser2;base;Brevin;;
TTSKEL;UNDEAD;SKELETON;SKELETON;SKELETON;ttskel;ttskel;base;Skeleton;Skeleton;false
TTSPID;MONSTER;SPIDER;SPIDER_WRAITH;SPIDER_WRAITH;ttspid;ttspid;base;Wraith Spider;WraithSpider;true
TTXAN;HUMANOID;ELF;MAGE;MAGE_MALE_ELF;xan;ttxan;base;Xan;;
TURN;HUMANOID;HUMAN;CLERIC;CLERIC_MALE_HUMAN;None;None;base;Cleric;;
UCOUNTER;MONSTER;STATUE;SHADOW;RAT;UCOUNTER;;base;;;
UDAIR;GIANTHUMANOID;ELEMENTAL;ELEMENTAL_AIR;ELEMENTAL_AIR;udair;;base;Air Elemental;;
UDARDUL;HUMANOID;ELF;CLERIC;DROW_FEMALE;Ardulace;udardul;base;Matron Mother Ardulace;;
UDBALOR;MONSTER;DEMONIC;TANARI;TANARRI;udbalor;;base;Balor;;
UDBEHO01;MONSTER;BEHOLDER;BEHOLDER;BEHOLDER;udbeho01;;base;Beholder;;
UDBEHO02;MONSTER;BEHOLDER;BEHOLDER;BEHOLDER;udbeho02;;base;Beholder;;
UDCHAL;HUMANOID;ELF;FIGHTER_CLERIC;FIGHTER_FEMALE_ELF;udchal;udchal;base;Chalinthra;;
UDCOM01;HUMANOID;ELF;FIGHTER;FIGHTER_MALE_ELF;udcom01;udcom01;base;Commoner;;
UDCOM02;HUMANOID;ELF;FIGHTER;FIGHTER_FEMALE_ELF;udcom02;udcom02;base;Commoner;;
UDCOM03;HUMANOID;ELF;FIGHTER;FIGHTER_FEMALE_ELF;udcom03;udcom03;base;Drow Patron;;
UDDEAR02;HUMANOID;DWARF;CLERIC_THIEF;THIEF_MALE_DWARF;udduer02;udduer02;base;Uder Mordin;;
UDDEAR03;HUMANOID;DWARF;CLERIC;FIGHTER_MALE_DWARF;udduer03;udduer03;base;Finderlig;;
UDDEATH;HUMANOID;DEMONIC;FIGHTER_MAGE;DEATH_KNIGHT;uddeath;uddeath;base;Demon Knight;;
UDDEATH2;HUMANOID;DEMONIC;FIGHTER_MAGE;DEATH_KNIGHT;uddeath2;uddeath;base;Demon Knight;;
UDDEMON;MONSTER;DEMONIC;TANARI;TANARRI;uddemon;uddemon;base;Lesser Demon Lord;;
UDDOG;ANIMAL;DOG;DOG_WILD;DOG_WILD;uddog;;base;Wild Dog;WildDog;false
UDDOOR01;HUMANOID;ELF;FIGHTER;FIGHTER_MALE_ELF;uddoor01;uddoor01;base;Drow;;
UDDOOR02;HUMANOID;ELF;FIGHTER;FIGHTER_MALE_ELF;uddoor02;uddoor02;base;Drow;;
UDDOOR03;HUMANOID;ELF;FIGHTER;FIGHTER_FEMALE_ELF;uddoor03;uddoor03;base;Drow;;
UDDOOR05;HUMANOID;ELF;MAGE;MAGE_MALE_ELF;uddoor05;;base;Drow Wizard;;
UDDOOR06;HUMANOID;ELF;CLERIC;CLERIC_FEMALE_ELF;uddoor06;None;base;Drow Priestess;;
UDDOOR07;GIANTHUMANOID;GOLEM;GOLEM_STONE;GOLEM_CLAY;golsto01;;STRATAGEMS;Stone Golem;StoneGolem;false
UDDOOR08;HUMANOID;ELF;THIEF;THIEF_MALE_ELF;uddoor08;None;base;Drow;;
UDDOOR09;HUMANOID;ELF;THIEF;THIEF_MALE_ELF;uddoor09;UDDOOR09;base;Drow;;
UDDROW01;HUMANOID;ELF;FIGHTER;FIGHTER_MALE_ELF;uddrow01;uddrow01;base;Matron's Guard;;
UDDROW02;HUMANOID;ELF;FIGHTER;FIGHTER_MALE_ELF;uddrow02;uddrow02;base;Executioner;;
UDDROW03;HUMANOID;ELF;FIGHTER;FIGHTER_MALE_ELF;uddrow03;uddrow03;base;Ritual Guard;;
UDDROW04;HUMANOID;ELF;FIGHTER;FIGHTER_MALE_ELF;uddrow04;uddrow04;base;Szordrin;;
UDDROW05;HUMANOID;ELF;FIGHTER;FIGHTER_MALE_ELF;uddrow05;uddrow05;base;Drow Cook;;
UDDROW06;HUMANOID;ELF;FIGHTER;FIGHTER_MALE_ELF;uddrow06;uddrow06;base;Ilmryn;;
UDDROW07;HUMANOID;ELF;FIGHTER;FIGHTER_MALE_ELF;uddrow07;uddrow07;base;Merinid;;
UDDROW08;HUMANOID;ELF;FIGHTER;FIGHTER_MALE_ELF;uddrow08;uddrow08;base;Baragh;;
UDDROW09;HUMANOID;ELF;FIGHTER;FIGHTER_MALE_ELF;uddrow09;uddrow09;base;Tathlyn;;
UDDROW10;HUMANOID;ELF;FIGHTER;FIGHTER_MALE_ELF;uddrow10;uddrow10;base;Nym Khalazza;;
UDDROW11;HUMANOID;ELF;FIGHTER;FIGHTER_MALE_ELF;uddrow11;uddrow11;base;Drow;;
UDDROW12;HUMANOID;ELF;CLERIC;CLERIC_FEMALE_ELF;uddrow12;uddrow12;base;Drow;;
UDDROW13;HUMANOID;ELF;FIGHTER;FIGHTER_MALE_ELF;uddrow13;uddrow13;base;Drow;;
UDDROW14;HUMANOID;ELF;CLERIC;CLERIC_FEMALE_ELF;uddrow14;uddrow14;base;Drow;;
UDDROW15;HUMANOID;ELF;CLERIC;CLERIC_FEMALE_ELF;uddrow15;uddrow15;base;Drow;;
UDDROW16;HUMANOID;ELF;FIGHTER;FIGHTER_MALE_ELF;uddrow16;uddrow16;base;Sondal;;
UDDROW17;HUMANOID;ELF;MAGE;MAGE_MALE_ELF;uddrow17;uddrow17;base;Drow;;
UDDROW18;HUMANOID;ELF;MAGE;MAGE_MALE_ELF;uddrow18;uddrow18;base;Drow;;
UDDROW19;HUMANOID;ELF;MAGE;MAGE_FEMALE_ELF;uddrow19;uddrow19;base;Drow;;
UDDROW20;HUMANOID;ELF;FIGHTER;FIGHTER_MALE_ELF;uddrow20;uddrow20;base;Egg Guard;;
UDDROW21;HUMANOID;ELF;FIGHTER;FIGHTER_MALE_ELF;uddrow21;uddrow21;base;Egg Guard;;
UDDROW22;HUMANOID;ELF;FIGHTER;FIGHTER_MALE_ELF;uddrow22;uddrow22;base;Drow Bartender;;
UDDROW23;HUMANOID;ELF;FIGHTER;FIGHTER_MALE_ELF;uddrow23;uddrow23;base;Drow;;
UDDROW24;HUMANOID;ELF;FIGHTER;FIGHTER_MALE_ELF;uddrow24;uddrow24;base;Drow;;
UDDROW25;HUMANOID;ELF;FIGHTER;FIGHTER_MALE_ELF;uddrow25;uddrow25;base;Drow;;
UDDROW26;HUMANOID;ELF;FIGHTER;FIGHTER_MALE_ELF;uddrow26;uddrow26;base;Drow;;
UDDROW27;HUMANOID;ELF;FIGHTER;DROW;uddrow27;uddrow27;base;Drow;;
UDDROW28;HUMANOID;ELF;FIGHTER;DROW;uddrow28;uddrow28;base;Drow;;
UDDROW29;HUMANOID;ELF;FIGHTER;DROW_FEMALE;uddrow29;uddrow29;base;Drow;;
UDDROW30;HUMANOID;ELF;MAGE;MAGE_MALE_ELF;uddrow30;uddrow30;base;Drow;;
UDDROW31;HUMANOID;ELF;CLERIC;DROW_FEMALE;uddrow31;uddrow31;base;Drow;;
UDDROW32;HUMANOID;ELF;FIGHTER;FIGHTER_MALE_ELF;uddrow32;uddrow32;base;Drow Warrior;;
UDDROW33;HUMANOID;ELF;FIGHTER;FIGHTER_FEMALE_ELF;uddrow33;uddrow33;base;Drow Warrior;;
UDDROW34;HUMANOID;ELF;MAGE;MAGE_MALE_ELF;uddrow34;uddrow34;base;Drow Wizard;;
UDDROW35;HUMANOID;ELF;CLERIC;CLERIC_FEMALE_ELF;uddrow35;uddrow35;base;Priestess of Lolth;;
UDDROW36;HUMANOID;ELF;CLERIC;CLERIC_FEMALE_ELF;uddrow36;uddrow36;base;Handmaiden of Lolth;;
UDDROW37;HUMANOID;ELF;FIGHTER;FIGHTER_MALE_ELF;uddrow37;uddrow37;base;Drow;;
UDDROW50;HUMANOID;ELF;MAGE;MAGE_MALE_ELF;uddrow50;None;base;Drow Wizard;;
UDDUER01;HUMANOID;DWARF;CLERIC_THIEF;CLERIC_MALE_DWARF;udduer01;udduer01;base;Carlig;;
UDDWARF;HUMANOID;DWARF;FIGHTER;FIGHTER_MALE_DWARF;uddwarf;uddwarf;base;Insane Dwarf Warrior;;
UDEARTH;GIANTHUMANOID;ELEMENTAL;ELEMENTAL_EARTH;ELEMENTAL_EARTH;udearth;;base;Earth Elemental;;
UDELDA;GIANTHUMANOID;ELEMENTAL;ELEMENTAL_AIR;ELEMENTAL_AIR;udelda;;base;Greater Air Elemental;;
UDELDE;GIANTHUMANOID;ELEMENTAL;ELEMENTAL_EARTH;ELEMENTAL_EARTH;udelde;;base;Greater Earth Elemental;;
UDELDER;MONSTER;BEHOLDER;BEHOLDER;BEHOLDER;udelder;;base;Elder Orb;;
UDELDF;GIANTHUMANOID;ELEMENTAL;ELEMENTAL_FIRE;ELEMENTAL_FIRE;udeldf;;base;Greater Fire Elemental;;
UDELF01;HUMANOID;ELF;FIGHTER;FIGHTER_MALE_ELF;udelf01;udelf01;base;War Elf;;
UDELF02;HUMANOID;ELF;FIGHTER;FIGHTER_MALE_ELF;udelf02;udelf02;base;War Elf;;
UDELF03;HUMANOID;ELF;FIGHTER;FIGHTER_FEMALE_ELF;udelf03;udelf03;base;War Elf;;
UDELF04;HUMANOID;ELF;MAGE;MAGE_MALE_ELF;udelf04;udelf04;base;War Elf;;
UDELF05;HUMANOID;ELF;CLERIC;CLERIC_FEMALE_ELF;udelf05;udelf05;base;War Elf;;
UDFIRE;GIANTHUMANOID;ELEMENTAL;ELEMENTAL_FIRE;ELEMENTAL_FIRE;udfire;;base;Fire Elemental;;
UDGIRL;HUMANOID;ELF;CLERIC;CLERIC_FEMALE_ELF;udgirl;;base;Priestess of Lolth;;
UDGITH02;HUMANOID;GITHYANKI;FIGHTER;GITHYANKI;udgith02;udgith02;STRATAGEMS;Githyanki;;
UDGOLEM;GIANTHUMANOID;GOLEM;GOLEM_CLAY;A7!GOLEM_BRAIN;udgolem;;A7-GOLEMCONSTRUCTION;Brain Golem;ClayGolem;false
UDILL01;HUMANOID;MIND_FLAYER;MIND_FLAYER;MINDFLAYER;udill01;None;base;Mind Flayer;;
UDILL02;MONSTER;UMBERHULK;UMBERHULK;UMBER_HULK;udill01;;base;Umber Hulk;;
UDILSLA1;HUMANOID;HUMAN;INNOCENT;BEGGAR_MAN;udilsla1;udilsla1;base;Slave;;
UDILSLA2;HUMANOID;HUMAN;INNOCENT;PEASANT_MAN;udilsla2;udilsla2;base;Slave Leader;;
UDILSLA3;HUMANOID;HUMAN;INNOCENT;BEGGAR_MAN;udilsla1;;base;Slave;;
UDILSLA4;HUMANOID;HUMAN;INNOCENT;PEASANT_MAN;udilsla2;;base;Slave Leader;;
UDIMP;HUMANOID;IMP;IMP;IMP;udimp;udimp;base;Imp;;
UDIMRAE;HUMANOID;ELF;CLERIC;DROW_FEMALE;Imrae;udimrae;base;Imrae;;
UDKUO01;HUMANOID;KUO-TOA;KUO-TOA;KUO-TOA_LARGE;udkuo01;udkuo01;base;Kuo-toan Leader;;
UDKUO02;HUMANOID;KUO-TOA;CLERIC_THIEF;KUO-TOA_LARGE;udkuo02;udkuo02;base;Master Whip;;
UDLESA;HUMANOID;ELF;FIGHTER;DROW;udlesa;udlesa;base;Lasaonar;;
UDMAN;HUMANOID;ELF;MAGE;FIGHTER_MALE_ELF;udman;;base;Drow;;
UDMASTER;MONSTER;NO_RACE;MAGE;DOOM_GUARD_LARGER;udmaster;udmaster;STRATAGEMS;The Master Brain;;
UDMIND01;HUMANOID;MIND_FLAYER;MIND_FLAYER;MINDFLAYER;udmind01;udmind01;base;Mind Flayer;;
UDMIND02;HUMANOID;MIND_FLAYER;MIND_FLAYER;MINDFLAYER;udmind02;udmind02;base;Mind Flayer;;
UDMIND03;HUMANOID;MIND_FLAYER;MIND_FLAYER;MINDFLAYER;udmind03;udmind01;base;Mind Flayer;;
UDMIND04;HUMANOID;MIND_FLAYER;MIND_FLAYER;MINDFLAYER;udmind04;udmind01;base;Mind Flayer;;
UDMIND10;HUMANOID;MIND_FLAYER;MIND_FLAYER;MINDFLAYER;udmind10;None;base;Mind Flayer;;
UDNABA;MONSTER;DEMONIC;TANARI;FIEND_GREEN;udnaba;None;STRATAGEMS;Nabassu;;
UDOGRE;GIANTHUMANOID;OGRE;OGRE;OGRE;udogre;udogre;base;Ogre;Ogre;false
UDPENT;GENERAL_ITEM;0;0;CLERIC_MALE_HALFLING_LOW;udpent;None;base;;;
UDPHAE01;HUMANOID;ELF;FIGHTER_CLERIC;DROW_FEMALE;Phaere;udphae01;base;Phaere;;
UDPHAE02;HUMANOID;ELF;FIGHTER_CLERIC;DROW_FEMALE;Phaere;udphae02;base;Phaere;;
UDPRINCE;HUMANOID;KUO-TOA;CLERIC_THIEF;KUO-TOA_LARGE;udprince;;base;Kuo-toan Prince;;
UDRUNNER;HUMANOID;ELF;FIGHTER;DROW;udrunner;;base;Drow;;
UDSAHA;HUMANOID;SAHUAGIN;FIGHTER;SAHUAGIN_LARGE;udsaha;;STRATAGEMS;Sahuagin Prince;;
UDSILVER;MONSTER;DRAGON;SILVER_DRAGON;DRAGON_SILVER;udsilver;udsilver;base;Adalon;;
UDSIMYAZ;HUMANOID;GITHYANKI;FIGHTER_MAGE;GITHYANKI;udsimyaz;udsimyaz;base;Simyaz;;
UDSLV01;HUMANOID;ELF;INNOCENT;CLERIC_MALE_ELF;udsvl01;udslv01;base;Slave;;
UDSLV02;HUMANOID;HUMAN;INNOCENT;BEGGAR_MAN;udsvl02;udsvl02;base;Slave;;
UDSLV03;HUMANOID;GNOLL;GNOLL;GNOLL;udslv03;udslv03;base;Slave;;
UDSLV04;HUMANOID;KOBOLD;THIEF;KOBOLD;udslv04;udslv04;base;Slave;;
UDSOLA01;HUMANOID;ELF;FIGHTER;DROW;Solaufein;udsola01;base;Solaufein;;
UDSOLA02;HUMANOID;ELF;FIGHTER;DROW;udsola02;udsola02;base;Solaufein;;
UDSPID01;MONSTER;SPIDER;SPIDER_GIANT;SPIDER_GIANT;udspid01;;base;Giant Spider;GiantSpider;false
UDSPID02;MONSTER;SPIDER;SPIDER_GIANT;SPIDER_GIANT;udspid02;;base;Giant Spider;GiantSpider;false
UDSPID03;MONSTER;SPIDER;SPIDER_GIANT;SPIDER_GIANT;udspid03;;base;Giant Spider;GiantSpider;false
UDSPID04;MONSTER;SPIDER;SPIDER_GIANT;SPIDER_GIANT;udspid04;;base;Giant Spider;GiantSpider;false
UDSPID05;MONSTER;SPIDER;SPIDER_GIANT;SPIDER_GIANT;udspid05;;base;Giant Spider;GiantSpider;false
UDSPID06;MONSTER;SPIDER;SPIDER_GIANT;SPIDER_GIANT;udspid06;;base;Giant Spider;GiantSpider;false
UDSPID07;MONSTER;SPIDER;SPIDER_GIANT;SPIDER_GIANT;udspid07;;base;Giant Spider;GiantSpider;false
UDSPID08;MONSTER;SPIDER;SPIDER_GIANT;SPIDER_GIANT;udspid08;;base;Giant Spider;GiantSpider;false
UDSVDEAD;HUMANOID;GNOME;FIGHTER;FIGHTER_MALE_DWARF;udsvir01;;base;Svirfneblin;;
UDSVIR01;HUMANOID;GNOME;FIGHTER;FIGHTER_MALE_DWARF;udsvir01;udsvir01;base;Odendal Breachgnome;;
UDSVIR02;HUMANOID;GNOME;FIGHTER;FIGHTER_MALE_DWARF;udsvir02;udsvir02;base;Svirfneblin;;
UDSVIR03;HUMANOID;GNOME;MAGE;THIEF_MALE_DWARF;udsvir03;udsvir03;base;Goldander Blackenrock;;
UDSVIR04;HUMANOID;GNOME;FIGHTER;FIGHTER_MALE_DWARF;udsvir04;udsvir04;base;Innkeeper ;;
UDSVIR05;HUMANOID;GNOME;FIGHTER;FIGHTER_MALE_DWARF;udsvir05;udsvir05;base;Therndle Daglefodd;;
UDSVIR06;HUMANOID;GNOME;FIGHTER;FIGHTER_MALE_DWARF;udsvir06;udsvir06;base;Svirfneblin;;
UDSVIR07;HUMANOID;GNOME;FIGHTER;FIGHTER_MALE_DWARF;udsvir07;udsvir02;base;Svirfneblin;;
UDSVIR08;HUMANOID;GNOME;FIGHTER;FIGHTER_MALE_DWARF;udsvir08;udsvir08;base;Svirfneblin Leader;;
UDTRAP01;HUMANOID;HUMAN;FIGHTER;FIGHTER_MALE_HUMAN;udtrap01;udtrap01;base;Madman Aganalo;;
UDTRAP02;HUMANOID;ELF;MAGE;MAGE_MALE_ELF;udtrap02;udtrap02;base;Raevilin Strathi;;
UDTRAP03;HUMANOID;GITHYANKI;FIGHTER_MAGE;GITHYANKI;udtrap03;udtrap03;base;Riti;;
UDTRAP04;UNDEAD;LICH;MAGE;LICH;udtrap04;udtrap04;base;Alchra Diagott;;
UDTRAP05;HUMANOID;HUMAN;THIEF;THIEF_MALE_HUMAN;udtrap05;udtrap05;base;Gont of Riatavin;;
UDTRAP06;HUMANOID;GNOME;FIGHTER;FIGHTER_MALE_DWARF;udtrap06;udtrap06;base;Bedlen Daglefodd;;
UDUMB02;MONSTER;UMBERHULK;UMBERHULK;UMBER_HULK;udumb02;;base;Umber Hulk;;
UDUMBER;MONSTER;UMBERHULK;UMBERHULK;UMBER_HULK;udumber;;base;Umber Hulk;;
UDVAMP;UNDEAD;MIND_FLAYER;MIND_FLAYER;MINDFLAYER;udvamp;udvamp;base;Vampiric Illithid;;
UDVICTI2;HUMANOID;HUMAN;INNOCENT;BEGGAR_MAN;Slave2;None;base;Slave;;
UDVICTI3;HUMANOID;HUMAN;INNOCENT;BEGGAR_MAN;Slave3;None;base;Slave;;
UDVICTI4;HUMANOID;HUMAN;INNOCENT;BEGGAR_MAN;Slave4;None;base;Slave;;
UDVICTIM;HUMANOID;HUMAN;INNOCENT;BEGGAR_MAN;Slave1;None;base;Slave;;
UDVITH;HUMANOID;HUMAN;MAGE;MAGE_MALE_HUMAN;udvith;udvith;base;Vithal;;
UHBOY01;HUMANOID;HUMAN;INNOCENT;BOY;Atta;uhboy01;base;Atta;;
UHCREAT;UNDEAD;SHADOW;SHADOW;SHADOW;uhcreat;None;base;Shadow;Shadow;true
UHCREAT2;MONSTER;GIBBERLING;GIBBERLING;GIBBERLING;None;uhgibb01;base;Diseased Gibberling;;
UHFARM01;HUMANOID;HUMAN;INNOCENT;PEASANT_MAN;uhfarm01;uhfarm01;base;Dale the Herder;;
UHFARM02;HUMANOID;HUMAN;INNOCENT;PEASANT_MAN;uhfarm02;uhfarm02;base;Groos the Herder;;
UHFARM03;HUMANOID;HUMAN;INNOCENT;PEASANT_WOMAN;uhfarm03;uhfarm03;base;Margie;;
UHFEM01;HUMANOID;HUMAN;INNOCENT;FAT_WOMAN;uhfem01;uhfem01;base;Mistress Eina;;
UHFEM02;HUMANOID;HUMAN;INNOCENT;PEASANT_WOMAN;uhfem02;uhfem02;base;Johanna;;
UHGIBB01;MONSTER;GIBBERLING;GIBBERLING;GIBBERLING;uhgibb01;uhgibb01;base;Diseased Gibberling;;
UHGIRL01;HUMANOID;HUMAN;INNOCENT;GIRL;uhgirl01;uhgirl01;base;Kaatje;;
UHINN01;HUMANOID;HUMAN;INNOCENT;FAT_MAN;uhinn01;uhinn01;base;Vincenzo the Innkeep;;
UHINN02;HUMANOID;HUMAN;INNOCENT;BOY;uhinn02;uhinn02;base;Willet the Stableboy;;
UHKID01;HUMANOID;HUMAN;FIGHTER;FIGHTER_MALE_HUMAN;uhkid01;uhkid01;base;Dirbert;;
UHKID02;HUMANOID;HALFLING;FIGHTER;FIGHTER_MALE_HALFLING;uhkid02;uhkid02;base;Valsben;;
UHKID03;HUMANOID;HUMAN;FIGHTER;FIGHTER_MALE_HUMAN;uhkid03;uhkid03;base;Neller;;
UHMAN01;HUMANOID;HUMAN;INNOCENT;PEASANT_MAN;uhman01;uhman01;base;Ander;;
UHMAN02;HUMANOID;HUMAN;FIGHTER;FIGHTER_MALE_HUMAN;uhman02;uhman02;base;Nelleck;;
UHMAY01;HUMANOID;HUMAN;INNOCENT;FAT_MAN;uhmay01;uhmay01;base;Minister Lloyd;;
UHMER01;HUMANOID;ELF;MAGE;MAGE_FEMALE_ELF;uhmer01;uhmer01;base;Elence Fielding;;
UHMER02;HUMANOID;GNOME;FIGHTER;FIGHTER_MALE_GNOME;uhmer02;uhmer02;base;Min Minling;;
UHMER03;HUMANOID;HUMAN;INNOCENT;FAT_MAN;uhmer03;uhmer03;base;Beherant Diir;;
UHOGRE01;GIANTHUMANOID;OGRE;OGRE;OGRE_MAGE;madulf;uhogre01;base;Madulf;Ogre;false
UHOGRE02;GIANTHUMANOID;OGRE;OGRE;OGRE;uhogre02;uhogre02;base;Ogre;Ogre;false
UHOGRE03;GIANTHUMANOID;GNOLL;GNOLL;MINOTAUR;uhogre03;uhogre03;base;Minotaur;;
UHOGRE04;HUMANOID;GNOLL;GNOLL;GNOLL;uhogre04;uhogre04;base;Gnoll;;
UHOGRE05;HUMANOID;ORC;ORC;ORC_ELITE_RANGE;uhogre05;uhogre05;base;Orc;;
UHOSTILE;MONSTER;SHADOW;SHADOW;RAT;UHOSTILE;;base;;Shadow;false
UHPAT01;HUMANOID;HUMAN;INNOCENT;STATIC_PEASANT_MAN_CHAIR;uhpat01;uhpat01;base;Travor;;
UHRANG01;HUMANOID;HALF_ELF;RANGER;SLEEPING_WOMAN_ELF;uhrang01;uhrang01;base;Merella;;
ULVARYL;UNDEAD;VAMPIRE;FIGHTER_THIEF;VAMPIRE_FEMALE;ulvaryl;vampire1;STRATAGEMS;Ulvaryl;;
UMBHUL01;MONSTER;UMBERHULK;UMBERHULK;UMBER_HULK;None;;base;Umber Hulk;;
UMBHUL02;MONSTER;UMBERHULK;UMBERHULK;UMBER_HULK;None;;base;Umber Hulk Elder;;
UNSEE;MONSTER;BEHOLDER;BEHOLDER;BEHOLDER;None;Unsee;base;The Unseeing Eye;;
URCHIN1;HUMANOID;HUMAN;INNOCENT;BOY;urchin1;urchin1;base;Boy;;
URCHIN2;HUMANOID;HUMAN;INNOCENT;GIRL;urchin2;urchin2;base;Girl;;
URCHIN3;HUMANOID;HUMAN;INNOCENT;BOY;None;urchin3;base;Boy;;
VAELAG;HUMANOID;GNOME;FIGHTER;FIGHTER_MALE_DWARF;Vaelag;vaelag;base;Vaelag;;
VAELASA;HUMANOID;FAIRY;FAIRY_DRYAD;SIRINE;vaelasa;vaelasa;base;Vaelasa;Hamadryad;true
VAELG01;HUMANOID;DWARF;FIGHTER;FIGHTER_MALE_DWARF;vaelg01;None;base;Vaelag's Guard;;
VAKFGT01;HUMANOID;HUMAN;FIGHTER;CLERIC_MALE_HUMAN;None;;base;Thug;;
VAKG01;HUMANOID;HUMAN;MAGE;MAGE_MALE_HUMAN;vakg01;vakg01;base;Mage;;
VAKG02;HUMANOID;HUMAN;FIGHTER;FIGHTER_FEMALE_HUMAN;vakg02;vakg02;base;Archer;;
VAKG03;HUMANOID;HUMAN;THIEF;THIEF_MALE_HUMAN;vakg03;vakg03;base;Thief;;
VAKG04;HUMANOID;HUMAN;PALADIN;FIGHTER_MALE_HUMAN;vakg04;vakg04;base;Goon;;
VAKMAG01;HUMANOID;HUMAN;MAGE;MAGE_MALE_HUMAN;korcrazy;None;base;Mage;;
VAKOLA;HUMANOID;HUMAN;CLERIC;CLERIC_MALE_HUMAN_LOW;Vakola;vakola;base;Vakola;;
VAKTHF01;HUMANOID;HUMAN;THIEF;THIEF_MALE_HUMAN;None;None;base;Thug;;
VALEMIST;MONSTER;MIST;MIST;BAT_INSIDE;None;None;base;Gaseous Form;;
VALMAG01;HUMANOID;HUMAN;MAGE;MAGE_MALE_HUMAN;valmag01;valmag01;base;Mage;;
VALMAG02;HUMANOID;HUMAN;MAGE;MAGE_MALE_HUMAN;valmag02;valmag02;base;Mage;;
VALMAG03;HUMANOID;HUMAN;MAGE;MAGE_MALE_HUMAN;valmag02;valmag02;base;Mage;;
VALRAN01;HUMANOID;ELF;RANGER;FIGHTER_MALE_ELF;valran01;valran01;base;Derrick;;
VALRAN02;HUMANOID;HUMAN;CLERIC;CLERIC_MALE_HUMAN;valran02;valran02;base;Ranger;;
VALRAN03;HUMANOID;HUMAN;RANGER;CLERIC_MALE_HUMAN_LOW;valran03;valran03;base;Ranger;;
VALYG11;HUMANOID;HUMAN;RANGER;FIGHTER_MALE_HUMAN;Valygar;Valygar;base;Valygar;;
VALYG12;HUMANOID;HUMAN;RANGER;FIGHTER_MALE_HUMAN;Valygar;Valygar;base;Valygar;;
VALYG14;HUMANOID;HUMAN;RANGER;FIGHTER_MALE_HUMAN;Valygar;Valyg25a;base;Valygar;;
VALYG8;HUMANOID;HUMAN;RANGER;FIGHTER_MALE_HUMAN;Valygar;Valygar;base;Valygar;;
VALYG9;HUMANOID;HUMAN;RANGER;FIGHTER_MALE_HUMAN;Valygar;Valygar;base;Valygar;;
VAMANC01;UNDEAD;VAMPIRE;FIGHTER_THIEF;VAMPIRE_FEMALE;vamanc01;None;STRATAGEMS;Ancient Vampire;;
VAMEMI01;UNDEAD;VAMPIRE;FIGHTER_THIEF;VAMPIRE_FEMALE;vamemi01;None;STRATAGEMS;Ancient Vampire;;
VAMFLF01;UNDEAD;VAMPIRE;FIGHTER_THIEF;VAMPIRE_FEMALE;None;None;STRATAGEMS;Fledgling Vampire;;
VAMFLM01;UNDEAD;VAMPIRE;FIGHTER_THIEF;VAMPIRE;None;None;STRATAGEMS;Fledgling Vampire;;
VAMMAT01;UNDEAD;VAMPIRE;FIGHTER_THIEF;VAMPIRE_FEMALE;VAMMAT01;None;STRATAGEMS;Vampire;;
VAMOLD01;UNDEAD;VAMPIRE;FIGHTER_THIEF;VAMPIRE_FEMALE;vamold01;None;STRATAGEMS;Elder Vampire;;
VAMPAER;UNDEAD;VAMPIRE;CLERIC_MAGE;MAGE_FEMALE_ELF;vampaer;vampaer;STRATAGEMS;Aerie;;
VAMPAMB;UNDEAD;VAMPIRE;FIGHTER_THIEF;VAMPIRE;None;None;STRATAGEMS;Vampire;;
VAMPANO;UNDEAD;VAMPIRE;CLERIC;FIGHTER_MALE_HUMAN;vampano;vampano;STRATAGEMS;Anomen;;
VAMPAT01;UNDEAD;VAMPIRE;FIGHTER_THIEF;VAMPIRE_FEMALE;None;None;STRATAGEMS;Ancient Vampire;;
VAMPBAT;UNDEAD;VAMPIRE;VAMPIRE;BAT_INSIDE;None;None;base;Vampire Bat;;
VAMPIF01;UNDEAD;VAMPIRE;FIGHTER_THIEF;VAMPIRE_FEMALE;None;None;STRATAGEMS;Vampire;;
VAMPIM01;UNDEAD;VAMPIRE;FIGHTER_THIEF;VAMPIRE;None;None;STRATAGEMS;Vampire;;
VAMPIRE1;UNDEAD;VAMPIRE;FIGHTER_THIEF;VAMPIRE;None;vampire1;STRATAGEMS;Ulvaryl;;
VAMPJAH;UNDEAD;VAMPIRE;FIGHTER_DRUID;FIGHTER_FEMALE_ELF;vampjah;vampjah;STRATAGEMS;Jaheira;;
VAMPM01;UNDEAD;VAMPIRE;FIGHTER_THIEF;VAMPIRE;None;None;STRATAGEMS;Vampire;;
VAMPVIC;UNDEAD;VAMPIRE;CLERIC;CLERIC_FEMALE_ELF;vampvic;vampvic;STRATAGEMS;Viconia;;
VAMPYF01;UNDEAD;VAMPYRE;VAMPYRE;VAMPIRE_FEMALE;vampyf01;None;d0questpack;Vampyre;;
VAMPYM01;UNDEAD;VAMPIRE;VAMPIRE;VAMPIRE;vampym01;None;d0questpack;Vampyre;;
VAMVER01;UNDEAD;VAMPIRE;FIGHTER_THIEF;VAMPIRE_FEMALE;vamver01;None;STRATAGEMS;Elder Vampire;;
VARA;HUMANOID;HALFLING;MAGE;CLERIC_FEMALE_HALFLING_LOW;vara;vara1;base;Vara Fentan;;
VBEARBL;ANIMAL;BEAR;BEAR_BLACK;BEAR_BLACK;None;;base;Black Bear;BlackBear;false
VBEARBR;ANIMAL;BEAR;BEAR_BROWN;BEAR_BROWN;None;;base;Brown Bear;BrownBear;false
VBEARCA;ANIMAL;BEAR;BEAR_CAVE;BEAR_CAVE;None;;base;Cave Bear;CaveBear;false
VESPER;HUMANOID;HUMAN;INNOCENT;GIRL;vesper;vesper;base;Vesper;;
VICG1;HUMANOID;HUMAN;CLERIC;CLERIC_MALE_HUMAN;Vicg;vicg1;base;Fanatic;;
VICG2;HUMANOID;HUMAN;RANGER;FIGHTER_MALE_HUMAN;Vicg;vicg2;base;Fanatic;;
VICG3;HUMANOID;HUMAN;FIGHTER;FIGHTER_MALE_HUMAN;Vicg;vicg3;base;Fanatic;;
VICONI11;HUMANOID;ELF;CLERIC;CLERIC_FEMALE_ELF;Viconia;viconi;base;Viconia;;
VICONI13;HUMANOID;ELF;CLERIC;CLERIC_FEMALE_ELF;Viconia;viconi;base;Viconia;;
VICONI16;HUMANOID;ELF;CLERIC;CLERIC_FEMALE_ELF;Viconia;vicon25a;base;Viconia;;
VICONI6;HUMANOID;ELF;CLERIC;CLERIC_FEMALE_ELF;Viconia;viconi;base;Viconia;;
VICONI8;HUMANOID;ELF;CLERIC;CLERIC_FEMALE_ELF;Viconia;viconi;base;Viconia;;
VICONI9;HUMANOID;ELF;CLERIC;CLERIC_FEMALE_ELF;Viconia;viconi;base;Viconia;;
VICPRI01;HUMANOID;ELF;CLERIC;DROW_FEMALE;vicpri01;yochlol;base;Handmaiden of Lolth;;
VICTOWN1;HUMANOID;HUMAN;INNOCENT;PEASANT_MAN;Victowna;victown1;base;Commoner;;
VICTOWN2;HUMANOID;HUMAN;INNOCENT;PEASANT_WOMAN;Victowna;victown2;base;Commoner;;
VICTOWN3;HUMANOID;HUMAN;INNOCENT;NOBLE_MAN;Victowna;victown3;base;Nobleman;;
VICTOWN4;HUMANOID;HUMAN;INNOCENT;NOBLE_WOMAN;Victowna;victown4;base;Noblewoman;;
VIEKANG;HUMANOID;HUMAN;THIEF;THIEF_MALE_HUMAN;viekang;viekang;base;Viekang;;
VOIEAS;HUMANOID;HUMAN;INNOCENT;MAGE_MALE_HUMAN;None;voieas;base;Voice of the East;;
VOINOR;HUMANOID;HUMAN;INNOCENT;MAGE_MALE_HUMAN;None;voinor;base;Voice of the North;;
VOISOU;HUMANOID;HUMAN;INNOCENT;MAGE_MALE_HUMAN;None;voisou;base;Voice of the South;;
VOIWES;HUMANOID;HUMAN;INNOCENT;MAGE_MALE_HUMAN;None;voiwes;base;Voice of the West;;
VORSQUIR;ANIMAL;NO_RACE;NO_CLASS;SQUIRREL;None;None;base;Vorpal Squirrel;;
VULFGT01;HUMANOID;HUMAN;FIGHTER;FIGHTER_MALE_HUMAN;vulfgt01;vulfgt01;base;Laen Torg;;
VULFGT02;HUMANOID;HALFLING;MAGE;CLERIC_MALE_HALFLING;vulfgt02;None;base;Vulova Wizard;;
VULOVA;HUMANOID;HUMAN;FIGHTER;NOBLE_MAN;Vulova;vulova;base;Senior Armagaran Vulova;;
VULTURE;ANIMAL;NO_RACE;NO_CLASS;VULTURE;None;None;base;;;
VVAMN1;HUMANOID;HUMAN;FIGHTER;FIGHTER_MALE_HUMAN;vvamn1;vvamn1;base;Amnian Soldier;;
VVAMN2;HUMANOID;HUMAN;FIGHTER;FIGHTER_MALE_HUMAN;vvamn2;vvamn2;base;Amnian Soldier;;
VVAMN3;HUMANOID;HUMAN;FIGHTER;FIGHTER_MALE_HUMAN;vvamn3;vvamn3;base;Amnian Soldier;;
VVARKAN;HUMANOID;HUMAN;FIGHTER_THIEF;THIEF_MALE_HUMAN;vvarkan;vvarkan;base;Arkanis Gath;;
VVBODHI;UNDEAD;VAMPIRE;FIGHTER_THIEF;BODHI;vvbodhi;vvbodhi;STRATAGEMS;Bodhi;;
VVCAT;HUMANOID;HUMAN;THIEF;THIEF_MALE_HUMAN;vvcat;vvcat;base;Shadow Thief;;
VVDEAD1;HUMANOID;HUMAN;THIEF;THIEF_MALE_HUMAN;vvdead1;vvdead1;base;Shadow Thief;;
VVDEAD2;HUMANOID;HUMAN;THIEF;THIEF_MALE_HUMAN;vvdead2;vvdead2;base;Shadow Thief;;
VVDEAD3;HUMANOID;HUMAN;THIEF;THIEF_FEMALE_HUMAN;vvdead3;vvdead3;base;Shadow Thief;;
VVDEL;UNDEAD;VAMPIRE;FIGHTER_THIEF;VAMPIRE_FEMALE;vvdel;vvdel;STRATAGEMS;Del;;
VVFEMAL1;UNDEAD;VAMPIRE;FIGHTER_THIEF;VAMPIRE_FEMALE;vvfemal1;vvmale5;STRATAGEMS;Vampire;;
VVFEMAL2;UNDEAD;VAMPIRE;FIGHTER_THIEF;VAMPIRE_FEMALE;vvfemal2;vvmale5;STRATAGEMS;Vampire;;
VVFEMAL3;UNDEAD;VAMPIRE;FIGHTER_THIEF;VAMPIRE_FEMALE;vvfemal3;vvmale5;STRATAGEMS;Vampire;;
VVHAREIS;UNDEAD;VAMPIRE;FIGHTER_THIEF;VAMPIRE_FEMALE;vvhareis;vvhareis;STRATAGEMS;Hareishan;;
VVHELP;HUMANOID;HUMAN;INNOCENT;FAT_MAN;vvhelp;vvhelp;base;Helpful Man;;
VVMADMAN;HUMANOID;HALFLING;THIEF;SHADOW_THIEF;vvmadman;vvmadman;base;Shadow Thief;;
VVMALE1;UNDEAD;VAMPIRE;FIGHTER_THIEF;VAMPIRE;vvmale1;vvmale1;STRATAGEMS;Vampire;;
VVMALE2;UNDEAD;VAMPIRE;FIGHTER_THIEF;VAMPIRE;vvmale2;vvmale2;STRATAGEMS;Vampire;;
VVMALE3;UNDEAD;VAMPIRE;FIGHTER_THIEF;VAMPIRE;vvmale3;vvmale3;STRATAGEMS;Vampire;;
VVMALE4;UNDEAD;VAMPIRE;FIGHTER_THIEF;VAMPIRE;vvmale4;vvmale4;STRATAGEMS;Vampire;;
VVMALE5;UNDEAD;VAMPIRE;FIGHTER_THIEF;VAMPIRE;vvmale5;vvmale5;STRATAGEMS;Vampire;;
VVMALE6;UNDEAD;VAMPIRE;FIGHTER_THIEF;VAMPIRE;vvmale6;vvmale5;STRATAGEMS;Vampire;;
VVMALE7;UNDEAD;VAMPIRE;FIGHTER_THIEF;VAMPIRE;vvmale7;vvmale5;STRATAGEMS;Vampire;;
VVPARIS;UNDEAD;VAMPIRE;FIGHTER_THIEF;VAMPIRE_FEMALE;vvparis;vvparis;STRATAGEMS;Parisa;;
VVPRIEST;HUMANOID;HUMAN;CLERIC;CLERIC_MALE_HUMAN;vvpriest;vvpriest;base;Priest of Talos;;
VVRYOKOI;HUMANOID;HUMAN;FIGHTER;THIEF_MALE_HUMAN;vvryokoi;vvryokoi;base;Ryokoi;;
VVSALIA;UNDEAD;VAMPIRE;FIGHTER_THIEF;VAMPIRE_FEMALE;vvsalia;vvsalia;STRATAGEMS;Salia;;
VVSANSUK;HUMANOID;HUMAN;FIGHTER;THIEF_MALE_HUMAN;vvsansuk;vvsansuk;base;Sansuki;;
VVSHAD1;HUMANOID;HUMAN;THIEF;THIEF_MALE_HUMAN;vvshad1;vvshad1;base;Shadow Thief;;
VVSHAD10;HUMANOID;HALFLING;THIEF;THIEF_FEMALE_HALFLING;vvshad10;vvshad7;base;Shadow Thief;;
VVSHAD11;HUMANOID;HUMAN;THIEF;THIEF_MALE_HUMAN;vvshad11;vvshad7;base;Shadow Thief;;
VVSHAD12;HUMANOID;HUMAN;THIEF;THIEF_MALE_HUMAN;vvshad12;vvshad7;base;Shadow Thief;;
VVSHAD2;HUMANOID;GNOME;THIEF;THIEF_MALE_DWARF;vvshad2;vvshad1;base;Shadow Thief;;
VVSHAD3;HUMANOID;HUMAN;THIEF;THIEF_FEMALE_HUMAN;vvshad3;vvshad1;base;Shadow Thief;;
VVSHAD4;HUMANOID;HUMAN;THIEF;THIEF_MALE_HUMAN;vvshad4;vvshad4;base;Shadow Thief;;
VVSHAD5;HUMANOID;HUMAN;FIGHTER_THIEF;THIEF_MALE_HUMAN;vvshad5;;base;Shadow Thief;;
VVSHAD6;HUMANOID;HUMAN;FIGHTER_THIEF;THIEF_MALE_HUMAN;vvshad6;vvshad6;base;Shadow Thief;;
VVSHAD7;HUMANOID;HUMAN;THIEF;THIEF_FEMALE_HUMAN;vvshad7;vvshad7;base;Shadow Thief;;
VVSHAD8;HUMANOID;HUMAN;THIEF;THIEF_MALE_HUMAN;vvshad8;vvshad7;base;Shadow Thief;;
VVSHAD9;HUMANOID;GNOME;THIEF;THIEF_FEMALE_DWARF;vvshad9;vvshad7;base;Shadow Thief;;
VVSTAND1;HUMANOID;HUMAN;INNOCENT;PEASANT_MAN;vvstand1;vvstand1;base;Peasant;;
VVSTAND2;HUMANOID;HUMAN;INNOCENT;PEASANT_MAN;vvstand2;vvstand2;base;Peasant;;
VVSTAND3;HUMANOID;HUMAN;INNOCENT;PEASANT_WOMAN;vvstand3;vvstand3;base;Peasant;;
VVTANOV;UNDEAD;VAMPIRE;FIGHTER_THIEF;VAMPIRE_FEMALE;vvtanov;vvtanov;STRATAGEMS;Tanova;;
WALLA;HUMANOID;GNOME;CLERIC;CLERIC_MALE_DWARF_LOW;WALLA;wall1;base;Wallace;;
WARSAGE;HUMANOID;ELF;MAGE;MAGE_MALE_ELF;warsage;warsage;base;Elven War Sage;;
WASLEEP;HUMANOID;HUMAN;INNOCENT;FIGHTER_MALE_HUMAN;None;Wasleep;base;Watcher;;
WATCH;HUMANOID;HUMAN;INNOCENT;FIGHTER_MALE_HUMAN;None;watch;base;Watcher;;
WATCH2;HUMANOID;HUMAN;INNOCENT;FIGHTER_MALE_HUMAN;None;watch2;base;Watcher;;
WATCH3;HUMANOID;HUMAN;INNOCENT;FIGHTER_MALE_HUMAN;None;watch2;base;Watcher;;
WATCH6;HUMANOID;HUMAN;INNOCENT;FIGHTER_MALE_HUMAN;None;watch6;base;Watcher;;
WATCH9;HUMANOID;HUMAN;INNOCENT;FIGHTER_MALE_HUMAN;None;watch9;base;Watcher;;
WAUKLEO;ANIMAL;CAT;HUNTER_CREATURE;GREATCAT_LEOPARD;None;;base;Leopard;Leopard;false
WAUKMOO;ANIMAL;NO_RACE;NO_CLASS;MOOSE;moose01;;base;Moose;;
WAUKNI01;HUMANOID;HUMAN;FIGHTER;FIGHTER_MALE_HUMAN;waukni01;waukni01;base;Waukeenar Knight;;
WAUKSNA;ANIMAL;NO_RACE;NO_CLASS;SNAKE;snake01;None;base;Snake;;
WAUKSQU;ANIMAL;NO_RACE;FOOD_CREATURE;SQUIRREL;ANbelka;None;HERTHIMONEY;Squirrel;;
WAYLANE;HUMANOID;ELF;THIEF;THIEF_MALE_ELF;None;waylane;base;Waylane;;
WCUST01;HUMANOID;HUMAN;INNOCENT;NOBLE_MAN;wcust01;Wcust01;base;Count Claylan;;
WCUST02;HUMANOID;HUMAN;INNOCENT;NOBLE_WOMAN;wcust02;Wcust02;base;Debutante Alicia;;
WCUST03;HUMANOID;HUMAN;INNOCENT;FAT_MAN;wcust03;Wcust03;base;Largo;;
WCUST04;HUMANOID;HUMAN;INNOCENT;FAT_WOMAN;wcust04;Wcust04;base;Customer;;
WCUST05;HUMANOID;HUMAN;INNOCENT;NOBLE_WOMAN;None;Wcust05;base;Lady Lasalla;;
WELLYN;UNDEAD;HALFLING;NO_CLASS;BOY;None;Wellyn;base;Wellyn;;
WELTHER;HUMANOID;HUMAN;INNOCENT;NOBLE_MAN;Welther;Welther;base;Welther;;
WENCH1;HUMANOID;HUMAN;INNOCENT;HARLOT_WOMAN;None;wench1;base;Tavern Wench;;
WEREGR01;MONSTER;LYCANTHROPE;WEREWOLF;WEREWOLF_GREATER;None;None;STRATAGEMS;Greater Werewolf;;
WEREGRDR;MONSTER;LYCANTHROPE;WEREWOLF;WEREWOLF_GREATER;None;None;STRATAGEMS;Greater Werewolf;;
WEREWO01;MONSTER;LYCANTHROPE;WEREWOLF;WEREWOLF;None;None;STRATAGEMS;Werewolf;;
WEREWODR;MONSTER;LYCANTHROPE;WEREWOLF;WEREWOLF;None;None;STRATAGEMS;Werewolf;;
WEREWYV1;MONSTER;LYCANTHROPE;WYVERN;THIEF_MALE_HUMAN;werewyv1;werewyv1;STRATAGEMS;Ekim Cyre;;
WEREWYV2;MONSTER;LYCANTHROPE;WYVERN;THIEF_MALE_HUMAN;werewyv2;werewyv1;STRATAGEMS;Ekim Cyre;;
WILDZONE;HUMANOID;SAHUAGIN;SAHUAGIN;DOOM_GUARD;None;;base;;;
WILKID01;HUMANOID;HUMAN;INNOCENT;BOY;None;wilkid01;base;Beggar Child;;
WILKID02;HUMANOID;HUMAN;INNOCENT;GIRL;None;Wilkid02;base;Beggar Child;;
WILLIA;HUMANOID;HUMAN;INNOCENT;NOBLE_MAN;willia;willia;base;Sir William of Thorpe;;
WILLIAM;HUMANOID;HUMAN;PALADIN;CLERIC_MALE_HUMAN_LOW;NobleOrder;knight;base;Sir Branet Al-Thon;;
WILMAT;HUMANOID;HUMAN;CLERIC;CLERIC_FEMALE_HUMAN;wilmat;wilmat;SIRENE_BG2;Priestess of Ilmater;;
WILSON13;ANIMAL;BEAR;FIGHTER;BEAR_BROWN;WILSON;WILSON25;HERTHIMONEY;Wilson;BrownBear;false
WILSON9;ANIMAL;BEAR;FIGHTER;BEAR_BROWN;WILSON;WILSON;base;Grizzly Bear;BrownBear;false
WINNKEEP;HUMANOID;HUMAN;INNOCENT;FAT_MAN;None;winnkeep;base;Pugney;;
WINTHR2;HUMANOID;HUMAN;INNOCENT;FAT_MAN;None;winthr2;base;Winthrop;;
WINTHR3;MONSTER;DOPPLEGANGER;DOPPLEGANGER;FAT_MAN;None;winthr3;STRATAGEMS;Winthrop;;
WISH01;GIANTHUMANOID;GENIE;GENIE_DAO;DJINNI;WISH01;wish;d0questpack;Djinni;;
WISH02;GIANTHUMANOID;GENIE;GENIE_DAO;DJINNI;Wish02;wish25;base;Djinni;;
WIZEYE;ANIMAL;WRAITH;WIZARD_EYE;WIZARD_EYE;wizeye;;base;Wizard Eye;;
WMART1;HUMANOID;HUMAN;INNOCENT;NOBLE_MAN;walmart1;wmart1;base;Joluv;;
WMART2;HUMANOID;HUMAN;INNOCENT;NOBLE_WOMAN;walmart2;WMART2;base;Deidre;;
WOLF01;ANIMAL;WOLF;HUNTER_CREATURE;WOLF;None;;base;Wolf;Wolf;false
WOLFCHAR;MONSTER;WOLF;WOLF_DREAD;WOLF;None;;base;Wolf;DreadWolf;false
WOLFDI;ANIMAL;WOLF;WOLF_DIRE;WOLF_DIRE;wolfdi;;base;Dire Wolf;DireWolf;true
WOLFDI01;ANIMAL;WOLF;WOLF_DIRE;WOLF_DIRE;None;;base;Dire Wolf;DireWolf;false
WOLFDISU;ANIMAL;WOLF;WOLF_DIRE;WOLF_DIRE;None;;base;Dire Wolf;DireWolf;true
WOLFDR01;MONSTER;WOLF;WOLF_DREAD;WOLF_DREAD;None;;base;Dread Wolf;DreadWolf;false
WOLFGR01;MONSTER;LYCANTHROPE;WOLFWERE;WEREWOLF_GREATER;GreaterWolf;None;STRATAGEMS;Greater Wolfwere;;
WOLFSU;ANIMAL;WOLF;WOLF;WOLF;None;;base;Wolf;Wolf;true
WOLFVA01;UNDEAD;WOLF;WOLF_VAMPIRIC;WOLF_VAMPIRIC;None;;base;Vampiric Wolf;VampiricWolf;false
WOLFWE01;MONSTER;LYCANTHROPE;WEREWOLF;WEREWOLF;None;None;STRATAGEMS;Wolfwere;;
WOLFWE02;MONSTER;LYCANTHROPE;WOLFWERE;WEREWOLF;None;None;STRATAGEMS;Wolfwere;;
WOLFWI01;ANIMAL;WOLF;WOLF_WINTER;WOLF_WINTER;None;;base;Winter Wolf;WinterWolf;false
WOLFWISU;ANIMAL;WOLF;WOLF_WINTER;WOLF_WINTER;None;;base;Winter Wolf;WinterWolf;true
WOLFWO01;ANIMAL;WOLF;WOLF_WORG;WOLF_WORG;None;;base;Worg;Worg;false
WOLFWWSU;ANIMAL;WOLF;WOLF_WINTER;WOLF_WINTER;None;;base;Winter Wolf;WinterWolf;true
WOLFZO01;UNDEAD;WOLF;WOLF;WOLF_DREAD;None;;base;Zombie Wolf;Wolf;false
WORGSU;ANIMAL;WOLF;WOLF_WORG;WOLF_WORG;None;;base;Worg;Worg;true
WORKER01;HUMANOID;HUMAN;FIGHTER;FIGHTER_MALE_HUMAN;Worker01;Worker01;base;Laborer;;
WORKER02;HUMANOID;HUMAN;FIGHTER;FIGHTER_FEMALE_HUMAN;None;Worker02;base;Laborer;;
WPCUST1;HUMANOID;HUMAN;INNOCENT;STATIC_PEASANT_MAN_STOOL;wpcust1;wpcust1;base;Peasant;;
WPCUST2;HUMANOID;HUMAN;INNOCENT;STATIC_PEASANT_MAN_CHAIR;wpcust2;wpcust2;base;Drunk;;
WPWENCH1;HUMANOID;HUMAN;INNOCENT;HARLOT_WOMAN;wpwench1;wpwench1;base;Tavern Wench;;
WRAITH01;UNDEAD;WRAITH;WRAITH;SHADOW;None;None;base;Wraith;;
WRAITHSU;UNDEAD;WRAITH;WRAITH;GHAST;None;;base;Wraith;;
WRASHI01;UNDEAD;WRAITH;WRAITH;MAGE_MALE_HUMAN;None;None;base;Shimmering Wraith;;
WRMONS01;MONSTER;SALAMANDER;ELEMENTAL_FIRE;SALAMANDER_FIRE;None;None;base;Salamander;;
WSMITH01;HUMANOID;DWARF;FIGHTER;MAGE_MALE_DWARF;wsmith01;wsmith01;base;Cromwell;;
WSMITH02;HUMANOID;NO_RACE;NO_CLASS;DOOM_GUARD;None;None;base;Forge;;
WULFGAR;HUMANOID;HUMAN;INNOCENT;FIGHTER_MALE_HUMAN;None;None;base;Wulfgar;;
WWENCH;HUMANOID;HUMAN;INNOCENT;PEASANT_WOMAN;None;wwench;base;Rebecca;;
WYVBAB01;MONSTER;WYVERN;WYVERN;WYVERN;Wyvern;;base;Baby Wyvern;BabyWyvern;false
WYVERN01;MONSTER;WYVERN;WYVERN;WYVERN_BIG;Wyvern;;base;Wyvern;Wyvern;false
WYVERNSU;MONSTER;WYVERN;WYVERN;WYVERN_BIG;None;;base;Wyvern;Wyvern;true
WYVFIGHT;HUMANOID;HUMAN;FIGHTER;FIGHTER_MALE_HUMAN;wyvfight;None;base;Wyvern Cultist;;
WYVGRE01;MONSTER;WYVERN;WYVERN;WYVERN_BIG;Wyvern;;base;Greater Wyvern;Wyvern;false
WYVMAG14;HUMANOID;HUMAN;MAGE;MAGE_MALE_HUMAN;wyvmag14;;base;Wyvern Cultist;;
XAPPREN1;HUMANOID;HUMAN;MAGE;MAGE_MALE_HUMAN;XAppren1;xappren1;base;Prebek;;
XAPPREN2;HUMANOID;HUMAN;MAGE;MAGE_FEMALE_HUMAN;XAppren2;xappren2;base;Sanasha;;
XGHAST1;UNDEAD;GHOUL;GHOUL_GHAST;GHAST;XMonsters;;base;Ghast;Ghast;true
XGHAST2;UNDEAD;GHOUL;GHOUL_GHAST;GHAST;XMonsters;;base;Ghast;Ghast;true
XGOLEM;GIANTHUMANOID;GOLEM;GOLEM_FLESH;A7!GOLEM_FLESH_PST;XMonsters;;A7-GOLEMCONSTRUCTION;Flesh Golem;FleshGolem;false
XVART01;HUMANOID;KOBOLD;KOBOLD_XVART;KOBOLD_XVART;None;;base;Xvart;;
XVARTSU;HUMANOID;KOBOLD;KOBOLD_XVART;KOBOLD_XVART;None;;base;Xvart Protector;;
XZAR;HUMANOID;HUMAN;MAGE;MAGE_MALE_HUMAN;Lyros;LYROS;base;Xzar;;
YAGA01;GIANTHUMANOID;GIANT;FIGHTER;GIANT_FIRE;yaga01;yaga01;base;Yaga-Shura;;
YAGA02;HUMANOID;HUMAN;MAGE;MAGE_FEMALE_HUMAN;yaga02;None;base;Lieutenant Mage;;
YAGA03;HUMANOID;HUMAN;FIGHTER;FIGHTER_MALE_HUMAN;yaga03;None;base;Lieutenant Fighter;;
YAGA04;HUMANOID;HUMAN;CLERIC;CLERIC_MALE_HUMAN;yaga04;None;base;Lieutenant Cleric;;
YAGA05;HUMANOID;ELF;THIEF;THIEF_FEMALE_ELF;yaga05;None;ctb;Lieutenant Thief;;
YAGASPIR;GIANTHUMANOID;GIANT;FIGHTER;GIANT_FIRE;yagaspir;yaga02;base;Yaga-Shura;;
YARIN;HUMANOID;HUMAN;THIEF;THIEF_MALE_HUMAN;yarin;yarin;base;Yarin;;
YARMY01;HUMANOID;HUMAN;FIGHTER;FIGHTER_FEMALE_HUMAN;yarmy;None;base;Fighter;;
YARMY02;HUMANOID;HALF_ELF;FIGHTER;FIGHTER_FEMALE_ELF;yarmy;None;base;Archer;;
YARMY03;HUMANOID;ELF;MAGE;MAGE_MALE_ELF;yarmy;;base;Mage;;
YOCHLO01;GIANTHUMANOID;DEMONIC;NO_CLASS;TANARRI;yocklol;yocklol;base;Yochlol;;
YOSHI10;HUMANOID;HUMAN;THIEF;THIEF_MALE_HUMAN;Yoshimo;yoshimo;base;Yoshimo;;
YOSHI11;HUMANOID;HUMAN;THIEF;THIEF_MALE_HUMAN;Yoshimo;yoshimo;base;Yoshimo;;
YOSHI12;HUMANOID;HUMAN;THIEF;THIEF_MALE_HUMAN;Yoshimo;yoshimo;base;Yoshimo;;
YOSHI7;HUMANOID;HUMAN;THIEF;THIEF_MALE_HUMAN;Yoshimo;yoshimo;base;Yoshimo;;
YOSHI8;HUMANOID;HUMAN;THIEF;THIEF_MALE_HUMAN;Yoshimo;yoshimo;base;Yoshimo;;
YSCARA01;HUMANOID;HUMAN;INNOCENT;NOBLE_MAN;yscara01;yscara01;base;Merchant;;
YSCARA02;HUMANOID;HUMAN;INNOCENT;FAT_MAN;yscara02;yscara01;base;Merchant;;
YSCARA03;GIANTHUMANOID;GIANT;FIGHTER;GIANT_FIRE;yscara03;yscara03;base;Fire Giant;;
YSCARA04;GIANTHUMANOID;ELEMENTAL;ELEMENTAL_FIRE;ELEMENTAL_FIRE;yscara04;yscara04;base;Greater Fire Elemental;;
YSCARA05;HUMANOID;HUMAN;FIGHTER;FIGHTER_MALE_HUMAN;yscara03;yscara01;base;Merchant;;
YSFIRE01;HUMANOID;GIANT;FIGHTER;GIANT_FIRE;ysextra2;;ctb;Fire Giant;;
YSFIRE02;HUMANOID;GIANT;FIGHTER;GIANT_FIRE;ysextra3;;ctb;Fire Giant;;
YSG2;GIANTHUMANOID;GIANT;FIGHTER;GIANT_FIRE;hgwar01;None;base;Fire Giant;;
YSGP01;HUMANOID;KOBOLD;FIGHTER;KOBOLD_XVART;ysgp01;None;base;Toop the Brave;;
YSGP02;HUMANOID;KOBOLD;FIGHTER;KOBOLD;ysgp02;None;base;Merlinious;;
YSGP03;HUMANOID;KOBOLD;RANGER;GOBLIN_ELITE_BOW;ysgp03;None;base;Tibbit;;
YSGP04;HUMANOID;RABBIT;MAGE;RABBIT;ysgp04;None;base;Chinchilla;;
YSGP05;MONSTER;LYCANTHROPE;WOLFWERE;WEREWOLF_GREATER;ysgp05;None;STRATAGEMS;Chinchilla;;
YSGRUNT;HUMANOID;HUMAN;FIGHTER;FIGHTER_MALE_HUMAN;ysgrunt;ysgrunt;base;Yaga-Shura Soldier;;
YSGUAR01;GIANTHUMANOID;GIANT;FIGHTER;GIANT_FIRE;ysguar01;ysguar01;base;Fire Giant;;
YSGUAR02;HUMANOID;HUMAN;FIGHTER;FIGHTER_MALE_HUMAN;ysguar02;ysguar02;base;Yaga-Shura Soldier;;
YSGUAR03;HUMANOID;HUMAN;MAGE;MAGE_MALE_HUMAN;ysguar03;ysguar03;base;Yaga-Shura Mage;;
YSGUAR04;HUMANOID;HUMAN;FIGHTER;FIGHTER_MALE_HUMAN;ysguar04;ysguar04;base;Yaga-Shura Soldier;;
YSGUAR05;HUMANOID;HUMAN;FIGHTER;FIGHTER_MALE_HUMAN;ysguar05;ysguar05;base;Yaga-Shura Soldier;;
YSGUAR06;HUMANOID;HUMAN;FIGHTER;FIGHTER_MALE_HUMAN;ysguar06;ysguar06;base;Yaga-Shura Officer;;
YSMAGE01;HUMANOID;HUMAN;MAGE;MAGE_MALE_HUMAN;ysextra2;ysmage01;base;Yaga-Shura Mage;;
YSMAGE02;HUMANOID;ELF;MAGE;MAGE_FEMALE_HUMAN;ysextra3;ysmage02;base;Yaga-Shura Mage;;
YSPEAS01;HUMANOID;HUMAN;INNOCENT;FAT_MAN;yspeas;yspeas01;base;Peasant;;
YSPEAS02;HUMANOID;HUMAN;INNOCENT;PEASANT_MAN;yspeas;yspeas02;base;Peasant;;
YSPEAS03;HUMANOID;HUMAN;INNOCENT;PEASANT_WOMAN;yspeas;yspeas03;base;Peasant;;
YSSOLD01;HUMANOID;HUMAN;FIGHTER;FIGHTER_MALE_HUMAN;ysextra1;;ctb;Yaga-Shura Soldier;;
YSSOLD02;HUMANOID;ORC;ORC;ORC_ELITE_RANGE;ysextra1;;ctb;Yaga-Shura Soldier;;
YSSOLD03;HUMANOID;HUMAN;FIGHTER;FIGHTER_MALE_HUMAN;ysextra2;;ctb;Yaga-Shura Officer;;
YSSOLD04;HUMANOID;HUMAN;FIGHTER;FIGHTER_MALE_HUMAN;ysextra3;;ctb;Yaga-Shura Elite;;
YSSOLD10;GIANTHUMANOID;GIANT;FIGHTER;GIANT_FIRE;yssold10;ysguar01;base;Fire Giant;;
YSSOLD12;HUMANOID;HUMAN;FIGHTER;FIGHTER_MALE_HUMAN_LOW;yssold12;ysguar02;base;Yaga-Shura Soldier;;
YSSOLD13;HUMANOID;HUMAN;FIGHTER;FIGHTER_MALE_HUMAN;yssold13;;base;Yaga-Shura Soldier;;
YSSOLD14;HUMANOID;HUMAN;MAGE;MAGE_MALE_HUMAN;yssold14;;base;Yaga-Shura Mage;;
YSSOLD15;HUMANOID;HUMAN;FIGHTER;FIGHTER_MALE_HUMAN;yssold15;;base;Yaga-Shura Officer;;
YSSOLD16;HUMANOID;HUMAN;CLERIC;CLERIC_FEMALE_HUMAN_LOW;yssold16;;base;Cleric Of Talos;;
YUSEF;HUMANOID;HUMAN;FIGHTER;FIGHTER_MALE_HUMAN;Yusef;yusuf;base;Yusef;;
ZAVIERA;HUMANOID;HUMAN;INNOCENT;SLEEPING_WOMAN_HUMAN;zaviera;zaviera;base;Zaviera;;
ZILARC01;HUMANOID;ELF;CLERIC;CLERIC_MALE_ELF_LOW;zilarc01;;ctb;Black Reaver;;
ZILFGT01;MONSTER;OGRE;FIGHTER;OROG_CHIEFTAIN;zilfgt02;zilfgt02;ctb;Black Reaver;OgreBerserker;false
ZILFGT02;HUMANOID;HUMAN;FIGHTER;FIGHTER_MALE_HUMAN;zilfgt02;zilfgt02;ctb;Black Reaver;;
ZILMAG01;HUMANOID;HUMAN;MAGE;MAGE_MALE_HUMAN;zilmag01;zilmag01;base;Black Reaver;;
ZOMBIE01;UNDEAD;ZOMBIE;NO_CLASS;ZOMBIE;None;zombie;base;Zombie;;
ZOMBJU01;UNDEAD;ZOMBIE;ZOMBIE_NORMAL;ZOMBIE;None;zombie;base;Zombie;;
ZOMBLO01;UNDEAD;GHOUL;GHOUL_GHAST;ZOMBIE;None;theshal;base;Zombie Lord;Ghast;false
ZOMBSE01;UNDEAD;ZOMBIE;NO_CLASS;ZOMBIE;None;zombie;base;Sea Zombie;;
ABAZDG02;MONSTER;DRAGON;RED_DRAGON;DRAGON_PURPLE;abazdg02;abazdg02;ascension;Tamah;;
BALELIT1;HUMANOID;HUMAN;MONK;MONK_MALE_HUMAN;balelit1;None;ascension;Adherent;;
BALELIT2;HUMANOID;HUMAN;MONK;MONK_MALE_HUMAN;balelit2;None;ascension;Adherent;;
BALELIT3;HUMANOID;HUMAN;MONK;MONK_MALE_HUMAN;balelit3;None;ascension;Adherent;;
BALELIT4;HUMANOID;HUMAN;MONK;MONK_MALE_HUMAN;balelit4;None;ascension;Adherent;;
BALTH2;HUMANOID;HUMAN;MONK;MONK_MALE_HUMAN;balth2;balth2;ascension;Balthazar;;
DRAKE01;MONSTER;DRAGON;WYVERN;WYVERN_BIG;drake01;drake01;ascension;Fire Drake;;
DRAKE02;MONSTER;DRAGON;WYVERN;WYVERN_BIG;drake01;drake01;ascension;Shadow Drake;;
DRAKE03;MONSTER;DRAGON;WYVERN;WYVERN_BIG;drake01;drake01;ascension;Ice Drake;;
DRAKE04;MONSTER;DRAGON;WYVERN;WYVERN_BIG;drake01;drake01;ascension;Earth Drake;;
FINABAZ;MONSTER;DRAGON;FIGHTER_MAGE;FIGHTER_MALE_HUMAN;finabaz;;STRATAGEMS;Abazigal;;
FINABSPY;HUMANOID;NO_RACE;NO_CLASS;BIRD;cutspy;None;ascension;;;
FINALUF;HUMANOID;DEMONIC;MAGE;FIGHTER_FEMALE_ELF;finaluf;None;ascension;Alu-Fiend;;
FINBABAU;MONSTER;DEMONIC;THIEF;LICH_BLACK;finbabau;None;ascension;Babau;;
FINBALOR;MONSTER;DEMONIC;TANARI;TANARRI;finbalor;;ascension;Balor;;
FINBALTH;HUMANOID;HUMAN;MONK;MONK_MALE_HUMAN;finbalth;;ascension;Balthazar;;
FINBODH;UNDEAD;VAMPIRE;FIGHTER_THIEF;BODHI;finbodh;finbodh;STRATAGEMS;Bodhi;;
FINCAMB2;MONSTER;DEMONIC;FIGHTER;FIGHTER_MALE_ELF;fincamb2;;ascension;Cambion;;
FINGLAB;MONSTER;DEMONIC;TANARI;GLABREZU;finglab;None;ascension;Glabrezu;;
FINGROM;HUMANOID;HALFORC;FIGHTER;FIGHTER_MALE_HALFORC;fingrom;;ascension;Gromnir Il-Khan;;
FINGRUN1;HUMANOID;HUMAN;FIGHTER;FIGHTER_MALE_HUMAN;fingrun1;ysgrunt;ascension;Yaga-Shura Soldier;;
FINGRUN2;HUMANOID;HUMAN;FIGHTER;FIGHTER_MALE_HUMAN;fingrun2;ysgrunt;ascension;Yaga-Shura Soldier;;
FINGRUN3;HUMANOID;HUMAN;FIGHTER;FIGHTER_MALE_HUMAN;fingrun3;ysgrunt;ascension;Yaga-Shura Soldier;;
FINGTEST;HUMANOID;DWARF;FIGHTER;FIGHTER_MALE_DWARF;DuegarClanChief;ilyich;ascension;Ilyich;;
FINILLA;HUMANOID;ELF;RANGER;FIGHTER_FEMALE_HUMAN_LOW;finilla;;ascension;Illasera;;
FINIMOEN;HUMANOID;HUMAN;MAGE_THIEF;MAGE_FEMALE_HUMAN;Imoen2;imoen25p;CDTWEAKS;Imoen;;
FINIREN;HUMANOID;ELF;MAGE;JON_IRENICUS;finiren;irenic2;ascension;Jon Irenicus;;
FINMARIL;MONSTER;DEMONIC;TANARI;MARILITH;finmaril;;ascension;Marilith;;
FINNABAS;MONSTER;DEMONIC;TANARI;FIEND_GREEN;finnabas;None;STRATAGEMS;Nabassu;;
FINRAVER;GIANTHUMANOID;LICH;MIST;RAVER;slayer;;ascension;Slayer;;
FINSARE2;HUMANOID;HUMAN;SAREVOK;SAREVOK;finsare2;finsare2;ascension;Sarevok;;
FINSAREV;HUMANOID;HUMAN;SAREVOK;SAREVOK;finsarev;finsarev;ascension;Sarevok;;
FINSEND;HUMANOID;ELF;CLERIC_MAGE;CLERIC_FEMALE_ELF;finsend;;ascension;Sendai;;
FINSOLA2;MONSTER;DEMONIC;NO_CLASS;DEVA_MONADIC;finsola2;None;ascension;Fallen Solar;;
FINSOLA3;MONSTER;DEMONIC;NO_CLASS;DEVA_MONADIC;finsola3;None;ascension;Fallen Solar;;
FINSOLAR;MONSTER;DEMONIC;NO_CLASS;DEVA_MONADIC;finsolar;None;ascension;Fallen Solar;;
FINSUCC;MONSTER;DEMONIC;TANARI;SIRINE;finsucc;;ascension;Succubus;;
FINYAGA;GIANTHUMANOID;GIANT;FIGHTER;GIANT_FIRE;finyaga;;ascension;Yaga-Shura;;
GROMMIN;MONSTER;GIANT;CLERIC;MINOTAUR;grommin;;ascension;Minotaur Battle Priest;;
JUMJUM;MONSTER;HUMAN;BASILISK_GREATER;SIRINE;basilisk;;ascension;Il-Khan Medusa;;
MELRAT;KEY;NO_RACE;NO_CLASS;RAT;melrat;None;ascension;;;
PPGUY02;MONSTER;NO_RACE;TANARI;BIRD;ppguy02;ppguy02;ascension;;;
RAMAZ;ANIMAL;CAT;HUNTER_CREATURE;GREATCAT_LEOPARD;ramaz;;ascension;Ramazith;Leopard;false
YSCLER01;HUMANOID;HUMAN;CLERIC;CLERIC_FEMALE_HUMAN_LOW;ysextra2;;ascension;Yaga-Shura Cleric;;
25SPELL;HUMANOID;HUMAN;INNOCENT;MONK;25spell;25spell;ub;Lazarus Librarus;;
A#FERA01;ANIMAL;DOG;DOG_WILD;DOG_WILD;;;ub;Wild Dog;WildDog;false
A#FERA02;ANIMAL;WOLF;WOLF;WOLF;None;;ub;Wolf;Wolf;false
A#FERA03;ANIMAL;WOLF;WOLF_DIRE;WOLF_DIRE;None;;ub;Dire Wolf;DireWolf;false
A#FERA04;ANIMAL;WOLF;WOLF_DIRE;WOLF_DIRE;None;;ub;Pack Leader;DireWolf;false
GREYHAND;HUMANOID;HUMAN;FIGHTER_CLERIC;CLERIC_MALE_HUMAN;GREYHAND;GREYHAND;ub;Greyhand;;
JELOLI01;MONSTER;SLIME;OLIVE_SLIME;SLIME_OLIVE;jeloli01;;ub;Olive Slime;OliveSlimeCreature;false
O#HABOD1;HUMANOID;HUMAN;FIGHTER;AMNIAN_SOLDIER;o#habod1;o#habod1;ub;Amnian Bodyguard;;
O#HABOD2;HUMANOID;HUMAN;FIGHTER;AMNIAN_SOLDIER;o#habod2;o#habod2;ub;Amnian Bodyguard;;
O#HAJAN;HUMANOID;HUMAN;MAGE;MAGE_MALE_HUMAN;o#hajan;o#hajan;ub;Janos;;
O#HALIE1;HUMANOID;HUMAN;INNOCENT;AMNIAN_SOLDIER;o#halie1;o#halie1;ub;Amnian Soldier;;
O#HALIE2;HUMANOID;HUMAN;INNOCENT;AMNIAN_SOLDIER;o#halie2;o#halie2;ub;Amnian Soldier;;
O#HALIEU;HUMANOID;HUMAN;FIGHTER;AMNIAN_SOLDIER;o#halieu;o#halieu;ub;Amnian Centurion;;
O#HAPRI;HUMANOID;HUMAN;FIGHTER;FIGHTER_MALE_HUMAN;o#hapri;o#hapri;ub;Prison Guard;;
U!KDEAD;HUMANOID;LEATHER;SHADOW;MAGE_MALE_GNOME;U!Kdead;U!KDEAD;ub;Kalah's Spirit;;
U!KGEN;GIANTHUMANOID;GENIE;GENIE_DAO;DJINNI;U!Kgen;U!KGEN;ub;Genie;;
U!KGIRL;HUMANOID;HUMAN;INNOCENT;GIRL;U!KGirl;U!KGIRL;ub;Myara;;
U!KIMOEN;HUMANOID;HUMAN;INNOCENT;GIRL;U!KImoen;U!KImoen;ub;Imoen Cartesen;;
U!KJAF;HUMANOID;RAKSHASA;RAKSHASA;MAGE_MALE_HUMAN;U!Kjaf;U!KJAF;ub;Jafir;;
U!KRAIS;HUMANOID;LEATHER;INNOCENT;MAGE_MALE_GNOME;U!krais;U!KRAIS;ub;Kalah;;
WWARRO1;HUMANOID;HUMAN;FIGHTER;FIGHTER_MALE_HUMAN;wwarro1;None;ub;De'Lyl Guardsman;;
WWARRO2;HUMANOID;HUMAN;FIGHTER;FIGHTER_MALE_HUMAN;wwarro2;None;ub;De'Lyl Guardsman;;
WWBILLY;HUMANOID;HUMAN;NO_CLASS;BOY;wwbill;WWBILL;ub;Billy;;
WWCOWL1;HUMANOID;HUMAN;MAGE;MONK;wwcowl1;wwcowl1;ub;Cowled Enforcer;;
WWCOWL2;HUMANOID;HUMAN;MAGE;MONK;wwcowl2;wwcowl2;ub;Cowled Enforcer;;
WWDELAG;HUMANOID;HUMAN;FIGHTER;FIGHTER_MALE_HUMAN;wwdel;wwdel;ub;Delag;;
WWEFF;HUMANOID;HUMAN;FIGHTER;FIGHTER_MALE_HUMAN;wweff;wweff;ub;Eforf;;
WWELLE;HUMANOID;ELF;MAGE;MAGE_FEMALE_HUMAN;wwelle;wwelle;ub;Eleanya;;
WWFGHT1;HUMANOID;HUMAN;FIGHTER;FIGHTER_MALE_HUMAN;wwfght1;None;ub;De'Lyl Guardsman;;
WWFGHT2;HUMANOID;HUMAN;FIGHTER;FIGHTER_MALE_HUMAN;wwfght2;None;ub;De'Lyl Guardsman;;
WWRATI;ANIMAL;NO_RACE;NO_CLASS;RAT;None;None;ub;Boolet;;
WWSTEN;HUMANOID;HUMAN;FIGHTER;FIGHTER_MALE_HUMAN;wwsten;wwsten;ub;Sten;;
WWSWOO;HUMANOID;HALFLING;RANGER;CLERIC_MALE_HALFLING;wwswoo;wwswoo;ub;Smethy;;
WWVIVI;HUMANOID;HUMAN;FIGHTER;FIGHTER_MALE_HUMAN;wwvivi;wwvivi;ub;Vivick;;
XGOLEM1;GIANTHUMANOID;GOLEM;GOLEM_FLESH;GOLEM_CLAY;XMonsters;;ub;Flesh Golem;FleshGolem;false
L-BREG3;HUMANOID;ELF;FIGHTER;FIGHTER_MALE_ELF;L-BREG3;Breg03;arestorationp;D'aerthe Guard;;
L-MAGE01;HUMANOID;HUMAN;MAGE;MONK;l-mage01;mage1;arestorationp;Cowled Enforcer;;
L-MAGE02;HUMANOID;HUMAN;MAGE;MONK;l-mage02;mage2;arestorationp;Cowled Enforcer;;
NALFAL;HUMANOID;HUMAN;INNOCENT;NOBLE_MAN;NALFAL;NALFAL;arestorationp;Nobleman;;
UDVADEAD;UNDEAD;VAMPIRE;VAMPIRE;VAMPIRE;UDVADEAD;None;arestorationp;Vampire;;
UDVAMP01;UNDEAD;VAMPIRE;VAMPIRE;VAMPIRE;UDVAMP01;UDVAMP01;arestorationp;Vampire;;
CB0709D1;HUMANOID;HUMAN;FIGHTER;FIGHTER_MALE_HUMAN;CB0709D1;CB0709D1;ctb;Tavern Drunk;;
CB0709D2;HUMANOID;HUMAN;FIGHTER;FIGHTER_MALE_HUMAN;CB0709D2;CB0709D2;ctb;Tavern Drunk;;
CB0709D3;HUMANOID;HUMAN;FIGHTER;FIGHTER_MALE_HUMAN;CB0709D3;CB0709D3;ctb;Tavern Drunk;;
CB0709D4;HUMANOID;HUMAN;FIGHTER;FIGHTER_MALE_HUMAN;CB0709D4;CB0709D4;ctb;Tavern Drunk;;
CB3545XB;MONSTER;DEMONIC;TANARI;DOOM_GUARD;CB3545XB;CB3545XB;ctb;Animated Crossbow;;
CB3547BL;MONSTER;DEMONIC;TANARI;DOOM_GUARD;CB3547BL;;ctb;Animated Sword;;
CB3548DP;HUMANOID;PLATE;LONG_SWORD;BIRD;CB3548DP;;ctb;;;
CB3559WB;MONSTER;NO_RACE;TANARI;BIRD;CB3559WB;;ctb;;;
CB3560WB;MONSTER;NO_RACE;TANARI;BIRD;CB3560WB;;ctb;;;
CB3566P1;HUMANOID;HUMAN;INNOCENT;BEGGAR_MAN;CB3566P1;None;ctb;Beggar;;
CB3575EX;MONSTER;NO_RACE;TANARI;BIRD;CB3575EX;CB3575EX;ctb;;;
CB3579DK;HUMANOID;HUMAN;MAGE;DEATH_KNIGHT;CB3579DK;CB3579DK;ctb;Demon Knight;;
CB3579P1;HUMANOID;GNOLL;GNOLL;FIGHTER_MALE_ELF;CB3579P1;;ctb;Magical Sword;;
CB3579P2;HUMANOID;GNOLL;GNOLL;FIGHTER_MALE_ELF;CB3579P2;;ctb;Magical Sword;;
CB3579P3;HUMANOID;GNOLL;GNOLL;FIGHTER_MALE_ELF;CB3579P3;;ctb;Magical Sword;;
CB3579P4;HUMANOID;GNOLL;GNOLL;FIGHTER_MALE_ELF;CB3579P4;;ctb;Magical Sword;;
CB3579P5;HUMANOID;GNOLL;GNOLL;FIGHTER_MALE_ELF;CB3579P5;;ctb;Magical Sword;;
CB3579P6;HUMANOID;GNOLL;GNOLL;FIGHTER_MALE_ELF;CB3579P6;;ctb;Magical Sword;;
CB3597PA;UNDEAD;VAMPIRE;VAMPIRE;VAMPIRE_FEMALE;CB3597PA;CB3597PA;ctb;Parisa;;
CB35ASSN;HUMANOID;HUMAN;THIEF;THIEF_MALE_HUMAN;CB35ASSN;CB35ASSN;ctb;Assassin;;
CB363501;HUMANOID;HUMAN;INNOCENT;THIEF_MALE_HUMAN;CB363501;CB363501;ctb;Charlie;;
CB3647HB;HUMANOID;GNOME;INNOCENT;FIGHTER_MALE_GNOME;CB3650DW;CB3647HB;ctb;Herbalist;;
CB3650DW;HUMANOID;DWARF;FIGHTER;FIGHTER_MALE_DWARF;CB3650DW;CB3650DW;ctb;Thron Sturman;;
CB3651IN;HUMANOID;HUMAN;INNOCENT;THIEF_MALE_HUMAN;CB3651IN;CB3651IN;ctb;Innkeeper ;;
CB368DRG;UNDEAD;DRAGON;SHADOW_DRAGON;DRAGON_SILVER;CB368DRG;;ctb;Dracolich;;
CB510BRD;HUMANOID;ELF;BARD;THIEF_MALE_ELF;CB510BRD;CB510BRD;ctb;Butler Eites;;
CB513REL;HUMANOID;HUMAN;INNOCENT;SHADOW_THIEF;CB513REL;CB513REL;ctb;Lerrit;;
CB521SLD;MONSTER;DRAGON;SHADOW_DRAGON;DRAGON_BLUE;CB521SLD;CB521SLD;ctb;Blue Dragon;;
CB566SPY;HUMANOID;PLATE;LONG_SWORD;BIRD;CB566SPY;None;ctb;;;
CB576WIZ;HUMANOID;HUMAN;MAGE;MAGE_FEMALE_HUMAN;CB576WIZ;CB576WIZ;ctb;Mage;;
CB585AN1;ANIMAL;CAT;HUNTER_CREATURE;GREATCAT_LEOPARD;None;;ctb;Giant Lynx;Leopard;false
CB585AN2;ANIMAL;BEAR;BEAR_BROWN;BEAR_BROWN;None;;ctb;Grizzly Bear;BrownBear;false
CB585AN3;ANIMAL;WOLF;HUNTER_CREATURE;WOLF;None;;ctb;Wolf;Wolf;false
CB585AN4;ANIMAL;DOG;DOG_WILD;DOG_WILD;None;;ctb;Wild Dog;WildDog;false
CB585AN5;ANIMAL;CAT;CAT;GREATCAT_PANTHER;CATPAN01;;ctb;Panther;Jaguar;false
CB585AN6;ANIMAL;DOG;DOG_WILD;DOG_WILD;None;;ctb;Wild Dog;WildDog;false
CB585AN7;ANIMAL;BEAR;BEAR_BROWN;BEAR_BROWN;None;;ctb;Grizzly Bear;BrownBear;false
CB585AN8;ANIMAL;WOLF;HUNTER_CREATURE;WOLF;None;;ctb;Wolf;Wolf;false
CB585RNG;HUMANOID;HUMAN;RANGER;FIGHTER_MALE_HUMAN;CB585RNG;CB585RNG;ctb;Crowley;;
CB587DR1;HUMANOID;ELF;FIGHTER_DRUID;CLERIC_FEMALE_ELF;CB587DR1;CB587DR1;ctb;Druid;;
CB587DR2;HUMANOID;ELF;FIGHTER_DRUID;FIGHTER_FEMALE_ELF;CB587DR2;CB587DR2;ctb;Druid;;
CB587DR3;HUMANOID;ELF;FIGHTER_DRUID;CLERIC_FEMALE_ELF;CB587DR3;CB587DR3;ctb;Druid;;
CB595BLB;ANIMAL;WOLF;WOLF;WOLF;CB595blb;;ctb;Rabid Wolf;Wolf;false
CB595BRB;ANIMAL;BEAR;BEAR_BROWN;BEAR_BROWN;CB595brb;;ctb;Rabid Bear;BrownBear;false
CB595DER;DEAD;NO_RACE;NO_CLASS;DEER;CB595DER;;ctb;Deer;;
CB595DRB;ANIMAL;NO_RACE;FOOD_CREATURE;DEER;CB595drb;;ctb;Rabid Deer;;
CB595GRB;ANIMAL;BEAR;BEAR_BROWN;BEAR_BROWN;CB595grb;;ctb;Rabid Bear;BrownBear;false
CB596SE1;HUMANOID;HUMAN;INNOCENT;CLERIC_FEMALE_HUMAN;CB596SE1;CB596SE1;ctb;Bylanna;;
CB596SE2;HUMANOID;HUMAN;INNOCENT;NOBLE_MAN;CB596SE2;CB596SE2;ctb;Lord Ketlaar Argrim;;
CB596SE3;HUMANOID;HUMAN;INNOCENT;AMNIAN_SOLDIER;CB596SE3;CB596SE3;ctb;Amnian Soldier;;
CB596SE4;HUMANOID;HUMAN;INNOCENT;AMNIAN_SOLDIER;CB596SE4;CB596SE3;ctb;Amnian Soldier;;
CB596SE5;HUMANOID;HUMAN;INNOCENT;NOBLE_MAN;CB596SE5;CIVIL01;ctb;Civil Servant;;
CB596SE6;HUMANOID;HUMAN;INNOCENT;NOBLE_WOMAN;CB596SE6;None;ctb;Civil Servant;;
CB596SE7;HUMANOID;HUMAN;INNOCENT;PEASANT_WOMAN;CB596SE7;;ctb;Commoner;;
CB596SE8;HUMANOID;HUMAN;INNOCENT;PEASANT_MAN;CB596SE8;;ctb;Peasant;;
CB596SE9;HUMANOID;HUMAN;INNOCENT;FAT_MAN;CB596SE9;;ctb;Peasant;;
CB596TOL;HUMANOID;HUMAN;MAGE;MAGE_MALE_HUMAN;CB596TOL;CB596TOL;ctb;Tolgerias;;
CB597RIR;HUMANOID;HUMAN;THIEF;THIEF_MALE_HUMAN;CB597RIR;CB597RIR;ctb;Ranch Hand;;
CB597RIS;HUMANOID;HUMAN;THIEF;THIEF_MALE_HUMAN;CB597RIS;;ctb;Ranch Hand;;
CB640FT2;HUMANOID;HUMAN;FIGHTER;FIGHTER_FEMALE_HUMAN;CB640FT2;CB640FTX;ctb;Fighter;;
CB640FT3;HUMANOID;HUMAN;FIGHTER;FIGHTER_FEMALE_HUMAN;CB640FT3;CB640FTX;ctb;Fighter;;
CB640FT4;HUMANOID;HUMAN;FIGHTER;FIGHTER_MALE_HUMAN;CB640FT4;CB640FTX;ctb;Fighter;;
CB640FT5;HUMANOID;HUMAN;FIGHTER;FIGHTER_FEMALE_HUMAN;CB640FT5;CB640FTX;ctb;Fighter;;
CB642BAR;HUMANOID;GNOME;FIGHTER;FIGHTER_MALE_GNOME;CB642BAR;CB642BAR;ctb;Ezekeial;;
CB901SCK;HUMANOID;ELF;INNOCENT;SLEEPING_WOMAN_ELF;CB901SCK;CB901SCK;ctb;Holly the Elf;;
CBAMGIRL;HUMANOID;HUMAN;INNOCENT;GIRL;CBAMGIRL;CBAMGIRL;ctb;Girl;;
CBAMLADY;HUMANOID;HUMAN;INNOCENT;FAT_WOMAN;CBAMLADY;CBAMLADY;ctb;Old Woman;;
CBAPPAR1;UNDEAD;SKELETON;SKELETON;SKELETON;CBAPPAR1;APPAR;ctb;Skeleton;Skeleton;false
CBARKSLV;HUMANOID;HUMAN;DRUID;CLERIC_MALE_HUMAN;CBARKSLV;CBARKSLV;ctb;Arkaneus Silvermane;;
CBASHIRU;UNDEAD;HUMAN;FIGHTER_THIEF;THIEF_FEMALE_ELF;CBASHIRU;None;ctb;Ashirukuru;;
CBAVRCWA;HUMANOID;HUMAN;NO_CLASS;MONK;CBAVRCWa;CBAVRCWA;ctb;Cowled Wizard;;
CBAVRCWB;HUMANOID;HUMAN;NO_CLASS;MONK;CBAVRCWb;CBAVRCWB;ctb;Cowled Wizard;;
CBAVRCWC;HUMANOID;HUMAN;NO_CLASS;MONK;CBAVRCWc;CBAVRCWC;ctb;Cowled Wizard;;
CBAVRSLA;HUMANOID;HUMAN;NO_CLASS;AMNIAN_SOLDIER;CBAVRSLA;CBAVRSL#;ctb;Amnian Soldier;;
CBAVRSLB;HUMANOID;HUMAN;NO_CLASS;AMNIAN_SOLDIER;CBAVRSLB;CBAVRSL#;ctb;Amnian Soldier;;
CBAVRSLC;HUMANOID;HUMAN;NO_CLASS;AMNIAN_SOLDIER;CBAVRSLC;CBAVRSL#;ctb;Amnian Soldier;;
CBAVRSLD;HUMANOID;HUMAN;NO_CLASS;AMNIAN_SOLDIER;CBAVRSLD;CBAVRSL#;ctb;Amnian Soldier;;
CBAVRSLE;HUMANOID;HUMAN;NO_CLASS;AMNIAN_SOLDIER;CBAVRSLE;CBAVRSLE;ctb;Amnian Legionary;;
CBAVRSLF;HUMANOID;HUMAN;NO_CLASS;AMNIAN_SOLDIER;CBAVRSLF;CBAVRSL#;ctb;Amnian Legionary;;
CBAVRSLG;HUMANOID;HUMAN;NO_CLASS;AMNIAN_SOLDIER;CBAVRSLG;CBAVRSLG;ctb;Amnian Centurion;;
CBAVRVLA;HUMANOID;HUMAN;NO_CLASS;FIGHTER_MALE_HUMAN_LOW;CBAVRVLA;CBAVRVLA;ctb;Angry Villager;;
CBAVRVLB;HUMANOID;HUMAN;NO_CLASS;FIGHTER_MALE_HUMAN_LOW;CBAVRVLb;CBAVRVLB;ctb;Angry Villager;;
CBAVRVLC;HUMANOID;HUMAN;NO_CLASS;CLERIC_MALE_HUMAN_LOW;CBAVRVLc;CBAVRVL#;ctb;Angry Villager;;
CBAVRVLD;HUMANOID;HUMAN;NO_CLASS;MAGE_FEMALE_HUMAN_LOW;CBAVRVLd;CBAVRVL#;ctb;Angry Villager;;
CBAVRVLE;HUMANOID;HUMAN;NO_CLASS;CLERIC_FEMALE_HUMAN_LOW;CBAVRVLe;CBAVRVL#;ctb;Angry Villager;;
CBAVRVLF;HUMANOID;HUMAN;NO_CLASS;MONK_MALE_HUMAN;CBAVRVLf;CBAVRVLF;ctb;Angry Villager;;
CBAVRVLG;HUMANOID;HUMAN;NO_CLASS;FIGHTER_MALE_HUMAN_LOW;CBAVRVLg;CBAVRVL#;ctb;Angry Villager;;
CBAVRVLH;HUMANOID;HUMAN;NO_CLASS;FIGHTER_MALE_HUMAN_LOW;CBAVRVLh;CBAVRVL#;ctb;Angry Villager;;
CBAVRVLI;HUMANOID;HUMAN;NO_CLASS;CLERIC_MALE_HUMAN_LOW;CBAVRVLi;CBAVRVL#;ctb;Angry Villager;;
CBAVRVLJ;HUMANOID;HUMAN;NO_CLASS;MAGE_FEMALE_HUMAN_LOW;CBAVRVLj;CBAVRVL#;ctb;Angry Villager;;
CBAVRVLK;HUMANOID;HUMAN;NO_CLASS;CLERIC_FEMALE_HUMAN_LOW;CBAVRVLk;CBAVRVL#;ctb;Angry Villager;;
CBAVRVLM;HUMANOID;HUMAN;NO_CLASS;MONK_MALE_HUMAN;CBAVRVLm;CBAVRVL#;ctb;Angry Villager;;
CBBDAW01;MONSTER;DRAGON;SHADOW_DRAGON;DRAGON_BLUE;CBBDAW01;CBBDAW01;ctb;Darammareth S'ooloun Crommadar Ammanth Kuleera;;
CBBDAW02;MONSTER;NO_RACE;TANARI;DOOM_GUARD;CBBDAW02;;ctb;;;
CBBDFHJD;MONSTER;NO_RACE;TANARI;BIRD;CBBDFHJD;;ctb;;;
CBBDFHJE;MONSTER;NO_RACE;TANARI;BIRD;CBBDFHJE;;ctb;;;
CBBDHELP;MONSTER;DRAGON;SHADOW_DRAGON;DRAGON_BLUE;CBBDHELP;CBBDHELP;ctb;Darammareth S'ooloun Crommadar Ammanth Kuleera;;
CBBDSL01;MONSTER;DRAGON;SHADOW_DRAGON;DRAGON_BLUE;CBBDSL01;CBBDSL01;ctb;Blue Dragon;;
CBBDSL02;HUMANOID;NO_RACE;NO_CLASS;DOOM_GUARD_LARGER;CBBDSL02;CBBDSL01;ctb;Blue Dragon;;
CBBDSLDS;MONSTER;NO_RACE;TANARI;BIRD;CBBDSLDS;;ctb;Blue Dragon;;
CBBDSTRT;HUMANOID;HUMAN;FIGHTER;PIRATE;CBBDSTRT;CBBDSTRT;ctb;Pirate;;
CBBGBER1;HUMANOID;HOBGOBLIN;HOBGOBLIN;BUGBEAR;CBBGBER1;;ctb;Bugbear;;
CBBGBER2;HUMANOID;HOBGOBLIN;HOBGOBLIN;BUGBEAR;CBBGBER2;;ctb;Bugbear;;
CBBGBERA;HUMANOID;HOBGOBLIN;HOBGOBLIN;BUGBEAR;CBBGBER1;;ctb;Bugbear;;
CBBGBERB;HUMANOID;HOBGOBLIN;HOBGOBLIN;BUGBEAR;CBBGBER1;;ctb;Bugbear;;
CBBGBERC;HUMANOID;HOBGOBLIN;HOBGOBLIN;BUGBEAR;CBBGBER1;;ctb;Bugbear;;
CBBGBERD;HUMANOID;HOBGOBLIN;HOBGOBLIN;BUGBEAR;CBBGBER1;;ctb;Bugbear;;
CBBGBERW;HUMANOID;HOBGOBLIN;HOBGOBLIN;BUGBEAR_CAPTAIN;CBBGBER2;;ctb;Bugbear;;
CBBGBERX;HUMANOID;HOBGOBLIN;HOBGOBLIN;BUGBEAR_CAPTAIN;CBBGBER2;;ctb;Bugbear;;
CBBGBERY;HUMANOID;HOBGOBLIN;HOBGOBLIN;BUGBEAR_CAPTAIN;CBBGBER2;;ctb;Bugbear;;
CBBGBERZ;HUMANOID;HOBGOBLIN;HOBGOBLIN;BUGBEAR_CAPTAIN;CBBGBER2;;ctb;Bugbear;;
CBBLKDRG;MONSTER;DRAGON;SHADOW_DRAGON;DRAGON_BLACK;CBBLKDRG;;ctb;Black Dragon;;
CBBODH66;UNDEAD;VAMPIRE;VAMPIRE;BODHI;CBBODH66;CBBODH66;ctb;Bodhi;;
CBBYRN03;HUMANOID;HUMAN;THIEF;SHADOW_THIEF;CBBYRN03;CBBYRN03;ctb;Byron;;
CBBYRN66;HUMANOID;HUMAN;THIEF;SHADOW_THIEF;CBBYRN66;CBBYRN66;ctb;Byron;;
CBC8CTC2;HUMANOID;HUMAN;CLERIC;CLERIC_MALE_HUMAN;CBC8CTC2;;ctb;Cult Superior;;
CBC8CTC3;HUMANOID;HUMAN;CLERIC;CLERIC_MALE_HUMAN;CBC8CTC3;;ctb;Cult Superior;;
CBC8CTD3;UNDEAD;DRAGON;SHADOW_DRAGON;DRAGON_SILVER;CBC8CTD3;;ctb;Dracolich;;
CBC8CTF1;HUMANOID;HUMAN;FIGHTER;FIGHTER_MALE_HUMAN;CBC8CTF1;;ctb;Cult Fighter;;
CBC8CTF2;HUMANOID;HUMAN;FIGHTER;FIGHTER_MALE_HUMAN;CBC8CTF2;;ctb;Cult Fighter;;
CBC8CTF3;HUMANOID;HUMAN;FIGHTER;FIGHTER_MALE_HUMAN;CBC8CTFT3;;ctb;Cult Fighter;;
CBC8CTL2;UNDEAD;LICH;MAGE;LICH;CBC8CTL2;;ctb;Cult Lich;;
CBC8CTL3;UNDEAD;LICH;MAGE;LICH;CBC8CTL3;;ctb;Cult Lich;;
CBC8CTL4;UNDEAD;DEMILICH;MAGE;DEMILICH;CBC8CTL4;None;ctb;Cult Lich;;
CBC8CTM1;HUMANOID;HUMAN;MAGE;MAGE_MALE_HUMAN;CBC8CTM1;None;ctb;Cult Mage;;
CBC8CTM2;HUMANOID;ELF;MAGE;MAGE_FEMALE_HUMAN;CBC8CTM2;;ctb;Cult Mage;;
CBC8CTM3;HUMANOID;HUMAN;MAGE;MAGE_MALE_HUMAN;CBC8CTM3;None;ctb;Cult Mage;;
CBC8CTU3;UNDEAD;SKELETON;SKELETON_WARRIOR;SKELETON_WARRIOR;CBC8CTU3;;ctb;Undead Cultist;SkeletonWarrior;false
CBC8CTZA;HUMANOID;HUMAN;MAGE;CLERIC_MALE_HUMAN;CBC8CTZA;CBC8CTZA;ctb;Zannaster the Mage;;
CBC8CTZL;HUMANOID;LICH;MAGE;LICH;CBC8CTZL;CBC8CTZL;ctb;Zannaster the Lich;;
CBCEEB01;HUMANOID;HUMAN;MAGE;CLERIC_MALE_HUMAN;CBCEEB01;CBCEEB01;ctb;Ceeb Isson;;
CBCHIMRA;ANIMAL;BEAR;BEAR_BROWN;CHIMERA;None;;ctb;Chimera;BrownBear;false
CBCWLTCH;HUMANOID;HUMAN;MAGE;MONK;CBCWLTCH;CBCWLTCH;ctb;Cowled Wizard;;
CBCWLWR2;HUMANOID;HUMAN;MAGE;MONK;CBCWLWR2;;ctb;Cowled Wizard;;
CBCWLWRY;HUMANOID;HUMAN;MAGE;MONK;CBCWLWRY;CBCWLWRY;ctb;Cowled Wizard;;
CBCWTHEX;MONSTER;NO_RACE;TANARI;BIRD;CBCWTHEX;NONE;ctb;;;
CBDEANOH;HUMANOID;HUMAN;FIGHTER;FIGHTER_MALE_DWARF;CBDEANOH;CBDEANOH;ctb;Deano the Hatchetman;;
CBDNCSWD;ANIMAL;SWORD;LONG_SWORD;DANCING_SWORD;CBDNCSWD;;ctb;Dancing Broadsword;;
CBDRIFAL;MONSTER;SPIDER;MAGE;DRIDER_MALE;CBDRIFAL;;ctb;Drider;;
CBDRIFML;MONSTER;SPIDER;CLERIC;DRIDER_MALE;CBDRIFML;None;ctb;Drider Priestess;;
CBDRIFSL;MONSTER;SPIDER;CLERIC;DRIDER_MALE;CBDRIFSL;None;ctb;Drider Priestess;;
CBDRIMML;MONSTER;SPIDER;FIGHTER;DRIDER_FEMALE;CBDRIMML;;ctb;Drider;;
CBDRIMSL;MONSTER;SPIDER;FIGHTER;DRIDER_FEMALE;CBDRIMSL;;ctb;Drider;;
CBDRW75A;HUMANOID;ELF;CLERIC;DROW_FEMALE;CBDRW75A;CBDRW75A;ctb;Drow Priestess;;
CBDRW75B;HUMANOID;ELF;CLERIC;DROW_FEMALE;CBDRW75B;CBDRW75B;ctb;Drow Priestess;;
CBDRW75C;HUMANOID;ELF;FIGHTER;DROW;CBDRW75C;CBDRW75C;ctb;Drow Warrior;;
CBELEDI1;HUMANOID;ELF;INNOCENT;MAGE_FEMALE_ELF;CBELEDI1;;ctb;Eleanor Ybgir;;
CBELEDI2;HUMANOID;HUMAN;MAGE;IRENICUS_ROBED;CBELEDI2;;ctb;Khaddyr;;
CBELEDI3;HUMANOID;HUMAN;THIEF;THIEF_MALE_HUMAN;CBELEDI3;None;ctb;Bodyguard;;
CBELEDI4;HUMANOID;HUMAN;FIGHTER;FIGHTER_MALE_HUMAN;CBELEDI4;;ctb;Bodyguard;;
CBELEDI5;HUMANOID;HUMAN;FIGHTER;FIGHTER_MALE_HUMAN;CBELEDI5;;ctb;Bodyguard;;
CBELHOE;GIANTHUMANOID;OGRE;OGRE;OGRE;HACK;HACK;ctb;Elhoe;Ogre;false
CBEM25T1;HUMANOID;ELF;MAGE;MAGE_FEMALE_ELF;CBEM25T1;CBEM25T1;ctb;Elven Mage;;
CBEM25T2;HUMANOID;ELF;MAGE;MAGE_FEMALE_ELF;CBEM25T2;CBEM25T2;ctb;Elven Mage;;
CBEM25T3;HUMANOID;ELF;MAGE;MAGE_FEMALE_ELF;CBEM25T3;CBEM25T3;ctb;Elven Mage;;
CBEMDM01;MONSTER;DEMONIC;TANARI;IMP;CBEMDM01;CBEMDM01;ctb;Lesser Demon Lord;;
CBEMDM02;MONSTER;DEMONIC;TANARI;DEMOGORGON;CBEMDM02;CBEMDM02;ctb;Demogorgon;;
CBEMKOBL;HUMANOID;KOBOLD;KOBOLD;KOBOLD;None;;ctb;Kobold Commando;;
CBFFCRW1;HUMANOID;HUMAN;INNOCENT;NOBLE_MAN;CBFFCRW1;CBFFCRW1;ctb;Nobleman;;
CBFFCRW2;HUMANOID;HUMAN;INNOCENT;NOBLE_WOMAN;CBFFCRW2;CBFFCRW2;ctb;Noblewoman;;
CBFFCRW3;HUMANOID;HUMAN;INNOCENT;PEASANT_MAN;CBFFCRW3;CBFFCRW3;ctb;Peasant;;
CBFFCRW4;HUMANOID;HUMAN;INNOCENT;PEASANT_WOMAN;CBFFCRW4;CBFFCRW4;ctb;Commoner;;
CBFFCRW5;HUMANOID;HUMAN;INNOCENT;FAT_WOMAN;CBFFCRW5;CBFFCRW5;ctb;Commoner;;
CBGONAST;HUMANOID;HUMAN;FIGHTER;FIGHTER_MALE_HUMAN;CBGONAST;CBGONAST;ctb;Gonthril Astinar;;
CBGORGRD;GIANTHUMANOID;GOLEM;GOLEM_IRON;GOLEM_IRON;gorgrd01;;ctb;Guardian Golem;IronGolem;false
CBGORGRE;GIANTHUMANOID;GOLEM;GOLEM_IRON;GOLEM_IRON;kpgol04;KPGOL04;ctb;Iron Golem;IronGolem;false
CBGRDYUN;MONSTER;YUANTI;LONG_SWORD;YUAN-TI_ELITE;CBGRDYUN;CBGRDYUN;ctb;Yuan-Ti of House Extaminos;;
CBGRNDRG;MONSTER;DRAGON;SILVER_DRAGON;DRAGON_GREEN;CBDRGGRN;;ctb;Green Dragon;;
CBGRVAMP;UNDEAD;VAMPIRE;VAMPIRE;VAMPIRE;CBGRVAMP;None;ctb;Vampire;;
CBHAKSH1;GIANTHUMANOID;OGRE;OGRE_MAGE;MIST_CREATURE;CBHAKSH1;;ctb;Hakeashar;OgreMage;false
CBHAKSHR;GIANTHUMANOID;OGRE;OGRE_MAGE;MIST_CREATURE;CBHAKSHR;;ctb;Hakeashar;OgreMage;false
CBHARPY1;MONSTER;HOBGOBLIN;HOBGOBLIN;HALFDRAGON_BLACK;CBHARPY1;;ctb;Harpy;;
CBHARPY2;MONSTER;HOBGOBLIN;HOBGOBLIN;HALFDRAGON_RED;CBHARPY2;;ctb;Harpy;;
CBHARPYA;MONSTER;HOBGOBLIN;HOBGOBLIN;HALFDRAGON_BLACK;CBHARPY1;;ctb;Harpy;;
CBHARPYB;MONSTER;HOBGOBLIN;HOBGOBLIN;HALFDRAGON_BLACK;CBHARPY1;;ctb;Harpy;;
CBHARPYC;MONSTER;HOBGOBLIN;HOBGOBLIN;HALFDRAGON_BLACK;CBHARPY1;;ctb;Harpy;;
CBHARPYD;MONSTER;HOBGOBLIN;HOBGOBLIN;HALFDRAGON_BLACK;CBHARPY1;;ctb;Harpy;;
CBHARPYW;MONSTER;HOBGOBLIN;HOBGOBLIN;HALFDRAGON_RED;CBHARPY2;;ctb;Harpy;;
CBHARPYX;MONSTER;HOBGOBLIN;HOBGOBLIN;HALFDRAGON_RED;CBHARPY2;;ctb;Harpy;;
CBHARPYY;MONSTER;HOBGOBLIN;HOBGOBLIN;HALFDRAGON_RED;CBHARPY2;;ctb;Harpy;;
CBHARPYZ;MONSTER;HOBGOBLIN;HOBGOBLIN;HALFDRAGON_RED;CBHARPY2;;ctb;Harpy;;
CBHL3627;HUMANOID;HUMAN;INNOCENT;FAT_MAN;CBHL3627;CBHL3627;ctb;Shopkeeper;;
CBHL3631;HUMANOID;HUMAN;INNOCENT;CLERIC_FEMALE_HUMAN;CBHL3631;CBHL3631;ctb;Priest;;
CBHL3634;HUMANOID;HUMAN;INNOCENT;NOBLE_WOMAN;CBHL3634;CBHL3634;ctb;Shopkeeper;;
CBHLD001;HUMANOID;HUMAN;INNOCENT;PEASANT_MAN;CBHLD001;CBHLDVLG;ctb;Peasant;;
CBHLD002;HUMANOID;HUMAN;INNOCENT;PEASANT_WOMAN;CBHLD002;CBHLDVLG;ctb;Peasant;;
CBHLD003;HUMANOID;HUMAN;INNOCENT;FAT_MAN;CBHLD003;CBHLDVLG;ctb;Peasant;;
CBHLD004;HUMANOID;HUMAN;INNOCENT;FAT_WOMAN;CBHLD004;CBHLDVLG;ctb;Peasant;;
CBHLD005;HUMANOID;HUMAN;INNOCENT;PEASANT_MAN;CBHLD005;CBHLDVLG;ctb;Peasant;;
CBHLD006;HUMANOID;HUMAN;INNOCENT;PEASANT_MAN;CBHLD006;CBHLDVLG;ctb;Peasant;;
CBHLD007;HUMANOID;HUMAN;INNOCENT;PEASANT_MAN;CBHLD007;CBHLDVLG;ctb;Peasant;;
CBHLD008;HUMANOID;HUMAN;INNOCENT;PEASANT_MAN;CBHLD008;CBHLDVLG;ctb;Peasant;;
CBHLD009;HUMANOID;HUMAN;INNOCENT;FAT_MAN;CBHLD009;CBHLDVLG;ctb;Peasant;;
CBHLD010;HUMANOID;HUMAN;INNOCENT;FAT_WOMAN;CBHLD010;CBHLDVLG;ctb;Peasant;;
CBHLD0M1;HUMANOID;HUMAN;INNOCENT;PEASANT_MAN;CBHLD0M1;CBHLD0W1;ctb;Peasant;;
CBHLD0M2;HUMANOID;HUMAN;INNOCENT;FAT_MAN;CBHLD0M2;CBHLD0W1;ctb;Peasant;;
CBHLD0M3;HUMANOID;HUMAN;FIGHTER;FIGHTER_MALE_HUMAN;CBHLD0M3;CBHLD0W1;ctb;Peasant;;
CBHLD0M4;HUMANOID;HUMAN;FIGHTER;THIEF_MALE_HUMAN;CBHLD0M4;CBHLD0W1;ctb;Peasant;;
CBHLD0M5;HUMANOID;HUMAN;FIGHTER;CLERIC_MALE_HUMAN;CBHLD0M5;CBHLD0W1;ctb;Peasant;;
CBHLD0M6;HUMANOID;HUMAN;INNOCENT;HORSE;CBHLD0M6;;ctb;Peasant;;
CBHLD0M7;HUMANOID;HUMAN;INNOCENT;FIGHTER_MALE_HUMAN;CBHLD0M7;CBHLD0W1;ctb;Peasant;;
CBHLD0M8;HUMANOID;HUMAN;INNOCENT;THIEF_MALE_HUMAN;CBHLD0M8;CBHLD0W1;ctb;Peasant;;
CBHLD0M9;HUMANOID;HUMAN;INNOCENT;CLERIC_FEMALE_ELF;CBHLD0M9;CBHLD0W1;ctb;Peasant;;
CBHLD0MA;HUMANOID;HUMAN;INNOCENT;BEGGAR_MAN;CBHLD0MA;BEGGAR2;ctb;Beggar;;
CBHLD0W1;HUMANOID;HUMAN;INNOCENT;PEASANT_WOMAN;CBHLD0W1;CBHLD0W1;ctb;Peasant;;
CBHLD0W2;HUMANOID;HUMAN;INNOCENT;PEASANT_WOMAN;CBHLD0W2;CBHLD0W1;ctb;Peasant;;
CBHLD0W3;HUMANOID;HUMAN;INNOCENT;PEASANT_WOMAN;CBHLD0W3;CBHLD0W1;ctb;Peasant;;
CBHLD0W4;HUMANOID;HUMAN;INNOCENT;THIEF_FEMALE_HUMAN;CBHLD0W4;CBHLD0W1;ctb;Peasant;;
CBHLD0W5;HUMANOID;HUMAN;INNOCENT;THIEF_FEMALE_ELF;CBHLD0W5;CBHLD0W1;ctb;Peasant;;
CBHLD0W6;HUMANOID;HUMAN;INNOCENT;PEASANT_WOMAN;CBHLD0W6;CBHLD0W1;ctb;Peasant;;
CBHLD0W7;HUMANOID;HUMAN;INNOCENT;NOBLE_WOMAN;CBHLD0W7;CBHLD0W1;ctb;Peasant;;
CBHLDYT1;MONSTER;YUANTI;LONG_SWORD;YUAN-TI_PRIEST;YUANTI;None;ctb;Yuan-Ti of House Extaminos;;
CBHLDYT2;MONSTER;YUANTI;LONG_SWORD;YUAN-TI_ELITE;YUANTI;;ctb;Yuan-Ti Elite;;
CBHLDYT3;MONSTER;YUANTI;LONG_SWORD;YUAN-TI_ELITE;YUANTI;;ctb;Yuan-Ti;;
CBHLDYT4;MONSTER;YUANTI;LONG_SWORD;YUAN-TI_PRIEST;YUANTI;None;ctb;Yuan-Ti Mage;;
CBHLVLNT;HUMANOID;HUMAN;FIGHTER;FIGHTER_MALE_HUMAN;CBHLVLNT;CBHLVLNT;ctb;Valiant;;
CBHREDWN;HUMANOID;HUMAN;FIGHTER;FIGHTER_FEMALE_HUMAN;CBHREDWN;CBHREDWN;ctb;Marilyn Haresdown;;
CBJELLMU;MONSTER;HUMAN;MUSTARD_JELLY;SLIME_MUSTARD;JELLSPA;;ctb;Mustard Jelly;;
CBKHADED;HUMANOID;HALF_ELF;FIGHTER;FIGHTER_MALE_ELF;CBKHADED;CBKHADED;ctb;Khalid;;
CBLNIGHT;HUMANOID;114;FAIRY_SIRINE;SIRINE;Meiala;MEIALA;ctb;Lady Nightshade;;
CBLSLNDA;HUMANOID;HUMAN;MAGE;MAGE_FEMALE_HUMAN;CBLSLNDA;CBLSLNDA;ctb;Lawantha Silendia;;
CBMALMGE;HUMANOID;ELF;INNOCENT;MAGE_FEMALE_ELF;CBMALMGE;;ctb;Eleanor Ybgir;;
CBMALR1;HUMANOID;HUMAN;MAGE;IRENICUS_ROBED;CBMALR1;CBMALR1;ctb;Khaddyr;;
CBMALR1X;HUMANOID;PLATE;LONG_SWORD;BIRD;CBMALR1X;;ctb;;;
CBMALR2;HUMANOID;HUMAN;THIEF;THIEF_MALE_HUMAN;CBMALR2;None;ctb;Bodyguard;;
CBMALR3;HUMANOID;HUMAN;FIGHTER;FIGHTER_MALE_HUMAN;CBMALR3;;ctb;Bodyguard;;
CBMALR4;HUMANOID;HUMAN;FIGHTER;FIGHTER_MALE_HUMAN;CBMALR4;;ctb;Bodyguard;;
CBMALR5;HUMANOID;HUMAN;THIEF;THIEF_MALE_HUMAN;CBMALR5;None;ctb;Bodyguard;;
CBMALR5A;MONSTER;DEMONIC;TANARI;DOOM_GUARD;CBMALR5a;;ctb;Phantom Arm;;
CBMALR6;HUMANOID;HUMAN;DRUID;CLERIC_MALE_HUMAN;CBMALR6;;ctb;Druid Bodyguard;;
CBMALR6A;UNDEAD;WRAITH;WRAITH;GHAST;CBMALR6a;;ctb;Wraith;;
CBMALR6B;UNDEAD;WRAITH;WRAITH;GHOST;CBMALR6B;;ctb;Specter;;
CBMALR7;HUMANOID;HUMAN;MAGE;MAGE_MALE_ELF;CBMALR7;;ctb;Apprentice Bodyguard;;
CBMALR8;HUMANOID;HUMAN;MAGE;MAGE_MALE_HUMAN;CBMALR8;;ctb;Apprentice Bodyguard;;
CBMALRDM;MONSTER;DEMONIC;TANARI;MARILITH;CBMALRDM;;ctb;Permatrated Mage;;
CBMALSPY;HUMANOID;PLATE;LONG_SWORD;BIRD;CBMALSPY;None;ctb;;;
CBMANARB;HUMANOID;HUMAN;DRUID;CLERIC_MALE_HUMAN;CBMANARB;CBMANARB;ctb;Manfred Arbustle;;
CBMANVER;HUMANOID;HUMAN;FIGHTER;FIGHTER_MALE_HUMAN;MOORLOCK;MOORLOCK;ctb;Manveru;;
CBMASTVP;UNDEAD;VAMPIRE;VAMPIRE;VAMPIRE;CBMASTVP;None;ctb;Master Vampire;;
CBMEKRTH;HUMANOID;ELF;MAGE;MAGE_MALE_ELF;CBMEKRTH;CBMEKRTH;ctb;Mekrath;;
CBMINTO;HUMANOID;HUMAN;HOBGOBLIN;HOBGOBLIN;BULLRUSH;BULLRUSH;ctb;Minto;;
CBMKEBOK;HUMANOID;PLATE;LONG_SWORD;BIRD;CBMKEBOK;None;ctb;;;
CBMONDRP;HUMANOID;ELF;FIGHTER;FIGHTER_MALE_ELF;CBMONDRP;CBMONDRP;ctb;Sylvanus Moondrop;;
CBMYSTP1;HUMANOID;HUMAN;CLERIC;CLERIC_MALE_HUMAN;CBMYSTP1;CBMYSTP1;ctb;Priest of Mystra;;
CBMYSTP2;HUMANOID;HUMAN;MAGE;MAGE_FEMALE_HUMAN;CBMYSTP2;CBMYSTP2;ctb;Priestess of Mystra;;
CBMYSTP3;HUMANOID;HUMAN;CLERIC;YUAN-TI_ELITE;CBMYSTP1;CBMYSTP1;ctb;Priest of Mystra;;
CBMYSTP4;HUMANOID;HUMAN;MAGE;YUAN-TI_ELITE;CBMYSTP2;CBMYSTP2;ctb;Priest of Mystra;;
CBNOBL1W;HUMANOID;HUMAN;INNOCENT;NOBLE_MAN;CBNOBL1W;CBNOBL1W;ctb;Nobleman;;
CBNOBL2W;HUMANOID;HUMAN;INNOCENT;NOBLE_WOMAN;CBNOBL2W;CBNOBL2W;ctb;Noblewoman;;
CBNOBL3W;HUMANOID;HUMAN;INNOCENT;NOBLE_MAN;CBNOBL3W;CBNOBL3W;ctb;Lord Ophal;;
CBNOBL4W;HUMANOID;HUMAN;INNOCENT;NOBLE_MAN;CBNOBL4W;CBNOBL4W;ctb;Nobleman;;
CBNOBL5W;HUMANOID;HUMAN;INNOCENT;NOBLE_WOMAN;CBNOBL5W;CBNOBL5W;ctb;Noblewoman;;
CBNRT001;HUMANOID;HUMAN;FIGHTER;BARBARIAN_WARRIOR_TAN;CBNRT001;CBNRT00#;ctb;Northman;;
CBNRT002;HUMANOID;HUMAN;FIGHTER;BARBARIAN_WARRIOR_TAN;CBNRT002;CBNRT00#;ctb;Northman;;
CBNRT003;HUMANOID;HUMAN;FIGHTER;BARBARIAN_WARRIOR_TAN;CBNRT003;CBNRT00#;ctb;Northman;;
CBNRT004;HUMANOID;HUMAN;FIGHTER;BARBARIAN_WARRIOR_RED;CBNRT004;CBNRT00#;ctb;Northman;;
CBNRT005;HUMANOID;HUMAN;FIGHTER;BARBARIAN_WARRIOR_RED;CBNRT005;CBNRT00#;ctb;Northman;;
CBNRT010;HUMANOID;HUMAN;FIGHTER;BARBARIAN_WARRIOR_RED;CBNRT010;CBNRT010;ctb;Northman;;
CBNRT020;HUMANOID;HUMAN;FIGHTER;BARBARIAN_WARRIOR_TAN;CBNRT020;CBNRT020;ctb;Northman Elder;;
CBNRT025;HUMANOID;HUMAN;FIGHTER;BARBARIAN_WARRIOR_RED;CBNRT025;CBNRT025;ctb;Northman Elder;;
CBNRTLU1;HUMANOID;HUMAN;FIGHTER;CLERIC_MALE_HUMAN;CBNRTLU1;;ctb;Luskanite War Captain;;
CBNRTLUS;HUMANOID;HUMAN;FIGHTER;FIGHTER_MALE_HUMAN;CBNRTLUS;;ctb;Luskanite;;
CBOWEN03;HUMANOID;HUMAN;THIEF;SHADOW_THIEF;CBOWEN03;CBOWEN03;ctb;Owen;;
CBOWEN66;HUMANOID;HUMAN;THIEF;SHADOW_THIEF;CBOWEN66;CBOWEN66;ctb;Owen;;
CBP1ACT1;HUMANOID;HUMAN;NO_CLASS;HARLOT_WOMAN;CBP1ACT1;CBP1ACT1;ctb;Shandril;;
CBP1ACT2;HUMANOID;HUMAN;NO_CLASS;MAGE_MALE_HUMAN;CBP1ACT2;CBP1ACT2;ctb;Narm;;
CBP1ACT3;HUMANOID;HUMAN;NO_CLASS;MAGE_FEMALE_HUMAN;CBP1ACT3;CBP1ACT3;ctb;Jhessail;;
CBP1ACT4;HUMANOID;HUMAN;NO_CLASS;ELMINSTER;CBP1ACT4;CBP1ACT4;ctb;Elminster;;
CBP1ACT5;HUMANOID;HUMAN;NO_CLASS;FIGHTER_FEMALE_ELF;CBP1ACT5;CBP1ACT5;ctb;Merith;;
CBP1ACT6;HUMANOID;HUMAN;NO_CLASS;CLERIC_FEMALE_HUMAN;CBP1ACT6;CBP1ACT6;ctb;The Simbul;;
CBP2ACT1;HUMANOID;HUMAN;NO_CLASS;NOBLE_WOMAN;CBP2ACT1;CBP2ACT1;ctb;Annabella;;
CBP2ACT2;HUMANOID;HUMAN;NO_CLASS;NOBLE_MAN;CBP2ACT2;CBP2ACT2;ctb;Giovanni;;
CBP2ACT3;HUMANOID;HUMAN;NO_CLASS;NOBLE_WOMAN;CBP2ACT3;CBP2ACT3;ctb;Putana;;
CBP2ACT4;HUMANOID;HUMAN;NO_CLASS;FIGHTER_MALE_HUMAN;CBP2ACT4;CBP2ACT4;ctb;Soranzo;;
CBP2ACT5;HUMANOID;HUMAN;NO_CLASS;CLERIC_MALE_HUMAN;CBP2ACT5;CBP2ACT5;ctb;Cardinal;;
CBP2ACT6;HUMANOID;HUMAN;NO_CLASS;THIEF_MALE_HUMAN;CBP2ACT6;CBP2ACT6;ctb;Donado;;
CBP2ACT7;HUMANOID;HUMAN;NO_CLASS;SLEEPING_WOMAN_HUMAN;CBP2ACT7;CBP2ACT1;ctb;Annabella;;
CBP3ACT1;HUMANOID;HUMAN;NO_CLASS;FIGHTER_MALE_HUMAN;CBP3ACT1;CBP3ACT1;ctb;King Duncan;;
CBP3ACT2;HUMANOID;HUMAN;NO_CLASS;CLERIC_MALE_HUMAN;CBP3ACT2;CBP3ACT2;ctb;Malcom;;
CBP3ACT3;HUMANOID;HUMAN;NO_CLASS;THIEF_MALE_HUMAN;CBP3ACT3;CBP3ACT3;ctb;Sergeant;;
CBP3ACT4;HUMANOID;HUMAN;NO_CLASS;NOBLE_MAN;CBP3ACT4;CBP3ACT4;ctb;Ross;;
CBP3ACT5;HUMANOID;HUMAN;NO_CLASS;NOBLE_WOMAN;CBP3ACT5;CBP3ACT5;ctb;Lady MacBeth;;
CBP3ACT6;HUMANOID;HUMAN;NO_CLASS;FIGHTER_MALE_HUMAN;CBP3ACT6;CBP3ACT6;ctb;MacBeth;;
CBP3ACT7;HUMANOID;HUMAN;NO_CLASS;FIGHTER_MALE_HUMAN;CBP3ACT7;CBP3ACT1;ctb;King Duncan;;
CBP4ACT1;HUMANOID;HUMAN;NO_CLASS;NOBLE_WOMAN;CBP4ACT1;CBP4ACT1;ctb;Mabel;;
CBP4ACT2;HUMANOID;HUMAN;NO_CLASS;THIEF_MALE_HUMAN;CBP4ACT2;CBP4ACT2;ctb;Samuel;;
CBP4ACT3;HUMANOID;HUMAN;NO_CLASS;HARLOT_WOMAN;CBP4ACT3;CBP4ACT3;ctb;Girl;;
CBP4ACT4;HUMANOID;HUMAN;NO_CLASS;HARLOT_WOMAN;CBP4ACT4;CBP4ACT4;ctb;Girl;;
CBP4ACT5;HUMANOID;HUMAN;NO_CLASS;HARLOT_WOMAN;CBP4ACT5;CBP4ACT5;ctb;Girl;;
CBP4ACT6;HUMANOID;HUMAN;NO_CLASS;HARLOT_WOMAN;CBP4ACT6;CBP4ACT6;ctb;Girl;;
CBP4ACT7;HUMANOID;HUMAN;NO_CLASS;AMNIAN_SOLDIER;CBP4ACT7;CBP4ACT7;ctb;Major-General;;
CBP4ACT8;HUMANOID;HUMAN;NO_CLASS;PIRATE;CBP4ACT8;CBP4ACT8;ctb;Pirate King;;
CBP4ACT9;HUMANOID;HUMAN;NO_CLASS;SAILOR_MAN;CBP4ACT9;CBP4ACT9;ctb;Pirate;;
CBP4ACTA;HUMANOID;HUMAN;NO_CLASS;SHADOW_THIEF;CBP4ACTa;CBP4ACTa;ctb;Pirate;;
CBP4ACTB;HUMANOID;HUMAN;NO_CLASS;SAILOR_MAN;CBP4ACTb;CBP4ACTb;ctb;Pirate;;
CBP4ACTC;HUMANOID;HUMAN;NO_CLASS;SHADOW_THIEF;CBP4ACTc;CBP4ACTc;ctb;Pirate;;
CBP4ACTD;HUMANOID;HUMAN;NO_CLASS;SAILOR_MAN;CBP4ACTd;CBP4ACTd;ctb;Pirate;;
CBP4ACTE;HUMANOID;HUMAN;NO_CLASS;JON_IRENICUS;CBP4ACTe;CBP4ACTe;ctb;Frederic;;
CBPASTRW;HUMANOID;HUMAN;CLERIC;FIGHTER_MALE_HUMAN_LOW;CBPASTRW;CBPASTRW;ctb;Priest of Talos;;
CBPHEOAH;HUMANOID;HUMAN;FIGHTER;MAGE_FEMALE_HUMAN;CBPHEOAH;;ctb;Phoenix Guard;;
CBPHEOIX;HUMANOID;HUMAN;FIGHTER;CLERIC_MALE_HUMAN;CBPHEOIX;None;ctb;Phoenix Guard;;
CBPISSMN;HUMANOID;HUMAN;RANGER;FIGHTER_MALE_HUMAN;CBPISSMN;CBPISSMN;ctb;Barlot;;
CBREDDRG;MONSTER;DRAGON;FIGHTER_MAGE_CLERIC;DRAGON_RED;CBDRGRED;;ctb;Red Dragon;;
CBRNCBOY;HUMANOID;HUMAN;INNOCENT;BOY;CBRNCBOY;CBRNCBOY;ctb;Theo;;
CBRNCBVP;HUMANOID;HUMAN;INNOCENT;VAMPIRE;CBRNCBVP;CBRNCBOY;ctb;Theo;;
CBRNCGRL;HUMANOID;HUMAN;INNOCENT;GIRL;CBRNCGRL;CBRNCGRL;ctb;Winny;;
CBRNCGVP;HUMANOID;HUMAN;INNOCENT;VAMPIRE_FEMALE;CBRNCGVP;CBRNCGRL;ctb;Winny;;
CBRNCHER;HUMANOID;HUMAN;THIEF;THIEF_MALE_HUMAN;CBRNCHER;CBRNCHER;ctb;Ranch Hand;;
CBRNCMAN;HUMANOID;HUMAN;INNOCENT;FIGHTER_MALE_HUMAN;CBRNCMAN;CBRNCMAN;ctb;Vernon;;
CBRNCMVP;HUMANOID;HUMAN;INNOCENT;VAMPIRE;CBRNCMVP;CBRNCMAN;ctb;Vernon;;
CBRNCWFE;HUMANOID;HUMAN;INNOCENT;NOBLE_WOMAN;CBRNCWFE;CBRNCWFE;ctb;Tanya;;
CBRNCWVP;HUMANOID;HUMAN;INNOCENT;VAMPIRE_FEMALE;CBRNCWVP;CBRNCWFE;ctb;Tanya;;
CBRYBERG;HUMANOID;HUMAN;INNOCENT;PEASANT_MAN;CBRYBERG;CBRYBERG;ctb;Ryberg;;
CBRYBREL;UNDEAD;NO_RACE;NO_CLASS;LICH_BLACK;CBRYBREL;CBRYBREL;ctb;Uncle Donny;;
CBSAERKW;HUMANOID;HUMAN;FIGHTER_CLERIC;CLERIC_MALE_HUMAN_LOW;CBSAERKW;CBSAERKW;ctb;Saerk Farrahd;;
CBSCCW01;HUMANOID;HUMAN;MAGE;MONK;CBSCCW01;CBSCCW01;ctb;Cowled Wizard;;
CBSCCW02;HUMANOID;HUMAN;MAGE;MONK;CBSCCW02;CBSCCW02;ctb;Cowled Wizard;;
CBSCCWEN;HUMANOID;ELF;MAGE;MONK;CBSCCWEN;CBSCCWEN;ctb;Cowled Wizard;;
CBSCHOOK;HUMANOID;HUMAN;INNOCENT;HARLOT_WOMAN;CBSCHOOK;CBSCHOOK;ctb;Melynda;;
CBSEACPT;HUMANOID;HUMAN;INNOCENT;FAT_MAN;CBSEACPT;CBSEACPT;ctb;Captain Deudermont;;
CBSELIMS;UNDEAD;SHADOW;MAGE;GHOST;CBSELIMS;CBSELIMS;ctb;Selim Sivad;;
CBSFMESS;HUMANOID;HUMAN;INNOCENT;PEASANT_MAN;CBSFMESS;CBSFMESS;ctb;Messenger;;
CBSHDRUN;HUMANOID;HUMAN;THIEF;THIEF_MALE_HUMAN;CBSHDRUN;;ctb;Shadow Thief;;
CBSHDWKY;UNDEAD;VAMPIRE;VAMPIRE;VAMPIRE_FEMALE;CBSHDWKY;CBSHDWKY;ctb;Parisa;;
CBSMHRSE;ANIMAL;NO_RACE;NO_CLASS;HORSE;CBSMHRSE;None;ctb;Sir John Johns;;
CBSMTRGT;ANIMAL;NO_RACE;FOOD_CREATURE;GROUNDHOG;CBSMTRGT;CBSMTRGT;ctb;Target;;
CBSPKDED;MONSTER;DEMONIC;TANARI;DEVA_MONADIC;CBSPKDED;CBSPKDED;ctb;Spirit;;
CBST0103;HUMANOID;HUMAN;THIEF;SHADOW_THIEF;CBST0103;;ctb;Shadow Thief;;
CBST0166;HUMANOID;HUMAN;THIEF;SHADOW_THIEF;CBST0166;;ctb;Shadow Thief;;
CBST0203;HUMANOID;HUMAN;THIEF;SHADOW_THIEF;CBST0203;;ctb;Shadow Thief;;
CBST0266;HUMANOID;HUMAN;THIEF;SHADOW_THIEF;CBST0266;;ctb;Shadow Thief;;
CBST0303;HUMANOID;HUMAN;THIEF;SHADOW_THIEF;CBST0303;;ctb;Shadow Thief;;
CBST0366;HUMANOID;HUMAN;THIEF;SHADOW_THIEF;CBST0366;;ctb;Shadow Thief;;
CBST0403;HUMANOID;HUMAN;THIEF;SHADOW_THIEF;CBST0403;;ctb;Shadow Thief;;
CBST0466;HUMANOID;HUMAN;THIEF;SHADOW_THIEF;CBST0466;;ctb;Shadow Thief;;
CBST0503;HUMANOID;HUMAN;THIEF;SHADOW_THIEF;CBST0503;;ctb;Shadow Thief;;
CBST0566;HUMANOID;HUMAN;THIEF;SHADOW_THIEF;CBST0566;;ctb;Shadow Thief;;
CBSTKS66;HUMANOID;HUMAN;THIEF;SHADOW_THIEF;CBSTKS66;;ctb;Shadow Thief;;
CBSTTFLW;HUMANOID;HALFLING;FIGHTER_THIEF;THIEF_MALE_HALFLING;CBSTTFLW;CBSTTFLW;ctb;Paddy Stoutfellow;;
CBSURAYW;HUMANOID;HUMAN;INNOCENT;NOBLE_WOMAN;CBSURAYW;CBSURAYW;ctb;Surayah;;
CBTARDTH;HUMANOID;HUMAN;RANGER;FIGHTER_MALE_HUMAN;CBTARDTH;CBTARDTH;ctb;Tardeth Llanistaph;;
CBTAXAS1;HUMANOID;HUMAN;FIGHTER_THIEF;SHADOW_THIEF;CBTAXAS1;CBTAXAS1;ctb;Assassin;;
CBTAXAS2;HUMANOID;HUMAN;FIGHTER_THIEF;SHADOW_THIEF;CBTAXAS2;CBTAXAS2;ctb;Assassin;;
CBTAXAS3;HUMANOID;HUMAN;FIGHTER_THIEF;SHADOW_THIEF;CBTAXAS3;CBTAXAS3;ctb;Assassin;;
CBTAXAS4;HUMANOID;HUMAN;FIGHTER_THIEF;SHADOW_THIEF;CBTAXAS4;CBTAXAS4;ctb;Assassin;;
CBTAXCOL;HUMANOID;HUMAN;MAGE;MONK;CBTAXCOL;CBTAXCOL;ctb;Tax Collector;;
CBTAXCVA;HUMANOID;HUMAN;INNOCENT;NOBLE_MAN;CBTAXCVA;CBTAXCVA;ctb;Civil Servant;;
CBTAXGRD;HUMANOID;HUMAN;INNOCENT;AMNIAN_SOLDIER;CBTAXGRD;;ctb;Amnian Legionary;;
CBTAXTWC;GENERAL_ITEM;HUMAN;INNOCENT;FIGHTER_MALE_HALFLING_LOW;CBTAXTWC;CBTAXTWC;ctb;Town Crier;;
CBTREANT;MONSTER;ELEMENTAL;FIGHTER;TREANT_DARK;CBTREANT;;ctb;Treant;;
CBUNDEAD;UNDEAD;SKELETON;SKELETON;SKELETON;CBUNDEAD;;ctb;Random Undead;Skeleton;false
CBUSHERW;HUMANOID;HUMAN;INNOCENT;PEASANT_MAN;CBUSHERW;CBUSHERW;ctb;Butler;;
CBVAMGRY;UNDEAD;VAMPIRE;VAMPIRE;VAMPIRE_FEMALE;CBVAMGRY;CBVAMGRY;ctb;Hareishan;;
CBWAUKCH;ANIMAL;NO_RACE;NO_CLASS;MOOSE;moose01;;ctb;Moose;;
CBXTTHEF;HUMANOID;HALFLING;THIEF;THIEF_FEMALE_HALFLING;CBXTTHEF;CBXTTHEF;ctb;Wyrbrin Horton;;
CBYBGIR1;HUMANOID;ELF;INNOCENT;MAGE_FEMALE_ELF;CBYBGIR1;CBYBGIR1;ctb;Eleanor Ybgir;;
CBYELDRG;MONSTER;DRAGON;RED_DRAGON;DRAGON_GREEN;CBYELDRG;;ctb;Yellow Dragon;;
CBYT4446;MONSTER;YUANTI;LONG_SWORD;YUAN-TI_PRIEST;CBYT4446;NONE;ctb;Yuan-Ti of House Extaminos;;
CBYT4447;MONSTER;YUANTI;LONG_SWORD;YUAN-TI_ELITE;CBYT4446;;ctb;Yuan-Ti of House Extaminos;;
CBYUSEFR;HUMANOID;HUMAN;FIGHTER;FIGHTER_MALE_HUMAN;CBYusefr;CBNOBL2W;ctb;Yusef;;
CBYUSEFW;HUMANOID;HUMAN;FIGHTER;FIGHTER_MALE_HUMAN;CBYUSEFW;CBYUSEFW;ctb;Yassir;;
CBZOMB01;UNDEAD;SKELETON;NO_CLASS;ZOMBIE;CBZOMB01;;ctb;Myrkul's Legionnaire;;
CBZOMB02;UNDEAD;SKELETON;SKELETON_WARRIOR;SKELETON_WARRIOR;CBZOMB02;;STRATAGEMS;Dread Warrior;SkeletonWarrior;false
CBZOMB03;HUMANOID;ELF;FIGHTER;FIGHTER_MALE_ELF;CBZOMB03;;ctb;Hlondeth Archer;;
CBZOMB04;HUMANOID;HUMAN;FIGHTER;FIGHTER_MALE_HUMAN;CBZOMB04;;ctb;Hlondeth Fighter;;
CBZOMB05;HUMANOID;ELF;FIGHTER;FIGHTER_MALE_ELF;CBZOMB05;;ctb;Hlondeth Archer;;
CBZOMB06;HUMANOID;HUMAN;FIGHTER;FIGHTER_MALE_HUMAN;CBZOMB06;;ctb;Hlondeth Fighter;;
CBZOMB07;HUMANOID;ELF;FIGHTER;FIGHTER_MALE_ELF;CBZOMB07;;ctb;Hlondeth Archer;;
CBZOMB08;HUMANOID;HUMAN;FIGHTER;FIGHTER_MALE_HUMAN;CBZOMB08;;ctb;Hlondeth Fighter;;
CBZOMB09;HUMANOID;HUMAN;FIGHTER;FIGHTER_MALE_HUMAN;CBZOMB08;;ctb;Hlondeth Fighter;;
CBZOMB0A;HUMANOID;HUMAN;FIGHTER;FIGHTER_MALE_HUMAN;CBZOMB0A;CBZOMB0A;ctb;Hlondeth Officer;;
CBZOMB0B;HUMANOID;HUMAN;FIGHTER;FIGHTER_MALE_HUMAN;CBZOMB0B;CBZOMB0B;ctb;Hlondeth Officer;;
CBZOMB0C;HUMANOID;HUMAN;FIGHTER;FIGHTER_MALE_HUMAN;CBZOMB0C;CBZOMB0C;ctb;Hlondeth Officer;;
CBZOMB10;HUMANOID;HUMAN;FIGHTER;FIGHTER_MALE_HUMAN;CBZOMB08;;ctb;Hlondeth Fighter;;
CBZOMB11;HUMANOID;HUMAN;FIGHTER;FIGHTER_MALE_HUMAN;CBZOMB08;;ctb;Hlondeth Fighter;;
CBZOMB12;HUMANOID;HUMAN;FIGHTER;FIGHTER_MALE_HUMAN;CBZOMB08;;ctb;Hlondeth Fighter;;
CBZOMB13;HUMANOID;HUMAN;FIGHTER;FIGHTER_MALE_HUMAN;CBZOMB08;;ctb;Hlondeth Fighter;;
CBZOMBD1;UNDEAD;SKELETON;NO_CLASS;ZOMBIE;CBZOMB01;;ctb;Myrkul's Legionnaire;;
CBZOMBD2;UNDEAD;SKELETON;SKELETON_WARRIOR;SKELETON_WARRIOR;CBZOMB02;;STRATAGEMS;Dread Warrior;SkeletonWarrior;false
CB_BIRD1;ANIMAL;NO_RACE;NO_CLASS;VULTURE;CB_BIRD1;None;ctb;Bird;;
CB_COW;ANIMAL;NO_RACE;NO_CLASS;COW;None;None;ctb;Cow;;
CB_HORSE;ANIMAL;NO_RACE;NO_CLASS;HORSE;None;None;ctb;Horse;;
DEADB04;HUMANOID;HUMAN;FIGHTER;FIGHTER_MALE_ELF_LOW;deadb01;DEADB01;ctb;Adventurer;;
DEADB05;HUMANOID;HUMAN;FIGHTER;CLERIC_MALE_HUMAN_LOW;deadb01;DEADB01;ctb;Adventurer;;
DEADB06;HUMANOID;HUMAN;FIGHTER;THIEF_MALE_HUMAN_LOW;deadb01;DEADB01;ctb;Adventurer;;
PHEOGURD;HUMANOID;HUMAN;FIGHTER;CLERIC_MALE_HUMAN;PheonixGuard;FLAMEN;ctb;Phoenix Guard;;
RYNNPC06;HUMANOID;HUMAN;FIGHTER;FIGHTER_FEMALE_HUMAN;RYNNPC06;RYNN;ctb;Rynn;;
RYNNPC11;HUMANOID;HUMAN;FIGHTER;FIGHTER_FEMALE_HUMAN;RYNNPC11;RYNN;ctb;Rynn;;
RYNNPC15;HUMANOID;HUMAN;FIGHTER;FIGHTER_FEMALE_HUMAN;RYNNPC15;RYNN;ctb;Rynn;;
RYNNPC19;HUMANOID;HUMAN;FIGHTER;FIGHTER_FEMALE_HUMAN;RYNNPC19;RYNN;ctb;Rynn;;
T#MDOMO;HUMANOID;HUMAN;INNOCENT;NOBLE_MAN;T#MDOMO;T#MDOMO;ctb;Majordomo;;
ACQ22001;HUMANOID;HALFLING;INNOCENT;THIEF_FEMALE_HALFLING;None;ACQ22001;ac_quest;Emmi Wiesner;;
ACQ22002;HUMANOID;HALFLING;INNOCENT;FIGHTER_MALE_HALFLING;None;ACQ22002;ac_quest;Bunger;;
X3EBRO;HUMANOID;HUMAN;FIGHTER;FIGHTER_MALE_HUMAN;X3EBRO;X3EBRO;skitiaNpcs;Thomas Castilla;;
X3ECATH;HUMANOID;HUMAN;INNOCENT;NOBLE_WOMAN;X3ECATH;X3ECATH;skitiaNpcs;Catherine;;
X3ECH;HUMANOID;HUMAN;INNOCENT;NOBLE_WOMAN;X3ECH;X3ECH;skitiaNpcs;Charmaine Hornkeeper;;
X3EDAR;HUMANOID;HUMAN;INNOCENT;NOBLE_WOMAN;X3EDAR;X3EDAR;skitiaNpcs;Darlene Yaris;;
X3EDER;HUMANOID;HUMAN;INNOCENT;FAT_MAN;X3EDER;X3EDER;skitiaNpcs;Derrick;;
X3EFATH;HUMANOID;HUMAN;INNOCENT;MAGE_MALE_HUMAN;X3EFATH;X3EFATH;skitiaNpcs;Charles Castilla;;
X3EGOD;HUMANOID;HUMAN;PALADIN;FIGHTER_MALE_HUMAN;X3EGOD;X3EGOD;skitiaNpcs;Godfrey Hornkeeper;;
X3EGUARD;HUMANOID;HUMAN;FIGHTER;FIGHTER_MALE_HUMAN;X3EGUARD;X3EGUARD;skitiaNpcs;Guard;;
X3EGVJ;HUMANOID;HUMAN;INNOCENT;NOBLE_MAN;X3EGVJ;X3EGVJ;skitiaNpcs;Gregory Von Jergunson;;
X3ELOVE;HUMANOID;AASIMAR;RANGER;FIGHTER_FEMALE_ELF_LOW;X3Elove;X3Elove;skitiaNpcs;Alina;;
X3EMES;HUMANOID;HALFLING;INNOCENT;CLERIC_MALE_HALFLING;X3EMES;X3EMES;skitiaNpcs;Messenger;;
X3EMI;HUMANOID;AASIMAR;RANGER;FIGHTER_FEMALE_ELF;X3Emi;X3Emi;skitiaNpcs;Emily;;
X3EMI25;HUMANOID;AASIMAR;RANGER;FIGHTER_FEMALE_ELF;X3Emi;X3Emi25;skitiaNpcs;Emily;;
X3EMYR;HUMANOID;HUMAN;INNOCENT;FAT_MAN;X3EMYR;X3EMYR;skitiaNpcs;Myron;;
X3EPHL;HUMANOID;HUMAN;MAGE;MAGE_FEMALE_HUMAN;X3EPHL;X3EPHL;skitiaNpcs;Planar Hunter Leader;;
X3HARV;HUMANOID;HALFLING;FIGHTER_CLERIC;CLERIC_FEMALE_HALFLING;X3HARV;X3HARV;skitiaNpcs;Arvora;;
X3HDB;HUMANOID;DWARF;FIGHTER;FIGHTER_MALE_DWARF;X3HDB;;skitiaNpcs;Harim Battlebringer;;
X3HDC;HUMANOID;DWARF;CLERIC;CLERIC_MALE_DWARF;X3HDC;recler02;skitiaNpcs;Duncan Righthammer;;
X3HDD;HUMANOID;DWARF;FIGHTER;FIGHTER_MALE_DWARF;X3HDD;X3HDD;skitiaNpcs;Boris the Unyielding;;
X3HEL;HUMANOID;DWARF;FIGHTER_CLERIC;FIGHTER_FEMALE_DWARF;X3Hel;X3Hel;skitiaNpcs;Helga;;
X3HEL25;HUMANOID;DWARF;FIGHTER_CLERIC;FIGHTER_FEMALE_DWARF;X3Hel;X3Hel25;skitiaNpcs;Helga;;
X3HGEM;HUMANOID;HUMAN;MAGE;MAGE_FEMALE_HUMAN;X3HGEM;X3HGEM;skitiaNpcs;Gigi;;
X3HPOOR;HUMANOID;HUMAN;INNOCENT;PEASANT_MAN;X3HPOOR;X3HPOOR;skitiaNpcs;Poor Man;;
X3HR1F1;HUMANOID;HUMAN;FIGHTER;FIGHTER_MALE_HUMAN;X3HR1F1;X3HR1F1;skitiaNpcs;Warrior;;
X3HR1F2;HUMANOID;HUMAN;FIGHTER;FIGHTER_MALE_HUMAN;X3HR1F2;REBAND03;skitiaNpcs;Warrior;;
X3HR1R;HUMANOID;HUMAN;THIEF;THIEF_MALE_HUMAN;X3HR1R;REBAND02;skitiaNpcs;Rogue;;
X3HR2C1;HUMANOID;HUMAN;CLERIC;CLERIC_MALE_HUMAN;X3HR2C1;recler02;skitiaNpcs;Cleric;;
X3HR2F1;HUMANOID;HUMAN;FIGHTER;FIGHTER_MALE_HUMAN;X3HR2F1;REBAND03;skitiaNpcs;Warrior;;
X3HR2M1;HUMANOID;GNOME;MAGE;MAGE_MALE_GNOME;X3HR2M1;X3HR2M1;skitiaNpcs;Mage;;
X3HRL;HUMANOID;HUMAN;THIEF;THIEF_MALE_HUMAN;X3HRL;X3HRL;skitiaNpcs;Rulendo;;
X3HSCRY;HUMANOID;HUMAN;MAGE;MAGE_MALE_HUMAN;X3HSCRY;X3HSCRY;skitiaNpcs;Abermon;;
X3HSON;HUMANOID;DWARF;FIGHTER;FIGHTER_MALE_DWARF;X3HSON;X3HSON;skitiaNpcs;Berk;;
X3HZAG1;HUMANOID;HUMAN;THIEF;THIEF_MALE_HUMAN;X3HZAG1;X3HZAG1;skitiaNpcs;Contact;;
X3HZAG2;HUMANOID;HUMAN;THIEF;THIEF_MALE_HUMAN;X3HZAG2;X3HZAG2;skitiaNpcs;Mercenary;;
X3HZAVA;HUMANOID;HALFORC;CLERIC;CLERIC_MALE_HALFORC;X3HZAVA;X3HZAVA;skitiaNpcs;Zavatar;;
X3KAL;HUMANOID;HALFLING;FIGHTER;FIGHTER_MALE_HALFLING;X3Kal;X3Kal;skitiaNpcs;Kale;;
X3KAL25;HUMANOID;HALFLING;FIGHTER;FIGHTER_MALE_HALFLING;X3Kal;X3Kal25;skitiaNpcs;Kale;;
X3KALV;HUMANOID;VAMPIRE;VAMPIRE;FIGHTER_MALE_HALFLING;X3KalV;X3KalV;skitiaNpcs;Kale;;
X3KBRYCE;HUMANOID;HUMAN;FIGHTER;AMNIAN_SOLDIER;X3KBRYCE;X3KBRYCE;skitiaNpcs;Sergeant Bryce;;
X3KC;HUMANOID;HUMAN;THIEF;FIGHTER_MALE_HUMAN;X3KC;X3KC;skitiaNpcs;Chester;;
X3KD;HUMANOID;HALFLING;INNOCENT;CLERIC_FEMALE_HALFLING;X3KD;X3KD;skitiaNpcs;Dallie;;
X3KF;HUMANOID;GNOME;INNOCENT;MAGE_FEMALE_GNOME;X3KF;X3KF;skitiaNpcs;Flora;;
X3KJIL;HUMANOID;HALFLING;FIGHTER;FIGHTER_FEMALE_HALFLING;X3KJIL;X3KJIL;skitiaNpcs;Jillian;;
X3KLOVE;HUMANOID;HALFLING;THIEF;THIEF_FEMALE_HALFLING;X3KLove;X3KLove;skitiaNpcs;Alora;;
X3KM;HUMANOID;HUMAN;INNOCENT;BEGGAR_MAN;X3KM;X3KM;skitiaNpcs;Martin;;
X3KMERC;HUMANOID;HUMAN;THIEF;THIEF_MALE_HUMAN;X3KMERC;X3KMERC;skitiaNpcs;Mercenary;;
X3KMERC2;HUMANOID;HUMAN;THIEF;THIEF_MALE_HUMAN;X3KMERC2;X3KMERC;skitiaNpcs;Mercenary;;
X3KMERC3;HUMANOID;HUMAN;FIGHTER;FIGHTER_MALE_HUMAN;X3KMERC3;X3KMERC;skitiaNpcs;Mercenary;;
X3RAMB1;HUMANOID;HUMAN;THIEF;THIEF_MALE_HUMAN;X3RAMB1;X3RAMB1;skitiaNpcs;Bounty Hunter;;
X3RAMB2;HUMANOID;HUMAN;FIGHTER;FIGHTER_MALE_HUMAN;X3RAMB2;X3RAMB2;skitiaNpcs;Hired Killer;;
X3RB1;HUMANOID;HUMAN;FIGHTER;FIGHTER_FEMALE_HUMAN;X3RB1;X3RB1;skitiaNpcs;Bandit;;
X3RB2;HUMANOID;HUMAN;CLERIC;CLERIC_FEMALE_HUMAN;X3RB2;X3RB;skitiaNpcs;Bandit;;
X3RB3;HUMANOID;HALFORC;THIEF;THIEF_MALE_HALFORC;X3RB3;X3RB;skitiaNpcs;Bandit;;
X3RB4;HUMANOID;HALFORC;FIGHTER;FIGHTER_MALE_HALFORC;X3RB4;X3RB;skitiaNpcs;Bandit;;
X3RB5;HUMANOID;HUMAN;MAGE;MAGE_MALE_HUMAN;X3RB5;X3RB;skitiaNpcs;Bandit;;
X3RB6;HUMANOID;HUMAN;FIGHTER;FIGHTER_MALE_HUMAN;X3RB6;X3RB;skitiaNpcs;Bandit;;
X3REB;HUMANOID;GNOME;BARD;CLERIC_FEMALE_GNOME;X3Reb;X3Reb;skitiaNpcs;Recorder;;
X3REB25;HUMANOID;GNOME;BARD;CLERIC_FEMALE_GNOME;X3Reb;X3Reb25;skitiaNpcs;Recorder;;
X3REMOVE;HUMANOID;HUMAN;FIGHTER;PIRATE;X3REMOVE;X3REMOVE;skitiaNpcs;The Remover;;
X3RFER;ANIMAL;NO_RACE;MAGE_THIEF;GROUNDHOG;X3RFER;X3RFER;skitiaNpcs;Gustav;;
X3RKID;HUMANOID;GNOME;INNOCENT;BOY;X3RKID;X3RKID;skitiaNpcs;Raban;;
X3RLOVE;HUMANOID;GNOME;INNOCENT;BOY;X3Rlove;X3Rlove;skitiaNpcs;Raban;;
X3RM;HUMANOID;HUMAN;MAGE;MAGE_MALE_HUMAN;X3RM;X3RM;skitiaNpcs;Aerik;;
X3RM25;HUMANOID;HUMAN;MAGE;MAGE_MALE_HUMAN;X3RM25;X3RM25;skitiaNpcs;Aerik;;
X3RMOM;HUMANOID;GNOME;CLERIC;CLERIC_FEMALE_GNOME;X3RMOM;X3RMOM;skitiaNpcs;Siria;;
X3RPHEL;HUMANOID;GNOME;FIGHTER;FIGHTER_MALE_GNOME;X3RPHEL;X3RPHEL;skitiaNpcs;Phelgrim;;
X3RPIR1;HUMANOID;HUMAN;FIGHTER;PIRATE;X3RPIR1;X3RPIR1;skitiaNpcs;Pirate;;
X3RPIR2;HUMANOID;HUMAN;THIEF;PIRATE;X3RPIR2;X3RPIR2;skitiaNpcs;Pirate;;
X3RPIR3;HUMANOID;HUMAN;THIEF;PIRATE;X3RPIR3;X3RPIR3;skitiaNpcs;Pirate;;
X3RPIR4;HUMANOID;HUMAN;FIGHTER;PIRATE;X3RPIR4;X3RPIR4;skitiaNpcs;Pirate;;
X3RTANYA;HUMANOID;HUMAN;THIEF;THIEF_FEMALE_HUMAN;X3RTANYA;X3RTANYA;skitiaNpcs;Tanya;;
X3VADRIE;HUMANOID;ELF;CLERIC;CLERIC_FEMALE_ELF;X3VAdrie;X3VAdrie;skitiaNpcs;Adrie;;
X3VDROW;HUMANOID;ELF;FIGHTER;FIGHTER_MALE_ELF;X3VDROW;X3VDROW;skitiaNpcs;Xel'nu;;
X3VDROW2;HUMANOID;ELF;FIGHTER;FIGHTER_MALE_ELF;X3VDROW2;UDDROW02;skitiaNpcs;Drow Warrior;;
X3VDROW3;HUMANOID;ELF;FIGHTER;FIGHTER_MALE_ELF;X3VDROW3;UDDROW02;skitiaNpcs;Drow Warrior;;
X3VG;HUMANOID;HUMAN;INNOCENT;AMNIAN_SOLDIER;X3VG;X3VG;skitiaNpcs;Amnian Soldier;;
X3VGAL;HUMANOID;ELF;MAGE;MAGE_MALE_ELF;X3VGal;X3VGal;STRATAGEMS;Galidan;;
X3VIE;HUMANOID;ELF;MAGE_THIEF;MAGE_FEMALE_ELF;X3Vie;X3Vie;skitiaNpcs;Vienxay;;
X3VIE25;HUMANOID;ELF;MAGE_THIEF;MAGE_FEMALE_ELF;X3Vie;X3Vie25;skitiaNpcs;Vienxay;;
X3VLOVE;HUMANOID;ELF;MAGE;MAGE_MALE_ELF;X3VLove;X3VLove;skitiaNpcs;Leondolis;;
X3VSAG25;HUMANOID;ELF;MAGE;MAGE_MALE_ELF;X3VSAG25;X3VSAG25;skitiaNpcs;Sules'terim;;
X3VSAGE;HUMANOID;ELF;MAGE;MAGE_MALE_ELF;X3VSage;X3VSage;skitiaNpcs;Sules'terim;;
X3VSAMIR;HUMANOID;HUMAN;INNOCENT;BEGGAR_MAN;X3VSamir;X3VSamir;skitiaNpcs;Samir;;
L#ADV1;HUMANOID;HUMAN;MAGE;MAGE_MALE_HUMAN;L#ADV1;L#ADV1;foundlings;Toracz;;
L#ADV2;HUMANOID;HUMAN;FIGHTER;THIEF_MALE_HUMAN;L#ADV2;L#ADV2;foundlings;Joah;;
L#ADV3;HUMANOID;HUMAN;CLERIC;CLERIC_FEMALE_HUMAN;L#ADV3;L#ADV3;foundlings;Sonya;;
L#CURS;GIANTHUMANOID;OGRE;OGRE_MAGE;MIST_CREATURE;L#CURS;;foundlings;Curse;OgreMage;false
L#FFAM;MONSTER;WYVERN;MAGE;WYVERN_BIG;L#FFAM;L#FFAM;foundlings;Familiar;Wyvern;false
L#FOGR2;UNDEAD;MIST;MIST;FAT_WOMAN;L#FOGR2;L#FOGR2;foundlings;Gray Hag;;
L#FOGRA;UNDEAD;MIST;MIST;MIST_CREATURE;L#FOGRA;L#FOGRA;foundlings;Gray Spectre;;
L#FOIVO;HUMANOID;BASILISK;FIGHTER;SIRINE;L#FOIVO;L#FOIVO;foundlings;Ivory Witch;;
L#FOMIST;MONSTER;BASILISK;BASILISK;BLOB_MIST_CREATURE;L#FOMIST;;foundlings;Pearl Mist;LesserBasilisk;false
L#FOU;HUMANOID;HUMAN;MAGE;FIGHTER_MALE_HUMAN;L#FOU;L#FOU;foundlings;Foundling;;
L#FOU25;HUMANOID;HUMAN;MAGE;FIGHTER_MALE_HUMAN;L#FOU;L#FOU25;foundlings;Foundling;;
L#FOUD;ANIMAL;DRAGON;CLERIC;THIEF_MALE_HUMAN;L#FOUD;L#FSHA;foundlings;Thaxll'ssillyia;;
L#FSP37;GIANTHUMANOID;MIST;FIGHTER;REVENANT;;;foundlings;Shadowbound;;
L#FSPS2;UNDEAD;SHADOW;FIGHTER;SHADOW;L#SUMSHAD;NONE;foundlings;Shadow;Shadow;false
L#FSW;HUMANOID;GNOLL;GNOLL;DANCING_SWORD;L#FSW;L#FSW;foundlings;;;
L#GLOR;HUMANOID;HUMAN;INNOCENT;MAGE_FEMALE_HUMAN;L#GLOR;L#GLOR;foundlings;Gloria D'Orlaux;;
L#GUAR;GIANTHUMANOID;GENIE;GENIE_DAO;WAILING_VIRGIN;L#GUAR;L#GUAR;foundlings;Misty Guardian;;
L#RAT;ANIMAL;NO_RACE;NO_CLASS;FIGHTER_MALE_HUMAN;L#RAT;;foundlings;Faded-to-Gray;;
L#SHA1;UNDEAD;SHADOW;FIGHTER;SHADOW;L#SHA1;L#SHA1;foundlings;Shadow;Shadow;false
L#SSH;GIANTHUMANOID;DARKPLANATAR;BARD;THIEF_FEMALE_ELF;L#SSH;L#SSH;foundlings;Shadow Hatchling;;
L#2ED25;HUMANOID;HUMAN;BARD;FIGHTER_MALE_HUMAN;L#2EDDRD;L#2ED25;skiecost;Eddard;;
L#2EDDOG;ANIMAL;DOG;DOG_WAR;L#_PUPPY;L#2EDDOG;L#2EDDOG;skiecost;Puppy;WarDog;false
L#2EDDRD;HUMANOID;HUMAN;BARD;FIGHTER_MALE_HUMAN;L#2EDDRD;L#2EDDRD;skiecost;Eddard;;
L#2EDJCK;UNDEAD;WRAITH;MAGE;CLERIC_MALE_HALFORC;L#2EDJCK;L#2EDJCK;skiecost;Jackly;;
L#2EDVAM;UNDEAD;VAMPIRE;VAMPIRE;FIGHTER_MALE_HUMAN;L#2EDVAM;L#2EDVAM;skiecost;Eddard;;
L#2SD25;HUMANOID;HUMAN;THIEF;THIEF_FEMALE_HUMAN;L#2SDSKIE;L#2SD25;skiecost;Skie;;
L#2SDBON;HUMANOID;HUMAN;THIEF;THIEF_MALE_HUMAN;L#2SDBON;L#2SDBON;skiecost;Bontt;;
L#2SDEDB;HUMANOID;HUMAN;THIEF;FAT_MAN;L#2SDEDB;L#2SDEDB;skiecost;Buyer;;
L#2SDEDG;HUMANOID;HUMAN;THIEF;THIEF_MALE_HUMAN;L#2SDEDG;L#2SDEDG;skiecost;Shady Character;;
L#2SDEDQ;HUMANOID;HUMAN;FIGHTER;FIGHTER_MALE_HUMAN;L#2SDEDQ;L#2SDEDQ;skiecost;Vully;;
L#2SDEDS;HUMANOID;HUMAN;THIEF;THIEF_MALE_HUMAN;L#2SDEDS;L#2SDEDS;skiecost;Seller;;
L#2SDELD;HUMANOID;HUMAN;BARD;THIEF_MALE_HUMAN;L#2SDELD;L#2SDELD;skiecost;Eldoth;;
L#2SDLIC;UNDEAD;LICH;MAGE;LICH;L#2SDLIC;L#2SDLIC;skiecost;Xamh the Retired;;
L#2SDMES;HUMANOID;TIEFLING;BARD;MAGE_FEMALE_ELF;L#2SDMES;L#2SDMES;skiecost;Missini;;
L#2SDMO4;MONSTER;DEMONIC;TANARI;FIEND_GREEN;L#2SDMO4;;STRATAGEMS;Soultaker's Manifestation;;
L#2SDNEM;HUMANOID;HUMAN;MAGE;MAGE_FEMALE_HUMAN;L#2SDNEM;L#2SDNEM;skiecost;Nem;;
L#2SDNM1;MONSTER;SLIME;MUSTARD_JELLY;L#2SD_SOULTAKER_MIASMA;L#2SDNM1;;skiecost;Soul Miasma;MustardJelly;false
L#2SDNM2;GIANTHUMANOID;GOLEM;GOLEM_CLAY;L#2SD_SOULTAKER_GOLEM;L#2SDNM2;;skiecost;Soultaker Golem;ClayGolem;false
L#2SDPIR;HUMANOID;HUMAN;FIGHTER;PIRATE;L#2SDPIR;;skiecost;Pirate;;
L#2SDPYL;HUMANOID;HUMAN;INNOCENT;CLERIC_FEMALE_HALFLING;L#2SDPYL;L#2SDPYL;skiecost;Pyll;;
L#2SDROI;HUMANOID;HUMAN;THIEF;THIEF_MALE_HUMAN;L#2SDROI;L#2SDROI;skiecost;Roi "Biggie";;
L#2SDSH;HUMANOID;HUMAN;INNOCENT;FAT_MAN;L#2SDSH;L#2SDSH;skiecost;Merchant;;
L#2SDSKI;HUMANOID;HUMAN;THIEF;THIEF_FEMALE_HUMAN;L#2SDSKIE;L#2SDSKI;skiecost;Skie;;
L#2SDSOU;HUMANOID;HUMAN;INNOCENT;WILL_O_WISP;L#2SDSOU;L#2SDSOU;skiecost;Skie's Soul;;
L#2SDVDE;MONSTER;GOLEM;GOLEM_IRON;THIEF_FEMALE_HUMAN;L#2SDVDE;;skiecost;Skie;IronGolem;false
L#2SDVO1;MONSTER;GOLEM;GOLEM_IRON;THIEF_MALE_HUMAN;L#2SDVO1;;skiecost;Her Naïvety;IronGolem;false
L#2SDVO2;MONSTER;GOLEM;GOLEM_IRON;FIGHTER_MALE_HUMAN;L#2SDVO2;;skiecost;Her Father's Expectation;IronGolem;false
L#2SDVO3;MONSTER;GOLEM;GOLEM_IRON;THIEF_FEMALE_HUMAN;L#2SDVO3;;skiecost;Her Reckless Bravado;IronGolem;false
L#2SDVO4;MONSTER;GOLEM;GOLEM_IRON;MONK;L#2SDVO4;;skiecost;Her Hooded Oppressor;IronGolem;false
L#2SDVO5;MONSTER;GOLEM;GOLEM_IRON;FIGHTER_MALE_HUMAN;L#2SDVO5;;skiecost;Her Leader;IronGolem;false
L#2SDVO6;MONSTER;GOLEM;GOLEM_IRON;FIGHTER_MALE_HUMAN;L#2SDVO6;;skiecost;Her Grief and Stings of Remorse;IronGolem;false
L#2SDVO7;MONSTER;GOLEM;GOLEM_IRON;FIGHTER_MALE_HUMAN;L#2SDVO7;;skiecost;Her Indiscipline;IronGolem;false
L#2SDVOA;UNDEAD;MIST;MIST;MIST_CREATURE;L#2SDVOA;;skiecost;Hurtful Mockery;;
L#2SDVOC;MONSTER;GOLEM;KOBOLD_XVART;KOBOLD_XVART;L#2SDVOC;;skiecost;Reckless Decision;;
L#2SDVOE;MONSTER;GOLEM;KOBOLD_XVART;SKELETON;L#2SDVOE;;skiecost;Murderous Command;;
L#2SDVOG;HUMANOID;HUMAN;FIGHTER;CLERIC_MALE_HUMAN;L#2SDVOG;;skiecost;Flaming Fist Enforcer;;
C0AASCL;HUMANOID;HUMAN;CLERIC_MAGE;MONK;c0aascl;c0aascl;Aura_BG1_2_EET;Asclepios;;
C0AASCS;HUMANOID;HUMAN;CLERIC;CLERIC_MALE_HUMAN;c0aascs;c0aascs;Aura_BG1_2_EET;Gilbert;;
C0ACERI;HUMANOID;DRAGON;THIEF;THIEF_FEMALE_GNOME;c0aceri;c0aceri;Aura_BG1_2_EET;Ceri;;
C0ACERI2;HUMANOID;DRAGON;THIEF;THIEF_FEMALE_GNOME;c0aceri;c0aceri2;Aura_BG1_2_EET;Ceri;;
C0AEELE;GIANTHUMANOID;ELEMENTAL;ELEMENTAL_EARTH;-1;c0aeele;c0aeele;Aura_BG1_2_EET;Colossal Earth Elemental;;
C0AEINT1;HUMANOID;GNOME;FIGHTER_THIEF;THIEF_MALE_GNOME;C0AEINT1;;Aura_BG1_2_EET;Interitus Agent;;
C0AEINT2;HUMANOID;GNOME;FIGHTER;FIGHTER_MALE_GNOME;C0AEINT2;;Aura_BG1_2_EET;Interitus Enforcer;;
C0AEINT3;HUMANOID;GNOME;FIGHTER;FIGHTER_MALE_GNOME;C0AEINT3;;Aura_BG1_2_EET;Interitus Elite;;
C0AEINT4;HUMANOID;GNOME;FIGHTER;FIGHTER_MALE_GNOME;C0AEINT4;;Aura_BG1_2_EET;Interitus Enforcer;;
C0AEINT5;HUMANOID;GNOME;FIGHTER_THIEF;THIEF_MALE_GNOME;C0AEINT5;;Aura_BG1_2_EET;Interitus Agent;;
C0AEX1;HUMANOID;GNOME;THIEF;THIEF_FEMALE_GNOME;c0aex1;c0aex1;Aura_BG1_2_EET;???;;
C0AFIR01;MONSTER;SALAMANDER;ELEMENTAL_FIRE;SALAMANDER_FIRE;c0afir01;c0afir01;Aura_BG1_2_EET;S'aalvlani;;
C0AFIR02;GIANTHUMANOID;ELEMENTAL;ELEMENTAL_FIRE;FIGHTER_MALE_DWARF;c0afir02;;Aura_BG1_2_EET;Azer Warrior;;
C0AFIR03;GIANTHUMANOID;GIANT;FIGHTER;GIANT_FIRE;c0afir03;None;Aura_BG1_2_EET;Fire Giant;;
C0AFIR04;GIANTHUMANOID;GIANT;FIGHTER;GIANT_FIRE;c0afir04;None;Aura_BG1_2_EET;Fire Giant;;
C0AFIR05;GIANTHUMANOID;ELEMENTAL;ELEMENTAL_FIRE;ELEMENTAL_FIRE;c0afir05;c0afir05;Aura_BG1_2_EET;Duke V'thilix;;
C0AFIR06;HUMANOID;GENIE;FIGHTER_MAGE;EFREETI_NOBLE;c0afir06;;Aura_BG1_2_EET;Izzeel al-Zakeer;;
C0AFIR07;HUMANOID;ELEMENTAL;CLERIC;CLERIC_FEMALE_DWARF;c0afir07;;Aura_BG1_2_EET;Lakai G'alavai;;
C0AFIR08;GIANTHUMANOID;ELEMENTAL;ELEMENTAL_FIRE;ELEMENTAL_FIRE_SMALL;c0afir08;;Aura_BG1_2_EET;V'thilix's Ember;;
C0AFIR09;GIANTHUMANOID;ELEMENTAL;ELEMENTAL_FIRE;ELEMENTAL_FIRE;c0afir05;c0afir05;Aura_BG1_2_EET;V'thilix, Undying Cinder;;
C0AFIR10;MONSTER;PLATE;NO_CLASS;DOOM_GUARD_LARGER;c0afir10;SHALT01;Aura_BG1_2_EET;Inextinguishable Flame;;
C0AFIR11;HUMANOID;NO_RACE;NO_CLASS;SEAGULL;c0afir11;None;Aura_BG1_2_EET;;;
C0AFRITZ;HUMANOID;GNOME;FIGHTER;FIGHTER_MALE_GNOME;c0afritz;c0afritz;Aura_BG1_2_EET;Fritz;;
C0AGNO01;HUMANOID;GNOME;FIGHTER;FIGHTER_MALE_DWARF;c0agno01;c0agno01;Aura_BG1_2_EET;11th Workshop Builder;;
C0AGNO02;HUMANOID;GNOME;FIGHTER;FIGHTER_FEMALE_GNOME;c0agno01;c0agno01;Aura_BG1_2_EET;11th Workshop Builder;;
C0AGNO03;HUMANOID;GNOME;FIGHTER;FIGHTER_MALE_GNOME;c0agno03;c0agno03;Aura_BG1_2_EET;Oculus Agent;;
C0AGNO04;HUMANOID;GNOME;FIGHTER;FIGHTER_MALE_GNOME;c0agno04;c0agno04;Aura_BG1_2_EET;Oculus Agent;;
C0AGNO05;HUMANOID;GNOME;FIGHTER;FIGHTER_MALE_DWARF;c0agno05;c0agno05;Aura_BG1_2_EET;Master Builder Tagos;;
C0AGNO06;HUMANOID;GNOME;FIGHTER;FIGHTER_MALE_GNOME;c0agno06;c0agno06;Aura_BG1_2_EET;Oculus Agent;;
C0AGNO07;HUMANOID;GNOME;FIGHTER;FIGHTER_MALE_GNOME;c0agno07;c0agno07;Aura_BG1_2_EET;Oculus Agent;;
C0AGNO08;HUMANOID;GNOME;FIGHTER;FIGHTER_FEMALE_GNOME;c0agno08;c0agno03;Aura_BG1_2_EET;Oculus Agent;;
C0AGOL01;GIANTHUMANOID;GOLEM;GOLEM_IRON;C0_ADAMANTITE_GOLEM;C0AGOL01;;Aura_BG1_2_EET;Adamantite Automaton;IronGolem;false
C0AGOL02;GIANTHUMANOID;GOLEM;GOLEM_IRON;C0_ADAMANTITE_GOLEM;C0AGOL01;C0AGOL02;Aura_BG1_2_EET;Adamantite Automaton;IronGolem;false
C0AGOL03;GIANTHUMANOID;GOLEM;GOLEM_IRON;C0_MITHRIL_GOLEM;C0AGOL01;C0AGOL03;Aura_BG1_2_EET;Mithral Automaton;IronGolem;false
C0AGOL04;GIANTHUMANOID;GOLEM;GOLEM_STONE;C0_SHIELD_GUARD;C0AGOL04;;Aura_BG1_2_EET;Lantanese Battle Automaton;StoneGolem;false
C0AGOL05;GIANTHUMANOID;GOLEM;GOLEM_IRON;C0_ADAMANTITE_GOLEM;C0AGOL01;;Aura_BG1_2_EET;Adamantite Automaton;IronGolem;false
C0AGOL06;GIANTHUMANOID;GOLEM;GOLEM_IRON;C0_MITHRIL_GOLEM;C0AGOL01;;Aura_BG1_2_EET;Mithral Automaton;IronGolem;false
C0AGOL07;GIANTHUMANOID;GOLEM;GOLEM_STONE;C0_SHIELD_GUARD;C0AGOL04;;Aura_BG1_2_EET;Lantanese Battle Automaton;StoneGolem;false
C0AICE01;HUMANOID;FAIRY;MAGE;C0_SNOW_HAG;c0aice01;c0aice01;Aura_BG1_2_EET;Ishallir;;
C0AJUNO;HUMANOID;GNOME;FIGHTER_THIEF;FIGHTER_FEMALE_GNOME;c0ajuno;c0ajuno;Aura_BG1_2_EET;Juno;;
C0AKEG1;GENERAL_ITEM;KEG;NO_CLASS;KEG1;;;Aura_BG1_2_EET;Smokepowder Barrel;;
C0AKID1;HUMANOID;HUMAN;INNOCENT;BOY;C0AKID1;C0AKID1;Aura_BG1_2_EET;Boy;;
C0AKID2;HUMANOID;HUMAN;INNOCENT;BOY;C0AKID2;C0AKID2;Aura_BG1_2_EET;Boy;;
C0AKID3;HUMANOID;HUMAN;INNOCENT;GIRL;C0AKID3;C0AKID3;Aura_BG1_2_EET;Girl;;
C0AKID4;HUMANOID;HUMAN;INNOCENT;GIRL;C0AKID4;C0AKID4;Aura_BG1_2_EET;Girl;;
C0AKOKO;ANIMAL;CAT;CAT;CAT;c0akoko;c0akoko;Aura_BG1_2_EET;Koko;Jaguar;false
C0AKOKO2;ANIMAL;CAT;CAT;CAT;c0akoko2;c0akoko;Aura_BG1_2_EET;Koko;Jaguar;false
C0ALUNA;HUMANOID;GNOME;CLERIC_THIEF;THIEF_FEMALE_GNOME;c0aluna;c0aluna;Aura_BG1_2_EET;Luna;;
C0AMAGN;HUMANOID;GNOME;MAGE;MAGE_MALE_GNOME;c0amagn;c0amagn;Aura_BG1_2_EET;Caridius C. Magnussen;;
C0APICO;HUMANOID;GNOME;THIEF;THIEF_MALE_GNOME;c0apico;c0apico;Aura_BG1_2_EET;Pico Jansen;;
C0AQDAD;HUMANOID;HUMAN;INNOCENT;SLEEPING_MAN_HUMAN;c0aqdad;c0aqdad;Aura_BG1_2_EET;Sean's Father;;
C0AQINS2;HUMANOID;HUMAN;INNOCENT;CLERIC_MALE_HUMAN;c0aqins2;c0aqins2;Aura_BG1_2_EET;Inspector;;
C0AQINSP;HUMANOID;HUMAN;FLAMING_FIST;FIGHTER_MALE_HUMAN;c0aqinsp;c0aqinsp;Aura_BG1_2_EET;Lieutenant Aegisfield;;
C0AQINT1;HUMANOID;GNOME;FIGHTER;THIEF_MALE_GNOME;C0AQINT1;C0AQINT1;Aura_BG1_2_EET;Interitus Agent;;
C0AQINT2;HUMANOID;GNOME;THIEF;FIGHTER_MALE_GNOME;C0AQINT2;C0AQINT2;Aura_BG1_2_EET;Lt. Otho Aventinus;;
C0AQINT3;HUMANOID;GNOME;FIGHTER;THIEF_MALE_GNOME;C0AQINT3;C0AQINT3;Aura_BG1_2_EET;Interitus Agent;;
C0AQINT4;HUMANOID;GNOME;FIGHTER;THIEF_MALE_GNOME;C0AQINT4;C0AQINT1;Aura_BG1_2_EET;Interitus Agent;;
C0AQINT5;HUMANOID;GNOME;FIGHTER;THIEF_MALE_GNOME;C0AQINT5;C0AQINT1;Aura_BG1_2_EET;Interitus Agent;;
C0AQINT6;HUMANOID;GNOME;FIGHTER;THIEF_MALE_GNOME;C0AQINT6;C0AQINT1;Aura_BG1_2_EET;Interitus Agent;;
C0AQINT7;HUMANOID;GNOME;FIGHTER;THIEF_MALE_GNOME;C0AQINT7;C0AQINT1;Aura_BG1_2_EET;Interitus Agent;;
C0AQMAN;HUMANOID;HUMAN;INNOCENT;PEASANT_MAN;c0aqman;c0aqman;Aura_BG1_2_EET;Sean;;
C0AQMON1;GIANTHUMANOID;HUMAN;GOLEM_STONE;C0_MUTANT;C0AQMON1;C0AQMON1;Aura_BG1_2_EET;Abomination;;
C0AQMON2;GIANTHUMANOID;HUMAN;GOLEM_STONE;C0_MUTANT;C0AQMON2;C0AQMON2;Aura_BG1_2_EET;Abomination;;
C0AQTHF;HUMANOID;HUMAN;THIEF;THIEF_MALE_HUMAN;c0aqthf;c0aqthf;Aura_BG1_2_EET;Roy;;
C0AREES1;HUMANOID;GNOME;FIGHTER_THIEF;FIGHTER_MALE_HALFLING;C0AREES;C0AREES;Aura_BG1_2_EET;Reese;;
C0AREES2;HUMANOID;GNOME;FIGHTER_THIEF;FIGHTER_MALE_HALFLING;C0AREES;C0AREES;Aura_BG1_2_EET;Reese;;
C0ATHF1;HUMANOID;HUMAN;THIEF;THIEF_MALE_HUMAN;c0athf1;c0athf1;Aura_BG1_2_EET;Thug;;
C0ATHF2;HUMANOID;HUMAN;THIEF;THIEF_MALE_HUMAN;c0athf2;c0athf2;Aura_BG1_2_EET;Thug Leader;;
C0ATHF3;HUMANOID;HUMAN;THIEF;THIEF_MALE_HUMAN;c0athf3;c0athf3;Aura_BG1_2_EET;Thug;;
C0ATHF4;HUMANOID;HUMAN;THIEF;THIEF_MALE_HUMAN;c0athf4;c0athf4;Aura_BG1_2_EET;Thug;;
C0AU#AT1;MONSTER;GOLEM;NO_CLASS;C0_AUTOCANNON;c0au#at1;NONE;Aura_BG1_2_EET;Lantan Autocannon;;
C0AU25WR;HUMANOID;HUMAN;FIGHTER;MAGE_FEMALE_HUMAN;c0au25wr;c0au25wr;Aura_BG1_2_EET;Reika;;
C0AUALCH;ANIMAL;NO_RACE;NO_CLASS;DOOM_GUARD;c0aualch;c0aualch;Aura_BG1_2_EET;Alchemy;;
C0AUDAD;HUMANOID;GNOME;THIEF;FIGHTER_MALE_GNOME;c0audad;c0audad;Aura_BG1_2_EET;Kairos;;
C0AUICE1;GIANTHUMANOID;ELEMENTAL;ELEMENTAL_AIR;ELEMENTAL_AIR;c0auice1;c0auice1;Aura_BG1_2_EET;Orglash;;
C0AUICEB;HUMANOID;NO_RACE;NO_CLASS;SEAGULL;c0auiceb;c0auiceb;Aura_BG1_2_EET;;;
C0AUIN3A;GIANTHUMANOID;GOLEM;SORCERER;C0_AURA_AUTOMATON;c0auin3;c0auin3;Aura_BG1_2_EET;Bronze Automaton;;
C0AUIN3B;GIANTHUMANOID;GOLEM;SORCERER;C0_AURA_AUTOMATON_JADE;c0auin3;c0auin3;Aura_BG1_2_EET;Jade Automaton;;
C0AUIN3C;GIANTHUMANOID;GOLEM;SORCERER;C0_AURA_AUTOMATON_BLACK;c0auin3;c0auin3;Aura_BG1_2_EET;Adamantine Automaton;;
C0AUIN3D;GIANTHUMANOID;GOLEM;FIGHTER_MAGE;GOLEM_CLAY;c0auin3;C0AUIN3;Aura_BG1_2_EET;;ClayGolem;false
C0AUIN4;ANIMAL;NO_RACE;NO_CLASS;DOOM_GUARD;c0auin4;c0auin4;Aura_BG1_2_EET;Wandcrafting;;
C0AUKARI;HUMANOID;HUMAN;MAGE;MAGE_FEMALE_HUMAN;c0aukari;c0aukari;Aura_BG1_2_EET;Karihi;;
C0AUMOM;HUMANOID;GNOME;INNOCENT;FIGHTER_FEMALE_GNOME;c0aumom;c0aumom;Aura_BG1_2_EET;Gillian;;
C0AURA2;HUMANOID;GNOME;THIEF;THIEF_FEMALE_GNOME;C0Aura;C0Aura2;Aura_BG1_2_EET;Aura;;
C0AURA25;HUMANOID;GNOME;THIEF;THIEF_FEMALE_GNOME;C0Aura;C0Aura25;Aura_BG1_2_EET;Aura;;
C0AUSPE1;MONSTER;BEHOLDER;BEHOLDER;BEHOLDER_SMALL;C0AUSPE1;C0AUSPE1;Aura_BG1_2_EET;Spectator Messenger;;
C0AUSUMM;ANIMAL;NO_RACE;NO_CLASS;DOOM_GUARD;C0AUSUMM;;Aura_BG1_2_EET;;;
C0AUWLF1;ANIMAL;WOLF;WOLF_DIRE;WOLF_WINTER;C0AUWLF1;C0AUWLF1;Aura_BG1_2_EET;Amatsugami-no-ken;DireWolf;false
C0AWHIRL;GIANTHUMANOID;ELEMENTAL;ELEMENTAL_AIR;DOOM_GUARD;c0awhirl;c0awhirl;Aura_BG1_2_EET;Whirlwind;;
C0AYUKI;HUMANOID;FAIRY;FAIRY_DRYAD;MAGE_FEMALE_ELF;c0ayuki;c0ayuki;Aura_BG1_2_EET;Shirayuri;Dryad;false
C0CARNIF;ANIMAL;WOLF;WOLF_WORG;WOLF_WORG;c0carnif;c0carnif;Aura_BG1_2_EET;Carnifex;Worg;false
C0DEDAL;HUMANOID;GNOME;THIEF;CLERIC_MALE_GNOME;c0dedal;c0dedal;Aura_BG1_2_EET;Dedalus;;
C0ERIDAN;HUMANOID;GNOME;SORCERER;CLERIC_MALE_HALFLING;c0eridan;c0eridan;Aura_BG1_2_EET;Eridanus;;
C0KORSH;HUMANOID;HOBGOBLIN;FIGHTER;HOBGOBLIN;c0korsh;c0korsh;Aura_BG1_2_EET;Korsh "Chip" Thurgarr;;
C0KORSHB;HUMANOID;HOBGOBLIN;FIGHTER;HOBGOBLIN;c0korshb;c0korshb;Aura_BG1_2_EET;Torpuk "Trip" Thurgarr;;
C0LIRO;HUMANOID;GNOME;THIEF;THIEF_FEMALE_GNOME;c0liro;c0liro;Aura_BG1_2_EET;Liro;;
C0LIRO2;HUMANOID;GNOME;THIEF;THIEF_FEMALE_GNOME;c0liro;c0liro2;Aura_BG1_2_EET;Liro;;
C0MARIUS;HUMANOID;GNOME;MAGE;MAGE_MALE_GNOME;c0marius;c0marius;Aura_BG1_2_EET;Marius;;
C0MUFFY2;HUMANOID;NO_RACE;NO_CLASS;STATIC_HUMANCLERIC_MAN_CHAIR;C0MUFFY2;C0MUFFY2;Aura_BG1_2_EET;Muffy;;
C0TAMIA;HUMANOID;GNOME;THIEF;THIEF_FEMALE_GNOME;c0tamia;c0tamia;Aura_BG1_2_EET;Tamia Spindleweaver;;
RH#ADR;HUMANOID;HALF_ELF;SORCERER;MAGE_MALE_ELF;rh#Adrian;rh#adr;adrian;Adrian;;
RH#ADR25;HUMANOID;HALF_ELF;SORCERER;MAGE_MALE_ELF;rh#Adrian;RH#AD25;adrian;Adrian;;
RH#ADVMP;UNDEAD;VAMPIRE;VAMPIRE;FIGHTER_MALE_HUMAN;rh#advmp;rh#vadr;adrian;Adrian;;
RH#DERYN;HUMANOID;HUMAN;THIEF;THIEF_MALE_HUMAN;rh#Deryn;rh#dery;adrian;Deryn;;
RH#MIKAI;HUMANOID;HUMAN;MAGE;MAGE_MALE_HUMAN;rh#mikai;rh#mikai;adrian;Mikail;;
RH#ORLA;HUMANOID;HUMAN;THIEF;THIEF_FEMALE_HUMAN;rh#Orlanna;rh#orla;adrian;Orlanna;;
RH#ORPH;HUMANOID;HUMAN;INNOCENT;GIRL;rh#orph;rh#orph;adrian;Girl;;
RH#SALK;HUMANOID;HUMAN;THIEF;THIEF_FEMALE_HUMAN;rh#Salka;rh#salk;adrian;Salka;;
RH#SGGRD;HUMANOID;HUMAN;FIGHTER;CLERIC_MALE_HUMAN;rh#sggrd;rh#sggrd;adrian;Soargyl Guard;;
RH#SGYL;HUMANOID;HUMAN;MAGE;NOBLE_MAN;rh#sgyl;rh#sgyl;adrian;Soargyl;;
RH#TANYA;HUMANOID;HUMAN;CLERIC;CLERIC_FEMALE_HUMAN;rh#Tanya;rh#tanya;adrian;Tanya;;
RH#ZHGRD;HUMANOID;HUMAN;THIEF;THIEF_MALE_HUMAN;rh#zhgrd;rh#zhgrd;adrian;Zhentarim Guard;;
LK#NI25;HUMANOID;ELF;MAGE;MAGE_FEMALE_ELF;Ninde;lk#ni25;ninde;Ninde;;
LK#NIAON;HUMANOID;HUMAN;PALADIN;CLERIC_FEMALE_HUMAN;lk#niaon;lk#niaon;ninde;Aondrial;;
LK#NIARC;HUMANOID;HUMAN;PALADIN;CLERIC_MALE_HUMAN_LOW;lk#niarc;lk#niarc;ninde;Lord Archonson;;
LK#NIDIL;HUMANOID;HUMAN;PALADIN;CLERIC_FEMALE_HUMAN;lk#nidil;lk#nidil;ninde;Lady Dilatuvel;;
LK#NIJAM;HUMANOID;HUMAN;PALADIN;CLERIC_FEMALE_HUMAN;lk#nijam;lk#nijam;ninde;Jamema;;
LK#NIMES;HUMANOID;HUMAN;INNOCENT;PEASANT_MAN;lk#nimes;lk#nimes;ninde;Messenger;;
LK#NIND;HUMANOID;ELF;MAGE;MAGE_FEMALE_ELF;Ninde;lk#nind;ninde;Ninde;;
LK#NIPRU;HUMANOID;HUMAN;PALADIN;CLERIC_MALE_HUMAN_LOW;lk#nipru;lk#nipru;ninde;Sir Prufrock;;
LK#NITHF;HUMANOID;HUMAN;INNOCENT;THIEF_MALE_HUMAN;lk#nithf;lk#nithf;ninde;Shadow Thief;;
LK#NIWIN;HUMANOID;HUMAN;PALADIN;CLERIC_MALE_HUMAN_LOW;lk#niwin;lk#niwin;ninde;Sir Windhover;;
LK#SYKRE;HUMANOID;HUMAN;MAGE;MAGE_MALE_HUMAN;lk#sykre;lk#sykre;ninde;Sykre;;
C0HVARAN;MONSTER;SPIDER;SORCERER;C0_ARANEA;C0HVARAN;;paina;Aranea Elder;;
C0PAI25;HUMANOID;HALF_ELF;DRUID;CLERIC_FEMALE_ELF;C0Paina;C0Pai25;paina;Pai'Na;;
C0PKITT;MONSTER;SPIDER;SPIDER_HUGE;SPIDER_HUGE;SPIDFGSU;;paina;Kitthix;HairySpider;false
C0PWITCH;HUMANOID;HUMAN;MAGE;MAGE_FEMALE_HUMAN;c0pwitch;c0pwitch;paina;Black Spider;;
O#C#SPY;HUMANOID;HUMAN;FIGHTER;SHADOW;O#C#Spy;O#C#Spy;ASSASSINATIONS;Pugney;;
O#CRALE;HUMANOID;HUMAN;PALADIN;FIGHTER_MALE_HUMAN;O#CrAle;O#CrAle;ASSASSINATIONS;Sir Alexis;;
O#CRAMA;HUMANOID;HUMAN;FIGHTER;FIGHTER_FEMALE_HUMAN;O#CrAma;O#CrAma;ASSASSINATIONS;Amara;;
O#CRBOY;HUMANOID;HUMAN;INNOCENT;BOY;O#CrBoy;O#CrBoy;ASSASSINATIONS;Boy;;
O#CRCHRI;HUMANOID;HUMAN;FIGHTER;FIGHTER_MALE_ELF;O#CrChri;O#CrChri;ASSASSINATIONS;Chris;;
O#CRDAT;HUMANOID;HUMAN;FIGHTER;FIGHTER_MALE_HUMAN;O#CrDat;O#Daton;ASSASSINATIONS;Inspector Daton;;
O#CRENF1;HUMANOID;HUMAN;MAGE;MONK;O#CrEnf1;;ASSASSINATIONS;Cowled Enforcer;;
O#CRENF2;HUMANOID;HUMAN;MAGE;MONK;O#CrEnf2;;ASSASSINATIONS;Cowled Enforcer;;
O#CRFEIN;HUMANOID;HUMAN;FIGHTER;FIGHTER_MALE_HUMAN;O#CrFein;O#CrFein;ASSASSINATIONS;Fein;;
O#CRGAN;HUMANOID;ELF;MAGE;MAGE_MALE_ELF;O#CrGan;O#CrGan;ASSASSINATIONS;Gannis;;
O#CRGIR2;HUMANOID;HUMAN;INNOCENT;HARLOT_WOMAN;O#CrGir2;O#CrGir2;ASSASSINATIONS;Girl;;
O#CRGOON;HUMANOID;HUMAN;FIGHTER_THIEF;THIEF_MALE_HUMAN;O#CrGoon;;ASSASSINATIONS;Assassin;;
O#CRGU31;HUMANOID;HUMAN;FIGHTER;AMNIAN_SOLDIER;O#CrGu31;O#CrGu31;ASSASSINATIONS;Amnian Guard;;
O#CRGU32;HUMANOID;HUMAN;FIGHTER;AMNIAN_SOLDIER;O#CrGu32;O#CrGu32;ASSASSINATIONS;Amnian Guard;;
O#CRGU71;HUMANOID;HUMAN;FIGHTER;FIGHTER_MALE_HUMAN;O#CrGu71;;ASSASSINATIONS;Mercenary;;
O#CRGU72;HUMANOID;HUMAN;MAGE;MAGE_MALE_HUMAN;O#CrGu72;;ASSASSINATIONS;Mercenary;;
O#CRGU73;HUMANOID;HUMAN;CLERIC;CLERIC_MALE_HUMAN;O#CrGu73;;ASSASSINATIONS;Mercenary;;
O#CRGUA1;HUMANOID;HUMAN;CLERIC;FIGHTER_MALE_HUMAN;O#CrGua1;;ASSASSINATIONS;Lord Melyin's Bodyguard;;
O#CRGUA2;HUMANOID;HUMAN;CLERIC;FIGHTER_MALE_HUMAN;O#CrGua2;;ASSASSINATIONS;Lord Melyin's Bodyguard;;
O#CRKERN;HUMANOID;HUMAN;THIEF;THIEF_MALE_HUMAN;O#CrKern;O#CrKern;ASSASSINATIONS;Kern;;
O#CRLAH;HUMANOID;HUMAN;INNOCENT;NOBLE_MAN;O#CrLah;;ASSASSINATIONS;Lahar Feenick;;
O#CRLAH1;HUMANOID;HUMAN;FIGHTER;FIGHTER_MALE_HUMAN;O#CrLah1;;ASSASSINATIONS;Feenick's Bodyguard;;
O#CRLAH2;HUMANOID;HUMAN;MAGE;MAGE_MALE_HUMAN;O#CrLah2;;ASSASSINATIONS;Feenick's Bodyguard;;
O#CRLAH3;HUMANOID;HUMAN;FIGHTER;FIGHTER_MALE_HUMAN;O#CrLah3;;ASSASSINATIONS;Feenick's Bodyguard;;
O#CRLAH4;HUMANOID;HUMAN;CLERIC;CLERIC_MALE_HUMAN;O#CrLah4;;ASSASSINATIONS;Feenick's Bodyguard;;
O#CRMEL;HUMANOID;HUMAN;NO_CLASS;NOBLE_MAN;O#CrMel;O#CrMel;ASSASSINATIONS;Lord Melyin;;
O#CRNEV;HUMANOID;HUMAN;CLERIC;CLERIC_MALE_HUMAN;O#CrNev;O#CrNev;ASSASSINATIONS;Nevier Costa;;
O#CRQYR;HUMANOID;HUMAN;BARD;THIEF_MALE_HUMAN;O#CrQyr;O#CrQyr;ASSASSINATIONS;Qyr;;
O#CRSIM;HUMANOID;HUMAN;INNOCENT;PEASANT_MAN;O#CrSim;O#CrSim;ASSASSINATIONS;Simon;;
O#CRSOPH;HUMANOID;HUMAN;INNOCENT;NOBLE_WOMAN;O#CrSoph;O#CrSoph;ASSASSINATIONS;Lady Sofia;;
O#CRSTEE;HUMANOID;HUMAN;BARD;THIEF_MALE_HUMAN;O#CrStee;O#CrStee;ASSASSINATIONS;Oulav Steros;;
O#CRSTG1;HUMANOID;HUMAN;FIGHTER_THIEF;THIEF_MALE_HUMAN;O#CrStG1;O#CrStG1;ASSASSINATIONS;Thug;;
O#CRSTG2;HUMANOID;HUMAN;FIGHTER_THIEF;THIEF_MALE_HUMAN;O#CrStG2;O#CrStG2;ASSASSINATIONS;Thug;;
O#CRTEA;HUMANOID;HUMAN;MAGE;THIEF_FEMALE_ELF;O#CrTea;O#CrTea;ASSASSINATIONS;Tea;;
O#CRWOM3;HUMANOID;HUMAN;INNOCENT;PEASANT_WOMAN;O#CrWom3;O#CrWom3;ASSASSINATIONS;Crying Woman;;
O#DAMIR;HUMANOID;HUMAN;INNOCENT;NOBLE_MAN;O#Damir;O#Damir;ASSASSINATIONS;Lord Damir;;
O#GEWEN;HUMANOID;HUMAN;FIGHTER;AMNIAN_SOLDIER;O#Gewen;O#Gewen;ASSASSINATIONS;Captain Gewen;;
O#LYNN;HUMANOID;HUMAN;FIGHTER_THIEF;MAGE_FEMALE_HUMAN;O#Lynn;O#Lynn;ASSASSINATIONS;Lynn;;
O#RHIN;HUMANOID;HUMAN;FIGHTER;FIGHTER_MALE_HUMAN;O#Rhin;O#Rhin;ASSASSINATIONS;Rhin;;
B!AIDAN;HUMANOID;HUMAN;PALADIN;FIGHTER_MALE_HUMAN;b!aidan;b!aidan;fadingpromises;Aidan;;
B!SELMA;HUMANOID;HUMAN;INNOCENT;PEASANT_WOMAN;b!selma;b!selma;fadingpromises;Selma;;
ADDYANA;HUMANOID;HUMAN;CLERIC;CLERIC_FEMALE_HUMAN;ADDYANA;ADDYANA;Blackhearts;D'yana;;
ADHOLM;HUMANOID;HUMAN;CLERIC;CLERIC_MALE_HUMAN;ADHOLM;ADHOLM;Blackhearts;Holmar Sorensen;;
ADKAIT;HUMANOID;HALFLING;CLERIC;CLERIC_FEMALE_HALFLING;ADKAIT;ADKAIT;Blackhearts;Kait Shea;;
ADMUGG1;HUMANOID;HUMAN;FIGHTER;FIGHTER_MALE_HUMAN;ADMUGG1;slaver4;Blackhearts;Mugger;;
ADMUGG2;HUMANOID;HUMAN;FIGHTER;FIGHTER_MALE_HUMAN;ADMUGG2;slaver4;Blackhearts;Mugger;;
ADMUGGER;HUMANOID;ELF;THIEF;THIEF_MALE_ELF;ADMUGGER;ADMUGGER;Blackhearts;Mugger;;
ADMUGGF;HUMANOID;ELF;THIEF;THIEF_FEMALE_ELF;ADMUGGF;ADMUGGF;Blackhearts;Mugger;;
ADPATRON;HUMANOID;HUMAN;INNOCENT;PEASANT_MAN;ADPATRON;ADPATRON;Blackhearts;Patron;;
ADSKELET;UNDEAD;SKELETON;SKELETON;SKELETON;ADSKELET;None;Blackhearts;Skeleton;Skeleton;false
ADSTORMA;HUMANOID;HUMAN;FIGHTER;FIGHTER_MALE_HUMAN;ADSTORMA;ADSTORMA;Blackhearts;Storm Knight;;
ADSTORMB;HUMANOID;HUMAN;FIGHTER;FIGHTER_MALE_HUMAN;ADSTORMB;ADSTORMB;Blackhearts;Storm Knight;;
ADSTORMC;HUMANOID;HUMAN;FIGHTER;FIGHTER_MALE_HUMAN;ADSTORMC;ADSTORMC;Blackhearts;Storm Knight;;
ADSUNITE;HUMANOID;HUMAN;CLERIC;CLERIC_MALE_HUMAN_LOW;ADSUNITE;ADSUNITE;Blackhearts;Sunite;;
ADWAITER;HUMANOID;HUMAN;INNOCENT;NOBLE_MAN;ADWAITER;ADWAITER;Blackhearts;Waiter;;
B!LARAN;HUMANOID;HUMAN;PALADIN;FIGHTER_MALE_HUMAN;B!LARAN;B!LARAN;Blackhearts;Laran;;
B!REMSN;HUMANOID;HUMAN;INNOCENT;PEASANT_MAN;B!REmsn;B!REmsn;Blackhearts;Refugee;;
C#BJORNI;HUMANOID;HUMAN;PALADIN;FIGHTER_MALE_HUMAN;C#Bjorni;C#Bjorni;Blackhearts;Sir Bjornin;;
C-RENAL;HUMANOID;HUMAN;THIEF;SHADOW_THIEF;C-Renal;Renal;Blackhearts;Renal;;
REAIMI;HUMANOID;HUMAN;INNOCENT;HARLOT_WOMAN;REAimi;REAimi;Blackhearts;Aimi;;
RETALAK;HUMANOID;ELF;FIGHTER;FIGHTER_MALE_ELF;RETalak;RETalak;Blackhearts;Talak;;
RE_ANNE;HUMANOID;HUMAN;FIGHTER;FIGHTER_FEMALE_HUMAN;RE_Anne;RE_Anne;Blackhearts;Anne;;
RE_BYNC;HUMANOID;HUMAN;INNOCENT;STATIC_FAT_MAN;RE_Bync;RE_Bync;Blackhearts;Bync;;
RE_CARL;HUMANOID;HUMAN;FIGHTER;FIGHTER_MALE_HUMAN;RE_Carl;RE_Carl;Blackhearts;Carlos;;
RE_CARL1;HUMANOID;HUMAN;FIGHTER;FIGHTER_MALE_HUMAN;RE_Carl1;;Blackhearts;Thug;;
RE_CARL2;HUMANOID;HUMAN;FIGHTER;FIGHTER_MALE_HUMAN;RE_Carl2;;Blackhearts;Thug;;
RE_CHAND;HUMANOID;HUMAN;MAGE;MAGE_FEMALE_HUMAN;RE_Chand;RE_Chand;Blackhearts;Chandra;;
RE_DRYAD;MONSTER;FAIRY;FAIRY_SIRINE;SIRINE;RE_Dryad;RE_DRYAD;Blackhearts;Dryad;Dryad;true
RE_ELD;HUMANOID;HUMAN;BARD;THIEF_MALE_HUMAN;RE_Eld;RE_ELD;Blackhearts;Eldoth;;
RE_ILONA;HUMANOID;HUMAN;INNOCENT;HARLOT_WOMAN;RE_Ilona;RE_Ilona;Blackhearts;Ilona;;
RE_ISAB;HUMANOID;ELF;CLERIC;CLERIC_FEMALE_HUMAN;RE_Isab;RE_Isab;Blackhearts;Isabelle;;
RE_JON;HUMANOID;HUMAN;THIEF;THIEF_MALE_HUMAN;RE_Jon;RE_Jon;Blackhearts;Jonathan;;
RE_LAIS;HUMANOID;ELF;CLERIC_MAGE;FIGHTER_FEMALE_ELF;RE_Lais;RE_LAIS;Blackhearts;Lais;;
RE_MEKRN;MONSTER;FAIRY;FAIRY_SIRINE;SIRINE;RE_Dryad;RE_DRYAD;Blackhearts;Dryad;Sirine;false
RE_MIT;HUMANOID;HUMAN;THIEF;SHADOW_THIEF;RE_Mit;RE_Mit;Blackhearts;Mit;;
RE_NOOB;HUMANOID;HUMAN;NO_CLASS;PEASANT_MAN;RE_Noob;RE_NOOB;Blackhearts;Noober;;
RE_REB;HUMANOID;ELF;CLERIC_MAGE;MAGE_FEMALE_ELF;RE_Reb;RE_REB;Blackhearts;Rebecca;;
RE_SEND;HUMANOID;ELF;CLERIC_MAGE;CLERIC_FEMALE_ELF;RE_SEND;RE_SEND;Blackhearts;Sendai;;
RE_SHERI;HUMANOID;HUMAN;BARD;CLERIC_FEMALE_HUMAN;RE_Sheri;C-Sheri;Blackhearts;Sheri D'Avignon;;
A7#ABB;MONSTER;DEMONIC;IMP;ABISHAI_BLACK;A7#AbisBlack;A7#DDVL2;A7-TestYourMettle;Black Abishai;;
A7#ABG;MONSTER;DEMONIC;IMP;ABISHAI_GREEN;A7#AbisGreen;A7#DDVL2;A7-TestYourMettle;Green Abishai;;
A7#ABR;MONSTER;DEMONIC;IMP;ABISHAI_RED;A7#AbisRed;A7#DDVL2;A7-TestYourMettle;Red Abishai;;
A7#CHIGH;HUMANOID;DRONE;FIGHTER;A7_DRONE_HEAVY;A7#CHigh;;A7-TestYourMettle;High Threat Construct;;
A7#CHSU;HUMANOID;DRONE;FIGHTER;A7_DRONE_HEAVY;A7#CHighSu;;A7-TestYourMettle;High Threat Construct;;
A7#CLOW;HUMANOID;DRONE;FIGHTER;A7_DRONE_LIGHT;A7#CLow;;A7-TestYourMettle;Low Threat Construct;;
A7#CLSU;HUMANOID;DRONE;FIGHTER;A7_DRONE_LIGHT;A7#CLowSu;;A7-TestYourMettle;Low Threat Construct;;
A7#COR;MONSTER;DEMONIC;IMP;CORNUGON;A7#Cornugon;A7#DDVL2;A7-TestYourMettle;Cornugon;;
A7#COR1;MONSTER;DEMONIC;IMP;A7_CORNUGON_BLACK;A7#Cornugon;A7#DCOR1;A7-TestYourMettle;Dogreth the Taskmaster;;
A7#CTSPY;HUMANOID;NO_RACE;NO_CLASS;BIRD;a7#cutspy;None;A7-TestYourMettle;;;
A7#CWIZ;HUMANOID;DRONE;MAGE;A7_DRONE_WIZARD;A7#CWiz;;A7-TestYourMettle;Wizard Construct;;
A7#CWSU;HUMANOID;DRONE;MAGE;A7_DRONE_WIZARD;A7#CWizSu;;A7-TestYourMettle;Wizard Construct;;
A7#DBDY;HUMANOID;HUMAN;MAGE;MAGE_MALE_HUMAN;A7#DeadAdventurer;None;A7-TestYourMettle;Corpse;;
A7#ERIN;MONSTER;DEMONIC;IMP;MAGE_FEMALE_ELF;A7#Erinyes;A7#DDVL2;A7-TestYourMettle;Erinyes;;
A7#GELU;MONSTER;DEMONIC;IMP;A7_RAVER_BLUE;a7#gelugon;None;A7-TestYourMettle;Gelugon Mastermind;;
A7#IMP;HUMANOID;IMP;IMP;IMP;A7#Imp;A7#DIMP;A7-TestYourMettle;Imp;;
A7#MDRM;HUMANOID;MODRON;FIGHTER;A7_MODRON_MONO;A7#Monodrone;A7#DMDRM;A7-TestYourMettle;Modron;;
A7#MDRM1;HUMANOID;MODRON;FIGHTER;A7_MODRON_MONO;A7#Monodrone;;A7-TestYourMettle;Modron Laborer;;
A7#MDRMO;HUMANOID;MODRON;FIGHTER;A7_MODRON_MONO;A7#Monodrone;;A7-TestYourMettle;Rogue Modron;;
A7#MDRQ;HUMANOID;MODRON;FIGHTER;A7_MODRON_QUAD_MELEE;A7#Quadrone;A7#DMDRQ;A7-TestYourMettle;Modron;;
A7#MDRQ1;HUMANOID;MODRON;FIGHTER;A7_MODRON_QUAD_MELEE;A7#Quadrone;;A7-TestYourMettle;Modron Guard;;
A7#MDRQ2;HUMANOID;MODRON;FIGHTER;A7_MODRON_QUAD_MELEE;A7#Quadrone;;A7-TestYourMettle;Modron Director;;
A7#MDRQ3;HUMANOID;MODRON;FIGHTER;A7_MODRON_QUAD_MELEE;A7#Quadrone;;A7-TestYourMettle;Modron Guide;;
A7#MDRQO;HUMANOID;MODRON;FIGHTER;A7_MODRON_QUAD_MELEE;A7#Quadrone;;A7-TestYourMettle;Rogue Modron;;
A7#MDRQP;HUMANOID;MODRON;FIGHTER;A7_MODRON_QUAD_MELEE;A7#Quadrone;;A7-TestYourMettle;Rogue Modron;;
A7#MDRR;HUMANOID;MODRON;FIGHTER;A7_MODRON_QUAD_RANGED;A7#Quadrone;A7#DMDRR;A7-TestYourMettle;Modron;;
A7#MDRR1;HUMANOID;MODRON;FIGHTER;A7_MODRON_QUAD_RANGED;A7#Quadrone;;A7-TestYourMettle;Modron Worker;;
A7#MDRRO;HUMANOID;MODRON;FIGHTER;A7_MODRON_QUAD_RANGED;A7#Quadrone;;A7-TestYourMettle;Rogue Modron;;
A7#RCHI;HUMANOID;DRONE;FIGHTER;A7_DRONE_HEAVY;A7#CHigh;;A7-TestYourMettle;High Threat Construct;;
A7#RCLO;HUMANOID;DRONE;FIGHTER;A7_DRONE_LIGHT;A7#CLow;;A7-TestYourMettle;Low Threat Construct;;
A7#TMABB;MONSTER;DEMONIC;IMP;ABISHAI_BLACK;A7#AbisBlack;A7#DDVL2;A7-TestYourMettle;Black Abishai;;
A7#TMABG;MONSTER;DEMONIC;IMP;ABISHAI_GREEN;A7#AbisGreen;A7#DDVL2;A7-TestYourMettle;Green Abishai;;
A7#TMABR;MONSTER;DEMONIC;IMP;ABISHAI_RED;A7#AbisRed;A7#DDVL2;A7-TestYourMettle;Red Abishai;;
A7#TMERI;MONSTER;DEMONIC;IMP;MAGE_FEMALE_ELF;A7#Erinyes;A7#DDVL2;A7-TestYourMettle;Erinyes;;
A7#TMIMP;HUMANOID;IMP;IMP;IMP;A7#Imp;A7#DIMP;A7-TestYourMettle;Imp;;
C#SBABOL;HUMANOID;HUMAN;FIGHTER;SHADOW;C#SBABOL;C#SBABOL;c#sb_silber;Aboleth;;
C#SBDRC1;HUMANOID;ELF;CLERIC;DROW_FEMALE;C#SBDRC1;None;c#sb_silber;Drow;;
C#SBDRC2;HUMANOID;ELF;CLERIC;DROW_FEMALE;C#SBDRC2;None;c#sb_silber;Drow;;
C#SBDRF0;HUMANOID;ELF;FIGHTER;DROW;C#SBDRF0;None;c#sb_silber;Drow;;
C#SBDRF1;HUMANOID;ELF;FIGHTER;DROW;C#SBDRF1;None;c#sb_silber;Drow;;
C#SBDRF2;HUMANOID;ELF;FIGHTER;DROW;C#SBDRF2;None;c#sb_silber;Drow;;
C#SBDRF3;HUMANOID;ELF;FIGHTER;DROW;C#SBDRF3;None;c#sb_silber;Drow;;
C#SBDRF4;HUMANOID;ELF;FIGHTER;DROW;C#SBDRF4;None;c#sb_silber;Drow;;
C#SBDRF5;HUMANOID;ELF;FIGHTER;DROW;C#SBDRF5;None;c#sb_silber;Drow;;
C#SBDRF6;HUMANOID;ELF;FIGHTER;DROW;C#SBDRF6;None;c#sb_silber;Drow;;
C#SBDRF7;HUMANOID;ELF;FIGHTER;DROW;C#SBDRF7;None;c#sb_silber;Drow;;
C#SBDRF8;HUMANOID;ELF;FIGHTER;DROW;C#SBDRF8;None;c#sb_silber;Drow;;
C#SBDRF9;HUMANOID;ELF;FIGHTER;DROW;C#SBDRF9;None;c#sb_silber;Drow;;
C#SBDRM1;HUMANOID;ELF;MAGE;MAGE_MALE_ELF;C#SBDRM1;;c#sb_silber;Drow;;
C#SBDRM2;HUMANOID;ELF;MAGE;MAGE_MALE_ELF;C#SBDRM2;;c#sb_silber;Drow;;
C#SBDRM3;HUMANOID;ELF;MAGE;MAGE_MALE_ELF;C#SBDRM3;;c#sb_silber;Drow;;
C#SBDRM4;HUMANOID;ELF;MAGE;MAGE_MALE_ELF;C#SBDRM4;;c#sb_silber;Drow;;
C#SBDUER;HUMANOID;DWARF;FIGHTER;FIGHTER_MALE_DWARF;C#SBDUER;C#SBDUER;c#sb_silber;Duergar;;
VA#ASTSD;MONSTER;ANTISOLAR;NO_CLASS;DOOM_GUARD_LARGER;VA#ASTSD;NONE;tod;Astral Shard;;
VA#BALOR;MONSTER;DEMONIC;TANARI;RAVER;VA#BALOR;VA#BALOR;tod;Baloar;;
VA#FSALA;MONSTER;ELEMENTAL;ELEMENTAL_FIRE;SALAMANDER_FIRE;VA#FSALA;NONE;tod;Fire Salamander;;
VA#GHOST;HUMANOID;HUMAN;CLERIC;CLERIC_MALE_HUMAN;VA#GHOST;VA#GHOST;tod;Spirit;;
VA#GITF1;HUMANOID;GITHYANKI;FIGHTER;GITHYANKI;va#gitf1;;tod;Githyanki;;
VA#GITF2;HUMANOID;GITHYANKI;FIGHTER;GITHYANKI;va#gitf2;;tod;Githyanki;;
VA#GITFM;HUMANOID;GITHYANKI;FIGHTER_MAGE;GITHYANKI;va#gitfm;;tod;Githyanki;;
VA#GULI2;HUMANOID;HUMAN;CLERIC;CLERIC_MALE_HUMAN;VA#GULI2;VA#GULI2;tod;Gulin;;
VA#GULIN;HUMANOID;HUMAN;CLERIC;CLERIC_MALE_HUMAN;VA#GULIN;VA#GULIN;tod;Gulin;;
VA#ISALA;UNDEAD;ELEMENTAL;ELEMENTAL_FIRE;SALAMANDER_FROST;VA#ISALA;NONE;tod;Ice Salamander;;
VA#KERGO;HUMANOID;HUMAN;FIGHTER;SAILOR_MAN;VA#KERGO;VA#KERGO;tod;Captain Kergo;;
VA#LICH;UNDEAD;LICH;MAGE;LICH;VA#LICH;VA#LICH;tod;Servant;;
VA#LIZRD;HUMANOID;HUMAN;CLERIC_MAGE;LIZARD_MAN_ELITE;VA#LIZRD;NONE;tod;Lizard Man Shaman;;
VA#MARIL;MONSTER;DEMONIC;FIGHTER_MAGE;MARILITH;VA#MARIL;NONE;tod;Astral Shard Guardian;;
VA#MINOT;GIANTHUMANOID;OGRE;OGRE;MINOTAUR;VA#MINOT;NONE;tod;Minotaur;Ogre;false
VA#ORC;HUMANOID;ORC;ORC;ORC_ELITE_RANGE;VA#ORC;NONE;tod;Orc Archer;;
VA#OROG;HUMANOID;ORC;ORC;OROG_ELITE;VA#OROG;NONE;tod;Orog;;
VA#PANDA;HUMANOID;FAIRY;FAIRY_DRYAD;SIRINE;VA#PANDA;VA#PANDA;tod;Pandaira;Dryad;false
VA#PRISN;HUMANOID;HUMAN;INNOCENT;SLAVE;NONE;VA#PRISN;tod;Prisoner;;
VA#SHD01;UNDEAD;SHADOW;MAGE;LICH_BLACK;VA#SHD01;VA#SHD01;tod;Shadow Master;;
VA#SHDGL;UNDEAD;SHADOW;FIGHTER;SHADOW;VA#SHDGL;NONE;tod;Shadow;Shadow;true
VA#SPY01;HUMANOID;PLATE;LONG_SWORD;CAT;VA#SPY01;NONE;tod;;;
VA#SPY02;HUMANOID;PLATE;LONG_SWORD;CAT;VA#SPY02;NONE;tod;;;
VA#TIAN;HUMANOID;HUMAN;MAGE;MAGE_MALE_HUMAN;VA#TIAN;VA#TIAN;tod;Tian;;
VA#TIAN2;HUMANOID;HUMAN;MAGE;MAGE_MALE_HUMAN;VA#TIAN2;VA#TIAN2;tod;Tian;;
VA#USTRN;HUMANOID;GITHYANKI;MAGE;IRENICUS_ROBED;VA#USTRN;VA#USTRN;tod;Ustrain;;
VA#WISTE;HUMANOID;FAIRY;MAGE;SIRINE;VA#WISTE;VA#WISTE;tod;Wistemach;Dryad;false
VA#ZOM01;UNDEAD;NO_RACE;NO_CLASS;ZOMBIE;VA#ZOM01;NONE;tod;Sea Zombie;;
VA#ZOM02;UNDEAD;NO_RACE;NO_CLASS;ZOMBIE;VA#ZOM02;NONE;tod;Sea Zombie;;
VA#ZOM03;UNDEAD;NO_RACE;NO_CLASS;ZOMBIE;VA#ZOM03;NONE;tod;Sea Zombie;;
VA#ZOMGL;UNDEAD;NO_RACE;NO_CLASS;ZOMBIE;VA#ZOMGL;NONE;tod;Sea Zombie;;
ESXBARD;HUMANOID;ELF;INNOCENT;THIEF_FEMALE_ELF;ESXBARD;ESXBARD;Eilistraee;Thas'zzaria;;
ESXBEA;ANIMAL;BEAR;BEAR_BLACK;BEAR_BLACK;ESXBEA;;Eilistraee;Bear;BlackBear;false
ESXBIO;HUMANOID;ELF;INNOCENT;FIGHTER_FEMALE_HUMAN;ESXBIO;ESXBIO;Eilistraee;Drow;;
ESXBLADE;HUMANOID;GNOLL;GNOLL;DANCING_SWORD;NONE;;Eilistraee;Dancing Blade;;
ESXCC;HUMANOID;ELF;INNOCENT;FIGHTER_FEMALE_ELF;ESXCC;ESXCC;Eilistraee;Ostra;;
ESXCC2;HUMANOID;ELF;INNOCENT;FIGHTER_FEMALE_ELF;ESXCC2;ESXCC2;Eilistraee;Ostra;;
ESXCD;MONSTER;DEMONIC;TANARI;RAVER;ESXCD;ESXCD;STRATAGEMS;Chain Demon;;
ESXCG;HUMANOID;HUMAN;INNOCENT;GIRL;ESXCG;ESXCG;Eilistraee;Crying Girl;;
ESXELF;HUMANOID;ELF;MAGE;MAGE_MALE_ELF;ESXELF;;Eilistraee;Drow;;
ESXEO;HUMANOID;ELF;INNOCENT;FIGHTER_MALE_ELF;ESXEO;ESXEO;Eilistraee;Eo;;
ESXJOI;HUMANOID;ELF;INNOCENT;GIRL;ESXJOI;ESXJOI;Eilistraee;Joi;;
ESXLICH;UNDEAD;DEMILICH;MAGE;DEMILICH;ESXLICH;;Eilistraee;DemiLich;;
ESXMH;HUMANOID;ELF;INNOCENT;FIGHTER_FEMALE_ELF;ESXMH;ESXMH;Eilistraee;Fall;;
ESXMH2;HUMANOID;ELF;INNOCENT;SLEEPING_WOMAN_ELF;ESXMH2;ESXMH2;Eilistraee;Fall;;
ESXPRIE;HUMANOID;ELF;INNOCENT;FIGHTER_FEMALE_ELF;ESXPRIE;ESXPRIE;Eilistraee;Sword Dancer-Sentinel;;
ESXQUIF;HUMANOID;ELF;INNOCENT;FIGHTER_FEMALE_ELF;ESXQUIF;ESXQUIF;Eilistraee;Quif DeVir;;
ESXRAB;ANIMAL;RABBIT;FOOD_CREATURE;RABBIT;ESXRAB;ESXRAB;Eilistraee;Rabbit;;
ESXSE;HUMANOID;HUMAN;INNOCENT;SLEEPING_WOMAN_HUMAN;ESXSE;;Eilistraee;Sleeping Drow;;
ESXSER;UNDEAD;SHADOW;FIGHTER;ELEMENTAL_AIR_SMALL;ESXSER;ESXSER;Eilistraee;Mist Creature;;
ESXSERM;UNDEAD;ZOMBIE;NO_CLASS;ZOMBIE;ESXSERM;;Eilistraee;Deadly zombie;;
ESXSHA2;HUMANOID;ELF;FIGHTER;FIGHTER_MALE_ELF;ESXSHA2;;Eilistraee;Shas'tan;;
ESXSHAS;HUMANOID;ELF;FIGHTER;FIGHTER_MALE_ELF;ESXSHAS;ESXSHAS;Eilistraee;Shas'tan;;
ESXSNA;ANIMAL;NO_RACE;NO_CLASS;SNAKE;ESXSNA;NONE;Eilistraee;Child of Sseth;;
ESXSOLA;HUMANOID;ELF;FIGHTER;DROW;ESXSOLA;ESXSOLA;Eilistraee;Solaufein;;
ESXTH;HUMANOID;HUMAN;FIGHTER;SHADOW_THIEF;ESXTH;ESXTH;Eilistraee;Hooded Man;;
ESXVASH;HUMANOID;ELF;MAGE;MAGE_MALE_ELF;ESXVASH;ESXVASH;Eilistraee;Vash;;
ESXWOM;HUMANOID;HUMAN;INNOCENT;NOBLE_WOMAN;ESXWOM;ESXWOM;Eilistraee;Woman;;
ESXYOEA;HUMANOID;TIEFLING;BARD;MAGE_FEMALE_ELF;ESXYOEA;ESXYOEA;Eilistraee;Yoea;;
YSADAG;HUMANOID;DWARF;FIGHTER;FIGHTER_MALE_DWARF;YSADAG;;FishingForTrouble;Adag;;
YSADARA;HUMANOID;HUMAN;INNOCENT;MAGE_FEMALE_HUMAN;YSADARA;YSADARA;FishingForTrouble;Adara;;
YSAELLA;HUMANOID;HUMAN;INNOCENT;BOY;YSAELLA;YSAELLA;FishingForTrouble;Aella;;
YSAIESHA;HUMANOID;HUMAN;INNOCENT;MAGE_FEMALE_HUMAN;YSAIESHA;YSAIESHA;FishingForTrouble;Aiesha;;
YSAILOTH;HUMANOID;HUMAN;MAGE;MAGE_MALE_HUMAN;YSAILOTH;YSAILOTH;FishingForTrouble;Ailoth Tam;;
YSAIN;HUMANOID;HUMAN;INNOCENT;MAGE_FEMALE_HUMAN;YSAIN;YSAIN;FishingForTrouble;Ain;;
YSAINE;HUMANOID;HUMAN;INNOCENT;STATIC_PEASANT_WOMAN_CHAIR;YSAINE;YSAINE;FishingForTrouble;Aine;;
YSAKIL;HUMANOID;HUMAN;FIGHTER;MAGE_MALE_HUMAN;YSAKIL;YSAKIL;FishingForTrouble;Akil;;
YSAKILAH;HUMANOID;HUMAN;INNOCENT;MAGE_FEMALE_HUMAN;YSAKILAH;YSAKILAH;FishingForTrouble;Akilah;;
YSAKILFR;HUMANOID;HUMAN;FIGHTER;MAGE_MALE_HUMAN;YSAKILFR;YSAKILFR;FishingForTrouble;Desert Bandit;;
YSANGHRD;HUMANOID;HALF_ELF;INNOCENT;MAGE_FEMALE_ELF;YSANGHRD;YSANGHRD;FishingForTrouble;Angharad Firehair;;
YSAPOPF;HUMANOID;HUMAN;INNOCENT;PEASANT_WOMAN;YSAPOPF;YSAPOPF;FishingForTrouble;Commoner;;
YSAPOPM;HUMANOID;HUMAN;INNOCENT;PEASANT_MAN;YSAPOPM;YSAPOPM;FishingForTrouble;Commoner;;
YSARMSTO;HUMANOID;HUMAN;FIGHTER;FIGHTER_MALE_HUMAN;NONE;YSARMSTO;FishingForTrouble;Tralthor One-Eye;;
YSATBOW;HUMANOID;HUMAN;FIGHTER;FIGHTER_MALE_HUMAN;YSATBOW;;FishingForTrouble;Red Guard;;
YSATGRD;HUMANOID;HUMAN;FIGHTER;FIGHTER_MALE_HUMAN;YSATGRD;;FishingForTrouble;Red Guard;;
YSBASIMA;HUMANOID;HUMAN;INNOCENT;MAGE_FEMALE_HUMAN;YSBASIMA;YSBASIMA;FishingForTrouble;Basimah;;
YSBEHOL1;UNDEAD;BEHOLDER;BEHOLDER;BEHOLDER;YSBEHOL1;;FishingForTrouble;Death Tyrant;;
YSBEHOL2;UNDEAD;BEHOLDER;BEHOLDER;BEHOLDER;YSBEHOL2;;FishingForTrouble;Death Tyrant;;
YSBENGCH;HUMANOID;HUMAN;FIGHTER;FIGHTER_MALE_HUMAN;YSBENGCH;YSBENGCH;FishingForTrouble;Maredudd Bengoch;;
YSBLGRD;HUMANOID;HUMAN;FIGHTER;FIGHTER_MALE_HUMAN;YSBLGRD;YSBLGRD;FishingForTrouble;Mercenary Guard;;
YSBLKSTO;HUMANOID;HUMAN;FIGHTER;FIGHTER_MALE_HUMAN;NONE;YSBLKSTO;FishingForTrouble;Havren Holdsmith;;
YSBLMR;HUMANOID;DWARF;FIGHTER;FIGHTER_MALE_DWARF;YSBLMR;YSBLMR;FishingForTrouble;Mordaran Rockfist;;
YSBLRWZ;HUMANOID;HUMAN;MAGE;MAGE_MALE_HUMAN;YSBLRWZ;YSBLRWZ;FishingForTrouble;Megred Darlesson;;
YSBOY1;HUMANOID;HUMAN;INNOCENT;BOY;YSBOY1;YSBOYDLG;FishingForTrouble;Boy;;
YSBOY1R;HUMANOID;HUMAN;INNOCENT;BOY;YSBOY1R;YSBOYDLG;FishingForTrouble;Boy;;
YSBOY2;HUMANOID;HUMAN;INNOCENT;BOY;YSBOY2;YSBOYDLG;FishingForTrouble;Boy;;
YSBOY2R;HUMANOID;HUMAN;INNOCENT;BOY;YSBOY2R;YSBOYDLG;FishingForTrouble;Boy;;
YSBRAN;HUMANOID;GNOME;FIGHTER;FIGHTER_MALE_GNOME;YSBRAN;YSBRAN;FishingForTrouble;Bran;;
YSCADFAN;HUMANOID;HUMAN;BARD;STATIC_PEASANT_MAN_CHAIR;YSCADFAN;YSCADFAN;FishingForTrouble;Cadfan;;
YSCADO;HUMANOID;HUMAN;INNOCENT;CLERIC_MALE_GNOME;YSCADO;YSCADO;FishingForTrouble;Cado;;
YSCDCG;HUMANOID;DEMONIC;FIGHTER_MAGE;DEATH_KNIGHT;YSCDCG;YSCDCG;FishingForTrouble;Cave Guardian;;
YSCDCG1;HUMANOID;DEMONIC;FIGHTER_MAGE;DEATH_KNIGHT;YSCDCG1;;FishingForTrouble;Cave Guardian;;
YSCDCG2;HUMANOID;DEMONIC;FIGHTER_MAGE;DEATH_KNIGHT;YSCDCG2;;FishingForTrouble;Cave Guardian;;
YSCDCOOK;HUMANOID;HUMAN;INNOCENT;PEASANT_MAN;YSCDCOOK;YSMCOOK;FishingForTrouble;Water's Edge Chef;;
YSCDDWF1;HUMANOID;HUMAN;INNOCENT;MAGE_FEMALE_HUMAN;YSCDDW2;YSCDDW;FishingForTrouble;Desert Wanderer;;
YSCDDWM1;HUMANOID;HUMAN;INNOCENT;MAGE_MALE_HUMAN;YSCDDW1;YSCDDW;FishingForTrouble;Desert Wanderer;;
YSCDDWM2;HUMANOID;HUMAN;INNOCENT;MAGE_MALE_HUMAN;YSCDDW2;YSCDDW;FishingForTrouble;Desert Wanderer;;
YSCDF1;HUMANOID;HUMAN;INNOCENT;MAGE_FEMALE_HUMAN;YSCDFMLE;YSCDPOP;FishingForTrouble;Commoner;;
YSCDF2;HUMANOID;HUMAN;INNOCENT;MAGE_FEMALE_HUMAN;YSCDFMLE;YSCDPOP;FishingForTrouble;Commoner;;
YSCDF3;HUMANOID;HUMAN;INNOCENT;MAGE_FEMALE_HUMAN;YSCDFMLE;YSCDPOP;FishingForTrouble;Commoner;;
YSCDF4;HUMANOID;HUMAN;INNOCENT;MAGE_FEMALE_HUMAN;YSCDFMLE;YSCDPOP;FishingForTrouble;Commoner;;
YSCDFSRV;HUMANOID;HUMAN;INNOCENT;MAGE_FEMALE_HUMAN;YSCDFSRV;YSSERV;FishingForTrouble;Servant;;
YSCDM1;HUMANOID;HUMAN;INNOCENT;MAGE_MALE_HUMAN;YSCDM1;YSCDPOP;FishingForTrouble;Commoner;;
YSCDM2;HUMANOID;HUMAN;INNOCENT;MAGE_MALE_HUMAN;YSCDM1;YSCDPOP;FishingForTrouble;Commoner;;
YSCDM3;HUMANOID;HUMAN;INNOCENT;MAGE_MALE_HUMAN;YSCDM1;YSCDPOP;FishingForTrouble;Commoner;;
YSCDM4;HUMANOID;HUMAN;INNOCENT;MAGE_MALE_HUMAN;YSCDM1;YSCDPOP;FishingForTrouble;Commoner;;
YSCDMER1;HUMANOID;HUMAN;INNOCENT;MAGE_MALE_HUMAN;YSCDMER1;YSCDMER;FishingForTrouble;Merchant;;
YSCDMER2;HUMANOID;HUMAN;INNOCENT;MAGE_MALE_HUMAN;YSCDMER1;YSCDMER;FishingForTrouble;Merchant;;
YSCDMER3;HUMANOID;HUMAN;INNOCENT;MAGE_MALE_HUMAN;YSCDMER1;YSCDMER;FishingForTrouble;Merchant;;
YSCDMSRV;HUMANOID;HUMAN;INNOCENT;MAGE_MALE_HUMAN;YSCDFSRV;YSSERV;FishingForTrouble;Servant;;
YSCEINWN;HUMANOID;HUMAN;MAGE;MAGE_FEMALE_HUMAN;YSCEINWN;YSCEINWN;FishingForTrouble;Ceinwen Ravenhair;;
YSCELL1;HUMANOID;HUMAN;INNOCENT;PEASANT_MAN;YSCELL1;;FishingForTrouble;Watchguard;;
YSCELL2;HUMANOID;HUMAN;INNOCENT;PEASANT_MAN;YSCELL2;;FishingForTrouble;Watchguard;;
YSCELL3;HUMANOID;HUMAN;INNOCENT;PEASANT_MAN;YSCELL3;;FishingForTrouble;Watchguard;;
YSCELL4;HUMANOID;HUMAN;INNOCENT;PEASANT_MAN;YSCELL4;;FishingForTrouble;Watchguard;;
YSCELL5;HUMANOID;HUMAN;INNOCENT;PEASANT_MAN;YSCELL5;;FishingForTrouble;Watchguard;;
YSCGROAD;HUMANOID;HUMAN;FIGHTER;AMNIAN_SOLDIER;YSCGROAD;YSCGROAD;FishingForTrouble;Caravan Guard;;
YSCGTOWR;HUMANOID;HUMAN;FIGHTER;AMNIAN_SOLDIER;YSCGTOWR;YSCGTOWR;FishingForTrouble;Watchguard;;
YSCHBND;HUMANOID;HUMAN;FIGHTER;FIGHTER_MALE_HUMAN;YSCHBND;YSCHBND;FishingForTrouble;Bandit;;
YSCHCAPT;HUMANOID;HUMAN;FIGHTER;FIGHTER_MALE_HUMAN;YSCHCAPT;YSCHCAPT;FishingForTrouble;Guard Captain;;
YSCHCLR;HUMANOID;HUMAN;INNOCENT;CLERIC_MALE_HUMAN;YSCHCLR;YSCHCLR;FishingForTrouble;Priest of Helm;;
YSCHCOM1;HUMANOID;HUMAN;INNOCENT;PEASANT_WOMAN;NONE;YSCHCOM;FishingForTrouble;Commoner;;
YSCHCOM2;HUMANOID;HUMAN;INNOCENT;PEASANT_WOMAN;NONE;YSCHCOM;FishingForTrouble;Commoner;;
YSCHCOM3;HUMANOID;HALFLING;INNOCENT;FIGHTER_FEMALE_HALFLING;NONE;YSCHCOM;FishingForTrouble;Commoner;;
YSCHCOM4;HUMANOID;HUMAN;INNOCENT;PEASANT_MAN;NONE;YSCHCOM;FishingForTrouble;Peasant;;
YSCHCOM5;HUMANOID;HUMAN;INNOCENT;PEASANT_MAN;NONE;YSCHCOM;FishingForTrouble;Peasant;;
YSCHCOM6;HUMANOID;HUMAN;INNOCENT;PEASANT_MAN;NONE;YSCHCOM;FishingForTrouble;Peasant;;
YSCHDG;HUMANOID;HUMAN;FIGHTER;FIGHTER_MALE_HUMAN;YSCHDG;YSCHDG;FishingForTrouble;Red Guard Warder;;
YSCHEARL;HUMANOID;HUMAN;FIGHTER;FIGHTER_MALE_HUMAN;YSCHEARL;YSCHEARL;FishingForTrouble;Earl Wultheof;;
YSCHNOB1;HUMANOID;HUMAN;INNOCENT;NOBLE_MAN;NONE;YSCHNOB;FishingForTrouble;Nobleman;;
YSCHNOB2;HUMANOID;HUMAN;INNOCENT;NOBLE_MAN;NONE;YSCHNOB;FishingForTrouble;Nobleman;;
YSCHNOB3;HUMANOID;HUMAN;INNOCENT;NOBLE_MAN;NONE;YSCHNOB;FishingForTrouble;Nobleman;;
YSCHNOB4;HUMANOID;HUMAN;INNOCENT;FAT_MAN;NONE;YSCHNOB;FishingForTrouble;Nobleman;;
YSCHNOB5;HUMANOID;HUMAN;INNOCENT;NOBLE_WOMAN;NONE;YSCHNOB;FishingForTrouble;Noblewoman;;
YSCHNOB6;HUMANOID;HUMAN;INNOCENT;NOBLE_WOMAN;NONE;YSCHNOB;FishingForTrouble;Noblewoman;;
YSCHNOB7;HUMANOID;HUMAN;INNOCENT;NOBLE_WOMAN;NOBLEWOM;YSCHNOB;FishingForTrouble;Noblewoman;;
YSCHVAM;UNDEAD;VAMPIRE;VAMPIRE;GIRL;YSCVAM;;FishingForTrouble;Child Vampire;;
YSCNTWUL;HUMANOID;HUMAN;INNOCENT;NOBLE_WOMAN;YSCNTWUL;YSCNTWUL;FishingForTrouble;Countess Wultheof;;
YSCOLLA;HUMANOID;HUMAN;FIGHTER;FIGHTER_MALE_HUMAN;YSCOLLA;YSCOLLA;FishingForTrouble;Colla mic Tigernach;;
YSCOOK1;HUMANOID;HUMAN;INNOCENT;PEASANT_WOMAN;YSCOOK1;YSCOOK1;FishingForTrouble;Cook;;
YSCOOK2;HUMANOID;HUMAN;INNOCENT;PEASANT_WOMAN;YSCOOK2;YSCOOK2;FishingForTrouble;Cook;;
YSCRNBL;ANIMAL;NO_RACE;NO_CLASS;MAGE_MALE_ELF;YSCRNBL;YSCRNBL;FishingForTrouble;Bell;;
YSCVMSTR;HUMANOID;HUMAN;INNOCENT;CLERIC_MALE_HUMAN;YSCVMSTR;YSCVMSTR;FishingForTrouble;Caravan Master;;
YSCWLWIZ;HUMANOID;HUMAN;INNOCENT;MONK;NONE;YSCWLWIZ;FishingForTrouble;Cowled Wizard;;
YSDERV;HUMANOID;HUMAN;INNOCENT;STATIC_PEASANT_MAN_STOOL;YSDERV;YSDERV;FishingForTrouble;Derval;;
YSDLDOP;HUMANOID;DWARF;FIGHTER;FIGHTER_MALE_DWARF;YSDWFLRD;NONE;FishingForTrouble;Meilir of Meilirion;;
YSDROSIG;HUMANOID;GNOME;FIGHTER;MAGE_MALE_GNOME;YSDROSIG;YSDROSIG;FishingForTrouble;Drosig;;
YSDWFGR2;HUMANOID;DEMONIC;FIGHTER_MAGE;DEATH_KNIGHT;YSDWFGRD;;FishingForTrouble;Death Knight Guardian;;
YSDWFGRD;HUMANOID;DEMONIC;FIGHTER_MAGE;DEATH_KNIGHT;YSDWFGRD;;FishingForTrouble;Death Knight Guardian;;
YSDWFKNT;HUMANOID;DEMONIC;FIGHTER_MAGE;DEATH_KNIGHT;YSDWFKNT;YSDWFKNT;FishingForTrouble;Death Knight Lord;;
YSDWFLRD;HUMANOID;DWARF;FIGHTER;FIGHTER_MALE_DWARF;YSDWFLRD;YSDWFLRD;FishingForTrouble;Meilir of Meilirion;;
YSELCOL1;HUMANOID;HUMAN;INNOCENT;SLEEPING_WOMAN_HUMAN;YSELCOL1;;FishingForTrouble;Eildaren Colver;;
YSELCOL2;HUMANOID;HUMAN;INNOCENT;CLERIC_FEMALE_HUMAN;YSELCOL2;YSELCOL2;FishingForTrouble;Eildaren Colver;;
YSELM01;HUMANOID;HUMAN;CLERIC_MAGE;ELMINSTER;YSELM01;YSELM01;FishingForTrouble;Elminster;;
YSELPARA;HUMANOID;HUMAN;INNOCENT;NOBLE_WOMAN;YSELPARA;YSELPARA;FishingForTrouble;Elizabeth Pavaral;;
YSEUNCH;HUMANOID;HUMAN;INNOCENT;FAT_MAN;YSEUNCH;YSEUNCH;FishingForTrouble;Eunuch Guard;;
YSFHSLP;HUMANOID;HUMAN;INNOCENT;PEASANT_WOMAN;YSWOMAN2;BFISHW2;FishingForTrouble;Commoner;;
YSFIRDOS;HUMANOID;HUMAN;MAGE_ALL;MAGE_MALE_HUMAN;YSFIRDOS;YSFIRDOS;FishingForTrouble;Firdos;;
YSFSERV;HUMANOID;HUMAN;INNOCENT;HARLOT_WOMAN;YSFSERV;YSSERV;FishingForTrouble;Servant;;
YSGADIL;HUMANOID;HUMAN;INNOCENT;MAGE_MALE_HUMAN;YSGADIL;YSGADIL;FishingForTrouble;Gadil;;
YSGAELIE;HUMANOID;HUMAN;INNOCENT;GIRL;YSGAELIE;YSGAELIE;FishingForTrouble;Gaelie Trimthorn;;
YSGALID;HUMANOID;HUMAN;INNOCENT;PEASANT_MAN;YSGALID;YSHHAPPR;FishingForTrouble;Apprentice Galidor;;
YSGAOL;HUMANOID;HUMAN;FIGHTER;FIGHTER_MALE_HUMAN;YSGAOL;YSGAOL;FishingForTrouble;Gaoler;;
YSGARGEL;HUMANOID;HUMAN;CLERIC;CLERIC_MALE_HUMAN;YSGARGEL;YSGARGEL;FishingForTrouble;Garalial Geltarath;;
YSGENGRD;HUMANOID;HUMAN;FIGHTER;AMNIAN_SOLDIER;YSCGROAD;;FishingForTrouble;Guardsman;;
YSGENSTO;HUMANOID;HUMAN;INNOCENT;PEASANT_WOMAN;NONE;YSGENSTO;FishingForTrouble;Old Mother Dorwen;;
YSGIBMEL;HUMANOID;HUMAN;INNOCENT;CLERIC_MALE_HUMAN;YSGIBMEL;YSGIBMEL;FishingForTrouble;Gibri'al Meltarm;;
YSGIRL1;HUMANOID;HUMAN;INNOCENT;GIRL;YSGIRL1;YSGRLDLG;FishingForTrouble;Girl;;
YSGIRL1R;HUMANOID;HUMAN;INNOCENT;GIRL;YSGIRL1R;YSGRLDLG;FishingForTrouble;Girl;;
YSGIRL2;HUMANOID;HUMAN;INNOCENT;GIRL;YSGIRL2;YSGRLDLG;FishingForTrouble;Girl;;
YSGIRL2R;HUMANOID;HUMAN;INNOCENT;GIRL;YSGIRL2R;YSGRLDLG;FishingForTrouble;Girl;;
YSGIRL3;HUMANOID;HUMAN;INNOCENT;GIRL;YSGIRL3;YSGRLDLG;FishingForTrouble;Girl;;
YSGIRL3R;HUMANOID;HUMAN;INNOCENT;GIRL;YSGIRL3R;YSGRLDLG;FishingForTrouble;Girl;;
YSGIRL4;HUMANOID;HUMAN;INNOCENT;GIRL;YSGIRL4;YSGRLDLG;FishingForTrouble;Girl;;
YSGIVON;HUMANOID;HUMAN;INNOCENT;MAGE_MALE_HUMAN;YSGIVON;YSGIVON;FishingForTrouble;Givon;;
YSGRMARC;MONSTER;NO_RACE;NO_CLASS;DOOM_GUARD;NONE;NONE;FishingForTrouble;Grimward Archer;;
YSHANSOL;HUMANOID;HUMAN;INNOCENT;CLERIC_MALE_HUMAN;YSHANSOL;YSHANSOL;FishingForTrouble;Hansol Ynnilross;;
YSHAREM1;HUMANOID;HUMAN;INNOCENT;HARLOT_WOMAN;NONE;YSHAREM;FishingForTrouble;Harem Girl;;
YSHAREM2;HUMANOID;HUMAN;INNOCENT;HARLOT_WOMAN;NONE;YSHAREM;FishingForTrouble;Harem Girl;;
YSHLDGRD;HUMANOID;HUMAN;FIGHTER;FIGHTER_MALE_HUMAN;YSHLDGRD;YSHLDGRD;FishingForTrouble;Hold Guard;;
YSJALIL;HUMANOID;HUMAN;INNOCENT;MAGE_MALE_HUMAN;YSJALIL;YSJALIL;FishingForTrouble;Jalil;;
YSJEHAN;HUMANOID;HUMAN;INNOCENT;MAGE_FEMALE_HUMAN;YSJEHAN;YSJEHAN;FishingForTrouble;Jehan;;
YSKALUN;HUMANOID;HUMAN;INNOCENT;FIGHTER_MALE_HUMAN;YSKALUN;YSKALUN;FishingForTrouble;Kalun Trimthorn;;
YSKARIM;HUMANOID;HUMAN;INNOCENT;MAGE_MALE_HUMAN;YSKARIM;YSKARIM;FishingForTrouble;Karim;;
YSKELDRL;HUMANOID;HUMAN;INNOCENT;FAT_MAN;YSKELDRL;YSKELDRL;FishingForTrouble;Keldral;;
YSKHOURY;HUMANOID;HUMAN;INNOCENT;MAGE_MALE_HUMAN;YSKHOURY;YSKHOURY;FishingForTrouble;Khoury;;
YSLEVON;HUMANOID;HUMAN;MAGE;MAGE_MALE_HUMAN;YSLEVON;YSLEVON;FishingForTrouble;Levon;;
YSLEVONG;HUMANOID;HUMAN;FIGHTER;MAGE_MALE_HUMAN;YSLEVONG;;FishingForTrouble;Guard;;
YSLKEEP;HUMANOID;HUMAN;INNOCENT;PEASANT_MAN;;YSLKEEP;FishingForTrouble;Daalin the Light;;
YSLTOR;HUMANOID;HUMAN;MAGE;MAGE_MALE_HUMAN;YSLTOR;YSLTOR;FishingForTrouble;Lief Torman;;
YSLUGH;HUMANOID;HUMAN;THIEF;SHADOW_THIEF;YSLUGH;YSLUGH;FishingForTrouble;Lughaidh;;
YSMAN1;HUMANOID;HUMAN;INNOCENT;PEASANT_MAN;YSMAN1;BFISHER2;FishingForTrouble;Commoner;;
YSMAN1R;HUMANOID;HUMAN;INNOCENT;PEASANT_MAN;YSMAN1R;BFISHER2;FishingForTrouble;Commoner;;
YSMAN2;HUMANOID;HUMAN;INNOCENT;PEASANT_MAN;YSMAN2;BFISHER2;FishingForTrouble;Commoner;;
YSMAN2R;HUMANOID;HUMAN;INNOCENT;PEASANT_MAN;YSMAN2R;YSMENRES;FishingForTrouble;Commoner;;
YSMAN3;HUMANOID;HUMAN;INNOCENT;PEASANT_MAN;YSMAN3;BFISHER2;FishingForTrouble;Commoner;;
YSMAN3R;HUMANOID;HUMAN;INNOCENT;PEASANT_MAN;YSMAN3R;YSMENRES;FishingForTrouble;Commoner;;
YSMAN4;HUMANOID;HUMAN;INNOCENT;PEASANT_MAN;YSMAN4;YSMANDLG;FishingForTrouble;Fisherman;;
YSMAN4R;HUMANOID;HUMAN;INNOCENT;PEASANT_MAN;YSMAN4R;YSMENRES;FishingForTrouble;Fisherman;;
YSMAN5;HUMANOID;HUMAN;INNOCENT;PEASANT_MAN;YSMAN5;YSMANDLG;FishingForTrouble;Fisherman;;
YSMAN5R;HUMANOID;HUMAN;INNOCENT;PEASANT_MAN;YSMAN5R;YSMENRES;FishingForTrouble;Fisherman;;
YSMAN6;HUMANOID;HUMAN;INNOCENT;PEASANT_MAN;YSMAN6;YSMANDLG;FishingForTrouble;Fisherman;;
YSMAN6R;HUMANOID;HUMAN;INNOCENT;PEASANT_MAN;YSMAN6R;YSMENRES;FishingForTrouble;Fisherman;;
YSMCOOK;HUMANOID;HUMAN;INNOCENT;PEASANT_MAN;YSMCOOK;YSMCOOK;FishingForTrouble;The Silverale Hall's Master Chef;;
YSMORV;HUMANOID;HUMAN;INNOCENT;FAT_MAN;YSMORV;YSMORV;FishingForTrouble;Morvans;;
YSMSEAT1;HUMANOID;HUMAN;INNOCENT;STATIC_PEASANT_MAN_CHAIR;YSMSEAT1;YSMANDLG;FishingForTrouble;Peasant;;
YSMSEAT2;HUMANOID;HUMAN;INNOCENT;STATIC_PEASANT_MAN_MATTE;YSMSEAT2;YSMENRES;FishingForTrouble;Peasant;;
YSMSEAT3;HUMANOID;HUMAN;INNOCENT;STATIC_PEASANT_MAN_STOOL;YSMSEAT3;YSMANDLG;FishingForTrouble;Peasant;;
YSMSEAT4;HUMANOID;HUMAN;INNOCENT;STATIC_PEASANT_MAN_CHAIR;YSMSEAT4;YSMENRES;FishingForTrouble;Peasant;;
YSMSERV;HUMANOID;HUMAN;INNOCENT;PEASANT_MAN;YSMSERV;YSSERV;FishingForTrouble;Servant;;
YSMUKTAR;HUMANOID;HUMAN;INNOCENT;MAGE_MALE_HUMAN;YSMUKTAR;YSMUKTAR;FishingForTrouble;Mukhtar;;
YSNOBMWA;HUMANOID;HUMAN;INNOCENT;NOBLE_MAN;NONE;NOBLEM1;FishingForTrouble;Nobleman;;
YSNOBMWB;HUMANOID;HUMAN;INNOCENT;NOBLE_MAN;NONE;NOBLEM1;FishingForTrouble;Nobleman;;
YSNOBMWC;HUMANOID;HUMAN;INNOCENT;NOBLE_MAN;NONE;NOBLEM1;FishingForTrouble;Nobleman;;
YSNOBMWD;HUMANOID;HUMAN;INNOCENT;NOBLE_MAN;NONE;NOBLEM2;FishingForTrouble;Nobleman;;
YSNOBMWE;HUMANOID;HUMAN;INNOCENT;NOBLE_MAN;NONE;NOBLEM2;FishingForTrouble;Nobleman;;
YSNOBM_A;HUMANOID;HUMAN;INNOCENT;STATIC_NOBLE_MAN;NONE;NOBLEM1;FishingForTrouble;Nobleman;;
YSNOBM_B;HUMANOID;HUMAN;INNOCENT;STATIC_NOBLE_MAN;NONE;NOBLEM1;FishingForTrouble;Nobleman;;
YSNOBM_C;HUMANOID;HUMAN;INNOCENT;STATIC_NOBLE_MAN;NONE;NOBLEM1;FishingForTrouble;Nobleman;;
YSNOBM_D;HUMANOID;HUMAN;INNOCENT;STATIC_NOBLE_MAN;NONE;NOBLEM2;FishingForTrouble;Nobleman;;
YSNOBM_E;HUMANOID;HUMAN;INNOCENT;STATIC_NOBLE_MAN;NONE;NOBLEM2;FishingForTrouble;Nobleman;;
YSNOBWWA;HUMANOID;HUMAN;INNOCENT;NOBLE_WOMAN;NONE;NOBLEW1;FishingForTrouble;Noblewoman;;
YSNOBWWB;HUMANOID;HUMAN;INNOCENT;NOBLE_WOMAN;NONE;NOBLEW1;FishingForTrouble;Noblewoman;;
YSNOBWWC;HUMANOID;HUMAN;INNOCENT;NOBLE_WOMAN;NONE;NOBLEW1;FishingForTrouble;Noblewoman;;
YSNOBWWD;HUMANOID;HUMAN;INNOCENT;NOBLE_WOMAN;NONE;NOBLEW2;FishingForTrouble;Noblewoman;;
YSNOBWWE;HUMANOID;HUMAN;INNOCENT;NOBLE_WOMAN;NONE;NOBLEW2;FishingForTrouble;Noblewoman;;
YSNOBW_A;HUMANOID;HUMAN;INNOCENT;NOBLE_WOMAN;NONE;NOBLEW1;FishingForTrouble;Noblewoman;;
YSNOBW_B;HUMANOID;HUMAN;INNOCENT;NOBLE_WOMAN;NONE;NOBLEW1;FishingForTrouble;Noblewoman;;
YSNOBW_C;HUMANOID;HUMAN;INNOCENT;NOBLE_WOMAN;NONE;NOBLEW1;FishingForTrouble;Noblewoman;;
YSNOBW_D;HUMANOID;HUMAN;INNOCENT;NOBLE_WOMAN;NONE;NOBLEW2;FishingForTrouble;Noblewoman;;
YSNOBW_E;HUMANOID;HUMAN;INNOCENT;NOBLE_WOMAN;NONE;NOBLEW2;FishingForTrouble;Noblewoman;;
YSNURI;HUMANOID;HUMAN;INNOCENT;MAGE_MALE_HUMAN;YSNURI;YSNURI;FishingForTrouble;Nuri;;
YSOENGUS;HUMANOID;HUMAN;THIEF;THIEF_MALE_HUMAN;YSOENGUS;YSOENGUS;FishingForTrouble;Oengus;;
YSOGREMA;GIANTHUMANOID;OGRE;OGRE_MAGE;OGRE_MAGE;NONE;;FishingForTrouble;Ogre Mage;OgreMage;false
YSPASHAN;HUMANOID;HUMAN;INNOCENT;MAGE_MALE_HUMAN;YSPASHAN;YSPASHAN;FishingForTrouble;Pashan;;
YSQADIR;HUMANOID;HUMAN;INNOCENT;MAGE_MALE_HUMAN;YSQADIR;YSQADIR;FishingForTrouble;Qadir;;
YSREDGRD;HUMANOID;HUMAN;FIGHTER;FIGHTER_MALE_HUMAN;YSREDGRD;YSREDGRD;FishingForTrouble;Red Guard;;
YSREDWIZ;HUMANOID;HUMAN;MAGE;MAGE_MALE_HUMAN;YSREDWIZ;;FishingForTrouble;Red Wizard;;
YSRIMON;HUMANOID;HUMAN;THIEF;MAGE_MALE_HUMAN;YSRIMON;YSRIMON;FishingForTrouble;Rimon;;
YSSANOB1;HUMANOID;HUMAN;INNOCENT;NOBLE_WOMAN;NONE;YSSANOB1;FishingForTrouble;Noblewoman;;
YSSANOB2;HUMANOID;HUMAN;INNOCENT;STATIC_NOBLE_MAN;NONE;YSSANOB2;FishingForTrouble;Nobleman;;
YSSERJ;HUMANOID;HUMAN;INNOCENT;PEASANT_MAN;YSSERJ;YSSERJ;FishingForTrouble;Guard Sergeant;;
YSSTBBOY;HUMANOID;HUMAN;INNOCENT;BOY;YSSTBBOY;YSSTBBOY;FishingForTrouble;Stable Boy;;
YSSTHIEF;HUMANOID;HUMAN;THIEF;SHADOW_THIEF;YSSTHIEF;;FishingForTrouble;Shadow Thief;;
YSTAHIR;HUMANOID;HUMAN;INNOCENT;MAGE_MALE_HUMAN;YSTAHIR;YSTAHIR;FishingForTrouble;Tahir;;
YSTANARR;MONSTER;DEMONIC;TANARI;TANARRI;YSTANARR;YSTANARR;FishingForTrouble;Tanar'ri;;
YSTELTHE;HUMANOID;HUMAN;INNOCENT;PEASANT_MAN;YSTELTHE;YSTELTHE;FishingForTrouble;Telther Strongarm;;
YSTIGGRD;HUMANOID;HUMAN;FIGHTER;FIGHTER_MALE_HUMAN;YSTIGGRD;YSTIGGRD;FishingForTrouble;House Guard;;
YSTIGNCH;HUMANOID;HUMAN;FIGHTER;FIGHTER_MALE_HUMAN;YSTIGNCH;YSTIGNCH;FishingForTrouble;Tigernach mic Muirgheas;;
YSTMWA;HUMANOID;HUMAN;INNOCENT;PEASANT_MAN;NONE;BMTOWN1;FishingForTrouble;Peasant;;
YSTMWB;HUMANOID;HUMAN;INNOCENT;PEASANT_MAN;NONE;BMTOWN2;FishingForTrouble;Peasant;;
YSTMWC;HUMANOID;HUMAN;INNOCENT;PEASANT_MAN;NONE;BMTOWN3;FishingForTrouble;Peasant;;
YSTMWD;HUMANOID;HUMAN;INNOCENT;PEASANT_MAN;NONE;BMTOWN4;FishingForTrouble;Peasant;;
YSTMWE;HUMANOID;HUMAN;INNOCENT;PEASANT_MAN;NONE;BMTOWN2;FishingForTrouble;Peasant;;
YSTM_A;HUMANOID;HUMAN;INNOCENT;PEASANT_MAN;NONE;BMTOWN1;FishingForTrouble;Peasant;;
YSTM_B;HUMANOID;HUMAN;INNOCENT;PEASANT_MAN;NONE;BMTOWN2;FishingForTrouble;Peasant;;
YSTM_C;HUMANOID;HUMAN;INNOCENT;PEASANT_MAN;NONE;BMTOWN3;FishingForTrouble;Peasant;;
YSTM_D;HUMANOID;HUMAN;INNOCENT;PEASANT_MAN;NONE;BMTOWN4;FishingForTrouble;Peasant;;
YSTM_E;HUMANOID;HUMAN;INNOCENT;PEASANT_MAN;NONE;BMTOWN2;FishingForTrouble;Peasant;;
YSTRES1;HUMANOID;HUMAN;INNOCENT;NOBLE_MAN;YSTRES1;YSTIGRES;FishingForTrouble;Nobleman;;
YSTRES2;HUMANOID;HUMAN;INNOCENT;NOBLE_MAN;YSTRES2;YSTIGRES;FishingForTrouble;Nobleman;;
YSTRES3;HUMANOID;HUMAN;INNOCENT;NOBLE_WOMAN;NONE;YSTIGRES;FishingForTrouble;Noblewoman;;
YSTRES4;HUMANOID;HUMAN;INNOCENT;NOBLE_WOMAN;NONE;YSTIGRES;FishingForTrouble;Noblewoman;;
YSTWWA;HUMANOID;HUMAN;INNOCENT;PEASANT_WOMAN;NONE;BFTOWN1;FishingForTrouble;Commoner;;
YSTWWB;HUMANOID;HUMAN;INNOCENT;PEASANT_WOMAN;NONE;BFTOWN1;FishingForTrouble;Commoner;;
YSTWWC;HUMANOID;HUMAN;INNOCENT;PEASANT_WOMAN;NONE;BFTOWN1;FishingForTrouble;Commoner;;
YSTWWD;HUMANOID;HUMAN;INNOCENT;PEASANT_WOMAN;NONE;BFTOWN2;FishingForTrouble;Commoner;;
YSTWWE;HUMANOID;HUMAN;INNOCENT;PEASANT_WOMAN;NONE;BFTOWN2;FishingForTrouble;Commoner;;
YSTW_A;HUMANOID;HUMAN;INNOCENT;PEASANT_WOMAN;NONE;BFTOWN1;FishingForTrouble;Commoner;;
YSTW_B;HUMANOID;HUMAN;INNOCENT;PEASANT_WOMAN;NONE;BFTOWN1;FishingForTrouble;Commoner;;
YSTW_C;HUMANOID;HUMAN;INNOCENT;PEASANT_WOMAN;NONE;BFTOWN1;FishingForTrouble;Commoner;;
YSTW_D;HUMANOID;HUMAN;INNOCENT;PEASANT_WOMAN;NONE;BFTOWN2;FishingForTrouble;Commoner;;
YSTW_E;HUMANOID;HUMAN;INNOCENT;PEASANT_WOMAN;NONE;BFTOWN2;FishingForTrouble;Commoner;;
YSWDMAN;HUMANOID;HUMAN;INNOCENT;PEASANT_MAN;NONE;YSWDMAN;FishingForTrouble;Woodsman;;
YSWMN1R;HUMANOID;HUMAN;INNOCENT;FAT_WOMAN;YSWMN1R;BFISHW2;FishingForTrouble;Fishwife;;
YSWMN2R;HUMANOID;HUMAN;INNOCENT;PEASANT_WOMAN;YSWMN2R;YSWMNRES;FishingForTrouble;Fishwife;;
YSWMN3R;HUMANOID;HUMAN;INNOCENT;HARLOT_WOMAN;BPROST1;YSWMNRES;FishingForTrouble;Fishwife;;
YSWMN4R;HUMANOID;HUMAN;INNOCENT;PEASANT_WOMAN;YSWMN4R;YSWMNRES;FishingForTrouble;Fishwife;;
YSWMN5R;HUMANOID;HALFLING;INNOCENT;FIGHTER_FEMALE_HALFLING;BFTOWN3;YSWMNRES;FishingForTrouble;Fishwife;;
YSWMN6R;HUMANOID;HUMAN;INNOCENT;HARLOT_WOMAN;YSWMN6R;YSWMNRES;FishingForTrouble;Fishwife;;
YSWOMAN1;HUMANOID;HUMAN;INNOCENT;FAT_WOMAN;YSWOMAN1;BFISHW2;FishingForTrouble;Commoner;;
YSWOMAN2;HUMANOID;HUMAN;INNOCENT;PEASANT_WOMAN;YSWOMAN2;BFISHW2;FishingForTrouble;Commoner;;
YSWOMAN3;HUMANOID;HUMAN;INNOCENT;HARLOT_WOMAN;BPROST1;BFISHW2;FishingForTrouble;Commoner;;
YSWOMAN4;HUMANOID;HUMAN;INNOCENT;PEASANT_WOMAN;YSWOMAN4;YSWMNDLG;FishingForTrouble;Commoner;;
YSWOMAN5;HUMANOID;HALFLING;INNOCENT;FIGHTER_FEMALE_HALFLING;BFTOWN3;YSWMNDLG;FishingForTrouble;Commoner;;
YSWOMAN6;HUMANOID;HUMAN;INNOCENT;HARLOT_WOMAN;YSWOMAN6;YSWMNDLG;FishingForTrouble;Commoner;;
YSWSEAT1;HUMANOID;HUMAN;INNOCENT;STATIC_PEASANT_WOMAN_CHAIR;YSWSEAT1;YSWMNDLG;FishingForTrouble;Commoner;;
YSWSEAT2;HUMANOID;HUMAN;INNOCENT;STATIC_PEASANT_WOMAN_MATTE;YSWSEAT2;YSWMNRES;FishingForTrouble;Commoner;;
YSWSEAT3;HUMANOID;HUMAN;INNOCENT;STATIC_PEASANT_WOMAN_CHAIR;YSWSEAT3;YSWMNRES;FishingForTrouble;Commoner;;
YSWSEAT4;HUMANOID;HUMAN;INNOCENT;STATIC_PEASANT_WOMAN_CHAIR;YSWSEAT4;YSWMNRES;FishingForTrouble;Commoner;;
YSWTCHMN;HUMANOID;HUMAN;INNOCENT;PEASANT_MAN;YSWTCHMN;YSWTCHMN;FishingForTrouble;Watchman;;
YSYASAR;HUMANOID;HUMAN;INNOCENT;MAGE_MALE_HUMAN;YSYASAR;YSYASAR;FishingForTrouble;Yasar;;
O#ALIA;HUMANOID;ELF;MAGE;MAGE_FEMALE_HUMAN;O#Alia;O#Alia;BACKBRYNNLAW;Alia;;
O#BERLG1;HUMANOID;HUMAN;MAGE;MONK;O#BerlG1;O#BerlG1;BACKBRYNNLAW;Cowled Enforcer;;
O#BERLG2;HUMANOID;HUMAN;MAGE;MAGE_FEMALE_HUMAN;O#BerlG2;O#BerlG2;BACKBRYNNLAW;Cowled Enforcer;;
O#BERLG3;HUMANOID;HUMAN;MAGE;MAGE_FEMALE_HUMAN;O#BerlG3;O#BerlG3;BACKBRYNNLAW;Cowled Enforcer;;
O#BERLI1;HUMANOID;HUMAN;MAGE;MONK;O#Berli1;O#Berlin;BACKBRYNNLAW;Berlin;;
O#BERLIN;HUMANOID;HUMAN;MAGE;MONK;O#Berlin;O#Berlin;BACKBRYNNLAW;Berlin;;
O#BRELE1;GIANTHUMANOID;ELEMENTAL;ELEMENTAL_FIRE;ELEMENTAL_FIRE;O#BrEle1;;BACKBRYNNLAW;Greater Fire Elemental;;
O#BRELE2;GIANTHUMANOID;ELEMENTAL;ELEMENTAL_FIRE;ELEMENTAL_FIRE;O#BrEle2;;BACKBRYNNLAW;Greater Fire Elemental;;
O#BRELE3;GIANTHUMANOID;ELEMENTAL;ELEMENTAL_FIRE;ELEMENTAL_FIRE;O#BrEle3;;BACKBRYNNLAW;Greater Fire Elemental;;
O#BRELE4;GIANTHUMANOID;ELEMENTAL;ELEMENTAL_FIRE;ELEMENTAL_FIRE;O#BrEle4;;BACKBRYNNLAW;Greater Fire Elemental;;
O#BRIMP1;HUMANOID;MEPHIT;MEPHIT;IMP;O#BrImp1;;BACKBRYNNLAW;Fire Mephit;;
O#BRIMP2;HUMANOID;MEPHIT;MEPHIT;IMP;O#BrImp2;;BACKBRYNNLAW;Fire Mephit;;
O#BRIMP3;HUMANOID;MEPHIT;MEPHIT;IMP;O#BrImp3;;BACKBRYNNLAW;Magma Mephit;;
O#BRIMP4;HUMANOID;MEPHIT;MEPHIT;IMP;O#BrImp4;;BACKBRYNNLAW;Smoke Mephit;;
O#BRSAL1;MONSTER;SALAMANDER;ELEMENTAL_FIRE;SALAMANDER_FIRE;O#BrSal1;None;BACKBRYNNLAW;Salamander;;
O#BRSAL2;MONSTER;SALAMANDER;ELEMENTAL_FIRE;SALAMANDER_FIRE;O#BrSal2;None;BACKBRYNNLAW;Salamander;;
O#BRYCW1;HUMANOID;HUMAN;MAGE;MONK;O#BryCW1;O#BryCW1;BACKBRYNNLAW;Cowled Enforcer;;
O#BRYCW2;HUMANOID;HUMAN;MAGE;MAGE_FEMALE_HUMAN;O#BryCW2;O#BryCW2;BACKBRYNNLAW;Cowled Enforcer;;
O#BRYCW3;HUMANOID;HUMAN;MAGE;MONK;O#BryCW3;O#BryCW3;BACKBRYNNLAW;Cowled Enforcer;;
O#BRYN10;HUMANOID;HUMAN;INNOCENT;PEASANT_WOMAN;O#Bryn10;O#Bryn10;BACKBRYNNLAW;Commoner;;
O#BRYN11;HUMANOID;HUMAN;INNOCENT;PEASANT_WOMAN;O#Bryn11;O#Bryn11;BACKBRYNNLAW;Commoner;;
O#BRYNB;HUMANOID;HUMAN;INNOCENT;THIEF_MALE_HUMAN;O#BrynB;O#BrynB;BACKBRYNNLAW;Innkeeper ;;
O#BRYNT;HUMANOID;ELF;THIEF;THIEF_FEMALE_ELF;O#BrynT;O#BrynT;BACKBRYNNLAW;Black Market Thief;;
O#BRYNT1;HUMANOID;HUMAN;INNOCENT;PEASANT_MAN;O#BrynT1;O#BrynT1;BACKBRYNNLAW;Peasant;;
O#BRYNT2;HUMANOID;HUMAN;FIGHTER;FIGHTER_MALE_HUMAN;O#BrynT2;O#BrynT2;BACKBRYNNLAW;Mercenary;;
O#BRYNT3;HUMANOID;HUMAN;INNOCENT;HARLOT_WOMAN;O#BrynT3;O#BrynT3;BACKBRYNNLAW;Courtesan;;
O#BRYNT4;HUMANOID;HUMAN;FIGHTER;FIGHTER_MALE_HUMAN;O#BrynT4;O#BrynT4;BACKBRYNNLAW;Mercenary;;
O#BRYNT5;HUMANOID;HUMAN;CLERIC;CLERIC_FEMALE_HUMAN;O#BrynT5;O#BrynT5;BACKBRYNNLAW;Mercenary;;
O#BRYNT6;HUMANOID;HUMAN;INNOCENT;PEASANT_MAN;O#BrynT6;O#BrynT6;BACKBRYNNLAW;Peasant;;
O#BRYNT7;HUMANOID;HALF_ELF;FIGHTER;FIGHTER_MALE_ELF;O#BrynT7;O#BrynT7;BACKBRYNNLAW;Mercenary;;
O#BRYNT8;HUMANOID;HUMAN;INNOCENT;BOY;O#BrynT8;O#BrynT8;BACKBRYNNLAW;Boy;;
O#BRYNT9;HUMANOID;HUMAN;INNOCENT;GIRL;O#BrynT9;O#BrynT9;BACKBRYNNLAW;Girl;;
O#DORA;HUMANOID;ELF;THIEF;THIEF_FEMALE_ELF;O#Dora;O#Dora;BACKBRYNNLAW;Dora;;
O#DORA10;HUMANOID;ELF;MAGE;MAGE_FEMALE_HUMAN;O#DORA10;O#DORA10;BACKBRYNNLAW;Cowled Battle Mage;;
O#DORA11;HUMANOID;ELF;MAGE;MAGE_FEMALE_HUMAN;O#DORA11;O#DORA11;BACKBRYNNLAW;Cowled Battle Mage;;
O#DORA12;HUMANOID;ELF;MAGE;MAGE_FEMALE_HUMAN;O#DORA12;O#DORA12;BACKBRYNNLAW;Cowled Battle Mage;;
O#DORAB1;HUMANOID;HUMAN;FIGHTER;FIGHTER_MALE_HUMAN;O#DORAB1;O#DORAB1;BACKBRYNNLAW;Mercenary;;
O#DORAB2;HUMANOID;HALF_ELF;FIGHTER;FIGHTER_MALE_ELF;O#DORAB2;O#DORAB2;BACKBRYNNLAW;Mercenary;;
O#DORAB3;HUMANOID;HALFORC;THIEF;THIEF_MALE_HALFORC;O#DORAB3;O#DORAB3;BACKBRYNNLAW;Mercenary;;
O#DORAB4;HUMANOID;HUMAN;FIGHTER;FIGHTER_MALE_HUMAN;O#DORAB4;O#DORAB4;BACKBRYNNLAW;Mercenary;;
O#DORAB5;HUMANOID;HALF_ELF;FIGHTER;FIGHTER_MALE_ELF;O#DORAB5;O#DORAB5;BACKBRYNNLAW;Mercenary;;
O#DORAB6;HUMANOID;HUMAN;CLERIC;CLERIC_FEMALE_HUMAN;O#DORAB6;O#DORAB6;BACKBRYNNLAW;Mercenary;;
O#DORAB7;HUMANOID;HUMAN;CLERIC;CLERIC_FEMALE_HUMAN;O#DORAB7;O#DORAB7;BACKBRYNNLAW;Mercenary;;
O#DORAB8;HUMANOID;HUMAN;FIGHTER;FIGHTER_MALE_HUMAN;O#DORAB8;O#DORAB8;BACKBRYNNLAW;Mercenary;;
O#DORAB9;HUMANOID;HALF_ELF;FIGHTER;FIGHTER_MALE_ELF;O#DORAB9;O#DORAB9;BACKBRYNNLAW;Mercenary;;
O#FOREL;HUMANOID;ELF;MAGE;MAGE_MALE_ELF;O#Forel;O#Forel;BACKBRYNNLAW;Forel;;
O#GALV1;HUMANOID;ELF;MAGE;MAGE_FEMALE_HUMAN;O#Galv1;O#Galv1;BACKBRYNNLAW;Cowled Battle Mage;;
O#GALV2;HUMANOID;HUMAN;FIGHTER;FIGHTER_FEMALE_HUMAN;O#Galv2;O#Galv2;BACKBRYNNLAW;Archer;;
O#GALVEN;HUMANOID;HUMAN;FIGHTER;FIGHTER_FEMALE_HUMAN;O#Galven;O#Galven;BACKBRYNNLAW;Galvena;;
O#GHOST;UNDEAD;HALFLING;NO_CLASS;BOY;O#Ghost;O#Ghost;BACKBRYNNLAW;Monroe;;
O#GHOSTG;HUMANOID;HUMAN;INNOCENT;STATIC_BEGGAR_MAN;O#GhostG;O#GhostG;BACKBRYNNLAW;Monroe's Grandfather;;
O#GONI;HUMANOID;GNOME;MAGE;MAGE_MALE_GNOME;O#Goni;O#Goni;BACKBRYNNLAW;Goni;;
O#GONICA;HUMANOID;HUMAN;FIGHTER;PIRATE;O#GoniCa;O#GoniCa;BACKBRYNNLAW;Captain Rivers;;
O#GONIW1;HUMANOID;HUMAN;INNOCENT;HARLOT_WOMAN;O#GoniW1;O#GoniW1;BACKBRYNNLAW;Courtesan;;
O#GONIW2;HUMANOID;HUMAN;INNOCENT;HARLOT_WOMAN;O#GoniW2;O#GoniW2;BACKBRYNNLAW;Courtesan;;
O#IRENE;HUMANOID;ELF;FIGHTER;MAGE_FEMALE_ELF;O#Irene;O#Irene;BACKBRYNNLAW;Irene;;
O#JEREMY;HUMANOID;HUMAN;FIGHTER;PIRATE;O#Jeremy;O#Jeremy;BACKBRYNNLAW;Captain Jeremy;;
O#KETTA;HUMANOID;HUMAN;THIEF;THIEF_FEMALE_HUMAN;O#Ketta;O#Ketta;BACKBRYNNLAW;Ketta;;
O#KVAS;HUMANOID;HUMAN;INNOCENT;FIGHTER_MALE_HUMAN;O#Kvas;O#Kvas;BACKBRYNNLAW;Kvas;;
O#KVASW1;HUMANOID;HUMAN;INNOCENT;HARLOT_WOMAN;O#KvasW1;O#KvasW;BACKBRYNNLAW;Courtesan;;
O#KVASW2;HUMANOID;HUMAN;INNOCENT;HARLOT_WOMAN;O#KvasW2;O#KvasW;BACKBRYNNLAW;Courtesan;;
O#KVASW3;HUMANOID;HUMAN;INNOCENT;HARLOT_WOMAN;O#KvasW3;O#KvasW;BACKBRYNNLAW;Courtesan;;
O#KVASW4;HUMANOID;HUMAN;INNOCENT;HARLOT_WOMAN;O#KvasW4;O#KvasW;BACKBRYNNLAW;Courtesan;;
O#KVASW5;HUMANOID;HUMAN;INNOCENT;HARLOT_WOMAN;O#KvasW5;O#KvasW;BACKBRYNNLAW;Courtesan;;
O#KVASW6;HUMANOID;HUMAN;INNOCENT;HARLOT_WOMAN;O#KvasW6;O#KvasW;BACKBRYNNLAW;Courtesan;;
O#MYST;HUMANOID;ELF;FIGHTER;MAGE_FEMALE_ELF;O#Myst;O#Myst;BACKBRYNNLAW;Mysterious Figure;;
O#PIRAT1;HUMANOID;HALFLING;INNOCENT;SAILOR_MAN;O#Pirat1;O#Pirat1;BACKBRYNNLAW;Sailor;;
O#PIRAT2;HUMANOID;HALFLING;INNOCENT;SAILOR_MAN;O#Pirat2;O#Pirat2;BACKBRYNNLAW;Sailor;;
O#REVIN;HUMANOID;HUMAN;FIGHTER_MAGE;MAGE_MALE_HUMAN;O#Revin;O#Revin;BACKBRYNNLAW;Revin;;
O#REVINS;HUMANOID;HUMAN;THIEF;THIEF_MALE_HUMAN;O#RevinS;O#RevinS;BACKBRYNNLAW;Revin's Slaver Contact;;
O#REVIS1;HUMANOID;HUMAN;FIGHTER;FIGHTER_MALE_HUMAN;O#ReviS1;O#ReviS1;BACKBRYNNLAW;Guard;;
O#REVIS2;HUMANOID;HUMAN;FIGHTER;FIGHTER_FEMALE_HUMAN;O#ReviS2;O#ReviS2;BACKBRYNNLAW;Guard;;
O#REVIS3;HUMANOID;HUMAN;FIGHTER;FIGHTER_MALE_HUMAN;O#ReviS3;O#ReviS3;BACKBRYNNLAW;Guard;;
O#REVIS4;HUMANOID;HUMAN;FIGHTER;FIGHTER_FEMALE_HUMAN;O#ReviS4;O#ReviS4;BACKBRYNNLAW;Guard;;
O#ROSLIN;HUMANOID;HUMAN;MAGE;MAGE_MALE_HUMAN;O#Roslin;O#Roslin;BACKBRYNNLAW;Roslin;;
O#SION;HUMANOID;HUMAN;MAGE;MAGE_MALE_HUMAN;O#Sion;O#Sion;BACKBRYNNLAW;Sion;;
O#SLAVA;HUMANOID;HUMAN;INNOCENT;CLERIC_FEMALE_HUMAN;O#Slava;O#Slava;BACKBRYNNLAW;Slava;;
O#WIZAT1;HUMANOID;HUMAN;MAGE;MAGE_FEMALE_HUMAN;O#WIZAT1;O#WIZAT1;BACKBRYNNLAW;Cowled Enforcer;;
O#WIZAT2;HUMANOID;HUMAN;MAGE;MAGE_FEMALE_HUMAN;O#WIZAT2;O#WIZAT2;BACKBRYNNLAW;Cowled Enforcer;;
O#WIZATH;HUMANOID;HUMAN;MAGE;MONK;O#WIZATH;O#WIZATH;BACKBRYNNLAW;Cowled Enforcer;;
O#WIZGO1;GIANTHUMANOID;GOLEM;GOLEM_CLAY;GOLEM_CLAY;O#WIZGO1;O#WIZGO1;BACKBRYNNLAW;Clay Golem;ClayGolem;false
O#WIZGO2;GIANTHUMANOID;GOLEM;GOLEM_CLAY;GOLEM_CLAY;O#WIZGO2;O#WIZGO2;BACKBRYNNLAW;Clay Golem;ClayGolem;false
O#WIZSL1;HUMANOID;HUMAN;MAGE;MAGE_FEMALE_HUMAN;O#WIZSL1;O#WIZSL1;BACKBRYNNLAW;Cowled Enforcer;;
O#WIZSL2;HUMANOID;HUMAN;MAGE;MAGE_FEMALE_HUMAN;O#WIZSL2;O#WIZSL2;BACKBRYNNLAW;Cowled Enforcer;;
O#WIZSLA;HUMANOID;HUMAN;MAGE;MONK;O#WIZSLA;O#WIZSLA;BACKBRYNNLAW;Cowled Enforcer;;
O#WIZSP1;HUMANOID;HUMAN;MAGE;MAGE_FEMALE_HUMAN;O#WIZSP1;O#WIZSP1;BACKBRYNNLAW;Cowled Enforcer;;
O#WIZSP2;HUMANOID;HUMAN;MAGE;MONK;O#WIZSP2;O#WIZSP2;BACKBRYNNLAW;Cowled Enforcer;;
O#WIZSP3;HUMANOID;ELF;MAGE;MAGE_FEMALE_HUMAN;O#WIZSP3;O#WIZSP3;BACKBRYNNLAW;Cowled Battle Mage;;
O#WIZSP4;HUMANOID;ELF;MAGE;MAGE_FEMALE_HUMAN;O#WIZSP4;O#WIZSP4;BACKBRYNNLAW;Cowled Battle Mage;;
O#WIZSP5;HUMANOID;ELF;MAGE;MAGE_FEMALE_HUMAN;O#WIZSP5;O#WIZSP5;BACKBRYNNLAW;Cowled Battle Mage;;
O#WIZSPE;HUMANOID;HUMAN;MAGE;MONK;O#WIZSPE;O#WIZSPE;BACKBRYNNLAW;Cowled Enforcer;;
O#WOLL;HUMANOID;HUMAN;FIGHTER;PIRATE;O#Woll;O#Woll;BACKBRYNNLAW;Captain Woll;;
O#WOLLF1;HUMANOID;HUMAN;FIGHTER;PIRATE;O#WollF1;O#WollF1;BACKBRYNNLAW;Pirate;;
O#WOLLF2;HUMANOID;HUMAN;FIGHTER;PIRATE;O#WollF2;O#WollF2;BACKBRYNNLAW;Pirate;;
O#WOLLF3;HUMANOID;HUMAN;FIGHTER;PIRATE;O#WollF3;O#WollF3;BACKBRYNNLAW;Pirate;;
O#WOLLFM;HUMANOID;HUMAN;FIGHTER;PIRATE;O#WollFM;O#WollFM;BACKBRYNNLAW;Pirate Leader;;
O#YASEN;HUMANOID;HUMAN;INNOCENT;FIGHTER_MALE_HUMAN;O#Yasen;O#Yasen;BACKBRYNNLAW;Yasen;;
O#LLARD1;HUMANOID;ELF;FIGHTER;DROW;O#LLARD1;O#LLARD1;SELLSWORDS;Drow;;
O#LLARD2;HUMANOID;ELF;FIGHTER;DROW;O#LLARD2;O#LLARD2;SELLSWORDS;Drow;;
O#LLARD3;HUMANOID;ELF;FIGHTER;DROW;O#LLARD3;O#LLARD3;SELLSWORDS;Drow;;
O#LLARD4;HUMANOID;ELF;FIGHTER;DROW;O#LLARD4;O#LLARD4;SELLSWORDS;Drow;;
O#LLARD5;HUMANOID;ELF;FIGHTER;DROW_FEMALE;O#LLARD5;O#LLARD5;SELLSWORDS;Drow;;
O#LLARD6;HUMANOID;ELF;FIGHTER;DROW_FEMALE;O#LLARD6;O#LLARD6;SELLSWORDS;Drow;;
O#LLARG1;GIANTHUMANOID;GOLEM;GOLEM_CLAY;ELEMENTAL_FIRE_PURPLE;O#LLARG1;O#LLARG1;SELLSWORDS;Magic Golem;ClayGolem;false
O#LLARG2;GIANTHUMANOID;GOLEM;GOLEM_CLAY;ELEMENTAL_FIRE_PURPLE;O#LLARG2;O#LLARG2;SELLSWORDS;Magic Golem;ClayGolem;false
O#LLARG3;GIANTHUMANOID;GOLEM;GOLEM_CLAY;ELEMENTAL_FIRE_PURPLE;O#LLARG3;O#LLARG3;SELLSWORDS;Magic Golem;ClayGolem;false
O#LLARTE;HUMANOID;HUMAN;THIEF;FIGHTER_MALE_HUMAN;O#LLArte;O#LLArte;SELLSWORDS;Artemis Entreri;;
O#LLARU1;UNDEAD;GHOUL;GHOUL_REVEANT;MUMMY;O#LLARU1;O#LLARU1;SELLSWORDS;Mummy;Mummy;true
O#LLARU2;UNDEAD;GHOUL;GHOUL_REVEANT;MUMMY;O#LLARU2;O#LLARU2;SELLSWORDS;Mummy;Mummy;true
O#LLARU3;UNDEAD;GHOUL;GHOUL_REVEANT;MUMMY;O#LLARU3;O#LLARU3;SELLSWORDS;Mummy;Mummy;true
O#LLARU4;UNDEAD;GHOUL;GHOUL_REVEANT;MUMMY;O#LLARU4;O#LLARU4;SELLSWORDS;Mummy;Mummy;true
O#LLARU5;UNDEAD;GHOUL;GHOUL_REVEANT;MUMMY;O#LLARU5;O#LLARU5;SELLSWORDS;Mummy;Mummy;true
O#LLARU6;UNDEAD;GHOUL;GHOUL_REVEANT;MUMMY;O#LLARU6;O#LLARU6;SELLSWORDS;Mummy;Mummy;true
O#LLBAN1;HUMANOID;ELF;FIGHTER;FIGHTER_MALE_ELF;O#LLBan1;O#LLBan1;SELLSWORDS;Drow;;
O#LLBAN2;HUMANOID;ELF;FIGHTER;FIGHTER_MALE_ELF;O#LLBan2;O#LLBan2;SELLSWORDS;Drow Warrior;;
O#LLBAN3;HUMANOID;ELF;FIGHTER;FIGHTER_MALE_ELF;O#LLBan3;O#LLBan3;SELLSWORDS;Drow;;
O#LLBOR;HUMANOID;ELF;FIGHTER;FIGHTER_MALE_ELF;O#LLBOR;O#LLBOR;SELLSWORDS;Bor Jeven;;
O#LLBOY;HUMANOID;HUMAN;INNOCENT;BOY;O#LLBoy;O#LLBoy;SELLSWORDS;Boy;;
O#LLBRO2;HUMANOID;ELF;FIGHTER;FIGHTER_MALE_ELF;O#LLBRO2;O#LLBRO2;SELLSWORDS;Drow;;
O#LLBROW;HUMANOID;ELF;MAGE;MAGE_MALE_ELF;O#LLBROW;O#LLBROW;SELLSWORDS;Drow Wizard;;
O#LLCAPT;HUMANOID;ELF;FIGHTER;FIGHTER_MALE_ELF;O#LLCapt;O#LLCapt;SELLSWORDS;Captain Jeven;;
O#LLDARR;HUMANOID;ELF;FIGHTER;FIGHTER_MALE_ELF;O#LLDARR;O#LLDARR;SELLSWORDS;Drow Warrior;;
O#LLDEM;MONSTER;DEMONIC;TANARI;TANARRI;O#LLDEM;O#LLDEM;SELLSWORDS;Demon;;
O#LLDUE1;HUMANOID;DWARF;FIGHTER;FIGHTER_MALE_DWARF_LOW;O#LLDUE1;O#LLDUE1;SELLSWORDS;Duergar;;
O#LLDUE2;HUMANOID;DWARF;RANGER;FIGHTER_MALE_DWARF;O#LLDUE2;O#LLDUE2;SELLSWORDS;Duergar;;
O#LLDUER;HUMANOID;DWARF;FIGHTER;FIGHTER_MALE_DWARF;O#LLDUER;O#LLDUER;SELLSWORDS;Duergar;;
O#LLFIG1;HUMANOID;ELF;FIGHTER;FIGHTER_MALE_ELF;O#LLFIG1;O#LLFIG1;SELLSWORDS;Jergan;;
O#LLFIG2;HUMANOID;ELF;FIGHTER;FIGHTER_MALE_ELF;O#LLFIG2;O#LLFIG2;SELLSWORDS;K'Hui;;
O#LLFIG3;HUMANOID;ELF;FIGHTER_MAGE;FIGHTER_MALE_ELF;O#LLFIG3;O#LLFIG3;SELLSWORDS;Vintul;;
O#LLFIG4;HUMANOID;ELF;FIGHTER;FIGHTER_MALE_ELF;O#LLFIG4;O#LLFIG4;SELLSWORDS;Drow Warrior;;
O#LLFIG5;HUMANOID;ELF;FIGHTER;FIGHTER_MALE_ELF;O#LLFIG5;O#LLFIG5;SELLSWORDS;Drow;;
O#LLFIG6;HUMANOID;ELF;FIGHTER;FIGHTER_MALE_ELF;O#LLFIG6;O#LLFIG6;SELLSWORDS;Drow Warrior;;
O#LLFIGM;HUMANOID;ELF;MAGE;MAGE_MALE_ELF;O#LLFIGM;O#LLFIGM;SELLSWORDS;Mas'sai;;
O#LLGIRL;HUMANOID;HUMAN;INNOCENT;GIRL;O#LLGirl;O#LLGirl;SELLSWORDS;Girl;;
O#LLGIT2;HUMANOID;GITHYANKI;FIGHTER;GITHYANKI;O#LLGIT2;O#LLGIT2;SELLSWORDS;Knight;;
O#LLGIT3;HUMANOID;GITHYANKI;FIGHTER;GITHYANKI;O#LLGIT3;O#LLGIT3;SELLSWORDS;Knight;;
O#LLGIT4;HUMANOID;GITHYANKI;FIGHTER;GITHYANKI;O#LLGIT4;O#LLGIT4;SELLSWORDS;Knight;;
O#LLGITH;HUMANOID;GITHYANKI;FIGHTER;GITHYANKI;O#LLGITH;O#LLGITH;SELLSWORDS;Knight;;
O#LLGIW;HUMANOID;GITHYANKI;FIGHTER;GITHYANKI;O#LLGiw;O#LLGiw;SELLSWORDS;Knight;;
O#LLGIW1;HUMANOID;GITHYANKI;FIGHTER;GITHYANKI;O#LLGiw1;O#LLGiw1;SELLSWORDS;Knight;;
O#LLGIW2;HUMANOID;GITHYANKI;FIGHTER;GITHYANKI;O#LLGiw2;O#LLGiw2;SELLSWORDS;Knight;;
O#LLGIW3;HUMANOID;GITHYANKI;FIGHTER;GITHYANKI;O#LLGiw3;O#LLGiw3;SELLSWORDS;Knight;;
O#LLGIW4;HUMANOID;GITHYANKI;FIGHTER;GITHYANKI;O#LLGiw4;O#LLGiw4;SELLSWORDS;Knight;;
O#LLGOL1;GIANTHUMANOID;GOLEM;GOLEM_CLAY;GOLEM_CLAY;O#LLGOL1;O#LLGOL1;SELLSWORDS;Brain Golem;ClayGolem;false
O#LLGOL2;GIANTHUMANOID;GOLEM;GOLEM_CLAY;GOLEM_CLAY;O#LLGOL2;O#LLGOL2;SELLSWORDS;Brain Golem;ClayGolem;false
O#LLGOL3;GIANTHUMANOID;GOLEM;GOLEM_CLAY;GOLEM_CLAY;O#LLGOL3;O#LLGOL3;SELLSWORDS;Brain Golem;ClayGolem;false
O#LLGUA1;GIANTHUMANOID;ELEMENTAL;ELEMENTAL_EARTH;ELEMENTAL_EARTH;O#LLGua1;O#LLGua1;SELLSWORDS;Greater Earth Elemental;;
O#LLGUA2;GIANTHUMANOID;ELEMENTAL;ELEMENTAL_EARTH;ELEMENTAL_EARTH;O#LLGua2;O#LLGua2;SELLSWORDS;Greater Earth Elemental;;
O#LLGUA3;HUMANOID;ELF;FIGHTER;FIGHTER_MALE_ELF;O#LLGua3;O#LLGua3;SELLSWORDS;Drow Warrior;;
O#LLGUA4;HUMANOID;ELF;FIGHTER;FIGHTER_MALE_ELF;O#LLGua4;O#LLGua4;SELLSWORDS;Drow Warrior;;
O#LLGUA5;MONSTER;DEMONIC;TANARI;DROW_FEMALE;O#LLGua5;O#LLGua5;SELLSWORDS;Yochlol;;
O#LLGUA6;MONSTER;DEMONIC;TANARI;GLABREZU;O#LLGua6;O#LLGua6;SELLSWORDS;Glabrezu;;
O#LLILJ1;HUMANOID;MIND_FLAYER;MIND_FLAYER;MINDFLAYER;O#LLILLJ;O#LLILLJ;SELLSWORDS;Mind Flayer;;
O#LLILJ2;HUMANOID;MIND_FLAYER;MIND_FLAYER;MINDFLAYER;O#LLILLJ;O#LLILLJ;SELLSWORDS;Mind Flayer;;
O#LLILL1;HUMANOID;MIND_FLAYER;MIND_FLAYER;MINDFLAYER;O#LLILL1;O#LLILL1;SELLSWORDS;Mind Flayer;;
O#LLILL2;HUMANOID;MIND_FLAYER;MIND_FLAYER;MINDFLAYER;O#LLILL2;O#LLILL2;SELLSWORDS;Mind Flayer;;
O#LLISTE;HUMANOID;ELF;FIGHTER;FIGHTER_MALE_ELF;O#LLISTE;O#LLISTE;SELLSWORDS;Drow Warrior;;
O#LLJARL;HUMANOID;ELF;FIGHTER;FIGHTER_MALE_ELF;O#LLJarl;O#LLJarl;SELLSWORDS;Jarlaxle;;
O#LLJEY;HUMANOID;ELF;FIGHTER;FIGHTER_MALE_ELF;O#LLJey;O#LLJey;SELLSWORDS;Jey're Jeven;;
O#LLJEY1;HUMANOID;ELF;FIGHTER;FIGHTER_MALE_ELF;O#LLJey1;O#LLJey1;SELLSWORDS;Drow Warrior;;
O#LLJEY2;HUMANOID;ELF;FIGHTER;FIGHTER_MALE_ELF;O#LLJey2;O#LLJey2;SELLSWORDS;Drow;;
O#LLJEY3;HUMANOID;ELF;FIGHTER;FIGHTER_MALE_ELF;O#LLJey3;O#LLJey3;SELLSWORDS;Drow;;
O#LLKIMM;HUMANOID;ELF;MAGE;MAGE_MALE_ELF;O#LLKimm;O#LLKimm;SELLSWORDS;Kimmuriel;;
O#LLKOB1;HUMANOID;KOBOLD;KOBOLD;KOBOLD;O#LLKOB1;O#LLKOB1;SELLSWORDS;Kobold;;
O#LLKOB2;HUMANOID;KOBOLD;KOBOLD;KOBOLD;O#LLKOB2;O#LLKOB2;SELLSWORDS;Kobold;;
O#LLKOB3;HUMANOID;KOBOLD;KOBOLD;KOBOLD;O#LLKOB3;O#LLKOB3;SELLSWORDS;Kobold;;
O#LLKOBA;HUMANOID;DWARF;FIGHTER;FIGHTER_MALE_DWARF;O#LLKOBA;O#LLKOBA;SELLSWORDS;Koba;;
O#LLLAVA;HUMANOID;ELF;MAGE;MAGE_MALE_ELF;O#LLLAVA;O#LLLAVA;SELLSWORDS;Lavaes;;
O#LLLORN;HUMANOID;ELF;FIGHTER;FIGHTER_MALE_ELF;O#LLLorn;O#LLLorn;SELLSWORDS;Lorn Jeven;;
O#LLLUM1;HUMANOID;ELF;FIGHTER;FIGHTER_MALE_ELF;O#LLLUM1;O#LLLUM1;SELLSWORDS;Commoner;;
O#LLLUM2;HUMANOID;ELF;FIGHTER;FIGHTER_MALE_ELF;O#LLLUM2;O#LLLUM2;SELLSWORDS;Commoner;;
O#LLLUW1;HUMANOID;ELF;FIGHTER;FIGHTER_FEMALE_ELF;O#LLLUW1;O#LLLUW1;SELLSWORDS;Commoner;;
O#LLLUW2;HUMANOID;ELF;FIGHTER;FIGHTER_FEMALE_ELF;O#LLLUW2;O#LLLUW2;SELLSWORDS;Commoner;;
O#LLMAN1;HUMANOID;ELF;FIGHTER;FIGHTER_MALE_ELF;O#LLMAN1;O#LLMAN1;SELLSWORDS;Commoner;;
O#LLMAN2;HUMANOID;ELF;FIGHTER;FIGHTER_MALE_ELF;O#LLMAN2;O#LLMAN2;SELLSWORDS;Commoner;;
O#LLMAN3;HUMANOID;ELF;FIGHTER;FIGHTER_MALE_ELF;O#LLMAN3;O#LLMAN3;SELLSWORDS;Commoner;;
O#LLMAN4;HUMANOID;ELF;FIGHTER;FIGHTER_MALE_ELF;O#LLMAN4;O#LLMAN4;SELLSWORDS;Commoner;;
O#LLMAN5;HUMANOID;ELF;FIGHTER;FIGHTER_MALE_ELF;O#LLMAN5;O#LLMAN5;SELLSWORDS;Commoner;;
O#LLMAN6;HUMANOID;ELF;FIGHTER;FIGHTER_MALE_ELF;O#LLMAN6;O#LLMAN6;SELLSWORDS;Commoner;;
O#LLMATR;HUMANOID;ELF;CLERIC;CLERIC_FEMALE_ELF;O#LLMatr;O#LLMatr;SELLSWORDS;Matron Mother Jeven;;
O#LLMERA;HUMANOID;ELF;FIGHTER;FIGHTER_MALE_ELF;O#LLMERA;O#LLMERA;SELLSWORDS;Drow;;
O#LLMERE;HUMANOID;ELF;FIGHTER;MAGE_FEMALE_ELF;O#LLMERE;O#LLMERE;SELLSWORDS;Merae Jeven;;
O#LLMERP;HUMANOID;ELF;FIGHTER;FIGHTER_MALE_ELF;O#LLMERP;O#LLMERP;SELLSWORDS;Drow;;
O#LLMERS;HUMANOID;ELF;FIGHTER;FIGHTER_MALE_ELF;O#LLMERS;O#LLMERS;SELLSWORDS;Drow;;
O#LLMERW;HUMANOID;ELF;FIGHTER;FIGHTER_MALE_ELF;O#LLMERW;O#LLMERW;SELLSWORDS;Drow;;
O#LLMESS;HUMANOID;ELF;FIGHTER;FIGHTER_MALE_ELF;O#LLMess;O#LLMess;SELLSWORDS;Drow;;
O#LLNELR;HUMANOID;ELF;FIGHTER;FIGHTER_MALE_ELF;O#LLNELR;O#LLNELR;SELLSWORDS;Nelros;;
O#LLORB1;MONSTER;BEHOLDER;BEHOLDER;BEHOLDER;O#LLOrb1;O#LLOrb1;SELLSWORDS;Elder Orb;;
O#LLORB2;MONSTER;BEHOLDER;BEHOLDER;BEHOLDER;O#LLOrb2;O#LLOrb2;SELLSWORDS;Elder Orb;;
O#LLPRI2;HUMANOID;ELF;CLERIC;CLERIC_FEMALE_ELF;O#LLPri2;O#LLPri2;SELLSWORDS;Drow Priestess;;
O#LLPRIE;HUMANOID;ELF;CLERIC;CLERIC_FEMALE_ELF;O#LLPrie;O#LLPrie;SELLSWORDS;Drow Priestess;;
O#LLRIEL;HUMANOID;ELF;CLERIC;CLERIC_FEMALE_ELF;O#LLRIEL;O#LLRIEL;SELLSWORDS;Drow Priestess;;
O#LLRIV0;HUMANOID;ELF;FIGHTER;DROW;O#LLRIV0;O#LLRIV0;SELLSWORDS;Drow;;
O#LLRIV1;HUMANOID;ELF;FIGHTER;DROW;O#LLRIV1;O#LLRIV1;SELLSWORDS;Drow;;
O#LLRIV2;HUMANOID;ELF;FIGHTER;DROW_FEMALE;O#LLRIV2;O#LLRIV2;SELLSWORDS;Drow;;
O#LLRIV3;HUMANOID;ELF;FIGHTER;DROW;O#LLRIV3;O#LLRIV3;SELLSWORDS;Drow;;
O#LLRIV4;HUMANOID;ELF;FIGHTER;DROW_FEMALE;O#LLRIV4;O#LLRIV4;SELLSWORDS;Drow;;
O#LLRIV5;HUMANOID;ELF;FIGHTER;DROW_FEMALE;O#LLRIV5;O#LLRIV5;SELLSWORDS;Drow;;
O#LLRIV6;HUMANOID;ELF;FIGHTER;DROW;O#LLRIV6;O#LLRIV6;SELLSWORDS;Drow;;
O#LLRIV7;HUMANOID;ELF;FIGHTER;DROW;O#LLRIV7;O#LLRIV7;SELLSWORDS;Drow;;
O#LLRIV8;HUMANOID;ELF;FIGHTER;DROW_FEMALE;O#LLRIV8;O#LLRIV8;SELLSWORDS;Drow;;
O#LLRIV9;HUMANOID;ELF;FIGHTER;DROW;O#LLRIV9;O#LLRIV9;SELLSWORDS;Drow;;
O#LLSEXM;HUMANOID;ELF;FIGHTER;FIGHTER_MALE_ELF;O#LLSEXM;O#LLSEXM;SELLSWORDS;Drow;;
O#LLSEXW;HUMANOID;ELF;FIGHTER;FIGHTER_FEMALE_ELF;O#LLSEXW;O#LLSEXW;SELLSWORDS;Drow;;
O#LLSHA1;UNDEAD;SHADOW;FIGHTER;SHADOW;O#LLSHA1;O#LLSHA1;SELLSWORDS;Shadow Fiend;Shadow;false
O#LLSHA2;UNDEAD;SHADOW;FIGHTER;SHADOW;O#LLSHA2;O#LLSHA2;SELLSWORDS;Shadow Fiend;Shadow;false
O#LLSHA3;UNDEAD;SHADOW;FIGHTER;SHADOW;O#LLSHA3;O#LLSHA3;SELLSWORDS;Shadow Fiend;Shadow;false
O#LLSHA4;UNDEAD;SHADOW;FIGHTER;SHADOW;O#LLSHA4;O#LLSHA4;SELLSWORDS;Shadow Fiend;Shadow;false
O#LLSHA5;UNDEAD;SHADOW;FIGHTER;SHADOW;O#LLSHA5;O#LLSHA5;SELLSWORDS;Shadow Fiend;Shadow;false
O#LLSHA6;UNDEAD;SHADOW;FIGHTER;SHADOW;O#LLSHA6;O#LLSHA6;SELLSWORDS;Shadow Fiend;Shadow;false
O#LLSHAD;UNDEAD;SHADOW;FIGHTER;SHADOW;O#LLSHAD;O#LLSHAD;SELLSWORDS;Devil Shade;Shadow;false
O#LLSPI1;MONSTER;SPIDER;SPIDER_GIANT;SPIDER_GIANT;O#LLSpi1;O#LLSpi1;SELLSWORDS;Giant Spider;GiantSpider;false
O#LLSPI2;MONSTER;SPIDER;SPIDER_GIANT;SPIDER_GIANT;O#LLSpi2;O#LLSpi2;SELLSWORDS;Giant Spider;GiantSpider;false
O#LLSPI3;MONSTER;SPIDER;SPIDER_GIANT;SPIDER_GIANT;O#LLSpi3;O#LLSpi3;SELLSWORDS;Giant Spider;GiantSpider;false
O#LLSPI4;MONSTER;SPIDER;SPIDER_GIANT;SPIDER_GIANT;O#LLSpi4;O#LLSpi4;SELLSWORDS;Giant Spider;GiantSpider;false
O#LLSPY1;HUMANOID;ELF;CLERIC;CLERIC_FEMALE_ELF;O#LLSPY1;O#LLSPY1;SELLSWORDS;Drow;;
O#LLSPY2;HUMANOID;ELF;FIGHTER;FIGHTER_MALE_ELF;O#LLSPY2;O#LLSPY2;SELLSWORDS;Drow;;
O#LLSPY3;HUMANOID;ELF;CLERIC;CLERIC_FEMALE_ELF;O#LLSPY3;O#LLSPY3;SELLSWORDS;Drow;;
O#LLSPY4;HUMANOID;ELF;MAGE;MAGE_MALE_ELF;O#LLSPY4;O#LLSPY4;SELLSWORDS;Drow Wizard;;
O#LLTAM1;HUMANOID;ELF;FIGHTER;FIGHTER_MALE_ELF;O#LLTAM1;O#LLTAM1;SELLSWORDS;Commoner;;
O#LLTAM2;HUMANOID;ELF;FIGHTER;FIGHTER_MALE_ELF;O#LLTAM2;O#LLTAM2;SELLSWORDS;Commoner;;
O#LLTAV;HUMANOID;ELF;FIGHTER;FIGHTER_MALE_ELF;O#LLTAV;O#LLTAV;SELLSWORDS;Drow Bartender;;
O#LLTAW1;HUMANOID;ELF;FIGHTER;FIGHTER_FEMALE_ELF;O#LLTAW1;O#LLTAW1;SELLSWORDS;Commoner;;
O#LLTAW2;HUMANOID;ELF;FIGHTER;FIGHTER_FEMALE_ELF;O#LLTAW2;O#LLTAW2;SELLSWORDS;Commoner;;
O#LLTRO1;GIANTHUMANOID;TROLL;TROLL;TROLL;O#LLTro1;O#LLTro1;SELLSWORDS;Giant Troll;;
O#LLTRO2;GIANTHUMANOID;TROLL;TROLL;TROLL;O#LLTro2;O#LLTro2;SELLSWORDS;Giant Troll;;
O#LLTRO3;GIANTHUMANOID;TROLL;SPECTRAL_TROLL;TROLL_BLUE;O#LLTro3;O#LLTro3;SELLSWORDS;Spirit Troll;;
O#LLTRO4;GIANTHUMANOID;TROLL;SPECTRAL_TROLL;TROLL_BLUE;O#LLTro4;O#LLTro4;SELLSWORDS;Spirit Troll;;
O#LLUMB1;MONSTER;UMBERHULK;UMBERHULK;UMBER_HULK;O#LLUMB1;O#LLUMB1;SELLSWORDS;Umber Hulk;;
O#LLUMB2;MONSTER;UMBERHULK;UMBERHULK;UMBER_HULK;O#LLUMB2;O#LLUMB2;SELLSWORDS;Umber Hulk;;
O#LLWOM1;HUMANOID;ELF;FIGHTER;FIGHTER_FEMALE_ELF;O#LLWOM1;O#LLWOM1;SELLSWORDS;Commoner;;
O#LLWOM2;HUMANOID;ELF;FIGHTER;FIGHTER_FEMALE_ELF;O#LLWOM2;O#LLWOM2;SELLSWORDS;Commoner;;
O#LLWOM3;HUMANOID;ELF;FIGHTER;FIGHTER_FEMALE_ELF;O#LLWOM3;O#LLWOM3;SELLSWORDS;Commoner;;
O#LLWOM4;HUMANOID;ELF;FIGHTER;FIGHTER_FEMALE_ELF;O#LLWOM4;O#LLWOM4;SELLSWORDS;Commoner;;
O#LLWOM5;HUMANOID;ELF;FIGHTER;FIGHTER_FEMALE_ELF;O#LLWOM5;O#LLWOM5;SELLSWORDS;Commoner;;
O#LLWOM6;HUMANOID;ELF;FIGHTER;FIGHTER_FEMALE_ELF;O#LLWOM6;O#LLWOM6;SELLSWORDS;Commoner;;
O#LLZEDE;HUMANOID;ELF;MAGE;MAGE_MALE_ELF;O#LLZEDE;O#LLZEDE;SELLSWORDS;Zedeon;;
O#LLZEDM;HUMANOID;ELF;MAGE;MAGE_MALE_ELF;O#LLZEDM;O#LLZEDM;SELLSWORDS;Drow Wizard;;
O#DAEADW;UNDEAD;DWARF;FIGHTER;CLERIC_FEMALE_DWARF;O#DAEALI;O#DAEALI;REUNION;Alianna;;
O#DAEAEL;UNDEAD;ELF;FIGHTER;CLERIC_FEMALE_ELF;O#DAEALI;O#DAEALI;REUNION;Alianna;;
O#DAEAHA;UNDEAD;HALFLING;FIGHTER;CLERIC_FEMALE_HALFLING;O#DAEALI;O#DAEALI;REUNION;Alianna;;
O#DAEAHU;UNDEAD;HUMAN;FIGHTER;CLERIC_FEMALE_HUMAN;O#DAEALI;O#DAEALI;REUNION;Alianna;;
O#DAEBOY;HUMANOID;HUMAN;INNOCENT;BOY;O#DAEBOy;O#DAEBOY;REUNION;Little Boy;;
O#DAECAP;HUMANOID;HUMAN;FIGHTER;FIGHTER_MALE_HUMAN;O#DAECAP;O#DAECAP;REUNION;Captain Arat;;
O#DAECHA;HUMANOID;HUMAN;INNOCENT;PEASANT_WOMAN;O#DAECHA;O#DAECHA;REUNION;Chanelle;;
O#DAEDAD;HUMANOID;HUMAN;FIGHTER;FIGHTER_MALE_HUMAN;O#DAEDAD;O#DAEDAD;REUNION;Wes;;
O#DAEDEL;HUMANOID;HUMAN;INNOCENT;NOBLE_WOMAN;O#DAEDEL;O#DAEDEL;REUNION;Lady Delcia;;
O#DAEGHE;HUMANOID;HUMAN;INNOCENT;STATIC_FAT_MAN;O#DAEGHE;O#DAEGHE;REUNION;Gheed;;
O#DAEGOR;UNDEAD;HUMAN;INNOCENT;MAGE_MALE_HUMAN;O#DAEGOR;O#DAEGOR;REUNION;Gorion;;
O#DAEGUY;HUMANOID;HUMAN;CLERIC;CLERIC_MALE_HUMAN;O#DAEGUY;O#DAEGUY;REUNION;Wounded Man;;
O#DAEJES;HUMANOID;ELF;RANGER;FIGHTER_MALE_ELF;O#DAEJES;O#DAEJES;REUNION;Jessup;;
O#DAEKID;HUMANOID;HUMAN;INNOCENT;GIRL;O#DAEKID;O#DAEKID;REUNION;Lanie;;
O#DAEMA1;MONSTER;DEMONIC;TANARI;MARILITH;O#DAEMA1;O#DAEMA1;REUNION;Marilith;;
O#DAEMA2;MONSTER;DEMONIC;TANARI;MARILITH;O#DAEMA2;O#DAEMA2;REUNION;Marilith;;
O#DAEMA3;MONSTER;DEMONIC;TANARI;MARILITH;O#DAEMA3;O#DAEMA3;REUNION;Marilith;;
O#DAEMAI;HUMANOID;HUMAN;INNOCENT;PEASANT_WOMAN;O#DAEMAI;O#DAEMAI;REUNION;Frightened Maid;;
O#DAEMAJ;HUMANOID;DEMONIC;FIGHTER_MAGE;DEATH_KNIGHT;O#DAEMAJ;O#DAEMAJ;REUNION;Evil Majordomo;;
O#DAEMOM;HUMANOID;HUMAN;INNOCENT;PEASANT_WOMAN;O#DAEMOM;O#DAEMOM;REUNION;Miranda;;
O#DAEMON;HUMANOID;HUMAN;FIGHTER_MAGE;FIGHTER_MALE_HUMAN;O#DAEMON;O#DAEMON;REUNION;Daemon;;
L#NSBAS1;MONSTER;BASILISK;BASILISK_GREATER;BASILISK_GREATER;L#NSBAS;;OOZE;Greater Basilisk;GreaterBasilisk;false
L#NSBAS2;MONSTER;BASILISK;BASILISK;BASILISK;L#NSBAS;;OOZE;Basilisk;LesserBasilisk;false
L#NSBEH;MONSTER;BEHOLDER;BEHOLDER;BEHOLDER;L#NSBEH;L#NSBEH;OOZE;Eyeblinker;;
L#NSCHIL;MONSTER;PLANATAR;CLERIC_MAGE;GIRL;L#NSCHIL;L#NSCHIL;jtweaks;Biya;;
L#NSCLE;HUMANOID;GNOME;CLERIC;CLERIC_MALE_GNOME;L#NSCLE;L#NSCLE;OOZE;Vulab;;
L#NSLUN;HUMANOID;HUMAN;BARD;MAGE_FEMALE_GNOME;L#NSLUN;L#NSLUN;OOZE;Luna;;
L#NSNYM;HUMANOID;ELF;THIEF;THIEF_MALE_ELF;L#NSNYM;L#NSNYM;OOZE;Nym;;
L#NSSEE;HUMANOID;GNOME;NO_CLASS;WIZARD_EYE;L#NSSEE;L#NSSEE;OOZE;Cute Floating Eye;;
L#NSSULJ;MONSTER;BASILISK;BASILISK_GREATER;BASILISK_GREATER;L#NSSULJ;;OOZE;Suljak;GreaterBasilisk;false
L#NDAMA;HUMANOID;HUMAN;INNOCENT;HARLOT_WOMAN;L#NDAMA;L#NDAMA;SOUTHERNEDGE;Amaretto;;
L#NDANT;HUMANOID;HUMAN;INNOCENT;FAT_MAN;L#NDANT;L#NDANT;SOUTHERNEDGE;Togl, the Cow Healer;;
L#NDBAR1;HUMANOID;HUMAN;INNOCENT;NOBLE_MAN;NONE;L#NDBAR1;SOUTHERNEDGE;Commoner;;
L#NDBAR2;HUMANOID;HUMAN;INNOCENT;NOBLE_WOMAN;NONE;L#NDBAR2;SOUTHERNEDGE;Commoner;;
L#NDBAR3;HUMANOID;HUMAN;INNOCENT;STATIC_PEASANT_MAN_STOOL;NONE;L#NDBAR3;SOUTHERNEDGE;Commoner;;
L#NDBAR4;HUMANOID;HUMAN;INNOCENT;STATIC_PEASANT_MAN_STOOL;NONE;L#NDBAR4;SOUTHERNEDGE;Commoner;;
L#NDBER;HUMANOID;HUMAN;INNOCENT;FAT_MAN;L#NDBER;L#NDBER;SOUTHERNEDGE;Tonnam;;
L#NDC1;MONSTER;BASILISK;FAIRY_SIRINE;SIRINE;L#NDC1;;SOUTHERNEDGE;Sirine;Sirine;true
L#NDC2;MONSTER;ANKHEG;ANKHEG;ANKHEG;L#NDC2;;SOUTHERNEDGE;Greater Ankheg;Ankheg;false
L#NDC6M;HUMANOID;DWARF;INNOCENT;FIGHTER_MALE_DWARF;L#NDC6M;L#NDC6M;SOUTHERNEDGE;Dwarven Merchant;;
L#NDCAR;HUMANOID;HUMAN;INNOCENT;FAT_MAN;L#NDCAR;L#NDCAR;SOUTHERNEDGE;Carpenter;;
L#NDCAT;ANIMAL;CAT;MAGE;CAT;L#NDCAT;L#NDCAT;SOUTHERNEDGE;Mr. Cat;;
L#NDCOM1;HUMANOID;HUMAN;INNOCENT;FAT_MAN;NONE;L#NDCOM1;SOUTHERNEDGE;Commoner;;
L#NDCOM2;HUMANOID;HUMAN;INNOCENT;PEASANT_MAN;NONE;L#NDCOM2;SOUTHERNEDGE;Commoner;;
L#NDCOM3;HUMANOID;HUMAN;INNOCENT;PEASANT_MAN;NONE;L#NDCOM3;SOUTHERNEDGE;Commoner;;
L#NDCOM4;HUMANOID;HUMAN;INNOCENT;PEASANT_MAN;NONE;L#NDCOM4;SOUTHERNEDGE;Commoner;;
L#NDCOM5;HUMANOID;HUMAN;INNOCENT;NOBLE_MAN;NONE;L#NDCOM5;SOUTHERNEDGE;Commoner;;
L#NDCOM6;HUMANOID;HUMAN;INNOCENT;PEASANT_WOMAN;NONE;L#NDCOM6;SOUTHERNEDGE;Commoner;;
L#NDCOM7;HUMANOID;HUMAN;INNOCENT;PEASANT_WOMAN;NONE;L#NDCOM7;SOUTHERNEDGE;Commoner;;
L#NDCOM8;HUMANOID;HUMAN;INNOCENT;NOBLE_WOMAN;NONE;L#NDCOM8;SOUTHERNEDGE;Commoner;;
L#NDCOM9;HUMANOID;HUMAN;INNOCENT;FAT_WOMAN;NONE;L#NDCOM9;SOUTHERNEDGE;Commoner;;
L#NDCOW;ANIMAL;NO_RACE;NO_CLASS;COW;L#NDCOW;L#NDCOW;SOUTHERNEDGE;Nessie;;
L#NDDOO;HUMANOID;HUMAN;INNOCENT;PEASANT_MAN;L#NDDOO;L#NDDOO;SOUTHERNEDGE;Dirty Kolad;;
L#NDDRE;HUMANOID;HUMAN;CLERIC;CLERIC_MALE_HUMAN;L#NDDRE;L#NDDRE;SOUTHERNEDGE;Dreppin;;
L#NDGAU;MONSTER;BEHOLDER;BEHOLDER;BEHOLDER_SMALL;L#NDGAU;L#NDGAU;SOUTHERNEDGE;Ooglyph, the Tasloi Master;;
L#NDGIR;HUMANOID;HUMAN;INNOCENT;GIRL;L#NDGIR;L#NDGIR;SOUTHERNEDGE;Girl;;
L#NDGNO;HUMANOID;GNOLL;GNOLL;GNOLL;L#NDGNO;L#NDGNO;SOUTHERNEDGE;Ghurklu;;
L#NDINN;HUMANOID;HUMAN;INNOCENT;FAT_MAN;L#NDINN;L#NDINN;SOUTHERNEDGE;Gorrdy;;
L#NDLYD;HUMANOID;HUMAN;INNOCENT;PEASANT_WOMAN;L#NDLYD;L#NDLYD;SOUTHERNEDGE;Lydia;;
L#NDMAI;HUMANOID;HALFLING;MAGE;CLERIC_MALE_HALFLING;L#NDMAI;L#NDMAI;SOUTHERNEDGE;Mairo Mudclapper;;
L#NDNEI;HUMANOID;HUMAN;PALADIN;FIGHTER_MALE_HUMAN;L#NDNEI;L#NDNEI;SOUTHERNEDGE;Neil;;
L#NDNIB;HUMANOID;LEATHER;INNOCENT;PEASANT_MAN;L#NDNIB;L#NDNIB;SOUTHERNEDGE;Charleston Nib;;
L#NDNIG;HUMANOID;DWARF;INNOCENT;THIEF_MALE_DWARF;L#NDNIG;L#NDNIG;SOUTHERNEDGE;Niglir;;
L#NDPAR;GIANTHUMANOID;MIND_FLAYER;NO_CLASS;FEYR_GREATER;L#NDPAR;;SOUTHERNEDGE;Parasite;;
L#NDPLA;HUMANOID;HUMAN;BARD;THIEF_MALE_HUMAN_LOW;L#NDPLA;L#NDPLA;SOUTHERNEDGE;Nervous Bard;;
L#NDPRI;HUMANOID;HUMAN;INNOCENT;STATIC_FAT_WOMAN;L#NDPRI;L#NDPRI;SOUTHERNEDGE;Watcher Tanta;;
L#NDRAT;MONSTER;YUANTI;FIGHTER;RAT;L#NDRAT;;SOUTHERNEDGE;More Than Just a Rat;;
L#NDSHO;HUMANOID;HUMAN;INNOCENT;FIGHTER_FEMALE_HUMAN;L#NDSHO;L#NDSHO;SOUTHERNEDGE;Merchant;;
L#NDSMU;HUMANOID;HUMAN;THIEF;THIEF_MALE_HUMAN;L#NDSMU;L#NDSMU;SOUTHERNEDGE;Rory the Merchant;;
L#NDTAK;HUMANOID;HUMAN;THIEF;SHADOW_THIEF;L#NDTAK;L#NDTAK;SOUTHERNEDGE;Smuggler;;
L#NDTRA;HUMANOID;HALFLING;INNOCENT;THIEF_MALE_HALFLING;L#NDTRA;L#NDTRA;SOUTHERNEDGE;Traveller;;
L#NDVAM;UNDEAD;VAMPIRE;VAMPIRE;VAMPIRE;L#NDVAM;L#NDVAM;SOUTHERNEDGE;Crynn;;
L#NDWAN;HUMANOID;HUMAN;INNOCENT;NOBLE_MAN;L#NDWAN;L#NDWAN;SOUTHERNEDGE;Merchant;;
L#NI6CQ;HUMANOID;ELF;MAGE;MAGE_MALE_HUMAN;L#NI6CQ;L#NI6CQ;TANGLEDISLE;Nikt;;
L#NIBAA;HUMANOID;HUMAN;INNOCENT;BOY;L#NIBAA;L#NIBAA;TANGLEDISLE;Boy;;
L#NIBC1;HUMANOID;LEATHER;INNOCENT;THIEF_MALE_HUMAN;L#NIBC1;L#NIBC1;TANGLEDISLE;Hron;;
L#NIBC2;HUMANOID;HUMAN;INNOCENT;CLERIC_FEMALE_ELF;L#NIBC2;L#NIBC2;TANGLEDISLE;Miga;;
L#NIBC3;HUMANOID;LEATHER;FIGHTER;THIEF_MALE_HUMAN;L#NIBC3;L#NIBC3;TANGLEDISLE;Hron;;
L#NIBC4;HUMANOID;HUMAN;FIGHTER;CLERIC_FEMALE_ELF;L#NIBC4;L#NIBC4;TANGLEDISLE;Miga;;
L#NICBB;HUMANOID;HUMAN;INNOCENT;FAT_WOMAN;L#NICBB;L#NICBB;TANGLEDISLE;Nuna;;
L#NICLE;HUMANOID;HUMAN;CLERIC;CLERIC_FEMALE_ELF;L#NICLE;L#NICLE;TANGLEDISLE;Priestress of Umberlee;;
L#NICMF1;HUMANOID;HUMAN;INNOCENT;PEASANT_WOMAN;L#NICMF1;L#NICMF1;TANGLEDISLE;Commoner;;
L#NICMF2;HUMANOID;HUMAN;INNOCENT;NOBLE_WOMAN;L#NICMF2;L#NICMF2;TANGLEDISLE;Commoner;;
L#NICMF3;HUMANOID;HUMAN;INNOCENT;PEASANT_WOMAN;L#NICMF3;L#NICMF3;TANGLEDISLE;Commoner;;
L#NICMF4;HUMANOID;HUMAN;INNOCENT;HARLOT_WOMAN;L#NICMF4;L#NICMF4;TANGLEDISLE;Commoner;;
L#NICMF5;HUMANOID;HUMAN;INNOCENT;FAT_WOMAN;L#NICMF5;L#NICMF5;TANGLEDISLE;Commoner;;
L#NICMF6;HUMANOID;HUMAN;INNOCENT;HARLOT_WOMAN;L#NICMF6;L#NICMF6;TANGLEDISLE;Commoner;;
L#NICMM1;HUMANOID;HUMAN;INNOCENT;FAT_MAN;L#NICMM1;L#NICMM1;TANGLEDISLE;Commoner;;
L#NICMM2;HUMANOID;LEATHER;INNOCENT;PEASANT_MAN;L#NICMM2;L#NICMM2;TANGLEDISLE;Commoner;;
L#NICMM3;HUMANOID;LEATHER;INNOCENT;PEASANT_MAN;L#NICMM3;L#NICMM3;TANGLEDISLE;Commoner;;
L#NICMM4;HUMANOID;LEATHER;INNOCENT;FIGHTER_MALE_HALFLING;L#NICMM4;L#NICMM4;TANGLEDISLE;Commoner;;
L#NICMM5;HUMANOID;LEATHER;INNOCENT;BEGGAR_MAN;L#NICMM5;L#NICMM5;TANGLEDISLE;Commoner;;
L#NICMM6;HUMANOID;LEATHER;INNOCENT;PEASANT_MAN;L#NICMM6;L#NICMM6;TANGLEDISLE;Commoner;;
L#NICUT;HUMANOID;HUMAN;INNOCENT;STATIC_PEASANT_MAN_CHAIR;L#NICUT;L#NICUT;TANGLEDISLE;Jacc Fork;;
L#NIDICC;HUMANOID;HALFLING;INNOCENT;CLERIC_FEMALE_HALFLING;L#NIDICC;L#NIDICC;TANGLEDISLE;Dicca;;
L#NIDOG;ANIMAL;DOG;DOG_WAR;DOG_WILD;L#NIDOG;L#NIDOG;TANGLEDISLE;Mr. Dog;WarDog;false
L#NIDRUI;HUMANOID;HALF_ELF;DRUID;CLERIC_FEMALE_ELF;L#NIDRUI;L#NIDRUI;TANGLEDISLE;Oola;;
L#NIFINN;HUMANOID;HUMAN;CLERIC;CLERIC_MALE_DWARF;L#NIFINN;L#NIFINN;TANGLEDISLE;Finn;;
L#NIFIS;HUMANOID;HUMAN;INNOCENT;CLERIC_MALE_HALFORC;L#NIFIS;L#NIFIS;TANGLEDISLE;Fish Merchant;;
L#NIGOL;GIANTHUMANOID;GOLEM;GOLEM_CLAY;GOLEM_CLAY;L#NIGOL;L#NIGOL;TANGLEDISLE;Faithful Golem;ClayGolem;false
L#NIH01;HUMANOID;HUMAN;INNOCENT;BEGGAR_MAN;L#NIH01;L#NIH01;TANGLEDISLE;Golden-Haired Man;;
L#NIH02;HUMANOID;GNOME;MAGE;MAGE_MALE_GNOME;L#NIH02;L#NIH02;TANGLEDISLE;Pale Man;;
L#NIH03;HUMANOID;HUMAN;INNOCENT;CLERIC_FEMALE_HUMAN;L#NIH03;L#NIH03;TANGLEDISLE;Kamma;;
L#NIJAA;HUMANOID;ELF;MAGE;FIGHTER_MALE_ELF;L#NIJAA;L#NIJAA;TANGLEDISLE;Jaalv;;
L#NIJAA2;HUMANOID;ELF;MAGE;FIGHTER_MALE_ELF;L#NIJAA2;L#NIJAA2;TANGLEDISLE;Jaalv;;
L#NIJAA3;MONSTER;DRAGON;SILVER_DRAGON;DRAGON_SILVER;L#NIJAA3;L#NIJAA3;TANGLEDISLE;Tyalavah;;
L#NIMER1;HUMANOID;HUMAN;INNOCENT;CLERIC_MALE_HUMAN;L#NIMER1;L#NIMER1;TANGLEDISLE;Merchant;;
L#NIMER2;HUMANOID;HUMAN;INNOCENT;THIEF_FEMALE_ELF;L#NIMER2;L#NIMER2;TANGLEDISLE;Merchant;;
L#NIMF0;HUMANOID;MIND_FLAYER;MIND_FLAYER;MINDFLAYER;L#NIMF0;L#NIMF0;TANGLEDISLE;Ila'thashagh;;
L#NIMF5;GIANTHUMANOID;ELEMENTAL;NO_CLASS;WATER_WEIRD;L#NIMF5;L#NIMF5;TANGLEDISLE;Uklj the Serpent of Infinity;;
L#NIMF6;UNDEAD;SKELETON;CLERIC;SKELETON_MONSTER;L#NIMF6;L#NIMF6;TANGLEDISLE;Ukk'an the Bone of Wrath;Skeleton;false
L#NINOB;HUMANOID;ELF;MAGE;MAGE_MALE_ELF;L#NINOB;L#NINOB;TANGLEDISLE;Antisocial Noble;;
L#NIOOD;HUMANOID;HUMAN;FIGHTER_MAGE;FIGHTER_MALE_HUMAN_LOW;L#NIOOD;L#NIOOD;TANGLEDISLE;Angry Man;;
L#NIPOP;HUMANOID;HUMAN;INNOCENT;STATIC_PEASANT_MAN_CHAIR;L#NIPOP;L#NIPOP;TANGLEDISLE;Pop;;
L#NISCR;HUMANOID;HUMAN;INNOCENT;DOOM_GUARD;L#NISCR;;TANGLEDISLE;Illusion;;
L#NISGR;HUMANOID;HUMAN;INNOCENT;CLERIC_FEMALE_ELF;L#NISGR;L#NISGR;TANGLEDISLE;Sad Girl;;
L#NISMC;HUMANOID;HUMAN;INNOCENT;FAT_MAN;L#NISMC;L#NISMC;TANGLEDISLE;Fishing Lure Merchant;;
L#NISNA;ANIMAL;NO_RACE;NO_CLASS;SNAKE;L#NISNA;L#NISNA;TANGLEDISLE;Tromblo;;
L#NISST;HUMANOID;HUMAN;MAGE;MAGE_FEMALE_HUMAN;L#NISST;L#NISST;TANGLEDISLE;Sakara;;
L#NISTA;HUMANOID;HUMAN;INNOCENT;FAT_MAN;L#NISTA;L#NISTA;TANGLEDISLE;Crow Trommoc;;
L#NITAV;HUMANOID;HUMAN;INNOCENT;FIGHTER_MALE_DWARF;L#NITAV;L#NITAV;TANGLEDISLE;Bartender;;
L#NITPA1;HUMANOID;HUMAN;INNOCENT;PEASANT_WOMAN;L#NITPA1;L#NITPA1;TANGLEDISLE;Pub patron;;
L#NITPA2;HUMANOID;LEATHER;INNOCENT;PEASANT_MAN;L#NITPA2;L#NITPA2;TANGLEDISLE;Pub patron;;
L#NIVOI;HUMANOID;HUMAN;INNOCENT;DOOM_GUARD;L#NIVOI;L#NIVOI;TANGLEDISLE;Voice;;
L#NIXVA;HUMANOID;KOBOLD;KOBOLD_XVART;KOBOLD_XVART;L#NIXVA;L#NIXVA;TANGLEDISLE;Moomik;;
L#NWCOA;HUMANOID;HUMAN;INNOCENT;PEASANT_MAN;L#NWCOA;L#NWCOA;BRIDGESBLOCK;Guest;;
L#NWDOP;HUMANOID;ELF;BARD;FIGHTER_MALE_ELF;L#NWDOP;L#NWDOP;BRIDGESBLOCK;Koreeh;;
L#NWDOP1;MONSTER;DOPPLEGANGER;DOPPLEGANGER;DOPPLEGANGER;L#NWDOP1;L#NWDOP1;STRATAGEMS;Koreeh;;
L#NWDOP2;MONSTER;DOPPLEGANGER;DOPPLEGANGER;DOPPLEGANGER;L#NWDOP2;L#NWDOP2;STRATAGEMS;Hex;;
L#NWGL1;HUMANOID;HUMAN;FIGHTER;FIGHTER_MALE_ELF;L#NWGL1;L#NWGL1;BRIDGESBLOCK;Jin Kito;;
L#NWGL2;HUMANOID;KOBOLD;PALADIN;KOBOLD;L#NWGL2;;BRIDGESBLOCK;Bo the Scaled;;
L#NWGL3;HUMANOID;HUMAN;FIGHTER;FIGHTER_MALE_DWARF;L#NWGL3;L#NWGL3;BRIDGESBLOCK;Fhalur Dendark;;
L#NWINN;HUMANOID;HUMAN;FIGHTER;FAT_MAN;L#NWINN;L#NWINN;BRIDGESBLOCK;The Napping Rooms' Creator;;
L#NWLIB;HUMANOID;HUMAN;INNOCENT;FIGHTER_MALE_GNOME;L#NWLIB;L#NWLIB;BRIDGESBLOCK;The Block's Librarian;;
L#NWLIO;HUMANOID;HUMAN;INNOCENT;MONK;L#NWLIO;L#NWLIO;BRIDGESBLOCK;Lion Finmuncher;;
L#NWM4C;UNDEAD;SKELETON;BARD;DEMILICH;L#NWM4C;;BRIDGESBLOCK;Mumbling Skull;;
L#NWOER;HUMANOID;HUMAN;FIGHTER;FIGHTER_FEMALE_HUMAN;L#NWOER;L#NWOER;BRIDGESBLOCK;Quiet Woman;;
L#NWOERE;UNDEAD;LICH;MAGE;LICH;L#NWOERE;L#NWOERE;BRIDGESBLOCK;Aafroya'ghin;;
L#NWOERX;MONSTER;UMBERHULK;UMBERHULK;MINOTAUR;L#NWOERX;;BRIDGESBLOCK;Minotaur;;
L#NWRAT;ANIMAL;NO_RACE;FOOD_CREATURE;RAT;L#NWRAT;L#NWRAT;BRIDGESBLOCK;Mr. Rat;;
L#NWSHK;HUMANOID;HUMAN;FIGHTER;FIGHTER_MALE_HUMAN;L#NWSHK;L#NWSHK;BRIDGESBLOCK;Teenager;;
L#NWST2;HUMANOID;HUMAN;INNOCENT;FAT_WOMAN;L#NWST2;L#NWST2;BRIDGESBLOCK;Mrs. Yawnhex;;
L#NWSTA;HUMANOID;HUMAN;INNOCENT;FAT_WOMAN;L#NWSTA;L#NWSTA;BRIDGESBLOCK;Mrs. Yawnhex;;
L#NWSUM;HUMANOID;ELF;MAGE;MAGE_MALE_ELF;L#NWSUM;L#NWSUM;BRIDGESBLOCK;Johef;;
L#ASART;HUMANOID;HUMAN;INNOCENT;NOBLE_MAN;L#ASART;L#ASART;ALABASTERSANDS;Tym Barwiarz;;
L#ASBOY;HUMANOID;HUMAN;INNOCENT;BOY;L#ASBOY;L#ASBOY;ALABASTERSANDS;Voby;;
L#ASCH1;ANIMAL;NO_RACE;NO_CLASS;CHICKEN;L#ASCHI;L#ASCHI;ALABASTERSANDS;Ophelia;;
L#ASCH2;ANIMAL;NO_RACE;NO_CLASS;CHICKEN;L#ASCHI;L#ASCHI;ALABASTERSANDS;Mana;;
L#ASCH3;ANIMAL;NO_RACE;NO_CLASS;CHICKEN;L#ASCHI;L#ASCHI;ALABASTERSANDS;Gima;;
L#ASCH4;ANIMAL;NO_RACE;NO_CLASS;CHICKEN;L#ASCHI;L#ASCHI;ALABASTERSANDS;Sarhie;;
L#ASCH5;ANIMAL;NO_RACE;NO_CLASS;CHICKEN;L#ASCHI;L#ASCHI;ALABASTERSANDS;Ana;;
L#ASCH6;ANIMAL;NO_RACE;NO_CLASS;CHICKEN;L#ASCHI;L#ASCHI;ALABASTERSANDS;Cindy;;
L#ASCH7;ANIMAL;NO_RACE;NO_CLASS;CHICKEN;L#ASCHI;L#ASCHI;ALABASTERSANDS;Lusia;;
L#ASCH8;ANIMAL;NO_RACE;NO_CLASS;CHICKEN;L#ASCHI;L#ASCHI;ALABASTERSANDS;Balha;;
L#ASCH9;ANIMAL;NO_RACE;NO_CLASS;CHICKEN;L#ASCHI;L#ASCHI;ALABASTERSANDS;Vivi;;
L#ASCHG;HUMANOID;HUMAN;INNOCENT;PEASANT_MAN;L#ASCHG;L#ASCHG;ALABASTERSANDS;Bruner;;
L#ASCHS;ANIMAL;NO_RACE;NO_CLASS;CHICKEN;L#ASCHI;L#ASCHS;ALABASTERSANDS;Lady Cornelia Selina IV;;
L#ASCM1;HUMANOID;DWARF;INNOCENT;SLEEPING_WOMAN_ELF;L#ASCM1;L#ASCM1;ALABASTERSANDS;Commoner;;
L#ASCM2;HUMANOID;HUMAN;INNOCENT;SLEEPING_MAN_HALFLING;L#ASCM2;L#ASCM2;ALABASTERSANDS;Commoner;;
L#ASCM3;HUMANOID;HUMAN;INNOCENT;SLEEPING_FAT_MAN_HUMAN;L#ASCM3;L#ASCM3;ALABASTERSANDS;Commoner;;
L#ASCM4;HUMANOID;HUMAN;INNOCENT;PEASANT_MAN;L#ASCM4;;ALABASTERSANDS;Commoner;;
L#ASCM5;HUMANOID;LEATHER;INNOCENT;HARLOT_WOMAN;L#ASCM5;L#ASCM5;ALABASTERSANDS;Commoner;;
L#ASCM6;HUMANOID;HUMAN;INNOCENT;NOBLE_MAN;L#ASCM6;;ALABASTERSANDS;Commoner;;
L#ASCM7;HUMANOID;HUMAN;INNOCENT;PEASANT_MAN;L#ASCM7;L#ASCM7;ALABASTERSANDS;Commoner;;
L#ASCM8;HUMANOID;HUMAN;INNOCENT;NOBLE_WOMAN;L#ASCM8;L#ASCM8;ALABASTERSANDS;Commoner;;
L#ASGHO;UNDEAD;HUMAN;NO_CLASS;FIGHTER_MALE_HUMAN;L#ASGHO;L#ASGHO;ALABASTERSANDS;Ghost;;
L#ASGU1;HUMANOID;HUMAN;INNOCENT;AMNIAN_SOLDIER;L#ASGU1;L#ASGU1;ALABASTERSANDS;Amnian Soldier;;
L#ASGU2;HUMANOID;HUMAN;INNOCENT;AMNIAN_SOLDIER;L#ASGU2;L#ASGU2;ALABASTERSANDS;Amnian Soldier;;
L#ASGUD;ANIMAL;DOG;DOG_WAR;DOG_WAR;L#ASGUD;;ALABASTERSANDS;Barker;WarDog;false
L#ASJEW;HUMANOID;HUMAN;INNOCENT;FAT_MAN;L#ASJEW;L#ASJEW;ALABASTERSANDS;Jeweller;;
L#ASKIL;HUMANOID;HUMAN;THIEF;THIEF_FEMALE_HALFORC;L#ASKIL;L#ASKIL;ALABASTERSANDS;Mugger;;
L#ASLOV1;HUMANOID;HUMAN;INNOCENT;NOBLE_WOMAN;L#ASLOV1;L#ASLOV1;ALABASTERSANDS;Shenee Lovelypox;;
L#ASLOV2;HUMANOID;HUMAN;INNOCENT;FAT_MAN;L#ASLOV2;L#ASLOV2;ALABASTERSANDS;Glaven, The Fish Merchant;;
L#ASMORC;HUMANOID;HUMAN;FIGHTER;MAGE_MALE_HUMAN;L#ASMORC;;ALABASTERSANDS;;;
L#ASNOB;HUMANOID;HUMAN;NO_CLASS;NOBLE_MAN;L#ASNOB;L#ASNOB;ALABASTERSANDS;Fauxar;;
L#ASPOS;ANIMAL;DOG;FIGHTER;GROUNDHOG;L#ASPOS;L#ASPOS;ALABASTERSANDS;Mr. O. Possum;;
L#ASPT2;GIANTHUMANOID;OGRE;OGRE_MAGE;OGRE_MAGE;L#ASPT2;L#ASPT2;ALABASTERSANDS;Bijmal;OgreMage;false
L#ASPTH;HUMANOID;HUMAN;THIEF;SHADOW_THIEF;L#ASPTH;L#ASPTH;ALABASTERSANDS;Thief;;
L#ASRAT;ANIMAL;NO_RACE;MAGE;RAT;L#ASRAT;L#ASRAT;ALABASTERSANDS;Stinkyfur;;
L#ASSIR;MONSTER;BASILISK;BARD;SIRINE;L#ASSIR;L#ASSIR;ALABASTERSANDS;Copper Sirine;;
L#ASSIS;HUMANOID;HUMAN;INNOCENT;HARLOT_WOMAN;L#ASSIS;L#ASSIS;ALABASTERSANDS;Kalina;;
L#ASTHI;HUMANOID;HUMAN;THIEF;THIEF_MALE_HUMAN;L#ASTHI;L#ASTHI;ALABASTERSANDS;Ivthi;;
L#ASTHU;HUMANOID;HUMAN;FIGHTER;CLERIC_MALE_HUMAN;L#ASTHU;L#ASTHU;ALABASTERSANDS;Thug;;
WQXDEM;MONSTER;DEMONIC;TANARI;TANARRI;WQXDEM;WQXDEM;WHITEQUEEN;Bound Demon;;
WQXENT;HUMANOID;HUMAN;FIGHTER;FIGHTER_MALE_HUMAN;WQXENT;WQXENT;WHITEQUEEN;White Archer;;
WQXGOL;GIANTHUMANOID;GOLEM;GOLEM_IRON;GOLEM_ICE;WQXGOL;;WHITEQUEEN;White Golem;IronGolem;false
WQXHAG;HUMANOID;HUMAN;INNOCENT;PEASANT_WOMAN;WQXHAG;WQXHAG;WHITEQUEEN;Shaneelah;;
WQXHAMA;HUMANOID;114;FIGHTER;SIRINE;WQXHAMA;NONE;WHITEQUEEN;Hamadryad;Hamadryad;true
WQXIENT;HUMANOID;HUMAN;MAGE;MAGE_FEMALE_HUMAN;WQXIENT;WQXIENT;WHITEQUEEN;White Guard;;
WQXKEE;HUMANOID;TIEFLING;BARD;THIEF_FEMALE_HUMAN;WQXKEE;WQXKEE;WHITEQUEEN;White Keeper;;
WQXKEE2;HUMANOID;TIEFLING;BARD;THIEF_FEMALE_HUMAN;WQXKEE2;WQXKEE;WHITEQUEEN;White Keeper;;
WQXM1;HUMANOID;HUMAN;MONK;MONK_MALE_HUMAN;WQXM1;NONE;WHITEQUEEN;White Servant;;
WQXM2;HUMANOID;HUMAN;MONK;MONK_MALE_HUMAN;WQXM2;NONE;WHITEQUEEN;White Servant;;
WQXM3;HUMANOID;HUMAN;CLERIC;MAGE_MALE_HUMAN;WQXM3;NONE;WHITEQUEEN;White Servant;;
WQXM4;HUMANOID;HUMAN;MAGE;MAGE_FEMALE_HUMAN;WQXM4;NONE;WHITEQUEEN;White Servant;;
WQXMOU;GIANTHUMANOID;ELEMENTAL;ELEMENTAL_EARTH;SHAMBLING_MOUND;WQXMOU;;WHITEQUEEN;Shambling Mound;;
WQXN;HUMANOID;LICH;MAGE;MONK;WQXN;WQXN;WHITEQUEEN;Necromancer;;
WQXNYM;HUMANOID;FAIRY;FAIRY_NYMPH;SIRINE;WQXNYM;NONE;WHITEQUEEN;Nymph;Nymph;true
WQXPRI;HUMANOID;HUMAN;MONK;MONK_MALE_HUMAN;WQXPRI;WQXPRI;WHITEQUEEN;Prisoner;;
WQXST;HUMANOID;HUMAN;CLERIC;MAGE_MALE_HUMAN;WQXST;WQXST;WHITEQUEEN;White Servant;;
WQXT1;HUMANOID;HUMAN;MAGE;MAGE_FEMALE_HUMAN;WQXT1;WQXT1;WHITEQUEEN;White Enchanter;;
WQXT2;GIANTHUMANOID;DEMONIC;TANARI;HARLOT_WOMAN;WQXT2;WQXT2;WHITEQUEEN;White Beastmaster;;
WQXTRE;HUMANOID;HUMAN;DRUID;CLERIC_MALE_HUMAN;WQXTRE;WQXTRE;WHITEQUEEN;Old Druid;;
WQXTRE0;HUMANOID;HUMAN;DRUID;CLERIC_MALE_HUMAN;WQXTRE;WQXTRE0;WHITEQUEEN;Old Druid;;
WQXWIN;HUMANOID;HUMAN;INNOCENT;NOBLE_MAN;WQXWIN;WQXWIN;WHITEQUEEN;Wine Collector;;
WQXWOL;ANIMAL;WOLF;WOLF_WINTER;WOLF_WINTER;WQXWOL;;WHITEQUEEN;White Wolf;WinterWolf;false
WQXWQ;HUMANOID;HUMAN;THIEF;THIEF_FEMALE_ELF;WQXWQ;WQXWQ;WHITEQUEEN;The White Queen;;
WQXWYV;MONSTER;WYVERN;WYVERN;WYVERN_BIG;WQXWYV;;WHITEQUEEN;Tamed Wyvern;Wyvern;false
ISNFPAR;MONSTER;CARRIONCRAWLER;CARRIONCRAWLER;CARRION_CRAWLER;;;ISNF;Parasite of Grief;CarrionCrawler;false
ISNFV1;UNDEAD;HUMAN;NO_CLASS;FIGHTER_MALE_HUMAN;ISNFV1;ISNFV1;ISNF;Orion's Voice;;
ISNFV2;UNDEAD;ELF;NO_CLASS;CLERIC_FEMALE_ELF;ISNFV2;ISNFV2;ISNF;Selene's Voice;;
ISNFXA;HUMANOID;HUMAN;INNOCENT;FAT_MAN;ISNFXA;ISNFXA;ISNF;Amontias the artist;;
ISNFXEN;UNDEAD;VAMPIRE;VAMPIRE;LICH_BLACK;ISNFXEN;ISNFXEN;ISNF;The Incomplete;;
ISNFXGO;HUMANOID;HUMAN;INNOCENT;MAGE_MALE_HUMAN;ISNFXGO;ISNFXGO;ISNF;<CHARNAME>'s Memory;;
ISNFXHG;HUMANOID;HALFLING;INNOCENT;CLERIC_FEMALE_HALFLING;ISNFXHG;ISNFXHG;ISNF;Halfling girl;;
ISNFXIN;UNDEAD;ELF;NO_CLASS;CLERIC_FEMALE_ELF;ISNFXIN;ISNFXIN;ISNF;Fading Shape;;
ISNFXN;HUMANOID;HUMAN;MAGE;MONK;ISNFXN;ISNFXN;ISNF;Ganymedes;;
ISNFXO2;HUMANOID;ELF;MAGE;MAGE_MALE_HUMAN;ISNFXO2;ISNFXO2;ISNF;Orion;;
ISNFXOR;HUMANOID;ELF;MAGE;MAGE_MALE_HUMAN;ISNFXOR;ISNFXOR;ISNF;Orion;;
ISNFXPS;HUMANOID;ELF;FIGHTER_CLERIC;CLERIC_FEMALE_ELF;ISNFXPS;ISNFXPS;ISNF;Heartwarden of Sune;;
ISNFXRE;HUMANOID;HUMAN;CLERIC;CLERIC_MALE_ELF;ISNFXRE;ISNFXRE;ISNF;Stranger;;
ISNFXS1;HUMANOID;NO_RACE;NO_CLASS;MAGE_FEMALE_HUMAN;ISNFXS1;ISNFXS1;ISNF;Memory;;
ISNFXS2;HUMANOID;NO_RACE;NO_CLASS;MAGE_FEMALE_HUMAN;ISNFXS2;ISNFXS2;ISNF;Memory;;
ISNFXS3;HUMANOID;NO_RACE;NO_CLASS;MAGE_FEMALE_HUMAN;ISNFXS3;ISNFXS3;ISNF;Memory;;
ISNFXS4;HUMANOID;NO_RACE;NO_CLASS;MAGE_FEMALE_HUMAN;ISNFXS4;ISNFXS4;ISNF;Memory;;
ISNFXS5;HUMANOID;NO_RACE;NO_CLASS;MAGE_FEMALE_HUMAN;ISNFXS5;ISNFXS5;ISNF;Memory;;
ISNFXS6;HUMANOID;NO_RACE;NO_CLASS;MAGE_FEMALE_HUMAN;ISNFXS6;ISNFXS6;ISNF;Memory;;
ISNFXS7;HUMANOID;NO_RACE;NO_CLASS;MAGE_FEMALE_HUMAN;ISNFXS7;ISNFXS7;ISNF;Memory;;
ISNFXSC;HUMANOID;HUMAN;CLERIC;MAGE_FEMALE_HUMAN;ISNFXSC;ISNFXSC;ISNF;Sculpture;;
ISNFXSE;HUMANOID;BASILISK;INNOCENT;MAGE_FEMALE_HUMAN;ISNFXSE;ISNFXSE;ISNF;Selene;;
ISNFXSP;UNDEAD;SHADOW;FIGHTER;MONK;SHADOW01;NONE;ISNF;Blind Spirit;;
ISNFXSU;HUMANOID;HUMAN;CLERIC;CLERIC_MALE_HUMAN;ISNFXSU;ISNFXSU;ISNF;Heartwarden Icaos;;
9XBARD;HUMANOID;ELF;THIEF;THIEF_MALE_ELF;9XBARD;9XBARD;INNERSHADE;Annoyed bard;;
9XCC;HUMANOID;HUMAN;INNOCENT;BOY;9XCC;9XCC;INNERSHADE;Child;;
9XCOMM1;HUMANOID;LEATHER;INNOCENT;PEASANT_MAN;9XCOMM1;9XCOMM1;INNERSHADE;Commoner;;
9XCOMM2;HUMANOID;HUMAN;INNOCENT;BOY;9XCOMM2;9XCOMM2;INNERSHADE;Commoner;;
9XCOMM3;HUMANOID;HUMAN;INNOCENT;PEASANT_MAN;9XCOMM3;9XCOMM3;INNERSHADE;Commoner;;
9XCOMM4;HUMANOID;HUMAN;INNOCENT;HARLOT_WOMAN;9XCOMM;9XCOMM4;INNERSHADE;Commoner;;
9XCOMM5;HUMANOID;HUMAN;INNOCENT;PEASANT_MAN;9XCOMM;9XCOMM5;INNERSHADE;Commoner;;
9XCOMM6;HUMANOID;HUMAN;THIEF;PEASANT_WOMAN;9XCOMM6;9XCOMM6;INNERSHADE;Commoner;;
9XDAD;HUMANOID;LEATHER;NO_CLASS;PEASANT_MAN;9XDAD;NONE;INNERSHADE;Man;;
9XDOG;ANIMAL;WOLF;HUNTER_CREATURE;WOLF;9XDOG;9XDOG;INNERSHADE;Dog;Wolf;false
9XE1;HUMANOID;HUMAN;WRAITH;FIGHTER_MALE_HALFLING;9XE1;9XENEMY;INNERSHADE;Shapeshifting Creature;;
9XE2;HUMANOID;HUMAN;SPECTRE;BEGGAR_MAN;9XE2;9XENEMY;INNERSHADE;Shapeshifting Creature;;
9XE3;HUMANOID;HUMAN;SPECTRE;GHAST;9XE3;9XENEMY;INNERSHADE;Shapeshifting Creature;;
9XE4;HUMANOID;HUMAN;SPECTRE;SHADOW_LARGE;9XE4;9XENEMY;INNERSHADE;Shapeshifting Creature;;
9XE5;HUMANOID;HUMAN;SPECTRE;ELEMENTAL_FIRE_PURPLE;9XE5;9XENEMY;INNERSHADE;Shapeshifting Creature;;
9XE6;HUMANOID;HUMAN;SPECTRE;FIGHTER_MALE_HALFLING;9XE6;9XENEMY;INNERSHADE;Shapeshifting Creature;;
9XE7;HUMANOID;HUMAN;SPECTRE;RAKSHASA;9XE7;9XENEMY;INNERSHADE;The Dream;;
9XEA;UNDEAD;SHADOW;FIGHTER;SHADOW_LARGE;9XEA;9XPIECE;INNERSHADE;Piece of Nightmare;;
9XEB;UNDEAD;SHADOW;FIGHTER;SHADOW_LARGE;9XEB;9XPIECE;INNERSHADE;Piece of Nightmare;;
9XEC;UNDEAD;SHADOW;FIGHTER;SHADOW_LARGE;9XEC;9XPIECE;INNERSHADE;Piece of Nightmare;;
9XED;UNDEAD;SHADOW;FIGHTER;SHADOW_LARGE;9XED;9XPIECE;INNERSHADE;Piece of Nightmare;;
9XEE;UNDEAD;SHADOW;FIGHTER;SHADOW_LARGE;9XEE;9XPIECE;INNERSHADE;Piece of Nightmare;;
9XEF;HUMANOID;ELF;MAGE;MAGE_MALE_ELF;9XEF;9XEF;INNERSHADE;Piece of Nightmare;;
9XELF;HUMANOID;ELF;MAGE;MAGE_MALE_ELF;9XELF;9XELF;INNERSHADE;Elf;;
9XEVA;HUMANOID;HUMAN;FIGHTER;FIGHTER_FEMALE_HUMAN;9XEVA;9XEVA;INNERSHADE;Eva;;
9XFOOD;HUMANOID;HUMAN;INNOCENT;FAT_MAN;9XFOOD;9XFOOD;INNERSHADE;Food merchant;;
9XGBOY;HUMANOID;HUMAN;NO_CLASS;BOY;9XGBOY;9XGBOY;INNERSHADE;Boy;;
9XGENIE;GIANTHUMANOID;GENIE;GENIE_DAO;DJINNI;9XGENIE;9XGENIE;INNERSHADE;Genie;;
9XHEAL;HUMANOID;HUMAN;DRUID;CLERIC_MALE_HUMAN;9XHEAL;9XHEAL;INNERSHADE;Witchdoctor;;
9XKAT;HUMANOID;ELF;NO_CLASS;CLERIC_FEMALE_ELF;9XKAT;9XKAT;INNERSHADE;Kat;;
9XMINER;HUMANOID;HUMAN;FIGHTER;FIGHTER_MALE_HUMAN;9XMINER;9XMINER;INNERSHADE;Miner;;
9XNMP;HUMANOID;ELF;THIEF;THIEF_MALE_ELF;9XNMP;NONE;INNERSHADE;Mugger;;
9XOBOY;HUMANOID;HUMAN;INNOCENT;BOY;9XOBOY;9XOBOY;INNERSHADE;Boy;;
9XOLADY;HUMANOID;HUMAN;INNOCENT;PEASANT_WOMAN;9XOLADY;9XOLADY;INNERSHADE;Barbara;;
9XOLADY2;HUMANOID;HUMAN;FIGHTER;FIGHTER_FEMALE_HUMAN;9XOLADY2;9XOLADY2;INNERSHADE;Barbara;;
9XP1;HUMANOID;HUMAN;CLERIC;CLERIC_MALE_HUMAN;9XP1;9XP1;INNERSHADE;Dawnmaster Patrick;;
9XP2;HUMANOID;HUMAN;CLERIC;CLERIC_MALE_HUMAN;9XP2;9XP2;INNERSHADE;Dawnmaster Patrick;;
9XSTORYT;HUMANOID;HUMAN;INNOCENT;BOY;9XSTORYT;9XSTORYT;INNERSHADE;Dirty boy;;
9XWC;HUMANOID;HUMAN;FIGHTER;FIGHTER_MALE_HUMAN;9XWC;9XWC;INNERSHADE;Woodchopper;;
9XWITCH;HUMANOID;HUMAN;MAGE;STATIC_SPIDER_WOMAN;9XWITCH;9XWITCH;INNERSHADE;Witch;;
9XWITCH2;HUMANOID;HUMAN;MAGE;MAGE_FEMALE_HUMAN;9XWITCH2;9XWITCH;INNERSHADE;Witch;;
0XAL2DG;HUMANOID;HUMAN;MAGE;MONK;0XAL2DG;0XAL2DG;TOTDG;Hooded Alchemist;;
0XALCDG;HUMANOID;HUMAN;INNOCENT;FAT_MAN;0XALCDG;0XALCDG;TOTDG;Barney;;
0XALCHDG;HUMANOID;HUMAN;MAGE;MONK;0XALCHDG;0XALCHDG;TOTDG;Hooded Man;;
0XBEGDG;HUMANOID;HUMAN;FIGHTER;STATIC_BEGGAR_MAN;0XBEGDG;0XBEGDG;TOTDG;Beggar;;
0XCOM1DG;HUMANOID;FAIRY;0;THIEF_MALE_ELF;0XCOM1DG;0XCOM1DG;TOTDG;Man;;
0XCOM2DG;HUMANOID;FAIRY;0;THIEF_MALE_ELF;0XCOM2DG;0XCOM2DG;TOTDG;Man;;
0XCOM3DG;HUMANOID;FAIRY;0;THIEF_MALE_ELF;0XCOM3DG;0XCOM3DG;TOTDG;Man;;
0XCOM4DG;HUMANOID;FAIRY;0;THIEF_MALE_ELF;0XCOM4DG;0XCOM4DG;TOTDG;Man;;
0XCOM5DG;HUMANOID;FAIRY;0;THIEF_MALE_ELF;0XCOM5DG;0XCOM5DG;TOTDG;Man;;
0XDREADG;HUMANOID;FAIRY;0;RAKSHASA;0XDREADG;0XDREADG;TOTDG;Colour's Dream;;
0XELDDG;HUMANOID;HUMAN;MAGE;MONK;0XELDDG;0XELDDG;TOTDG;Elder;;
0XGGUADG;HUMANOID;HUMAN;FIGHTER;CLERIC_MALE_HUMAN;0XGGUADG;0XGGUADG;TOTDG;Guardian;;
0XGIRLDG;HUMANOID;HUMAN;THIEF_ALL;GIRL;0XGIRLDG;0XGIRLDG;TOTDG;Girl;;
0XGOLDG;HUMANOID;MEPHIT;MEPHIT;IMP;0XGOLDG;0XGOLDG;TOTDG;Envious Gold;;
0XGREDG;MONSTER;SLIME;MUSTARD_JELLY;SLIME_MUSTARD;0XGREDG;0XGREDG;TOTDG;Living Green;MustardJelly;false
0XGUIDG;HUMANOID;FAIRY;0;THIEF_MALE_ELF;0XGUIDG;0XGUIDG;TOTDG;Marble Gaze;;
0XGWDG;HUMANOID;BASILISK;INNOCENT;SIRINE;0XGWDG;0XGWDG;TOTDG;Green Witch;;
0XINDG;HUMANOID;FAIRY;0;THIEF_MALE_ELF;0XINDG;0XINDG;TOTDG;Man;;
0XLORDDG;HUMANOID;HUMAN;SORCERER;MAGE_MALE_HUMAN;0XLORDDG;0XLORDDG;TOTDG;Lord of Black Dream;;
0XLOV1DG;HUMANOID;FAIRY;0;THIEF_MALE_ELF;0XLOV1DG;0XLOV1DG;TOTDG;Gentle Touch;;
0XLOV2DG;HUMANOID;FAIRY;0;THIEF_FEMALE_ELF;0XLOV2DG;0XLOV2DG;TOTDG;Temper Touch;;
0XM1DG;HUMANOID;FAIRY;0;THIEF_MALE_ELF;0XM1DG;0XM1DG;TOTDG;Hooded Alchemist;;
0XM2DG;HUMANOID;FAIRY;0;THIEF_MALE_ELF;0XM2DG;0XM2DG;TOTDG;Hooded Keeper;;
0XMANDG;HUMANOID;FAIRY;0;THIEF_MALE_ELF;0XMANDG;0XMANDG;TOTDG;Troubled man;;
0XOLDDG;HUMANOID;HUMAN;NO_CLASS;STATIC_BEGGAR_MAN;0XOLDDG;0XOLDDG;TOTDG;Senex;;
0XPRIDG;HUMANOID;FAIRY;0;MONK;0XPRIDG;0XPRIDG;TOTDG;Hooded Priest;;
0XREDDG;GIANTHUMANOID;GOLEM;ELEMENTAL_FIRE;BURNING_MAN;0XREDDG;0XREDDG;TOTDG;Wrathful Red;;
0XRGUADG;HUMANOID;HUMAN;FIGHTER;CLERIC_MALE_HUMAN;0XRGUADG;0XRGUADG;TOTDG;Guardian;;
0XRWDG;HUMANOID;BASILISK;INNOCENT;SIRINE;0XRWDG;0XRWDG;TOTDG;Red Witch;;
0XSGUADG;HUMANOID;HUMAN;FIGHTER;CLERIC_MALE_HUMAN;0XSGUADG;0XSGUADG;TOTDG;Guardian;;
0XSILDG;GIANTHUMANOID;GOLEM;GOLEM_IRON;GOLEM_IRON;0XSILDG;0XSILDG;TOTDG;Silver Monument;IronGolem;false
0XSTDG;HUMANOID;FAIRY;0;THIEF_FEMALE_ELF;0XSTDG;0XSTDG;TOTDG;Silvertongue;;
0XSWDG;HUMANOID;BASILISK;INNOCENT;SIRINE;0XSWDG;0XSWDG;TOTDG;Silver Witch;;
0XTHI1DG;HUMANOID;HUMAN;INNOCENT;BOY;0XTHI1DG;0XTHI1DG;TOTDG;Boy;;
0XTHI2DG;HUMANOID;FAIRY;0;THIEF_FEMALE_ELF;0XTHI2DG;0XTHI2DG;TOTDG;Woman;;
0XUDDG;UNDEAD;SKELETON;SKELETON;SKELETON;0XUDDG;0XUDDG;TOTDG;Skeleton;Skeleton;false
0XWI2DG;HUMANOID;DWARF;MAGE;MAGE_MALE_DWARF;0XWI2DG;0XWI2DG;TOTDG;Mysterious Wizard;;
0XWIZDG;HUMANOID;DWARF;MAGE;MAGE_MALE_DWARF;0XWIZDG;0XWIZDG;TOTDG;Mysterious Wizard;;
0XYHDG;UNDEAD;SKELETON;SKELETON;SKELETON;0XYHDG;0XYHDG;TOTDG;Gray Victim;Skeleton;false
0XYM1DG;HUMANOID;HALF_ELF;CLERIC_MAGE;CLERIC_MALE_ELF;0XYM1DG;0XYM1DG;TOTDG;Man wearing Yellow;;
0XYM2DG;HUMANOID;HALF_ELF;CLERIC_MAGE;CLERIC_MALE_ELF;0XYM2DG;0XYM2DG;TOTDG;Man wearing Yellow;;
AC#DT01L;UNDEAD;GHOUL;GHOUL_GHAST;GHAST;AC#DT01L;;TIDINGS;Greater Lacedon;Ghast;false
AC#DT01M;HUMANOID;HUMAN;MAGE;MAGE_MALE_HUMAN;AC#DT01M;AC#DT01M;TIDINGS;Blackseer Brokus;;
AC#DT01S;MONSTER;BASILISK;FAIRY_SIRINE;SIRINE;AC#DT01S;;TIDINGS;Sirine;;
AC#DT02S;MONSTER;BASILISK;FAIRY_SIRINE;SIRINE;AC#DT02S;;TIDINGS;Sirine;;
AC#DT10S;UNDEAD;SHADOW;FIGHTER;SHADOW;AC#DT10S;None;TIDINGS;Shadow;Shadow;false
AC#DT12M;HUMANOID;HUMAN;CLERIC_MAGE;MAGE_MALE_HUMAN;AC#DT12M;AC#DT12M;TIDINGS;Blackseer Brokus;;
AC#DT12W;UNDEAD;SKELETON;SKELETON_WARRIOR;SKELETON;AC#DT12W;;STRATAGEMS;Skeleton Warrior;SkeletonWarrior;false
AC#DT18G;HUMANOID;NO_RACE;NO_CLASS;SKELETON;AC#DT18G;AC#DT18G;TIDINGS;Undead Guardian;;
AC#DT1PC;HUMANOID;HUMAN;CLERIC;MAGE_MALE_HUMAN;AC#DT1PC;AC#DT1PC;TIDINGS;Cultist;;
AC#DT20S;MONSTER;114;FAIRY_SIRINE;SIRINE;AC#DT20S;AC#DT20S;TIDINGS;Skara;;
AC#DT21C;MONSTER;DEMONIC;TANARI;DOOM_GUARD;AC#DT21C;AC#DT21C;TIDINGS;Dark Voice;;
AC#DT21S;MONSTER;114;FAIRY_SIRINE;SIRINE;AC#DT21S;;TIDINGS;Sirine;;
AC#DT21W;UNDEAD;SHADOW;FIGHTER;SHADOW;AC#DT21W;None;TIDINGS;Shadow;Shadow;false
AC#DT21X;MONSTER;ELEMENTAL;ELEMENTAL_FIRE;AC#ELEMENTAL_WATER_LARGE;AC#DT21X;;TIDINGS;Shadow Elemental;;
AC#DT2BS;MONSTER;BASILISK;FAIRY_SIRINE;SIRINE;AC#DT2BS;;TIDINGS;Sirine;;
AC#DT2PC;HUMANOID;HUMAN;CLERIC;MAGE_MALE_HUMAN;AC#DT2PC;AC#DT2PC;TIDINGS;Cultist;;
AC#DT30A;HUMANOID;HUMAN;MAGE;MAGE_MALE_HUMAN;AC#DT30A;AC#DT30A;TIDINGS;Cultist;;
AC#DT30B;HUMANOID;HUMAN;MAGE;MAGE_MALE_HUMAN;AC#DT30B;AC#DT30B;TIDINGS;Cultist;;
AC#DT30F;HUMANOID;HUMAN;INNOCENT;PEASANT_WOMAN;AC#DT30F;;TIDINGS;Gracie;;
AC#DT30G;HUMANOID;NO_RACE;NO_CLASS;SKELETON;AC#DT30G;AC#DT30G;TIDINGS;Undead Guardian;;
AC#DT30S;MONSTER;BASILISK;FAIRY_SIRINE;SIRINE;AC#DT30S;;TIDINGS;Dark Siren;;
AC#DT30W;UNDEAD;WRAITH;WRAITH;SHADOW;AC#DT30W;;TIDINGS;Greater Wraith;;
AC#DT3PC;HUMANOID;HUMAN;CLERIC;MAGE_MALE_HUMAN;AC#DT3PC;AC#DT3PC;TIDINGS;Cultist;;
AC#DT4PC;HUMANOID;HUMAN;CLERIC;MAGE_MALE_HUMAN;AC#DT4PC;AC#DT4PC;TIDINGS;Cultist;;
AC#DT5PC;HUMANOID;HUMAN;CLERIC;MAGE_MALE_HUMAN;AC#DT5PC;AC#DT5PC;TIDINGS;Cultist;;
AC#DTDIG;UNDEAD;WRAITH;WRAITH;SKELETON;AC#DTDIG;NONE;TIDINGS;Dire Guard;;
AC#DTDKN;HUMANOID;HUMAN;MAGE;DEATH_KNIGHT;AC#DTDKN;AC#DTDKN;TIDINGS;Death Knight;;
AC#DTDR1;HUMANOID;HUMAN;INNOCENT;STATIC_PEASANT_MAN_CHAIR;AC#DTDR1;AC#DTDR1;TIDINGS;Seaman Ahmer;;
AC#DTDR2;HUMANOID;HUMAN;INNOCENT;STATIC_PEASANT_MAN_CHAIR;AC#DTDR2;AC#DTDR2;TIDINGS;Seaman Bog;;
AC#DTEWD;MONSTER;ELEMENTAL;ELEMENTAL_EARTH;AC#EARTH_WEIRD;AC#DTEWD;;TIDINGS;Earth Weird;;
AC#DTFS1;HUMANOID;HUMAN;FIGHTER;PIRATE;AC#DTFS1;BSAILOR2;TIDINGS;Sailor;;
AC#DTFS2;HUMANOID;HUMAN;FIGHTER;PIRATE;AC#DTFS2;AC#DTFS2;TIDINGS;Sailor;;
AC#DTJH2;HUMANOID;HUMAN;FIGHTER;PIRATE;AC#DTJH2;AC#DTJH2;TIDINGS;Jhanex;;
AC#DTJH3;HUMANOID;HUMAN;FIGHTER;PIRATE;AC#DTJH3;AC#DTJH3;TIDINGS;Jhanex;;
AC#DTJHA;HUMANOID;HUMAN;FIGHTER;PIRATE;AC#DTJHA;AC#DTJHA;TIDINGS;Jhanex;;
AC#DTLAC;UNDEAD;GHOUL;GHOUL;GHAST;AC#DTLAC;;TIDINGS;Lacedon;Ghoul;false
AC#DTMYR;MONSTER;NO_RACE;NO_CLASS;DOOM_GUARD;AC#MYRWT;NONE;TIDINGS;Water Myrmidon;;
AC#DTNWI;MONSTER;0;0;TANARRI;AC#DTNWI;AC#DTNWI;TIDINGS;Nightwing;;
AC#DTOIO;MONSTER;SLIME;OCRE_JELLY;GRAY_OOZE;AC#DTOIO;;TIDINGS;Oil Ooze;OchreJelly;false
AC#DTPL1;UNDEAD;SHADOW;FIGHTER;SHADOW_SMALL;AC#DTPL1;NONE;TIDINGS;<PLAYER1>'s Shadow;;
AC#DTPL2;UNDEAD;SHADOW;FIGHTER;SHADOW_SMALL;AC#DTPL2;NONE;TIDINGS;<PLAYER2>'s Shadow;;
AC#DTPL3;UNDEAD;SHADOW;FIGHTER;SHADOW_SMALL;AC#DTPL3;NONE;TIDINGS;<PLAYER3>'s Shadow;;
AC#DTPL4;UNDEAD;SHADOW;FIGHTER;SHADOW_SMALL;AC#DTPL4;NONE;TIDINGS;<PLAYER4>'s Shadow;;
AC#DTPL5;UNDEAD;SHADOW;FIGHTER;SHADOW_SMALL;AC#DTPL5;NONE;TIDINGS;<PLAYER5>'s Shadow;;
AC#DTPL6;UNDEAD;SHADOW;FIGHTER;SHADOW_SMALL;AC#DTPL6;NONE;TIDINGS;<PLAYER6>'s Shadow;;
AC#DTSA1;HUMANOID;HUMAN;FIGHTER;SAILOR_MAN;AC#DTSA1;AC#DTSA1;TIDINGS;Sailor;;
AC#DTSA2;HUMANOID;HUMAN;FIGHTER;SAILOR_MAN;AC#DTSA2;AC#DTSA2;TIDINGS;Sailor;;
AC#DTSA3;HUMANOID;HUMAN;FIGHTER;SAILOR_MAN;AC#DTSA3;AC#DTSA3;TIDINGS;Darius;;
AC#DTSH2;UNDEAD;SHADOW;FIGHTER;SHADOW;AC#DTSH2;None;TIDINGS;Shadow;Shadow;false
AC#DTSHM;UNDEAD;SHADOW;WOLF_DIRE;WORG;AC#DTSHM;;TIDINGS;Shadow Mastiff;;
AC#DTSLF;MONSTER;NO_RACE;NO_CLASS;DOOM_GUARD;AC#DTSLF;NONE;TIDINGS;Mudform;;
AC#DTSM1;UNDEAD;SHADOW;WOLF_DIRE;WORG;AC#DTSM1;;TIDINGS;Shadow Mastiff;;
AC#DTSN1;ANIMAL;NO_RACE;NO_CLASS;AC#SNAKE_SMALL;AC#DTSN1;NONE;TIDINGS;Viper;;
AC#DTST1;GIANTHUMANOID;TROLL;TROLL;TROLL;AC#DTST1;;TIDINGS;Shadow Troll;;
AC#DTSW0;HUMANOID;HALF_ELF;DRUID;GIRL;AC#DTSW0;;TIDINGS;Black Molly;;
AC#DTSW1;HUMANOID;HALF_ELF;DRUID;AC#SEA_HAG;AC#DTSW1;;TIDINGS;Black Molly;;
AC#DTSW2;HUMANOID;FAIRY;MAGE;AC#SEA_HAG;AC#DTSW2;AC#DTSW2;TIDINGS;Black Molly;;
AC#DTTH1;MONSTER;DEMONIC;SHADOW;AC#TRANSCENDENT_ONE_PST;AC#DTTH1;AC#DTTH1;TIDINGS;Aspect of Tharizdun;;
AC#DTTH2;MONSTER;DEMONIC;TANARI;DOOM_GUARD;AC#DTTH2;AC#DTTH2;TIDINGS;Shadow Shape;;
AC#DTTR1;GIANTHUMANOID;TROLL;TROLL;TROLL_BLUE;AC#DTTR1;;TIDINGS;Sea Troll;;
AC#DTTR2;GIANTHUMANOID;TROLL;TROLL;TROLL_BLUE;AC#DTTR2;;TIDINGS;Sea Troll;;
AC#DTTRD;GIANTHUMANOID;TROLL;TROLL;TROLL_BLUE;AC#DTTRD;;TIDINGS;Sea Troll;;
AC#DTVDG;MONSTER;ELEMENTAL;NO_CLASS;AC#VARRDIG;AC#DTVDG;;TIDINGS;Varrdig;;
AC#DTVER;HUMANOID;HUMAN;CLERIC;MAGE_MALE_HUMAN;AC#DTVER;AC#DTVER;TIDINGS;Vergol;;
AC#DTVY1;HUMANOID;HUMAN;MAGE;MAGE_MALE_HUMAN;AC#DTVY1;AC#DTVY1;TIDINGS;Thalass;;
AC#DTVY2;HUMANOID;HUMAN;MAGE;MAGE_MALE_HUMAN;AC#DTVY2;AC#DTVY2;TIDINGS;Thalass;;
AC#DTW12;MONSTER;ELEMENTAL;NO_CLASS;AC#ELEMENTAL_WATER_LARGE;AC#DTWSU;;TIDINGS;Water Elemental;;
AC#DTW16;MONSTER;ELEMENTAL;NO_CLASS;AC#ELEMENTAL_WATER_LARGE;AC#DTWSU;;TIDINGS;Water Elemental;;
AC#DTWE2;MONSTER;ELEMENTAL;NO_CLASS;AC#ELEMENTAL_WATER_LARGE;AC#DTWE2;;TIDINGS;Water Elemental;;
AC#DTWEL;MONSTER;ELEMENTAL;NO_CLASS;AC#ELEMENTAL_WATER_LARGE;AC#DTWEL;;TIDINGS;Water Elemental;;
AC#DTWSU;MONSTER;ELEMENTAL;NO_CLASS;AC#ELEMENTAL_WATER_SMALL;AC#DTWSU;;TIDINGS;Lesser Water Elemental;;
AC#BGUR1;HUMANOID;DEMONIC;TANARI;BARLGURA_ACIFER;AC#BGUR1;;GODCALL;Bar-Lgura;;
AC#BGUR2;HUMANOID;DEMONIC;TANARI;BARLGURA_ACIFER;AC#BGUR2;;GODCALL;Bar-Lgura;;
AC#DRET1;HUMANOID;DEMONIC;TANARI;DRETCH_ACIFER;AC#DRET1;;GODCALL;Dretch;;
AC#DRET2;HUMANOID;DEMONIC;TANARI;DRETCH_ACIFER;AC#DRET2;AC#DRET2;GODCALL;Dretch;;
AC#DRET3;HUMANOID;DEMONIC;TANARI;DRETCH_ACIFER;AC#DRET3;;GODCALL;Dretch;;
AC#DRET4;HUMANOID;DEMONIC;TANARI;DRETCH_ACIFER;AC#DRET4;;GODCALL;Dretch;;
AC#DRET6;HUMANOID;DEMONIC;TANARI;DRETCH_ACIFER;AC#DRET6;;GODCALL;Dretch;;
AC#DRETP;HUMANOID;DEMONIC;TANARI;DRETCH_ACIFER;AC#DRETP;AC#DRETP;GODCALL;Dretch;;
AC#DRETV;HUMANOID;DEMONIC;TANARI;DRETCH_ACIFER;AC#DRETV;AC#DRETV;GODCALL;Dretch;;
AC#DRETW;HUMANOID;DEMONIC;TANARI;DRETCH_ACIFER;AC#DRETW;AC#DRETW;GODCALL;Dretch;;
AC#ELBL1;MONSTER;ELEMENTAL;NO_CLASS;AC#BLOOD_ELEMENTAL;AC#ELBL1;;GODCALL;Blood Elemental;;
AC#LARV2;HUMANOID;NO_RACE;NO_CLASS;AC#LARVA;AC#LARV2;;GODCALL;Larva;;
AC#LUCKY;HUMANOID;HUMAN;INNOCENT;FAT_MAN;AC#LUCKY;AC#LUCKY;GODCALL;Lucky Aello;;
AC#MANE1;HUMANOID;NO_RACE;NO_CLASS;AC#MANE;AC#MANE1;AC#MANE1;GODCALL;Mane;;
AC#VARG1;MONSTER;DEMONIC;IMP;AC#VARGOUILLE;AC#VARG1;NONE;GODCALL;Vargouille;;
AC#VARG3;MONSTER;DEMONIC;IMP;AC#VARGOUILLE;AC#VARG1;NONE;GODCALL;Vargouille;;
AC#VROC2;MONSTER;DEMONIC;TANARI;AC#VROCK;AC#VROC2;AC#VROC2;GODCALL;Urkag, the Wing Seller;;
AC#W#42A;MONSTER;DEMONIC;TANARI;SIRINE;AC#W#42A;AC#W#42A;GODCALL;Qyriesh;;
AC#W#AG1;HUMANOID;HUMAN;PALADIN;FIGHTER_FEMALE_HUMAN;AC#W#AG1;AC#W#AG1;GODCALL;Annia Greystockings;;
AC#W#AG2;HUMANOID;HUMAN;PALADIN;FIGHTER_FEMALE_HUMAN;AC#W#AG2;AC#W#AG2;GODCALL;Annia Greystockings;;
AC#W#BE2;MONSTER;DEMONIC;TANARI;AC#BEBILITH;AC#W#BE2;AC#W#BE2;GODCALL;Zzrakh, the Bebilith;;
AC#W#BE3;MONSTER;DEMONIC;TANARI;AC#BEBILITH;AC#W#BE3;AC#W#BE3;GODCALL;Zzrakh, the Bebilith;;
AC#W#BEB;MONSTER;DEMONIC;TANARI;AC#BEBILITH;AC#W#BEB;AC#W#BEB;GODCALL;Zzrakh, the Bebilith;;
AC#W#CLY;MONSTER;DEMONIC;TANARI;AC#VROCK;AC#W#CLY;AC#W#CLY;GODCALL;Clyddis;;
AC#W#FAY;HUMANOID;TIEFLING;FIGHTER;AC#TIEFLING_MALE;AC#W#FAY;AC#W#FAY;GODCALL;Faylah;;
AC#W#KY2;HUMANOID;HUMAN;FIGHTER;MAGE_FEMALE_ELF;AC#W#KY2;AC#W#KY2;GODCALL;Kyriani;;
AC#W#MEF;HUMANOID;TIEFLING;FIGHTER;MEFISTO_ACIFER;AC#W#MEF;AC#W#MEF;GODCALL;Mefisto;;
AC#W#MI1;GIANTHUMANOID;OGRE;OGRE;MINOTAUR;AC#W#MI1;;GODCALL;Minotaur;Ogre;false
AC#W#NH1;MONSTER;DEMONIC;TANARI;AC#NIGHTHAG;AC#W#NH1;AC#W#NH1;GODCALL;Zhelamiss;;
AC#W#VE1;HUMANOID;DEMONIC;TANARI;FIGHTER_MALE_ELF;AC#W#VE1;AC#W#VE1;GODCALL;Verin;;
AC#W#VE2;MONSTER;DEMONIC;TANARI;MARILITH;AC#W#VE2;AC#W#VE2;GODCALL;Verin;;
AC#W#VE3;HUMANOID;DEMONIC;TANARI;FIGHTER_MALE_ELF;AC#W#VE3;AC#W#VE3;GODCALL;Verin;;
AC#W01C1;HUMANOID;HUMAN;INNOCENT;FAT_MAN;AC#W01C1;AC#W01C1;GODCALL;Commoner;;
AC#W01C2;HUMANOID;HUMAN;INNOCENT;FAT_MAN;AC#W01C2;AC#W01C2;GODCALL;Commoner;;
AC#W01C3;HUMANOID;HUMAN;INNOCENT;NOBLE_WOMAN;AC#W01C3;AC#W01C3;GODCALL;Noblewoman;;
AC#W01C4;HUMANOID;HUMAN;INNOCENT;NOBLE_MAN;AC#W01C4;AC#W01C4;GODCALL;Nobleman;;
AC#W01C5;HUMANOID;HUMAN;INNOCENT;NOBLE_MAN;AC#W01C5;AC#W01C5;GODCALL;Nobleman;;
AC#W01C6;HUMANOID;HUMAN;INNOCENT;NOBLE_WOMAN;AC#W01C6;;GODCALL;Noblewoman;;
AC#W01C7;HUMANOID;HUMAN;INNOCENT;NOBLE_WOMAN;AC#W01C7;;GODCALL;Noblewoman;;
AC#W01C8;HUMANOID;HUMAN;INNOCENT;NOBLE_WOMAN;AC#W01C8;;GODCALL;Noblewoman;;
AC#W01CA;HUMANOID;HUMAN;INNOCENT;NOBLE_MAN;AC#W01CA;;GODCALL;Nobleman;;
AC#W01CB;HUMANOID;HUMAN;INNOCENT;NOBLE_MAN;AC#W01CB;;GODCALL;Nobleman;;
AC#W01CC;HUMANOID;HUMAN;INNOCENT;NOBLE_MAN;AC#W01CC;;GODCALL;Nobleman;;
AC#W01CD;HUMANOID;HUMAN;INNOCENT;PEASANT_MAN;AC#W01CD;;GODCALL;Commoner;;
AC#W01CF;HUMANOID;HUMAN;INNOCENT;PEASANT_WOMAN;AC#W01CF;;GODCALL;Commoner;;
AC#W01G1;HUMANOID;HUMAN;INNOCENT;AMNIAN_SOLDIER;AC#W01G1;AC#W01G1;GODCALL;Guardian;;
AC#W01G2;HUMANOID;HUMAN;FIGHTER;AMNIAN_SOLDIER;AC#W01G2;AC#W01G2;GODCALL;Guardian;;
AC#W01GX;HUMANOID;HUMAN;INNOCENT;AMNIAN_SOLDIER;AC#W01GX;AC#W01GX;GODCALL;Amnian Soldier;;
AC#W01HA;HUMANOID;HUMAN;FIGHTER;CLERIC_FEMALE_HUMAN;AC#W01HA;ACHALAN;GODCALL;Halanna;;
AC#W01M1;HUMANOID;HUMAN;INNOCENT;FAT_MAN;AC#W01M1;AC#W01M1;GODCALL;Amnian merchant;;
AC#W01M2;HUMANOID;HUMAN;INNOCENT;FAT_MAN;AC#W01M2;AC#W01M2;GODCALL;Amnian merchant;;
AC#W01M3;HUMANOID;HUMAN;INNOCENT;FAT_MAN;AC#W01M3;AC#W01M3;GODCALL;Amnian merchant;;
AC#W01MX;HUMANOID;HUMAN;INNOCENT;FAT_MAN;AC#W01MX;AC#W01MX;GODCALL;Amnian merchant;;
AC#W01N1;HUMANOID;HUMAN;NO_CLASS;NOBLE_MAN;AC#W01N1;AC#W01N1;GODCALL;Nobleman;;
AC#W01NM;HUMANOID;HUMAN;INNOCENT;NOBLE_MAN;AC#W01NM;;GODCALL;Nobleman;;
AC#W01NW;HUMANOID;HUMAN;INNOCENT;NOBLE_WOMAN;AC#W01NW;;GODCALL;Noblewoman;;
AC#W01P1;HUMANOID;HUMAN;CLERIC;CLERIC_FEMALE_HUMAN;AC#W01P1;;GODCALL;Barasta Cleeith;;
AC#W01S1;HUMANOID;HUMAN;INNOCENT;FAT_MAN;AC#W01S1;AC#W01S1;GODCALL;Masun;;
AC#W01TH;HUMANOID;HUMAN;INNOCENT;MAGE_MALE_HUMAN;AC#W01TH;AC#W01TH;GODCALL;Tharundar Olehm;;
AC#W01TW;HUMANOID;HUMAN;INNOCENT;MONK;AC#W01TW;AC#W01TW;GODCALL;Priest of Waukeen;;
AC#W04G1;HUMANOID;HUMAN;INNOCENT;AMNIAN_SOLDIER;AC#W04G1;;GODCALL;Guardian;;
AC#W04G2;HUMANOID;HUMAN;INNOCENT;AMNIAN_SOLDIER;AC#W04G2;;GODCALL;Guardian;;
AC#W04P1;HUMANOID;HUMAN;CLERIC;CLERIC_FEMALE_HUMAN;AC#W04P1;AC#W04P1;GODCALL;Barasta Cleeith;;
AC#W04S2;HUMANOID;HUMAN;NO_CLASS;CLERIC_FEMALE_HUMAN;AC#W04S2;AC#W04S2;GODCALL;Sariila Tebrentan;;
AC#W04ST;HUMANOID;HUMAN;NO_CLASS;CLERIC_FEMALE_HUMAN;AC#W04ST;AC#W04ST;GODCALL;Sariila Tebrentan;;
AC#W04T2;HUMANOID;HUMAN;INNOCENT;MAGE_MALE_HUMAN;AC#W04T2;AC#W04T2;GODCALL;Tharundar Olehm;;
AC#W06M1;HUMANOID;HUMAN;INNOCENT;FAT_MAN;AC#W06M1;AC#W06M1;GODCALL;Amnian Merchant;;
AC#W07MR;HUMANOID;HUMAN;INNOCENT;FAT_MAN;AC#W07MR;AC#W07MR;GODCALL;Storekeep;;
AC#W08BG;HUMANOID;HUMAN;FIGHTER;FIGHTER_MALE_HUMAN;AC#W08BG;AC#W08BG;GODCALL;Bodyguard;;
AC#W08MC;HUMANOID;HUMAN;INNOCENT;FAT_MAN;AC#W08MC;AC#W08MC;GODCALL;Zakhum, the Spice Merchant;;
AC#W08NB;HUMANOID;HUMAN;NO_CLASS;NOBLE_MAN;AC#W08NB;AC#W08NB;GODCALL;Lord Jessel;;
AC#W19E1;HUMANOID;ELF;MAGE;MAGE_MALE_ELF;AC#W19E1;AC#W19E1;GODCALL;Eldrin;;
AC#W19E2;HUMANOID;ELF;NO_CLASS;AC#TIEFLING_FEMALE;AC#W19E2;AC#W19E2;GODCALL;Lyra;;
AC#W19E3;HUMANOID;ELF;MAGE;AC#BARIAUR;AC#W19E3;AC#W19E3;GODCALL;Theron;;
AC#W19LI;MONSTER;SOLAR;FIGHTER;SOLAR;AC#W19LI;AC#W19LI;GODCALL;Adonia;;
AC#W19SE;HUMANOID;HUMAN;FIGHTER;FIGHTER_FEMALE_HUMAN_LOW;AC#W19SE;AC#W19SE;GODCALL;Elandra Moonsong;;
AC#W20M1;HUMANOID;HUMAN;MAGE;MAGE_MALE_HUMAN;AC#W20M1;AC#W20M1;GODCALL;Kayur;;
AC#W20M2;HUMANOID;HUMAN;MAGE;MAGE_MALE_HUMAN;AC#W20M2;;GODCALL;Kayur's Apprentice;;
AC#W20M3;HUMANOID;HUMAN;MAGE;MAGE_MALE_HUMAN;AC#W20M3;None;GODCALL;Kayur's Apprentice;;
AC#W20WE;HUMANOID;NO_RACE;NO_CLASS;WIZARD_EYE;AC#W20WE;;GODCALL;Wizard Eye;;
AC#W30A1;MONSTER;DEMONIC;TANARI;ABISHAI_BLUE;AC#W30A1;AC#W30A1;GODCALL;Aphul;;
AC#W30A2;MONSTER;DEMONIC;TANARI;ABISHAI_GREEN;AC#W30A2;NONE;GODCALL;Abishai;;
AC#W30BD;HUMANOID;HUMAN;MAGE_THIEF;THIEF_MALE_HUMAN;AC#W30BD;AC#W30BD;GODCALL;Bard;;
AC#W30BR;HUMANOID;HUMAN;INNOCENT;AC#BARIAUR;AC#W30BR;AC#W30BR;GODCALL;Startail;;
AC#W30F1;HUMANOID;TIEFLING;FIGHTER;FIGHTER_FEMALE_ELF;AC#W30F1;AC#W30F1;GODCALL;Alu-Fiend;;
AC#W30F2;HUMANOID;TIEFLING;FIGHTER;FIGHTER_FEMALE_ELF;AC#W30F2;;GODCALL;Alu-Fiend;;
AC#W30FM;HUMANOID;MEPHIT;MEPHIT;IMP;AC#W30FM;;GODCALL;Fire Mephit;;
AC#W30GA;MONSTER;BEHOLDER;BEHOLDER;BEHOLDER_SMALL;AC#W30GA;;GODCALL;Gauth;;
AC#W30GN;HUMANOID;HUMAN;INNOCENT;MAGE_MALE_GNOME;AC#W30GN;AC#W30GN;GODCALL;Wilbur Iparos;;
AC#W30GT;HUMANOID;GITHYANKI;FIGHTER;GITHYANKI;AC#W30GT;NONE;GODCALL;Warrior;;
AC#W30MF;HUMANOID;MIND_FLAYER;MIND_FLAYER;MINDFLAYER;AC#W30MF;None;GODCALL;Mind Flayer;;
AC#W30QU;HUMANOID;IMP;IMP;IMP;AC#W30QU;None;GODCALL;Quasit;;
AC#W30RA;HUMANOID;RAKSHASA;RAKSHASA;RAKSHASA;AC#W30RA;None;GODCALL;Rakshasa;;
AC#W30SA;MONSTER;SALAMANDER;ELEMENTAL_FIRE;SALAMANDER_FIRE;AC#W30SA;None;GODCALL;Salamander;;
AC#W30SP;MONSTER;SPIDER;SPIDER_PHASE;SPIDER_PHASE;None;;GODCALL;Phase Spider;PhaseSpider;false
AC#W30SQ;ANIMAL;NO_RACE;FIGHTER;SQUIRREL;AC#W30SQ;AC#W30SQ;GODCALL;Nimblebeard Rippletail;;
AC#W30SW;MONSTER;DEMONIC;TANARI;DOOM_GUARD;AC#W30SW;AC#W30SW;GODCALL;Machine;;
AC#W30V1;UNDEAD;VAMPIRE;VAMPIRE;VAMPIRE;AC#W30V1;AC#W30V1;GODCALL;Demidicus;;
AC#W30V2;UNDEAD;VAMPIRE;VAMPIRE;VAMPIRE_FEMALE;AC#W30V2;AC#W30V2;GODCALL;Zabrina;;
AC#W40A1;MONSTER;DEMONIC;IMP;ABISHAI_BLUE;AC#W40A1;;GODCALL;Aphul;;
AC#W40A2;MONSTER;DEMONIC;IMP;ABISHAI_GREEN;AC#W40A2;NONE;GODCALL;Abishai;;
AC#W40BB;MONSTER;DEMONIC;TANARI;AC#BABAU;AC#W40BB;AC#W40BB;GODCALL;Garnuth, the Babau;;
AC#W40BR;MONSTER;DEMONIC;TANARI;TANARRI;AC#W40BR;AC#W40BR;GODCALL;Gorzengral;;
AC#W40DV;MONSTER;SOLAR;NO_CLASS;FIGHTER_MALE_ELF;AC#W40DV;AC#W40DV;GODCALL;Deva;;
AC#W40G1;MONSTER;SHADOW;SHADOW;ZOMBIE;AC#W40G1;AC#W40G1;GODCALL;Damned Soul;Shadow;false
AC#W40GB;MONSTER;DEMONIC;TANARI;GLABREZU;AC#W40GB;AC#W40GB;GODCALL;Belthazaar;;
AC#W40LV;HUMANOID;NO_RACE;NO_CLASS;AC#LARVA;AC#W40LV;;GODCALL;Larva;;
AC#W40M1;HUMANOID;DEMONIC;TANARI;DRETCH_ACIFER;AC#W40M1;AC#W40M1;GODCALL;Dretch;;
AC#W40M2;HUMANOID;TIEFLING;FIGHTER;MEFISTO_ACIFER;AC#W40M2;AC#W40M2;GODCALL;Mefisto;;
AC#W40M3;HUMANOID;TIEFLING;FIGHTER;MEFISTO_ACIFER;AC#W40M3;AC#W40M3;GODCALL;Mefisto;;
AC#W40MD;HUMANOID;DEMONIC;TANARI;DRETCH_ACIFER;AC#W40MD;AC#W40MD;GODCALL;Dretch;;
AC#W40MG;HUMANOID;HUMAN;MAGE;MAGE_MALE_HUMAN;AC#W40MG;AC#W40MG;GODCALL;Zaldranis Quixtor;;
AC#W40MN;HUMANOID;NO_RACE;NO_CLASS;AC#MANE;AC#W40MN;AC#W40MN;GODCALL;Mane;;
AC#W40S6;HUMANOID;HUMAN;INNOCENT;AC#TOWNIE_CURST_MALE;AC#W40S6;AC#W40S6;GODCALL;Kaelthar Darkware;;
AC#W40SW;HUMANOID;TIEFLING;MAGE;AC#TIEFLING_FEMALE;AC#W40SW;AC#W40SW;GODCALL;Tiefling;;
AC#W40TR;HUMANOID;HUMAN;MAGE;DOOM_GUARD;AC#W40TR;AC#W40TR;GODCALL;Alistair Vonhardt;;
AC#W40UM;HUMANOID;DEMONIC;THIEF;DEATH_KNIGHT;AC#W40UM;AC#W40UM;GODCALL;Vulgrim Darkmane;;
AC#W40V1;MONSTER;DEMONIC;TANARI;AC#VROCK;AC#W40V1;AC#W40V1;GODCALL;Vrock;;
AC#W40V2;MONSTER;DEMONIC;TANARI;AC#VROCK;AC#W40V2;AC#W40V2;GODCALL;Vrock;;
AC#W40WC;GIANTHUMANOID;DEMONIC;TANARI;FIGHTER_MALE_ELF;AC#W40WC;;GODCALL;Cambion;;
AC#W40WM;HUMANOID;NO_RACE;TANARI;AC#MANE;AC#W40WM;AC#MANE1;GODCALL;Mane;;
AC#W40WS;MONSTER;DEMONIC;TANARI;SIRINE;AC#W40WS;None;GODCALL;Succubus;;
AC#W40ZM;UNDEAD;ZOMBIE;ZOMBIE_NORMAL;ZOMBIE;AC#W40ZM;AC#W40ZM;GODCALL;Zombie Announcer;;
AC#W41BH;MONSTER;BEHOLDER;BEHOLDER;BEHOLDER;AC#W41BH;AC#W41BH;GODCALL;Beholder;;
AC#W41BK;HUMANOID;HUMAN;INNOCENT;OGRE_MAGE;AC#W41BK;AC#W41BK;GODCALL;Illkeeper Mutz;;
AC#W41T1;HUMANOID;DEMONIC;ORC;ORC_MELEE;AC#W41T1;AC#W41T1;GODCALL;Tanarukk;;
AC#W41T2;HUMANOID;DEMONIC;ORC;ORC_MELEE;AC#W41T2;AC#W41T2;GODCALL;Tanarukk;;
AC#W41VR;MONSTER;DEMONIC;TANARI;AC#VROCK;AC#W41VR;AC#W41VR;GODCALL;Shamurz;;
AC#W44A1;HUMANOID;TIEFLING;FIGHTER;FIGHTER_FEMALE_ELF;AC#W44A1;;GODCALL;Alu-Fiend;;
AC#W44AL;HUMANOID;TIEFLING;FIGHTER;FIGHTER_FEMALE_ELF;AC#W44AL;AC#W44AL;GODCALL;Alu-Fiend;;
AC#W44BL;MONSTER;DEMONIC;TANARI;TANARRI;AC#W44BL;;GODCALL;Balor;;
AC#W44ML;MONSTER;DEMONIC;TANARI;MARILITH;AC#W44ML;;GODCALL;Marilith;;
AC#W44S1;MONSTER;DEMONIC;TANARI;SIRINE;AC#W44S1;None;GODCALL;Succubus;;
AC#W45LV;HUMANOID;NO_RACE;NO_CLASS;AC#LARVA;AC#W45LV;;GODCALL;Larva;;
AC#W47LV;HUMANOID;NO_RACE;NO_CLASS;AC#LARVA;AC#W47LV;AC#W47LV;GODCALL;Larva;;
AC#W48G1;HUMANOID;HUMAN;FIGHTER;AC#TOWNIE_CURST_MALE;AC#W48G1;AC#W48G1;GODCALL;Amlech;;
AC#W48G2;HUMANOID;DWARF;FIGHTER;FIGHTER_MALE_DWARF;AC#W48G2;AC#W48G2;GODCALL;Dammir;;
AC#W49AL;HUMANOID;TIEFLING;FIGHTER;FIGHTER_FEMALE_ELF;AC#W49AL;AC#W49AL;GODCALL;Alu-Fiend;;
AC#W49G1;MONSTER;DEMONIC;TANARI;THIEF_MALE_HUMAN;AC#W49G1;AC#W49G1;GODCALL;Game Master;;
AC#W49G2;MONSTER;DEMONIC;TANARI;HARLOT_WOMAN;AC#W49G2;AC#W49G2;GODCALL;Token seller;;
AC#W49P1;HUMANOID;HUMAN;INNOCENT;AC#TIEFLING_MALE;AC#W49P1;AC#W49PL;GODCALL;Gamesman;;
AC#W49P2;HUMANOID;HUMAN;INNOCENT;AC#TIEFLING_MALE;AC#W49P2;AC#W49PL;GODCALL;Gamesman;;
AC#W49P3;HUMANOID;DWARF;INNOCENT;FIGHTER_MALE_DWARF;AC#W49P3;AC#W49PL;GODCALL;Gamesman;;
AC#W49P4;HUMANOID;TIEFLING;THIEF;AC#TIEFLING_FEMALE;AC#W49P4;AC#W49P4;GODCALL;Tiefling;;
AC#W49P5;HUMANOID;HUMAN;INNOCENT;NOBLE_MAN;AC#W49P5;AC#W49PL;GODCALL;Gamesman;;
AC#W49P6;HUMANOID;HUMAN;INNOCENT;SLAVE;AC#W49P6;AC#W49P6;GODCALL;Gamesman;;
AC#W49PP;HUMANOID;HUMAN;THIEF;AC#TOWNIE_CURST_MALE;AC#W49PP;AC#W49PP;GODCALL;Ludovic, the Game Master;;
AC#W49S2;HUMANOID;HUMAN;INNOCENT;BEGGAR_MAN;AC#W49S2;SLSLAVE;GODCALL;Slave;;
AC#W49S3;HUMANOID;ORC;ORC;ORC_MELEE;AC#W49S3;None;GODCALL;Orc;;
AC#W49S4;HUMANOID;ORC;ORC;ORC_MELEE;AC#W49S4;None;GODCALL;Orc;;
AC#W49SD;HUMANOID;HUMAN;INNOCENT;BEGGAR_MAN;AC#W49SD;SLSLAVE;GODCALL;Slave;;
AC#W49SS;MONSTER;DEMONIC;TANARI;NOBLE_MAN;AC#W49SS;AC#W49SS;GODCALL;Game Master;;
AC#W4ASU;MONSTER;DEMONIC;TANARI;AC#SUCCUBUS_NWN;AC#W4ASU;AC#W4ASU;GODCALL;Zaehvielle;;
AC#W4BB1;GIANTHUMANOID;OGRE;OGRE;AC#BAPHITAUR;AC#W4BB1;AC#W4BBS;GODCALL;Baphitaur Blacksmith;Ogre;false
AC#W4BB2;GIANTHUMANOID;OGRE;OGRE;AC#BAPHITAUR;AC#W4BB2;AC#W4BBS;GODCALL;Baphitaur Blacksmith;Ogre;false
AC#W4BSM;HUMANOID;DWARF;FIGHTER;AC#BAPHITAUR;AC#W4BSM;AC#W4BSM;GODCALL;Zhornack Gruulhoof;;
AC#W4CB1;HUMANOID;DEMONIC;TANARI;BARLGURA_ACIFER;AC#W4CB1;;GODCALL;Bar-Lgura;;
AC#W4CB2;HUMANOID;DEMONIC;TANARI;BARLGURA_ACIFER;AC#W4CB1;;GODCALL;Bar-Lgura;;
AC#W4CB3;HUMANOID;DEMONIC;TANARI;BARLGURA_ACIFER;AC#W4CB1;;GODCALL;Bar-Lgura;;
AC#W4CB4;HUMANOID;DEMONIC;TANARI;BARLGURA_ACIFER;AC#W4CB1;;GODCALL;Bar-Lgura;;
AC#W4CBB;MONSTER;DEMONIC;TANARI;AC#BABAU;AC#W4CBB;AC#W4CBB;GODCALL;Referee;;
AC#W4CCB;HUMANOID;DEMONIC;TANARI;DEATH_KNIGHT;AC#W4CCB;;GODCALL;Cambion-Baron;;
AC#W4CD1;HUMANOID;DEMONIC;TANARI;DRETCH_ACIFER;AC#W4CD1;;GODCALL;Dretch;;
AC#W4CD2;HUMANOID;DEMONIC;TANARI;DRETCH_ACIFER;AC#W4CD1;;GODCALL;Dretch;;
AC#W4CD3;HUMANOID;DEMONIC;TANARI;DRETCH_ACIFER;AC#W4CD1;;GODCALL;Dretch;;
AC#W4CD4;HUMANOID;DEMONIC;TANARI;DRETCH_ACIFER;AC#W4CD1;;GODCALL;Dretch;;
AC#W4CDT;UNDEAD;BEHOLDER;BEHOLDER;BEHOLDER;AC#W4CDT;;GODCALL;Death Tyrant;;
AC#W4CFS;MONSTER;DEMONIC;CLERIC;DEVA_MONADIC;AC#W4CFS;AC#W4CFS;GODCALL;Bezmodan;;
AC#W4CM1;GIANTHUMANOID;OGRE;OGRE;MINOTAUR;Ogre;;GODCALL;Minotaur;Ogre;false
AC#W4CM2;GIANTHUMANOID;OGRE;OGRE;MINOTAUR;Ogre;;GODCALL;Minotaur;Ogre;false
AC#W4CM3;GIANTHUMANOID;OGRE;OGRE;MINOTAUR;Ogre;;GODCALL;Minotaur;Ogre;false
AC#W4CM4;GIANTHUMANOID;OGRE;OGRE;MINOTAUR;Ogre;;GODCALL;Minotaur;Ogre;false
AC#W4CP1;HUMANOID;TIEFLING;MAGE;AC#TIEFLING_MALE;AC#W4CP1;;GODCALL;Tiefling;;
AC#W4CP2;HUMANOID;TIEFLING;THIEF;AC#TIEFLING_MALE;AC#W4CP2;;GODCALL;Tiefling;;
AC#W4CPS;MONSTER;DEMONIC;IMP;AC#PISCOLOTH;AC#W4CPS;NONE;GODCALL;Piscoloth;;
AC#W4CT1;HUMANOID;DEMONIC;ORC;ORC_MELEE;AC#W4CT1;;GODCALL;Tanarukk;;
AC#W4CT2;HUMANOID;DEMONIC;ORC;ORC_MELEE;AC#W4CT1;;GODCALL;Tanarukk;;
AC#W4CT3;HUMANOID;DEMONIC;ORC;ORC_MELEE;AC#W4CT1;;GODCALL;Tanarukk;;
AC#W4CT4;HUMANOID;DEMONIC;ORC;ORC_MELEE;AC#W4CT1;;GODCALL;Tanarukk;;
AC#W4DDR;HUMANOID;DEMONIC;TANARI;DRETCH_ACIFER;AC#W4DDR;AC#W4DDR;GODCALL;Grimsnag;;
AC#W4GGB;MONSTER;DEMONIC;TANARI;GLABREZU;AC#W4GGB;AC#W4GGB;GODCALL;Belthazaar;;
AC#W4ORM;HUMANOID;HUMAN;INNOCENT;AC#MERCHANT_PST;AC#W4ORM;AC#W4ORM;GODCALL;Ormad Sulpar;;
AC#W4QU1;HUMANOID;KOBOLD;KOBOLD;GOBLIN_AXE;AC#W4QU1;AC#W4QU1;GODCALL;Zeep;;
AC#W4QU2;HUMANOID;IMP;IMP;IMP;AC#W4QU2;AC#W4QU2;GODCALL;Quasit;;
AC#W4SSU;MONSTER;DEMONIC;TANARI;SIRINE;AC#W4SSU;AC#W4SSU;GODCALL;Daemevera;;
AC#W4WBK;HUMANOID;HUMAN;INNOCENT;OGRE_MAGE;AC#W4WBK;AC#W4WBK;GODCALL;Innkeeper ;;
AC#W4WFY;GIANTHUMANOID;DEMONIC;THIEF;FIGHTER_MALE_ELF;AC#W4WFY;AC#W4WFY;GODCALL;Val'kreen;;
AC#W4WG2;HUMANOID;HUMAN;FIGHTER;FIGHTER_MALE_HUMAN;AC#W4WG2;AC#W4WG2;GODCALL;Vexthor Bloodtusk;;
AC#W4WG3;HUMANOID;ELF;MAGE;MAGE_MALE_ELF;AC#W4WG3;AC#W4WG3;GODCALL;Zardrak Dreadshield;;
AC#W4WG4;HUMANOID;DWARF;FIGHTER_THIEF;THIEF_MALE_DWARF;AC#W4WG4;AC#W4WG4;GODCALL;Diirmdliin Sharpshaver;;
AC#W4WGF;HUMANOID;DWARF;FIGHTER;FIGHTER_MALE_DWARF;AC#W4WGF;AC#W4WGF;GODCALL;Grimward Gorefist;;
AC#W50BE;MONSTER;DEMONIC;TANARI;AC#BEBILITH;AC#W50BE;AC#W50BE;GODCALL;Zzrakh, the Bebilith;;
AC#W50C1;GENERAL_ITEM;NO_RACE;NO_CLASS;DOOM_GUARD;AC#W50C1;AC#W50C1;GODCALL;Tree of Cowards;;
AC#W50G1;UNDEAD;GHOUL;GHOUL;GHOUL;AC#W50G1;;GODCALL;Ghoul;Ghoul;false
AC#W50LV;HUMANOID;NO_RACE;NO_CLASS;AC#LARVA;AC#W50LV;;GODCALL;Larva;;
AC#W50M1;MONSTER;DEMONIC;TANARI;THIEF_MALE_HUMAN;AC#W50M1;AC#W50M1;GODCALL;Jenkin;;
AC#W50M2;MONSTER;DEMONIC;TANARI;MAUREZHI;AC#W50M2;;GODCALL;Maurezhi;;
AC#W50MN;HUMANOID;NO_RACE;NO_CLASS;AC#MANE;AC#W50MN;;GODCALL;Mane;;
AC#W51CM;GIANTHUMANOID;DEMONIC;TANARI;DEATH_KNIGHT;NONE;;GODCALL;Cambion;;
AC#W52GF;MONSTER;NO_RACE;NO_CLASS;BLOB_MIST_CREATURE;None;None;GODCALL;Gaseous Form;;
AC#W52SK;UNDEAD;SKELETON;SKELETON_WARRIOR;SKELETON;AC#W52SK;;STRATAGEMS;Caustic horror;SkeletonWarrior;false
AC#W54AL;MONSTER;DEMONIC;TANARI;ALKILITH_ACIFER;AC#W54AL;;GODCALL;Alkilith;;
AC#W56SK;UNDEAD;SKELETON;SKELETON_WARRIOR;SKELETON;AC#W56SK;;GODCALL;Skeleton Warrior;SkeletonWarrior;false
AC#W57NY;UNDEAD;LICH;MAGE;SEER;AC#W57NY;AC#W57NY;GODCALL;Nysara, the Withered One;;
AC#W60A1;MONSTER;DEMONIC;TANARI;ABISHAI_BLUE;AC#W60A1;AC#W60A1;GODCALL;Aphul;;
AC#W60A2;MONSTER;DEMONIC;TANARI;ABISHAI_GREEN;AC#W60A2;AC#W60A2;GODCALL;Abishai;;
AC#W60AM;MONSTER;DEMONIC;TANARI;AC#BARIAUR;AC#W60AM;NONE;GODCALL;Armanite;;
AC#W60CG;MONSTER;DEMONIC;IMP;CORNUGON;AC#W60CG;AC#W60CG;GODCALL;Gazgothan;;
AC#W60D1;HUMANOID;IMP;DRUID;CLERIC_MALE_HUMAN;AC#W60D1;;GODCALL;Disciple of Baalzebul;;
AC#W60E1;MONSTER;DEMONIC;IMP;FIGHTER_FEMALE_ELF;AC#W60E1;None;GODCALL;Erinyes;;
AC#W60E2;MONSTER;DEMONIC;IMP;FIGHTER_FEMALE_ELF;AC#W60E2;None;GODCALL;Erinyes Baroness;;
AC#W60HT;MONSTER;DEMONIC;IMP;AC#HAMATULA;AC#W60HT;NONE;GODCALL;Hamatula;;
AC#W60LM;HUMANOID;DEMONIC;IMP;LEMURE;AC#W60LM;;GODCALL;Lemure;;
AC#W60M1;HUMANOID;IMP;FIGHTER;FIGHTER_MALE_HUMAN;AC#W60M1;;GODCALL;Bloodwar Mercenary;;
AC#W60M2;HUMANOID;HUMAN;TANARI;FIGHTER_MALE_HUMAN;AC#W60M1;;GODCALL;Bloodwar Mercenary;;
AC#W60M3;HUMANOID;IMP;FIGHTER;FIGHTER_MALE_DWARF;AC#W60M3;;GODCALL;Bloodwar Mercenary;;
AC#W60M4;HUMANOID;HUMAN;TANARI;FIGHTER_MALE_HALFORC;AC#W60M4;;GODCALL;Bloodwar Mercenary;;
AC#W60M5;HUMANOID;IMP;FIGHTER;FIGHTER_MALE_ELF;AC#W60M5;;GODCALL;Bloodwar Mercenary;;
AC#W60M6;HUMANOID;HUMAN;TANARI;FIGHTER_MALE_ELF;AC#W60M6;;GODCALL;Bloodwar Mercenary;;
AC#W60M7;HUMANOID;IMP;FIGHTER;FIGHTER_MALE_HALFORC;AC#W60M7;;GODCALL;Bloodwar Mercenary;;
AC#W60MN;HUMANOID;DEMONIC;TANARI;AC#MANE;AC#W60MN;;GODCALL;Mane;;
AC#W60T1;HUMANOID;DEMONIC;TANARI;ORC_MELEE;AC#W60T1;;GODCALL;Tanarukk;;
AC#W60V1;MONSTER;DEMONIC;TANARI;AC#VROCK;AC#W60V1;;GODCALL;Vrock;;
AC#W61CA;HUMANOID;DEMONIC;THIEF;DEATH_KNIGHT;AC#W61CA;AC#W61CA;GODCALL;Cambion;;
AC#W70BB;MONSTER;DEMONIC;TANARI;AC#BABAU;AC#W70BB;None;GODCALL;Babau;;
AC#W70P1;HUMANOID;TIEFLING;FIGHTER;FIGHTER_MALE_ELF;AC#W70P1;;GODCALL;Palrethee;;
AC#W70QU;HUMANOID;DEMONIC;TANARI;IMP;AC#W70QU;None;GODCALL;Quasit;;
AC#W70S1;GENERAL_ITEM;NO_RACE;NO_CLASS;DOOM_GUARD;AC#W70S1;AC#W70S1;GODCALL;Stoneface;;
AC#W70S2;GENERAL_ITEM;NO_RACE;NO_CLASS;DOOM_GUARD;AC#W70S2;AC#W70S2;GODCALL;Stoneface;;
AC#W70SC;MONSTER;DEMONIC;TANARI;SIRINE;AC#W70SC;None;GODCALL;Succubus;;
AC#W71I1;MONSTER;DEMONIC;TANARI;FIGHTER_MALE_ELF;AC#W71I1;AC#W71I1;GODCALL;Vohraris, the Incubus;;
AC#W71S1;MONSTER;DEMONIC;TANARI;SIRINE;AC#W71S1;AC#W71S1;GODCALL;Wyliniesh, the Succubus;;
AC#W71S2;MONSTER;DEMONIC;TANARI;SIRINE;AC#W71S2;None;GODCALL;Succubus;;
AC#W72FW;MONSTER;DEMONIC;TANARI;STATIC_SPIDER_WOMAN;AC#W72FW;AC#W72FW;GODCALL;Gulga the Boundless;;
AC#W72OT;MONSTER;OTYUGH;OTYUGH;AC#OTYUGH_BROWN;AC#W72OT;;GODCALL;Gulgathrix;;
AC#W73DM;MONSTER;DEMONIC;TANARI;TANARRI;AC#W73DM;AC#W73DM;GODCALL;Demon;;
AC#W73SL;HUMANOID;HUMAN;NO_CLASS;BEGGAR_MAN;AC#W73SL;AC#W73SL;GODCALL;Old Man;;
AC#W73SN;ANIMAL;NO_RACE;NO_CLASS;SNAKE;AC#W73SN;NONE;GODCALL;Envy Eater;;
AC#W74K2;HUMANOID;DEMONIC;FIGHTER_MAGE;DEATH_KNIGHT;AC#W74K2;AC#W74KN;GODCALL;Demon Knight;;
AC#W74KN;HUMANOID;DEMONIC;FIGHTER_MAGE;DEATH_KNIGHT;AC#W74KN;AC#W74KN;GODCALL;Demon Knight;;
AC#W75DV;MONSTER;ANTISOLAR;NO_CLASS;DEVA_MONADIC;AC#W75DV;AC#W75DV;GODCALL;Kaiphas the Deluded;;
AC#W76B1;HUMANOID;HUMAN;NO_CLASS;PEASANT_MAN;AC#W76B1;AC#W76B1;GODCALL;Poor Farmer;;
AC#W76B2;HUMANOID;HUMAN;MAGE;FAT_WOMAN;AC#W76B2;AC#W76B2;GODCALL;Sick Widow;;
AC#W76B3;HUMANOID;HUMAN;INNOCENT;FAT_MAN;AC#W76B3;AC#W76B3;GODCALL;Desperate Father;;
AC#W76B4;HUMANOID;HUMAN;INNOCENT;GIRL;AC#W76B4;AC#W76B4;GODCALL;Outcast Orphan;;
AC#W76B5;HUMANOID;HUMAN;FIGHTER;FIGHTER_MALE_HUMAN;AC#W76B5;AC#W76B5;GODCALL;War Veteran;;
AC#W76DM;MONSTER;DEMONIC;TANARI;TANARRI;AC#W76DM;AC#W76DM;GODCALL;Demon;;
AC#W77S1;UNDEAD;SHADOW;FIGHTER;MIST_CREATURE;AC#W77S1;AC#W77S1;GODCALL;Dreamcreeper;;
AC#W77S2;UNDEAD;SHADOW;FIGHTER;MIST_CREATURE;AC#W77S2;AC#W77S2;GODCALL;Dreamcreeper;;
AC#W77S3;UNDEAD;SHADOW;FIGHTER;MIST_CREATURE;AC#W77S3;AC#W77S3;GODCALL;Dreamcreeper;;
AC#W77S4;UNDEAD;SHADOW;FIGHTER;MIST_CREATURE;AC#W77S4;AC#W77S4;GODCALL;Dreamcreeper;;
AC#W77T1;HUMANOID;HUMAN;FIGHTER;SLEEPING_MAN_HUMAN;AC#W77T1;AC#W77TR;GODCALL;Dreamer;;
AC#W77T2;HUMANOID;HUMAN;FIGHTER;SLEEPING_WOMAN_HUMAN;AC#W77T2;AC#W77TR;GODCALL;Dreamer;;
AC#W80BG;HUMANOID;HUMAN;INNOCENT;STATIC_BEGGAR_MAN;AC#W80BG;AC#W80BG;GODCALL;Emer, the Madman;;
AC#W80BR;UNDEAD;ZOMBIE;GHOUL;ZOMBIE;AC#W80BR;AC#W80BR;GODCALL;Shadowsound;;
AC#W80C1;GIANTHUMANOID;DEMONIC;TANARI;DEATH_KNIGHT;None;;GODCALL;Cambion;;
AC#W80DV;MONSTER;SOLAR;NO_CLASS;FIGHTER_MALE_ELF;AC#W80DV;AC#W80DV;GODCALL;Maryel;;
AC#W80GB;MONSTER;DEMONIC;TANARI;GLABREZU;AC#W80GB;None;GODCALL;Glabrezu;;
AC#W80KG;MONSTER;DEMONIC;TANARI;OROG_CHIEFTAIN;AC#W80KG;None;GODCALL;Kastighur;;
AC#W80LI;UNDEAD;LICH;MAGE;LICH;AC#W80LI;AC#W80LI;GODCALL;Morgrath the Corrupter;;
AC#W80MA;MONSTER;DEMONIC;TANARI;AC#MARETTA;AC#W80MA;AC#W80MA;GODCALL;Maretta;;
AC#W80Q1;HUMANOID;IMP;IMP;IMP;AC#W80Q1;AC#W80Q1;GODCALL;Quasit;;
AC#W80S1;MONSTER;DEMONIC;TANARI;SIRINE;AC#W80S1;AC#W80S1;GODCALL;Helena;;
AC#WABBK;MONSTER;DEMONIC;IMP;ABISHAI_BLACK;AC#WABBK;;GODCALL;Abishai;;
AC#WABSR;MONSTER;DEMONIC;IMP;ABISHAI_RED;AC#WABSR;NONE;GODCALL;Red Abishai;;
AC#WAEND;HUMANOID;HUMAN;INNOCENT;AMNIAN_SOLDIER;AC#WAEND;AC#WAEND;GODCALL;Guardian;;
AC#WAL4A;HUMANOID;TIEFLING;FIGHTER;FIGHTER_FEMALE_ELF;AC#WAL4A;AC#WAL4A;GODCALL;Lady's Lancers;;
AC#WALMG;HUMANOID;TIEFLING;FIGHTER;FIGHTER_FEMALE_ELF;AC#WALMG;AC#WALMG;GODCALL;Lady's Lancers;;
AC#WALU4;HUMANOID;TIEFLING;FIGHTER;FIGHTER_FEMALE_ELF;AC#WALU4;AC#WALU4;GODCALL;Lady's Lancers;;
AC#WALU5;HUMANOID;TIEFLING;FIGHTER;FIGHTER_FEMALE_ELF;AC#WALU5;AC#WALU5;GODCALL;Lady's Lancers;;
AC#WALU6;HUMANOID;TIEFLING;FIGHTER;FIGHTER_FEMALE_ELF;AC#WALU6;AC#WALU6;GODCALL;Lady's Lancers;;
AC#WALU7;HUMANOID;TIEFLING;FIGHTER;FIGHTER_FEMALE_ELF;AC#WALU7;AC#WALU7;GODCALL;Lady's Lancers;;
AC#WALU8;HUMANOID;TIEFLING;FIGHTER;FIGHTER_FEMALE_ELF;AC#WALU8;;GODCALL;Alu-Fiend;;
AC#WALU9;HUMANOID;TIEFLING;FIGHTER;FIGHTER_FEMALE_ELF;AC#WALU9;;GODCALL;Alu-Fiend;;
AC#WALUR;HUMANOID;TIEFLING;FIGHTER;FIGHTER_FEMALE_ELF;AC#WALUR;AC#WALUR;GODCALL;Lady's Lancers;;
AC#WARC1;MONSTER;DEMONIC;TANARI;ARCANALOTH_ACIFER;AC#WARC1;AC#WARC1;GODCALL;Sannak, the Arcanaloth;;
AC#WARMA;MONSTER;DEMONIC;TANARI;AC#BARIAUR;AC#WARMA;NONE;GODCALL;Armanite;;
AC#WARNO;HUMANOID;DEMONIC;TANARI;AC#ARANOTH;AC#WARNO;;GODCALL;Aranoth;;
AC#WASSO;HUMANOID;HUMAN;INNOCENT;MONK;AC#WASSO;AC#WASSO;GODCALL;Assol;;
AC#WAZEL;HUMANOID;DEMONIC;THIEF;AC#MERRENOLOTH;AC#WAZEL;AC#WAZEL;GODCALL;Az'zelbath;;
AC#WBAPH;GIANTHUMANOID;OGRE;OGRE;AC#BAPHITAUR;AC#WBAPH;;GODCALL;Baphitaur;Ogre;false
AC#WBBAU;MONSTER;DEMONIC;TANARI;AC#BABAU;AC#WBBAU;None;GODCALL;Babau;;
AC#WBDK1;UNDEAD;GHOUL;GHOUL;BODAK_ACIFER;AC#WBDK1;;GODCALL;Bodak;Ghoul;false
AC#WBELD;MONSTER;DEMONIC;TANARI;GLABREZU;AC#WBELD;AC#WBELD;GODCALL;Belthazaar;;
AC#WBLBO;UNDEAD;GHOUL;GHOUL;SKELETON;AC#WBLBO;;GODCALL;Blazing bones;Ghoul;false
AC#WBLK2;HUMANOID;HUMAN;PALADIN;FIGHTER_MALE_HUMAN;AC#WBLK2;AC#WBLK2;GODCALL;Morloth Darkblade;;
AC#WBLKG;HUMANOID;HUMAN;PALADIN;FIGHTER_MALE_HUMAN;AC#WBLKG;AC#WBLKG;GODCALL;Morloth Darkblade;;
AC#WBOY1;HUMANOID;HUMAN;INNOCENT;BOY;AC#WBOY1;AC#WBOY1;GODCALL;Boy;;
AC#WCOOK;HUMANOID;HALFLING;INNOCENT;CLERIC_MALE_HALFLING;AC#WCOOK;AC#WCOOK;GODCALL;Cook;;
AC#WDAER;HUMANOID;HUMAN;CLERIC;CLERIC_FEMALE_HUMAN;AC#WDAER;AC#WDAER;GODCALL;Daerea Ethgil;;
AC#WDRBL;ANIMAL;DRAGON;SHADOW_DRAGON;DRAGON_BLACK;AC#WDRBL;AC#WDRBL;GODCALL;Daugralluvidan;;
AC#WFAER;HUMANOID;HUMAN;CLERIC;CLERIC_FEMALE_HUMAN;AC#WFAER;AC#WFAER;GODCALL;Faerthae Garblueth;;
AC#WGHOU;UNDEAD;GHOUL;GHOUL;GHOUL;AC#WGHOU;;GODCALL;Ghoul;Ghoul;false
AC#WGHSU;UNDEAD;GHOUL;GHOUL_GHAST;GHAST;AC#WGHSU;;GODCALL;Ghast;Ghast;false
AC#WGIFR;GIANTHUMANOID;GIANT;FIGHTER;GIANT_FROST;AC#WGIFR;NONE;GODCALL;Frost Giant;;
AC#WGIFZ;UNDEAD;GIANT;ZOMBIE_NORMAL;AC#GIANT_FROST_ZOMBIE;AC#WGIFZ;NONE;GODCALL;Frost Giant Zombie;;
AC#WGIL1;HUMANOID;HUMAN;FIGHTER_CLERIC;MAGE_MALE_HUMAN;AC#WGIL1;AC#WGIL1;GODCALL;Strange Man;;
AC#WGIL2;HUMANOID;HUMAN;FIGHTER_CLERIC;MAGE_MALE_HUMAN;AC#WGIL2;AC#WGIL2;GODCALL;Gildaar;;
AC#WGIL3;HUMANOID;HUMAN;FIGHTER_CLERIC;MAGE_MALE_HUMAN;AC#WGIL3;AC#WGIL3;GODCALL;Gildaar;;
AC#WGIL4;HUMANOID;HUMAN;FIGHTER_CLERIC;MAGE_MALE_HUMAN;AC#WGIL4;AC#WGIL4;GODCALL;Gildaar;;
AC#WGLA9;MONSTER;DEMONIC;TANARI;GLABREZU;AC#WGLA9;AC#WGLA9;GODCALL;Belthazaar;;
AC#WGLAB;MONSTER;DEMONIC;TANARI;GLABREZU;ac#wglab;None;GODCALL;Glabrezu;;
AC#WGLAQ;MONSTER;DEMONIC;TANARI;IMP;AC#WGLAQ;AC#WGLAQ;GODCALL;Quasit;;
AC#WHARP;MONSTER;BASILISK;FAIRY_SIRINE;HARPY;AC#HARP1;;GODCALL;Soul Siren;;
AC#WHEZ1;MONSTER;DEMONIC;TANARI;HEZROU_ACIFER;AC#WHEZ1;None;GODCALL;Hezrou;;
AC#WHEZ8;MONSTER;DEMONIC;TANARI;HEZROU_ACIFER;AC#WHEZ8;None;GODCALL;Hezrou;;
AC#WHOGB;MONSTER;DEMONIC;TANARI;GLABREZU;AC#WHOGB;None;GODCALL;Glabrezu;;
AC#WLIL1;MONSTER;SOLAR;FIGHTER;SOLAR;AC#WLIL1;AC#WLIL1;GODCALL;Lillend;;
AC#WLIL2;MONSTER;SOLAR;FIGHTER;SOLAR;AC#WLIL2;AC#WLIL2;GODCALL;Lillend;;
AC#WLIL3;MONSTER;SOLAR;FIGHTER;SOLAR;AC#WLIL3;AC#WLIL3;GODCALL;Lillend;;
AC#WLIL4;MONSTER;SOLAR;FIGHTER;SOLAR;AC#WLIL4;AC#WLIL4;GODCALL;Lillend;;
AC#WMAR1;MONSTER;DEMONIC;TANARI;AC#MARETTA;AC#WMAR1;AC#WMAR1;GODCALL;Maretta;;
AC#WMAR2;MONSTER;DEMONIC;TANARI;MARILITH;AC#WMAR2;AC#WMAR2;GODCALL;Nasmaerae;;
AC#WMAUR;MONSTER;DEMONIC;TANARI;GHAST;AC#WMAUR;;GODCALL;Maurezhi;;
AC#WMEND;HUMANOID;HUMAN;INNOCENT;FAT_MAN;AC#WMEND;AC#WMEND;GODCALL;Nuksheid Rheshan;;
AC#WMESS;HUMANOID;HUMAN;FIGHTER;FIGHTER_MALE_HUMAN;AC#WMESS;AC#WMESS;GODCALL;Priest of Waukeen;;
AC#WMEZ1;MONSTER;DEMONIC;NO_CLASS;MEZZOLOTH_ACIFER;AC#WMEZ1;None;GODCALL;Mezzoloth;;
AC#WMEZ4;MONSTER;DEMONIC;NO_CLASS;MEZZOLOTH_ACIFER;AC#WMEZ4;None;GODCALL;Mezzoloth;;
AC#WMEZ6;MONSTER;DEMONIC;IMP;MEZZOLOTH_ACIFER;AC#WMEZ6;None;GODCALL;Mezzoloth;;
AC#WMEZ8;MONSTER;DEMONIC;NO_CLASS;MEZZOLOTH_ACIFER;AC#WMEZ8;None;GODCALL;Mezzoloth;;
AC#WMONO;MONSTER;NO_RACE;NO_CLASS;AC#MONODRON;AC#WMONO;;GODCALL;Monodrone;;
AC#WMRL1;MONSTER;DEMONIC;TANARI;MAGE_FEMALE_ELF;AC#WMRL1;AC#WMRL1;GODCALL;Waukeen;;
AC#WNAB1;MONSTER;DEMONIC;TANARI;TANARRI;AC#WNAB1;AC#WNAB1;GODCALL;Trar'gezal;;
AC#WNAL1;MONSTER;DEMONIC;TANARI;NALFESHNEE_ACIFER;AC#WNAL1;AC#WNAL1;GODCALL;Margrog;;
AC#WNAL2;MONSTER;DEMONIC;TANARI;NALFESHNEE_ACIFER;AC#WNAL2;AC#WNAL2;GODCALL;Margrog;;
AC#WPGCH;HUMANOID;TIEFLING;MAGE;MAGE_MALE_ELF;AC#WPGCH;AC#WPGCH;GODCALL;Igraflyn;;
AC#WPGHL;HUMANOID;TIEFLING;FIGHTER_CLERIC;CLERIC_FEMALE_ELF;AC#WPGHL;AC#WPGHL;GODCALL;Rhyssa;;
AC#WPGIN;HUMANOID;DWARF;THIEF;THIEF_MALE_DWARF;AC#WPGIN;AC#WPGIN;GODCALL;Arsid;;
AC#WPGSP;HUMANOID;ELF;THIEF;CLERIC_FEMALE_ELF;AC#WPGSP;AC#WPGSP;GODCALL;Bharava;;
AC#WRUT1;MONSTER;DEMONIC;TANARI;RUTTERKIN_ACIFER;AC#WRUT1;AC#W40MN;GODCALL;Rutterkin;;
AC#WRUT2;MONSTER;DEMONIC;TANARI;RUTTERKIN_ACIFER;AC#WRUT2;AC#W40MN;GODCALL;Rutterkin;;
AC#WSHA2;UNDEAD;SHADOW;FIGHTER;TANARRI;AC#WSHA2;AC#WSHAF;GODCALL;Saarixal;;
AC#WSHAF;UNDEAD;SHADOW;FIGHTER;TANARRI;AC#WSHAF;AC#WSHAF;GODCALL;Saarixal;;
AC#WSHAS;UNDEAD;SHADOW;SHADOW;SHADOW;AC#WSHAS;None;GODCALL;Shadow;Shadow;false
AC#WSPLK;HUMANOID;RAKSHASA;RAKSHASA;ORC_SHAMAN_UNDEAD;AC#WSPLK;AC#WSPLK;GODCALL;Malashrihi;;
AC#WSTWS;MONSTER;SPIDER;SPIDER_PHASE;SPIDER_SWORD;AC#WSTWS;;GODCALL;Crotchweaver Spider;PhaseSpider;false
AC#WTHF1;HUMANOID;HUMAN;THIEF;THIEF_MALE_HUMAN;AC#WTHF1;AC#WTHF1;GODCALL;Maendir;;
AC#WTHFS;HUMANOID;GNOLL;GNOLL;THIEF_MALE_HUMAN;AC#WTHFS;;GODCALL;Maendir;;
AC#WVROK;MONSTER;DEMONIC;TANARI;AC#VROCK;AC#WVROK;;GODCALL;Vrock;;
AC#WWARW;HUMANOID;TIEFLING;THIEF;THIEF_MALE_ELF;AC#WWARW;AC#WWARW;GODCALL;Warwick;;
AC#WWAU3;HUMANOID;PLANATAR;FIGHTER_CLERIC;MAGE_FEMALE_HUMAN;AC#WWAU3;AC#WWAU3;GODCALL;Waukeen;;
AC#WXAY1;MONSTER;NO_RACE;NO_CLASS;DOOM_GUARD;AC#WXAY1;NONE;GODCALL;Xag-Ya;;
AC#W_MO1;HUMANOID;HUMAN;INNOCENT;AC#MONODRON;AC#W_MO1;AC#W_MO1;GODCALL;Monodrone;;
AC#W_TRT;MONSTER;DEMONIC;TANARI;AC#VROCK;AC#W_TRT;AC#W_TRT;GODCALL;Clyddis;;
ACHALAN;HUMANOID;HUMAN;FIGHTER;SLEEPING_WOMAN_HUMAN;ACHALAN1;ACHALAN;GODCALL;Halanna;;
ACKYRIAN;HUMANOID;HUMAN;FIGHTER;MAGE_FEMALE_ELF;ackyrian;ACKYRIAN;GODCALL;Kyriani;;
ACLESTIU;HUMANOID;HUMAN;MAGE;MAGE_MALE_HUMAN;ACLESTIU;ACLESTIU;GODCALL;Lestiulus;;
ACMOONK1;HUMANOID;HUMAN;FIGHTER;FIGHTER_MALE_HUMAN;latkni01;ACMOONK1;GODCALL;Moon Knight;;
ACMOONK2;HUMANOID;HUMAN;FIGHTER;FIGHTER_MALE_HUMAN;latkni01;acmoonk2;GODCALL;Moon Knight;;
ACTENT01;HUMANOID;DEMONIC;TANARI;DOOM_GUARD;ACTENT01;;GODCALL;Tentacle;;
ACTENT02;HUMANOID;DEMONIC;TANARI;DOOM_GUARD;ACTENT02;;GODCALL;Tentacle;;
ACTENT03;HUMANOID;DEMONIC;TANARI;DOOM_GUARD;ACTENT03;;GODCALL;Tentacle;;
ACTHARUN;HUMANOID;HUMAN;INNOCENT;MAGE_MALE_HUMAN;ACTHARUN;ACTHARUN;GODCALL;Tharundar Olehm;;
ACWAUKE1;HUMANOID;PLANATAR;FIGHTER_CLERIC;MAGE_FEMALE_HUMAN;ACWAUKE1;AC#WAUK1;GODCALL;Waukeen;;
ACWAUKE2;HUMANOID;PLANATAR;FIGHTER_CLERIC;MAGE_FEMALE_HUMAN;ACWAUKE2;;GODCALL;Waukeen;;
L#XZE;UNDEAD;REVENANT;PALADIN;FIGHTER_FEMALE_HUMAN;L#XZE;L#XZE;INLOVEUNDEATH;Xzelë;;
L#XZE25;UNDEAD;REVENANT;PALADIN;FIGHTER_FEMALE_HUMAN;L#XZE;L#XZE25;INLOVEUNDEATH;Xzelë;;
L#XZEAGE;HUMANOID;HUMAN;INNOCENT;FAT_MAN;L#XZEAGE;L#XZEAGE;INLOVEUNDEATH;Man in Blue;;
L#XZEANK;UNDEAD;ANKHEG;ANKHEG;L#_ANKHEG_ZOMBIE;L#XZEANK;;INLOVEUNDEATH;Dreadful Zombie Ankheg;Ankheg;false
L#XZEANS;UNDEAD;ANKHEG;ANKHEG;L#_ANKHEG_ZOMBIE;L#XZEANS;;INLOVEUNDEATH;Zombie Ankheg;Ankheg;false
L#XZEBD1;HUMANOID;HUMAN;FIGHTER;FIGHTER_MALE_HUMAN;L#XZEBD1;L#XZEBD1;INLOVEUNDEATH;Krandy Valinsz;;
L#XZEBD2;HUMANOID;HUMAN;FIGHTER;FIGHTER_MALE_HUMAN;L#XZEBD2;L#XZEBD2;INLOVEUNDEATH;Bennick Valinsz;;
L#XZEBD3;HUMANOID;HUMAN;FIGHTER;FIGHTER_MALE_HUMAN;L#XZEBD3;L#XZEBD3;INLOVEUNDEATH;Vigin Valinsz;;
L#XZECHI;MONSTER;WYVERN;WYVERN;L#_CHIMERA_INFERNAL;L#XZECHI;L#XZECHI;INLOVEUNDEATH;Ou'Ghallazz, The Three-Headed Beast;Wyvern;false
L#XZECLE;UNDEAD;SKELETON;CLERIC;SKELETON;L#XZECLE;L#XZECLE;INLOVEUNDEATH;Arlg, The Skeletal Cleric;Skeleton;false
L#XZECUR;UNDEAD;DEMONIC;FIGHTER;FIGHTER_FEMALE_HUMAN;L#XZECUR;L#XZECUR;INLOVEUNDEATH;Taszandav, the Curst;;
L#XZEDWA;UNDEAD;DWARF;FIGHTER;FIGHTER_MALE_DWARF;L#XZEDWA;L#XZEDWA;INLOVEUNDEATH;Gidgin, the Gone Dwarf;;
L#XZEGOL;GIANTHUMANOID;GOLEM;GOLEM_FLESH;OGRILLON;L#XZEGOL;L#XZEGOL;INLOVEUNDEATH;Grave Dirt Golem;FleshGolem;false
L#XZEOH2;HUMANOID;HUMAN;FIGHTER;PEASANT_WOMAN;L#XZEOH2;L#XZEOH2;INLOVEUNDEATH;Imoalle;;
L#XZEOHM;UNDEAD;GHOUL;GHOUL;GHOUL;L#XZEOHM;L#XZEOHM;INLOVEUNDEATH;Ohm, the Ghoul;Ghoul;false
L#XZEP1A;UNDEAD;SKELETON;SKELETON;SKELETON;L#XZEP1;;INLOVEUNDEATH;Cherished Skeleton;Skeleton;false
L#XZEP1B;UNDEAD;SKELETON;SKELETON;SKELETON;L#XZEP1;;INLOVEUNDEATH;Cherished Skeleton;Skeleton;false
L#XZEP1C;UNDEAD;SKELETON;SKELETON;SKELETON;L#XZEP1;;INLOVEUNDEATH;Cherished Skeleton;Skeleton;false
L#XZEP1D;UNDEAD;SKELETON;SKELETON;SKELETON;L#XZEP1;;INLOVEUNDEATH;Cherished Skeleton;Skeleton;false
L#XZEP1E;UNDEAD;SKELETON;SKELETON;SKELETON;L#XZEP1;;INLOVEUNDEATH;Cherished Skeleton;Skeleton;false
L#XZEP1F;UNDEAD;SKELETON;SKELETON;SKELETON;L#XZEP1;;INLOVEUNDEATH;Cherished Skeleton;Skeleton;false
L#XZESTA;HUMANOID;HUMAN;MAGE;HARLOT_WOMAN;L#XZESTA;L#XZESTA;INLOVEUNDEATH;Tivelteris;;
L#XZEWR2;HUMANOID;HUMAN;MONK;BOY;L#XZEWR2;L#XZEWR2;INLOVEUNDEATH;Livri;;
L#XZEWRA;HUMANOID;HUMAN;MONK;MONK_MALE_HUMAN;L#XZEWRA;L#XZEWRA;INLOVEUNDEATH;Cvann;;
L#JN;HUMANOID;HUMAN;FIGHTER_MAGE_CLERIC;CLERIC_FEMALE_HUMAN;L#JN;L#JN25;JUNIPERANDTHESTONELEECH;Juniper;;
L#JNARC;HUMANOID;HUMAN;CLERIC;CLERIC_MALE_HUMAN;L#JNARC;L#JNARC;JUNIPERANDTHESTONELEECH;Old Man;;
L#JNBAG;HUMANOID;HUMAN;INNOCENT;FIGHTER_MALE_HUMAN;L#JNBAG;L#JNBAG;JUNIPERANDTHESTONELEECH;Baghi;;
L#JNBATH;HUMANOID;HALFORC;FIGHTER;FIGHTER_MALE_HALFORC;L#JNBATH;L#JNBATH;JUNIPERANDTHESTONELEECH;Bathed in Blood;;
L#JNBONE;MONSTER;DEMONIC;TANARI;SKELETON_FIEND;L#JNBONE;;JUNIPERANDTHESTONELEECH;Dried Bones;;
L#JNCOWE;MONSTER;LYCANTHROPE;WEREWOLF;L#JN_COYOTLWERE;None;None;STRATAGEMS;Starving Coyotlwere;;
L#JNCOY;MONSTER;WOLF;WOLF_DREAD;WOLF_DREAD;None;;JUNIPERANDTHESTONELEECH;Coyote;DreadWolf;false
L#JNDOG;ANIMAL;WOLF;HUNTER_CREATURE;WOLF;L#JNDOG;L#JNDOG;JUNIPERANDTHESTONELEECH;Azor;Wolf;false
L#JNDYBB;MONSTER;DEMONIC;TANARI;L#JN_DYBBUK;L#JNDYBB;L#JNDYBB;JUNIPERANDTHESTONELEECH;Dybbuk-Possessed Priest;;
L#JNENE;HUMANOID;ELF;BARD;THIEF_MALE_ELF;L#JNENE;L#JNENE;JUNIPERANDTHESTONELEECH;Eneothêp, The Stone-Sickle;;
L#JNENE2;HUMANOID;ELF;BARD;L#JN_HALF_DEVIL_GOLD;L#JNENE;L#JNENE;JUNIPERANDTHESTONELEECH;Eneothêp, The Stone-Sickle;;
L#JNHSN;ANIMAL;NO_RACE;NO_CLASS;L#JN_HUGE_SNAKE;L#JNHSN;L#JNHSN;JUNIPERANDTHESTONELEECH;Sythlissvin, The Snake Father;;
L#JNJACW;MONSTER;LYCANTHROPE;WEREWOLF;L#JN_JACKALWERE;NONE;NONE;STRATAGEMS;Jackalwere;;
L#JNMINI;MONSTER;DEMONIC;TANARI;DEVA_MONADIC;L#JNMINI;;JUNIPERANDTHESTONELEECH;That with Burnt Wings;;
L#JNSGUA;HUMANOID;HUMAN;FIGHTER;CLERIC_MALE_HUMAN;L#JNSGUA;;JUNIPERANDTHESTONELEECH;Scorched Phoenix Guard;;
L#JNSNA;ANIMAL;NO_RACE;NO_CLASS;SNAKE;L#JNSNA;;JUNIPERANDTHESTONELEECH;Sand Snake;;
L#JNSUC;MONSTER;DEMONIC;TANARI;SIRINE;demsuc01;None;JUNIPERANDTHESTONELEECH;Succubus;;
L#JNVLA;HUMANOID;HUMAN;INNOCENT;FIGHTER_MALE_HUMAN;L#JNVLA;L#JNVLA;JUNIPERANDTHESTONELEECH;Vlatov;;
L#JNYAN;HUMANOID;HUMAN;INNOCENT;PEASANT_WOMAN;L#JNYAN;L#JNYAN;JUNIPERANDTHESTONELEECH;Yannka;;
L#RVBANS;UNDEAD;WRAITH;NO_CLASS;WAILING_VIRGIN;L#RVBAN1;;BLOODIEDSTINGSOFBAROVIA;Geist;Banshee;false
L#RVBAT;ANIMAL;NO_RACE;NO_CLASS;CLERIC_MALE_ELF;L#RVBAT;;BLOODIEDSTINGSOFBAROVIA;Barovian Bat;;
L#RVBATF;MONSTER;NO_RACE;NO_CLASS;BAT_INSIDE;;;BLOODIEDSTINGSOFBAROVIA;Bat;;
L#RVBBB;PLANT;ELEMENTAL;ELEMENTAL_EARTH;TREANT_DARK;L#RVBBB;;BLOODIEDSTINGSOFBAROVIA;Crooked Death's Head Tree;;
L#RVBBBH;UNDEAD;ZOMBIE;NO_CLASS;DEMILICH;L#RVBBBH;;BLOODIEDSTINGSOFBAROVIA;Dreadful Head;;
L#RVBOAR;ANIMAL;NO_RACE;NO_CLASS;BOAR_WILD;L#RVBOAR;;BLOODIEDSTINGSOFBAROVIA;Angered Boar;;
L#RVBSM;UNDEAD;HUMAN;FIGHTER;FIGHTER_MALE_HUMAN;L#RVBSM;L#RVBSM;BLOODIEDSTINGSOFBAROVIA;Blacksmith's Ghost;;
L#RVCHI1;UNDEAD;HALFLING;NO_CLASS;BOY;L#RVCHI1;L#RVCHI1;BLOODIEDSTINGSOFBAROVIA;Little Borniv;;
L#RVCHI2;UNDEAD;HALFLING;NO_CLASS;BOY;L#RVCHI2;;BLOODIEDSTINGSOFBAROVIA;Child;;
L#RVCHI3;UNDEAD;HALFLING;NO_CLASS;GIRL;L#RVCHI3;;BLOODIEDSTINGSOFBAROVIA;Child;;
L#RVCHSU;UNDEAD;MIST;MIST;GIRL;L#RVCHSU;;BLOODIEDSTINGSOFBAROVIA;Misty;;
L#RVCOM;HUMANOID;HUMAN;NO_CLASS;PEASANT_MAN;L#RVCOM;L#RVCOM;BLOODIEDSTINGSOFBAROVIA;Wanderer;;
L#RVFARM;HUMANOID;HUMAN;INNOCENT;PEASANT_MAN;L#RVFARM;L#RVFARM;BLOODIEDSTINGSOFBAROVIA;Tâneasr;;
L#RVGOLE;GIANTHUMANOID;GOLEM;GOLEM_CLAY;OGRILLON;L#RVGOLE;;BLOODIEDSTINGSOFBAROVIA;Wax Golem;ClayGolem;false
L#RVHONE;MONSTER;SLIME;OCRE_JELLY;L#RV_NECROTIC_HONEY;L#RVHONE;;BLOODIEDSTINGSOFBAROVIA;Necrotic Honey;OchreJelly;false
L#RVKING;UNDEAD;SPECTRAL_UNDEAD;SPECTRE;INVISIBLE_SMALL;L#RVKING;L#RVKING;BLOODIEDSTINGSOFBAROVIA;Venirlaw Bloodjacket;;
L#RVKNI;GIANTHUMANOID;DEMONIC;THIEF;DEATH_KNIGHT;L#RVKNI;L#RVKNI;BLOODIEDSTINGSOFBAROVIA;Undead Knight;;
L#RVLADY;UNDEAD;SKELETON;FAIRY_SIRINE;SIRINE;L#RVLADY;L#RVLADY;BLOODIEDSTINGSOFBAROVIA;Lady of the Bones Buried in Mud;;
L#RVLOUP;MONSTER;LYCANTHROPE;WEREWOLF;L#RV_LOUP_GAROU;L#RVLOUP;;STRATAGEMS;Viâsz, the Loup Garou;;
L#RVMAGG;HUMANOID;GIBBERLING;GIBBERLING;L#RV_BEE_MAGGOT;None;;BLOODIEDSTINGSOFBAROVIA;Bloodlusty Maggot;;
L#RVQUEE;HUMANOID;HUMAN;MAGE;MAGE_FEMALE_HUMAN;L#RVQUEE;L#RVQUEE;BLOODIEDSTINGSOFBAROVIA;Evemorî Ernica-Bloodjacket;;
L#RVRAVE;ANIMAL;NO_RACE;NO_CLASS;L#RV_RAVEN;L#RVRAVE;L#RVRAVE;BLOODIEDSTINGSOFBAROVIA;Raven;;
L#RVSERV;UNDEAD;SPECTRE;SPECTRE;SHADOW_SMALL;L#RVSERV;L#RVSERV;BLOODIEDSTINGSOFBAROVIA;Servant's Ghost;Spectre;false
L#RVSKLP;UNDEAD;SKELETON;CLERIC;SKELETON;L#RVSKLP;;BLOODIEDSTINGSOFBAROVIA;Skeletal Priest;Skeleton;false
L#RVSNAK;ANIMAL;NO_RACE;NO_CLASS;SNAKE;L#RVSNAK;;BLOODIEDSTINGSOFBAROVIA;Snake;;
L#RVSSU1;HUMANOID;HUMAN;BARD;THIEF_MALE_HUMAN;;L#RVSSU1;BLOODIEDSTINGSOFBAROVIA;The Memory of Sindk;;
L#RVSSU2;HUMANOID;HUMAN;FIGHTER;FIGHTER_MALE_ELF;;L#RVSSU2;BLOODIEDSTINGSOFBAROVIA;The Memory of Bvol;;
L#RVSSU3;HUMANOID;HUMAN;FIGHTER;FIGHTER_FEMALE_HUMAN;;L#RVSSU3;BLOODIEDSTINGSOFBAROVIA;The Memory of Samvina;;
L#RVSTA;HUMANOID;HUMAN;CLERIC;MONK;L#RVSTA;L#RVSTA;BLOODIEDSTINGSOFBAROVIA;Necromancer;;
L#RVSTON;HUMANOID;HUMAN;NO_CLASS;FAT_WOMAN;L#RVSTON;L#RVSTON;BLOODIEDSTINGSOFBAROVIA;Statue;;
L#RVSWA2;GENERAL_ITEM;BEETLE;VAMPIRE;L#RV_WILLOMIST;L#RVSWAR;;BLOODIEDSTINGSOFBAROVIA;Buzzing Swarm;;
L#RVSWAR;GENERAL_ITEM;BEETLE;VAMPIRE;L#RV_WILLOMIST;L#RVSWAR;;BLOODIEDSTINGSOFBAROVIA;Buzzing Swarm;;
L#RVTRE1;UNDEAD;SPECTRAL_UNDEAD;SPECTRE;INVISIBLE_MEDIUM;L#RVTRE1;L#RVTRE1;BLOODIEDSTINGSOFBAROVIA;Tree and Vines;;
L#RVTREA;PLANT;SHAMBLING_MOUND;ELEMENTAL_EARTH;TREANT_DARK;L#RVTREA;;BLOODIEDSTINGSOFBAROVIA;Bloodied Treant;;
L#RVVAMP;UNDEAD;VAMPIRE;VAMPIRE;VAMPIRE;L#RVVAMP;L#RVVAMP;BLOODIEDSTINGSOFBAROVIA;Sjerhan;;
L#RVVGAS;MONSTER;NO_RACE;NO_CLASS;BLOB_MIST_CREATURE;L#RVVGAS;L#RVVGAS;BLOODIEDSTINGSOFBAROVIA;Gaseous Form;;
L#RVWERE;MONSTER;LYCANTHROPE;WEREWOLF;WEREWOLF;NONE;NONE;STRATAGEMS;Bee-Covered Werewolf;;
L#RVWOM;UNDEAD;WRAITH;WRAITH;L#RV_WILLOMIST;;;BLOODIEDSTINGSOFBAROVIA;Will O'Mist;;
L#RVZDOE;UNDEAD;ZOMBIE;GHOUL_GHAST;L#RV_ZOMBIEDOE;L#RVZDOE;;BLOODIEDSTINGSOFBAROVIA;Zombie Doe;;
L#RVZOMB;UNDEAD;ZOMBIE;NO_CLASS;ZOMBIE;L#RVZOMB;L#RVZOMB;BLOODIEDSTINGSOFBAROVIA;Fog Cadaver;;
YSMYC01;MONSTER;NO_RACE;NO_CLASS;MYCONID_RED;YSMYC01;;SLANDOR;Myconid;;
YSMYC02;MONSTER;NO_RACE;NO_CLASS;MYCONID_BLUE;YSMYC02;;SLANDOR;Myconid King;;
A#KRAM;HUMANOID;HALFLING;THIEF;THIEF_MALE_HALFLING;A#KRAM;A#KRAM;d0questpack;Kram;;
A#KRAM2;HUMANOID;HALFLING;THIEF;THIEF_MALE_HALFLING;A#KRAM;A#KRAM2;d0questpack;Kram;;
BAISERA;HUMANOID;HUMAN;INNOCENT;PEASANT_WOMAN;BAISERA;BAISERA;d0questpack;Baisera;;
BESAMEN;UNDEAD;GHOUL;GHOUL_GHAST;ZOMBIE;BESAMEN;BESAMEN;d0questpack;Besamen;Ghast;true
D0ARBKU2;HUMANOID;HUMAN;THIEF;THIEF_MALE_HUMAN;d0arbkup;arnfgt04;d0questpack;Shadow Thief Thug;;
D0ARBKUP;HUMANOID;HUMAN;THIEF;SHADOW_THIEF;d0arbkup;;d0questpack;Shadow Thief;;
D0ARNLIE;HUMANOID;HUMAN;MAGE;MAGE_MALE_HUMAN;arnwar06;D0ARNLIE;d0questpack;Sarem;;
D0BATHO;MONSTER;NO_RACE;NO_CLASS;FIGHTER_MALE_HUMAN;None;;d0questpack;Battle Horror;;
D0BOHUN1;HUMANOID;ELF;FIGHTER;THIEF_MALE_ELF;;;d0questpack;Bounty Hunter;;
D0BOHUN2;HUMANOID;HALFLING;THIEF;THIEF_MALE_HALFLING;;;d0questpack;Bounty Hunter;;
D0BOY;HUMANOID;HUMAN;INNOCENT;BOY;D0BOY;D0BOY;d0questpack;Boy;;
D0DEBT1;HUMANOID;HUMAN;MAGE;MAGE_MALE_HUMAN;d0debt;D0DEBT;d0questpack;Debt Collector;;
D0DEBT2;HUMANOID;DWARF;FIGHTER;FIGHTER_MALE_DWARF;d0debt2;;d0questpack;Debt Collector;;
D0DEBT3;HUMANOID;HUMAN;FIGHTER;FIGHTER_MALE_HUMAN;d0debt3;None;d0questpack;Debt Collector;;
D0DRUNK;HUMANOID;HUMAN;INNOCENT;FAT_MAN;d0drunk;D0DRUNK;d0questpack;Drunk;;
D0FTOWN2;HUMANOID;HUMAN;INNOCENT;PEASANT_WOMAN;D0FTOWN2;D0FTOWN2;d0questpack;Commoner;;
D0FUNDOG;ANIMAL;DOG;HUNTER_CREATURE;DOG_WAR;d0fundog;None;d0questpack;Dog;WarDog;false
D0GIRL;HUMANOID;HUMAN;INNOCENT;GIRL;D0GIRL;D0GIRL;d0questpack;Girl;;
D0GUARD;HUMANOID;HUMAN;INNOCENT;AMNIAN_SOLDIER;D0GUARD;;d0questpack;Amnian Soldier;;
D0GUARD2;HUMANOID;HUMAN;FIGHTER;AMNIAN_SOLDIER;D0GUARD2;D0GUARD2;d0questpack;Amnian Centurion;;
D0GUARD3;HUMANOID;HUMAN;INNOCENT;FIGHTER_MALE_HUMAN;D0GUARD;D0GUARD3;d0questpack;Amnian Soldier;;
D0GUARD4;HUMANOID;HUMAN;MAGE;MAGE_MALE_HUMAN;D0GUARD4;None;d0questpack;Sanctioned Wizard;;
D0INDIGO;HUMANOID;HALF_ELF;BARD;THIEF_FEMALE_ELF;None;LMINDI;d0questpack;Indigo;;
D0JAHRE2;HUMANOID;HUMAN;FIGHTER_CLERIC;CLERIC_MALE_HUMAN;d0jahre2;None;d0questpack;Harper;;
D0JAHREV;HUMANOID;HALF_ELF;FIGHTER_DRUID;FIGHTER_FEMALE_ELF;d0jahrev;D0JAHREV;d0questpack;Jaheira;;
D0JAISL2;HUMANOID;HUMAN;FIGHTER;FIGHTER_MALE_HUMAN;d0jaisla;D0JAISLA;d0questpack;Fekir;;
D0JAISLA;HUMANOID;HUMAN;FIGHTER;FIGHTER_MALE_HUMAN;d0jaisla;D0JAISLA;d0questpack;Fekir;;
D0KAYPAL;HUMANOID;HUMAN;FIGHTER;FIGHTER_MALE_HUMAN;d0kaypal;D0KAYPAL;d0questpack;Reynald de Chatillon;;
D0LENDER;HUMANOID;HUMAN;INNOCENT;NOBLE_MAN;D0LENDER;D0LENDER;d0questpack;Celile;;
D0LICH01;UNDEAD;LICH;MAGE;LICH;d0lich01;D0LICH01;d0questpack;Nazariel;;
D0LICH02;UNDEAD;LICH;MAGE;LICH;d0lich02;;d0questpack;Nazariel;;
D0LORICK;HUMANOID;HUMAN;MAGE;MAGE_MALE_HUMAN;d0lorick;D0LORICK;d0questpack;Lorick;;
D0MAGCLE;HUMANOID;HUMAN;MAGE;MAGE_FEMALE_HUMAN_LOW;D0MAGCLE;D0MAGCLE;d0questpack;Mage;;
D0MONTY;HUMANOID;DWARF;INNOCENT;SLEEPING_MAN_HALFLING;D0MONTY;D0MONTY;d0questpack;Montaron;;
D0MONTY2;UNDEAD;ZOMBIE;NO_CLASS;ZOMBIE;D0MONTY2;D0MONTY2;d0questpack;Zombie;;
D0MSNGR;HUMANOID;HUMAN;THIEF;THIEF_MALE_HUMAN;D0MSNGR;D0MSNGR;d0questpack;Shadow Thief;;
D0MSNGR2;HUMANOID;HUMAN;FIGHTER;FIGHTER_MALE_HUMAN;D0MSNGR2;D0MSNGR2;d0questpack;Messenger;;
D0MUMFIG;HUMANOID;HUMAN;INNOCENT;PEASANT_MAN;None;MUMFIG01;d0questpack;Commoner;;
D0NIGHT2;HUMANOID;HUMAN;FIGHTER_THIEF;THIEF_MALE_HUMAN;d0night2;D0NIGHT2;d0questpack;Night Masks Assassin;;
D0NIGHTK;HUMANOID;HUMAN;THIEF;THIEF_MALE_HUMAN;d0nightk;D0NIGHTK;d0questpack;Larell;;
D0OGREMA;GIANTHUMANOID;OGRE;OGRE_MAGE;OGRE_MAGE;None;;d0questpack;Ogre Mage;OgreMage;false
D0PALMSG;HUMANOID;HUMAN;FIGHTER;FIGHTER_MALE_HUMAN;D0PALMSG;D0PALMSG;d0questpack;Fallen Paladin;;
D0POOR;HUMANOID;HUMAN;INNOCENT;PEASANT_WOMAN;D0Poor;D0POOR;d0questpack;Moiya;;
D0QPBACK;HUMANOID;HUMAN;MAGE;MAGE_MALE_HUMAN;D0qpback;;d0questpack;Cowled Escort;;
D0QPGUDE;HUMANOID;NO_RACE;NO_CLASS;BIRD;d0qpgude;;d0questpack;;;
D0QPHAR1;HUMANOID;ELF;BARD;THIEF_MALE_ELF;d0qphar1;D0QPHAR1;d0questpack;Harper;;
D0QPJAN;HUMANOID;HUMAN;INNOCENT;GIRL;D0QPJAN;D0QPJAN;d0questpack;Janie;;
D0QPMOM;HUMANOID;HUMAN;INNOCENT;PEASANT_WOMAN;D0QPMOM;D0QPMOM;d0questpack;Sidhe;;
D0QPPOTN;HUMANOID;HUMAN;INNOCENT;NOBLE_MAN;D0QPPOTN;D0QPPOTN;d0questpack;Jadarath;;
D0QPSLAV;HUMANOID;HUMAN;FIGHTER;FIGHTER_MALE_HUMAN;D0QPSLAV;D0QPSLAV;d0questpack;Tredor;;
D0QPSY01;HUMANOID;ORC;ORC;ORC_MELEE;orc01;None;d0questpack;Sythillisian Soldier;;
D0QPSY02;HUMANOID;ORC;ORC;ORC_ELITE_RANGE;orc02;;d0questpack;Sythillisian Soldier;;
D0QPSY03;HUMANOID;HOBGOBLIN;HOBGOBLIN;HOBGOBLIN;None;None;d0questpack;Sythillisian Soldier;;
D0QPSY04;HUMANOID;KOBOLD;THIEF;GOBLIN_BOW;None;;d0questpack;Sythillisian Soldier;;
D0QPSY05;GIANTHUMANOID;OGRE;OGRE;OGRE;Ogre;;d0questpack;Sythillisian Soldier;Ogre;false
D0QPSY06;HUMANOID;KOBOLD;THIEF;KOBOLD;None;;d0questpack;Sythillisian Soldier;;
D0QPSY07;GIANTHUMANOID;OGRE;OGRE_OGRILLON;OGRILLON;None;;d0questpack;Sythillisian Soldier;Ogrillon;false
D0QPSY08;HUMANOID;GNOLL;GNOLL;GNOLL;None;;d0questpack;Sythillisian Soldier;;
D0QPSY09;GIANTHUMANOID;OGRE;OGRE;MINOTAUR;Ogre;;d0questpack;Sythillisian Soldier;Ogre;false
D0QPSY10;GIANTHUMANOID;ETTIN;GIANT;ETTIN;plshfg01;plshfg01;d0questpack;Sythillisian Soldier;Ettin;false
D0QPWIC1;HUMANOID;HUMAN;MAGE;MONK;d0qpwic1;d0qpwic1;d0questpack;Cowled Enforcer;;
D0QPWIC2;HUMANOID;HUMAN;MAGE;MONK;d0qpwic2;;d0questpack;Cowled Enforcer;;
D0QPWIGI;MONSTER;DEMONIC;TANARI;GIRL;d0qpwigi;d0qpwigi;d0questpack;Girl;;
D0QPWII1;HUMANOID;NO_RACE;NO_CLASS;BIRD;d0qpwii1;;d0questpack;;;
D0QPWII2;HUMANOID;NO_RACE;NO_CLASS;BIRD;d0qpwii2;;d0questpack;;;
D0QPWIMA;MONSTER;DEMONIC;TANARI;MARILITH;d0qpwima;d0qpwima;d0questpack;Abraxxi;;
D0QPWIW2;HUMANOID;HUMAN;THIEF;THIEF_MALE_HUMAN;d0qpwiwi;;d0questpack;Wilbur;;
D0QPWIWI;HUMANOID;HUMAN;THIEF;THIEF_MALE_HUMAN;d0qpwiwi;D0QPWIWI;d0questpack;Wilbur;;
D0RENAL;HUMANOID;HUMAN;THIEF;SHADOW_THIEF;D0Renal;D0RENAL;d0questpack;Renal Bloodscalp;;
D0RENREV;HUMANOID;HUMAN;FIGHTER;FIGHTER_MALE_HUMAN;d0renrev;D0RENREV;d0questpack;Shadow Thief;;
D0SHIELD;HUMANOID;HUMAN;FIGHTER;FIGHTER_MALE_HUMAN;D0SHIELD;;d0questpack;Tethyrian Shieldbearer;;
D0THUG;HUMANOID;HUMAN;FIGHTER;FIGHTER_MALE_HUMAN;D0THUG;D0THUG;d0questpack;Thug;;
D0THUG2;HUMANOID;HUMAN;FIGHTER;FIGHTER_MALE_HUMAN;D0THUG2;D0THUG2;d0questpack;Thug;;
D0THUG3;HUMANOID;HUMAN;FIGHTER;FIGHTER_MALE_HUMAN;D0THUG3;D0THUG3;d0questpack;Thug;;
D0THUG4;HUMANOID;HUMAN;FIGHTER;THIEF_MALE_HUMAN;d0thug4;;d0questpack;Pirate Bodyguard;;
D0VAMSIM;UNDEAD;VAMPIRE;VAMPIRE;VAMPIRE_FEMALE;vampsime;D0VAMSIM;d0questpack;Sime;;
D0WIZCON;MONSTER;NO_RACE;NO_CLASS;MAGE_MALE_HUMAN;;;d0questpack;Wizard Construct;;
D0XZAR;HUMANOID;HUMAN;MAGE;MAGE_MALE_HUMAN;D0XZAR;D0XZAR;d0questpack;Xzar;;
HELLGEN2;GIANTHUMANOID;GENIE;GENIE_NOBLE_EFREETI;DJINNI;hellgen;HELLGEN;d0questpack;Enslaved Genie;;
J#IM8BOO;HUMANOID;GNOME;FIGHTER;SLEEPING_DWARF;j#im8boo;booter;d0questpack;Booter;;
J#IM8GR2;HUMANOID;HUMAN;FIGHTER;FIGHTER_MALE_HUMAN;j#im8grd;j#im8grd;d0questpack;Carrack;;
J#IM8GRD;HUMANOID;HUMAN;INNOCENT;BEGGAR_MAN;j#im8grd;J#IM8GRD;d0questpack;Carrack;;
J#IM8KI2;HUMANOID;HUMAN;INNOCENT;BOY;None;BOYBA1;d0questpack;Arris;;
J#IM8KID;HUMANOID;HUMAN;INNOCENT;GIRL;None;GIRBA1;d0questpack;Cora;;
J#IM8THG;HUMANOID;HUMAN;THIEF;THIEF_MALE_HUMAN;j#im8thg;J#IM8THG;d0questpack;Shadow Thief;;
J#IM8TO2;HUMANOID;HUMAN;FIGHTER;FIGHTER_FEMALE_HUMAN;j#im8tor;;d0questpack;Torturer;;
J#IM8TOR;HUMANOID;HUMAN;FIGHTER;FIGHTER_FEMALE_HUMAN;j#im8tor;j#im8tor;d0questpack;Torturer;;
J#IM8WIF;HUMANOID;HUMAN;INNOCENT;PEASANT_WOMAN;AMfem03;AMFEM01;d0questpack;Lillian;;
JY_00DB;ANIMAL;CAT;THIEF;GREATCAT_PANTHER;None;;d0questpack;Greater Displacer Beast;Jaguar;false
JY_00DB1;ANIMAL;CAT;THIEF;GREATCAT_PANTHER;None;;d0questpack;Displacer Beast;Jaguar;false
SUDRYAD;HUMANOID;FAIRY;FAIRY_DRYAD;SIRINE;SUDRYAD;SUDRYAD;d0questpack;Phluafae;Dryad;false
SUINVIS;HUMANOID;NO_RACE;NO_CLASS;BIRD;SUINVIS;;d0questpack;;;
SUKISS1;UNDEAD;HUMAN;FIGHTER;FIGHTER_FEMALE_HUMAN;SUKISS1;SUKISS1;d0questpack;Dahlia;;
SUMIST;MONSTER;MIST;MIST;MIST_CREATURE;SUMIST;SUMIST;d0questpack;Spectre;;
SUMOUND;GIANTHUMANOID;ELEMENTAL;ELEMENTAL_EARTH;SHAMBLING_MOUND;SUMOUND;;d0questpack;Shambling Mound;;
SUSPYIM;HUMANOID;NO_RACE;NO_CLASS;BIRD;SUSPYIM;NONE;d0questpack;;;
UDELDER2;MONSTER;BEHOLDER;BEHOLDER;BEHOLDER;udelder2;;d0questpack;Elder Orb;;
B!ALTMSG;HUMANOID;HUMAN;INNOCENT;PEASANT_MAN;b!altmsg;b!altmsg;alternatives;Alten;;
B!ASTER;HUMANOID;HUMAN;PALADIN;FIGHTER_FEMALE_HUMAN;b!aster;b!aster;alternatives;Aster;;
B!ASTER2;HUMANOID;HUMAN;PALADIN;FIGHTER_FEMALE_HUMAN;b!aster2;b!aster2;alternatives;Aster;;
B!BALLUS;HUMANOID;HUMAN;THIEF;NOBLE_MAN;b!ballus;b!ballas;alternatives;Assistant Harbormaster Ballas;;
B!BREGA;HUMANOID;HUMAN;FIGHTER;CLERIC_MALE_HUMAN;b!brega;b!brega;alternatives;Chief Inspector Brega;;
B!LEYT;HUMANOID;HUMAN;INNOCENT;HARLOT_WOMAN;b!leyt;b!leyt;alternatives;Leyt;;
B!MAL;HUMANOID;HUMAN;INNOCENT;NOBLE_MAN;b!mal;b!mal;alternatives;Malficus;;
B!MAL2;HUMANOID;HUMAN;INNOCENT;NOBLE_MAN;b!mal2;b!mal2;alternatives;Malficus;;
B!NADOR;HUMANOID;HUMAN;FIGHTER;FAT_MAN;b!nador;b!nador;alternatives;Harbormaster Nador;;
B!NADOR2;HUMANOID;HUMAN;FIGHTER;FAT_MAN;b!nador2;b!nador2;alternatives;Harbormaster Nador;;
B!PRELAT;HUMANOID;HUMAN;PALADIN;FIGHTER_MALE_HUMAN_LOW;b!prelat;b!prelat;alternatives;Prelate Wessalen;;
B!STDOOR;HUMANOID;HUMAN;INNOCENT;AMNIAN_SOLDIER;b!stdoor;b!stdoor;alternatives;Harold;;
B!VHELON;HUMANOID;HUMAN;THIEF;THIEF_MALE_HUMAN;b!vhellon;b!vhelon;alternatives;Vhellon;;
B!VULBTR;HUMANOID;HUMAN;INNOCENT;PEASANT_MAN;b!vulbtr;b!vulbtr;alternatives;Butler;;
B!VULCOK;HUMANOID;HUMAN;INNOCENT;PEASANT_MAN;b!vulcok;b!vulcok;alternatives;Cook;;
B!VULG1;HUMANOID;HUMAN;INNOCENT;NOBLE_WOMAN;b!vulg1;b!vulg_1;alternatives;Guest;;
B!VULG2;HUMANOID;HUMAN;INNOCENT;NOBLE_MAN;b!vulg2;b!vulg_2;alternatives;Guest;;
B!VULG3;HUMANOID;HUMAN;INNOCENT;NOBLE_WOMAN;b!vulg3;b!vulg_1;alternatives;Guest;;
B!VULG4;HUMANOID;HUMAN;INNOCENT;NOBLE_MAN;b!vulg4;b!vulg_2;alternatives;Guest;;
B!VULG5;HUMANOID;HUMAN;INNOCENT;NOBLE_WOMAN;b!vulg5;b!vulg_1;alternatives;Guest;;
B!VULG6;HUMANOID;HUMAN;INNOCENT;NOBLE_MAN;b!vulg6;b!vulg_2;alternatives;Guest;;
B!VULOVA;HUMANOID;HUMAN;INNOCENT;NOBLE_MAN;b!vulova;b!vulova;alternatives;Lord Vulova;;
B!WAEL;HUMANOID;HUMAN;MAGE_THIEF;THIEF_MALE_HUMAN;b!wael;b!wael;alternatives;Wael;;
B!WAEL2;HUMANOID;HUMAN;MAGE_THIEF;THIEF_MALE_HUMAN;b!wael2;None;alternatives;Wael;;
B!ZAHL;HUMANOID;HUMAN;MAGE;MAGE_MALE_HUMAN;b!zahl;b!zahl;alternatives;Zahl;;
DW#AMPP1;HUMANOID;LEATHER;INNOCENT;HARLOT_WOMAN;amconw01;amfem01;wheels;Commoner;;
DW#AMPP2;HUMANOID;LEATHER;INNOCENT;HARLOT_WOMAN;amconw01;amfem01;wheels;Commoner;;
DW#AMPP3;HUMANOID;LEATHER;INNOCENT;PEASANT_MAN;amconm01;amman01;wheels;Commoner;;
DW#CUTBD;HUMANOID;HUMAN;FIGHTER;MONK_MALE_HUMAN;dw#cutbd;None;wheels;Balthazar;;
DW#CUTME;HUMANOID;HUMAN;CLERIC_MAGE;MAGE_FEMALE_HUMAN;dw#cutme;dw#cutme;wheels;Melissan;;
DW#GRBAL;MONSTER;DEMONIC;TANARI;TANARRI;demosum2;demosum2;wheels;Balor;;
DW#GRGLA;MONSTER;DEMONIC;TANARI;GLABREZU;demosum3;demosum3;wheels;Glabrezu;;
DW#GRMAR;MONSTER;DEMONIC;TANARI;MARILITH;Demosum1;demosum1;wheels;Marilith;;
DW#GRSOL;MONSTER;DEMONIC;NO_CLASS;DEVA_MONADIC;dw#grsol;dw#grsol;wheels;Fallen Solar;;
DW#MELIS;HUMANOID;HUMAN;CLERIC_MAGE;MAGE_FEMALE_HUMAN;dw#melis;dw#melis;wheels;Melissan;;
DW#MONME;HUMANOID;HUMAN;MONK;MONK_MALE_HUMAN;dw#monmen;dw#monme;wheels;Monk;;
DW#VIBEH;MONSTER;BEHOLDER;BEHOLDER;BEHOLDER;None;;wheels;Beholder;;
DW#VIBON;MONSTER;DEMONIC;IMP;SKELETON_FIEND;GorBat5;None;wheels;Bone Fiend;;
DW#VIDER;HUMANOID;DWARF;FIGHTER;FIGHTER_MALE_DWARF;senorc02;None;wheels;Derro;;
DW#VIDR1;HUMANOID;ELF;FIGHTER;DROW;drofod01;None;wheels;Drow;;
DW#VIDR2;HUMANOID;ELF;MAGE;DROW_FEMALE;drofod03;None;wheels;Drow;;
DW#VIDR3;HUMANOID;ELF;FIGHTER;DROW;drofod03;None;wheels;Drow;;
DW#VIDR4;HUMANOID;ELF;CLERIC;DROW_FEMALE;drofod04;None;wheels;Drow Priestess;;
DW#VIEGL;ANIMAL;NO_RACE;NO_CLASS;WIZARD_EYE;eyeegl01;eyeegl01;wheels;Eagle Eye;;
DW#VIELE;GIANTHUMANOID;ELEMENTAL;ELEMENTAL_EARTH;ELEMENTAL_EARTH_SMALL;None;;wheels;Lesser Earth Elemental;;
DW#VIGOL;GIANTHUMANOID;GOLEM;GOLEM_IRON;GOLEM_IRON;None;;wheels;Iron Golem;IronGolem;false
DW#VIILL;HUMANOID;MIND_FLAYER;MIND_FLAYER;MINDFLAYER;mindfl01;None;wheels;Mind Flayer;;
DW#VIKUO;HUMANOID;KUO-TOA;KUO-TOA;KUO-TOA;None;;wheels;Kuo-toan Warrior;;
DW#VILIZ;MONSTER;YUANTI;FIGHTER;LIZARD_MAN_ELITE;Bazliz03;Bazliz03;wheels;Lizard Man;;
DW#VIME1;HUMANOID;HUMAN;FIGHTER;FIGHTER_MALE_HUMAN_LOW;ammerc07;ammerc07;wheels;Mercenary;;
DW#VISAL;MONSTER;SALAMANDER;ELEMENTAL_WATER;SALAMANDER_FROST;salgrice;None;wheels;Ice Salamander;;
DW#VISEK;HUMANOID;GNOME;NO_CLASS;WIZARD_EYE;eyesek01;eyesek01;wheels;Seeker;;
DW#WRMO1;UNDEAD;HUMAN;MONK;MONK_MALE_HUMAN;balelit1;None;wheels;Bhaal-Touched;;
DW#WRMO2;UNDEAD;HUMAN;MONK;MONK_MALE_HUMAN;balelit2;None;wheels;Bhaal-Touched;;
DW#WRMO3;UNDEAD;HUMAN;MONK;MONK_MALE_HUMAN;balelit3;None;wheels;Bhaal-Touched;;
DW#WRMO4;UNDEAD;HUMAN;MONK;MONK_MALE_HUMAN;balelit4;None;wheels;Bhaal-Touched;;
L#AFDRA;MONSTER;DRAGON;RED_DRAGON;DRAGON_BROWN;L#AFDRA;L#AFDRA;WHINHILL;Vivembirondt;;
L#AFRAT;ANIMAL;NO_RACE;NO_CLASS;RAT;NONE;NONE;WHINHILL;Enraged Rat;;
L#AFSTA;HUMANOID;HUMAN;FIGHTER;FIGHTER_MALE_HUMAN;L#AFSTA;L#AFSTA;WHINHILL;Moandrehn;;
L#AFU;HUMANOID;KOBOLD;CLERIC_THIEF;L#AFU;L#AFU;L#AFU;WHINHILL;Afu-Zuuvi;;
L#AFU25;HUMANOID;KOBOLD;CLERIC_THIEF;KOBOLD;L#AFU;L#AFU25;WHINHILL;Afu-Zuuvi;;
L#USHA01;HUMANOID;HUMAN;FIGHTER;FIGHTER_MALE_HUMAN;l#usha01;;WILLOWISP;Butcher;;
L#USHA02;HUMANOID;HUMAN;CLERIC;CLERIC_MALE_HUMAN;l#usha02;;WILLOWISP;Blacksmith;;
L#USHA03;HUMANOID;HUMAN;MONK;MONK_FEMALE_HUMAN;l#usha03;;WILLOWISP;Rowdy;;
L#USHA04;HUMANOID;HUMAN;FIGHTER;FIGHTER_MALE_HUMAN;l#usha04;;WILLOWISP;Bandit;;
L#USHA05;HUMANOID;HUMAN;FIGHTER;THIEF_FEMALE_HUMAN;l#usha05;;WILLOWISP;Smuggler;;
L#USHA06;HUMANOID;HUMAN;FIGHTER;THIEF_MALE_HUMAN;l#usha06;;WILLOWISP;Thug;;
L#USHA07;HUMANOID;HUMAN;BARD;THIEF_FEMALE_HUMAN;l#usha07;;WILLOWISP;Bard;;
L#USHA08;HUMANOID;HUMAN;FIGHTER;FIGHTER_MALE_HUMAN;l#usha08;;WILLOWISP;Mercenary;;
L#USHA09;HUMANOID;ELF;RANGER;FIGHTER_MALE_ELF;l#usha09;;WILLOWISP;Archer;;
L#USHA10;HUMANOID;HUMAN;PALADIN;FIGHTER_FEMALE_HUMAN;l#usha10;;WILLOWISP;Local Hero;;
L#USHA11;MONSTER;LYCANTHROPE;WEREWOLF;WEREWOLF_GREATER;l#usha11;None;STRATAGEMS;Werewolf;;
L#USHA12;HUMANOID;HUMAN;FIGHTER;FIGHTER_MALE_HUMAN;l#usha12;;WILLOWISP;Guard Captain;;
L0DRIDER;HUMANOID;ELF;FIGHTER;DRIDER_MALE;L0DRIDER;NONE;WILLOWISP;Drider;;
L0EMIS;GIANTHUMANOID;ELEMENTAL;ELEMENTAL_AIR;ELEMENTAL_AIR_SMALL;L0EMIS;L0EMIS;WILLOWISP;Emissary Shy'glegh;;
L0EMISX;GIANTHUMANOID;ELEMENTAL;ELEMENTAL_AIR;ELEMENTAL_AIR_SMALL;L0EMISX;L0EMISX;WILLOWISP;Eidolon Mist;;
L0FATESP;HUMANOID;HUMAN;INNOCENT;DOOM_GUARD;L0FATESP;L0FATESP;WILLOWISP;Fate Spirit;;
L0GHAS;MONSTER;DEMONIC;TANARI;FIEND_GREEN;L0GHAS;;STRATAGEMS;Ghastlycleaver;;
L0MERCH;UNDEAD;SPECTRE;SPECTRE;MAGE_MALE_HUMAN;L0MERCH;L0MERCH;WILLOWISP;Merchant;Spectre;false
L0MOW;UNDEAD;SPECTRE;BARD;WILL_O_WISP;L0MOW;L0MOW;WILLOWISP;Mother-o'-wisps;;
L0MOW2;UNDEAD;SPECTRE;BARD;WILL_O_WISP;L0MOW1;L0MOW1;WILLOWISP;Mother-o'-wisps;;
L0SMWII;UNDEAD;WILL-O-WISP;SHADOW;WILL_O_WISP_SMALL;;L0SMWII;WILLOWISP;Cold Light;;
L0SPID;MONSTER;SPIDER;SPIDER_SWORD;SPIDER_SWORD;L0SPID;;WILLOWISP;Dencrawler Spider;SwordSpider;false
L0SPIDX;MONSTER;SPIDER;SPIDER_SWORD;SPIDER_HUGE;L0SPIDX;L0SPIDX;WILLOWISP;Spider;SwordSpider;false
L0SQ;ANIMAL;NO_RACE;FOOD_CREATURE;SQUIRREL;L0SQ;NONE;WILLOWISP;Squirrel;;
L0SUMM1;MONSTER;WRAITH;NO_CLASS;DOOM_GUARD;L0SUMM1;NONE;WILLOWISP;Necrotic Fireflies;;
L0SUMM2;MONSTER;SPECTRAL_UNDEAD;NO_CLASS;WILL_O_WISP_SMALL;L0SUMM2;NONE;WILLOWISP;Lesser Will-o'-Wisp;;
L0SUMM3;MONSTER;WRAITH;NO_CLASS;DOOM_GUARD;L0SUMM3;NONE;WILLOWISP;Greater Necrotic Fireflies;;
L0SUMM4;MONSTER;SPECTRAL_UNDEAD;NO_CLASS;WILL_O_WISP;L0SUMM4;NONE;WILLOWISP;Will-o'-Wisp;;
L0SUMM5;UNDEAD;SPECTRE;SPECTRE;MAGE_MALE_HUMAN;L0SUMM5;NONE;WILLOWISP;Spectre;Spectre;false
L0SUMM6;MONSTER;SPECTRAL_UNDEAD;NO_CLASS;WILL_O_WISP;L0SUMM6;NONE;WILLOWISP;Greater Will-o'-Wisp;;
L0SUMM7;MONSTER;ELEMENTAL;MIST;MIST_CREATURE;L0SUMM7;NONE;WILLOWISP;Fiery Spirit;;
L0THIEF1;HUMANOID;ELF;BARD;THIEF_MALE_ELF;L0THIEF1;L0THIEF1;WILLOWISP;Donny Pick;;
L0TREE;UNDEAD;SHADOW;FIGHTER;TREANT_DARK;SHADOW01;NONE;WILLOWISP;Dark Treant;;
L0UDBEA;MONSTER;MIND_FLAYER;SOD_TMP;12289;L0UDBEA;L0UDBEA;WILLOWISP;Beast of Gloom;;
L0UDWI;UNDEAD;MEPHIT;MEPHIT;WILL_O_WISP;L0UDWI;;WILLOWISP;Dense Energy;;
L0WIBOY;HUMANOID;HUMAN;INNOCENT;FIGHTER_MALE_HUMAN;L0WIBOY;L0WIBOY;WILLOWISP;Merchant;;
L0WILL;UNDEAD;SPECTRE;SHAMAN;CLERIC_MALE_HUMAN;L0WILL;L0WILL;WILLOWISP;Will;;
L0WILL25;UNDEAD;SPECTRE;SHAMAN;CLERIC_MALE_HUMAN;L0WILL;L0WILL25;WILLOWISP;Will;;
L0WISP1;UNDEAD;WILL-O-WISP;BARD;WILL_O_WISP;L0WISP1;L0WISP1;WILLOWISP;Will-o'-wisp;;
L0WISP2;UNDEAD;WILL-O-WISP;BARD;WILL_O_WISP;L0WISP2;L0WISP2;WILLOWISP;Storyteller Wisp;;
L0WSPDM;UNDEAD;SPECTRAL_UNDEAD;SHADOW;WILL_O_WISP_SMALL;L0WSPDM;;WILLOWISP;Dreadful Light;;
L0WSPWS;UNDEAD;SPECTRAL_UNDEAD;SHADOW;WILL_O_WISP;L0WSPWS;;WILLOWISP;Will-o'-wisp;;
C0DEATHK;HUMANOID;DEMONIC;FIGHTER_MAGE;DEATH_KNIGHT;uddeath;uddeath;SIRENE_BG2;Demon Knight;;
C0SCLEO;HUMANOID;HUMAN;INNOCENT;PEASANT_WOMAN;c0scleo;c0scleo;SIRENE_BG2;Cleo;;
C0SCLER1;HUMANOID;HUMAN;FIGHTER_CLERIC;MONK;c0scler1;c0scler1;SIRENE_BG2;Revered Brother Daeron;;
C0SCLER2;HUMANOID;HUMAN;CLERIC;CLERIC_MALE_HUMAN;c0scler2;c0scler2;SIRENE_BG2;Priest of Ilmater;;
C0SCLER3;HUMANOID;HUMAN;CLERIC;CLERIC_FEMALE_HUMAN;c0scler3;c0scler2;SIRENE_BG2;Priestess of Ilmater;;
C0SCLER4;HUMANOID;HUMAN;CLERIC;CLERIC_MALE_HUMAN;c0scler4;c0scler2;SIRENE_BG2;Priest of Ilmater;;
C0SCLER5;HUMANOID;HUMAN;CLERIC;CLERIC_FEMALE_HUMAN;c0scler5;c0scler2;SIRENE_BG2;Priestess of Ilmater;;
C0SCLER6;HUMANOID;HUMAN;CLERIC;CLERIC_MALE_HUMAN;c0scler6;c0scler2;SIRENE_BG2;Priest of Ilmater;;
C0SCLER7;HUMANOID;HUMAN;CLERIC;CLERIC_MALE_HUMAN;c0scler7;c0scler2;SIRENE_BG2;Priest of Ilmater;;
C0SCLER8;HUMANOID;HUMAN;INNOCENT;BEGGAR_MAN;c0scler8;c0scler3;SIRENE_BG2;Injured Man;;
C0SGIRL;HUMANOID;HUMAN;INNOCENT;GIRL;c0sgirl;c0sgirl;SIRENE_BG2;Flower Girl;;
C0SIRE2;HUMANOID;TIEFLING;PALADIN;FIGHTER_FEMALE_ELF;C0Sirene;C0Sire2;SIRENE_BG2;Sirene;;
C0SIRE25;HUMANOID;TIEFLING;PALADIN;FIGHTER_FEMALE_ELF;C0Sirene;C0Sire25;SIRENE_BG2;Sirene;;
C0SIRENG;UNDEAD;ELF;NO_CLASS;CLERIC_FEMALE_ELF;C0SirenG;C0SirenG;SIRENE_BG2;Sirene;;
C0SLOVE1;HUMANOID;HUMAN;FIGHTER;MAGE_FEMALE_ELF;c0slove1;c0slove1;SIRENE_BG2;Lena De'bryll;;
C0SLOVE2;HUMANOID;TIEFLING;CLERIC_MAGE;MAGE_MALE_ELF;c0slove2;c0slove2;SIRENE_BG2;T'samon;;
C0SMESS;HUMANOID;HUMAN;FIGHTER;CLERIC_MALE_HUMAN;c0smess;c0smess;SIRENE_BG2;Brother Theodore;;
C0SRAID;HUMANOID;HUMAN;MAGE;MAGE_MALE_HUMAN;c0sraid;c0sraid;SIRENE_BG2;Zalorne the Unfettered;;
C0SRAID1;HUMANOID;ORC;FIGHTER;ORC_ELITE_MELEE;c0sraid1;c0sraid1;SIRENE_BG2;Fighter;;
C0SRAID2;HUMANOID;ORC;FIGHTER;ORC_ELITE_MELEE;c0sraid2;c0sraid2;SIRENE_BG2;Fighter;;
C0SRAID3;HUMANOID;ORC;FIGHTER;ORC_ELITE_MELEE;c0sraid3;c0sraid3;SIRENE_BG2;Fighter;;
C0SRAID4;HUMANOID;HUMAN;MAGE;MAGE_FEMALE_HUMAN;c0sraid4;c0sraid4;SIRENE_BG2;Mage;;
C0SRAID5;HUMANOID;HUMAN;THIEF;THIEF_MALE_HUMAN;c0sraid5;c0sraid5;SIRENE_BG2;Thief;;
C0SRAID6;HUMANOID;HUMAN;THIEF;THIEF_MALE_HUMAN;c0sraid6;c0sraid6;SIRENE_BG2;Thief;;
C0SRAID7;HUMANOID;HUMAN;THIEF;THIEF_MALE_HUMAN;c0sraid7;c0sraid7;SIRENE_BG2;Thief;;
C0SRAID8;HUMANOID;HUMAN;CLERIC;CLERIC_MALE_HUMAN;c0sraid8;c0sraid8;SIRENE_BG2;Cleric;;
C0SRAID9;HUMANOID;ORC;FIGHTER;ORC_ELITE_MELEE;c0sraid9;c0sraid9;SIRENE_BG2;Fighter;;
C0TSAMON;HUMANOID;TIEFLING;CLERIC_MAGE;MAGE_MALE_ELF;c0tsamon;c0tsamon;SIRENE_BG2;T'samon;;
ACADAM;HUMANOID;HUMAN;CLERIC;CLERIC_MALE_HUMAN;ACADAM;ACADAM;ACBRE;Adam;;
ACANSTI;HUMANOID;SPECTRE;MAGE;MAGE_MALE_GNOME;ACANSTI;ACANSTI1;ACBRE;Anstinus;;
ACARNI;HUMANOID;GNOME;MAGE_THIEF;THIEF_MALE_GNOME;ACARNI;ACARNI;ACBRE;Arnie;;
ACASC;HUMANOID;HUMAN;MAGE;MAGE_MALE_HUMAN;ACASC;ACASC;ACBRE;Ascalon;;
ACAUD001;HUMANOID;DWARF;THIEF;THIEF_MALE_DWARF;ACAUD001;ACAUD001;ACBRE;Hooded dwarf;;
ACAUD002;HUMANOID;DWARF;THIEF;FIGHTER_MALE_DWARF;ACAUD002;ACAUD002;ACBRE;Audhild;;
ACAZZIK;HUMANOID;KOBOLD;KOBOLD;KOBOLD;ACAZZIK;ACAZZIK;ACBRE;Azzik;;
ACBOR001;HUMANOID;HALFORC;FIGHTER;FIGHTER_MALE_HALFORC;ACBOR001;ACBOR001;ACBRE;Bork;;
ACBRE;HUMANOID;DWARF;FIGHTER;FIGHTER_MALE_DWARF;ACBRE;ACBRE;ACBRE;Breagar;;
ACBRE07;HUMANOID;DWARF;FIGHTER;FIGHTER_MALE_DWARF;ACBRE;ACBREBG2;ACBRE;Breagar;;
ACBRE25;HUMANOID;DWARF;FIGHTER;FIGHTER_MALE_DWARF;ACBRE;ACBRE25;ACBRE;Breagar;;
ACBRERED;HUMANOID;DWARF;FIGHTER;SLEEPING_DWARF;ACBRERED;ACBRERED;ACBRE;Injured Breagar;;
ACBRESMI;HUMANOID;DWARF;FIGHTER;FIGHTER_MALE_DWARF;ACBRESMI;ACBRESMI;ACBRE;Breagar;;
ACCLERIC;HUMANOID;HUMAN;CLERIC;CLERIC_MALE_HUMAN;ACCLERIC;ACCLERIC;ACBRE;Tobin;;
ACDROWD1;HUMANOID;DUERGAR;FIGHTER;DROW;;;ACBRE;Dead Drow;;
ACDROWD2;HUMANOID;DUERGAR;FIGHTER;DROW;;;ACBRE;Dead Drow;;
ACDROWE1;HUMANOID;ELF;CLERIC;CLERIC_FEMALE_ELF;ACDROWE1;ACDROWE1;ACBRE;Cleric;;
ACDROWE2;HUMANOID;ELF;CLERIC_MAGE;CLERIC_FEMALE_ELF;ACDROWE2;ACDROWE2;ACBRE;Maid of Lolth;;
ACDROWE3;HUMANOID;ELF;MAGE;CLERIC_FEMALE_ELF;ACDROWE3;ACDROWE3;ACBRE;Priestess;;
ACDUECL1;HUMANOID;DUERGAR;CLERIC;CLERIC_MALE_DWARF;ACDUECL1;ACDUECL1;ACBRE;Duergar Cleric;;
ACDUECL2;HUMANOID;DUERGAR;CLERIC;CLERIC_MALE_DWARF;ACDUECL1;ACDUERGA;ACBRE;Duergar Cleric;;
ACDUEFI1;HUMANOID;DUERGAR;FIGHTER;FIGHTER_MALE_DWARF;ACDUEFI1;ACDUEFI1;ACBRE;Duergar Fighter;;
ACDUEFI2;HUMANOID;DUERGAR;FIGHTER;FIGHTER_MALE_DWARF;ACDUEFI2;ACDUEFI2;ACBRE;Duergar Fighter;;
ACDUEFI3;HUMANOID;DUERGAR;FIGHTER;FIGHTER_MALE_DWARF;ACDUEFI1;ACDUERGA;ACBRE;Duergar Fighter;;
ACDUEFI4;HUMANOID;DUERGAR;FIGHTER;FIGHTER_MALE_DWARF;ACDUEFI2;ACDUERGA;ACBRE;Duergar Fighter;;
ACDUEFO1;HUMANOID;DUERGAR;CLERIC;CLERIC_MALE_DWARF;ACDUEFO1;ACFORRES;ACBRE;Hargek;;
ACDUERE1;HUMANOID;DUERGAR;FIGHTER;FIGHTER_MALE_DWARF;ACDUERE1;ACREG;ACBRE;Graschek;;
ACELASIA;HUMANOID;HALF_ELF;RANGER;FIGHTER_FEMALE_ELF;ACELASIA;ACELASIA;ACBRE;Elasia;;
ACFORRES;HUMANOID;DUERGAR;CLERIC;CLERIC_MALE_DWARF;ACFORRES;ACFORRES;ACBRE;Forres;;
ACGAL;HUMANOID;DWARF;FIGHTER;FIGHTER_MALE_DWARF;ACGAL;ACGAL;ACBRE;Galthur;;
ACGIANT;GIANTHUMANOID;GIANT;FIGHTER;GIANT_FIRE;ACGIANT;ACGIANT;ACBRE;Yrrymyr;;
ACGROTHI;HUMANOID;DWARF;FIGHTER;FIGHTER_MALE_DWARF;ACGROTHI;ACGROTHI;ACBRE;Grothir;;
ACHOLD01;MONSTER;BEHOLDER;BEHOLDER;BEHOLDER;ACHOLD01;;ACBRE;Beholder;;
ACLICH01;UNDEAD;LICH;MAGE;LICH;ACLICH01;ACLICH01;ACBRE;Lich;;
ACNDRO01;HUMANOID;ELF;FIGHTER;DROW;ACNDRO01;None;ACBRE;Drow;;
ACNDRO02;HUMANOID;ELF;MAGE;DROW_FEMALE;ACNDRO02;Sendro02;ACBRE;Drow;;
ACNDRO03;HUMANOID;ELF;FIGHTER;DROW;ACNDRO03;None;ACBRE;Drow;;
ACNDRO04;HUMANOID;ELF;RANGER;THIEF_MALE_ELF;ACNDRO04;Sendro04;ACBRE;Drow;;
ACNECRO1;HUMANOID;HUMAN;MAGE;MAGE_MALE_HUMAN;ACNECRO1;ACNECRO1;ACBRE;Borsk;;
ACNECRO2;HUMANOID;HUMAN;MAGE;MAGE_MALE_HUMAN;ACNECRO2;ACNECRO2;ACBRE;Theber;;
ACNECRO3;HUMANOID;HALF_ELF;MAGE_THIEF;THIEF_FEMALE_ELF;ACNECRO3;ACNECRO3;ACBRE;Karela;;
ACOGHMA1;HUMANOID;HUMAN;INNOCENT;MONK;ACOGHMA1;ACOGHMA1;ACBRE;Scribe of Oghma;;
ACRALPH;HUMANOID;HUMAN;FIGHTER;FIGHTER_MALE_HUMAN;ACRALPH;ACRALPH;ACBRE;Ralph;;
ACREG;HUMANOID;DWARF;FIGHTER;FIGHTER_MALE_DWARF;ACREG;ACREG;ACBRE;Reggik;;
ACREVI;HUMANOID;HUMAN;CLERIC;CLERIC_FEMALE_HUMAN;ACREVI;ACREVI;ACBRE;Revianel;;
ACREVI2;HUMANOID;HUMAN;CLERIC;CLERIC_FEMALE_HUMAN;ACREVI2;ACREVI2;ACBRE;Revianel;;
ACSHAD01;UNDEAD;SHADOW;FIGHTER;SHADOW;shadow01;None;ACBRE;Shadow;Shadow;true
ACSILVER;HUMANOID;DWARF;CLERIC;CLERIC_MALE_DWARF;ACSILVER;ACSILVER;ACBRE;Silver Dwarf;;
ACTAEROM;HUMANOID;HUMAN;INNOCENT;FIGHTER_MALE_HUMAN;ACTAEROM;ACTAEROM;ACBRE;Taerom;;
ACTHIEF1;HUMANOID;HUMAN;THIEF;SHADOW_THIEF;ACTHIEF1;ACTHIEF1;ACBRE;Messenger of the Shadow Thieves;;
ACVIRGI;ANIMAL;RABBIT;FOOD_CREATURE;RABBIT;ACVIRGI;ACVIRGI;ACBRE;;;
RH#ALIA;HUMANOID;HUMAN;INNOCENT;CLERIC_FEMALE_HUMAN;rh#alia;rh#Alia;ISRA_BG2;Alia;;
RH#ALIA2;HUMANOID;HUMAN;INNOCENT;CLERIC_FEMALE_HUMAN;rh#alia2;rh#Alia;ISRA_BG2;Alia;;
RH#ALIM;HUMANOID;HUMAN;FIGHTER;FIGHTER_MALE_HUMAN;rh#alim;rh#alim;ISRA_BG2;Alim;;
RH#BTLR;HUMANOID;HUMAN;INNOCENT;PEASANT_MAN;rh#btlr;rh#btlr;ISRA_BG2;Butler;;
RH#CORA;HUMANOID;HUMAN;INNOCENT;NOBLE_WOMAN;rh#cora;rh#cora;ISRA_BG2;Corinna;;
RH#EVEND;HUMANOID;HUMAN;PALADIN;FIGHTER_MALE_HUMAN;rh#evend;rh#evend;ISRA_BG2;Sir Evendur;;
RH#GELIO;HUMANOID;ELF;MAGE;MAGE_MALE_ELF;rh#gelion;rh#gelio;ISRA_BG2;Gelion;;
RH#GHSLN;HUMANOID;HUMAN;FIGHTER;FIGHTER_MALE_HUMAN;rh#ghsln;rh#ghsln;ISRA_BG2;Ghislain;;
RH#ILIAN;HUMANOID;HUMAN;INNOCENT;NOBLE_MAN;rh#ilian;rh#ilian;ISRA_BG2;Ilian;;
RH#IS25;HUMANOID;HUMAN;PALADIN;FIGHTER_FEMALE_HUMAN;rh#Isra2;rh#is25;ISRA_BG2;Isra;;
RH#ISME;HUMANOID;HUMAN;INNOCENT;PEASANT_MAN;rh#isme;rh#isme;ISRA_BG2;Messenger;;
RH#ISR;HUMANOID;HUMAN;PALADIN;FIGHTER_FEMALE_HUMAN;rh#Isra2;rh#isr;ISRA_BG2;Isra;;
RH#ISVMP;UNDEAD;VAMPIRE;VAMPIRE;FIGHTER_FEMALE_HUMAN;rh#isvmp;rh#isvmp;ISRA_BG2;Isra;;
RH#LAMIA;HUMANOID;HUMAN;INNOCENT;NOBLE_WOMAN;rh#lamia;rh#lamia;ISRA_BG2;Lamia;;
RH#PHEDR;HUMANOID;HUMAN;MAGE;MAGE_FEMALE_HUMAN;rh#phedra;rh#phedr;ISRA_BG2;Phedra;;
RH#QUENT;HUMANOID;HUMAN;INNOCENT;NOBLE_MAN;rh#quent;rh#quent;ISRA_BG2;Quentin;;
RH#RANA;HUMANOID;HUMAN;INNOCENT;NOBLE_WOMAN;rh#rana;rh#rana;ISRA_BG2;Rana;;
RH#RANA2;HUMANOID;HUMAN;INNOCENT;NOBLE_WOMAN;rh#rana2;rh#rana2;ISRA_BG2;Rana;;
RH#RAT;ANIMAL;NO_RACE;FOOD_CREATURE;RAT;rh#rat;;ISRA_BG2;Rat;;
RH#TAREN;HUMANOID;HUMAN;FIGHTER_CLERIC;CLERIC_MALE_HUMAN;rh#taren;rh#taren;ISRA_BG2;Taren;;
RH#THUG1;HUMANOID;ELF;THIEF;THIEF_MALE_ELF;rh#thug1;rh#thug1;ISRA_BG2;Thug;;
RH#THUG2;HUMANOID;ELF;THIEF;THIEF_MALE_ELF;rh#thug2;rh#thug2;ISRA_BG2;Thug;;
C#SOCRE1;HUMANOID;ELF;CLERIC;DROW_FEMALE;C#socre1;C#socre1;C#SOLAUFEIN;Imrae;;
C#SODRC0;HUMANOID;ELF;CLERIC;DROW_FEMALE;c#sodrc0;c#sodrc0;C#SOLAUFEIN;Drow;;
C#SODRD1;HUMANOID;ELF;FIGHTER;DROW;c#sodrd1;c#sodrd1;C#SOLAUFEIN;Drow;;
C#SODRD2;HUMANOID;ELF;FIGHTER;DROW;c#sodrd2;c#sodrd2;C#SOLAUFEIN;Drow;;
C#SODRD3;HUMANOID;ELF;MAGE;MAGE_MALE_ELF;c#sodrd3;c#sodrd3;C#SOLAUFEIN;Drow;;
C#SODRD4;HUMANOID;ELF;CLERIC;DROW_FEMALE;c#sodrd4;c#sodrd4;C#SOLAUFEIN;Drow;;
C#SODRD5;HUMANOID;ELF;FIGHTER;DROW;c#sodrd5;c#sodrd5;C#SOLAUFEIN;Drow;;
C#SODRF0;HUMANOID;ELF;FIGHTER;DROW;c#sodrf0;c#sodrf0;C#SOLAUFEIN;Drow;;
C#SODRF1;HUMANOID;ELF;FIGHTER;DROW;c#sodrf1;c#sodrf1;C#SOLAUFEIN;Drow;;
C#SODRM0;HUMANOID;ELF;MAGE;MAGE_MALE_ELF;c#sodrm0;c#sodrm0;C#SOLAUFEIN;Drow;;
C#SODRM1;HUMANOID;ELF;MAGE;MAGE_MALE_ELF;c#sodrm1;c#sodrm1;C#SOLAUFEIN;Drow;;
C#SOLA12;HUMANOID;ELF;FIGHTER;FIGHTER_MALE_ELF;C#SOLAUFEIN;C#SOLAU;C#SOLAUFEIN;Solaufein;;
C#SOLAU1;HUMANOID;ELF;FIGHTER;DROW;c#solau1;C#SOLAU1;C#SOLAUFEIN;Solaufein;;
C#SOLTOB;HUMANOID;ELF;FIGHTER;FIGHTER_MALE_ELF;C#SOLAUFEIN;C#SOLA25;C#SOLAUFEIN;Solaufein;;
C#SOMOB1;HUMANOID;LEATHER;INNOCENT;PEASANT_MAN;c#somob1;c#somob1;C#SOLAUFEIN;Commoner;;
C#SOMOB2;HUMANOID;HUMAN;INNOCENT;PEASANT_WOMAN;c#somob2;c#somob2;C#SOLAUFEIN;Melissa;;
C#SOMOB3;HUMANOID;HUMAN;INNOCENT;NOBLE_WOMAN;c#somob3;c#somob3;C#SOLAUFEIN;Alexia;;
C#SOMOB4;HUMANOID;HUMAN;INNOCENT;FAT_WOMAN;c#somob4;c#somob4;C#SOLAUFEIN;Lydia;;
C#SOMOB5;HUMANOID;HUMAN;INNOCENT;NOBLE_MAN;c#somob5;c#somob5;C#SOLAUFEIN;Alexia's father;;
C#SOSPD1;MONSTER;SPIDER;SPIDER_GIANT;SPIDER_GIANT;c#sospd1;c#sospd1;C#SOLAUFEIN;Giant Spider;GiantSpider;false
C#SOSPDD;MONSTER;SPIDER;SPIDER_GIANT;SPIDER_GIANT;;;C#SOLAUFEIN;Giant Spider;GiantSpider;false
PGNALALY;HUMANOID;HUMAN;INNOCENT;MONK;PGNALALY;PGNALALY;DEARNISE;Alynder;;
PGNALBEG;HUMANOID;HUMAN;CLERIC;BEGGAR_MAN;PGNALBEG;PGNALBEG;DEARNISE;Beggar;;
PGNALBUR;HUMANOID;HUMAN;INNOCENT;SLEEPING_MAN_HUMAN;PGNALBUR;PGNALBUR;DEARNISE;Burwood;;
PGNALGEL;HUMANOID;HUMAN;MAGE;MAGE_MALE_HUMAN;PGNALGEL;PGNALGEL;DEARNISE;Gellester;;
PGNALGHA;HUMANOID;HUMAN;MAGE;MAGE_FEMALE_HUMAN;PGNALGHA;PGNALGHA;DEARNISE;Ghazamonar;;
PGNALISA;HUMANOID;HUMAN;FIGHTER;FIGHTER_MALE_HUMAN;PGNALISA;PGNALISA;DEARNISE;Isaea;;
PGNALLEM;HUMANOID;HUMAN;FIGHTER;FIGHTER_MALE_HUMAN;PGNALLEM;PGNALLEM;DEARNISE;Lemmish;;
PGNALPOC;HUMANOID;HUMAN;FIGHTER;FIGHTER_MALE_HUMAN;PGNALPOC;PGNALPOC;DEARNISE;Pockney;;
PGNALTEO;HUMANOID;HUMAN;INNOCENT;PEASANT_WOMAN;PGNALTEO;PGNALTEO;DEARNISE;Teodora;;
PGNALTER;HUMANOID;HUMAN;FIGHTER;FIGHTER_MALE_HUMAN;PGNALTER;PGNALTER;DEARNISE;Tereen;;
PGNALVAM;UNDEAD;VAMPIRE;MAGE;MAGE_FEMALE_HUMAN;PGNalVam;PGVAMNAL;STRATAGEMS;Nalia;;
PGNALWIV;HUMANOID;HUMAN;INNOCENT;PEASANT_MAN;PGNALWIV;PGNALWIV;DEARNISE;Wivara;;
X3NLOVE;HUMANOID;HUMAN;FIGHTER;FIGHTER_MALE_HUMAN_LOW;X3NLove;X3NLove;NALIA_AT_LAST;Lord De'Arnise;;
B2#AML25;MONSTER;WYVERN;CLERIC_MAGE;WYVERN_FAMILIAR;B2#AML25;B2#AML25;WINGS;Ammale;BabyWyvern;false
B2#AMML;MONSTER;WYVERN;CLERIC_MAGE;WYVERN_FAMILIAR;B2#AMML;B2#AMML;WINGS;Ammale;BabyWyvern;false
B2#ARTIS;HUMANOID;HUMAN;INNOCENT;NOBLE_MAN;B2#Artis;B2#ARTIS;WINGS;Artist;;
B2#BLKN;HUMANOID;HUMAN;FIGHTER;FIGHTER_MALE_HUMAN;B2#BLKN;B2#BLKN;WINGS;Black Knight;;
B2#COMM1;HUMANOID;HUMAN;INNOCENT;PEASANT_MAN;B2#COMM1;B2#COMM1;WINGS;Commoner;;
B2#COMM2;HUMANOID;HUMAN;INNOCENT;FAT_MAN;B2#COMM2;B2#COMM2;WINGS;Commoner;;
B2#COMW1;HUMANOID;HUMAN;INNOCENT;PEASANT_WOMAN;B2#COMW1;B2#COMW1;WINGS;Commoner;;
B2#GRKN;HUMANOID;HUMAN;FIGHTER;FIGHTER_MALE_HUMAN;B2#GRKN;B2#GRKN;WINGS;Green Knight;;
B2#JOE;HUMANOID;HUMAN;INNOCENT;PEASANT_MAN;B2#JOE;B2#JOE;WINGS;Joe;;
B2#KATH;HUMANOID;HUMAN;INNOCENT;PEASANT_WOMAN;B2#KATH;B2#KATH;WINGS;Kathy;;
B2#LILI;HUMANOID;HUMAN;INNOCENT;GIRL;B2#Lili;B2#LILI;WINGS;Lilian;;
B2#PHIL;HUMANOID;HUMAN;INNOCENT;BOY;B2#Phil;B2#PHIL;WINGS;Philip;;
B2#PHNX;MONSTER;WYVERN;CLERIC_MAGE;WYVERN_FAMILIAR;B2#PHNX;;WINGS;Phoenix;BabyWyvern;false
B2#PIKN;HUMANOID;HUMAN;FIGHTER;FIGHTER_MALE_HUMAN;B2#PIKN;B2#PIKN;WINGS;Pink Kinght;;
B2#RAPT;HUMANOID;ELF;BARD;MAGE_MALE_ELF;B2#RAPT;B2#RAPT;WINGS;Raptair;;
B2#TIRA;HUMANOID;HUMAN;THIEF;THIEF_FEMALE_HUMAN;B2#TIRA;B2#TIRA;WINGS;Tira;;
B2#WHKN;HUMANOID;HUMAN;FIGHTER;FIGHTER_MALE_HUMAN;B2#WHKN;B2#WHKN;WINGS;White Knight;;
X3WCE;HUMANOID;HUMAN;CLERIC;CLERIC_FEMALE_HUMAN;recler02;recler02;WINGS;Slaver;;
X3WCL;HUMANOID;HUMAN;CLERIC;CLERIC_FEMALE_HUMAN;X3WCL;X3WCL;WINGS;Slaver Lieutenant;;
X3WFME;HUMANOID;HUMAN;FIGHTER;FIGHTER_MALE_HUMAN;reband03;REBAND03;WINGS;Slaver;;
X3WFML;HUMANOID;HUMAN;FIGHTER;FIGHTER_MALE_HUMAN;X3WFML;X3WFML;WINGS;Slaver Lieutenant;;
X3WFMM;HUMANOID;HUMAN;FIGHTER;FIGHTER_MALE_HUMAN;X3WFMM;X3WFMM;WINGS;Slaver;;
X3WFRE;HUMANOID;HUMAN;FIGHTER;FIGHTER_MALE_HUMAN;reband03;REBAND03;WINGS;Slaver;;
X3WFRL;HUMANOID;HUMAN;FIGHTER;FIGHTER_MALE_HUMAN;reband03;REBAND03;WINGS;Slaver Lieutenant;;
X3WFRM;HUMANOID;HUMAN;FIGHTER;FIGHTER_MALE_HUMAN;X3WFRM;X3WFRM;WINGS;Slaver;;
X3WG;HUMANOID;HUMAN;AMNISH_SOLDIER;AMNIAN_SOLDIER;X3WG;X3WG;WINGS;Amnian Soldier;;
X3WGD;HUMANOID;HUMAN;AMNISH_SOLDIER;AMNIAN_SOLDIER;X3WGD;amng2;WINGS;Amnian Soldier;;
X3WLAR25;HUMANOID;ELF;RANGER;FIGHTER_FEMALE_ELF;X3WLar25;X3WLar25;WINGS;Laravyl;;
X3WLARA;HUMANOID;ELF;RANGER;FIGHTER_FEMALE_ELF;X3WLara;X3WLara;WINGS;Laravyl;;
X3WME;HUMANOID;GNOME;MAGE;MAGE_MALE_DWARF;X3HRM;;WINGS;Slaver;;
X3WMER;HUMANOID;HUMAN;NO_CLASS;FAT_MAN;X3WMER;X3WMER;WINGS;Merchant Arben;;
X3WML;HUMANOID;HUMAN;MAGE;MAGE_MALE_HUMAN;X3WML;X3WML;WINGS;Slaver Lieutenant;;
X3WPA;HUMANOID;HUMAN;FIGHTER;FIGHTER_MALE_HUMAN;X3WPA;X3WPA;WINGS;Olly's Bodyguard;;
X3WPF;HUMANOID;HUMAN;FIGHTER;FIGHTER_MALE_HUMAN;X3WPF;X3WPF;WINGS;Olly's Bodyguard;;
X3WPM;HUMANOID;GNOME;MAGE;MAGE_MALE_GNOME;X3WPM;X3WPM;WINGS;Argin Olly;;
X3WPR;HUMANOID;HUMAN;THIEF;THIEF_MALE_HUMAN;X3WPR;X3WPR;WINGS;Olly's Bodyguard;;
X3WPRAX;HUMANOID;HUMAN;FIGHTER;FIGHTER_MALE_HUMAN;X3WPrax;X3WPrax;WINGS;Lord Praxis;;
X3WRAP25;HUMANOID;ELF;BARD;MAGE_MALE_ELF;X3WRap25;X3WRap25;WINGS;Raptair;;
X3WRE;HUMANOID;HUMAN;THIEF;THIEF_MALE_HUMAN;reband02;REBAND02;WINGS;Slaver;;
X3WRL;HUMANOID;HUMAN;THIEF;THIEF_MALE_HUMAN;X3WRL;X3WRL;WINGS;Slaver Lieutenant;;
X3WRM;HUMANOID;HUMAN;THIEF;THIEF_MALE_HUMAN;X3WRM;X3WRM;WINGS;Slaver;;
X3WSPY;HUMANOID;HUMAN;NO_CLASS;RAT;X3WSpy;X3WSpy;WINGS;Rat;;
X3WTRENT;HUMANOID;HUMAN;THIEF;THIEF_MALE_HUMAN;X3WTrent;X3WTrent;WINGS;Trent;;
I#VHAND;HUMANOID;ELF;CLERIC;DROW_FEMALE;i#vhand;i#vhand;VICONIA;Handmaiden of Lolth;;
I#VYOCH;GIANTHUMANOID;DEMONIC;NO_CLASS;TANARRI;i#vyoch;i#vyoch;VICONIA;Yochlol;;
RRSPMASK;HUMANOID;HUMAN;CLERIC_THIEF;THIEF_FEMALE_HUMAN;;RRSPMASK;HIDDENADVENTURE;Priest of Mask;;
WAALW;HUMANOID;HUMAN;THIEF;CLERIC_MALE_HUMAN;WAALW;WAALW;HIDDENADVENTURE;Alwesk;;
WAGUARD1;HUMANOID;HUMAN;FIGHTER;FIGHTER_MALE_HUMAN;waguard;waguard;HIDDENADVENTURE;Guard;;
WAGUARD2;HUMANOID;HUMAN;FIGHTER;FIGHTER_MALE_HUMAN;waguard;waguard;HIDDENADVENTURE;Guard;;
WAGUARD3;HUMANOID;HUMAN;FIGHTER;FIGHTER_FEMALE_HUMAN;waguard;waguard;HIDDENADVENTURE;Guard;;
WAGUARD4;HUMANOID;HUMAN;FIGHTER;CLERIC_MALE_HUMAN;waguard;waguard;HIDDENADVENTURE;Guard;;
WAJAIK;HUMANOID;HUMAN;FLAMING_FIST;FIGHTER_MALE_HUMAN;WAJAIK;WAJAIK;HIDDENADVENTURE;Lieutenant Jaiken;;
WAMNG1;HUMANOID;HUMAN;INNOCENT;AMNIAN_SOLDIER;WAMNG1;amng1;HIDDENADVENTURE;Amnian Soldier;;
WAMNG2;HUMANOID;HUMAN;INNOCENT;AMNIAN_SOLDIER;WAMNG2;amng1;HIDDENADVENTURE;Amnian Soldier;;
WAMNG3;HUMANOID;HUMAN;INNOCENT;AMNIAN_SOLDIER;WAMNG3;amng1;HIDDENADVENTURE;Amnian Soldier;;
WAMNG4;HUMANOID;HUMAN;INNOCENT;AMNIAN_SOLDIER;WAMNG4;amng1;HIDDENADVENTURE;Amnian Soldier;;
WAMNG5;HUMANOID;HUMAN;INNOCENT;AMNIAN_SOLDIER;WAMNG5;amng1;HIDDENADVENTURE;Amnian Soldier;;
WAMNG6;HUMANOID;HUMAN;INNOCENT;AMNIAN_SOLDIER;WAMNG6;amng1;HIDDENADVENTURE;Amnian Soldier;;
WAOLLIK;HUMANOID;DWARF;FIGHTER;FIGHTER_MALE_DWARF;WAOLLIK;WAOLLIK;HIDDENADVENTURE;Ollik;;
WASGUAR1;HUMANOID;HUMAN;FIGHTER;FIGHTER_MALE_HUMAN;wasguar1;;HIDDENADVENTURE;Hired thug;;
WASGUAR2;HUMANOID;HUMAN;FIGHTER;FIGHTER_MALE_HUMAN;wasguar2;;HIDDENADVENTURE;Hired thug;;
WASGUAR3;HUMANOID;HUMAN;FIGHTER;FIGHTER_MALE_HUMAN;wasguar3;;HIDDENADVENTURE;Hired thug;;
WASGUAR4;HUMANOID;HUMAN;FIGHTER;FIGHTER_MALE_HUMAN;wasguar4;;HIDDENADVENTURE;Hired thug;;
WASGUAR5;HUMANOID;HUMAN;FIGHTER;FIGHTER_MALE_HUMAN;wasguar5;;HIDDENADVENTURE;Hired thug;;
WASGUAR6;HUMANOID;HUMAN;FIGHTER;FIGHTER_MALE_HUMAN;wasguar6;;HIDDENADVENTURE;Hired thug;;
WASTAN;HUMANOID;ELF;FIGHTER_THIEF;FIGHTER_MALE_ELF;WASTAN;WASTAN;HIDDENADVENTURE;Stanial;;
WAWELTH;HUMANOID;HUMAN;INNOCENT;NOBLE_MAN;WAWELTH;WAWELTH;HIDDENADVENTURE;Welther;;
WAWISP;HUMANOID;HUMAN;FIGHTER;SHADOW;WAWISP;WAWISP;HIDDENADVENTURE;Whispering voice;;
ANAERIE;HUMANOID;ELF;CLERIC_MAGE;MAGE_FEMALE_ELF;anaerie;anaerie;HERTHIMONEY;Aerie;;
ANAGNESS;HUMANOID;ELF;MAGE;MAGE_FEMALE_HUMAN;ANagness;ANagness;HERTHIMONEY;Agnes;;
ANALTAR1;HUMANOID;HUMAN;MAGE;MAGE_MALE_HUMAN;ANaltar;ANALTAR;HERTHIMONEY;Altar;;
ANALTAR2;HUMANOID;HUMAN;MAGE_THIEF;THIEF_MALE_HUMAN;ANaltar2;;HERTHIMONEY;Mercenary;;
ANALTAR3;HUMANOID;HUMAN;MAGE_THIEF;THIEF_MALE_HUMAN;ANaltar3;;HERTHIMONEY;Mercenary;;
ANALTAR4;HUMANOID;HUMAN;MAGE_THIEF;THIEF_MALE_HUMAN;ANaltar4;;HERTHIMONEY;Mercenary;;
ANALTAR5;HUMANOID;HUMAN;MAGE_THIEF;THIEF_MALE_HUMAN;ANaltar5;;HERTHIMONEY;Mercenary;;
ANARCH1;HUMANOID;ELF;FIGHTER;FIGHTER_MALE_ELF;ANarch1;;HERTHIMONEY;Tethyrian Mercenary;;
ANAZORA1;HUMANOID;HUMAN;INNOCENT;NOBLE_WOMAN;ANazora;ANAZORA;HERTHIMONEY;Azora ;;
ANAZORA2;HUMANOID;HUMAN;INNOCENT;NOBLE_WOMAN;ANazora;ANAZORA;HERTHIMONEY;Azora ;;
ANBAND1;HUMANOID;HUMAN;FIGHTER;FIGHTER_MALE_HUMAN;ANband1;ANband1;HERTHIMONEY;Ruffian;;
ANBAND2;HUMANOID;HUMAN;FIGHTER;SLEEPING_MAN_HUMAN;ANband2;ANBAND2;HERTHIMONEY;Ruffian;;
ANBANKG;HUMANOID;HUMAN;FIGHTER;AMNIAN_SOLDIER;ANbankg;ANBANKG;HERTHIMONEY;Bank Guardian;;
ANBANKG1;HUMANOID;HUMAN;FIGHTER;AMNIAN_SOLDIER;ANbankg1;ANBANKG;HERTHIMONEY;Bank Guardian;;
ANBANKG2;HUMANOID;HUMAN;FIGHTER;AMNIAN_SOLDIER;ANbankg2;ANBANKG2;HERTHIMONEY;Bank Guardian;;
ANBANKG3;HUMANOID;HUMAN;FIGHTER;AMNIAN_SOLDIER;ANbankg3;ANBANKG2;HERTHIMONEY;Bank Guardian;;
ANBANKG4;HUMANOID;HUMAN;MAGE;MAGE_MALE_HUMAN;ANbankg4;ANBANKG2;HERTHIMONEY;Bank Guardian;;
ANBARD1;HUMANOID;HUMAN;INNOCENT;NOBLE_MAN;ANbard1;ANBARD;HERTHIMONEY;Storyteller;;
ANBASIL;MONSTER;BASILISK;BASILISK_GREATER;BASILISK_GREATER;ANbasil;;HERTHIMONEY;Giant Basilisk ;GreaterBasilisk;false
ANBCAT;ANIMAL;CAT;NO_CLASS;CAT;ANbcat;None;HERTHIMONEY;Bank Cat;;
ANBEGGAR;HUMANOID;HUMAN;INNOCENT;BEGGAR_MAN;ANandy;ANANDY;HERTHIMONEY;Vagabond;;
ANBESHA1;HUMANOID;HUMAN;FIGHTER;FIGHTER_MALE_HUMAN;ANbesha1;ANBESHA1;HERTHIMONEY;Strange Man;;
ANBOY1;HUMANOID;HUMAN;INNOCENT;BOY;uhinn02;ANBOY1;HERTHIMONEY;Boy;;
ANBUTCH;HUMANOID;HUMAN;FIGHTER;FIGHTER_MALE_HUMAN;ANButch;ANBUTCH;HERTHIMONEY;Batch;;
ANCAYTIG;HUMANOID;HALFORC;ORC;THIEF_FEMALE_HALFORC;ANcaytig;ANCAYTIG;HERTHIMONEY;Caityga;;
ANCLERK1;HUMANOID;HUMAN;INNOCENT;PEASANT_MAN;ANClerk1;ANCLERK1;HERTHIMONEY;Clerk;;
ANCLERK2;HUMANOID;HUMAN;INNOCENT;PEASANT_MAN;ANClerk2;ANCLERK2;HERTHIMONEY;Senior Clerk;;
ANCOLL1;HUMANOID;HUMAN;FIGHTER;FIGHTER_MALE_HUMAN;ANcoll1;ANCOLL1;HERTHIMONEY;Collector;;
ANCOLL2;HUMANOID;HUMAN;MAGE;MAGE_MALE_HUMAN;ANcoll2;;HERTHIMONEY;Blik;;
ANCOLL3;HUMANOID;HUMAN;MAGE_THIEF;THIEF_MALE_HUMAN;ANcoll3;;HERTHIMONEY;Collector Soldier;;
ANCOLL4;HUMANOID;HUMAN;FIGHTER;FIGHTER_MALE_HUMAN;ANcoll4;None;HERTHIMONEY;Collector Fighter;;
ANDIRT;HUMANOID;HUMAN;INNOCENT;NOBLE_MAN;ANdirt;ANDIRT;HERTHIMONEY;Branch Director;;
ANDRAGON;MONSTER;DRAGON;RED_DRAGON;DRAGON_WHITE_YOUNG;ANdragon;ANDRAGON;HERTHIMONEY;Odrik;;
ANDRUID1;HUMANOID;HUMAN;DRUID;CLERIC_MALE_HUMAN;ANdruid1;;HERTHIMONEY;Leader;;
ANDRUID2;HUMANOID;HUMAN;DRUID;CLERIC_MALE_HUMAN;ANdruid2;;HERTHIMONEY;Shadow Druid;;
ANESRA;HUMANOID;HALFLING;THIEF;THIEF_FEMALE_HALFLING;ANesra;ANESRA;HERTHIMONEY;Esra;;
ANFATESP;HUMANOID;HUMAN;INNOCENT;DOOM_GUARD;ANfatesp;FATESP;HERTHIMONEY;Fate Spirit;;
ANGIE1;HUMANOID;HUMAN;INNOCENT;THIEF_MALE_HUMAN;ANgie1;ANgie1;HERTHIMONEY;Gail;;
ANGIRL1;HUMANOID;HUMAN;INNOCENT;GIRL;ANmod;ANMOD;HERTHIMONEY;Mod;;
ANGORI;UNDEAD;HUMAN;INNOCENT;MAGE_MALE_HUMAN;ANgori;ANgori;HERTHIMONEY;Gorion;;
ANHALF1;HUMANOID;HALFLING;INNOCENT;CLERIC_FEMALE_HALFLING;ANhalf1;ANHALF1;HERTHIMONEY;Client;;
ANHURP;HUMANOID;HUMAN;INNOCENT;PEASANT_MAN;ANHurp;ANHURP;HERTHIMONEY;Hurp;;
ANJALUT;HUMANOID;HALFORC;FIGHTER;FIGHTER_MALE_HALFORC;ANjalut;ANJALUT;HERTHIMONEY;Jalut;;
ANJOCK;HUMANOID;HUMAN;FIGHTER;FIGHTER_MALE_HUMAN;ANJock;ANJOCK;HERTHIMONEY;Jock Big Cobblestone;;
ANJOVI1;HUMANOID;HUMAN;MAGE_THIEF;THIEF_MALE_HUMAN;ANjovi;ANJOVI;HERTHIMONEY;Jovi Gerk ;;
ANKILLER;HUMANOID;HUMAN;MAGE_THIEF;THIEF_MALE_HUMAN;ANkiller;;HERTHIMONEY;Assassin;;
ANLANIA;HUMANOID;LEATHER;INNOCENT;PEASANT_WOMAN;ANlania;ANlania;HERTHIMONEY;Lania;;
ANLEENA1;HUMANOID;HUMAN;MAGE;MAGE_FEMALE_HUMAN;ANleena;ANLEENA;HERTHIMONEY;Leena;;
ANLEENA2;HUMANOID;HUMAN;MAGE;SLEEPING_WOMAN_HUMAN;ANleena;ANLEENA;HERTHIMONEY;Leena;;
ANLION1;ANIMAL;CAT;HUNTER_CREATURE;GREATCAT_LEOPARD;None;;HERTHIMONEY;Mountain Lion;Leopard;false
ANLORENS;HUMANOID;ELF;MAGE;CLERIC_MALE_ELF;ANlorens;ANLORENS;HERTHIMONEY;Lawrence;;
ANLORIO;HUMANOID;HUMAN;INNOCENT;PEASANT_MAN;ANlorio;ANLORIO;HERTHIMONEY;Lorio;;
ANLORNA;HUMANOID;TIEFLING;THIEF;THIEF_FEMALE_ELF;ANLorna;ANLORNA;HERTHIMONEY;Lorna;;
ANMESS;HUMANOID;GNOME;FIGHTER;FIGHTER_MALE_DWARF_LOW;ANmess;ANmess;HERTHIMONEY;Messenger;;
ANMESS1;HUMANOID;GNOME;FIGHTER;FIGHTER_MALE_DWARF;ANmess1;ANMESS1;HERTHIMONEY;Bank Courier;;
ANMESS2;HUMANOID;GNOME;FIGHTER;FIGHTER_MALE_DWARF;ANmess2;ANMESS2;HERTHIMONEY;Thief;;
ANMIRAN;HUMANOID;HUMAN;INNOCENT;PEASANT_WOMAN;ANmiran;ANMIRAN;HERTHIMONEY;Miranda;;
ANMONSTR;MONSTER;NO_RACE;NO_CLASS;REMORHAZ;ANmonstr;;HERTHIMONEY;Monster;;
ANORC1;HUMANOID;HALFORC;ORC;FIGHTER_MALE_HALFORC;ANorc1;ANORC1;HERTHIMONEY;Galtarro;;
ANORC2;HUMANOID;HALFORC;ORC;FIGHTER_MALE_HALFORC;ANorc2;ANORC2;HERTHIMONEY;Three-Fingered;;
ANOWNI;HUMANOID;HUMAN;CLERIC;CLERIC_MALE_HUMAN;ANowni;ANOWNI;HERTHIMONEY;Owney;;
ANPALAD1;HUMANOID;HUMAN;PALADIN;CLERIC_MALE_HUMAN;ANpalad1;ANPALAD1;HERTHIMONEY;Paladin;;
ANPARIS;HUMANOID;HUMAN;INNOCENT;NOBLE_MAN;ANParis;ANPARIS;HERTHIMONEY;Paris;;
ANPORIN;HUMANOID;HUMAN;INNOCENT;FIGHTER_MALE_HALFLING;ANPorin;ANPORIN;HERTHIMONEY;Porin ;;
ANPROM;HUMANOID;HUMAN;INNOCENT;CLERIC_FEMALE_ELF;None;ANPROM;HERTHIMONEY;Advertising Manager;;
ANSAHUA1;HUMANOID;SAHUAGIN;SAHUAGIN;SAHUAGIN;ANsahua1;ANSAHUA1;HERTHIMONEY;Rarrrshituoah;;
ANSAHUA2;HUMANOID;SAHUAGIN;SAHUAGIN;SAHUAGIN;ANsahua2;ANSAHUA2;HERTHIMONEY;Furlusialeo;;
ANSAILOR;HUMANOID;HALFLING;INNOCENT;THIEF_MALE_HUMAN;ANsailor;ANSAILOR;HERTHIMONEY;Drunken Pirate;;
ANSARTOR;HUMANOID;HUMAN;INNOCENT;MONK;ANsartor;ANsartor;HERTHIMONEY;Sartorius;;
ANSCELET;UNDEAD;SKELETON;SKELETON_WARRIOR;SKELETON_WARRIOR;ANscelet;ANSCELET;HERTHIMONEY;Skeleton Guardian;SkeletonWarrior;false
ANSHAHBA;HUMANOID;HUMAN;FIGHTER;FIGHTER_MALE_HUMAN;ANshahba;ANSHAHBA;HERTHIMONEY;Shahbaz;;
ANSHAKAL;HUMANOID;HALFORC;ORC;FIGHTER_MALE_HALFORC;ANshakal;ANSHAKAL;HERTHIMONEY;Jackal;;
ANSHARLT;HUMANOID;HUMAN;INNOCENT;NOBLE_WOMAN;ANsharlt;ANSHARLT;HERTHIMONEY;Charlize;;
ANSHEILA;HUMANOID;LEATHER;INNOCENT;PEASANT_WOMAN;ANsheila;ANsheila;HERTHIMONEY;Sheila;;
ANSHTLEG;HUMANOID;HUMAN;INNOCENT;FIGHTER_MALE_HALFLING;ANSHTLEG;ANSHTLEG;HERTHIMONEY;Simon Shortleg;;
ANSIRENE;HUMANOID;FAIRY;FAIRY_DRYAD;SIRINE;ANsirene;ANsirene;HERTHIMONEY;Eirin;Dryad;false
ANSPYM1;HUMANOID;HUMAN;INNOCENT;NOBLE_MAN;ANspym1;ANSPYM1;HERTHIMONEY;Spy;;
ANSTAT01;WEAPON;SWORD;GNOLL;VULTURE;anstat01;anstat01;HERTHIMONEY;Magical Sword;;
ANSTAT02;WEAPON;SWORD;GNOLL;VULTURE;anstat02;anstat02;HERTHIMONEY;Magical Sword;;
ANSTAT03;WEAPON;SWORD;GNOLL;VULTURE;anstat03;anstat03;HERTHIMONEY;Magical Sword;;
ANSTAT04;WEAPON;SWORD;GNOLL;VULTURE;anstat04;anstat04;HERTHIMONEY;Magical Sword;;
ANSTAT05;WEAPON;SWORD;GNOLL;VULTURE;anstat05;anstat05;HERTHIMONEY;Magical Sword;;
ANSTAT06;WEAPON;SWORD;GNOLL;VULTURE;anstat06;anstat06;HERTHIMONEY;Magical Sword;;
ANTONY1;HUMANOID;HUMAN;INNOCENT;FIGHTER_MALE_HALFLING;ANtony;ANTONY;HERTHIMONEY;Tony;;
ANTROLL;GIANTHUMANOID;TROLL;TROLL;TROLL;ANtroll;ANTROLL;HERTHIMONEY;Kid;;
ANURGRL;HUMANOID;HUMAN;INNOCENT;GIRL;ANurgrl;ANURGRL;HERTHIMONEY;Girl;;
ANWOLF1;MONSTER;WOLF;WOLF_DREAD;WOLF_DREAD;ANwolf1;;HERTHIMONEY;Dire Wolf;DreadWolf;false
ANWOMAN1;HUMANOID;LEATHER;INNOCENT;PEASANT_WOMAN;ANwoman1;ANwoman1;HERTHIMONEY;Woman;;
ANWOMN1;HUMANOID;HUMAN;INNOCENT;NOBLE_WOMAN;uhfem02;ANwomn1;HERTHIMONEY;Listener;;
ANYANT;HUMANOID;HALF_ELF;THIEF;THIEF_FEMALE_ELF;ANyant;ANYANT;HERTHIMONEY;Yantina;;
DX#DALID;UNDEAD;VAMPIRE;MAGE;VAMPIRE_FEMALE;dx#dalid;dx#dalid;COWLEDMENACE;Dalina;;
DX#DEMI;UNDEAD;DEMILICH;MAGE;DEMILICH;dx#demi;dx#demid;COWLEDMENACE;Zallanora the Demilich;;
DX#LAERA;HUMANOID;HUMAN;MAGE;MAGE_FEMALE_HUMAN;dx#laera;dx#laerd;COWLEDMENACE;Laeral Silverhand;;
DX#LICH1;UNDEAD;LICH;MAGE;LICH;DX#LICH1;dx#lichd;COWLEDMENACE;Kartak Spellseer;;
DX#LICHJ;UNDEAD;LICH;MAGE;LICH;dx#lichj;;COWLEDMENACE;Jymahna;;
DX#LICHT;UNDEAD;LICH;MAGE;LICH;grvlch01;;COWLEDMENACE;Rune Lich;;
DX#MUMMY;UNDEAD;GHOUL;CLERIC;MUMMY;dx#mummy;;COWLEDMENACE;Servant of Kartak;GreaterMummy;false
DX#RUNEA;HUMANOID;HUMAN;FIGHTER_THIEF;THIEF_MALE_HUMAN;dx#runea;TANTHF01;COWLEDMENACE;Rune Assassin;;
DX#RUNEE;HUMANOID;HUMAN;FIGHTER_THIEF;THIEF_MALE_HUMAN;dx#runee;TANTHF01;COWLEDMENACE;Elite Rune Assassin;;
DX#RUNEW;HUMANOID;HUMAN;MAGE;MAGE_MALE_HUMAN_LOW;dx#runew;;COWLEDMENACE;Rune Mage;;
DX#RZALL;HUMANOID;HUMAN;0;SLEEPING_WOMAN_ELF;DX#RZALL;dx#rzall;COWLEDMENACE;Zallanora Argentresses;;
DX#SHOOL;UNDEAD;LICH;MAGE;LICH;DX#SHOOL;dx#shool;COWLEDMENACE;Shoon VII;;
DX#SHOON;UNDEAD;SPECTRE;MAGE;WAILING_VIRGIN;dx#shoon;dx#shd;COWLEDMENACE;Shoon VII;;
DX#TAW01;HUMANOID;HUMAN;MAGE;MAGE_MALE_HUMAN_LOW;tanwiz03;dx#taw01;COWLEDMENACE;Rune Mage;;
DX#ZALLA;HUMANOID;HUMAN;MAGE;MAGE_FEMALE_ELF_LOW;dx#zalla;dx#zalla;COWLEDMENACE;Zallanora;;
FWLILCOR;HUMANOID;HALFLING;FIGHTER;FIGHTER_FEMALE_HALFLING;FWLILCOR;FWLILCOR;BANTERPACK;Lilarcor;;
C2KIT;MONSTER;SPIDER;SPIDER_SWORD;SPIDER_SWORD;None;;ITEMUPGRADE;Improved Kitthix;SwordSpider;false
ELAIRPR3;MONSTER;ELEMENTAL;ELEMENTAL_EARTH;ELEMENTAL_AIR;None;;ITEMUPGRADE;Greater Air Elemental;;
SWORD69;WEAPON;SWORD;FIGHTER;DANCING_SWORD;None;;item_rev;Spectral Blade;;
BATSU;ANIMAL;NO_RACE;FOOD_CREATURE;BAT_INSIDE;None;;SPELL_REV;Bat;;
DVDEATHK;UNDEAD;DEMONIC;FIGHTER_MAGE;DEATH_KNIGHT;demnabsu;None;SPELL_REV;Death Knight;;
DVDJINNI;GIANTHUMANOID;GENIE;FIGHTER_MAGE;DJINNI;NONE;;SPELL_REV;Djinni;;
DVEFREET;GIANTHUMANOID;GENIE;FIGHTER_MAGE;DJINNI_LEGS;NONE;;SPELL_REV;Efreeti;;
DVNYMPH;HUMANOID;FAIRY;DRUID;SIRINE;nymphsu;None;SPELL_REV;Nymph;Nymph;false
DVSTALK;MONSTER;ELEMENTAL;RANGER;DOOM_GUARD;None;None;SPELL_REV;Invisible Stalker;;
DVWRAITH;UNDEAD;WRAITH;WRAITH;SHADOW;None;;SPELL_REV;Wraith;;
GNLCAPSU;HUMANOID;GNOLL;GNOLL;GNOLL;None;;SPELL_REV;Gnoll Elite;;
HOBARCSU;HUMANOID;HOBGOBLIN;FIGHTER;HOBGOBLIN;None;;SPELL_REV;Hobgoblin Archer;;
HOBSHASU;HUMANOID;HOBGOBLIN;CLERIC;HOBGOBLIN;None;;SPELL_REV;Hobgoblin Shaman;;
JELLGRSU;MONSTER;SLIME;GREEN_SLIME;SLIME_OLIVE;None;;SPELL_REV;Green Slime;GreenSlime;true
OTYUGHSU;MONSTER;OTYUGH;OTYUGH;OTYUGH;None;;SPELL_REV;Otyugh;;
SKELGRSU;UNDEAD;SKELETON;SKELETON;SKELETON_MONSTER;None;None;SPELL_REV;Greater Skeleton;Skeleton;true
SKELLESU;UNDEAD;SKELETON;SKELETON;SKELETON;None;;SPELL_REV;Skeleton;Skeleton;true
SNAKEGSU;ANIMAL;NO_RACE;GIANT;SNAKE;None;;SPELL_REV;Giant Snake;;
UMBHULSU;MONSTER;UMBERHULK;UMBERHULK;UMBER_HULK;None;;SPELL_REV;Umber Hulk;;
WYVBABSU;MONSTER;WYVERN;WYVERN;WYVERN_FAMILIAR;None;;SPELL_REV;Baby Wyvern;BabyWyvern;true
AD3SKLM;UNDEAD;SKELETON;SKELETON;SKELETON;AD2sklm;None;STRATAGEMS;Skeleton;Skeleton;true
DW#BASUM;MONSTER;DEMONIC;TANARI;TANARRI;dw#basum;;STRATAGEMS;Balor;;
DW#BFSUM;MONSTER;DEMONIC;IMP;SKELETON_FIEND;dw#bfsum;None;STRATAGEMS;Bone Fiend;;
DW#COSUM;MONSTER;DEMONIC;IMP;CORNUGON;dw#cosum;None;STRATAGEMS;Cornugon;;
DW#WATE2;MONSTER;ELEMENTAL;ELEMENTAL_WATER;WATER_WEIRD;NONE;;STRATAGEMS;Water Elemental;;
DW#WATE3;MONSTER;ELEMENTAL;ELEMENTAL_WATER;WATER_WEIRD;NONE;;STRATAGEMS;Greater Water Elemental;;
DWSST1;HUMANOID;HUMAN;MAGE;GIANT_HILL;None;None;STRATAGEMS;;;
DWSST2;HUMANOID;HUMAN;MAGE;OGRE_MAGE;None;None;STRATAGEMS;;;
DWSST3;HUMANOID;HUMAN;MAGE;WOLF_VAMPIRIC;None;None;STRATAGEMS;;;
DWSST4;HUMANOID;HUMAN;MAGE;RAT;None;None;STRATAGEMS;;;
DWSST5;HUMANOID;HUMAN;MAGE;MARILITH;None;None;STRATAGEMS;;;
DWSST6;HUMANOID;HUMAN;MAGE;BASILISK_GREATER;None;None;STRATAGEMS;;;
ES8WATR;MONSTER;ELEMENTAL;ELEMENTAL_WATER;WATER_WEIRD;NONE;;STRATAGEMS;Lesser Water Elemental;;
GISBOMB;ANIMAL;BEETLE;NO_CLASS;BEETLE_BOMBARDIER;BeetBomb;None;STRATAGEMS;Bombardier Beetle;;
GISBORB;ANIMAL;BEETLE;NO_CLASS;BEETLE_BOMBARDIER;BeetBomb;None;STRATAGEMS;Boring Beetle;;
MS7BGRD;UNDEAD;SKELETON;FIGHTER;SKELETON_FIEND;Ghast;None;STRATAGEMS;Boneguard;SkeletonWarrior;false
MS7UMBH;MONSTER;UMBERHULK;FIGHTER;UMBER_HULK;Ghast;None;STRATAGEMS;Umber Hulk;;
SS1GOB1;HUMANOID;GOBLIN;NO_CLASS;GOBLIN_AXE;Ghast;None;STRATAGEMS;Goblin;;
SS1GOB2;HUMANOID;GOBLIN;NO_CLASS;GOBLIN_AXE;Ghast;None;STRATAGEMS;Goblin;;
SS1GOB3;HUMANOID;GOBLIN;NO_CLASS;GOBLIN_AXE;Ghast;None;STRATAGEMS;Goblin;;
SS1LIZ3;HUMANOID;LIZARDMAN;NO_CLASS;LIZARD_MAN_ELITE;None;None;STRATAGEMS;Lizard Man;;
SS1LIZ4;HUMANOID;LIZARDMAN;NO_CLASS;LIZARD_MAN_ELITE;None;None;STRATAGEMS;Lizard Man;;
SS1TRL6;GIANTHUMANOID;TROLL;TROLL;TROLL_BLUE;SS1trl6;None;STRATAGEMS;Troll;;
SS1TRL7;GIANTHUMANOID;TROLL;TROLL;TROLL_BLUE;SS1trl6;None;STRATAGEMS;Troll;;
SS1TRL8;GIANTHUMANOID;TROLL;TROLL;TROLL_BLUE;SS1trl6;None;STRATAGEMS;Troll;;
SS2GOB1;HUMANOID;GOBLIN;NO_CLASS;GOBLIN_ELITE_AXE;Ghast;None;STRATAGEMS;Goblin Elite;;
SS2GOB2;HUMANOID;GOBLIN;NO_CLASS;GOBLIN_ELITE_AXE;Ghast;None;STRATAGEMS;Goblin Elite;;
SS2GOB3;HUMANOID;GOBLIN;NO_CLASS;GOBLIN_ELITE_AXE;Ghast;None;STRATAGEMS;Goblin Elite;;
SS2LIZ5;HUMANOID;LIZARDMAN;NO_CLASS;LIZARD_MAN_ELITE;None;None;STRATAGEMS;Tough Lizard Man;;
SS2LIZ6;HUMANOID;LIZARDMAN;NO_CLASS;LIZARD_MAN_ELITE;None;None;STRATAGEMS;Tough Lizard Man;;
SS2LIZ7;HUMANOID;LIZARDMAN;NO_CLASS;LIZARD_MAN_ELITE;None;None;STRATAGEMS;Tough Lizard Man;;
SS3TRL7;GIANTHUMANOID;TROLL;TROLL;TROLL_BLUE;SS1trl6;None;STRATAGEMS;Troll;;
SS3TRL8;GIANTHUMANOID;TROLL;TROLL;TROLL_BLUE;SS1trl6;None;STRATAGEMS;Troll;;
SS3UMB8;MONSTER;UMBERHULK;UMBERHULK;UMBER_HULK;Ghast;None;STRATAGEMS;Umber Hulk;;
SS3UMB9;MONSTER;UMBERHULK;UMBERHULK;UMBER_HULK;Ghast;None;STRATAGEMS;Umber Hulk;;
SSHAMB;MONSTER;SHAMBLING_MOUND;NO_CLASS;SHAMBLING_MOUND;SShamb;None;STRATAGEMS;Shambling Mound;;
MOBHA01;HUMANOID;HUMAN;FIGHTER;FIGHTER_MALE_HUMAN;mobha01;;CRUCIBLE;Kedron;;
MOBHA01D;HUMANOID;HUMAN;FIGHTER;FIGHTER_MALE_HUMAN;mobha01d;MOBHA01d;CRUCIBLE;Horkos;;
MOBHA02;HUMANOID;HUMAN;FIGHTER;FIGHTER_MALE_HUMAN;mobha02;MOBHA01;CRUCIBLE;Ferrante;;
MOBHA03;UNDEAD;SKELETON;THIEF;AC#MERRENOLOTH;mobha03;;CRUCIBLE;Entropic Reaper;;
MOBHA03K;UNDEAD;SKELETON;THIEF;AC#MERRENOLOTH;mobha03k;;CRUCIBLE;Entropic Reaper;;
MOBHA04;MONSTER;DEMONIC;TANARI;AC#BEBILITH;mobha04;;CRUCIBLE;Bebilith;;
MOBHA05;HUMANOID;ELF;FIGHTER;THIEF_MALE_ELF;mobha05;;CRUCIBLE;Scout;;
MOBHA05D;HUMANOID;ELF;FIGHTER;THIEF_MALE_ELF;mobha05;;CRUCIBLE;Scout;;
MOBHA06;HUMANOID;HUMAN;FIGHTER;FIGHTER_MALE_HUMAN;mobha06;;CRUCIBLE;Skirmisher;;
MOBHA06D;HUMANOID;HUMAN;FIGHTER;FIGHTER_MALE_HUMAN;mobha06;;CRUCIBLE;Skirmisher;;
MOBHA07;HUMANOID;HUMAN;THIEF;THIEF_FEMALE_HUMAN;mobha07;;CRUCIBLE;Shadowdancer;;
MOBHA08;HUMANOID;HUMAN;THIEF;THIEF_FEMALE_HUMAN;mobha08;;CRUCIBLE;Assassin;;
MOBHA09;MONSTER;DEMONIC;TANARI;MO_BALOR_NWN;mobha09;;CRUCIBLE;Balor;;
MOBHA10;MONSTER;DEMONIC;TANARI;MO_BALOR_NWN;mobha10;mobha10;CRUCIBLE;Drargumaz;;
MOBHA11;MONSTER;DEMONIC;TANARI;GLABREZU;mobha11;None;CRUCIBLE;Glabrezu;;
MOBHA12;MONSTER;DARKPLANATAR;CLERIC_MAGE;DEVA_MONADIC;mobha12;;jtweaks;Fallen Planetar;;
MOBHA13;MONSTER;DARKPLANATAR;CLERIC_MAGE;DEVA_MONADIC;mobha13;mobha13;jtweaks;Hasdiel;;
MOBHA14;MONSTER;ANTISOLAR;CLERIC_MAGE;DEVA_MONADIC;mobha14;;jtweaks;Fallen Deva;;
MOBHA15;HUMANOID;DEMONIC;FIGHTER_MAGE;DEATH_KNIGHT;mobha15;;CRUCIBLE;Demon Knight;;
MOBHA16;MONSTER;DEMONIC;IMP;FIGHTER_FEMALE_ELF;mobha16;None;CRUCIBLE;Lilitu;;
MOBHA17;HUMANOID;ELF;CLERIC_MAGE;CLERIC_FEMALE_ELF;mobha17;MOBHA17;CRUCIBLE;Mayithra;;
MOBHA18;HUMANOID;ELF;CLERIC_MAGE;CLERIC_FEMALE_ELF;MOBHA18;MOBHA18;CRUCIBLE;Mayithra;;
MOBHA19;MONSTER;NO_RACE;CLERIC;DOOM_GUARD_LARGER;mobha19;MOBHA19;CRUCIBLE;Statue;;
MOBHA20;MONSTER;DEMONIC;TANARI;MARILITH;mobha20;MOBHA20;CRUCIBLE;Sapphira;;
MOBHA21;MONSTER;DEMONIC;TANARI;MO_SUCCUBUS_NWN;mobha21;None;CRUCIBLE;Succubus;;
MOBHA22;MONSTER;DEMONIC;TANARI;MO_SUCCUBUS_NWN;MOBHA22;MOBHA22;CRUCIBLE;Kirinhale;;
MOBHA23;HUMANOID;DEMONIC;CLERIC;AC#TRUE_SHADOW;mobha23;MOBHA23;CRUCIBLE;Belchaad the Juggernaut;;
MOBHA24;HUMANOID;DEMONIC;FIGHTER_MAGE;DEATH_KNIGHT;mobha24;;CRUCIBLE;Galgomach;;
MOBHA25;MONSTER;DEMONIC;TANARI;MARILITH;mobha25;;CRUCIBLE;Zephaniah;;
MOBHA26;MONSTER;DEMONIC;IMP;FIGHTER_FEMALE_ELF;mobha26;None;CRUCIBLE;Melalas;;
MOBHA27;MONSTER;DEMONIC;TANARI;MO_BALOR_NWN;mobha27;;CRUCIBLE;Toz'gadath;;
MOBHA28;MONSTER;PLANATAR;NO_CLASS;AC#TRIAS;mobha28;MOBHA28;CRUCIBLE;Malchediel;;
MOBHA28A;MONSTER;PLANATAR;NO_CLASS;AC#TRIAS;MOBHA28a;MOBHA28a;CRUCIBLE;Malchediel;;
MOBHA30;MONSTER;NO_RACE;TANARI;BIRD;ppguy01;MOBHA30;CRUCIBLE;;;
MOBHA31;MONSTER;NO_RACE;TANARI;BIRD;ppguy01;MOBHA31;CRUCIBLE;;;
MOBHA32;MONSTER;NO_RACE;TANARI;BIRD;ppguy01;MOBHA32;CRUCIBLE;;;
MOBHA33;MONSTER;NO_RACE;TANARI;BIRD;ppguy01;MOBHA33;CRUCIBLE;;;
MOBHA34;HUMANOID;HUMAN;FIGHTER;FIGHTER_MALE_HUMAN;mobha34;;CRUCIBLE;Zealot;;
MOBHA34D;HUMANOID;HUMAN;FIGHTER;FIGHTER_MALE_HUMAN;mobha34;;CRUCIBLE;Zealot;;
MOBHA35;UNDEAD;LICH;CLERIC_MAGE;LICH;mobha35;None;CRUCIBLE;Zendrilar;;
MOBHA36;UNDEAD;LICH;MAGE;LICH;mobha36;None;CRUCIBLE;Tagreloth;;
MOBHA37;HUMANOID;HUMAN;FIGHTER_CLERIC;FIGHTER_MALE_HUMAN;mobha37;MOBHA37;CRUCIBLE;Culdus Aghurath;;
MOBHA38;HUMANOID;HUMAN;RANGER;FIGHTER_FEMALE_HUMAN;mobha38;None;CRUCIBLE;Adrielle;;
MOBHA39;ANIMAL;CAT;HUNTER_CREATURE;AC#DISPLACER_BEAST;mobha39;;CRUCIBLE;Macula;;
MOBHA40;HUMANOID;ELF;BARD;THIEF_MALE_ELF;mobha40;;CRUCIBLE;Seskel Lynx;;
MOBHA41;HUMANOID;HUMAN;PALADIN;FIGHTER_FEMALE_HUMAN;mobha41;;CRUCIBLE;Hebkya Nox;;
MOBHA42;UNDEAD;LICH;SORCERER;LICH;mobha42;None;CRUCIBLE;Azzeth;;
MOBHA43;UNDEAD;MIST;MIST;MIST_CREATURE;mobha43;None;CRUCIBLE;Phiuhl;;
MOBHA44;HUMANOID;HUMAN;FIGHTER_MAGE;FIGHTER_MALE_HUMAN;mobha44;MOBHA44;CRUCIBLE;Uthaedeol the Blood-drenched;;
MOBHA44A;HUMANOID;HUMAN;FIGHTER_MAGE;FIGHTER_MALE_HUMAN;MOBHA44a;MOBHA44a;CRUCIBLE;Uthaedeol the Blood-drenched;;
MOBHA45;MONSTER;DARKPLANATAR;CLERIC_MAGE;DEVA_MONADIC;mobha45;mobha45;jtweaks;Osmadiel;;
MOBHA46;UNDEAD;LICH;SORCERER;LICH;mobha46;mobha46;CRUCIBLE;Gaohan Ralahr;;
MOBHA47;HUMANOID;GIANT;FIGHTER;GIANT_FOMORIAN;mobha47;;CRUCIBLE;Mutant Fomorian Giant;;
MOBHA48;MONSTER;LYCANTHROPE;WEREWOLF;WEREWOLF_GREATER;mobha48;None;STRATAGEMS;Hellfire Werewolf;;
MOBHA49;MONSTER;UMBERHULK;UMBERHULK;UMBER_HULK_VODYANOI;mobha49;;CRUCIBLE;Twisted Abyssal Hulk;;
MOBHA50;HUMANOID;DEMONIC;CLERIC;OROG_SHAMAN;mobha50;;CRUCIBLE;Corrupted Orog Shaman;;
MOBHA51;HUMANOID;HUMAN;THIEF;THIEF_MALE_HUMAN;mobha51;MOBHA51;CRUCIBLE;Viekang;;
MOBHA52;WEAPON;SWORD;GNOLL;DANCING_SWORD;None;;CRUCIBLE;Magical Sword;;
MOBHA53;GIANTHUMANOID;DEMONIC;MAGE;AC#FELL_PST;mobha53;mobha53;CRUCIBLE;Jambi;;
MOBHA53A;GIANTHUMANOID;DEMONIC;MAGE;C0_AURA_AUTOMATON_UNARMED_HUGE;mobha53;MOBHA53;CRUCIBLE;Another challenge. Alright, alright... let's just get this over with.;;
MOBHA54;MONSTER;WOLF;WOLF_WORG;WORG;mobha54;;CRUCIBLE;Barghest;Worg;false
MOBHA55;HUMANOID;HUMAN;NO_CLASS;PEASANT_MAN;mobha55;mobha55;CRUCIBLE;Noober;;
MOBHA56;HUMANOID;HUMAN;NO_CLASS;MAGE_MALE_HUMAN;mobha56;mobha56;CRUCIBLE;Ao;;
MOBHA57;MONSTER;DRAGON;RED_DRAGON;MO_PYRO_DRAGON_NWN;mobha57;;CRUCIBLE;Pyroclastic Dragon;;
MOBHA58;GIANTHUMANOID;DEMONIC;TANARI;DEATH_KNIGHT;mobha58;mobha58;CRUCIBLE;Malik;;
MOBHA59;GIANTHUMANOID;GOLEM;GOLEM_CLAY;GOLEM_CLAY;mobha59;;CRUCIBLE;Clay Golem;ClayGolem;false
MOBHA60;HUMANOID;IMP;IMP;IMP;mobha60;mobha60;CRUCIBLE;Nekri;;
MOBHA61;UNDEAD;LICH;MAGE;LICH_BLACK;mobha61;;CRUCIBLE;Necromancer;;
MOBHA62;MONSTER;DEMONIC;TANARI;SKELETON_FIEND;mobha62;None;CRUCIBLE;Bone Fiend;;
CA#DASTR;HUMANOID;PLANATAR;FIGHTER;CLERIC_MALE_ELF;CA#DASTR;NONE;CELESTIALS;Astral Deva;;
CA#DMOND;HUMANOID;PLANATAR;FIGHTER;CLERIC_MALE_ELF;CA#DASTR;NONE;CELESTIALS;Monadic Deva;;
CA#DMOVA;HUMANOID;PLANATAR;FIGHTER_MAGE;CLERIC_MALE_ELF;ca#dastr;DEVAGOOD;CELESTIALS;Movanic Deva;;
CA#FDEVA;HUMANOID;DARKPLANATAR;FIGHTER;CLERIC_FEMALE_ELF;devaevil;NONE;CELESTIALS;Fallen Deva;;
CA#FPLAN;GIANTHUMANOID;DARKPLANATAR;FIGHTER_MAGE;MAGE_FEMALE_ELF;planevil;PLANGOOD;CELESTIALS;Fallen Planetar;;
CA#INV1;HUMANOID;HUMAN;CLERIC;SQUIRREL;;;CELESTIALS;<NO TEXT>;;
CA#INV2;HUMANOID;HUMAN;CLERIC;SQUIRREL;;;CELESTIALS;<NO TEXT>;;
CA#INV3;HUMANOID;HUMAN;CLERIC;SQUIRREL;;;CELESTIALS;<NO TEXT>;;
CA#INV4;HUMANOID;HUMAN;CLERIC;SQUIRREL;;;CELESTIALS;<NO TEXT>;;
CA#LWISH;GIANTHUMANOID;GENIE;GENIE_DAO;DJINNI;WISH01;CA#LWISH;CELESTIALS;Djinni;;
CA#PLAN;GIANTHUMANOID;PLANATAR;FIGHTER_CLERIC;MAGE_MALE_ELF;PLANGOOD;PLANGOOD;CELESTIALS;Planetar;;
NOATTACK;HUMANOID;HUMAN;CLERIC;EAGLE;;;CELESTIALS;And if we refuse?;;
A!RAOUL;HUMANOID;HUMAN;BARD;THIEF_MALE_HUMAN;A!RAOUL;a!raoul;SONG_AND_SILENCE;Raoul;;
RR#ALCH;ANIMAL;HUMAN;MAGE;RAT;RR#ALCH;RR#ALCH;rr;Alchemy;;
RR#ARAN2;HUMANOID;HUMAN;MAGE_THIEF;THIEF_MALE_HUMAN;ARAN;ARAN02;rr;Aran Linvail;;
RR#ARLEJ;ANIMAL;HUMAN;MAGE;RAT;RR#ARLEJ;RR#ARLEJ;rr;Arledrian's Journal;;
RR#BODK;HUMANOID;HALFLING;FIGHTER_THIEF;THIEF_MALE_HALFLING;RR#BODK;RR#BODK;rr;Bodak Hangthorn;;
RR#BOOTR;HUMANOID;GNOME;FIGHTER_THIEF;THIEF_MALE_GNOME;RR#BOOTR;BOOTER02;rr;Booter;;
RR#CAMN;HUMANOID;HUMAN;FIGHTER;AMNIAN_SOLDIER;RR#CAMN;;rr;Amnian Soldier;;
RR#CTEST;ANIMAL;HUMAN;MAGE;RAT;RR#CTEST;NONE;rr;<NO TEXT>;;
RR#DEDRL;HUMANOID;HUMAN;FIGHTER;FIGHTER_MALE_HUMAN;RR#DEDRL;RR#DEDRL;rr;Dedral;;
RR#GROK;HUMANOID;HALFORC;FIGHTER;FIGHTER_MALE_HALFORC;RR#GROK;RR#GROK;rr;Grok;;
RR#HAZ;HUMANOID;HUMAN;MAGE;MAGE_MALE_HUMAN;RR#HAZ;ARNWAR06;rr;Haz;;
RR#KERT;HUMANOID;HUMAN;CLERIC;CLERIC_MALE_HUMAN;RR#KERT;RR#KERT;rr;Kerith the Bleak;;
RR#OBSRV;HUMANOID;PLATE;LONG_SWORD;BIRD;RR#OBSRV;NONE;rr;<NO TEXT>;;
RR#SAW01;HUMANOID;ELF;FIGHTER_THIEF;THIEF_FEMALE_ELF;RR#SAW01;;rr;Shadow Thief Archer;;
RR#SAW02;HUMANOID;HUMAN;FIGHTER_THIEF;THIEF_MALE_HUMAN;RR#SAW02;;rr;Shadow Thief Thug;;
RR#SAW03;HUMANOID;HUMAN;FIGHTER_THIEF;THIEF_MALE_HUMAN;RR#SAW03;;rr;Shadow Thief Archer;;
RR#SAW04;HUMANOID;HUMAN;FIGHTER_THIEF;THIEF_MALE_HUMAN;RR#SAW04;;rr;Assassin{K=10,C=4};;
RR#SAW08;HUMANOID;HUMAN;THIEF;THIEF_MALE_HUMAN;RR#SAW08;ARNWAR08;rr;Tizzak;;
RR#SAW09;HUMANOID;HALF_ELF;CLERIC_MAGE;MAGE_FEMALE_ELF;RR#SAW09;;rr;Priestess of Mask;;
RR#SCRL;ANIMAL;CAT;CAT;CAT;RR#SCRL;;rr;Scribe Scrolls;Jaguar;false
RR#SELI;HUMANOID;HUMAN;SORCERER;MAGE_FEMALE_HUMAN;RR#SELI;RR#SELI;rr;Selina Shadowstorm;;
RR#SFL01;HUMANOID;HUMAN;FIGHTER_THIEF;THIEF_MALE_HUMAN;RR#SFL01;;rr;Shadow Thief;;
RR#SFL02;HUMANOID;HUMAN;FIGHTER_THIEF;THIEF_MALE_HUMAN;RR#SFL02;;rr;Kara-Tur Mercenary;;
RR#SFL03;HUMANOID;HUMAN;FIGHTER_THIEF;THIEF_MALE_HUMAN;RR#SFL03;;rr;Assassin;;
RR#SFL04;HUMANOID;HALF_ELF;MAGE;MAGE_FEMALE_ELF;RR#SFL04;;rr;Zhentarim Mercenary;;
RR#SHM01;GIANTHUMANOID;ELEMENTAL;ELEMENTAL_EARTH;ELEMENTAL_EARTH_SMALL;RR#SHM;;rr;Lesser Shambler;;
RR#SHM02;GIANTHUMANOID;ELEMENTAL;ELEMENTAL_EARTH;SHAMBLING_MOUND;RR#SHM;;rr;Shambling Mound;;
RR#SHM03;GIANTHUMANOID;ELEMENTAL;ELEMENTAL_EARTH;SHAMBLING_MOUND;RR#SHM;;rr;Greater Shambler;;
RR#STGOL;GIANTHUMANOID;GOLEM;GOLEM_CLAY;GOLEM_CLAY;RR#STGOL;;rr;Clay Golem;ClayGolem;false
RR#STI01;HUMANOID;HUMAN;FIGHTER_THIEF;THIEF_MALE_HUMAN;RR#STI01;;rr;Shadow Thief;;
RR#STI02;HUMANOID;HUMAN;FIGHTER_THIEF;FIGHTER_MALE_HUMAN;RR#STI02;;rr;Kara-Tur Mercenary;;
RR#STI03;HUMANOID;HUMAN;FIGHTER_THIEF;SHADOW_THIEF;RR#STI03;;rr;Shadow Thief;;
RR#VAM01;UNDEAD;VAMPIRE;VAMPIRE;VAMPIRE;RR#VAM01;NONE;rr;Vampire;;
RR#VEND;HUMANOID;HUMAN;THIEF;THIEF_MALE_HUMAN;RR#VEND;RR#VEND;rr;Venduris;;
RR#VEND2;HUMANOID;HUMAN;THIEF;THIEF_MALE_HUMAN;RR#VEND2;;rr;Venduris;;
RR#VWARD;ANIMAL;HUMAN;MAGE;RAT;RR#VWARD;RR#VWARD;rr;Venduris' Scroll;;
RR#WSPI;UNDEAD;HUMAN;FIGHTER;FIGHTER_MALE_HUMAN;RR#WSPI;;rr;Spirit Warrior;;
RR#ZAER;HUMANOID;HALF_ELF;FIGHTER_MAGE_THIEF;FIGHTER_MALE_ELF;RR#ZAER;RR#ZAER;rr;Zaeron T'ane;;
C0DESUM1;UNDEAD;SKELETON;SKELETON_WARRIOR;SKELETON;C0DESUM1;;STRATAGEMS;Skeleton Warrior;SkeletonWarrior;true
C0DESUM2;UNDEAD;SKELETON;SKELETON_WARRIOR;SKELETON;C0DESUM1;;STRATAGEMS;Skeleton Warrior;SkeletonWarrior;true
C0DESUM3;UNDEAD;SKELETON;SKELETON_WARRIOR;SKELETON_MONSTER;C0DESUM1;;STRATAGEMS;Skeleton Warrior;SkeletonWarrior;true
C0DESUM4;UNDEAD;SKELETON;SKELETON_WARRIOR;SKELETON_WARRIOR;C0DESUM1;;BARDICWONDERS;Skeleton Warrior;SkeletonWarrior;true
C0DESUM5;UNDEAD;SKELETON;SKELETON_WARRIOR;SKELETON_WARRIOR;C0DESUM1;;BARDICWONDERS;Skeleton Warrior;SkeletonWarrior;true
C0LEANNE;HUMANOID;ELF;BARD;THIEF_FEMALE_ELF;c0leanne;c0leanne;BARDICWONDERS;Leanne;;
QDFVSLS;HUMANOID;NO_RACE;NO_CLASS;MAGE_MALE_ELF;0;QDFVSLS;TOMEANDBLOOD;;;
D5KIFO;GIANTHUMANOID;GENIE;GENIE_DAO;DJINNI;Fish02;;MIGHT_AND_GUILE;;;
C0D2_S1;ANIMAL;BEAR;BEAR_POLAR;BEAR_POLAR;C0D2_SM;;ARTISANSKITPACK;Spirit Bear;PolarBear;false
C0D2_S2;ANIMAL;WOLF;WOLF_DIRE;WOLF_WINTER;C0D2_SM;;ARTISANSKITPACK;Spirit Wolf;DireWolf;false
C0D2_S3;ANIMAL;NO_RACE;NO_CLASS;GREATCAT_LEOPARD;C0D2_SM;;ARTISANSKITPACK;Spirit Lion;;
C0D2_S4;ANIMAL;NO_RACE;NO_CLASS;SNAKE;C0D2_SM;;ARTISANSKITPACK;Spirit Snake;;
C0MN#FI;ANIMAL;NO_RACE;NO_CLASS;NULL_ANIMATION;C0MN#FI;C0MN#FI;ARTISANSKITPACK;;;
C0PMVM1F;UNDEAD;VAMPIRE;VAMPIRE;VAMPIRE_FEMALE;C0PMVM;VVMALE1;ARTISANSKITPACK;Vampire Fledgling;;
C0PMVM1M;UNDEAD;VAMPIRE;VAMPIRE;VAMPIRE;C0PMVM;VVMALE1;ARTISANSKITPACK;Vampire Fledgling;;
C0PMVM2F;UNDEAD;VAMPIRE;VAMPIRE;VAMPIRE_FEMALE;C0PMVM;VVMALE1;ARTISANSKITPACK;Vampire;;
C0PMVM2M;UNDEAD;VAMPIRE;VAMPIRE;VAMPIRE;C0PMVM;VVMALE1;ARTISANSKITPACK;Vampire;;
C0PMVM3F;UNDEAD;VAMPIRE;VAMPIRE;VAMPIRE_FEMALE;C0PMVM;VVMALE1;ARTISANSKITPACK;Vampire Elder;;
C0PMVM3M;UNDEAD;VAMPIRE;VAMPIRE;VAMPIRE;C0PMVM;VVMALE1;ARTISANSKITPACK;Vampire Elder;;
C0PMVM4F;UNDEAD;VAMPIRE;VAMPIRE;VAMPIRE_FEMALE;C0PMVM;VVMALE1;ARTISANSKITPACK;Ancient Vampire;;
C0PMVM4M;UNDEAD;VAMPIRE;VAMPIRE;VAMPIRE;C0PMVM;VVMALE1;ARTISANSKITPACK;Ancient Vampire;;
C0PR#EF;HUMANOID;NO_RACE;NO_CLASS;BIRD;C0PR#EF;None;ARTISANSKITPACK;;;
C0SD-A1C;UNDEAD;SHADOW;THIEF;THIEF_MALE_HUMAN;C0SD-A1A;None;ARTISANSKITPACK;Shadow;;
C0WSPIR1;HUMANOID;NO_RACE;FIGHTER;FIGHTER_MALE_HUMAN;C0WSPIR1;;ARTISANSKITPACK;Spirit Warrior;;
C0WSPIR2;HUMANOID;NO_RACE;RANGER;FIGHTER_MALE_HUMAN;C0WSPIR2;;ARTISANSKITPACK;Spirit Archer;;
C0WSPIR3;HUMANOID;NO_RACE;FIGHTER;FIGHTER_MALE_HUMAN;C0WSPIR3;;ARTISANSKITPACK;Spirit Berserker;;
C0WSPIR4;HUMANOID;NO_RACE;FIGHTER;FIGHTER_MALE_HUMAN;C0WSPIR4;;ARTISANSKITPACK;Spirit Berserker;;
C0WSPIR5;HUMANOID;NO_RACE;FIGHTER_CLERIC;MAGE_MALE_HUMAN;C0WSPIR5;;ARTISANSKITPACK;Ancestral Spirit;;
C0WSPIR6;HUMANOID;NO_RACE;RANGER;FIGHTER_FEMALE_ELF;C0WSPIR6;;ARTISANSKITPACK;Valkyrie Archer;;
C0WSPIR7;HUMANOID;NO_RACE;FIGHTER_CLERIC;FIGHTER_FEMALE_ELF;C0WSPIR7;;ARTISANSKITPACK;Valkyrie Shieldmaiden;;
C0FS#06;ANIMAL;NO_RACE;NO_CLASS;NULL_ANIMATION;C0FS#06;C0FS#06;ARTISANSKITPACK;;;
A7!GLAD1;GIANTHUMANOID;GOLEM;GOLEM_IRON;A7!GOLEM_IRON_MINI;a7!glad1;a7!cmd;A7-GOLEMCONSTRUCTION;Lesser Adamantite Golem;IronGolem;false
A7!GLAD2;GIANTHUMANOID;GOLEM;GOLEM_IRON;GOLEM_IRON;a7!glad2;a7!cmd;A7-GOLEMCONSTRUCTION;Adamantite Golem;IronGolem;false
A7!GLAD3;GIANTHUMANOID;GOLEM;GOLEM_IRON;GOLEM_IRON;a7!glad3;a7!cmd;A7-GOLEMCONSTRUCTION;Greater Adamantite Golem;IronGolem;false
A7!GLAD4;GIANTHUMANOID;GOLEM;GOLEM_IRON;GOLEM_IRON;a7!glad4;a7!cmd;A7-GOLEMCONSTRUCTION;Perfect Adamantite Golem;IronGolem;false
A7!GLBO;GIANTHUMANOID;GOLEM;GOLEM_STONE;SKELETON_FIEND;a7!glbo;a7!cmd;A7-GOLEMCONSTRUCTION;Bone Golem;StoneGolem;false
A7!GLBR;GIANTHUMANOID;GOLEM;GOLEM_CLAY;A7!GOLEM_BRAIN;a7!glbr;a7!cmd;A7-GOLEMCONSTRUCTION;Brain Golem;ClayGolem;false
A7!GLCL1;GIANTHUMANOID;GOLEM;GOLEM_CLAY;GOLEM_MINI;a7!glcl1;a7!cmd2;A7-GOLEMCONSTRUCTION;Lesser Clay Golem;ClayGolem;false
A7!GLCL2;GIANTHUMANOID;GOLEM;GOLEM_CLAY;GOLEM_CLAY;a7!glcl2;a7!cmd;A7-GOLEMCONSTRUCTION;Clay Golem;ClayGolem;false
A7!GLCL3;GIANTHUMANOID;GOLEM;GOLEM_CLAY;GOLEM_CLAY;a7!glcl3;a7!cmd;A7-GOLEMCONSTRUCTION;Greater Clay Golem;ClayGolem;false
A7!GLCL4;GIANTHUMANOID;GOLEM;GOLEM_CLAY;GOLEM_CLAY;a7!glcl4;a7!cmd;A7-GOLEMCONSTRUCTION;Perfect Clay Golem;ClayGolem;false
A7!GLFL1;GIANTHUMANOID;GOLEM;GOLEM_FLESH;A7!GOLEM_FLESH_PST_MINI;a7!glfl1;a7!cmd2;A7-GOLEMCONSTRUCTION;Lesser Flesh Golem;FleshGolem;false
A7!GLFL2;GIANTHUMANOID;GOLEM;GOLEM_FLESH;A7!GOLEM_FLESH_PST;a7!glfl2;a7!cmd;A7-GOLEMCONSTRUCTION;Flesh Golem;FleshGolem;false
A7!GLFL3;GIANTHUMANOID;GOLEM;GOLEM_FLESH;A7!GOLEM_FLESH_PST;a7!glfl3;a7!cmd;A7-GOLEMCONSTRUCTION;Greater Flesh Golem;FleshGolem;false
A7!GLFL4;GIANTHUMANOID;GOLEM;GOLEM_FLESH;A7!GOLEM_FLESH_PST;a7!glfl4;a7!cmd;A7-GOLEMCONSTRUCTION;Perfect Flesh Golem;FleshGolem;false
A7!GLIC;GIANTHUMANOID;GOLEM;GOLEM_IRON;GOLEM_ICE;a7!glic;a7!cmd;A7-GOLEMCONSTRUCTION;Ice Golem;IronGolem;false
A7!GLIR1;GIANTHUMANOID;GOLEM;GOLEM_IRON;A7!GOLEM_IRON_IWD_MINI;a7!glir1;a7!cmd;A7-GOLEMCONSTRUCTION;Lesser Iron Golem;IronGolem;false
A7!GLIR2;GIANTHUMANOID;GOLEM;GOLEM_IRON;GOLEM_IRON_IWD;a7!glir2;a7!cmd;A7-GOLEMCONSTRUCTION;Iron Golem;IronGolem;false
A7!GLIR3;GIANTHUMANOID;GOLEM;GOLEM_IRON;GOLEM_IRON_IWD;a7!glir3;a7!cmd;A7-GOLEMCONSTRUCTION;Greater Iron Golem;IronGolem;false
A7!GLIR4;GIANTHUMANOID;GOLEM;GOLEM_IRON;GOLEM_IRON_IWD;a7!glir4;a7!cmd;A7-GOLEMCONSTRUCTION;Perfect Iron Golem;IronGolem;false
A7!GLLT;GIANTHUMANOID;GOLEM;GOLEM_CLAY;A7!GOLEM_LIGHTNING;a7!gllt;a7!cmd;A7-GOLEMCONSTRUCTION;Lightning Golem;ClayGolem;false
A7!GLMA;GIANTHUMANOID;GOLEM;GOLEM_CLAY;ELEMENTAL_FIRE_PURPLE;a7!glma;a7!cmd;A7-GOLEMCONSTRUCTION;Magic Golem;ClayGolem;false
A7!GLMG;GIANTHUMANOID;GOLEM;GOLEM_FLESH;A7!GOLEM_MAGGOT;a7!glmg;a7!cmd2;A7-GOLEMCONSTRUCTION;Maggot Golem;FleshGolem;false
A7!GLMI1;GIANTHUMANOID;GOLEM;GOLEM_IRON;A7!GOLEM_IRON_MINI;a7!glmi1;a7!cmd;A7-GOLEMCONSTRUCTION;Lesser Mithral Golem;IronGolem;false
A7!GLMI2;GIANTHUMANOID;GOLEM;GOLEM_IRON;GOLEM_IRON;a7!glmi2;a7!cmd;A7-GOLEMCONSTRUCTION;Mithral Golem;IronGolem;false
A7!GLMI3;GIANTHUMANOID;GOLEM;GOLEM_IRON;GOLEM_IRON;a7!glmi3;a7!cmd;A7-GOLEMCONSTRUCTION;Greater Mithral Golem;IronGolem;false
A7!GLMI4;GIANTHUMANOID;GOLEM;GOLEM_IRON;GOLEM_IRON;a7!glmi4;a7!cmd;A7-GOLEMCONSTRUCTION;Perfect Mithral Golem;IronGolem;false
A7!GLRU;GIANTHUMANOID;GOLEM;GOLEM_IRON;A7!GOLEM_RUBY;a7!glru;a7!cmd;A7-GOLEMCONSTRUCTION;Ruby Golem;IronGolem;false
A7!GLST1;GIANTHUMANOID;GOLEM;GOLEM_STONE;GOLEM_MINI;a7!glst1;a7!cmd2;A7-GOLEMCONSTRUCTION;Lesser Stone Golem;StoneGolem;false
A7!GLST2;GIANTHUMANOID;GOLEM;GOLEM_STONE;GOLEM_CLAY;a7!glst2;a7!cmd;A7-GOLEMCONSTRUCTION;Stone Golem;StoneGolem;false
A7!GLST3;GIANTHUMANOID;GOLEM;GOLEM_STONE;GOLEM_CLAY;a7!glst3;a7!cmd;A7-GOLEMCONSTRUCTION;Greater Stone Golem;StoneGolem;false
A7!GLST4;GIANTHUMANOID;GOLEM;GOLEM_STONE;GOLEM_CLAY;a7!glst4;a7!cmd;A7-GOLEMCONSTRUCTION;Perfect Stone Golem;StoneGolem;false
A7!GSAD1;GIANTHUMANOID;GOLEM;GOLEM_IRON;A7!GOLEM_IRON_MINI;a7!glad1;a7!cmd;A7-GOLEMCONSTRUCTION;Lesser Adamantite Golem;IronGolem;false
A7!GSAD2;GIANTHUMANOID;GOLEM;GOLEM_IRON;GOLEM_IRON;a7!glad2;a7!cmd;A7-GOLEMCONSTRUCTION;Adamantite Golem;IronGolem;false
A7!GSCL1;GIANTHUMANOID;GOLEM;GOLEM_CLAY;GOLEM_MINI;a7!glcl1;a7!cmd2;A7-GOLEMCONSTRUCTION;Lesser Clay Golem;ClayGolem;false
A7!GSCL2;GIANTHUMANOID;GOLEM;GOLEM_CLAY;GOLEM_CLAY;a7!glcl2;a7!cmd;A7-GOLEMCONSTRUCTION;Clay Golem;ClayGolem;false
A7!GSFL1;GIANTHUMANOID;GOLEM;GOLEM_FLESH;A7!GOLEM_FLESH_PST_MINI;a7!glfl1;a7!cmd2;A7-GOLEMCONSTRUCTION;Lesser Flesh Golem;FleshGolem;false
A7!GSFL2;GIANTHUMANOID;GOLEM;GOLEM_FLESH;A7!GOLEM_FLESH_PST;a7!glfl2;a7!cmd;A7-GOLEMCONSTRUCTION;Flesh Golem;FleshGolem;false
A7!GSIR1;GIANTHUMANOID;GOLEM;GOLEM_IRON;A7!GOLEM_IRON_IWD_MINI;a7!glir1;a7!cmd;A7-GOLEMCONSTRUCTION;Lesser Iron Golem;IronGolem;false
A7!GSIR2;GIANTHUMANOID;GOLEM;GOLEM_IRON;GOLEM_IRON_IWD;a7!glir2;a7!cmd;A7-GOLEMCONSTRUCTION;Iron Golem;IronGolem;false
A7!GSMI1;GIANTHUMANOID;GOLEM;GOLEM_IRON;A7!GOLEM_IRON_MINI;a7!glmi1;a7!cmd;A7-GOLEMCONSTRUCTION;Lesser Mithral Golem;IronGolem;false
A7!GSMI2;GIANTHUMANOID;GOLEM;GOLEM_IRON;GOLEM_IRON;a7!glmi2;a7!cmd;A7-GOLEMCONSTRUCTION;Mithral Golem;IronGolem;false
A7!GSST1;GIANTHUMANOID;GOLEM;GOLEM_STONE;GOLEM_MINI;a7!glst1;a7!cmd2;A7-GOLEMCONSTRUCTION;Lesser Stone Golem;StoneGolem;false
A7!GSST2;GIANTHUMANOID;GOLEM;GOLEM_STONE;GOLEM_CLAY;a7!glst2;a7!cmd;A7-GOLEMCONSTRUCTION;Stone Golem;StoneGolem;false
A7!GXAD1;GIANTHUMANOID;GOLEM;GOLEM_IRON;A7!GOLEM_IRON_MINI;a7!gxad1;;A7-GOLEMCONSTRUCTION;Lesser Adamantite Golem;IronGolem;false
A7!GXAD2;GIANTHUMANOID;GOLEM;GOLEM_IRON;GOLEM_IRON;a7!gxad2;;A7-GOLEMCONSTRUCTION;Adamantite Golem;IronGolem;false
A7!GXAD3;GIANTHUMANOID;GOLEM;GOLEM_IRON;GOLEM_IRON;a7!gxad3;;A7-GOLEMCONSTRUCTION;Greater Adamantite Golem;IronGolem;false
A7!GXAD4;GIANTHUMANOID;GOLEM;GOLEM_IRON;GOLEM_IRON;a7!gxad4;;A7-GOLEMCONSTRUCTION;Perfect Adamantite Golem;IronGolem;false
A7!GXBO;GIANTHUMANOID;GOLEM;GOLEM_STONE;SKELETON_FIEND;a7!gxbo;;A7-GOLEMCONSTRUCTION;Bone Golem;StoneGolem;false
A7!GXBR;GIANTHUMANOID;GOLEM;GOLEM_CLAY;A7!GOLEM_BRAIN;a7!gxbr;;A7-GOLEMCONSTRUCTION;Brain Golem;ClayGolem;false
A7!GXCL1;GIANTHUMANOID;GOLEM;GOLEM_CLAY;GOLEM_MINI;a7!gxcl1;;A7-GOLEMCONSTRUCTION;Lesser Clay Golem;ClayGolem;false
A7!GXCL2;GIANTHUMANOID;GOLEM;GOLEM_CLAY;GOLEM_CLAY;a7!gxcl2;;A7-GOLEMCONSTRUCTION;Clay Golem;ClayGolem;false
A7!GXCL3;GIANTHUMANOID;GOLEM;GOLEM_CLAY;GOLEM_CLAY;a7!gxcl3;;A7-GOLEMCONSTRUCTION;Greater Clay Golem;ClayGolem;false
A7!GXCL4;GIANTHUMANOID;GOLEM;GOLEM_CLAY;GOLEM_CLAY;a7!gxcl4;;A7-GOLEMCONSTRUCTION;Perfect Clay Golem;ClayGolem;false
A7!GXFL1;GIANTHUMANOID;GOLEM;GOLEM_FLESH;A7!GOLEM_FLESH_PST_MINI;a7!gxfl1;;A7-GOLEMCONSTRUCTION;Lesser Flesh Golem;FleshGolem;false
A7!GXFL2;GIANTHUMANOID;GOLEM;GOLEM_FLESH;A7!GOLEM_FLESH_PST;a7!gxfl2;;A7-GOLEMCONSTRUCTION;Flesh Golem;FleshGolem;false
A7!GXFL3;GIANTHUMANOID;GOLEM;GOLEM_FLESH;A7!GOLEM_FLESH_PST;a7!gxfl3;;A7-GOLEMCONSTRUCTION;Greater Flesh Golem;FleshGolem;false
A7!GXFL4;GIANTHUMANOID;GOLEM;GOLEM_FLESH;A7!GOLEM_FLESH_PST;a7!gxfl4;;A7-GOLEMCONSTRUCTION;Perfect Flesh Golem;FleshGolem;false
A7!GXIC;GIANTHUMANOID;GOLEM;GOLEM_IRON;GOLEM_ICE;a7!gxic;;A7-GOLEMCONSTRUCTION;Ice Golem;IronGolem;false
A7!GXIR1;GIANTHUMANOID;GOLEM;GOLEM_IRON;A7!GOLEM_IRON_IWD_MINI;a7!gxir1;;A7-GOLEMCONSTRUCTION;Lesser Iron Golem;IronGolem;false
A7!GXIR2;GIANTHUMANOID;GOLEM;GOLEM_IRON;GOLEM_IRON_IWD;a7!gxir2;;A7-GOLEMCONSTRUCTION;Iron Golem;IronGolem;false
A7!GXIR3;GIANTHUMANOID;GOLEM;GOLEM_IRON;GOLEM_IRON_IWD;a7!gxir3;;A7-GOLEMCONSTRUCTION;Greater Iron Golem;IronGolem;false
A7!GXIR4;GIANTHUMANOID;GOLEM;GOLEM_IRON;GOLEM_IRON_IWD;a7!gxir4;;A7-GOLEMCONSTRUCTION;Perfect Iron Golem;IronGolem;false
A7!GXLT;GIANTHUMANOID;GOLEM;GOLEM_CLAY;A7!GOLEM_LIGHTNING;a7!gxlt;None;A7-GOLEMCONSTRUCTION;Lightning Golem;ClayGolem;false
A7!GXMA;GIANTHUMANOID;GOLEM;GOLEM_CLAY;ELEMENTAL_FIRE_PURPLE;a7!gxma;None;A7-GOLEMCONSTRUCTION;Magic Golem;ClayGolem;false
A7!GXMG;GIANTHUMANOID;GOLEM;GOLEM_FLESH;A7!GOLEM_MAGGOT;a7!gxmg;;A7-GOLEMCONSTRUCTION;Maggot Golem;FleshGolem;false
A7!GXMI1;GIANTHUMANOID;GOLEM;GOLEM_IRON;A7!GOLEM_IRON_MINI;a7!gxmi1;;A7-GOLEMCONSTRUCTION;Lesser Mithral Golem;IronGolem;false
A7!GXMI2;GIANTHUMANOID;GOLEM;GOLEM_IRON;GOLEM_IRON;a7!gxmi2;;A7-GOLEMCONSTRUCTION;Mithral Golem;IronGolem;false
A7!GXMI3;GIANTHUMANOID;GOLEM;GOLEM_IRON;GOLEM_IRON;a7!gxmi3;;A7-GOLEMCONSTRUCTION;Greater Mithral Golem;IronGolem;false
A7!GXMI4;GIANTHUMANOID;GOLEM;GOLEM_IRON;GOLEM_IRON;a7!gxmi4;;A7-GOLEMCONSTRUCTION;Perfect Mithral Golem;IronGolem;false
A7!GXRU;GIANTHUMANOID;GOLEM;GOLEM_IRON;A7!GOLEM_RUBY;a7!gxru;;A7-GOLEMCONSTRUCTION;Ruby Golem;IronGolem;false
A7!GXST1;GIANTHUMANOID;GOLEM;GOLEM_STONE;GOLEM_MINI;a7!gxst1;;A7-GOLEMCONSTRUCTION;Lesser Stone Golem;StoneGolem;false
A7!GXST2;GIANTHUMANOID;GOLEM;GOLEM_STONE;GOLEM_CLAY;a7!gxst2;;A7-GOLEMCONSTRUCTION;Stone Golem;StoneGolem;false
A7!GXST3;GIANTHUMANOID;GOLEM;GOLEM_STONE;GOLEM_CLAY;a7!gxst3;;A7-GOLEMCONSTRUCTION;Greater Stone Golem;StoneGolem;false
A7!GXST4;GIANTHUMANOID;GOLEM;GOLEM_STONE;GOLEM_CLAY;a7!gxst4;;A7-GOLEMCONSTRUCTION;Perfect Stone Golem;StoneGolem;false
A7!GYAD1;GIANTHUMANOID;GOLEM;GOLEM_IRON;A7!GOLEM_IRON_MINI;a7!gxad1;;A7-GOLEMCONSTRUCTION;Lesser Adamantite Golem;IronGolem;false
A7!GYAD2;GIANTHUMANOID;GOLEM;GOLEM_IRON;GOLEM_IRON;a7!gxad2;;A7-GOLEMCONSTRUCTION;Adamantite Golem;IronGolem;false
A7!GYCL1;GIANTHUMANOID;GOLEM;GOLEM_CLAY;GOLEM_MINI;a7!gxcl1;;A7-GOLEMCONSTRUCTION;Lesser Clay Golem;ClayGolem;false
A7!GYCL2;GIANTHUMANOID;GOLEM;GOLEM_CLAY;GOLEM_CLAY;a7!gxcl2;;A7-GOLEMCONSTRUCTION;Clay Golem;ClayGolem;false
A7!GYFL1;GIANTHUMANOID;GOLEM;GOLEM_FLESH;A7!GOLEM_FLESH_PST_MINI;a7!gxfl1;;A7-GOLEMCONSTRUCTION;Lesser Flesh Golem;FleshGolem;false
A7!GYFL2;GIANTHUMANOID;GOLEM;GOLEM_FLESH;A7!GOLEM_FLESH_PST;a7!gxfl2;;A7-GOLEMCONSTRUCTION;Flesh Golem;FleshGolem;false
A7!GYIR1;GIANTHUMANOID;GOLEM;GOLEM_IRON;A7!GOLEM_IRON_IWD_MINI;a7!gxir1;;A7-GOLEMCONSTRUCTION;Lesser Iron Golem;IronGolem;false
A7!GYIR2;GIANTHUMANOID;GOLEM;GOLEM_IRON;GOLEM_IRON_IWD;a7!gxir2;;A7-GOLEMCONSTRUCTION;Iron Golem;IronGolem;false
A7!GYMI1;GIANTHUMANOID;GOLEM;GOLEM_IRON;A7!GOLEM_IRON_MINI;a7!gxmi1;;A7-GOLEMCONSTRUCTION;Lesser Mithral Golem;IronGolem;false
A7!GYMI2;GIANTHUMANOID;GOLEM;GOLEM_IRON;GOLEM_IRON;a7!gxmi2;;A7-GOLEMCONSTRUCTION;Mithral Golem;IronGolem;false
A7!GYST1;GIANTHUMANOID;GOLEM;GOLEM_STONE;GOLEM_MINI;a7!gxst1;;A7-GOLEMCONSTRUCTION;Lesser Stone Golem;StoneGolem;false
A7!GYST2;GIANTHUMANOID;GOLEM;GOLEM_STONE;GOLEM_CLAY;a7!gxst2;;A7-GOLEMCONSTRUCTION;Stone Golem;StoneGolem;false
A7!MARK;ANIMAL;NO_RACE;NO_CLASS;DOOM_GUARD;a7!mark;;A7-GOLEMCONSTRUCTION;;;
A7!NYM;HUMANOID;ELF;THIEF;THIEF_MALE_ELF;a7!nym;A7!NYM;A7-GOLEMCONSTRUCTION;Nym;;
A7!Q1SU;ANIMAL;NO_RACE;NO_CLASS;DOOM_GUARD;a7!q1su;;A7-GOLEMCONSTRUCTION;;;
A7!SMDLG;ANIMAL;NO_RACE;NO_CLASS;DOOM_GUARD;a7!smdlg;A7!SMDLG;A7-GOLEMCONSTRUCTION;Construct Golem;;
A7!UPGR;ANIMAL;NO_RACE;NO_CLASS;DOOM_GUARD;a7!upgr;;A7-GOLEMCONSTRUCTION;;;
BDDANC01;MONSTER;MIST;MIST;WILL_O_WISP_SMALL;BDDANC01;;FAITHS_AND_POWERS;What in the...? Is someone behind me?;;
B_BEAR1;ANIMAL;BEAR;BEAR_CAVE;BEAR_CAVE;NONE;;FAITHS_AND_POWERS;You don't know the naa-aame, you don't know the naa-aame.;CaveBear;false
B_CAMO;GIANTHUMANOID;GENIE;CLERIC;NULL_ANIMATION;B_CAMO;NONE;FAITHS_AND_POWERS;;;
B_CAT1;ANIMAL;CAT;CAT;GREATCAT_LEOPARD;SUMSHT01;;FAITHS_AND_POWERS;He... he could be. I didn't get a description. Dammit, this is all falling apart!;Leopard;false
B_PBEAR1;ANIMAL;BEAR;BEAR_POLAR;BEAR_POLAR;NONE;;FAITHS_AND_POWERS;Polar Bear;PolarBear;false
B_PH07;UNDEAD;SKELETON;SKELETON_WARRIOR;SKELETON_WARRIOR;NONE;;FAITHS_AND_POWERS;I don't know you at all, and you don't know me. Let's keep it that way.;SkeletonWarrior;false
B_PH08B;HUMANOID;MIND_FLAYER;MIND_FLAYER;MINDFLAYER;UDMIND03;;FAITHS_AND_POWERS;You're an idiot, Anomen. It's no wonder you haven't become a knight yet.;;
B_PH08C;GIANTHUMANOID;TROLL;TROLL;TROLL_BLUE;NONE;;FAITHS_AND_POWERS;He was a kind and patient man, and a great mentor.;;
B_PH08D;MONSTER;GOLEM;GOLEM_IRON;GOLEM_IRON_IWD;IRON_GOLEM;NONE;FAITHS_AND_POWERS;The drawbridge has been lowered.;IronGolem;false
B_SKMON;UNDEAD;SPECTRAL_UNDEAD;SPECTRE;GHOST;GHAST;NONE;FAITHS_AND_POWERS;Ghost;;
B_WELE1;GIANTHUMANOID;ELEMENTAL;ELEMENTAL_WATER;WATER_WEIRD;NONE;;FAITHS_AND_POWERS;Water Elemental;;
B_WELE2;GIANTHUMANOID;ELEMENTAL;ELEMENTAL_WATER;ELEMENTAL_WATER;NONE;;FAITHS_AND_POWERS;Water Elemental;;
B_WELE3;GIANTHUMANOID;ELEMENTAL;ELEMENTAL_WATER;ELEMENTAL_WATER;NONE;;FAITHS_AND_POWERS;Greater Water Elemental;;
B_WLF;ANIMAL;WOLF;WOLF_WINTER;WOLF_WINTER;NONE;;FAITHS_AND_POWERS;No. Never mind. I do not wish to speak further about this, <CHARNAME>... excuse me.;WinterWolf;false
CA#CAIR1;MONSTER;ELEMENTAL;ELEMENTAL_AIR;ELEMENTAL_AIR_SMALL;NONE;;FAITHS_AND_POWERS;Air Elemental;;
CA#CAIR2;MONSTER;ELEMENTAL;ELEMENTAL_AIR;ELEMENTAL_AIR;NONE;;FAITHS_AND_POWERS;Air Elemental;;
CA#CAIR3;MONSTER;ELEMENTAL;ELEMENTAL_AIR;ELEMENTAL_AIR;NONE;;FAITHS_AND_POWERS;Greater Air Elemental;;
CA#SEAR1;MONSTER;ELEMENTAL;ELEMENTAL_EARTH;ELEMENTAL_EARTH;NONE;;FAITHS_AND_POWERS;Earth Elemental;;
CA#SEAR2;MONSTER;ELEMENTAL;ELEMENTAL_EARTH;ELEMENTAL_EARTH;NONE;;FAITHS_AND_POWERS;Earth Elemental;;
CA#SEAR3;MONSTER;ELEMENTAL;ELEMENTAL_EARTH;ELEMENTAL_EARTH;None;;FAITHS_AND_POWERS;Greater Earth Elemental;;
CA#ZFIR1;GIANTHUMANOID;ELEMENTAL;ELEMENTAL_FIRE;ELEMENTAL_FIRE_SMALL;NONE;;FAITHS_AND_POWERS;Fire Elemental;;
CA#ZFIR2;GIANTHUMANOID;ELEMENTAL;ELEMENTAL_FIRE;ELEMENTAL_FIRE;NONE;;FAITHS_AND_POWERS;Fire Elemental;;
CA#ZFIR3;GIANTHUMANOID;ELEMENTAL;ELEMENTAL_FIRE;ELEMENTAL_FIRE;NONE;;FAITHS_AND_POWERS;Greater Fire Elemental;;
D5CLGOL;GIANTHUMANOID;GOLEM;GOLEM_CLAY;GOLEM_CLAY;golcla01;;FAITHS_AND_POWERS;Clay Construct;ClayGolem;false
D5DRSSP1;ANIMAL;NO_RACE;NO_CLASS;SPIDER_WRAITH;None;;FAITHS_AND_POWERS;Spirit Spider;;
D5DRSSP2;ANIMAL;NO_RACE;NO_CLASS;SPIDER_WRAITH;None;;FAITHS_AND_POWERS;Spirit Spider;;
D5DRSSP3;ANIMAL;NO_RACE;NO_CLASS;SPIDER_WRAITH;None;;FAITHS_AND_POWERS;Spirit Spider;;
D5DRSSP4;ANIMAL;NO_RACE;NO_CLASS;SPIDER_WRAITH;None;;FAITHS_AND_POWERS;Spirit Spider;;
D5DRSSP5;ANIMAL;NO_RACE;NO_CLASS;SPIDER_WRAITH;None;;FAITHS_AND_POWERS;Spirit Spider;;
D5FPSP2;GIANTHUMANOID;GENIE;GENIE_DAO;RABBIT;FISH02;B_DOM00;FAITHS_AND_POWERS;;;
D5JUGOL;GIANTHUMANOID;GOLEM;GOLEM_IRON;GOLEM_IRON;tomegol4;;FAITHS_AND_POWERS;Juggernaut Construct;IronGolem;false
D5PACOR1;WEAPON;SWORD;LONG_SWORD;DANCING_SWORD;None;;FAITHS_AND_POWERS;My <LADYLORD>, I ask that you leave me alone with my grief. Your presence reminds me of my failure to uphold my oath, and it wracks my breast with pain.;;
D5PACOR2;WEAPON;SWORD;LONG_SWORD;DANCING_SWORD;None;;FAITHS_AND_POWERS;My <LADYLORD>, I ask that you leave me alone with my grief. Your presence reminds me of my failure to uphold my oath, and it wracks my breast with pain.;;
D5PACOR3;WEAPON;SWORD;LONG_SWORD;DANCING_SWORD;None;;FAITHS_AND_POWERS;My <LADYLORD>, I ask that you leave me alone with my grief. Your presence reminds me of my failure to uphold my oath, and it wracks my breast with pain.;;
D5PACOR4;WEAPON;SWORD;LONG_SWORD;DANCING_SWORD;None;;FAITHS_AND_POWERS;My <LADYLORD>, I ask that you leave me alone with my grief. Your presence reminds me of my failure to uphold my oath, and it wracks my breast with pain.;;
D5PACOR5;WEAPON;SWORD;LONG_SWORD;DANCING_SWORD;None;;FAITHS_AND_POWERS;My <LADYLORD>, I ask that you leave me alone with my grief. Your presence reminds me of my failure to uphold my oath, and it wracks my breast with pain.;;
D5PADLG;GIANTHUMANOID;GENIE;GENIE_DAO;DJINNI;Fish02;;FAITHS_AND_POWERS;;;
D5PAZW;GIANTHUMANOID;GENIE;GENIE_DAO;DJINNI;Fish02;;FAITHS_AND_POWERS;;;
D5RHBTL;ANIMAL;BEETLE;217;BEETLE_RHINOCEROS;BeetRhin;None;FAITHS_AND_POWERS;Rhinocerous Beetle;;
D5SCDLG;GIANTHUMANOID;GENIE;GENIE_DAO;DJINNI;Fish02;;FAITHS_AND_POWERS;;;
D5SMBTL;ANIMAL;BEETLE;NO_CLASS;BEETLE_FIRE;_MBfi;None;FAITHS_AND_POWERS;Beetle Swarm;;
D5SMSPID;MONSTER;SPIDER;SPIDER_HUGE;SPIDER_SMALL;OHHSPID2;;FAITHS_AND_POWERS;Beetle Swarm;HuntingSpider;true
D5SPHCH;GIANTHUMANOID;GENIE;GENIE_DAO;DJINNI;Fish02;;FAITHS_AND_POWERS;;;
D5STGOL;GIANTHUMANOID;GOLEM;GOLEM_STONE;GOLEM_CLAY;golsto01;;FAITHS_AND_POWERS;Stone Construct;StoneGolem;false
D5WOLFD1;UNDEAD;WOLF;WOLF_DREAD;WOLF_DREAD;None;;FAITHS_AND_POWERS;Dread Wolf;DreadWolf;true
D5XCRS1;GIANTHUMANOID;GENIE;GENIE_DAO;DJINNI;Fish02;;FAITHS_AND_POWERS;;;
D5_RABB;ANIMAL;RABBIT;FOOD_CREATURE;RABBIT;rabbit01;None;FAITHS_AND_POWERS;Rabbit;;
D5_SHAM;GIANTHUMANOID;ELEMENTAL;ELEMENTAL_EARTH;SHAMBLING_MOUND;Shmnd02;;FAITHS_AND_POWERS;Shambling Mound;;
D5_WW01;MONSTER;LYCANTHROPE;WEREWOLF;WEREWOLF;None;None;STRATAGEMS;werewolf;;
D5_WW02;MONSTER;LYCANTHROPE;WOLFWERE;WEREWOLF_GREATER;GreaterWolf;None;STRATAGEMS;greater werewolf;;
D5_WW03;MONSTER;LYCANTHROPE;WEREWOLF;WEREWOLF_GREATER;None;None;STRATAGEMS;werewolf lord;;
LI#DRUAI;MONSTER;ELEMENTAL;ELEMENTAL_EARTH;ELEMENTAL_AIR;None;;FAITHS_AND_POWERS;Greater Air Elemental;;
LI#DRUWA;GIANTHUMANOID;ELEMENTAL;NO_CLASS;WATER_WEIRD;None;;FAITHS_AND_POWERS;Greater Water Elemental;;
TG#BENH;GIANTHUMANOID;ELEMENTAL;NO_CLASS;WATER_WEIRD;ELEMBENH;NONE;FAITHS_AND_POWERS;Ben-Hadar;;
TG#SPIR;UNDEAD;SPECTRE;DRUID;MAGE_MALE_HUMAN;None;;FAITHS_AND_POWERS;Ancestral Spirit;;
TG#WEL2;GIANTHUMANOID;ELEMENTAL;NO_CLASS;WATER_WEIRD;NONE;;FAITHS_AND_POWERS;<NO TEXT>;;
TG#WEL3;GIANTHUMANOID;ELEMENTAL;NO_CLASS;WATER_WEIRD;None;;FAITHS_AND_POWERS;Greater Water Elemental;;
G_PISPY;HUMANOID;NO_RACE;NO_CLASS;DOOM_GUARD;g_pispy;None;tnt;;;
J8#NOOB;HUMANOID;HUMAN;NO_CLASS;PEASANT_MAN;J8#NOOB;J8#NOOB;jtweaks;Noober;;
D9AASS;HUMANOID;HUMAN;FIGHTER_CLERIC;FIGHTER_MALE_HUMAN;d9aass;;BUTCHERY;Aasim;;
D9ANGELO;HUMANOID;HUMAN;FIGHTER_MAGE;FIGHTER_MALE_HUMAN;D9ANGELO;;BUTCHERY;Angelo;;
D9BOURT;HUMANOID;HALFORC;FIGHTER;FIGHTER_MALE_HALFORC;D9BOURT;None;BUTCHERY;Bourrinos;;
D9CYTHI;HUMANOID;HALF_ELF;MAGE;MAGE_FEMALE_ELF;d9cythi;;BUTCHERY;Cythandria;;
D9DAVA;HUMANOID;HUMAN;MAGE;MAGE_MALE_HUMAN;d9dava;;BUTCHERY;Davaeorn;;
D9DC5;HUMANOID;DWARF;CLERIC;CLERIC_MALE_DWARF;None;;BUTCHERY;Dwarf Priest novice;;
D9DC7;HUMANOID;DWARF;CLERIC;CLERIC_MALE_DWARF;None;;BUTCHERY;Experienced Dwarf Priest;;
D9DDD;HUMANOID;DWARF;CLERIC;CLERIC_MALE_DWARF;None;;BUTCHERY;Dwarf Priest novice;;
D9DF3M;HUMANOID;DWARF;FIGHTER;FIGHTER_MALE_DWARF;None;;BUTCHERY;Dwarf Berseker novice;;
D9DF3M1;HUMANOID;DWARF;FIGHTER;FIGHTER_MALE_DWARF;None;;BUTCHERY;Dwarf Berseker novice;;
D9DF3M2;HUMANOID;DWARF;FIGHTER;FIGHTER_MALE_DWARF;None;;BUTCHERY;Dwarf Berseker novice;;
D9DF3R;HUMANOID;DWARF;FIGHTER;FIGHTER_MALE_DWARF;None;;BUTCHERY;Dwarf Warrior novice;;
D9DF5M;HUMANOID;DWARF;FIGHTER;FIGHTER_MALE_DWARF;None;;BUTCHERY;Experienced Dwarf Berseker;;
D9DF7M;HUMANOID;DWARF;FIGHTER;FIGHTER_MALE_DWARF;None;;BUTCHERY;Elite Dwarf Warrior;;
D9DFAA;HUMANOID;DWARF;FIGHTER;FIGHTER_MALE_DWARF;None;;BUTCHERY;Dwarf Berseker novice;;
D9DFBB;HUMANOID;DWARF;FIGHTER;FIGHTER_MALE_DWARF;None;;BUTCHERY;Dwarf Warrior novice;;
D9DFCC;HUMANOID;DWARF;FIGHTER;FIGHTER_MALE_DWARF;None;;BUTCHERY;Experienced Dwarf Berseker;;
D9DFHH;HUMANOID;DWARF;FIGHTER;FIGHTER_MALE_DWARF;None;;BUTCHERY;Elite Dwarf Warrior;;
D9DGG;HUMANOID;DWARF;CLERIC;CLERIC_MALE_DWARF;None;;BUTCHERY;Experienced Dwarf Priest;;
D9DIARMI;HUMANOID;HUMAN;FIGHTER;FIGHTER_MALE_HUMAN;d9diarmi;;BUTCHERY;Diarmid;;
D9EMAGAA;HUMANOID;DWARF;MAGE;MAGE_MALE_DWARF_LOW;None;none;BUTCHERY;Mage;;
D9GARDU;HUMANOID;HUMAN;FIGHTER;FIGHTER_MALE_HUMAN;d9gardu;;BUTCHERY;Gardush;;
D9GROUMT;HUMANOID;HALFORC;FIGHTER;FIGHTER_MALE_HALFORC;D9GROUMT;None;BUTCHERY;Groumf;;
D9KRYST;HUMANOID;HUMAN;MAGE;MAGE_FEMALE_HUMAN;d9kryst;;BUTCHERY;Krystin;;
D9MULA;HUMANOID;HALFORC;CLERIC;CLERIC_MALE_HALFORC;d9MULA;;BUTCHERY;Mulahey;;
D9OGMAGE;GIANTHUMANOID;OGRE;OGRE_MAGE;OGRE_MAGE;None;;BUTCHERY;Ogre Mage;OgreMage;false
D9OGRGA;GIANTHUMANOID;ORC;FIGHTER;OGRE;D9OGRGA;None;BUTCHERY;Ogre Berserker;;
D9OGRGA2;GIANTHUMANOID;OGRE;FIGHTER;OGRE;D9OGRGA2;;BUTCHERY;Ogre Barbarian;OgreBerserker;false
D9ORC01;HUMANOID;ORC;FIGHTER;ORC_MELEE;D9ORC01;None;BUTCHERY;Orc;;
D9ORC05;HUMANOID;ORC;FIGHTER;OROG;D9ORC05;None;BUTCHERY;Orog;;
D9ORC05B;HUMANOID;ORC;FIGHTER;OROG;D9ORC05B;None;BUTCHERY;Orog;;
D9ORGAHJ;HUMANOID;ORC;FIGHTER;ORC_MELEE;D9ORGAHJ;None;BUTCHERY;Orc;;
D9ORGAME;HUMANOID;ORC;FIGHTER;ORC_ELITE_MELEE;D9ORGAME;None;BUTCHERY;Orc;;
D9SALF00;MONSTER;SALAMANDER;ELEMENTAL_FIRE;SALAMANDER_FIRE;None;None;BUTCHERY;Salamander;;
D9SC12;UNDEAD;SKELETON;CLERIC;SKELETON;None;;BUTCHERY;Experienced Skeleton Cleric;Skeleton;false
D9SC12A;UNDEAD;SKELETON;CLERIC;SKELETON;None;;BUTCHERY;Experienced Skeleton Cleric;Skeleton;false
D9SC12B;UNDEAD;SKELETON;CLERIC;SKELETON;None;;BUTCHERY;Experienced Skeleton Cleric;Skeleton;false
D9SC13;UNDEAD;SKELETON;CLERIC;SKELETON;None;;BUTCHERY;Experienced Skeleton Cleric;Skeleton;false
D9SC13A;UNDEAD;SKELETON;CLERIC;SKELETON;None;;BUTCHERY;Experienced Skeleton Cleric;Skeleton;false
D9SC13B;UNDEAD;SKELETON;CLERIC;SKELETON;None;;BUTCHERY;Experienced Skeleton Cleric;Skeleton;false
D9SC14;UNDEAD;SKELETON;CLERIC;SKELETON;None;;BUTCHERY;Experienced Skeleton Cleric;Skeleton;false
D9SC14A;UNDEAD;SKELETON;CLERIC;SKELETON;None;;BUTCHERY;Experienced Skeleton Cleric;Skeleton;false
D9SC14B;UNDEAD;SKELETON;CLERIC;SKELETON;None;;BUTCHERY;Experienced Skeleton Cleric;Skeleton;false
D9SC16;UNDEAD;SKELETON;CLERIC;SKELETON;None;;BUTCHERY;Elite Skeleton Cleric;Skeleton;false
D9SC16B;UNDEAD;SKELETON;CLERIC;SKELETON;None;;BUTCHERY;Elite Skeleton Cleric;Skeleton;false
D9SC17;UNDEAD;SKELETON;CLERIC;SKELETON;None;;BUTCHERY;Elite Skeleton Cleric;Skeleton;false
D9SC17B;UNDEAD;SKELETON;CLERIC;SKELETON;None;;BUTCHERY;Elite Skeleton Cleric;Skeleton;false
D9SC18;UNDEAD;SKELETON;CLERIC;SKELETON;None;;BUTCHERY;Elite Skeleton Cleric;Skeleton;false
D9SC18B;UNDEAD;SKELETON;CLERIC;SKELETON;None;;BUTCHERY;Elite Skeleton Cleric;Skeleton;false
D9SC7;UNDEAD;SKELETON;CLERIC;SKELETON;None;;BUTCHERY;Skeleton Cleric novice;Skeleton;false
D9SC7A;UNDEAD;SKELETON;CLERIC;SKELETON;None;;BUTCHERY;Skeleton Cleric novice;Skeleton;false
D9SC7B;UNDEAD;SKELETON;CLERIC;SKELETON;None;;BUTCHERY;Skeleton Cleric novice;Skeleton;false
D9SC8;UNDEAD;SKELETON;CLERIC;SKELETON;None;;BUTCHERY;Skeleton Cleric novice;Skeleton;false
D9SC8A;UNDEAD;SKELETON;CLERIC;SKELETON;None;;BUTCHERY;Skeleton Cleric novice;Skeleton;false
D9SC8B;UNDEAD;SKELETON;CLERIC;SKELETON;None;;BUTCHERY;Skeleton Cleric novice;Skeleton;false
D9SC9;UNDEAD;SKELETON;CLERIC;SKELETON;None;;BUTCHERY;Skeleton Cleric novice;Skeleton;false
D9SC9A;UNDEAD;SKELETON;CLERIC;SKELETON;None;;BUTCHERY;Skeleton Cleric novice;Skeleton;false
D9SC9B;UNDEAD;SKELETON;CLERIC;SKELETON;None;;BUTCHERY;Skeleton Cleric novice;Skeleton;false
D9SEMAJ;HUMANOID;HUMAN;MAGE;MAGE_MALE_HUMAN;D9semaj;;BUTCHERY;Semaj;;
D9SKL01;UNDEAD;SKELETON;CLERIC;SKELETON_MONSTER;hgskl01;hgskl01;BUTCHERY;Skeleton Cleric;Skeleton;false
D9SKL02;UNDEAD;SKELETON;THIEF;SKELETON;hgskl02;hgskl02;BUTCHERY;Skeleton Assassin;Skeleton;false
D9SKL03;UNDEAD;SKELETON;MAGE;SKELETON;hgskl03;None;BUTCHERY;Skeleton Mage;Skeleton;false
D9SKL04;UNDEAD;SKELETON;SKELETON_WARRIOR;SKELETON_WARRIOR;hgskl04;skelwa01;BUTCHERY;Skeleton Warrior;SkeletonWarrior;false
D9SKL06;UNDEAD;SKELETON;CLERIC;SKELETON_MONSTER;hgskl01;hgskl01;BUTCHERY;Skeleton Cleric;Skeleton;false
D9SKL07;UNDEAD;SKELETON;MAGE;SKELETON;hgskl03;None;BUTCHERY;Skeleton Mage;Skeleton;false
D9SKL08;UNDEAD;SKELETON;THIEF;SKELETON;hgskl02;hgskl02;BUTCHERY;Skeleton Assassin;Skeleton;false
D9SKL09;UNDEAD;SKELETON;SKELETON_WARRIOR;SKELETON_WARRIOR;hgskl04;skelwa01;BUTCHERY;Skeleton Warrior;SkeletonWarrior;false
D9SLYTHE;HUMANOID;HUMAN;FIGHTER_THIEF;THIEF_MALE_HUMAN;d9slythe;;BUTCHERY;Slythe;;
D9SM12;UNDEAD;SKELETON;MAGE;SKELETON;None;;BUTCHERY;Experienced Skeleton Mage;Skeleton;false
D9SM12A;UNDEAD;SKELETON;MAGE;SKELETON;None;;BUTCHERY;Experienced Skeleton Mage;Skeleton;false
D9SM12B;UNDEAD;SKELETON;MAGE;SKELETON;None;;BUTCHERY;Experienced Skeleton Mage;Skeleton;false
D9SM13;UNDEAD;SKELETON;MAGE;SKELETON;None;;BUTCHERY;Experienced Skeleton Mage;Skeleton;false
D9SM13A;UNDEAD;SKELETON;MAGE;SKELETON;None;;BUTCHERY;Experienced Skeleton Mage;Skeleton;false
D9SM13B;UNDEAD;SKELETON;MAGE;SKELETON;None;;BUTCHERY;Experienced Skeleton Mage;Skeleton;false
D9SM14;UNDEAD;SKELETON;MAGE;SKELETON;None;;BUTCHERY;Experienced Skeleton Mage;Skeleton;false
D9SM14A;UNDEAD;SKELETON;MAGE;SKELETON;None;;BUTCHERY;Experienced Skeleton Mage;Skeleton;false
D9SM14B;UNDEAD;SKELETON;MAGE;SKELETON;None;;BUTCHERY;Experienced Skeleton Mage;Skeleton;false
D9SM16;UNDEAD;SKELETON;MAGE;SKELETON;None;;BUTCHERY;Elite Skeleton Mage;Skeleton;false
D9SM16B;UNDEAD;SKELETON;MAGE;SKELETON;None;;BUTCHERY;Elite Skeleton Mage;Skeleton;false
D9SM17;UNDEAD;SKELETON;MAGE;SKELETON;None;;BUTCHERY;Elite Skeleton Mage;Skeleton;false
D9SM17B;UNDEAD;SKELETON;MAGE;SKELETON;None;;BUTCHERY;Elite Skeleton Mage;Skeleton;false
D9SM18;UNDEAD;SKELETON;MAGE;SKELETON;None;;BUTCHERY;Elite Skeleton Mage;Skeleton;false
D9SM18B;UNDEAD;SKELETON;MAGE;SKELETON;None;;BUTCHERY;Elite Skeleton Mage;Skeleton;false
D9SM7;UNDEAD;SKELETON;MAGE;SKELETON;None;;BUTCHERY;Skeleton Mage novice;Skeleton;false
D9SM7A;UNDEAD;SKELETON;MAGE;SKELETON;None;;BUTCHERY;Skeleton Mage novice;Skeleton;false
D9SM7B;UNDEAD;SKELETON;MAGE;SKELETON;None;;BUTCHERY;Skeleton Mage novice;Skeleton;false
D9SM8;UNDEAD;SKELETON;MAGE;SKELETON;None;;BUTCHERY;Skeleton Mage novice;Skeleton;false
D9SM8A;UNDEAD;SKELETON;MAGE;SKELETON;None;;BUTCHERY;Skeleton Mage novice;Skeleton;false
D9SM8B;UNDEAD;SKELETON;MAGE;SKELETON;None;;BUTCHERY;Skeleton Mage novice;Skeleton;false
D9SM9;UNDEAD;SKELETON;MAGE;SKELETON;None;;BUTCHERY;Skeleton Mage novice;Skeleton;false
D9SM9A;UNDEAD;SKELETON;MAGE;SKELETON;None;;BUTCHERY;Skeleton Mage novice;Skeleton;false
D9SM9B;UNDEAD;SKELETON;MAGE;SKELETON;None;;BUTCHERY;Skeleton Mage novice;Skeleton;false
D9TAMOKO;HUMANOID;HUMAN;CLERIC;CLERIC_FEMALE_HUMAN;D9tamoko;;BUTCHERY;Tamoko;;
D9TAZOK;HUMANOID;OGRE;FIGHTER;HALF_OGRE;tazok;tazok;BUTCHERY;Tazok;Ogre;false
D9TAZOKX;HUMANOID;OGRE;FIGHTER;HALF_OGRE;D9TazokX;none;BUTCHERY;Tazok;Ogre;false
D9XXARD3;HUMANOID;HUMAN;FIGHTER;FIGHTER_MALE_HUMAN;None;BHGuard;BUTCHERY;Elite Guard;;
D9YUAN02;MONSTER;YUANTI;FIGHTER;YUAN-TI_ELITE;YUANTI;;BUTCHERY;Greater Yuan-ti;;
D9ZALI;HUMANOID;HUMAN;FIGHTER;FIGHTER_MALE_HUMAN;d9zali;;BUTCHERY;Zhalimar Cloudwulfe;;
D9ZZARD4;HUMANOID;HUMAN;FIGHTER;FIGHTER_MALE_HUMAN;None;BHGuard;BUTCHERY;Elite Guard;;
DW#ABBL1;MONSTER;DRAGON;SHADOW_DRAGON;DRAGON_BLACK;dw#abbl1;dw#abbl1;STRATAGEMS;Olinissimous;;
DW#ABBL2;MONSTER;DRAGON;SHADOW_DRAGON;DRAGON_BLACK;dw#abbl2;dw#abbl2;STRATAGEMS;Zirimanat'ryl;;
DW#ABDGY;MONSTER;DRAGON;RED_DRAGON;DRAGON_BROWN;Anadramatis;dw#abdgy;STRATAGEMS;Anadramatis;;
DW#ABGRE;MONSTER;DRAGON;RED_DRAGON;DRAGON_GREEN;dw#abgre;dw#abgre;STRATAGEMS;Ithy'nassendra;;
DW#ABRED;MONSTER;DRAGON;RED_DRAGON;DRAGON_RED;dw#abred;dw#abred;STRATAGEMS;Carnifex;;
DW#ABROP;HUMANOID;HUMAN;INNOCENT;NOBLE_MAN;yscara01;dw#abrop;STRATAGEMS;Merchant;;
DW#ASVM1;UNDEAD;VAMPIRE;FIGHTER_THIEF;VAMPIRE_FEMALE;vam1514a;None;STRATAGEMS;Elder Vampire;;
DW#ASVM2;UNDEAD;VAMPIRE;FIGHTER_THIEF;VAMPIRE_FEMALE;vam1514b;None;STRATAGEMS;Vampire;;
DW#BAZPF;MONSTER;DEMONIC;IMP;RAVER;dw#bazpf;None;STRATAGEMS;Pit Fiend;;
DW#CLDKI;ANIMAL;NO_RACE;NO_CLASS;BIRD;dw#cldki;None;STRATAGEMS;Bird;;
DW#CLPES;ANIMAL;NO_RACE;NO_CLASS;BIRD;dw#cldki;None;STRATAGEMS;Bird;;
DW#CLWEB;ANIMAL;NO_RACE;NO_CLASS;BIRD;dw#cldki;None;STRATAGEMS;Bird;;
DW#DEFOG;ANIMAL;NO_RACE;NO_CLASS;BIRD;dw#cldki;None;STRATAGEMS;Bird;;
DW#DIFFI;HUMANOID;NO_RACE;NO_CLASS;BIRD;dw#diffi;DW#DIFFI;STRATAGEMS;;;
DW#DRCT1;HUMANOID;ELF;FIGHTER;DROW;dw#dwcty;uddrow27;STRATAGEMS;Drow;;
DW#DRCT2;HUMANOID;ELF;FIGHTER;DROW_FEMALE;dw#dwcty;uddrow29;STRATAGEMS;Drow;;
DW#DRCT3;HUMANOID;HUMAN;FIGHTER_MAGE;MAGE_MALE_ELF;dw#dwcty;dadrow1;STRATAGEMS;Drow;;
DW#DRCT4;HUMANOID;ELF;CLERIC;DROW_FEMALE;dw#dwcty;uddrow31;STRATAGEMS;Drow Priestess;;
DW#DRCT5;HUMANOID;ELF;CLERIC;DROW_FEMALE;dw#dwcty;drow07;STRATAGEMS;Drow Priestess;;
DW#DRCT6;HUMANOID;ELF;FIGHTER;FIGHTER_MALE_ELF;dw#dwcty;uddrow01;STRATAGEMS;Drow;;
DW#DRCT7;HUMANOID;ELF;MAGE;MAGE_MALE_ELF;dw#dwcty;dadrow2;STRATAGEMS;Drow;;
DW#DRCT8;HUMANOID;ELF;MAGE;DROW;dw#dwcty;drow06;STRATAGEMS;Drow;;
DW#DRCT9;HUMANOID;ELF;FIGHTER_CLERIC;DROW_FEMALE;dw#dwcty;drow05;STRATAGEMS;Drow;;
DW#DRCTA;HUMANOID;ELF;CLERIC;CLERIC_FEMALE_ELF;dw#dwcty;jael01;STRATAGEMS;Matron Mother Ellaviir;;
DW#DRCTB;HUMANOID;ELF;CLERIC;CLERIC_FEMALE_ELF;dw#dwcty;None;STRATAGEMS;Matron Mother Finadryl;;
DW#DRCTC;HUMANOID;ELF;MAGE;MAGE_MALE_ELF;dw#dwcty;;STRATAGEMS;Drow Archmage;;
DW#DRCTF;HUMANOID;ELF;MAGE;MAGE_MALE_ELF;dw#dwcty;uddrow30;STRATAGEMS;Drow;;
DW#DRCTG;GIANTHUMANOID;GOLEM;GOLEM_STONE;GOLEM_CLAY;golsto01;;STRATAGEMS;Stone Golem;StoneGolem;false
DW#DRCTX;MONSTER;DEMONIC;TANARI;TANARRI;telbal1;;STRATAGEMS;Balor;;
DW#DRCTY;MONSTER;DEMONIC;TANARI;GLABREZU;demgla01;None;STRATAGEMS;Glabrezu;;
DW#DRCTZ;MONSTER;DEMONIC;TANARI;FIEND_GREEN;demnab01;None;STRATAGEMS;Nabassu;;
DW#DRFOU;HUMANOID;ELF;FIGHTER;DROW;drofod01;None;STRATAGEMS;Drow;;
DW#DRJA1;HUMANOID;ELF;MAGE;MAGE_MALE_ELF;dadrow2;dadrow2;STRATAGEMS;Valas Jae'llat;;
DW#DRJA2;HUMANOID;HUMAN;FIGHTER_MAGE;MAGE_MALE_ELF;dadrow1;dadrow1;STRATAGEMS;Jae'llat Priestess;;
DW#DRJA3;HUMANOID;ELF;FIGHTER_CLERIC;DROW_FEMALE;drow05;drow05;STRATAGEMS;Jae'llat Mage;;
DW#DRXG1;MONSTER;DEMONIC;TANARI;GLABREZU;dw#drxg1;demosum3;STRATAGEMS;Glabrezu;;
DW#DRXG2;MONSTER;DEMONIC;TANARI;GLABREZU;dw#drxg2;demosum3;STRATAGEMS;Glabrezu;;
DW#DRXMG;HUMANOID;ELF;MAGE;DROW;dw#drxmg;drow06;STRATAGEMS;Drow;;
DW#DRXPR;HUMANOID;ELF;FIGHTER_CLERIC;DROW_FEMALE;dw#drxpr;drow05;STRATAGEMS;Drow;;
DW#DUARC;HUMANOID;DWARF;FIGHTER;FIGHTER_MALE_DWARF_LOW;None;None;STRATAGEMS;Duergar;;
DW#DUWAR;HUMANOID;DWARF;FIGHTER;FIGHTER_MALE_DWARF;None;None;STRATAGEMS;Duergar;;
DW#ELDEE;GIANTHUMANOID;ELEMENTAL;ELEMENTAL_EARTH;ELEMENTAL_EARTH;dw#eldee;;STRATAGEMS;Greater Earth Elemental;;
DW#ELDO1;MONSTER;BEHOLDER;BEHOLDER;BEHOLDER;None;;STRATAGEMS;Elder Orb;;
DW#ELDO2;MONSTER;BEHOLDER;BEHOLDER;BEHOLDER;None;;STRATAGEMS;Elder Orb;;
DW#ELDO3;MONSTER;BEHOLDER;BEHOLDER;BEHOLDER;None;;STRATAGEMS;Elder Orb;;
DW#ELDO4;MONSTER;BEHOLDER;BEHOLDER;BEHOLDER;None;;STRATAGEMS;Elder Orb;;
DW#FSTOR;ANIMAL;NO_RACE;NO_CLASS;BIRD;dw#cldki;None;STRATAGEMS;Bird;;
DW#GHGRA;MONSTER;SLIME;GREY_OOZE;GRAY_OOZE;None;;STRATAGEMS;Gray Ooze;GrayOoze;false
DW#GHGRE;MONSTER;SLIME;GREEN_SLIME;SLIME_OLIVE;None;;STRATAGEMS;Green Slime;GreenSlime;false
DW#GHOCH;MONSTER;SLIME;OCRE_JELLY;SLIME_OCHRE;None;;STRATAGEMS;Ochre Jelly;OchreJelly;false
DW#GHOTY;MONSTER;OTYUGH;OTYUGH;OTYUGH;None;;STRATAGEMS;Otyugh;;
DW#HGWA1;GIANTHUMANOID;GIANT;FIGHTER;GIANT_FIRE;hgwar01;None;STRATAGEMS;Fire Giant;;
DW#HGWA2;GIANTHUMANOID;GIANT;FIGHTER;GIANT_FIRE;hgwar01;None;STRATAGEMS;Fire Giant;;
DW#HGWA3;GIANTHUMANOID;GIANT;FIGHTER;GIANT_FIRE;hgwar01;None;STRATAGEMS;Fire Giant;;
DW#HGWA4;GIANTHUMANOID;GIANT;FIGHTER;GIANT_FIRE;hgwar01;None;STRATAGEMS;Fire Giant;;
DW#HGWA5;GIANTHUMANOID;GIANT;FIGHTER;GIANT_FIRE;hgwar01;None;STRATAGEMS;Fire Giant;;
DW#HGWA6;GIANTHUMANOID;GIANT;FIGHTER;GIANT_FIRE;hgwar01;None;STRATAGEMS;Fire Giant;;
DW#ICYU1;MONSTER;YUANTI;MAGE;YUAN-TI_PRIEST;YUANTI;None;STRATAGEMS;Yuan-Ti Mage;;
DW#ICYU2;MONSTER;YUANTI;MAGE;YUAN-TI_PRIEST;YUANTI;None;STRATAGEMS;Yuan-Ti Mage;;
DW#ICYUA;MONSTER;YUANTI;MAGE;YUAN-TI_PRIEST;YUANTI;None;STRATAGEMS;Yuan-Ti Mage;;
DW#INCEN;ANIMAL;NO_RACE;NO_CLASS;BIRD;dw#cldki;None;STRATAGEMS;Bird;;
DW#ISTOR;ANIMAL;NO_RACE;NO_CLASS;BIRD;dw#cldki;None;STRATAGEMS;Bird;;
DW#KPSPY;HUMANOID;NO_RACE;NO_CLASS;BIRD;dw#kpspy;None;STRATAGEMS;;;
DW#KPUM1;MONSTER;UMBERHULK;UMBERHULK;UMBER_HULK;None;;STRATAGEMS;Umber Hulk;;
DW#KPUM2;MONSTER;UMBERHULK;UMBERHULK;UMBER_HULK;None;;STRATAGEMS;Umber Hulk Elder;;
DW#KPYI1;MONSTER;YUANTI;MAGE;YUAN-TI_PRIEST;YUANTI;None;STRATAGEMS;Yuan-Ti Mage;;
DW#KPYI2;MONSTER;YUANTI;MAGE;YUAN-TI_PRIEST;YUANTI;None;STRATAGEMS;Yuan-Ti Mage;;
DW#KPYU1;MONSTER;YUANTI;MAGE;YUAN-TI_PRIEST;YUANTI;None;STRATAGEMS;Yuan-Ti Mage;;
DW#KPYU2;MONSTER;YUANTI;MAGE;YUAN-TI_PRIEST;YUANTI;None;STRATAGEMS;Yuan-Ti Mage;;
DW#LICH1;UNDEAD;LICH;MAGE;LICH;lich01;;STRATAGEMS;Lich;;
DW#LICH2;UNDEAD;LICH;MAGE;LICH;lich01;;STRATAGEMS;Lich;;
DW#LICH3;UNDEAD;LICH;MAGE;LICH;lich01;;STRATAGEMS;Lich;;
DW#LICH4;UNDEAD;LICH;MAGE;LICH;lich01;;STRATAGEMS;Lich;;
DW#LICH5;UNDEAD;LICH;MAGE;LICH;lich01;;STRATAGEMS;Lich;;
DW#LICH6;UNDEAD;LICH;MAGE;LICH;lich01;;STRATAGEMS;Lich;;
DW#LICH7;UNDEAD;LICH;MAGE;LICH;lich01;;STRATAGEMS;Lich;;
DW#LICH8;UNDEAD;LICH;MAGE;LICH;lich01;;STRATAGEMS;Lich;;
DW#LICH9;UNDEAD;LICH;MAGE;LICH;lich01;;STRATAGEMS;Lich;;
DW#LZSH1;HUMANOID;HUMAN;DRUID;LIZARD_MAN_ELITE;bazliz01;bazliz01;STRATAGEMS;Lizard Man Shaman;;
DW#LZSH2;HUMANOID;HUMAN;DRUID;LIZARD_MAN_ELITE;bazliz01;bazliz01;STRATAGEMS;Lizard Man Shaman;;
DW#METEO;ANIMAL;NO_RACE;NO_CLASS;BIRD;dw#cldki;None;STRATAGEMS;Bird;;
DW#ODAM1;HUMANOID;NO_RACE;NO_CLASS;BIRD;;None;STRATAGEMS;Apprentice;;
DW#ODAM2;UNDEAD;VAMPIRE;MAGE;VAMPIRE_FEMALE;bodtan;bodtan;STRATAGEMS;Apprentice;;
DW#REFG1;HUMANOID;HUMAN;FIGHTER;FIGHTER_MALE_HUMAN;reband03;reband03;STRATAGEMS;Bandit;;
DW#REFG2;HUMANOID;HUMAN;FIGHTER;FIGHTER_MALE_HUMAN;refigh01;refigh01;STRATAGEMS;Slaver;;
DW#REFG3;HUMANOID;HUMAN;FIGHTER;FIGHTER_MALE_HUMAN;refigh01;refigh01;STRATAGEMS;Slaver;;
DW#REMG1;HUMANOID;HUMAN;MAGE;MAGE_FEMALE_HUMAN;mage11;None;STRATAGEMS;Slaver Wizard;;
DW#REMG2;HUMANOID;HUMAN;MAGE;MAGE_FEMALE_HUMAN;mage10c;None;STRATAGEMS;Bandit;;
DW#REMG3;HUMANOID;HUMAN;MAGE;MAGE_FEMALE_HUMAN;mage10d;None;STRATAGEMS;Bandit;;
DW#REMG4;HUMANOID;HUMAN;MAGE;MAGE_MALE_HUMAN;mage12b;None;STRATAGEMS;Bandit;;
DW#REPR1;HUMANOID;HUMAN;CLERIC;CLERIC_MALE_HUMAN;pries8a;None;STRATAGEMS;Bandit;;
DW#REPR2;HUMANOID;HUMAN;CLERIC;CLERIC_MALE_HUMAN;pries10c;None;STRATAGEMS;Bandit;;
DW#RNLG1;HUMANOID;KOBOLD;FIGHTER;GOBLIN_BOW;None;;STRATAGEMS;Goblin;;
DW#RNLG2;HUMANOID;KOBOLD;FIGHTER;GOBLIN_BOW;dw#rnlg2;;STRATAGEMS;Goblin;;
DW#RNLG3;HUMANOID;KOBOLD;FIGHTER;GOBLIN_BOW;dw#rnlg3;;STRATAGEMS;Goblin;;
DW#RNLR1;HUMANOID;HUMAN;FIGHTER;THIEF_MALE_HUMAN;dw#rnlr1;reband01;STRATAGEMS;Bandit;;
DW#RNLR2;HUMANOID;HUMAN;FIGHTER;THIEF_MALE_HUMAN;dw#rnlr2;reband02;STRATAGEMS;Bandit;;
DW#RNLR3;HUMANOID;HUMAN;FIGHTER;FIGHTER_MALE_HUMAN;reband03;reband03;STRATAGEMS;Bandit;;
DW#RNLR4;HUMANOID;HUMAN;FIGHTER;MAGE_FEMALE_HUMAN;reband04;reband04;STRATAGEMS;Bandit;;
DW#RNLR5;HUMANOID;HUMAN;FIGHTER;CLERIC_MALE_HUMAN;reband05;reband05;STRATAGEMS;Bandit;;
DW#RRAK1;HUMANOID;RAKSHASA;RAKSHASA;RAKSHASA;raksha01;None;STRATAGEMS;Rakshasa;;
DW#RRAK2;HUMANOID;RAKSHASA;RAKSHASA;RAKSHASA;rakruh01;None;STRATAGEMS;Ruhk;;
DW#RRAK3;HUMANOID;RAKSHASA;MAGE;RAKSHASA;rakraj01;None;STRATAGEMS;Rajah;;
DW#RRAK4;HUMANOID;RAKSHASA;MAGE;RAKSHASA;rakmah01;None;STRATAGEMS;Maharajah;;
DW#SBAIM;MONSTER;DEMONIC;TANARI;TANARRI;demosum2;demosum2;STRATAGEMS;Balor;;
DW#SENGL;MONSTER;DEMONIC;TANARI;GLABREZU;dglab01;None;STRATAGEMS;Glabrezu;;
DW#SENYL;MONSTER;DEMONIC;TANARI;DROW_FEMALE;GorTan3;None;STRATAGEMS;Yochlol;;
DW#SOLRA;KEY;NO_RACE;NO_CLASS;RAT;dw#solra;None;STRATAGEMS;Point;;
DW#SPHC2;HUMANOID;HUMAN;MAGE;MAGE_MALE_HUMAN;mage20;None;STRATAGEMS;Mage;;
DW#SPHCO;HUMANOID;HUMAN;MAGE;MAGE_MALE_HUMAN;mage20;None;STRATAGEMS;Mage;;
DW#SPHMI;GIANTHUMANOID;OGRE;OGRE;MINOTAUR;Ogre;;STRATAGEMS;Minotaur;Ogre;false
DW#SPHO1;HUMANOID;ORC;ORC;OROG;orc05;None;STRATAGEMS;Orog;;
DW#SPHO2;HUMANOID;ORC;ORC;OROG_ELITE;orc06;None;STRATAGEMS;Orog;;
DW#STINK;ANIMAL;NO_RACE;NO_CLASS;BIRD;dw#cldki;None;STRATAGEMS;Bird;;
DW#SUFFO;ANIMAL;NO_RACE;NO_CLASS;BIRD;dw#cldki;None;STRATAGEMS;Bird;;
DW#SWEET;ANIMAL;NO_RACE;NO_CLASS;BIRD;dw#cldki;None;STRATAGEMS;Bird;;
DW#TALMG;HUMANOID;ELF;MAGE;MAGE_FEMALE_HUMAN;mage16a;;STRATAGEMS;Shalline;;
DW#THR01;HUMANOID;ELF;MAGE;MAGE_FEMALE_HUMAN;mage16b;;STRATAGEMS;Thrall Wizard;;
DW#THR02;HUMANOID;ELF;MAGE;MAGE_FEMALE_HUMAN;mage16c;;STRATAGEMS;Thrall Wizard;;
DW#THR03;HUMANOID;HUMAN;FIGHTER;FIGHTER_MALE_HUMAN;None;None;STRATAGEMS;Thrall Fighter;;
DW#THR04;HUMANOID;HUMAN;FIGHTER;FIGHTER_MALE_HUMAN;None;None;STRATAGEMS;Thrall Fighter;;
DW#TYGOL;MONSTER;BEHOLDER;BEHOLDER;BEHOLDER;None;;STRATAGEMS;Tyrant Golem;;
DW#VMRAT;ANIMAL;NO_RACE;NO_CLASS;RAT;None;None;STRATAGEMS;Giant Rat;;
DW#VMWO1;ANIMAL;WOLF;WOLF_DIRE;WOLF_DIRE;None;;STRATAGEMS;Dire Wolf;DireWolf;false
DW#VMWO2;ANIMAL;WOLF;WOLF_DIRE;WOLF_DIRE;None;;STRATAGEMS;Dire Wolf;DireWolf;false
DW#VMWO3;MONSTER;WOLF;WOLF_DREAD;WOLF_DREAD;None;;STRATAGEMS;Dread Wolf;DreadWolf;false
DW#VMWO4;MONSTER;WOLF;WOLF_DREAD;WOLF_DREAD;None;;STRATAGEMS;Dread Wolf;DreadWolf;false
DW#VSTOR;ANIMAL;NO_RACE;NO_CLASS;BIRD;dw#cldki;None;STRATAGEMS;Bird;;
DW#WISH1;GIANTHUMANOID;GENIE;GENIE_DAO;DJINNI;Wish02;wish25;STRATAGEMS;Djinni;;
DW#WISH2;GIANTHUMANOID;GENIE;GENIE_DAO;DJINNI;Wish02;wish25;STRATAGEMS;Djinni;;
DW#WISH3;GIANTHUMANOID;GENIE;GENIE_DAO;DJINNI;Wish02;wish25;STRATAGEMS;Djinni;;
DW#WISH4;GIANTHUMANOID;GENIE;GENIE_DAO;DJINNI;Wish02;wish25;STRATAGEMS;Djinni;;
DW#WISH5;GIANTHUMANOID;GENIE;GENIE_DAO;DJINNI;Wish02;wish25;STRATAGEMS;Djinni;;
DW#WISH6;GIANTHUMANOID;GENIE;GENIE_DAO;DJINNI;Wish02;wish25;STRATAGEMS;Djinni;;
DW#WISH7;GIANTHUMANOID;GENIE;GENIE_DAO;DJINNI;Wish02;wish25;STRATAGEMS;Djinni;;
DW#WRFOG;ANIMAL;NO_RACE;NO_CLASS;BIRD;dw#cldki;None;STRATAGEMS;Bird;;
DW#YSDRA;MONSTER;DRAGON;RED_DRAGON;DRAGON_RED;DragRed;;STRATAGEMS;Brimstone;;
DWCUTCTR;HUMANOID;NO_RACE;NO_CLASS;BIRD;dwcutctr;None;STRATAGEMS;;;
DWDVGLAB;MONSTER;DEMONIC;FIGHTER_MAGE_CLERIC;GLABREZU;DEMGLAB;;STRATAGEMS;Glabrezu;;
DWDVPITF;MONSTER;DEMONIC;FIGHTER_MAGE_CLERIC;TANARRI;dempit;None;STRATAGEMS;Pit Fiend;;
GHJMU;MONSTER;SLIME;MUSTARD_JELLY;SLIME_MUSTARD;None;;STRATAGEMS;Mustard Jelly;MustardJelly;false
IMPBOD1;UNDEAD;VAMPIRE;MAGE;VAMPIRE;;;STRATAGEMS;Hazarmaveth;;
IMPBOD2;UNDEAD;VAMPIRE;MAGE;VAMPIRE_FEMALE;;;STRATAGEMS;Manasseh;;
PLYBEAR1;ANIMAL;BEAR;BEAR_BROWN;BEAR_BROWN;BEARBR;;STRATAGEMS;Brown Bear;BrownBear;true
PLYBEAR2;ANIMAL;BEAR;BEAR_BLACK;BEAR_BLACK;None;;STRATAGEMS;Black Bear;BlackBear;true
PLYJELL1;MONSTER;SLIME;MUSTARD_JELLY;SLIME_MUSTARD;None;;STRATAGEMS;Mustard Jelly;MustardJelly;true
D9AAAXX;HUMANOID;ORC;ORC;ORC_MELEE;orc01;D9AAAXX;BUTCHERY;Orc;;
D9AIWA2;HUMANOID;HUMAN;FIGHTER_CLERIC;CLERIC_MALE_HUMAN;pries12c;None;BUTCHERY;Blind Priest;;
D9AKEB01;ANIMAL;NO_RACE;NO_CLASS;SNAKE;snake01;None;BUTCHERY;Boalisk;;
D9AKEB03;ANIMAL;NO_RACE;NO_CLASS;SNAKE;snake01;None;BUTCHERY;Boalisk;;
D9AKEB0D;ANIMAL;NO_RACE;NO_CLASS;SNAKE;snake01;None;BUTCHERY;Boalisk;;
D9AKEB0X;ANIMAL;NO_RACE;NO_CLASS;SNAKE;snake01;None;BUTCHERY;Boalisk;;
D9ARPO01;ANIMAL;BEAR;BEAR_POLAR;BEAR_POLAR;None;;BUTCHERY;Mountain Bear;PolarBear;false
D9AST01;UNDEAD;GHOUL;GHOUL_GHAST;GHAST;None;;BUTCHERY;Ghast;Ghast;false
D9AST0G;UNDEAD;GHOUL;GHOUL_GHAST;GHAST;None;;BUTCHERY;Ghast;Ghast;false
D9AST0Y;UNDEAD;GHOUL;GHOUL_GHAST;GHAST;None;;BUTCHERY;Ghast;Ghast;false
D9ASTHH;UNDEAD;GHOUL;GHOUL_GHAST;GHAST;None;;BUTCHERY;Ghast;Ghast;false
D9BGUARD;UNDEAD;VAMPIRE;FIGHTER_MAGE;VAMPIRE;c6bguard;none;BUTCHERY;Guard;;
D9BRAIM;HUMANOID;HUMAN;CLERIC;CLERIC_MALE_HUMAN;pries12a;None;BUTCHERY;Blind Priest;;
D9BRAIX;HUMANOID;HUMAN;FIGHTER;FIGHTER_MALE_HUMAN;None;d9BRAIX;BUTCHERY;Elite Guard;;
D9C055;HUMANOID;ORC;ORC;OROG;orc05;None;BUTCHERY;Orog;;
D9C066;HUMANOID;ORC;ORC;OROG_ELITE;orc06;None;BUTCHERY;Orog;;
D9C0R;HUMANOID;ORC;ORC;ORC_ELITE_RANGE;orc02;;BUTCHERY;Orc Archer;;
D9C0Z;HUMANOID;ORC;ORC;ORC_MELEE;orc01;None;BUTCHERY;Orc;;
D9C0Z1;HUMANOID;ORC;ORC;ORC_MELEE;orc01;None;BUTCHERY;Orc;;
D9C0Z3;HUMANOID;ORC;ORC;ORC_MELEE;orc01;None;BUTCHERY;Orc;;
D9CAT;ANIMAL;CAT;HUNTER_CREATURE;GREATCAT_LEOPARD;None;;BUTCHERY;Spotted Lion;Leopard;false
D9CATJ;ANIMAL;CAT;HUNTER_CREATURE;GREATCAT_PANTHER;None;;BUTCHERY;Panther;Jaguar;false
D9CATT;ANIMAL;CAT;HUNTER_CREATURE;GREATCAT_PANTHER;None;;BUTCHERY;Panther;Jaguar;false
D9CAX;ANIMAL;CAT;HUNTER_CREATURE;GREATCAT_LEOPARD;None;;BUTCHERY;Spotted Lion;Leopard;false
D9DFBBB;MONSTER;SPECTRE;NO_CLASS;DOOM_GUARD;bodfgt02;None;BUTCHERY;Grimward Archer;;
D9DFGAAA;MONSTER;SPECTRE;NO_CLASS;DOOM_GUARD;bodfgt01;None;BUTCHERY;Grimwarder;;
D9DFGT01;MONSTER;SPECTRE;NO_CLASS;DOOM_GUARD;bodfgt01;None;BUTCHERY;Grimwarder;;
D9DFGT02;MONSTER;SPECTRE;NO_CLASS;DOOM_GUARD;bodfgt02;None;BUTCHERY;Grimward Archer;;
D9DFGT03;MONSTER;SPECTRE;NO_CLASS;DOOM_GUARD;bodfgt01;None;BUTCHERY;Grimwarder;;
D9DJJJ;MONSTER;SPECTRE;NO_CLASS;DOOM_GUARD;bodfgt01;None;BUTCHERY;Grimwarder;;
D9DRAZT;MONSTER;DRAGON;SILVER_DRAGON;DRAGON_SILVER;udsilver;D9DRAZTR;BUTCHERY;DrAzTiK;;
D9EARBL;ANIMAL;BEAR;BEAR_BLACK;BEAR_BLACK;None;;BUTCHERY;Black Bear;BlackBear;false
D9EARC01;HUMANOID;DWARF;FIGHTER;FIGHTER_MALE_DWARF_LOW;None;D9earc01;BUTCHERY;Duergar;;
D9EFEL01;GIANTHUMANOID;ELEMENTAL;ELEMENTAL_FIRE;ELEMENTAL_FIRE_SMALL;elefel01;;BUTCHERY;Lesser Fire Elemental;;
D9ELARAA;UNDEAD;SKELETON;SKELETON;SKELETON;skelar01;None;BUTCHERY;Skeleton Archer;Skeleton;false
D9ELARBB;UNDEAD;SKELETON;SKELETON;SKELETON;skelar01;None;BUTCHERY;Skeleton Archer;Skeleton;false
D9ELARFF;UNDEAD;SKELETON;SKELETON;SKELETON;D9ELARFF;D9ELARFF;BUTCHERY;Skeleton Archer;Skeleton;false
D9ELARFX;UNDEAD;SKELETON;SKELETON;SKELETON;D9ELARFX;D9ELARFX;BUTCHERY;Skeleton Archer;Skeleton;false
D9ELARGG;UNDEAD;SKELETON;SKELETON;SKELETON;D9ELARGG;D9ELARGG;BUTCHERY;Skeleton Archer;Skeleton;false
D9ELARKK;UNDEAD;SKELETON;SKELETON;SKELETON;D9ELARKK;D9ELARKK;BUTCHERY;Skeleton Archer;Skeleton;false
D9ELARTT;UNDEAD;SKELETON;SKELETON;SKELETON;skelar01;None;BUTCHERY;Skeleton Archer;Skeleton;false
D9ELARXX;UNDEAD;SKELETON;SKELETON;SKELETON;skelar01;None;BUTCHERY;Skeleton Archer;Skeleton;false
D9ELARYC;UNDEAD;SKELETON;SKELETON;SKELETON;D9ELARYC;D9ELARYC;BUTCHERY;Skeleton Archer;Skeleton;false
D9ELARYY;UNDEAD;SKELETON;SKELETON;SKELETON;skelar01;None;BUTCHERY;Skeleton Archer;Skeleton;false
D9ELARZZ;UNDEAD;SKELETON;SKELETON;SKELETON;skelar01;None;BUTCHERY;Skeleton Archer;Skeleton;false
D9ELSU11;UNDEAD;SKELETON;SKELETON_WARRIOR;SKELETON_MONSTER;None;;BUTCHERY;Skeleton Warrior;SkeletonWarrior;false
D9ELWA;UNDEAD;SKELETON;SKELETON_WARRIOR;SKELETON_WARRIOR;None;;BUTCHERY;Skeleton Warrior;SkeletonWarrior;false
D9EMAG01;HUMANOID;DWARF;MAGE;MAGE_MALE_DWARF_LOW;None;none;BUTCHERY;Mage;;
D9EMAG02;HUMANOID;DWARF;MAGE;MAGE_MALE_DWARF_LOW;None;none;BUTCHERY;Mage;;
D9FGT02;HUMANOID;HUMAN;DRUID;CLERIC_MALE_HUMAN;cefgt02;none;BUTCHERY;Shadow Druid;;
D9FGT04;HUMANOID;HUMAN;DRUID;CLERIC_FEMALE_ELF;cefgt04;none;BUTCHERY;Shadow Druid;;
D9FGT09;HUMANOID;HUMAN;DRUID;CLERIC_MALE_HUMAN;druid8a;d9FGT09;BUTCHERY;Shadow Druid;;
D9FGT0H;HUMANOID;HUMAN;DRUID;CLERIC_MALE_HUMAN;cefgt02;d9FGT0H;BUTCHERY;Shadow Druid;;
D9FIR;GIANTHUMANOID;ELEMENTAL;ELEMENTAL_FIRE;ELEMENTAL_FIRE;None;;BUTCHERY;Fire Elemental;;
D9GGGGG;UNDEAD;VAMPIRE;FIGHTER_THIEF;VAMPIRE;D9GGGGG;D9GGGGG;BUTCHERY;Fledgling Vampire;;
D9GUARD2;HUMANOID;HUMAN;FIGHTER;FIGHTER_MALE_HUMAN;None;BHGuard;BUTCHERY;Elite Guard;;
D9GUARD4;HUMANOID;HUMAN;FIGHTER;FIGHTER_MALE_HUMAN;None;BHGuard;BUTCHERY;Elite Guard;;
D9GUARD6;HUMANOID;HUMAN;FIGHTER;FIGHTER_MALE_HUMAN;None;BHGuard;BUTCHERY;Elite Guard;;
D9HCHF01;HUMANOID;SAHUAGIN;FIGHTER;SAHUAGIN_LARGE;None;;BUTCHERY;Elite Rebel;;
D9HGRD01;HUMANOID;SAHUAGIN;FIGHTER;SAHUAGIN;sahgrd01;sahgrd01;BUTCHERY;Rebel novice;;
D9HGRD02;HUMANOID;SAHUAGIN;FIGHTER;SAHUAGIN;sahgrd02;sahgrd02;BUTCHERY;Rebel novice;;
D9HGRD08;HUMANOID;SAHUAGIN;FIGHTER;SAHUAGIN;sahgrd01;sahgrd01;BUTCHERY;Rebel;;
D9HGRD09;HUMANOID;SAHUAGIN;FIGHTER;SAHUAGIN;sahgrd02;sahgrd02;BUTCHERY;Rebel;;
D9HGRD99;HUMANOID;SAHUAGIN;FIGHTER;SAHUAGIN;sahgrd02;sahgrd02;BUTCHERY;Sahuagin Royal Guard;;
D9HGRDOU;HUMANOID;SAHUAGIN;FIGHTER;SAHUAGIN;D9HGRDOU;D9HGRDOU;BUTCHERY;Rebel novice;;
D9HGRDOX;HUMANOID;SAHUAGIN;FIGHTER;SAHUAGIN;D9HGRDOX;D9HGRDOX;BUTCHERY;Rebel novice;;
D9HPR1;HUMANOID;SAHUAGIN;CLERIC;SAHUAGIN;sahpr1;none;BUTCHERY;High Priestess;;
D9HPR5;HUMANOID;SAHUAGIN;CLERIC;SAHUAGIN;sahpr5;sahpr5;BUTCHERY;Priestess novice;;
D9HPRI01;HUMANOID;SAHUAGIN;FIGHTER;SAHUAGIN_LARGE;None;;BUTCHERY;Elite Rebel;;
D9HRAMB3;HUMANOID;SAHUAGIN;CLERIC;SAHUAGIN;sahramb3;sahramb3;BUTCHERY;Priestess;;
D9IDGI01;MONSTER;SPIDER;SPIDER_GIANT;SPIDER_GIANT;spidgi01;;BUTCHERY;Giant Spider;GiantSpider;false
D9IDGI02;MONSTER;SPIDER;SPIDER_GIANT;SPIDER_GIANT;spidgi01;;BUTCHERY;Giant Spider;GiantSpider;false
D9IDGI03;MONSTER;SPIDER;SPIDER_GIANT;SPIDER_GIANT;spidgi01;;BUTCHERY;Giant Spider;GiantSpider;false
D9IDPH01;MONSTER;SPIDER;SPIDER_PHASE;SPIDER_PHASE;None;;BUTCHERY;Phase Spider;PhaseSpider;false
D9IDSM01;MONSTER;SPIDER;SPIDER_HUGE;SPIDER_SMALL;None;;BUTCHERY;Small Spider;HairySpider;false
D9IDSM02;MONSTER;SPIDER;SPIDER_HUGE;SPIDER_WRAITH;None;;BUTCHERY;Mutated Spider;HairySpider;false
D9IDSW01;MONSTER;SPIDER;SPIDER_SWORD;SPIDER_SWORD;None;;BUTCHERY;Sword Spider;SwordSpider;false
D9IDSW03;MONSTER;SPIDER;SPIDER_SWORD;SPIDER_SWORD;None;;BUTCHERY;Sword Spider;SwordSpider;false
D9IDSW0A;MONSTER;SPIDER;SPIDER_SWORD;SPIDER_SWORD;None;;BUTCHERY;Sword Spider;SwordSpider;false
D9IDSW0B;MONSTER;SPIDER;SPIDER_SWORD;SPIDER_SWORD;None;;BUTCHERY;Sword Spider;SwordSpider;false
D9IDSW0C;MONSTER;SPIDER;SPIDER_SWORD;SPIDER_SWORD;None;;BUTCHERY;Sword Spider;SwordSpider;false
D9IDSWXC;MONSTER;SPIDER;SPIDER_SWORD;SPIDER_SWORD;None;;BUTCHERY;Sword Spider;SwordSpider;false
D9LCLA01;GIANTHUMANOID;GOLEM;GOLEM_CLAY;GOLEM_CLAY;golcla01;;BUTCHERY;Clay Golem;ClayGolem;false
D9LFDI01;ANIMAL;WOLF;WOLF_DIRE;WOLF_DIRE;None;;BUTCHERY;Dire Wolf;DireWolf;false
D9LFDI02;ANIMAL;WOLF;WOLF_DIRE;WOLF_DIRE;None;;BUTCHERY;Dire Wolf;DireWolf;false
D9LFDI03;ANIMAL;WOLF;WOLF_DIRE;WOLF_DIRE;None;;BUTCHERY;Dire Wolf;DireWolf;false
D9LFDICC;ANIMAL;WOLF;WOLF_DIRE;WOLF_DIRE;None;;BUTCHERY;Dire Wolf;DireWolf;false
D9LFDICH;ANIMAL;WOLF;WOLF_DIRE;WOLF_DIRE;None;;BUTCHERY;Dire Wolf;DireWolf;false
D9LFDR01;MONSTER;WOLF;WOLF_DREAD;WOLF_DREAD;None;;BUTCHERY;Dread Wolf;DreadWolf;false
D9LFDR02;MONSTER;WOLF;WOLF_DREAD;WOLF_DREAD;None;;BUTCHERY;Dread Wolf;DreadWolf;false
D9LFDR03;MONSTER;WOLF;WOLF_DREAD;WOLF_DREAD;None;;BUTCHERY;Dread Wolf;DreadWolf;false
D9LFGR01;MONSTER;LYCANTHROPE;WOLFWERE;WEREWOLF_GREATER;GreaterWolf;None;BUTCHERY;Greater Wolfwere;;
D9LFLE01;GIANTHUMANOID;GOLEM;GOLEM_FLESH;A7!GOLEM_FLESH_PST;None;;BUTCHERY;Flesh Golem;FleshGolem;false
D9LFLE0X;GIANTHUMANOID;GOLEM;GOLEM_FLESH;A7!GOLEM_FLESH_PST;None;D9LFLE0X;BUTCHERY;Flesh Golem;FleshGolem;false
D9LFWE01;MONSTER;LYCANTHROPE;WEREWOLF;WEREWOLF;None;None;BUTCHERY;Wolfwere;;
D9LFWEXX;MONSTER;LYCANTHROPE;WEREWOLF;WEREWOLF;None;D9LFWEXX;BUTCHERY;Wolfwere;;
D9LFWI01;ANIMAL;WOLF;WOLF_WINTER;WOLF_WINTER;None;;BUTCHERY;Winter Wolf;WinterWolf;false
D9LGRFIR;MONSTER;SALAMANDER;ELEMENTAL_FIRE;SALAMANDER_FIRE;salgrfir;None;BUTCHERY;Salamander Noble;;
D9LICE01;GIANTHUMANOID;GOLEM;GOLEM_IRON;GOLEM_ICE;None;;BUTCHERY;Ice Golem;IronGolem;false
D9LIRO01;GIANTHUMANOID;GOLEM;GOLEM_IRON;GOLEM_IRON_IWD;None;;BUTCHERY;Iron Golem;IronGolem;false
D9LJUG01;GIANTHUMANOID;GOLEM;GOLEM_STONE;GOLEM_CLAY;None;;BUTCHERY;Juggernaut Golem;StoneGolem;false
D9LKILL2;GIANTHUMANOID;GOLEM;GOLEM_IRON;GOLEM_IRON;None;;BUTCHERY;Adamantite Golem;IronGolem;false
D9LLOC;MONSTER;SLIME;OCRE_JELLY;SLIME_OCHRE;None;;BUTCHERY;Ochre Jelly;OchreJelly;false
D9LMUS01;MONSTER;SLIME;MUSTARD_JELLY;SLIME_MUSTARD;None;;BUTCHERY;Mustard Jelly;MustardJelly;false
D9LSAN01;GIANTHUMANOID;GOLEM;GOLEM_CLAY;GOLEM_CLAY;None;;BUTCHERY;Sand Golem;ClayGolem;false
D9LSTO01;GIANTHUMANOID;GOLEM;GOLEM_STONE;GOLEM_CLAY;golsto01;;BUTCHERY;Stone Golem;StoneGolem;false
D9LTBH1;MONSTER;BEHOLDER;BEHOLDER;BEHOLDER_SMALL;None;Cultbh2;BUTCHERY;Gauth;;
D9LTBH3;MONSTER;BEHOLDER;BEHOLDER;BEHOLDER;cultbh3;Cultbh3;BUTCHERY;Beholder;;
D9MBJU01;UNDEAD;ZOMBIE;ZOMBIE_NORMAL;ZOMBIE;None;zombie;BUTCHERY;Zombie;;
D9MEM666;UNDEAD;VAMPIRE;FIGHTER_THIEF;VAMPIRE_FEMALE;vamemi01;None;BUTCHERY;Ancient Vampire;;
D9MEMI01;UNDEAD;VAMPIRE;FIGHTER_THIEF;VAMPIRE_FEMALE;vamemi01;None;BUTCHERY;Ancient Vampire;;
D9MF444;UNDEAD;VAMPIRE;FIGHTER_THIEF;VAMPIRE;None;None;BUTCHERY;Fledgling Vampire;;
D9MFLF01;UNDEAD;VAMPIRE;FIGHTER_THIEF;VAMPIRE_FEMALE;None;None;BUTCHERY;Fledgling Vampire;;
D9MFLM01;UNDEAD;VAMPIRE;FIGHTER_THIEF;VAMPIRE;None;None;BUTCHERY;Fledgling Vampire;;
D9MFLM03;UNDEAD;VAMPIRE;FIGHTER_THIEF;VAMPIRE;None;None;BUTCHERY;Fledgling Vampire;;
D9MFLMRF;UNDEAD;VAMPIRE;FIGHTER_THIEF;VAMPIRE;None;d9MFLMRF;BUTCHERY;Fledgling Vampire;;
D9MFVFV;UNDEAD;VAMPIRE;FIGHTER_THIEF;VAMPIRE;None;None;BUTCHERY;Fledgling Vampire;;
D9MFVVV;UNDEAD;VAMPIRE;FIGHTER_THIEF;VAMPIRE_FEMALE;None;None;BUTCHERY;Fledgling Vampire;;
D9MGRE01;UNDEAD;GHOUL;GHOUL_REVEANT;MUMMY;MUMGRE01;Mummy;BUTCHERY;Greater Mummy;Mummy;false
D9MMY;UNDEAD;GHOUL;GHOUL_REVEANT;MUMMY;Mummy01;Mummy;BUTCHERY;Mummy;Mummy;false
D9MSUC01;MONSTER;DEMONIC;TANARI;SIRINE;demsuc01;None;BUTCHERY;Succubus;;
D9MVER01;UNDEAD;VAMPIRE;FIGHTER_THIEF;VAMPIRE_FEMALE;vamver01;None;BUTCHERY;Elder Vampire;;
D9MVER02;UNDEAD;VAMPIRE;FIGHTER_THIEF;VAMPIRE_FEMALE;vamver01;None;BUTCHERY;Elder Vampire;;
D9OGR01;UNDEAD;GHOUL;GHOUL_GHAST;GHAST;None;;BUTCHERY;Greater Ghoul;Ghast;false
D9OGR0M;UNDEAD;GHOUL;GHOUL_GHAST;GHAST;None;;BUTCHERY;Greater Ghoul;Ghast;false
D9OGRRT;UNDEAD;GHOUL;GHOUL_GHAST;GHAST;None;;BUTCHERY;Greater Ghoul;Ghast;false
D9OGYYY;UNDEAD;GHOUL;GHOUL_GHAST;GHAST;None;;BUTCHERY;Greater Ghoul;Ghast;false
D9OLDE01;GIANTHUMANOID;TROLL;TROLL;TROLL;TROLDE01;;BUTCHERY;Desert Troll;;
D9OLGI01;GIANTHUMANOID;TROLL;TROLL;TROLL;Trolgi01;;BUTCHERY;Giant Troll;;
D9OLIC01;GIANTHUMANOID;TROLL;TROLL;TROLL_SMALL;None;;BUTCHERY;Ice Troll;;
D9OLICFF;GIANTHUMANOID;TROLL;TROLL;TROLL_SMALL;None;D9OLICFF;BUTCHERY;Ice Troll;;
D9OLL01;GIANTHUMANOID;TROLL;TROLL;TROLL;troll01;;BUTCHERY;Troll;;
D9OLL0R;GIANTHUMANOID;TROLL;TROLL;TROLL;troll01;;BUTCHERY;Troll;;
D9OLL0Y;GIANTHUMANOID;TROLL;TROLL;TROLL;troll01;;BUTCHERY;Troll;;
D9OLO999;UNDEAD;GHOUL;GHOUL;GHOUL;None;;BUTCHERY;Ghoul Lord;Ghoul;false
D9OLOR01;UNDEAD;GHOUL;GHOUL;GHOUL;None;;BUTCHERY;Ghoul Lord;Ghoul;false
D9OLSI01;GIANTHUMANOID;TROLL;SPECTRAL_TROLL;TROLL_BLUE;TROLSI01;;BUTCHERY;Spirit Troll;;
D9OLSP01;GIANTHUMANOID;TROLL;SPECTRAL_TROLL;TROLL_BLUE;TROLSP01;;BUTCHERY;Spectral Troll;;
D9P01;HUMANOID;IMP;IMP;IMP;None;None;BUTCHERY;Imp;;
D9PQUA01;HUMANOID;IMP;IMP;IMP;None;None;BUTCHERY;Quasit;;
D9REGR01;MONSTER;LYCANTHROPE;WEREWOLF;WEREWOLF_GREATER;None;None;BUTCHERY;Greater Werewolf;;
D9RUID;HUMANOID;HUMAN;DRUID;CLERIC_MALE_HUMAN;GDruid;none;BUTCHERY;Druid;;
D9SALFIA;MONSTER;SALAMANDER;ELEMENTAL_FIRE;SALAMANDER_FIRE;None;D9SALFIA;BUTCHERY;Salamander;;
D9SALFIR;MONSTER;SALAMANDER;ELEMENTAL_FIRE;SALAMANDER_FIRE;None;None;BUTCHERY;Salamander;;
D9SDEM04;MONSTER;DEMONIC;TANARI;GHAST;obsdem04;obsdem04;BUTCHERY;Maurezhi;;
D9STVA01;UNDEAD;MIST;MIST;MIST_CREATURE;mistva;None;BUTCHERY;Vampiric Mist;;
D9STVA03;UNDEAD;MIST;MIST;MIST_CREATURE;mistva;None;BUTCHERY;Vampiric Mist;;
D9TANOV;UNDEAD;VAMPIRE;MAGE;VAMPIRE_FEMALE;c6tanov;none;BUTCHERY;Vampire Mage;;
D9UID10A;HUMANOID;HUMAN;DRUID;CLERIC_MALE_HUMAN;druid10a;none;BUTCHERY;Elite Shadow Druid;;
D9UID10B;HUMANOID;HUMAN;DRUID;CLERIC_FEMALE_HUMAN;druid10b;none;BUTCHERY;Elite Shadow Druid;;
D9UID6A;HUMANOID;HUMAN;DRUID;CLERIC_MALE_HUMAN;druid6a;none;BUTCHERY;Shadow Druid novice;;
D9UID8A;HUMANOID;HUMAN;DRUID;CLERIC_MALE_HUMAN;druid8a;none;BUTCHERY;Shadow Druid;;
D9UID8B;HUMANOID;HUMAN;DRUID;CLERIC_FEMALE_ELF;druid8b;none;BUTCHERY;Shadow Druid;;
D9UMB01;MONSTER;UMBERHULK;UMBERHULK;UMBER_HULK;kpumb01;;BUTCHERY;Umber Hulk;;
D9UMB02;MONSTER;UMBERHULK;UMBERHULK;UMBER_HULK;kpumb01;;BUTCHERY;Umber Hulk;;
D9VALR2;HUMANOID;HUMAN;RANGER;FIGHTER_MALE_ELF;valran03;valran03;BUTCHERY;Shadow Ranger;;
D9VBEA9;ANIMAL;BEAR;BEAR_BROWN;BEAR_BROWN;None;;BUTCHERY;Brown Bear;BrownBear;false
D9VBEAE;ANIMAL;BEAR;BEAR_BROWN;BEAR_BROWN;None;;BUTCHERY;Brown Bear;BrownBear;false
D9VBEAR;ANIMAL;BEAR;BEAR_BROWN;BEAR_BROWN;None;;BUTCHERY;Brown Bear;BrownBear;false
D9VBEAT;ANIMAL;BEAR;BEAR_BROWN;BEAR_BROWN;None;;BUTCHERY;Brown Bear;BrownBear;false
D9YDEM01;MONSTER;DEMONIC;TANARI;FIEND_GREEN;abydem01;none;BUTCHERY;Tanar'ri;;
D9YUAN03;MONSTER;YUANTI;MAGE;YUAN-TI_PRIEST;YUANTI;None;BUTCHERY;Yuan-Ti Mage;;
D9YUAN05;MONSTER;YUANTI;MAGE;YUAN-TI_PRIEST;YUANTI;None;BUTCHERY;Yuan-ti Prince;;
D9YUAN0X;MONSTER;YUANTI;FIGHTER;YUAN-TI;YUANTI;D9YUAN0X;BUTCHERY;Yuan-ti ;;
D9YUGH;MONSTER;OTYUGH;OTYUGH;OTYUGH;None;;BUTCHERY;Otyugh;;
GOLIROXT;GIANTHUMANOID;GOLEM;GOLEM_IRON;GOLEM_IRON_IWD;None;GOLIROXT;BUTCHERY;Iron Golem;IronGolem;false
GOLIROXX;GIANTHUMANOID;GOLEM;GOLEM_IRON;GOLEM_IRON_IWD;None;GOLIROXX;BUTCHERY;Iron Golem;IronGolem;false
ORC033;HUMANOID;ORC;CLERIC;ORC_SHAMAN;orc03;;BUTCHERY;Orc Priest;;
ORC044;HUMANOID;ORC;MAGE;ORC_SHAMAN;orc04;;BUTCHERY;Orc Mage;;
A#AMNG;HUMANOID;HUMAN;INNOCENT;AMNIAN_SOLDIER;a#amng;amng1;CDTWEAKS;Amnish Soldier;;
A#AMNGH;HUMANOID;HUMAN;INNOCENT;AMNIAN_SOLDIER;a#amngh;amng1;CDTWEAKS;Amnish Soldier;;
A#AMNM;HUMANOID;HUMAN;MAGE;MAGE_FEMALE_HUMAN;A#AMNM;None;CDTWEAKS;Sanctioned Wizard;;
A#AMNMH;HUMANOID;HUMAN;MAGE;MAGE_FEMALE_HUMAN;a#amnmh;None;CDTWEAKS;Sanctioned Wizard;;
A#AMNP;HUMANOID;HUMAN;CLERIC;CLERIC_MALE_HUMAN;A#AMNP;;CDTWEAKS;Militia Cleric;;
A#AMNPH;HUMANOID;HUMAN;CLERIC;CLERIC_MALE_HUMAN;a#amnph;;CDTWEAKS;Militia Cleric;;
D5_MASK3;UNDEAD;SHADOW;SHADOW;SHADOW;None;;FAITHS_AND_POWERS;Shadow;Shadow;true
AMCONM03;HUMANOID;LEATHER;INNOCENT;HARLOT_WOMAN;amconw01;amfem01;hps_portraits_project;Commoner;;
AMFEM05;HUMANOID;HUMAN;INNOCENT;PEASANT_WOMAN;AMfem03;AMfem01;hps_portraits_project;Commoner;;
AMFEM06;HUMANOID;HUMAN;INNOCENT;HARLOT_WOMAN;AMfem04;AMfem02;hps_portraits_project;Commoner;;
AMMGRD06;HUMANOID;HUMAN;MONK;MONK_MALE_HUMAN;ammgrd01;ammgrd01;hps_portraits_project;Monk;;
AMMGRD07;HUMANOID;HUMAN;MONK;MONK_MALE_HUMAN;ammgrd01;ammgrd01;hps_portraits_project;Monk;;
AMNG10;HUMANOID;HUMAN;INNOCENT;AMNIAN_SOLDIER;None;amng2;hps_portraits_project;Amnian Soldier;;
AMNG11;HUMANOID;HUMAN;INNOCENT;AMNIAN_SOLDIER;None;amng2;hps_portraits_project;Amnian Soldier;;
AMNG12;HUMANOID;HUMAN;INNOCENT;AMNIAN_SOLDIER;None;amng2;hps_portraits_project;Amnian Soldier;;
AMNG13;HUMANOID;HUMAN;INNOCENT;AMNIAN_SOLDIER;None;amng2;hps_portraits_project;Amnian Soldier;;
AMNG14;HUMANOID;HUMAN;INNOCENT;AMNIAN_SOLDIER;None;amng2;hps_portraits_project;Amnian Soldier;;
AMNG15;HUMANOID;HUMAN;INNOCENT;AMNIAN_SOLDIER;None;amng2;hps_portraits_project;Amnian Soldier;;
AMNG16;HUMANOID;HUMAN;INNOCENT;AMNIAN_SOLDIER;None;amng2;hps_portraits_project;Amnian Soldier;;
AMNG17;HUMANOID;HUMAN;INNOCENT;AMNIAN_SOLDIER;None;amng2;hps_portraits_project;Amnian Soldier;;
AMNG18;HUMANOID;HUMAN;INNOCENT;AMNIAN_SOLDIER;None;amng2;hps_portraits_project;Amnian Soldier;;
AMNG19;HUMANOID;HUMAN;INNOCENT;AMNIAN_SOLDIER;None;amng2;hps_portraits_project;Amnian Soldier;;
AMNG20;HUMANOID;HUMAN;INNOCENT;AMNIAN_SOLDIER;None;amng2;hps_portraits_project;Amnian Soldier;;
AMNG21;HUMANOID;HUMAN;INNOCENT;AMNIAN_SOLDIER;None;amng2;hps_portraits_project;Amnian Soldier;;
AMNG22;HUMANOID;HUMAN;INNOCENT;AMNIAN_SOLDIER;None;amng2;hps_portraits_project;Amnian Soldier;;
AMNG23;HUMANOID;HUMAN;INNOCENT;AMNIAN_SOLDIER;None;amng2;hps_portraits_project;Amnian Soldier;;
AMNG24;HUMANOID;HUMAN;INNOCENT;AMNIAN_SOLDIER;None;amng2;hps_portraits_project;Amnian Soldier;;
AMNG3;HUMANOID;HUMAN;INNOCENT;AMNIAN_SOLDIER;None;amng2;hps_portraits_project;Amnian Soldier;;
AMNG4;HUMANOID;HUMAN;INNOCENT;AMNIAN_SOLDIER;None;amng2;hps_portraits_project;Amnian Soldier;;
AMNG5;HUMANOID;HUMAN;INNOCENT;AMNIAN_SOLDIER;None;amng2;hps_portraits_project;Amnian Soldier;;
AMNG6;HUMANOID;HUMAN;INNOCENT;AMNIAN_SOLDIER;None;amng2;hps_portraits_project;Amnian Soldier;;
AMNG7;HUMANOID;HUMAN;INNOCENT;AMNIAN_SOLDIER;None;amng2;hps_portraits_project;Amnian Soldier;;
AMNG8;HUMANOID;HUMAN;INNOCENT;AMNIAN_SOLDIER;None;amng2;hps_portraits_project;Amnian Soldier;;
AMNG9;HUMANOID;HUMAN;INNOCENT;AMNIAN_SOLDIER;None;amng2;hps_portraits_project;Amnian Soldier;;
BFTOWN4;HUMANOID;HALFLING;INNOCENT;FIGHTER_FEMALE_HALFLING_LOW;bftown3;bftown3;hps_portraits_project;Commoner;;
BFTOWN5;HUMANOID;HALFLING;INNOCENT;FIGHTER_FEMALE_HALFLING_LOW;bftown3;bftown3;hps_portraits_project;Commoner;;
BFTOWN6;HUMANOID;HUMAN;INNOCENT;PEASANT_WOMAN;None;bftown1;hps_portraits_project;Commoner;;
BGUARD2;HUMANOID;HUMAN;FIGHTER;FIGHTER_MALE_HUMAN;bguard1;bguard1;hps_portraits_project;Guard;;
BMTOWN5;HUMANOID;HUMAN;INNOCENT;PEASANT_MAN;None;bmtown2;hps_portraits_project;Peasant;;
BMTOWN6;HUMANOID;HUMAN;INNOCENT;PEASANT_MAN;None;bmtown1;hps_portraits_project;Peasant;;
BMTOWN7;HUMANOID;HUMAN;INNOCENT;PEASANT_MAN;None;bmtown2;hps_portraits_project;Peasant;;
BODYG3;HUMANOID;HUMAN;INNOCENT;FIGHTER_MALE_HUMAN;bodyg1;bodyg1;hps_portraits_project;Amnian Bodyguard;;
BPROST3;HUMANOID;HUMAN;INNOCENT;HARLOT_WOMAN;bprost1;bprost1;hps_portraits_project;Courtesan;;
BPROST4;HUMANOID;HUMAN;INNOCENT;HARLOT_WOMAN;None;bprost2;hps_portraits_project;Courtesan;;
DFISHER1;HUMANOID;HUMAN;INNOCENT;PEASANT_MAN;None;dfisher;hps_portraits_project;Fisherman;;
DFTOWN10;HUMANOID;HUMAN;INNOCENT;PEASANT_WOMAN;None;dftown1;hps_portraits_project;Commoner;;
DFTOWN11;HUMANOID;HUMAN;INNOCENT;PEASANT_WOMAN;None;dftown1;hps_portraits_project;Commoner;;
DFTOWN3;HUMANOID;HUMAN;INNOCENT;PEASANT_WOMAN;None;dftown1;hps_portraits_project;Commoner;;
DFTOWN4;HUMANOID;HUMAN;INNOCENT;PEASANT_WOMAN;None;dftown2;hps_portraits_project;Commoner;;
DFTOWN5;HUMANOID;HUMAN;INNOCENT;PEASANT_WOMAN;None;dftown2;hps_portraits_project;Commoner;;
DFTOWN6;HUMANOID;HUMAN;INNOCENT;PEASANT_WOMAN;None;dftown2;hps_portraits_project;Commoner;;
DFTOWN7;HUMANOID;HUMAN;INNOCENT;PEASANT_WOMAN;None;dftown2;hps_portraits_project;Commoner;;
DFTOWN8;HUMANOID;HUMAN;INNOCENT;PEASANT_WOMAN;None;dftown1;hps_portraits_project;Commoner;;
DFTOWN9;HUMANOID;HUMAN;INNOCENT;PEASANT_WOMAN;None;dftown1;hps_portraits_project;Commoner;;
DHARLOT3;HUMANOID;HUMAN;INNOCENT;HARLOT_WOMAN;None;dharlot1;hps_portraits_project;Harlot;;
DHARLOT4;HUMANOID;HUMAN;INNOCENT;HARLOT_WOMAN;None;dharlot1;hps_portraits_project;Harlot;;
DMTOWN3;HUMANOID;HUMAN;INNOCENT;PEASANT_MAN;None;dmtown1;hps_portraits_project;Peasant;;
DMTOWN4;HUMANOID;HUMAN;INNOCENT;PEASANT_MAN;None;dmtown1;hps_portraits_project;Peasant;;
DMTOWN5;HUMANOID;HUMAN;INNOCENT;PEASANT_MAN;None;dmtown1;hps_portraits_project;Peasant;;
DMTOWN6;HUMANOID;HUMAN;INNOCENT;PEASANT_MAN;None;dmtown2;hps_portraits_project;Peasant;;
DMTOWN7;HUMANOID;HUMAN;INNOCENT;PEASANT_MAN;None;dmtown2;hps_portraits_project;Peasant;;
DSAILOR3;HUMANOID;HUMAN;FIGHTER;SAILOR_MAN;None;dsailor2;hps_portraits_project;Sailor;;
DSAILOR4;HUMANOID;HUMAN;FIGHTER;SAILOR_MAN;None;dsailor1;hps_portraits_project;Sailor;;
DSAILOR5;HUMANOID;HUMAN;FIGHTER;SAILOR_MAN;None;dsailor2;hps_portraits_project;Sailor;;
GFTOWN03;HUMANOID;HUMAN;INNOCENT;PEASANT_WOMAN;None;Gftown01;hps_portraits_project;Commoner;;
GFTOWN04;HUMANOID;HUMAN;INNOCENT;PEASANT_WOMAN;None;Gftown01;hps_portraits_project;Commoner;;
GMTOWN03;HUMANOID;HUMAN;INNOCENT;FAT_MAN;None;Gmtown01;hps_portraits_project;Commoner;;
GNOBLEF3;HUMANOID;HUMAN;INNOCENT;NOBLE_WOMAN;None;Gnoblef1;hps_portraits_project;Noblewoman;;
GNOBLEM3;HUMANOID;HUMAN;INNOCENT;NOBLE_MAN;None;gnoblem1;hps_portraits_project;Nobleman;;
GROMG16;HUMANOID;HUMAN;FIGHTER;FIGHTER_MALE_HUMAN;gromg01;gromg01;hps_portraits_project;Il-Khan Soldier;;
LATKNI03;HUMANOID;HUMAN;FIGHTER;FIGHTER_MALE_HUMAN;latkni01;latkni01;hps_portraits_project;Morning Knight;;
LATKNI04;HUMANOID;HUMAN;FIGHTER;FIGHTER_MALE_HUMAN;latkni01;latkni01;hps_portraits_project;Morning Knight;;
PIRCOM03;HUMANOID;HUMAN;INNOCENT;FAT_MAN;pircom01;pircom01;hps_portraits_project;Commoner;;
PIRCOM04;HUMANOID;HUMAN;INNOCENT;FAT_WOMAN;pircom02;pircom02;hps_portraits_project;Commoner;;
PIRDOC02;HUMANOID;DWARF;FIGHTER;SAILOR_MAN;pirdoc01;pirdoc01;hps_portraits_project;Dockhand;;
PIRFSH03;HUMANOID;HUMAN;FIGHTER;PEASANT_WOMAN;pirfsh02;pirfsh02;hps_portraits_project;Fishwife;;
PIRFSH04;HUMANOID;HUMAN;FIGHTER;PEASANT_MAN;pirfsh01;pirfsh01;hps_portraits_project;Fisherman;;
PIRFSH05;HUMANOID;HUMAN;FIGHTER;PEASANT_MAN;pirfsh01;pirfsh01;hps_portraits_project;Fisherman;;
PIRFSH06;HUMANOID;HUMAN;FIGHTER;PEASANT_MAN;pirfsh01;pirfsh01;hps_portraits_project;Fisherman;;
PIRFSH07;HUMANOID;HUMAN;FIGHTER;PEASANT_WOMAN;pirfsh02;pirfsh02;hps_portraits_project;Fishwife;;
PIRSAL03;HUMANOID;HUMAN;CLERIC;CLERIC_FEMALE_HUMAN;pirsal02;pirsal02;hps_portraits_project;Sailor;;
PIRSAL04;HUMANOID;HALFLING;INNOCENT;SAILOR_MAN;pirsal01;pirsal01;hps_portraits_project;Sailor;;
PIRSAL05;HUMANOID;HALFLING;INNOCENT;SAILOR_MAN;pirsal01;pirsal01;hps_portraits_project;Sailor;;
PIRSAL06;HUMANOID;HALFLING;INNOCENT;SAILOR_MAN;pirsal01;pirsal01;hps_portraits_project;Sailor;;
SARFEM05;HUMANOID;HUMAN;INNOCENT;FAT_WOMAN;sarfem01;sarfem01;hps_portraits_project;Peasant;;
SARFEM06;HUMANOID;HUMAN;INNOCENT;PEASANT_WOMAN;sarfem03;sarfem03;hps_portraits_project;Peasant;;
SARGRD17;HUMANOID;HUMAN;FIGHTER;FIGHTER_MALE_HUMAN;sargrd02;sargrd02;hps_portraits_project;Militia Guard;;
SARGRD18;HUMANOID;HUMAN;FIGHTER;FIGHTER_MALE_HUMAN;sargrd02;sargrd02;hps_portraits_project;Militia Guard;;
SARGRD21;HUMANOID;HUMAN;FIGHTER;FIGHTER_MALE_HUMAN;sargrd02;sargrd02;hps_portraits_project;Militia Guard;;
SARMAN05;HUMANOID;HUMAN;INNOCENT;PEASANT_MAN;sarman04;sarman04;hps_portraits_project;Peasant;;
SLHALF03;HUMANOID;HALFLING;INNOCENT;FIGHTER_MALE_HALFLING;None;Slhalf01;hps_portraits_project;Halfling Man;;
SLHALF04;HUMANOID;HALFLING;INNOCENT;CLERIC_FEMALE_HALFLING;None;Slhalf02;hps_portraits_project;Halfling Woman;;
SLHALF05;HUMANOID;HALFLING;INNOCENT;CLERIC_FEMALE_HALFLING;None;Slhalf02;hps_portraits_project;Halfling Woman;;
SLUMF3;HUMANOID;HUMAN;INNOCENT;PEASANT_WOMAN;None;slumf1;hps_portraits_project;Commoner;;
SLUMF4;HUMANOID;HUMAN;INNOCENT;STATIC_FAT_WOMAN;None;slumf2;hps_portraits_project;Commoner;;
SLUMF5;HUMANOID;HUMAN;INNOCENT;STATIC_FAT_WOMAN;None;slumf2;hps_portraits_project;Commoner;;
SLUMM10;HUMANOID;HUMAN;INNOCENT;PEASANT_MAN;None;slumm3;hps_portraits_project;Peasant;;
SLUMM11;HUMANOID;HUMAN;INNOCENT;PEASANT_MAN;None;slumm3;hps_portraits_project;Peasant;;
SLUMM12;HUMANOID;HUMAN;INNOCENT;PEASANT_MAN;None;slumm3;hps_portraits_project;Peasant;;
SLUMM13;HUMANOID;HUMAN;INNOCENT;FAT_MAN;None;slumm4;hps_portraits_project;Peasant;;
SLUMM14;HUMANOID;HUMAN;INNOCENT;FAT_MAN;None;slumm4;hps_portraits_project;Peasant;;
SLUMM15;HUMANOID;HUMAN;INNOCENT;FAT_MAN;None;slumm4;hps_portraits_project;Peasant;;
SLUMM16;HUMANOID;HUMAN;INNOCENT;FAT_MAN;None;slumm4;hps_portraits_project;Peasant;;
SLUMM5;HUMANOID;HUMAN;INNOCENT;PEASANT_MAN;None;slumm1;hps_portraits_project;Peasant;;
SLUMM6;HUMANOID;HUMAN;INNOCENT;PEASANT_MAN;None;slumm1;hps_portraits_project;Peasant;;
SLUMM7;HUMANOID;HUMAN;INNOCENT;PEASANT_MAN;None;slumm1;hps_portraits_project;Peasant;;
SLUMM8;HUMANOID;HUMAN;INNOCENT;PEASANT_MAN;None;slumm1;hps_portraits_project;Peasant;;
SLUMM9;HUMANOID;HUMAN;INNOCENT;PEASANT_MAN;None;slumm2;hps_portraits_project;Peasant;;
TRFTOW06;HUMANOID;HUMAN;INNOCENT;PEASANT_WOMAN;trftow03;trftow03;hps_portraits_project;Peasant;;
TRFTOW07;HUMANOID;HUMAN;INNOCENT;PEASANT_WOMAN;trftow03;trftow03;hps_portraits_project;Peasant;;
TRFTOW08;HUMANOID;HALFLING;INNOCENT;FIGHTER_FEMALE_HALFLING_LOW;trftow04;trftow04;hps_portraits_project;Peasant;;
TRFTOW09;HUMANOID;HALFLING;INNOCENT;FIGHTER_FEMALE_HALFLING_LOW;trftow04;trftow04;hps_portraits_project;Peasant;;
TRFTOW10;HUMANOID;HUMAN;INNOCENT;FAT_WOMAN;trftow05;trftow05;hps_portraits_project;Peasant;;
TRFTOW11;HUMANOID;HUMAN;INNOCENT;FAT_WOMAN;trftow05;trftow05;hps_portraits_project;Peasant;;
TRMTOW06;HUMANOID;HALFLING;INNOCENT;FIGHTER_MALE_HALFLING;trmtow03;trmtow03;hps_portraits_project;Peasant;;
TRMTOW07;HUMANOID;HUMAN;INNOCENT;FAT_MAN;trmtow04;trmtow04;hps_portraits_project;Peasant;;
TRMTOW08;HUMANOID;HUMAN;INNOCENT;FAT_MAN;trmtow04;trmtow04;hps_portraits_project;Peasant;;
TRMTOW09;HUMANOID;HUMAN;INNOCENT;FAT_MAN;trmtow05;trmtow05;hps_portraits_project;Peasant;;
TRMTOW10;HUMANOID;HALFLING;INNOCENT;FIGHTER_MALE_HALFLING;trmtow03;trmtow03;hps_portraits_project;Peasant;;
TRNOBF03;HUMANOID;HUMAN;INNOCENT;NOBLE_WOMAN;trnobf02;trnobf02;hps_portraits_project;Noblewoman;;
TRNOBF04;HUMANOID;HUMAN;INNOCENT;NOBLE_WOMAN;trnobf02;trnobf02;hps_portraits_project;Noblewoman;;
TRNOBM03;HUMANOID;HUMAN;INNOCENT;NOBLE_MAN;trnobm02;trnobm02;hps_portraits_project;Nobleman;;
TRNOBM04;HUMANOID;HUMAN;INNOCENT;NOBLE_MAN;trnobm02;trnobm02;hps_portraits_project;Nobleman;;
