stratagems: 73 new, 2432 changed

NEW (73):
  DW#AMARA  Druid
  DW#ANGSK  Skeleton Warrior
  DW#C3BT1  Blacktalon Elite
  DW#C3BT2  Blacktalon Elite
  DW#C3BT3  Blacktalon Elite
  DW#C3CBT  Blacktalon Elite
  DW#C3CHE  Hobgoblin Elite
  DW#C3HB1  Hobgoblin Elite
  DW#C3HB2  Hobgoblin Elite
  DW#C51    Shennara
  DW#C52    Kaalos
  DW#CARSA  Carsa
  DW#CLDKI  Bird
  DW#CLPES  Bird
  DW#CLWEB  Bird
  DW#DAFLA  Blacktalon Elite
  DW#DAFLU  Guard
  DW#DAVHO  Battle Horror
  DW#DEFOG  Bird
  DW#DIARM  Diarmid
  DW#DIASK  Skeleton Warrior
  DW#DOP7   Greater Doppelganger
  DW#DOP71  Greater Doppelganger
  DW#DOP72  Greater Doppelganger
  DW#DOP73  Greater Doppelganger
  DW#DOP74  Greater Doppelganger
  DW#DOP75  Greater Doppelganger
  DW#DOPSS  Doppelganger
  DW#DOPZO  Doppelganger
  DW#FSTOR  Bird
  DW#HDP7   Greater Doppelganger
  DW#HDP71  Greater Doppelganger
  DW#HDP72  Greater Doppelganger
  DW#HDP73  Doppelganger Assassin
  DW#HDP74  Doppelganger Shaman
  DW#HDP75  Doppelganger Mage
  DW#INCEN  Bird
  DW#ISTOR  Bird
  DW#IZEFI  Druid
  DW#KBACH  Kobold Chieftain
  DW#KBACM  Kobold Commando
  DW#KBAGD  Kobold Guard
  DW#KBAS2  Kobold Shaman
  DW#KBASH  Kobold Shaman
  DW#KOBCH  Kobold Chieftain
  DW#KOBGD  Kobold Guard
  DW#KOBSH  Kobold Shaman
  DW#LENWI  Wizard Eye
  DW#METEO  Bird
  DW#MIHOA  Hobgoblin
  DW#MIHOB  Hobgoblin
  DW#MIHOE  Hobgoblin Elite
  DW#MULKA  Kobold
  DW#MULKC  Kobold Commando
  DW#MULSA  Skeleton
  DW#MULSK  Skeleton
  DW#OGHOB  Hobgoblin Elite
  DW#PUMB3  Priestess of Umberlee
  DW#PUMB4  Priestess of Umberlee
  DW#REWO   Dread Wolf
  DW#SEMSK  Skeleton Warrior
  DW#STINK  Bird
  DW#SUFFO  Bird
  DW#SWEET  Bird
  DW#TAKIY  Druid
  DW#ULCGR
  DW#ULCWO  Wolf of Ulcaster
  DW#VSTOR  Bird
  DW#WRFOG  Bird
  GOLSTO01  I am quite sure that the membership of a thieves' guild would include several people capable of whatever you ask. Danger of being recognized seems a minor concern if one is able to not be seen at all. Why do you need me?
  PLYBEAR1  Brown Bear
  PLYBEAR2  Black Bear
  PLYJELL1  Mustard Jelly

CHANGED (2432):
  AASIM     Aasim
    overrideScript: SHOUT -> dw#gpsht
    classScript: PRIEST5 -> 
    defaultScript: WTASIGHT -> dw#pr0
  AC#BASGR  Greater Basilisk
    defaultScript: WTASIGHT -> dw1ranmo
  AC#CUST3  Commoner
    overrideScript: SHOUT -> dw#innhl
  AC#CUST4  Noblewoman
    overrideScript: SHOUT -> dw#innhl
    defaultScript: WTASIGHT -> dw1melge
  AC#CUST5  Noblewoman
    overrideScript: SHOUT -> dw#innhl
    defaultScript: WTASIGHT -> dw1melge
  AC#FP1W1  Wererat
    general: HUMANOID -> MONSTER
    classScript: WTASIGHT -> 
    defaultScript:  -> dw1melge
  AC#FP1W2  Wererat
    general: HUMANOID -> MONSTER
    classScript: WTASIGHT -> 
    defaultScript:  -> dw1melge
  AC#FP1W3  Wererat
    general: HUMANOID -> MONSTER
  AC#FP2O1  Ogre
    defaultScript: WTASIGHT -> dw1melge
  AC#FP2O2  Ogre
    defaultScript: WTASIGHT -> dw1melge
  AC#FP2OT  Thrall
    defaultScript: WTASIGHT -> dw1melge
  AC#FP2ZO  Zombie
    defaultScript: WTASIGHT -> dw1melmo
  AC#FPCLG  Clay Golem
    raceScript: WTASIGHT -> 
    defaultScript: NONE -> dw1melmo
  AC#FPCLY  Lesser Clay Golem
    raceScript: WTASIGHT -> 
    defaultScript: NONE -> dw1melmo
  AC#FPDTY  Death Tyrant
    defaultScript: WTASIGHT -> dw1melge
  AC#FPGHL  Ghoul
    defaultScript: WDASIGHT -> dw1melge
  AC#FPLAD  Etate
    general: HUMANOID -> MONSTER
  AC#FPMDS  Mindshadow
    defaultScript: WTASIGHT -> dw1melge
  AC#FPMMY  Bog Mummy
    defaultScript: WTASIGHT -> dw1melge
  AC#FPOBL  Oblex
    defaultScript: WTASIGHT -> dw1ranmo
  AC#FPOTY  Otyugh
    defaultScript: WTASIGHT -> dw1melmo
  AC#FPOX1  Obliviax
    defaultScript: WTASIGHT -> dw1melmo
  AC#FPPR1  Rennack
    defaultScript: WTARSGT -> dw1melth
  AC#FPRA2  Rat
    defaultScript: WTASIGHT -> dw1melmo
  AC#FPRTP  Rat
    defaultScript: WTASIGHT -> dw1melmo
  AC#FPSHD  Shadow
    defaultScript: WTASIGHT -> dw1melge
  AC#FPSLT  Slithering Tracker
    defaultScript: WTASIGHT -> dw1ranmo
  AC#FPSWM  Sewerm
    defaultScript: WTASIGHT -> dw1melmo
  AC#FPWP2  White Blob
    defaultScript: WTASIGHT -> dw1ranmo
  AC#FPWPU  White Blob
    defaultScript: WTASIGHT -> dw1ranmo
  AC#FPWRW  Ralx
    general: HUMANOID -> MONSTER
  AC#MUGG1  Viceak
    general: HUMANOID -> MONSTER
    classScript: WTASIGHT -> 
    defaultScript: NONE -> dw1melge
  AC#MUGG2  Rickul
    general: HUMANOID -> MONSTER
    classScript: WTASIGHT -> 
    defaultScript: NONE -> dw1melge
  AC#PEAS1  Noblewoman
    overrideScript: SHOUT -> dw#innhl
    defaultScript: WTASIGHT -> dw1melge
  AC#PEAS2  Noblewoman
    overrideScript: SHOUT -> dw#innhl
    defaultScript: WTASIGHT -> dw1melge
  AC#PEAS3  Commoner
    defaultScript: WTASIGHT -> dw1melge
  AC#RAT01  Rat
    defaultScript: WTASIGHT -> dw1melmo
  AC#WEHU1  Rogue
    general: HUMANOID -> MONSTER
    defaultScript: WTASIGHT -> dw1ranth
  AC#WEHU2  Rogue
    general: HUMANOID -> MONSTER
    defaultScript: WTASIGHT -> dw1ranth
  AC#WEHU3  Rogue
    general: HUMANOID -> MONSTER
    defaultScript: WTASIGHT -> dw1ranth
  AC#WEHU4  Rogue
    general: HUMANOID -> MONSTER
    defaultScript: WTASIGHT -> dw1ranth
  AC#WERA1  Wererat
    general: HUMANOID -> MONSTER
    classScript: WTASIGHT -> 
    defaultScript: NONE -> dw1melge
  AC#WERA2  Diseased Wererat
    general: HUMANOID -> MONSTER
    classScript: WTASIGHT -> 
    defaultScript: NONE -> dw1melge
  AC#WERAD
    general: HUMANOID -> MONSTER
  AC#WRIM1  Wrimbog
    defaultScript: WTASIGHT -> dw1melge
  ACGNOLL1  Gnoll Chieftain
    raceScript: WTASIGHT -> 
    defaultScript: None -> dw1melge
  ACGNOLL2  Gnoll Bodyguard
    raceScript: WTASIGHT -> 
    defaultScript: None -> dw1melge
  ACHEN     Statue
    overrideScript: SHOUT -> 
  ACQ10102  Tarash
    raceScript: WTASIGHT -> 
    defaultScript:  -> dw1melge
  ACQ10103  Assasin
    raceScript: WTARSGT -> 
    defaultScript:  -> dw1ranas
  ACQ10106  Draglon
    raceScript: WTASIGHT -> 
    defaultScript:  -> dw1melth
  ACQ10107  Cultist
    raceScript: WTASIGHT -> 
    defaultScript:  -> dw1melge
  ACQ10108  Cultist
    raceScript: WTARSGT -> 
    defaultScript:  -> dw1range
  ACQ10109  Abbathor Fanatic
    raceScript: WTASIGHT -> 
    defaultScript:  -> dw1melbe
  ACQ10110  Abbathor Cleric
    raceScript: PRIEST5 -> 
    defaultScript:  -> dw#pr1
  ACQ10112  Dwarf
    raceScript: WTASIGHT -> 
    defaultScript:  -> dw1melth
  ACQ10113  Galder
    raceScript: WTASIGHT -> 
    defaultScript:  -> dw1melge
  ACQ10114  Therk
    raceScript: WTARSGT -> 
    defaultScript:  -> dw1melge
  ACQ10115  Jarger
    raceScript: WTARSGT -> 
    defaultScript:  -> dw1ranth
  ACQ10116  Wostok
    raceScript: PRIEST5 -> 
    defaultScript:  -> dw#pr2
  ACQ10117  Jassir
    raceScript: WTASIGHT -> 
    defaultScript:  -> dw1melge
  ACQ10118  Jenna
    raceScript: MAGE6 -> 
    defaultScript:  -> dw#mg9
  ACQ10119  Shadow
    raceScript: WTASIGHT -> 
    defaultScript:  -> dw1melge
  ACQ11001  Agnus
    raceScript: WTASIGHT -> 
    defaultScript:  -> dw1melbe
  ACQ11002  Teliel
    raceScript: MAGE2 -> 
    defaultScript:  -> dw#mg10
  ACQ11003  Udolf
    raceScript: WTASIGHT -> 
    defaultScript:  -> dw1melth
  ACQ12001  Mrs. Brunnstein
    classScript: SHOUT -> dw#innhl
  ACQ12004  Barin
    raceScript: WTARSGT -> 
    defaultScript:  -> dw1range
  ACQ13001  Kessy
    classScript: SHOUT -> dw#innhl
  ACQ13002  Ugh
    classScript: WTASIGHT -> 
    defaultScript: None -> dw1melge
  ACQ13004  Rabbit Breeder
    classScript: SHOUT -> dw#innhl
  ACQ15001  Aphriel
    defaultScript: WTARSGT -> dw1ranar
  ACQ16001  Aiwell
    class: SORCERER -> MAGE
    raceScript: MAGE2 -> 
    defaultScript:  -> dw#mg11
  ACQ16002  Werewolf
    general: HUMANOID -> MONSTER
    classScript: WTASIGHT -> 
    defaultScript: None -> dw1melge
  ACQ16003  Tonder
    raceScript: WTASIGHT -> 
    defaultScript:  -> dw1melge
  ACQ17001  Ygnatz
    raceScript: MAGE6 -> 
    defaultScript:  -> dw#mg12
  ACQ17002  Karlini
    raceScript: MAGE7 -> 
    defaultScript:  -> dw#mg13
  ACQ17003  Balor
    defaultScript: WTASIGHT -> dw1melge
  ACQ18001  Mutated Gibberling
    classScript: WTASIGHT -> 
    defaultScript: WTASIGHT -> dw1melmo
  ACQ18002  Geraldo
    classScript: MAGE2 -> 
    defaultScript:  -> dw#mg14
  ACQ18004  Mutated Gibberling
    classScript: WTASIGHT -> 
    defaultScript: WTASIGHT -> dw1melmo
  ACQ18324  Mutated Gibberling
    classScript: WTASIGHT -> 
    defaultScript: WTASIGHT -> dw1melmo
  ACQ18325  Mutated Gibberling
    classScript: WTASIGHT -> 
    defaultScript: WTASIGHT -> dw1melmo
  ACQ18611  Mutated Gibberling
    classScript: WTASIGHT -> 
    defaultScript: WTASIGHT -> dw1melmo
  ACQ19001  Mandy
    classScript: SHOUT -> dw#innhl
  ACQ19002  Ashley
    classScript: SHOUT -> dw#innhl
  ACQ19003  Cindy
    classScript: SHOUT -> dw#innhl
  ACUMBHUL  Umber Hulk
    defaultScript: WTASIGHT -> dw1melmo
  ADDY      Addy
    overrideScript: SHOUT -> dw#innhl
  AGNASI    Agnasia
    overrideScript: SHOUT -> dw#urbhl
    defaultScript: WTASIGHT -> dw1melge
  AJANTD    Ajantis
    defaultScript: wtasight -> dw1melpa
  ALAI      Alai
    overrideScript: SHOUT -> dw#gpsht
    classScript: MAGE6 -> 
    defaultScript: wtarsgt -> dw#mg15
  ALANBL    Alan Blackblade
    defaultScript: wtasight -> dw1melth
  ALATOS    Alatos "Ravenscar" Thuibuld
    overrideScript: RR#PICKP -> dw#gpsht
    classScript: None -> RR#PICKP
    defaultScript: WTASIGHT -> dw1melth
  ALBERT    Albert
    defaultScript: wtasight -> dw1melge
  ALDETH    Aldeth Sashenstar
    overrideScript: SHOUT -> dw#gpsht
    defaultScript: WTASIGHT -> dw1melge
  ALEXAN    Alexander
    overrideScript: SHOUT -> dw#gpsht
    classScript: WTARSGT -> 
    defaultScript: None -> dw1range
  ALGERN    Algernon
    overrideScript: SHOUT -> dw#innhl
  ALVANH    Alvanhendar
    overrideScript: SHOUT -> dw#urbhl
    classScript: PRIEST5 -> 
    defaultScript: WTARSGT -> dw#pr3
    weapon2:  -> BLUN04
  ALYTH     "Lady" Alyth Elendara
    overrideScript: SHOUT -> dw#urbhl
  AMARAN    Amarande
    deathvar: None -> amara
    level: 10 -> 11
    overrideScript: INITDLG -> dw#amara
    classScript: PRIEST3 -> dw#gpsht
    raceScript: None -> dw#shdlg
    defaultScript: WTASIGHT -> dw#pr84
    weapon2:  -> DW#SHNBR
  AMNIS     Amnian Soldier
    overrideScript: SHOUT -> dw#urbhl
    raceScript: SEEENEMY -> dw#nimso
    defaultScript: WTARSGT -> dw1range
  AMNIS2    Amnian Soldier
    overrideScript: SHOUT -> dw#urbhl
    defaultScript: wtarsgt -> dw1range
  AMNIS3    Amnian Soldier
    overrideScript: SHOUT -> dw#urbhl
    defaultScript: WTARSGT -> dw1range
  AMNIS3A   Amnian Soldier
    overrideScript: SHOUT -> dw#urbhl
    defaultScript: WTARSGT -> dw1range
  AMNIS3B   Amnian Soldier
    overrideScript: SHOUT -> dw#urbhl
    defaultScript: WTARSGT -> dw1range
  AMNIS4    Amnian Soldier
    overrideScript: SHOUT -> dw#urbhl
    defaultScript: WTARSGT -> dw1range
  AMNISE    Amnian Soldier
    overrideScript: RR#PICKP -> dw#urbhl
    classScript: SHOUT -> RR#PICKP
    defaultScript: WTARSGT -> dw1range
  AMNISE2   Amnian Soldier
    overrideScript: RR#PICKP -> dw#urbhl
    classScript: SHOUT -> RR#PICKP
    defaultScript: WTARSGT -> dw1range
  AMNISE3   Amnian Soldier
    overrideScript: RR#PICKP -> dw#urbhl
    classScript: SHOUT -> RR#PICKP
    defaultScript: WTARSGT -> dw1range
  AMNISE4   Amnian Soldier
    overrideScript: RR#PICKP -> dw#urbhl
    classScript: SHOUT -> RR#PICKP
    defaultScript: WTARSGT -> dw1range
  AMNISE5   Amnian Soldier
    overrideScript: RR#PICKP -> dw#urbhl
    classScript: SHOUT -> RR#PICKP
    defaultScript: WTARSGT -> dw1range
  AMSLEEP   Amnian Soldier
    overrideScript: SHOUT -> dw#urbhl
    defaultScript: WTARSGT -> dw1range
  ANDOUT    Andout
    overrideScript: SHOUT -> dw#innhl
  ANDRIS    Andris
    defaultScript: WTASIGHT -> dw#mg16
    amulet:  -> MINHP1
  ANGELO    Angelo
    classScript: MAGE3 -> 
    defaultScript: WTASIGHT -> dw#mg17
  AOLN      Aoln
    overrideScript: SHOUT -> dw#urbhl
    defaultScript: wtarsgt -> dw1range
  ARCHDR    The Archdruid
    overrideScript: SHOUT -> dw#gpsht
    raceScript: PRIEST4 -> 
    defaultScript: WTASIGHT -> dw#pr5
    weapon2:  -> DW#SHNBR
  ARDENO    Ardenor Crush
    overrideScript: RR#PICKP -> bandit
    classScript: SHOUT -> dw#prsht
    raceScript: None -> RR#PICKP
    defaultScript: wtasight -> dw1melge
  ARDROU    Ardrouine
    overrideScript: SHOUT -> dw#innhl
  ARGHAI    Arghain
    overrideScript: ARGHA -> dw#gpsht
    classScript: None -> ARGHA
    raceScript: WTASIGHT -> 
    defaultScript: None -> dw1melge
  ARGHH     Argh
    race: OGRE -> GOLEM
    class: OGRE -> GOLEM_STONE
    anim: OGRE -> GOLEM_CLAY
    deathvar: ARGHH -> arghh
    level: 4 -> 14
    overrideScript: None -> GENSHT01
    raceScript: WTASIGHT -> None
    generalScript: None -> GOLSTO01
    defaultScript: None -> WDASIGHT
    rring:  -> GOLSTONE
    amulet: GOPOOF -> 
    weapon1: SW2H01 -> GOLSTO
    xpv: 1250 -> 8000
  ARKANI3   Arkanis
    overrideScript: murder1 -> dw#urbhl
    classScript: shout -> murder1
    generalScript: WTARSGT -> initmain
    defaultScript: initmain -> dw1range
  ARKION    Arkion
    classScript: shout -> 
    raceScript: mage3 -> 
    defaultScript: WTASIGHT -> dw#mg18
  ARKUSH    Arkushule
    overrideScript: SHOUT -> dw#urbhl
    classScript: MAGE3 -> 
    generalScript: WTASIGHT -> 
    defaultScript: None -> dw#mg19
  ARLIN     Arlin
    overrideScript: SHOUT -> dw#gpsht
    raceScript: MAGE2 -> gretek
    generalScript: None -> 
    defaultScript: WDASIGHT -> dw#mg20
  ASHEN     Ashen
    overrideScript: SHOUT -> dw#innhl
  ASHIRU    Ashirukuru
    defaultScript: WTASIGHT -> dw1melth
  ATTSLIM   Commoner
    overrideScript: SHOUT -> dw#innhl
    defaultScript: WDASIGHT -> dw1melge
  AVARICEM  Avarice
    class: GOLEM_IRON -> THIEF
    level: 8 -> 12
    defaultScript: WTASIGHT -> dw1melth
    lring:  -> IMMUNE1
    rring:  -> RING95
  AVERY     Avery
    overrideScript: SHOUT -> dw#urbhl
    defaultScript: wtasight -> dw1melge
  BAERIN    Baerin
    overrideScript: SHOUT -> dw#gpsht
    classScript: WTARSGT -> 
    defaultScript: None -> dw1range
  BALOR01   Balor
    defaultScript: wtasight -> dw1melge
  BANDCAP   Bandit
    overrideScript: SHOUT -> dw#gpsht
    defaultScript: WTARSGT -> dw1range
  BANDCR    Bandit
    overrideScript: SHOUT -> dw#prsht
    defaultScript: WDARSGT -> dw1range
  BANDIC    Deke
    overrideScript: SHOUT -> dw#gpsht
    defaultScript: WTARSGT -> dw1range
  BANDIT    Bandit
    overrideScript: SHOUT -> dw#gpsht
    defaultScript: WDARSGT -> dw1range
  BANDIT2   Bandit
    overrideScript: SHOUT -> dw#gpsht
  BANDIT3   Bandit
    overrideScript: SHOUT -> dw#gpsht
    classScript: WDARSGT -> 
    defaultScript: None -> dw1range
  BANDIT4   Bandit
    overrideScript: SHOUT -> dw#gpsht
  BANDITA   Bandit
    overrideScript: SHOUT -> dw#gpsht
    defaultScript: WDARSGT -> dw1range
  BANDITC   Bandit
    overrideScript: RR#PICKP -> dw#prsht
    classScript: SHOUT -> RR#PICKP
    generalScript: WDARSGT -> 
    defaultScript: WTASIGHT -> dw1range
  BANDITCY  Ruffian
    overrideScript: RR#PICKP -> dw#gpsht
    classScript: BANDITCY -> RR#PICKP
    raceScript: None -> BANDITCY
    defaultScript: WDARSGT -> dw1range
  BARDOL    Bardolan
    overrideScript: SHOUT -> dw#urbhl
    raceScript: SEEENEMY -> dw#nimso
    defaultScript: WTARSGT -> dw1range
  BARESH    Baresh
    general: HUMANOID -> MONSTER
  BARESH2   Baresh
    general: HUMANOID -> MONSTER
    class: WEREWOLF -> FIGHTER
    overrideScript: BARESH -> baresh
    classScript: None -> 
    defaultScript: None -> dw1melge
    lring:  -> IMMUNE1
    amulet:  -> MINHP1
  BARSLIM   Bartender
    overrideScript: SHOUT -> dw#innhl
  BART0133  Bartender
    overrideScript: SHOUT -> dw#innhl
  BART0720  Bartender
    overrideScript: SHOUT -> dw#innhl
  BART10    Bartender
    overrideScript: SHOUT -> dw#innhl
  BART11    Bartender
    overrideScript: SHOUT -> dw#innhl
  BART12    Bartender
    overrideScript: SHOUT -> dw#innhl
  BART13    Bartender
    overrideScript: SHOUT -> dw#innhl
  BART14    Bartender
    overrideScript: SHOUT -> dw#innhl
  BART15    Bartender
    overrideScript: SHOUT -> dw#innhl
  BART16    Bartender
    overrideScript: SHOUT -> dw#innhl
  BART2     Bartender
    overrideScript: SHOUT -> dw#innhl
  BART3     Bartender
    overrideScript: SHOUT -> dw#innhl
  BART4     Bartender
    overrideScript: SHOUT -> dw#innhl
  BART5     Bartender
    overrideScript: SHOUT -> dw#innhl
  BART6     Bartender
    overrideScript: SHOUT -> dw#innhl
  BART7     Bartender
    overrideScript: SHOUT -> dw#innhl
  BART8     Bartender
    overrideScript: SHOUT -> dw#innhl
  BART9     Bartender
    overrideScript: SHOUT -> dw#innhl
  BARUK     Ba'ruk
    overrideScript: BARUK -> dw#gpsht
    classScript: HOBGOBA -> BARUK
    raceScript: WDARSGT -> 
    defaultScript: None -> dw1range
  BARWLF    Baresh
    general: HUMANOID -> MONSTER
    classScript: WTASIGHT -> 
    defaultScript: None -> dw1melge
    rring:  -> RINGWOLF
  BASILG    Greater Basilisk
    overrideScript: None -> dw#gpshm
  BASILL    Lesser Basilisk
    overrideScript: None -> dw#gpshm
  BASILMUT  Greater Basilisk
    overrideScript: basilmut -> dw#gpshm
    classScript: None -> basilmut
  BASSIL    Bassilus
    level: 7 -> 10
    overrideScript: SHOUT -> dw#gpsht
    raceScript: PRIEST3 -> 
    defaultScript: WTASIGHT -> dw#pr87
  BATTHO    Battle Horror
    defaultScript: WTASIGHT -> dw1melmo
  BAYARD    Bayard
    raceScript: MAGE2 -> 
    generalScript: WTASIGHT -> 
    defaultScript: None -> dw#mg21
  BD302BAN  Banshee
    defaultScript: WTASIGHT -> dw1melge
  BD328OSO  Cave Bear
    defaultScript: WDASIGHT -> dw1melmo
  BDALYTH   "Lady" Alyth Elendara
    defaultScript: WTASIGHT -> dw1melge
  BDANKHEG  Ankheg
    defaultScript: WTASIGHT -> dw1ranmo
  BDARAYA   Lady Araya
    defaultScript: WTARSGT -> dw1melge
  BDARBING  Arbinge
    raceScript: OGRE -> 
    defaultScript: WTASIGHT -> dw1melbe
  BDASERY   Asery
    defaultScript: WTASIGHT -> dw1melge
  BDAUTINN  Autinn
    defaultScript: WTASIGHT -> dw1melge
  BDBANDAF  Bandit Archer
    defaultScript: WDARSGT -> dw1range
  BDBANDAM  Bandit Archer
    defaultScript: WDARSGT -> dw1range
  BDBANDFF  Crusader Deserter
    defaultScript: WDASIGHT -> dw1melge
  BDBANDFM  Bandit Archer
    defaultScript: WDASIGHT -> dw1melge
  BDBANDIT  Bandit
    defaultScript: WDARSGT -> dw1range
  BDBANDLM  Bandit Leader
    defaultScript: WDASIGHT -> dw1melge
  BDBANNO   Announcer
    defaultScript: WTASIGHT -> dw1melge
  BDBARTLE  Bartleby
    defaultScript: WTARSGT -> dw1melge
  BDBDOG    Wild Dog
    defaultScript: WTASIGHT -> dw1melmo
  BDBEARBL  Black Bear
    defaultScript: WDASIGHT -> dw1melmo
  BDBEARBN  Brown Bear
    defaultScript: WDASIGHT -> dw1melmo
  BDBEARCA  Cave Bear
    defaultScript: WDASIGHT -> dw1melmo
  BDBERAHL  Berahli
    defaultScript: WTASIGHT -> dw1melge
  BDBERTA   Berta
    defaultScript: WTASIGHT -> dw1melge
  BDCHESKI  Cheski
    raceScript: OGRE -> 
    defaultScript: WTASIGHT -> dw1melbe
  BDCHILD   Girl
    general: HUMANOID -> MONSTER
  BDCONCOC  Concocter
    defaultScript: WTASIGHT -> dw1melmo
  BDCORAN   Coran
    generalScript: WTARSGT -> 
    defaultScript:  -> dw1ranth
  BDCROMMU  Crommus
    raceScript: MAGE5 -> 
    generalScript: WTASIGHT -> 
    defaultScript:  -> dw#mg22
  BDCRUDOG  Dog
    defaultScript: WTASIGHT -> dw1melmo
  BDDAUSTO  Dauston
    defaultScript: WTASIGHT -> dw1melpa
  BDDIRLA   Dirla
    defaultScript: WTARSGT -> dw1melar
  BDDLICH   Lich
    defaultScript: WTASIGHT -> dw1melge
  BDDMAKGR  D'mak Greatgas
    defaultScript: WTASIGHT -> dw1melge
  BDDOG     Dog
    defaultScript: WTASIGHT -> dw1melmo
  BDDOGW01  Little Wanderer
    defaultScript: WDASIGHT -> dw1melmo
  BDDOPPGR  Greater Doppelganger
    general: HUMANOID -> MONSTER
    defaultScript: WTASIGHT -> dw1melge
  BDEFREET  Efreeti
    defaultScript: WTASIGHT -> dw1melge
  BDELEFIR  Greater Fire Elemental
    defaultScript: WTASIGHT -> dw1melge
  BDELFIRG  Greater Fire Elemental
    defaultScript: WTASIGHT -> dw1melge
  BDELFIRM  Fire Elemental
    defaultScript: WTASIGHT -> dw1melge
  BDFFDOP1  Doppelganger
    general: HUMANOID -> MONSTER
    defaultScript: WTASIGHT -> dw1melge
  BDFRITZ   Officer Fritz
    defaultScript: WTASIGHT -> dw1melge
  BDGARFOU  Gar Fouleye
    defaultScript: WTASIGHT -> dw1melge
  BDGARRIC  Garrick
    classScript: MAGE2 -> 
    generalScript: WTASIGHT -> 
    defaultScript:  -> dw#mg23
  BDGIBBBR  Brood Gibberling
    defaultScript: WTASIGHT -> dw1melmo
  BDGOBBO1  Goblin
    defaultScript: WTASIGHT -> dw1melge
  BDGOLT    Golt
    defaultScript: WTARSGT -> dw1ranth
  BDHASTUS  Hastus
    defaultScript: WTASIGHT -> dw1range
  BDHELP01  Giant Spider
    raceScript: WTASIGHT -> 
    defaultScript: None -> dw1melmo
  BDHELP02  Lion
    defaultScript: WTASIGHT -> dw1melmo
  BDHELP03  Sword Spider
    defaultScript: WTASIGHT -> dw1melmo
  BDHELP04  Panther
    defaultScript: WTASIGHT -> dw1melmo
  BDHEROD   Herod
    raceScript: SHOUT -> dw#innhl
  BDHGUARD  Household Guard
    defaultScript: WTASIGHT -> dw1melge
  BDHOOKHR  Hook Horror
    defaultScript: WTASIGHT -> dw1melmo
  BDHORST   Horst
    raceScript: SHOUT -> dw#innhl
  BDHYRETH  Hyreth
    defaultScript: WTASIGHT -> dw1melge
  BDIMOEDO  Imoen
    general: HUMANOID -> MONSTER
  BDIRENI   Hooded Man
    defaultScript: WTASIGHT -> dw1melge
  BDIRINA   Irina
    defaultScript: WTASIGHT -> dw1melge
  BDITHTYL  Ithtyl Calantryn
    defaultScript: WTARSGT -> dw1range
  BDJELLMU  Mustard Jelly
    defaultScript: WTASIGHT -> dw1ranmo
  BDJUNIA2  Junia
    defaultScript: WDASIGHT -> dw1melge
  BDKAG     Kag
    raceScript: WTASIGHT -> 
    defaultScript: None -> dw1melge
  BDLLUIS   Lluis
    defaultScript: WTASIGHT -> dw1melge
  BDLON     Lon
    general: HUMANOID -> MONSTER
  BDLONWER  Werewolf
    general: HUMANOID -> MONSTER
    defaultScript: WTASIGHT -> dw1melge
  BDLUCILL  Lucilla
    defaultScript: WTASIGHT -> dw1melge
  BDMAXWEL  Lord Maxwell
    defaultScript: WTARSGT -> dw1melge
  BDMENGO   Stone Golem
    defaultScript: WTASIGHT -> dw1melmo
  BDMURS    Murs
    raceScript: OGRE -> 
    defaultScript: WTASIGHT -> dw1melge
  BDNANTRI  Nantrin Bellowglyn
    defaultScript: WTASIGHT -> dw1melge
  BDOGREF   Ogre
    raceScript: OGRE -> 
    defaultScript: WTASIGHT -> dw1melge
  BDOGREM   Ogre
    raceScript: OGRE -> 
    defaultScript: WTASIGHT -> dw1melge
  BDONORO   Onoroth
    defaultScript: WTASIGHT -> dw1melge
  BDOPHYLL  Ophyllis
    defaultScript: WTASIGHT -> dw1melge
  BDORC01   Half-Orc
    defaultScript: WTARSGT -> dw1melge
  BDORC02   Half-Orc
    defaultScript: WTARSGT -> dw1melge
  BDORDULI  Ordulinian
    defaultScript: WTASIGHT -> dw1melge
  BDOZIL    Ozil
    defaultScript: WTASIGHT -> dw1melge
  BDPETR01  Statue
    classScript: SHOUT -> dw#innhl
  BDPETR02  Statue
    classScript: SHOUT -> dw#innhl
  BDPETR03  Statue
    classScript: SHOUT -> dw#innhl
  BDPETR04  Statue
    classScript: SHOUT -> dw#innhl
  BDPETR05  Statue
    classScript: SHOUT -> dw#innhl
  BDPRIEST  Priest
    defaultScript: WTARSGT -> dw1melge
  BDPRIN    Prin
    classScript: MAGE4 -> 
    defaultScript: NONE -> dw#mg24
  BDPUDDBL  Black Pudding
    defaultScript: WDASIGHT -> dw1ranmo
  BDRGOSZ   R'gosz the Puke
    defaultScript: WTASIGHT -> dw1melge
  BDRHYNWI  Rhynwis
    defaultScript: WTARSGT -> dw1melth
  BDRIDER2  Worg Rider
    defaultScript: WTASIGHT -> dw1range
  BDSAIL01  Sailor
    defaultScript: WTASIGHT -> dw1melge
  BDSAIL02  Sailor
    defaultScript: WTASIGHT -> dw1melge
  BDSAIL03  Sailor
    defaultScript: WTASIGHT -> dw1melge
  BDSAIL04  Sailor
    defaultScript: WTASIGHT -> dw1melge
  BDSERVSU  Aerial Servant
    defaultScript: WTASIGHT -> dw1melmo
  BDSNAK01  Giant Snake
    defaultScript: WTASIGHT -> dw1melmo
  BDSOTDAR  Sot Darkoozing
    defaultScript: WTASIGHT -> dw1melge
  BDSPID7L  Seven-Legged Spider
    defaultScript: WTASIGHT -> dw1melmo
  BDSPIDGI  Giant Spider
    generalScript: WTASIGHT -> 
    defaultScript:  -> dw1melmo
  BDSPIDHU  Huge Spider
    defaultScript: WTASIGHT -> dw1melmo
  BDSTALIA  Stalia
    raceScript: SHOUT -> dw#innhl
  BDTAKOS   Takos
    defaultScript: WTASIGHT -> dw1melge
  BDTESTEN  Xvart
    defaultScript: WTASIGHT -> dw1melge
  BDTHERTO  Lord Therton
    defaultScript: WTARSGT -> dw1melge
  BDTHUG01  Thug
    defaultScript: WDARSGT -> dw1melge
  BDTHUG02  Thug
    defaultScript: WDARSGT -> dw1melge
  BDTHUG03  Refugee
    defaultScript: WTASIGHT -> dw1melge
  BDTHUG04  Refugee
    defaultScript: WTASIGHT -> dw1melge
  BDTHUG05  Refugee
    defaultScript: WTASIGHT -> dw1melge
  BDTHUG07  Thug
    defaultScript: WDARSGT -> dw1melge
  BDTIAX    Tiax
    classScript: PRIEST4 -> 
    defaultScript: WTASIGHT -> dw#pr7
  BDURE10A  Bandit
    defaultScript: WTARSGT -> dw1range
  BDURE10B  Bandit
    defaultScript: WTARSGT -> dw1range
  BDURE10C  Bandit
    defaultScript: WTARSGT -> dw1range
  BDURE6D   Wolf
    defaultScript: WTASIGHT -> dw1melmo
  BDVESSAN  Vessanal
    raceScript: SHOUT -> dw#innhl
  BDWE1STR  Water Elemental
    defaultScript: WTASIGHT -> dw1melmo
  BDWE2STR  Water Elemental
    defaultScript: WTASIGHT -> dw1melmo
  BDWELEDG  Greater Water Elemental
    defaultScript: WTASIGHT -> dw1melge
  BDWELEDS  Water Elemental
    defaultScript: WTASIGHT -> dw1melge
  BDWELL02  Well Spirit
    defaultScript: WTASIGHT -> dw1melge
  BDWIGHTJ  Wight
    defaultScript: WDASIGHT -> dw1melge
  BDWISP01  Will O'Wisp
    defaultScript: WTASIGHT -> dw1melmo
  BDWISTAK  Wistak
    raceScript: WTASIGHT -> 
    defaultScript: None -> dw1melmo
  BDWOLF    Wolf
    defaultScript: WTASIGHT -> dw1melmo
  BDWOLFDI  Dire Wolf
    defaultScript: WTASIGHT -> dw1melmo
  BDWRAI01  Wraith
    defaultScript: WTASIGHT -> dw1melge
  BDWRAIT1  Wraith
    defaultScript: WTASIGHT -> dw1melge
  BDWRAT    Wererat
    general: HUMANOID -> MONSTER
    classScript: WTASIGHT -> 
    defaultScript: None -> dw1melge
  BDYASHNA  Yashna
    raceScript: WDARSGT -> 
    defaultScript: None -> dw1range
  BDYMORI   Wight
    defaultScript: WDASIGHT -> dw1melge
  BDZAVIAK  Zaviak
    raceScript: MAGE6 -> 
    defaultScript:  -> dw#mg25
  BDZELMA   Zelma
    defaultScript: WTARSGT -> dw1melth
  BEARBL    Black Bear
    defaultScript: WDASIGHT -> dw1melmo
  BEARBR    Brown Bear
    defaultScript: WDASIGHT -> dw1melmo
  BEARCA    Cave Bear
    defaultScript: WDASIGHT -> dw1melmo
  BEARPO    Polar Bear
    defaultScript: WDASIGHT -> dw1melmo
  BEARPO1   Polar Bear
    defaultScript: WDASIGHT -> dw1melmo
  BEARPO2   Polar Bear
    defaultScript: WDASIGHT -> dw1melmo
  BEARPO3   Polar Bear
    deathvar: None -> bearpo3
    defaultScript: WDASIGHT -> dw1melmo
  BEGBAX_A  Beggar
    overrideScript: SHOUT -> dw#innhl
  BEGBAX_B  Beggar
    overrideScript: SHOUT -> dw#innhl
  BEGBAX_C  Beggar
    overrideScript: SHOUT -> dw#innhl
  BEGBAX_D  Beggar
    overrideScript: SHOUT -> dw#innhl
  BEGGBA    Beggar
    overrideScript: SHOUT -> dw#innhl
  BEGGBAX   Beggar
    overrideScript: SHOUT -> dw#innhl
  BEGGBA_A  Beggar
    overrideScript: SHOUT -> dw#innhl
  BEGGBA_B  Beggar
    overrideScript: SHOUT -> dw#innhl
  BEGGBA_C  Beggar
    overrideScript: SHOUT -> dw#innhl
  BEGGBA_D  Beggar
    overrideScript: SHOUT -> dw#innhl
  BEGGNA    Beggar
    overrideScript: SHOUT -> dw#innhl
  BEHOLD01  Beholder
    defaultScript: WTASIGHT -> dw1melge
  BELAND    Be'land
    overrideScript: SHOUT -> dw#urbhl
    raceScript: beland -> priest1
    defaultScript: wtasight -> dw1melge
  BELDIN    Miner Beldin
    overrideScript: SHOUT -> dw#innhl
  BELLAM    Bellamy
    overrideScript: SHOUT -> dw#urbhl
  BELT      Belt
    allegiance: NEUTRAL -> GOODBUTBLUE
    overrideScript: BELT -> dw#urbhl
    classScript: SHOUT -> BELT
    defaultScript: wtasight -> dw1melge
    lring:  -> RING05
  BENDAL    Bendalis
    overrideScript: SHOUT -> dw#innhl
  BENJY     Benjy
    overrideScript: SHOUT -> dw#urbhl
    classScript: INITDLG -> dw#shdlg
    defaultScript: WTASIGHT -> dw1melge
  BENTAN    Bentan
    overrideScript: SHOUT -> dw#urbhl
    defaultScript: wtasight -> dw1melge
  BENTHA    Bentha
    raceScript: MAGE2 -> 
    defaultScript: wtasight -> dw#mg0
  BENTLY    Bentley Mirrorshade
    overrideScript: SHOUT -> dw#urbhl
    raceScript: MAGE6 -> 
    generalScript: WTASIGHT -> 
    defaultScript: None -> dw#mg1
  BERRUN    Berrun Ghastkill
    overrideScript: SHOUT -> dw#urbhl
    generalScript: WTARSGT -> 
    defaultScript: None -> dw1range
  BEYN      Beyn
    class: FIGHTER_MAGE -> MAGE
    level: 8 -> 7
    classScript: MAGE6 -> 
    defaultScript: WTARSGT -> dw#mg26
  BHEREN    Bheren
    overrideScript: SHOUT -> dw#urbhl
    defaultScript: wdasight -> dw1melge
  BHOBGOB   Hobgoblin
    overrideScript: SHOUT -> dw#prsht
    classScript: BANDIT3 -> dw#gpsht
    raceScript: HOBGOBF -> BANDIT3
    generalScript: WDASIGHT -> 
    defaultScript: None -> dw1melge
  BILL      Bill
    overrideScript: SHOUT -> dw#urbhl
    defaultScript: WTASIGHT -> dw1melge
  BILLY     Billy
    overrideScript: SHOUT -> dw#gpsht
    classScript: WTARSGT -> 
    defaultScript: None -> dw1range
  BINKOS    Binkos
    overrideScript: SHOUT -> dw#innhl
  BINKY     Lord Binky the Buffoon
    overrideScript: SHOUT -> dw#innhl
  BISHOP    Bishop
    deathvar: None -> BISHOP
    classScript: KINGDEAD -> kingdead
    raceScript: PRIEST5 -> dw#ches3
    generalScript: None -> PRIEST5
    defaultScript: WTASIGHT -> dw1melmo
    lring:  -> IMMUNE1
    amulet:  -> RING95
  BJORNI    Bjornin
    overrideScript: SHOUT -> dw#urbhl
    defaultScript: WDASIGHT -> dw1melge
  BLACKL    Black Lily
    overrideScript: RR#PICKP -> dw#gpsht
    classScript: None -> RR#PICKP
    defaultScript: wtasight -> dw1melth
  BLAH6666  Commoner
    overrideScript: SHOUT -> dw#innhl
    defaultScript: WDASIGHT -> dw1melge
  BLANE     Dawn Priest Blane
    overrideScript: SHOUT -> dw#urbhl
    classScript: PRIEST4 -> 
    defaultScript: WTASIGHT -> dw#pr8
  BOB       Miner Bob
    overrideScript: SHOUT -> dw#innhl
  BOR       Bor
    overrideScript: SHOUT -> dw#gpsht
    classScript: WTARSGT -> 
    defaultScript: None -> dw1range
  BORDA     Borda
    level: 9 -> 6
    overrideScript: SHOUT -> 
    raceScript: MAGE2 -> 
    generalScript: WTASIGHT -> 
    defaultScript: None -> dw#mg27
  BORIN     Borinole Mann
    overrideScript: SHOUT -> dw#innhl
  BORK      Bork
    overrideScript: SHOUT -> dw#urbhl
    defaultScript: wtasight -> dw1melge
  BOUNCER   Bouncer
    overrideScript: SHOUT -> dw#urbhl
    defaultScript: WTARSGT -> dw1range
  BOUNTY    Bounty Hunter
    classScript: SHOUT -> dw#innhl
    defaultScript: WTARSGT -> dw1range
  BOUNTY2   Bounty Hunter
    overrideScript: SHOUT -> dw#innhl
    defaultScript: WTARSGT -> dw1range
  BOYBA1    Boy
    overrideScript: SHOUT -> dw#innhl
  BOYBA1_A  Boy
    overrideScript: SHOUT -> dw#innhl
  BOYBA1_B  Boy
    overrideScript: SHOUT -> dw#innhl
  BOYBA1_C  Boy
    overrideScript: SHOUT -> dw#innhl
  BOYBA2    Boy
    overrideScript: SHOUT -> dw#innhl
  BOYBA3    Boy
    overrideScript: SHOUT -> dw#innhl
  BOYBA3_A  Boy
    overrideScript: SHOUT -> dw#innhl
  BOYBA3_B  Boy
    overrideScript: SHOUT -> dw#innhl
  BOYBAX    Boy
    overrideScript: SHOUT -> dw#innhl
  BOYBAX_A  Boy
    overrideScript: SHOUT -> dw#innhl
  BOYBAX_B  Boy
    overrideScript: SHOUT -> dw#innhl
  BOYBAX_C  Boy
    overrideScript: SHOUT -> dw#innhl
  BOYBE1    Boy
    overrideScript: SHOUT -> dw#innhl
  BOYBE2    Boy
    overrideScript: SHOUT -> dw#innhl
  BPARTY04  Talana
    classScript: MAGE3 -> 
    generalScript: None -> DPLAYER3
    defaultScript: DPLAYER3 -> dw#mg28
  BPARTY06  Zelnick
    classScript: MAGE3 -> 
    generalScript: None -> DPLAYER3
    defaultScript: DPLAYER3 -> dw#mg29
  BPGHAS01  Ghast
    defaultScript: GHAST -> dw1melge
  BPGHGR01  Greater Ghoul
    raceScript: GHAST -> 
    generalScript: None -> BPASIGHT
    defaultScript: BPASIGHT -> dw1melge
  BPOGMA01  Ogre Mage
    generalScript: MAGE3 -> BPASIGHT
    defaultScript: BPASIGHT -> dw#mg30
  BPOGRE01  Ogre
    raceScript: OGRE -> 
    generalScript: None -> BPASIGHT
    defaultScript: BPASIGHT -> dw1melge
  BRAGE     Brage
    classScript: shout -> 
    defaultScript: WTASIGHT -> dw1melge
  BRAGE2    Brage
    overrideScript: SHOUT -> dw#urbhl
    defaultScript: wtasight -> dw1melge
  BRAN      Dawn Priest Bram
    overrideScript: SHOUT -> dw#urbhl
    classScript: PRIEST4 -> 
    defaultScript: WTASIGHT -> dw#pr9
  BRANDI    Brandilar
    overrideScript: SHOUT -> dw#urbhl
    defaultScript: wtasight -> dw1melge
  BRATHL    Brathlen
    class: TOWN_GUARD -> CLERIC
    level: 2 -> 1
    overrideScript: SHOUT -> dw#urbhl
    raceScript: PRIEST1 -> 
    defaultScript: wtasight -> dw#pr10
  BRENDA    Brendan
    level: 4 -> 7
    overrideScript: SHOUT -> dw#gpsht
    classScript: MAGE2 -> 
    generalScript: WTASIGHT -> 
    defaultScript: None -> dw#mg165
  BRENNA    Brennan Risling
    overrideScript: SHOUT -> dw#innhl
  BREVLI    Brevlik
    defaultScript: WTASIGHT -> dw1melge
  BRIELB    Brielbara
    classScript: MAGE3 -> 
    defaultScript: wtasight -> dw#mg2
  BRITIK    Britik
    class: GNOLL -> FIGHTER
    level: 4 -> 5
    overrideScript: GNOLLF -> dw#c3hst
    classScript: SHOUT -> 
    raceScript: WTASIGHT -> dw#gpsht
    defaultScript: None -> dw1melge
  BRUNOS    Brunos
    overrideScript: SHOUT -> dw#gpsht
    defaultScript: wtasight -> dw1melge
  BSBOYBCN  Boy
    classScript: SHOUT -> dw#innhl
  BSCOMMW1  Commoner
    classScript: SHOUT -> dw#innhl
  BSDOPP01  Doppelganger
    general: HUMANOID -> MONSTER
    defaultScript: WTASIGHT -> dw1melge
  BSDOPP02  Greater Doppelganger
    general: HUMANOID -> MONSTER
    defaultScript: WTASIGHT -> dw1melge
  BSDOPP03  Doppelganger
    general: HUMANOID -> MONSTER
    defaultScript: WTASIGHT -> dw1melge
  BSDOPP04  Greater Doppelganger
    general: HUMANOID -> MONSTER
    defaultScript: WTASIGHT -> dw1melge
  BSDOPP05  Doppelganger
    general: HUMANOID -> MONSTER
    defaultScript: WTASIGHT -> dw1melge
  BSDOPP06  Greater Doppelganger
    general: HUMANOID -> MONSTER
    defaultScript: WTASIGHT -> dw1melge
  BSDOPP07  Doppelganger
    general: HUMANOID -> MONSTER
    defaultScript: WTASIGHT -> dw1melge
  BSDPGRD1  Tower Guard
    classScript: WDASIGHT -> 
    raceScript: NONE -> bsdpdeac
    generalScript: bsdpdeac -> YSGUARDS
    defaultScript: YSGUARDS -> dw1melge
  BSFMONK   Monk of Ilmater
    classScript: PRIEST2 -> 
    defaultScript: WTASIGHT -> dw#pr11
  BSFRELEM  Lesser Fire Elemental
    defaultScript: WTASIGHT -> dw1melge
  BSGHAST1  Ghast
    classScript: WTASIGHT -> 
    raceScript: GHAST -> 
    defaultScript: None -> dw1melge
  BSGHAST2  Ulf
    classScript: MAGE2 -> 
    defaultScript: WTASIGHT -> dw#mg32
  BSGRDBCN  Beacon Guard Jose
    generalScript: WTASIGHT -> YSGUARDS
    defaultScript: YSGUARDS -> dw1melge
  BSLENARD  Tower Guard Lenard
    defaultScript: WTASIGHT -> dw1range
  BSMANBCN  Commoner
    generalScript: SHOUT -> dw#innhl
  BSMM001   Lime
    classScript: SHOUT -> dw#innhl
  BSMM002   Blurt
    classScript: SHOUT -> dw#innhl
  BSMONK    Monk of Ilmater
    classScript: priest2 -> 
    defaultScript: WTASIGHT -> dw#pr12
  BSMYCON1  Myconid
    defaultScript: WTASIGHT -> dw1melmo
  BSOGRED   Ogre
    defaultScript: WTASIGHT -> dw1melge
  BSORCARC  Orc Archer
    defaultScript: WTASIGHT -> dw1range
  BSORCMGE  Orc Mage
    defaultScript: WTASIGHT -> dw1melge
  BSORCPRS  Orc Priest
    defaultScript: WTASIGHT -> dw1melge
  BSORCWRK  Orc Worker
    defaultScript: WTARSGT -> dw1melge
  BSOTYUGH  Otyugh
    defaultScript: WTASIGHT -> dw1melmo
  BSPLSPRT  Drowned Spirit
    generalScript: GHAST -> 
    defaultScript:  -> dw1melmo
  BSPOISOD  Poisoned Man
    defaultScript: WTASIGHT -> dw1melge
  BSPRGRD1  Tower Prison Guard
    classScript: WTASIGHT -> 
    generalScript:  -> YSGRDFGT
    defaultScript: YSGRDFGT -> dw1melge
  BSPRGRD2  Tower Guard Jai
    classScript: WTASIGHT -> 
    defaultScript:  -> dw1melge
  BSRORYN   Inn Master Roryn
    defaultScript: WTASIGHT -> dw1melge
  BSSAHU01  Sahuagin Priestess
    defaultScript: WTARSGT -> dw1melge
  BSSAHU02  Sahuagin Chieftain
    defaultScript: WTARSGT -> dw1range
  BSSAHU03  Sahuagin
    defaultScript: WTARSGT -> dw1range
  BSSAHU04  Sahuagin Scout
    defaultScript: WTARSGT -> dw1melge
  BSSEATRL  Sea Troll
    defaultScript: WTASIGHT -> dw1melge
  BSSHCKBR  Nathoriel
    classScript: SHOUT -> dw#innhl
  BSSHUCK   Tower Guard Shuck
    defaultScript: WTASIGHT -> dw1melge
  BSSLAV02  Bouncer
    classScript: GPUSE -> 
    raceScript: THIEF14T -> 
    generalScript: WTASIGHT -> 
    defaultScript: None -> dw1melth
  BSSLAV03  Bouncer
    classScript: GPUSE -> 
    raceScript: THIEF14T -> 
    generalScript: WTASIGHT -> 
    defaultScript: None -> dw1melge
  BSSLAV05  Bouncer
    classScript: GPUSE -> 
  BSSLAV06  Bouncer
    classScript: GPUSE -> 
  BSSLAV07  Mannuf
    classScript: GPUSE -> 
  BSSLAVFF  Flaming Fist Scout
    defaultScript: WTASIGHT -> dw1ranth
  BSSMGL02  Holger
    defaultScript: WTASIGHT -> dw1melth
  BSSMGL03  Smuggler
    defaultScript: WTASIGHT -> dw1melth
  BSSMGL04  Smuggler
    defaultScript: WTARSGT -> dw1ranth
  BSSMGL05  Smuggler
    defaultScript: WTASIGHT -> dw1melth
  BSSMGL06  Smuggler
    defaultScript: WTASIGHT -> dw1melth
  BSSMGL07  Smuggler
    defaultScript: WTASIGHT -> dw1melth
  BSSTGC    Captain Dungarth
    classScript: WTASIGHT -> 
    generalScript: NONE -> YSSTATIC
    defaultScript: YSSTATIC -> dw1melge
  BSTANAR   Nabassu Fledgling
    generalScript: WTASIGHT -> 
    defaultScript: NONE -> dw1melge
  BSTQ001   Lady Springfall
    classScript: SHOUT -> dw#innhl
  BSTQ002   Legal Attendant
    classScript: SHOUT -> dw#innhl
  BSTQ003   Lars
    classScript: SHOUT -> dw#innhl
  BSTQ004   Klaus
    classScript: MAGE2 -> 
    defaultScript: WTASIGHT -> dw#mg33
  BSTQ005   Guest
    classScript: SHOUT -> dw#innhl
  BSTQ008   Monk of Ilmater
    classScript: PRIEST2 -> 
    defaultScript: WTASIGHT -> dw#pr13
  BSTQ009   Alaza
    classScript: SHOUT -> dw#innhl
  BSTRCMDR  Seatower Commander Airard
    classScript: WTARSGT -> 
    generalScript: NONE -> YSSTATIC
    defaultScript: YSSTATIC -> dw1melge
  BSTRMAGE  Master Shizell
    raceScript: MAGE4 -> 
    defaultScript: WTASIGHT -> dw#mg34
  BSVPRAB   Vampiric Rabbit
    defaultScript: WTASIGHT -> dw1melge
  BSWARRID  Warrior
    defaultScript: WTASIGHT -> dw1melge
  BSWELLBO  Boy
    classScript: SHOUT -> dw#innhl
  BSWELLGL  Girl
    classScript: SHOUT -> dw#innhl
  BSWELLMA  Commoner
    classScript: SHOUT -> dw#innhl
  BSWHITKD  White Knight
    defaultScript: WTASIGHT -> dw1melge
  BSWNCHGL  Girl
    classScript: SHOUT -> dw#innhl
  BSWNCHWM  Commoner
    classScript: SHOUT -> dw#innhl
  BTELITE   Black Talon Elite
    classScript: WTASIGHT -> 
    defaultScript: None -> dw1range
  BUB       Bub Snikt
    classScript: WTARSGT -> 
    defaultScript: None -> dw1range
  BULLRUSH  Bullrush
    raceScript: WTARSGT -> 
    defaultScript: None -> dw1range
  C#BE1GRL  Girl
    overrideScript: SHOUT -> dw#innhl
  C#BESMES  Messenger
    defaultScript: WTASIGHT -> dw1melge
  C#LCIN1M  Man
    defaultScript: WTASIGHT -> dw1melge
  C#LCIN1W  Woman
    classScript: SHOUT -> dw#innhl
    defaultScript: SHOUT -> dw#innhl
  C#LCIN2M  Man
    classScript: SHOUT -> dw#innhl
  C#LCIN2W  Woman
    classScript: SHOUT -> dw#innhl
  C#LCIN3M  Man
    classScript: WTASIGHT -> 
    generalScript: None -> WTRUNSGT
    defaultScript: WTRUNSGT -> dw1melge
  C#LCIN3W  Woman
    classScript: WTASIGHT -> C#Q04003
    raceScript: C#Q04003 -> C#LCINIT
    generalScript: C#LCINIT -> WTRUNSGT
    defaultScript: WTRUNSGT -> dw1melge
  C#LCIN4M  Man
    classScript: SHOUT -> dw#innhl
  C#LCIN4W  Woman
    classScript: SHOUT -> dw#innhl
  C#LCIN5M  Man
    classScript: SHOUT -> dw#innhl
  C#LCIN5W  Woman
    classScript: SHOUT -> dw#innhl
  C#LCKIMW  Kim
    classScript: SHOUT -> dw#innhl
  C#LCLAUR  Laurel
    defaultScript: WTASIGHT -> dw1melpa
  C#LCLINA  Lina
    classScript: SHOUT -> dw#innhl
    defaultScript: WDASIGHT -> dw1melge
  C#LCTHAL  Thalantyr the Conjurer
    raceScript: MAGE5 -> 
    defaultScript: WTASIGHT -> dw#mg35
  C#NOJANA  Jana
    overrideScript: SHOUT -> dw#innhl
  C#NOMEIL  Meilla
    overrideScript: SHOUT -> dw#innhl
  C#NOTAX   Cragmor
    overrideScript: SHOUT -> dw#innhl
  C#Q01001  Alanna
    overrideScript: SHOUT -> dw#innhl
  C#Q01002  Eltolth
    overrideScript: SHOUT -> dw#innhl
  C#Q01003  Eltolth
    overrideScript: SHOUT -> dw#innhl
    classScript: WTASIGHT -> 
    generalScript: None -> C#Q01003
    defaultScript: C#Q01003 -> dw1melge
  C#Q01005  Alanna
    overrideScript: SHOUT -> dw#innhl
    classScript: WTASIGHT -> 
    generalScript: None -> C#Q01003
    defaultScript: C#Q01003 -> dw1melge
  C#Q02005  Mrs. Dudley
    overrideScript: SHOUT -> dw#innhl
  C#Q02006  Mr. Dudley
    overrideScript: SHOUT -> dw#innhl
  C#Q02007  Annie Dudley
    overrideScript: SHOUT -> dw#innhl
  C#Q03008  Mrs. Blackwood
    overrideScript: SHOUT -> dw#innhl
  C#Q03009  Sarah
    overrideScript: SHOUT -> dw#innhl
  C#Q03010  Tom
    overrideScript: SHOUT -> dw#innhl
  C#Q03011  Tina
    overrideScript: SHOUT -> dw#innhl
  C#Q03012  Amnian Soldier
    classScript: WTARSGT -> 
    defaultScript: WTARSGT -> dw1range
  C#Q03013  Amnian Soldier
    classScript: WTARSGT -> 
    defaultScript: WTARSGT -> dw1range
  C#Q03014  Amnian Soldier
    classScript: WTARSGT -> 
    defaultScript: WTARSGT -> dw1range
  C#Q03015  Fighter
    classScript: WTARSGT -> 
    defaultScript: WTASIGHT -> dw1melge
  C#Q03016  Fighter
    classScript: WTARSGT -> 
    defaultScript: WTASIGHT -> dw1melge
  C#Q03017  Fighter
    classScript: WTARSGT -> 
    defaultScript: WTASIGHT -> dw1melge
  C#Q03018  Fighter
    classScript: WTARSGT -> 
    defaultScript: WTASIGHT -> dw1range
  C#Q04001  Arnim
    overrideScript: SHOUT -> dw#innhl
  C#Q04003  Lady von Undenzieht
    overrideScript: SHOUT -> dw#innhl
  C#Q04004  Lord von Undenzieht
    overrideScript: SHOUT -> dw#innhl
  C#Q04005  Amnian Soldier
    defaultScript: WTARSGT -> dw1range
  C#Q04006  Amnian Soldier
    defaultScript: WTARSGT -> dw1range
  C#Q04007  Mage
    classScript: MAGE2 -> 
    defaultScript: WTASIGHT -> dw#mg36
  C#Q04009  Wraith Spider
    defaultScript: wtasight -> dw1melmo
  C#Q05002  Onlooker
    overrideScript: SHOUT -> dw#innhl
  C#Q05003  Onlooker
    overrideScript: SHOUT -> dw#innhl
  C#Q05004  Onlooker
    overrideScript: SHOUT -> dw#innhl
  C#Q05005  Onlooker
    overrideScript: SHOUT -> dw#innhl
  C#Q05006  Luisa's Mother
    overrideScript: SHOUT -> dw#innhl
  C#Q05007  Nanny
    overrideScript: SHOUT -> dw#innhl
  C#Q06001  Leila
    overrideScript: SHOUT -> dw#innhl
  C#Q06002  Zombie
    defaultScript: WTASIGHT -> dw1melge
  C#Q07001  Uguth
    classScript: WTASIGHT -> 
    generalScript: None -> dw#innhl
    defaultScript: SHOUT -> dw1melge
  C#Q07002  Viola
    overrideScript: SHOUT -> dw#innhl
  C#Q07003  Mrs. Kenn
    overrideScript: SHOUT -> dw#innhl
  C#Q07004  Mr. Kenn
    overrideScript: SHOUT -> dw#innhl
  C#Q07005  Commoner
    classScript: SHOUT -> dw#innhl
  C#Q08001  Sir Trun
    defaultScript: WTASIGHT -> dw1melge
  C#Q08002  Linda
    defaultScript: SHOUT -> dw#innhl
  C#Q10001  Merchant
    overrideScript: SHOUT -> dw#innhl
  C#Q10002  Edward
    overrideScript: SHOUT -> dw#innhl
  C#Q11BUT  Butcher
    overrideScript: SHOUT -> dw#innhl
  C#Q11CAT  Kitty
    defaultScript: WDASIGHT -> dw1melmo
  C#Q11GIR  Susan
    classScript: SHOUT -> dw#innhl
  C#Q11MO2  Mrs. Sutherland
    classScript: SHOUT -> dw#innhl
  C#Q11MOM  Mourning Mother
    classScript: SHOUT -> dw#innhl
  C#Q11MRS  Mrs. Thirsty
    classScript: SHOUT -> dw#innhl
  C#Q11NE2  Necromancer
    classScript: MAGE2 -> 
    defaultScript: WTASIGHT -> dw#mg37
  C#Q11NEC  Necromancer
    classScript: MAGE2 -> 
    defaultScript: WTASIGHT -> dw#mg38
  C#Q11WAT  Trevor
    defaultScript: WTASIGHT -> dw1melge
  C#Q13AMN  Amnian Soldier
    defaultScript: WTARSGT -> dw1range
  C#Q13BOR  Borda
    raceScript: MAGE2 -> 
    generalScript: WTASIGHT -> 
    defaultScript: None -> dw#mg39
  C#Q13BRN  Berrun Ghastkill
    generalScript: WTARSGT -> 
    defaultScript: None -> dw1range
  C#Q13LAR  Laryssa
    raceScript: PRIEST3 -> 
    defaultScript: wtasight -> dw#pr14
  C#STELTA  Duke Eltan
    defaultScript: WTASIGHT -> dw1melge
  C#STSRG1  Flaming Fist Mercenary
    defaultScript: WTASIGHT -> dw1melge
  C#STSRG2  Flaming Fist Mercenary
    defaultScript: WTASIGHT -> dw1melge
  C#STSRV1  Servant
    overrideScript: SHOUT -> dw#innhl
  C#STSRV2  Servant
    overrideScript: SHOUT -> dw#innhl
  C02DEMKN  Demon Knight
    defaultScript:  -> dw1melge
  C0DTHF01  Aiden Vail
    defaultScript: wtasight -> dw1melth
  C0DTHF02  Gideon
    defaultScript: wtarsgt -> dw1melth
  C0DTHF03  Klaus
    raceScript: MAGE5 -> 
    defaultScript: wtarsgt -> dw#mg40
  C0KVME02  Merchant
    overrideScript: SHOUT -> dw#innhl
  C0KVNP01  Ecthel Darcourt
    classScript: MAGE2 -> 
    generalScript: WTARSGT -> 
    defaultScript:  -> dw#mg41
  C0KVNP02  Caravan Bodyguard
    raceScript: WTASIGHT -> 
    defaultScript:  -> dw1melge
  C0KVNP03  Caravan Bodyguard
    raceScript: WTASIGHT -> 
    defaultScript:  -> dw1melge
  C0KVNP04  Caravan Bodyguard
    raceScript: WTASIGHT -> 
    defaultScript:  -> dw1melge
  C0KVNP05  Oxley
    defaultScript: WTASIGHT -> dw1melge
  C0MBEAR   Great Red Bear
    defaultScript:  -> dw1melmw
  CADDER    Cadderly
    overrideScript: SHOUT -> dw#urbhl
    defaultScript: WTASIGHT -> dw1melge
  CAEDMO    Caedmon
    overrideScript: SHOUT -> dw#urbhl
    defaultScript: WTASIGHT -> dw1melge
  CAILAN    Statue
    overrideScript: SHOUT -> 
  CALAHA    Calahan
    overrideScript: SHOUT -> dw#urbhl
    defaultScript: WTASIGHT -> dw1melth
  CALDO     Caldo
    overrideScript: RR#PICKP -> dw#gpsht
    classScript: SHOUT -> RR#PICKP
    defaultScript: wtasight -> dw1melge
  CANTO     Ioin Gallchobhair
    overrideScript: SHOUT -> dw#gpsht
    defaultScript: WTASIGHT -> dw1melge
  CARBOS    Carbos
    defaultScript: WTASIGHT -> dw1melge
  CARRIO    Carrion Crawler
    overrideScript: None -> dw#gpshm
  CARSA     Carsa
    overrideScript: SHOUT -> 
    raceScript: MAGE3 -> 
    defaultScript: wtasight -> dw#mg42
  CARSTO    Carston
    overrideScript: RR#PICKP -> dw#gpsht
    classScript: SHOUT -> RR#PICKP
    raceScript: WTARSGT -> 
    defaultScript: None -> dw1range
  CATURA    Caturak
    overrideScript: SHOUT -> dw#gpsht
    classScript: ATTKALLY -> gretek
    raceScript: gretek -> 
    generalScript: None -> gretek
    defaultScript: WDARSGT -> dw1range
  CAUTER    Cauternus
    overrideScript: SHOUT -> dw#innhl
  CAVENE    Cave Bear
    overrideScript: None -> dw#gpsht
    defaultScript: WDASIGHT -> dw1melmo
  CD09HAG   Pelerlertiana
    defaultScript: WTASIGHT -> dw1melmo
  CD09MAN   Xamm
    defaultScript: WTASIGHT -> dw1melge
  CD09TH2   Mysterious Woman
    defaultScript: WTASIGHT -> dw1melth
  CD09THI   Bdharlan the Simple
    defaultScript: WTASIGHT -> dw1melth
  CD23BAN   Scavenger Tymothy
    defaultScript: WTASIGHT -> dw1range
  CD23MON   Inoshishi
    defaultScript: WTASIGHT -> dw1melba
  CD23ROG   Vaxffee the Greedy
    defaultScript: WTASIGHT -> dw1melge
  CD41COR   Manifestation of Corruption
    overrideScript: GHAST -> 
    classScript: WTASIGHT -> 
    defaultScript: NONE -> dw1melge
  CD41GUAR  Dreamheart's Guardian
    defaultScript: wtasight -> dw1melge
  CD41SHA   Fear of Stasis
    defaultScript: WTARSGT -> dw1range
  CD41WOL1  Vampiric Wolf - Pack Leader
    defaultScript: WTASIGHT -> dw1melge
  CD41WOL2  Zombie-Wolf
    defaultScript: WTASIGHT -> dw1melge
  CD51CH    Chieftain Hvalanya
    defaultScript: wtasight -> dw1melge
  CD51GHO   Kalvranalan
    defaultScript: wtasight -> dw1melmo
  CD51GO    Watchdog Purkht
    defaultScript: wtasight -> dw1melge
  CD51GS    Shaman Sirkhr
    defaultScript: WTASIGHT -> dw1melge
  CD51GW    Gnoll-Weakling
    defaultScript: wtasight -> dw1melge
  CD51GZ    Gnoll Witherling
    defaultScript: wtasight -> dw1melmo
  CD51QM    Captain Stilind
    defaultScript: wtasight -> dw1range
  CDGRACE   Grace
    defaultScript: wtasight -> dw1melth
  CDIRIS    Iris Cotton
    classScript: shout -> dw#innhl
  CDLARGO   Largo Cotton
    classScript: shout -> dw#innhl
  CDMELI    Melicamp
    defaultScript: wtasight -> dw1melge
  CDMHKOBO  Kobold
    defaultScript: WTASIGHT -> dw1melge
  CDMHSKEL  Skeleton
    defaultScript: WTASIGHT -> dw1melmo
  CDMINER1  Miner Sal
    classScript: shout -> dw#innhl
  CDMINER2  Miner James
    classScript: shout -> dw#innhl
  CENTEO    Centeol
    defaultScript: WTASIGHT -> dw1melge
    amulet:  -> ANTIWEB
  CHANTH    Chanthalas Ulbright
    overrideScript: SHOUT -> dw#urbhl
    defaultScript: wtasight -> dw1melge
  CHASE     Chase
    overrideScript: SHOUT -> dw#innhl
  CHELAN    Chelan
    overrideScript: SHOUT -> dw#innhl
  CHICKDEF  Rabid Chicken
    defaultScript: WDASIGHT -> dw1melmo
  CHICKER   Rabid Chicken
    defaultScript: WDASIGHT -> dw1melmo
  CHILDULG  Ulgoth Boy
    overrideScript: SHOUT -> dw#innhl
  CHILNA    Boy
    overrideScript: SHOUT -> dw#innhl
  CHILNA_A  Boy
    overrideScript: SHOUT -> dw#innhl
  CHILNA_B  Boy
    overrideScript: SHOUT -> dw#innhl
  CHILNA_C  Boy
    overrideScript: SHOUT -> dw#innhl
  CHILNA_D  Boy
    overrideScript: SHOUT -> dw#innhl
  CHIMP5    Flaming Fist Mercenary
    overrideScript: SHOUT -> dw#urbhl
    defaultScript: WTASIGHT -> dw1melge
  CHLOE     Chloe
    overrideScript: SHOUT -> dw#innhl
  CLAIRD    Clair De'Lain
    defaultScript: wtarsgt -> dw1range
  COKSMTH   Peter of the North
    level: 4 -> 7
    overrideScript: SHOUT -> dw#gpshm
    raceScript: WTARSGT -> 
    defaultScript: None -> dw1range
  CONNOL    Connoly Finn
    classScript: SHOUT -> dw#innhl
  COOKGE    Cook
    overrideScript: SHOUT -> dw#innhl
  CORDYR    Cordyr
    classScript: shout -> dw#innhl
  CORSONE   Corsone
    level: 7 -> 9
    overrideScript: SEEENEMY -> dw#corso
    raceScript: PRIEST4 -> 
    defaultScript: WTASIGHT -> dw#pr85
    weapon2:  -> DW#SHNBR
  CORY      Miner Cory
    overrideScript: SHOUT -> dw#innhl
  COWH      Cow
    overrideScript: SHOUT -> dw#urbhl
  COWLED    Cowled Wizard
    raceScript: MAGE8 -> 
    generalScript: WTASIGHT -> 
    defaultScript: None -> dw#mg43
  CREDUS    Credus
    overrideScript: SHOUT -> bandit
    classScript: INITDLG -> dw#prsht
    raceScript: None -> dw#credu
    defaultScript: WTARSGT -> dw1range
  CREW1     Crewmate
    overrideScript: SHOUT -> dw#urbhl
    generalScript: WDASIGHT -> 
    defaultScript: None -> dw1melge
  CREW2     Crewmate
    overrideScript: SHOUT -> dw#urbhl
    generalScript: WDASIGHT -> 
    defaultScript: None -> dw1melth
  CREW3     Crewmate
    overrideScript: SHOUT -> dw#urbhl
    generalScript: WDASIGHT -> 
    defaultScript: None -> dw1melge
  CREW4     Crewmate
    overrideScript: SHOUT -> dw#urbhl
    generalScript: WDASIGHT -> 
    defaultScript: None -> dw1melth
  CREW5     Crewmate
    overrideScript: SHOUT -> dw#urbhl
    generalScript: WDASIGHT -> 
    defaultScript: None -> dw1melge
  CREW6     Crewmate
    overrideScript: SHOUT -> dw#urbhl
    generalScript: WDASIGHT -> 
    defaultScript: None -> dw1melge
  CREW7     Crewmate
    overrideScript: SHOUT -> dw#urbhl
    generalScript: WDASIGHT -> 
    defaultScript: None -> dw1melth
  CUCHOL    Cuchol
    class: FIGHTER_MAGE -> MAGE
    level: 8 -> 7
    classScript: MAGE6 -> 
    defaultScript: WTARSGT -> dw#mg44
  CULT1     Cult Guard
    overrideScript: cultsht -> dw#gpsht
    raceScript: WTASIGHT -> 
    defaultScript: None -> dw1melge
  CULT2     Cult Wizard
    overrideScript: SHOUTDLG -> dw#gpsht
    classScript: cultsht -> SHOUTDLG
    raceScript: mage2 -> 
    generalScript: wtasight -> 
    defaultScript: None -> dw#mg45
  CULT3     Cult Enforcer
    overrideScript: SHOUTDLG -> dw#gpsht
    classScript:  -> SHOUTDLG
    raceScript: WTASIGHT -> 
    defaultScript: None -> dw1melge
  CULT4     Cult Archer
    defaultScript: WTARSGT -> dw1melge
  CULTASS   Cult Assassin
    defaultScript: WTASIGHT -> dw1melth
  CULTD1    Cult Guard
    defaultScript: None -> dw1melge
  CULTD2    Cult Guard
    defaultScript: None -> dw1melge
  CULTD3    Cult Guard
    defaultScript: None -> dw1melge
  CULTD4    Cult Guard
    defaultScript: None -> dw1melge
  CULTD5    Cult Guard
    defaultScript: None -> dw1melge
  CULTD6    Cult Guard
    defaultScript: None -> dw1melge
  CULTT1    Cult Enforcer
    level: 15 -> 10
    overrideScript: CULTSHT -> dw#gpsht
    raceScript: WTASIGHT -> 
    defaultScript: None -> dw#mg161
  CULTT2    Cult Guard
    overrideScript: cultsht -> dw#gpsht
    raceScript: WTASIGHT -> 
    defaultScript: None -> dw1melge
  CULTT2A   Cult Guard
    raceScript: WTASIGHT -> 
    defaultScript: None -> dw1melge
  CULTT3    Cult Assassin
    overrideScript: CULTSHT -> dw#gpsht
    defaultScript: WTASIGHT -> dw1melas
  CULTT3A   Cult Assassin
    defaultScript: WTASIGHT -> dw1melth
  CULTT4    Cult Archer
    class: THIEF -> FIGHTER
    overrideScript: CULTSHT -> dw#gpsht
    defaultScript: WTARSGT -> dw1range
  CYDERM    Cyrdemac
    defaultScript: wtasight -> dw1melge
  CYTHAN    Cythandria
    raceScript: MAGE6 -> 
    defaultScript: WTASIGHT -> dw#mg46
  D2DOP     Greater Doppelganger
    general: HUMANOID -> MONSTER
    classScript: wtasight -> 
    defaultScript: None -> dw1melge
  D2DUR     Durlag Trollkiller
    general: HUMANOID -> MONSTER
    classScript: WTASIGHT -> 
    defaultScript: None -> dw1melge
  D2FUE     Fuernebol
    general: HUMANOID -> MONSTER
    classScript: MAGE1 -> 
    raceScript: WTARSGT -> 
    defaultScript: None -> dw#mg47
    weapon2:  -> SW1H07
  D2ISL     Islanne
    general: HUMANOID -> MONSTER
    classScript: WTASIGHT -> 
    defaultScript: None -> dw1melge
  D2KIE     Kiel the Legion Killer
    general: HUMANOID -> MONSTER
    classScript: WTASIGHT -> 
    defaultScript: None -> dw1melge
  D5UBMAY1  Mayor
    generalScript: SHOUT -> dw#innhl
  DABRON    Dabron Sashenstar
    defaultScript: WTARSGT -> dw1range
  DAERRAGH  Daer'Ragh
    classScript: MAGE4 -> 
    defaultScript: None -> dw#mg48
  DAESE     Daese
    general: HUMANOID -> MONSTER
    class: WOLFWERE -> MAGE
    level: 10 -> 8
    overrideScript: RR#PICKP -> daese
    classScript: SHOUT -> 
    raceScript: DAESE -> 
    generalScript: None -> 
    defaultScript: None -> dw#mg155
    rring:  -> IMMUNE1
    amulet:  -> MINHP1
    weapon1:  -> STAF01
  DAESEWLF  Daese
    general: HUMANOID -> MONSTER
    overrideScript: None -> dw#gpsht
    classScript: WTASIGHT -> 
    defaultScript: None -> dw1melge
  DAITEL    Ghost
    class: SPECTRE -> MAGE
    raceScript: DAITEL -> 
    defaultScript: WTASIGHT -> dw#mg49
    amulet:  -> IMMUNE1
  DALTON    Dalton
    defaultScript: WTARSGT -> dw1range
  DANDAL    Dandal
    overrideScript: SHOUT -> dw#urbhl
    defaultScript: wdarsgt -> dw1range
  DARRYL    Darryl
    overrideScript: SHOUT -> dw#gpsht
    defaultScript: WTASIGHT -> dw1melge
  DARRYL2   Darryl
    overrideScript: SHOUT -> dw#gpsht
    defaultScript: wtasight -> dw1melge
  DAVAEO    Davaeorn
    overrideScript: RR#PICKP -> davaeorn
    classScript: DAVAEORN -> RR#PICKP
    defaultScript: WTASIGHT -> dw#mg50
    weapon2:  -> DART01
  DEADBAN   Bandit
    overrideScript: SHOUT -> 
    defaultScript: WDARSGT -> dw1range
  DEAGAN    Deagan
    defaultScript: wtasight -> dw1melge
  DEAN      Deaner Andarrson
    overrideScript: SHOUT -> dw#innhl
  DEATHK    Demon Knight
    class: MAGE -> FIGHTER_MAGE
    level: 15 -> 18
    overrideScript: DEATHKNI -> dw#death
    classScript: WTASIGHT -> 
    defaultScript: None -> 
    lring:  -> ringdemn
  DECK615   Demon Knight
    defaultScript: wtasight -> dw1melge
  DECK622   Death Shade
    defaultScript: wtasight -> dw1melge
  DECKFELE  Fire Elemental
    defaultScript: WTASIGHT -> dw1melge
  DEDER3    Deder
    overrideScript: murder1 -> dw#urbhl
    classScript: shout -> murder1
    generalScript: WTASIGHT -> FOLLOW
    defaultScript: FOLLOW -> dw1ranth
  DEGROD    Degrodel
    overrideScript: SHOUT -> 
    raceScript: MAGE5 -> 
    generalScript: WTASIGHT -> 
    defaultScript: None -> dw#mg51
  DELAIN    Delainy
    general: HUMANOID -> MONSTER
    defaultScript: WTASIGHT -> dw1melge
  DELAIN2   Delainy
    general: HUMANOID -> MONSTER
    defaultScript: WTASIGHT -> dw1melge
  DELGOD    Delgod
    overrideScript: SHOUT -> dw#gpsht
    classScript: WTARSGT -> 
    defaultScript: None -> dw1range
  DELORN    Delorna
    overrideScript: INITDLG -> dw#gpsht
    classScript: SHOUT -> INITDLG
    generalScript: MAGE4 -> 
    defaultScript: wtasight -> dw#mg52
  DELSVIR   Delsvirftanyon
    overrideScript: RR#PICKP -> dw#urbhl
    classScript: shout -> RR#PICKP
    generalScript: WTASIGHT -> 
    defaultScript: None -> dw1melge
  DELTHY    Delthyr
    overrideScript: SHOUT -> dw#urbhl
    defaultScript: wtasight -> dw1melge
  DEMNABSU  Nabassu
    defaultScript: wtasight -> dw1melge
  DEMPIT01  Pit Fiend
    defaultScript: WTASIGHT -> dw1melge
  DENAK     Denak
    level: 6 -> 9
    overrideScript: SHOUT -> dw#gpsht
    raceScript: MAGE5 -> 
    generalScript: WTARSGT -> 
    defaultScript: None -> dw#mg164
  DENKOD    Denkod
    overrideScript: SHOUT -> dw#gpsht
    raceScript: WTASIGHT -> 
    defaultScript: None -> dw1melth
  DESRET    Desreta
    defaultScript: WTASIGHT -> dw1melth
  DESSLO    Kolssed
    raceScript: SHOUT -> dw#innhl
  DESTUS    Destus Gurn
    overrideScript: SHOUT -> dw#gpsht
  DETRAN    De'Tranion
    overrideScript: SHOUT -> dw#innhl
  DEZKIE    Dezkiel
    class: FIGHTER_MAGE -> MAGE
    level: 8 -> 7
    classScript: MAGE6 -> 
    defaultScript: wtarsgt -> dw#mg54
  DHANIA    Dhanial
    overrideScript: SHOUT -> dw#gpsht
  DIANA     Diana
    level: 5 -> 8
    overrideScript: SHOUT -> dw#gpsht
    classScript: MAGE3 -> 
    generalScript: WTASIGHT -> 
    defaultScript: None -> dw#mg167
  DIARMID   Diarmid
    classScript: WTARSGT -> 
    defaultScript: None -> dw1range
    helmet:  -> HELM10
    lring:  -> MAGE05
    rring:  -> DW#DIARM
    amulet:  -> MINHP1
    weapon1: BOW03 -> BOW01
    weapon2: SW1H04 -> HALB02
  DIGGER    Digger
    level: 6 -> 1
    overrideScript: DIGSHOUT -> dw#urbhl
    classScript: DIGGER -> DIGSHOUT
    raceScript: None -> DIGGER
    defaultScript: WTASIGHT -> dw1melge
  DIGGER_A  Digger
    overrideScript: SHOUT -> dw#urbhl
    defaultScript: wtasight -> dw1melge
  DIGGER_B  Digger
    overrideScript: SHOUT -> dw#urbhl
    defaultScript: wtasight -> dw1melge
  DIGGER_C  Digger
    overrideScript: SHOUT -> dw#urbhl
    defaultScript: wtasight -> dw1melge
  DIGGER_D  Digger
    overrideScript: SHOUT -> dw#urbhl
    defaultScript: wtasight -> dw1melge
  DIGGER_E  Digger
    overrideScript: SHOUT -> dw#urbhl
    defaultScript: wtasight -> dw1melge
  DILAK     Miner Dilak
    overrideScript: SHOUT -> dw#innhl
  DILLAR    Dillar
    overrideScript: SHOUT -> dw#innhl
  DINK      Miner Dink
    overrideScript: SHOUT -> dw#innhl
  DIRK      Dirk
    overrideScript: SHOUT -> dw#gpsht
    classScript: WTARSGT -> 
    defaultScript: None -> dw1range
  DIYAB     Diyab
    overrideScript: SHOUT -> dw#gpsht
    classScript: PRIEST5 -> 
    defaultScript: WTASIGHT -> dw#pr16
  DOGBLINK  Blink Dog
    defaultScript: WTASIGHT -> dw1melmo
  DOGWA     War Dog
    overrideScript: WARDOG -> dw#gpshm
    classScript: None -> WARDOG
    defaultScript: WTASIGHT -> dw1melmo
  DOGWI     Wild Dog
    overrideScript: WILDDOG -> dw#gpshm
    classScript: None -> WILDDOG
    defaultScript: WTASIGHT -> dw1melmo
  DOOMDUR   Dwarven Doom Guard
    class: GOLEM_IRON -> NO_CLASS
    overrideScript: SHOUT -> dw#gpsht
    generalScript: WTASIGHT -> 
    defaultScript: None -> dw1melmo
  DOOMGU    Doom Guard
    defaultScript: WTASIGHT -> dw1melmo
  DOOMSA    Doomsayer
    defaultScript: WTASIGHT -> dw1melmo
  DOPALD    Merchant
    general: HUMANOID -> MONSTER
  DOPDOP    Greater Doppelganger
    general: HUMANOID -> MONSTER
    classScript: WTASIGHT -> 
    defaultScript: None -> dw1melge
  DOPDUR    Durlag Trollkiller
    general: HUMANOID -> MONSTER
    classScript: WTASIGHT -> 
    defaultScript: None -> dw1melge
  DOPDUR1   Durlag Trollkiller
    general: HUMANOID -> MONSTER
  DOPDUR2   Durlag Trollkiller
    general: HUMANOID -> MONSTER
  DOPDUR3   Durlag Trollkiller
    general: HUMANOID -> MONSTER
  DOPFUE    Fuernebol
    general: HUMANOID -> MONSTER
    classScript: MAGE1 -> 
    raceScript: WTARSGT -> 
    defaultScript: None -> dw#mg56
    weapon2:  -> SW1H07
  DOPISL    Islanne
    general: HUMANOID -> MONSTER
    classScript: WTASIGHT -> 
    raceScript: MOVEP1 -> 
    defaultScript: None -> dw#mg157
  DOPKIE    Kiel the Legion Killer
    general: HUMANOID -> MONSTER
    classScript: WTASIGHT -> 
    raceScript: MOVEP1 -> priest5
    defaultScript: None -> dw1melge
  DOPMER    Merchant
    general: HUMANOID -> MONSTER
  DOPPGR    Greater Doppelganger
    general: HUMANOID -> MONSTER
    defaultScript: wtasight -> dw1melge
  DOPPL7    Doppelganger
    general: HUMANOID -> MONSTER
    defaultScript: WTASIGHT -> dw1melge
  DOPPLE    Doppelganger
    general: HUMANOID -> MONSTER
    defaultScript: WTASIGHT -> dw1melge
  DOPPSS    Doppelganger
    general: HUMANOID -> MONSTER
    defaultScript: WTASIGHT -> dw1melge
  DOPZORL   Doppelganger
    general: HUMANOID -> MONSTER
    defaultScript: WTASIGHT -> dw1melge
  DOROTEA   Dorotea
    classScript: PRIEST6 -> 
    defaultScript:  -> dw#pr17
  DRADEE    Dradeel
    defaultScript: WTASIGHT -> dw1melge
  DRADEE2   Dradeel
    defaultScript: WTASIGHT -> dw1melge
  DRAKAR    Drakar
    allegiance: NEUTRAL -> ENEMY
    overrideScript: SHOUT -> dw#c3as1
    classScript: PRIEST3 -> 
    defaultScript: WTASIGHT -> dw#pr18
  DRASUS    Drasus
    level: 8 -> 10
    overrideScript: SHOUT -> dw#gpsht
    defaultScript: wtasight -> dw1melbe
  DRATAN    Dra'tan
    overrideScript: SHOUT -> dw#gpsht
    raceScript: WTARSGT -> 
    defaultScript: None -> dw1range
  DRELIK    Drelik
    overrideScript: SHOUT -> 
    raceScript: MAGE2 -> 
    generalScript: WTASIGHT -> 
    defaultScript: None -> dw#mg57
  DREPPI    Dreppin
    overrideScript: SHOUT -> dw#urbhl
    defaultScript: wtasight -> dw1melge
  DREPPI2   Dreppin
    overrideScript: SHOUT -> dw#urbhl
    defaultScript: wtasight -> dw1melge
  DREPPI3   Dreppin
    general: HUMANOID -> MONSTER
    defaultScript: wtasight -> dw1melge
  DRIBBE    Dribben
    overrideScript: SHOUT -> dw#gpsht
    classScript: WTARSGT -> 
    defaultScript: None -> dw1range
  DRIENN    Drienne
    classScript: shout -> dw#innhl
  DRIZZATT  Drizzt
    defaultScript: wtasight -> dw1melge
  DRIZZDEF  Drizzt
    defaultScript: wtasight -> dw1melge
  DRIZZT    Drizzt
    defaultScript: WDASIGHT -> dw1melge
  DROTH     Droth
    classScript: INITDLG -> dw#shdlg
    raceScript: OGREMAGE -> 
    defaultScript: WDASIGHT -> dw#mg58
  DRUID2    Druid
    defaultScript: WTASIGHT -> dw1melge
  DRUID3    Druid
    defaultScript: WTASIGHT -> dw#pr19
  DRUIDC    Druid
    defaultScript: WTASIGHT -> dw1melge
  DRUNK     Drunk
    overrideScript: SHOUT -> dw#innhl
  DRUNK2    Drunk
    overrideScript: SHOUT -> dw#innhl
  DRYAD     Dryad of the Cloud Peaks
    classScript: CDRYAD -> 
    defaultScript: wtrunsgt -> dw1melge
  DRYADHA   Hamadryad
    defaultScript: wtasight -> dw1melge
  DUN       Dun
    overrideScript: SHOUT -> dw#innhl
  DUNKIN    Dunkin
    defaultScript: wtasight -> dw1melge
  DUPLICA1  Mirror Fiend
    classScript: WTASIGHT -> 
    defaultScript: None -> dw1melmo
  DUPLICA3  Mirror Fiend
    general: HUMANOID -> MONSTER
    class: DOPPLEGANGER_GREATER -> MAGE
    overrideScript: MAGE6 -> 
    defaultScript: wtasight -> dw#mg59
  DUPLICA6  Mirror Fiend
    general: HUMANOID -> MONSTER
    class: DOPPLEGANGER_GREATER -> MAGE
    overrideScript: MAGE6 -> 
    defaultScript: wtasight -> dw#mg60
  DURLYL    Durlyle
    general: HUMANOID -> MONSTER
    defaultScript: WTASIGHT -> dw1melge
  DURLYL2   Durlyle
    general: HUMANOID -> MONSTER
    defaultScript: WTASIGHT -> dw1melge
  DUSHAI    Dushai
    overrideScript: RR#PICKP -> dw#urbhl
    classScript: shout -> RR#PICKP
    defaultScript: WTASIGHT -> dw1melge
  DW#WWOLF  Werewolf
    general: HUMANOID -> MONSTER
    classScript: WTASIGHT -> 
    defaultScript: None -> dw1melge
  EDIE      Edie
    overrideScript: SHOUT -> dw#innhl
  ELDOTD    Eldoth
    defaultScript: wtasight -> dw1melge
  ELEARG01  Greater Earth Elemental
    defaultScript: WDASIGHT -> dw1melge
  ELKART    Elkart
    overrideScript: SHOUT -> dw#urbhl
    defaultScript: WTARSGT -> dw1range
  ELMIN1    Old Man
    overrideScript: SHOUT -> dw#urbhl
    defaultScript: WTASIGHT -> dw1melge
  ELMINS    Elminster
    general: HUMANOID -> MONSTER
    overrideScript: SHOUT -> 
    defaultScript: WTASIGHT -> dw1melge
  ELMINS4   Elminster
    general: HUMANOID -> MONSTER
    defaultScript: WTASIGHT -> dw1melge
  EMERSO    Emerson
    overrideScript: shout -> dw#urbhl
    defaultScript: wtasight -> dw1melge
  EMITAR    Emissary Tar
    overrideScript: SHOUT -> dw#innhl
  EMITAR3   Emissary Tar
    general: HUMANOID -> MONSTER
    overrideScript: SHOUT -> dw#gpsht
  ENDER     Ender Sai
    defaultScript: WTASIGHT -> dw1melge
  ENTAR     Entar Silvershield
    defaultScript: wtasight -> dw1melge
  ENTILL    Entillis Fulsom
    raceScript: MAGE6 -> 
    defaultScript: wtasight -> dw#mg3
  ERDANE    Erdane
    overrideScript: SHOUT -> dw#urbhl
  ERIK      Erik
    classScript: WTARSGT -> 
    defaultScript: None -> dw1range
  ERIK3     Erik
    general: HUMANOID -> MONSTER
    defaultScript: WTARSGT -> dw1range
  ETTERC    Ettercap
    overrideScript: None -> dw#gpshm
  ETTERC1   Ettercap
    overrideScript: None -> dw#gpshm
  EURIC     Euric
    overrideScript: SHOUT -> dw#innhl
  EVALT     Evalt
    general: HUMANOID -> MONSTER
    defaultScript: WDASIGHT -> dw1melge
  FAFIGHT   Guard
    overrideScript: SHOUT -> dw#urbhl
    defaultScript: WDASIGHT -> dw1melge
  FAHRIN    Fahrington
    classScript: shout -> 
    raceScript: priest1 -> 
    defaultScript: WTASIGHT -> dw#pr22
  FAIZAH    Statue
    overrideScript: SHOUT -> 
  FARLUC    Farluck
    defaultScript: WTARSGT -> dw1range
  FARM      Farmer
    overrideScript: SHOUT -> dw#innhl
  FARM2     Farmer
    overrideScript: SHOUT -> dw#innhl
  FARM3     Farmer
    overrideScript: SHOUT -> dw#innhl
  FARM4     Farmer
    overrideScript: SHOUT -> dw#innhl
  FARMBE    Farmer
    overrideScript: SHOUT -> dw#innhl
  FARMBR    Farmer Brun
    classScript: shout -> dw#innhl
  FARMER    Farmer
    overrideScript: SHOUT -> dw#innhl
  FARMWE    Farmer
    general: HUMANOID -> MONSTER
  FARTHI    Farthing
    general: HUMANOID -> MONSTER
  FATMAN    Commoner
    overrideScript: SHOUT -> dw#innhl
  FATWOM    Commoner
    overrideScript: SHOUT -> dw#innhl
  FCOOK3    Cook
    overrideScript: SHOUT -> dw#innhl
  FEARM     Fear
    defaultScript: WTASIGHT -> dw1range
  FECOOK    Cook
    overrideScript: SHOUT -> dw#innhl
  FELDAN    Feldane
    overrideScript: SHOUT -> dw#innhl
  FELONI    Felonius Gist
    overrideScript: SHOUT -> dw#innhl
  FENRUS    Fenrus
    overrideScript: SHOUT -> dw#innhl
    defaultScript: None -> wtrunsgt
  FENTEN    Fenten
    overrideScript: RR#PICKP -> dw#urbhl
    classScript: shout -> RR#PICKP
    defaultScript: WTASIGHT -> dw1melge
  FENWIC    Fenwick
    overrideScript: SHOUT -> dw#urbhl
  FERGUS    Fergus
    overrideScript: SHOUT -> dw#urbhl
    defaultScript: WDASIGHT -> dw1melge
  FFHUNT    Flaming Fist Enforcer
    overrideScript: SHOUT -> dw#urbhl
    defaultScript: WDASIGHT -> dw1melge
  FFHUNT1   Flaming Fist Enforcer
    overrideScript: SHOUT -> dw#urbhl
    defaultScript: WDASIGHT -> dw1melge
  FFHUNT2   Flaming Fist Enforcer
    overrideScript: SHOUT -> dw#urbhl
    defaultScript: WDASIGHT -> dw1melge
  FFHUNT3   Flaming Fist Enforcer
    overrideScript: SHOUT -> dw#urbhl
    defaultScript: WDASIGHT -> dw1melge
  FFOWB3    Commoner
    overrideScript: SHOUT -> dw#innhl
  FFSLEEP   Flaming Fist Mercenary
    overrideScript: SHOUT -> dw#urbhl
    defaultScript: WTASIGHT -> dw1melge
  FGOLEM    Flesh Golem
    raceScript: SHOUT -> 
    defaultScript: WDASIGHT -> dw1melmo
  FIREB1    Firebead Elvenhair
    class: FLAMING_FIST -> MAGE
    raceScript: MAGE6 -> 
    defaultScript: WTASIGHT -> dw#mg61
  FIREBE    Firebead Elvenhair
    class: FLAMING_FIST -> MAGE
    raceScript: MAGE6 -> 
    defaultScript: WDASIGHT -> dw#mg62
  FLAM      Flaming Fist Mercenary
    overrideScript: SHOUT -> dw#urbhl
    defaultScript: WDASIGHT -> dw1melge
  FLAM10    Flaming Fist Mercenary
    allegiance: NEUTRAL -> GOODBUTBLUE
    overrideScript: SHOUT -> dw#urbhl
    defaultScript: WDASIGHT -> dw1melge
  FLAM11    Flaming Fist Mercenary
    overrideScript: SHOUT -> dw#urbhl
    generalScript: WDASIGHT -> 
    defaultScript: None -> dw1melge
  FLAM12    Flaming Fist Mercenary
    overrideScript: SHOUT -> dw#urbhl
    defaultScript: WTASIGHT -> dw1melge
  FLAM13    Dilos
    overrideScript: SHOUT -> dw#urbhl
    defaultScript: WTASIGHT -> dw1melge
  FLAM2     Flaming Fist Mercenary
    overrideScript: SHOUT -> dw#urbhl
    raceScript: PRIEST4 -> 
    defaultScript: WDASIGHT -> dw#pr23
  FLAM4     Flaming Fist Mercenary
    overrideScript: SHOUT -> dw#urbhl
    defaultScript: WDASIGHT -> dw1melge
  FLAM5     Flaming Fist Mercenary
    overrideScript: SHOUT -> dw#urbhl
    defaultScript: WDASIGHT -> dw1melge
  FLAM5A    Flaming Fist Mercenary
    overrideScript: SHOUT -> dw#urbhl
    defaultScript: WTASIGHT -> dw1melge
  FLAM5B    Flaming Fist Mercenary
    overrideScript: SHOUT -> dw#urbhl
    defaultScript: WTASIGHT -> dw1melge
  FLAM6     Flaming Fist Mercenary
    overrideScript: SHOUT -> dw#urbhl
    defaultScript: WDASIGHT -> dw1melge
  FLAM7     Flaming Fist Mercenary
    overrideScript: SHOUT -> dw#urbhl
    defaultScript: WDASIGHT -> dw1melge
  FLAM8     Flaming Fist Mercenary
    overrideScript: SHOUT -> dw#urbhl
    defaultScript: WDASIGHT -> dw1melge
  FLAM9     Flaming Fist Mercenary
    overrideScript: SHOUT -> dw#urbhl
    defaultScript: WDASIGHT -> dw1melge
  FLAMAL    Flaming Fist Enforcer
    overrideScript: SHOUT -> dw#urbhl
    defaultScript: WDASIGHT -> dw1melge
  FLAMANG   Mercenary
    overrideScript: SHOUT -> dw#urbhl
    raceScript: PRIEST4 -> 
    defaultScript: WTASIGHT -> dw#pr24
  FLAMBRID  Flaming Fist Mercenary
    overrideScript: SHOUT -> dw#urbhl
    defaultScript: WTASIGHT -> dw1melge
  FLAMC7    Flaming Fist Mercenary
    overrideScript: SHOUT -> dw#urbhl
    defaultScript: WTASIGHT -> dw1melge
  FLAME     Flaming Fist Enforcer
    overrideScript: SHOUT -> dw#urbhl
    defaultScript: WTASIGHT -> dw1melge
  FLAME1    Flaming Fist Mercenary
    overrideScript: SHOUT -> dw#urbhl
    defaultScript: WTASIGHT -> dw1melge
  FLAME2    Flaming Fist Mercenary
    overrideScript: SHOUT -> dw#urbhl
    defaultScript: WTASIGHT -> dw1melge
  FLAME3    Flaming Fist Mercenary
    overrideScript: SHOUT -> dw#urbhl
    defaultScript: WTASIGHT -> dw1melge
  FLAME4    Flaming Fist Mercenary
    overrideScript: SHOUT -> dw#urbhl
    defaultScript: WTASIGHT -> dw1melge
  FLAMEN    Flaming Fist Enforcer
    overrideScript: RR#PICKP -> dw#urbhl
    classScript: SHOUT -> RR#PICKP
    defaultScript: WDASIGHT -> dw1melge
  FLAMEN2   Flaming Fist Enforcer
    overrideScript: RR#PICKP -> dw#urbhl
    classScript: SHOUT -> RR#PICKP
    defaultScript: WDASIGHT -> dw1melge
  FLAMGATE  Flaming Fist Enforcer
    overrideScript: shout -> dw#urbhl
    defaultScript: wtasight -> dw1melge
  FLAMGG    Flaming Fist Mercenary
    overrideScript: SHOUT -> dw#urbhl
    defaultScript: WDASIGHT -> dw1melge
  FLAMHUSB  Flaming Fist Enforcer
    overrideScript: SHOUT -> dw#urbhl
    defaultScript: WDASIGHT -> dw1melge
  FLAMPUN   Flaming Fist Enforcer
    overrideScript: RR#PICKP -> dw#urbhl
    classScript: SHOUT -> RR#PICKP
    defaultScript: PRIEST4 -> dw#pr25
  FLAMPUN2  Flaming Fist Enforcer
    overrideScript:  -> dw#urbhl
    classScript: SHOUT -> 
    defaultScript: WTARSGT -> dw1range
  FLAMSCO   Flaming Fist Scout
    overrideScript:  -> dw#urbhl
    classScript: SHOUT -> 
    defaultScript: WTASIGHT -> dw1melge
  FLAMVAI   Flaming Fist Mercenary
    overrideScript: SHOUT -> dw#urbhl
    defaultScript: WDASIGHT -> dw1melge
  FLAMWIZ   Flaming Fist Battle Wizard
    overrideScript:  -> dw#urbhl
    classScript: SHOUT -> 
    defaultScript: WTASIGHT -> dw1melge
  FLIND     Flind
    overrideScript: GNOLLF -> dw#gpsht
    raceScript: WTASIGHT -> 
    defaultScript: None -> dw1melge
  FLINDB    Flind
    overrideScript: GNOLLFB -> dw#prsht
    classScript: SHOUT -> GNOLLFB
    raceScript: WTASIGHT -> 
    defaultScript: None -> dw1melge
  FLIND_A   Flind
    raceScript: WTASIGHT -> 
    defaultScript: None -> dw1melge
  FLIND_B   Flind
    raceScript: WTASIGHT -> 
    defaultScript: None -> dw1melge
  FLIND_C   Flind
    raceScript: WTASIGHT -> 
    defaultScript: None -> dw1melge
  FLINTAL1  Flind
    raceScript: WTASIGHT -> 
    defaultScript: None -> dw1melge
  FOOTY     Footy
    overrideScript: SHOUT -> dw#innhl
  FORESH    Lord Foreshadow
    overrideScript: SHOUT -> dw#innhl
  FORTHE    Forthel August
    generalScript: WTARSGT -> 
    defaultScript: None -> dw1range
  FRIEND    Guard
    overrideScript: SHOUT -> dw#urbhl
    defaultScript: WTASIGHT -> dw1melge
  FRIWEN    Serving Wench
    overrideScript: SHOUT -> dw#innhl
  FTOBE2    Kaitlin
    overrideScript: SHOUT -> dw#innhl
  FTOBE3    Malicia
    overrideScript: SHOUT -> dw#innhl
  FTOBE4    Henrette
    overrideScript: SHOUT -> dw#innhl
  FTOBE5    Commoner
    overrideScript: SHOUT -> dw#innhl
  FTOBE6    Commoner
    overrideScript: SHOUT -> dw#innhl
  FTOBE7    Commoner
    overrideScript: SHOUT -> dw#innhl
  FTOBE8    Commoner
    overrideScript: SHOUT -> dw#innhl
  FTOBE9    Sari
    overrideScript: SHOUT -> dw#innhl
  FTOWB1    Commoner
    overrideScript: SHOUT -> dw#innhl
  FTOWB2    Commoner
    overrideScript: SHOUT -> dw#innhl
  FTOWB3    Commoner
    overrideScript: SHOUT -> dw#innhl
  FTOWB4    Commoner
    overrideScript: SHOUT -> dw#innhl
  FTOWB5    Commoner
    overrideScript: SHOUT -> dw#innhl
  FTOWB6    Commoner
    overrideScript: SHOUT -> dw#innhl
  FTOWB7    Commoner
    overrideScript: SHOUT -> dw#innhl
  FTOWBA    Commoner
    overrideScript: SHOUT -> dw#innhl
  FTOWBASC  Commoner
    overrideScript: SHOUT -> dw#innhl
  FTOWBASN  Commoner
    overrideScript: SHOUT -> dw#innhl
  FTOWBAX   Commoner
    overrideScript: SHOUT -> dw#innhl
  FTOWBA_A  Commoner
    overrideScript: SHOUT -> dw#innhl
  FTOWBA_B  Commoner
    overrideScript: SHOUT -> dw#innhl
  FTOWBA_C  Commoner
    overrideScript: SHOUT -> dw#innhl
  FTOWBA_D  Commoner
    overrideScript: SHOUT -> dw#innhl
  FTOWBA_E  Commoner
    overrideScript: SHOUT -> dw#innhl
  FTOWBE    Commoner
    overrideScript: SHOUT -> dw#innhl
  FTOWBESC  Commoner
    overrideScript: SHOUT -> dw#innhl
  FTOWBESN  Commoner
    overrideScript: SHOUT -> dw#innhl
  FTOWBEX   Commoner
    overrideScript: SHOUT -> dw#innhl
  FTOWBE_A  Commoner
    overrideScript: SHOUT -> dw#innhl
  FTOWBE_B  Commoner
    overrideScript: SHOUT -> dw#innhl
  FTOWBE_C  Commoner
    overrideScript: SHOUT -> dw#innhl
  FTOWBE_D  Commoner
    overrideScript: SHOUT -> dw#innhl
  FTOWBE_E  Commoner
    overrideScript: SHOUT -> dw#innhl
  FTOWFR    Commoner
    overrideScript: SHOUT -> dw#innhl
  FTOWFRSC  Commoner
    overrideScript: SHOUT -> dw#innhl
  FTOWFRSN  Commoner
    overrideScript: SHOUT -> dw#innhl
  FTOWFR_A  Commoner
    overrideScript: SHOUT -> dw#innhl
  FTOWFR_B  Commoner
    overrideScript: SHOUT -> dw#innhl
  FTOWFR_C  Commoner
    overrideScript: SHOUT -> dw#innhl
  FTOWFR_D  Commoner
    overrideScript: SHOUT -> dw#innhl
  FTOWFR_E  Commoner
    overrideScript: SHOUT -> dw#innhl
  FTOWN2    Commoner
    overrideScript: SHOUT -> dw#innhl
  FTOWN3    Commoner
    overrideScript: SHOUT -> dw#innhl
  FTOWN4    Commoner
    overrideScript: SHOUT -> dw#innhl
  FTOWNA    Commoner
    overrideScript: SHOUT -> dw#innhl
  FTOWNASC  Commoner
    overrideScript: SHOUT -> dw#innhl
  FTOWNA_A  Commoner
    overrideScript: SHOUT -> dw#innhl
  FTOWNA_B  Commoner
    overrideScript: SHOUT -> dw#innhl
  FTOWNA_C  Commoner
    overrideScript: SHOUT -> dw#innhl
  FTOWNA_D  Commoner
    overrideScript: SHOUT -> dw#innhl
  FTOWNA_E  Commoner
    overrideScript: SHOUT -> dw#innhl
  FTOWUB    Commoner
    overrideScript: SHOUT -> dw#innhl
  FTOWUBSC  Commoner
    overrideScript: SHOUT -> dw#innhl
  FTOWUBSN  Commoner
    overrideScript: SHOUT -> dw#innhl
  FTOWUBX   Commoner
    overrideScript: SHOUT -> dw#innhl
  FTOWUB_A  Commoner
    overrideScript: SHOUT -> dw#innhl
  FTOWUB_B  Commoner
    overrideScript: SHOUT -> dw#innhl
  FTOWUB_C  Commoner
    general: HUMANOID -> MONSTER
    overrideScript: SHOUT -> dw#innhl
  FTOWUB_D  Commoner
    general: HUMANOID -> MONSTER
    overrideScript: SHOUT -> dw#innhl
  FTOWUB_E  Commoner
    overrideScript: SHOUT -> dw#innhl
  FTOWWI    Commoner
    general: HUMANOID -> MONSTER
  FTOWWI_A  Commoner
    general: HUMANOID -> MONSTER
  FTOWWI_B  Commoner
    general: HUMANOID -> MONSTER
  FTOWWI_C  Commoner
    general: HUMANOID -> MONSTER
  FTOWWI_D  Commoner
    general: HUMANOID -> MONSTER
  FTOWWI_E  Commoner
    general: HUMANOID -> MONSTER
  FTWBAX    Commoner
    overrideScript: SHOUT -> dw#innhl
  FTWBAX_A  Commoner
    overrideScript: SHOUT -> dw#innhl
  FTWBAX_B  Commoner
    overrideScript: SHOUT -> dw#innhl
  FTWBAX_C  Commoner
    overrideScript: SHOUT -> dw#innhl
  FTWBAX_D  Commoner
    overrideScript: SHOUT -> dw#innhl
  FTWBAX_E  Commoner
    overrideScript: SHOUT -> dw#innhl
  FUERNE    Fuernebol
    general: HUMANOID -> MONSTER
    class: DOPPLEGANGER_GREATER -> BARD
    overrideScript: RR#PICKP -> dw#fuern
    classScript: None -> RR#PICKP
    raceScript: MAGE1 -> 
    defaultScript: WTARSGT -> dw#mg63
  FULLER    Fuller
    overrideScript: SHOUT -> dw#urbhl
    classScript: WTASIGHT -> 
    defaultScript: None -> dw1melge
  FULLER2   Fuller
    overrideScript: SHOUT -> dw#urbhl
    classScript: WTASIGHT -> 
    defaultScript: None -> dw1melge
  FULLER3   Fuller
    general: HUMANOID -> MONSTER
    defaultScript: WTASIGHT -> dw1melge
  FURNEL    Furnelaine
    overrideScript: SHOUT -> dw#urbhl
    defaultScript: wtarsgt -> dw1range
  GALDOR    Angelo
    allegiance: NEUTRAL -> ENEMY
    overrideScript: SHOUT -> dw#angel
    classScript: ANGELO -> dw#gpsht
    defaultScript: wtarsgt -> dw#mg64
  GALILE    Galileus
    overrideScript: SHOUT -> dw#urbhl
    defaultScript: WTASIGHT -> dw1melge
  GALKIN    Galken
    overrideScript: SHOUT -> dw#innhl
  GALTOK    Galtok
    overrideScript: SHOUT -> 
    defaultScript: wtasight -> dw1range
  GAMES     Gamesman
    overrideScript: SHOUT -> dw#innhl
  GAMES2    Gamesman
    overrideScript: SHOUT -> dw#innhl
  GAMES3    Gamesman
    overrideScript: SHOUT -> dw#innhl
  GAMES4    Gamesman
    overrideScript: SHOUT -> dw#innhl
  GAMES5    Gamesman
    overrideScript: SHOUT -> dw#innhl
  GANDOL    Gandolar Luckyfoot
    overrideScript: SHOUT -> dw#urbhl
    defaultScript: wtarsgt -> dw1ranth
  GANTOL    Gantolandan
    overrideScript: SHOUT -> dw#urbhl
    defaultScript: wtasight -> dw1melge
  GANTOL2   Gantolandan
    defaultScript: WTASIGHT -> dw1melge
  GARAN     Garan
    class: MAGE_THIEF -> MAGE
    classScript: MAGE6 -> 
    defaultScript: WTARSGT -> dw#mg65
  GARDEN    Gardener
    overrideScript: SHOUT -> dw#innhl
  GARDUS    Gardush
    overrideScript: SHOUT -> dw#gpsht
    defaultScript: WTASIGHT -> dw1melbe
    shield: SHLD13 -> SW1H04
  GARKLA    Garclax
    raceScript: WTASIGHT -> 
    defaultScript: None -> dw1melge
  GATEKE    Gatekeeper
    defaultScript: WTARSGT -> dw1range
  GATEWA    Gatewarden
    overrideScript: INITDLG -> dw#urbhl
    classScript: SHOUT -> INITDLG
    defaultScript: WTASIGHT -> dw1melge
  GATEWA2   Gatewarden
    overrideScript: SHOUT -> dw#urbhl
  GATEWERE  Gatekeeper
    general: HUMANOID -> MONSTER
    generalScript: WTARSGT -> 
    defaultScript: None -> dw1range
  GAXIR     G'axir the Seer
    overrideScript: RR#PICKP -> dw#urbhl
    classScript: shout -> RR#PICKP
    defaultScript: wtasight -> dw1melge
  GAZIB     The Great Gazib
    overrideScript: SHOUT -> dw#urbhl
    generalScript: WTASIGHT -> 
    defaultScript: None -> dw1melge
  GDOPP7    Greater Doppelganger
    general: HUMANOID -> MONSTER
    defaultScript: wtasight -> dw1melge
  GDOPP71   Greater Doppelganger
    general: HUMANOID -> MONSTER
    defaultScript: wtasight -> dw1melge
  GDOPP72   Greater Doppelganger
    general: HUMANOID -> MONSTER
    defaultScript: wtasight -> dw1melge
  GDOPP73   Greater Doppelganger
    general: HUMANOID -> MONSTER
    defaultScript: wtasight -> dw1melge
  GDOPP74   Greater Doppelganger
    general: HUMANOID -> MONSTER
    defaultScript: wtasight -> dw1melge
  GDOPP75   Greater Doppelganger
    general: HUMANOID -> MONSTER
    defaultScript: wtasight -> dw1melge
  GELLAN    Gellana Mirrorshade
    overrideScript: SHOUT -> dw#urbhl
    defaultScript: wdasight -> dw1melge
  GELTIK    Geltik
    overrideScript: RR#PICKP -> dw#gpsht
    classScript: None -> RR#PICKP
    raceScript: WTARSGT -> 
    defaultScript: None -> dw1range
  GENTHO    Genthore
    level: 7 -> 9
    overrideScript: SHOUT -> dw#gpsht
    defaultScript: wtarsgt -> dw1range
    weapon2: DART01 -> AX1H04
    weapon3: DAGG05 -> AX1H01
    weapon4: DAGG01 -> 
  GERDE     Gerde
    overrideScript: RR#PICKP -> dw#urbhl
    classScript: shout -> RR#PICKP
    defaultScript: wtasight -> dw1melge
  GERVIS    Gervisse
    raceScript: MAGE4 -> 
    defaultScript: wtasight -> dw#mg66
  GHAST     Ghast
    overrideScript: GHAST -> dw#gpshm
    classScript: WTASIGHT -> 
    defaultScript: None -> dw1melge
  GHASTD    Ghast
    classScript: WTASIGHT -> 
    defaultScript: None -> dw1melge
  GHASTF01  Fell Ghast
    overrideScript: GHAST -> 
    classScript: WTASIGHT -> 
    defaultScript: None -> dw1melge
  GHASTS    Ghast
    overrideScript: GHAST -> 
    defaultScript: None -> dw1melge
  GHORAK    Ghorak
    overrideScript: SHOUT -> dw#innhl
  GHOUL     Ghoul
    overrideScript: None -> dw#gpshm
    defaultScript: wdasight -> dw1melge
  GHOULLOR  Greater Ghoul
    overrideScript: None -> dw#gpshm
    raceScript: GHAST -> 
    defaultScript: WTASIGHT -> dw1melge
  GHOULSU   Ghoul
    raceScript: WTARSGT -> 
    defaultScript:  -> dw1melge
  GIBBER    Gibberling
    defaultScript: WTASIGHT -> dw1melmo
  GIBBER02  Diseased Gibberling
    defaultScript: WTASIGHT -> dw1melmo
  GIBBER2   Diseased Gibberling
    defaultScript: WTASIGHT -> dw1melmo
  GIBBLAUR  Gibberling
    defaultScript: WTASIGHT -> dw1melmo
  GIRBA1    Girl
    overrideScript: SHOUT -> dw#innhl
  GIRBA2    Girl
    overrideScript: SHOUT -> dw#innhl
  GIRBA3    Girl
    overrideScript: SHOUT -> dw#innhl
  GIRBA3_A  Girl
    overrideScript: SHOUT -> dw#innhl
  GIRBA3_B  Girl
    overrideScript: SHOUT -> dw#innhl
  GIRBA3_C  Girl
    overrideScript: SHOUT -> dw#innhl
  GIRBA3_D  Girl
    overrideScript: SHOUT -> dw#innhl
  GIRBA3_E  Girl
    overrideScript: SHOUT -> dw#innhl
  GIRBAX_A  Girl
    overrideScript: SHOUT -> dw#innhl
  GIRBAX_B  Girl
    overrideScript: SHOUT -> dw#innhl
  GIRBAX_C  Girl
    overrideScript: SHOUT -> dw#innhl
  GIRBAX_D  Girl
    overrideScript: SHOUT -> dw#innhl
  GIRBAX_E  Girl
    overrideScript: SHOUT -> dw#innhl
  GIRLBAX   Girl
    overrideScript: SHOUT -> dw#innhl
  GIRLBE    Girl
    overrideScript: SHOUT -> dw#innhl
  GLART     Hobgoblin
    overrideScript: SHOUT -> dw#prsht
    defaultScript: WTASIGHT -> dw1melge
  GLOWTES2  Invisible Stalker
    defaultScript: WTASIGHT -> dw1melmo
  GLOWTEST  Helmed Horror
    defaultScript: wtasight -> dw1melmo
  GNARL     Gnarl
    level: 2 -> 5
    overrideScript: shout -> dw#gpsht
    defaultScript: wtasight -> dw1melge
  GNOLL     Gnoll
    overrideScript: GNOLLF -> dw#gpsht
    raceScript: WTASIGHT -> 
    defaultScript: None -> dw1melge
  GNOLL02   Gnoll
    defaultScript: WTASIGHT -> dw1melge
  GNOLL03   Gnoll
    defaultScript: WTASIGHT -> dw1melge
  GNOLL04   Gnoll
    defaultScript: WTASIGHT -> dw1melge
  GNOLL05   Gnoll
    defaultScript: WTASIGHT -> dw1melge
  GNOLL2    Gnoll
    defaultScript: WTASIGHT -> dw1melge
  GNOLL3    Gnoll
    defaultScript: WTASIGHT -> dw1melge
  GNOLL5    Ludrug
    defaultScript: WTASIGHT -> dw1melge
  GNOLL5A   Gnoll
    defaultScript: WTASIGHT -> dw1melge
  GNOLLPER  Gnoll
    overrideScript: GNOLLF -> dw#gpsht
    raceScript: WTASIGHT -> 
    defaultScript: None -> dw1melge
  GNOLL_A   Gnoll Elite
    overrideScript: GNOLLF -> dw#gpsht
    raceScript: WTASIGHT -> 
    defaultScript: None -> dw1melge
  GNOLL_B   Gnoll
    overrideScript: GNOLLF -> dw#gpsht
    raceScript: WTASIGHT -> 
    defaultScript: None -> dw1melge
  GNOLL_BB  Gnoll
    overrideScript: GNOLLFB -> dw#prsht
    classScript: SHOUT -> GNOLLFB
    raceScript: WTASIGHT -> 
    defaultScript: None -> dw1melge
  GNOLL_C   Gnoll Chieftain
    overrideScript: GNOLLF -> dw#gpsht
    raceScript: WTASIGHT -> 
    defaultScript: None -> dw1melge
  GNOLL_D   Gnoll Slasher
    overrideScript: GNOLLF -> dw#gpsht
    raceScript: WTASIGHT -> 
    defaultScript: None -> dw1melge
  GNOLL_E   Gnoll Veteran
    overrideScript: GNOLLF -> dw#gpsht
    raceScript: WTASIGHT -> 
    defaultScript: None -> dw1melge
  GNOLL_EB  Gnoll Veteran
    overrideScript: GNOLLFB -> dw#prsht
    classScript: SHOUT -> GNOLLFB
    raceScript: WTASIGHT -> 
    defaultScript: None -> dw1melge
  GNOLTAL1  Gnoll Elite
    raceScript: WTASIGHT -> 
    defaultScript: None -> dw1melge
  GNOLTAL2  Gnoll
    raceScript: WTASIGHT -> 
    defaultScript: None -> dw1melge
  GNOLTAL3  Gnoll Slasher
    raceScript: WTASIGHT -> 
    defaultScript: None -> dw1melge
  GNOLTAL4  Gnoll Veteran
    raceScript: WTASIGHT -> 
    defaultScript: None -> dw1melge
  GOLEMF    Flesh Golem
    overrideScript: SHOUT -> 
    defaultScript: WDASIGHT -> dw1melmo
  GOLEMF2   Flesh Golem
    overrideScript: SHOUT -> 
    defaultScript: WTASIGHT -> dw1melmo
  GOLINV    Golin Vend
    classScript: SHOUT -> dw#innhl
  GOODDEAT  Mirror Fiend
    class: MAGE -> FIGHTER_MAGE
    level: 15 -> 18
    lring:  -> ringdemn
  GORD      Miner Gord
    overrideScript: SHOUT -> dw#innhl
  GORF      Gorf
    overrideScript: None -> dw#gpsht
    raceScript: OGRE -> 
    defaultScript: WTASIGHT -> dw1melge
  GORION3   Gorion
    general: HUMANOID -> MONSTER
    overrideScript: SHOUT -> 
    defaultScript: WTASIGHT -> dw1melge
  GORPEL    Gorpel Hind
    classScript: WTASIGHT -> 
    defaultScript: None -> dw1melge
  GRAEL     Grael
    raceScript: GHAST -> 
    defaultScript: WTASIGHT -> dw1melge
  GREGOR    Gregor
    overrideScript: SHOUT -> dw#gpsht
    defaultScript: wtasight -> dw1melth
  GRETEK    Gretek
    overrideScript: SHOUT -> dw#gpsht
    classScript: ATTKALLY -> 
    defaultScript: WDASIGHT -> dw1melge
    shield: SHLD05 -> AX1H01
  GREYWO    Greywolf
    raceScript: WTASIGHT -> 
    defaultScript: None -> dw1melge
    shield:  -> SW1H04
  GSARCH01  Thug
    overrideScript: SHOUT -> 
    classScript: WTARSGT -> 
    defaultScript: None -> dw1range
  GSARCH02  Thug
    overrideScript: SHOUT -> 
    classScript: WTARSGT -> 
    defaultScript: None -> dw1range
  GUARBE    Guard
    overrideScript: SHOUT -> dw#urbhl
    defaultScript: wtasight -> dw1melge
  GUARCA    Guard
    overrideScript: SHOUT -> dw#urbhl
    defaultScript: wtasight -> dw1melge
  GUARD     Guard
    overrideScript: SHOUT -> dw#urbhl
    defaultScript: WDASIGHT -> dw1melge
  GURKE     Gurke
    overrideScript: SHOUT -> dw#urbhl
  GV#ALAN   Alan
    generalScript: priest2 -> shout
    defaultScript: shout -> dw#pr26
  GV#BRIA   Brian
    generalScript: priest5 -> shout
    defaultScript: shout -> dw#pr27
  GV#KELL   Kelly
    generalScript: priest1 -> shout
    defaultScript: shout -> dw#pr28
  GV#KRAK   Lord Burnheart
    raceScript: wtasight -> 
    defaultScript:  -> dw1melba
  GV#MARI   Lady Burnheart
    defaultScript: wtasight -> dw1melge
  GV#MERI   Officer Meriwether
    defaultScript: WDASIGHT -> dw1melge
  GV#PAM    Pam
    generalScript: wtasight -> shout
    defaultScript: shout -> dw1melge
  GV#PHIL   Phil
    generalScript: priest5 -> shout
    defaultScript: shout -> dw#pr29
  GV#PIER   Pierson
    defaultScript: wtarsgt -> dw1range
  GV#SIGU   Sigurd
    defaultScript: wtasight -> dw1melge
  GV#STOR   Storm Knight
    generalScript: wtasight -> shout
    defaultScript: shout -> dw1melge
  GV#TARA   Taranis
    generalScript: wtasight -> shout
    defaultScript: shout -> dw1melge
  GV#THUN   Thundercat
    classScript: wtasight -> 
    defaultScript:  -> dw1melth
  GV#WINK   Reeves
    defaultScript: wtasight -> dw1melth
  GYLLIA    Gyllian
    overrideScript: SHOUT -> dw#innhl
  HACK      Hack
    defaultScript: WTASIGHT -> dw1melge
  HAFFG2    Mabledale
    overrideScript: SHOUT -> dw#innhl
  HAFIZ     Hafiz
    overrideScript: SHOUT -> 
    raceScript: mage3 -> 
    generalScript: mage2 -> 
    defaultScript: wtasight -> dw#mg67
  HAIRTO    Hairtooth
    level: 2 -> 5
    overrideScript: shout -> dw#gpsht
    defaultScript: wtasight -> dw1melge
  HAKT      Hakt
    overrideScript: HOBGOBA -> dw#c3hst
    classScript: SHOUT -> dw#prsht
    raceScript: WTARSGT -> dw#gpsht
    defaultScript: None -> dw1range
  HALACA    Halacan
    allegiance: NEUTRAL -> ENEMY
    overrideScript: SHOUT -> dw#c3as1
    classScript: mage3 -> 
    generalScript: WTASIGHT -> 
    defaultScript: None -> dw#mg68
  HALBAZ    Halbazzer Drin
    overrideScript: SHOUT -> dw#urbhl
    classScript: MAGE5 -> 
    defaultScript: wtasight -> dw#mg69
  HALFEN    Halfling Enforcer
    overrideScript: GUARDS -> dw#urbhl
    classScript: SHOUT -> GUARDS
    defaultScript: WDASIGHT -> dw1melge
  HALFEN2   Halfling Enforcer
    overrideScript: GUARDS -> dw#urbhl
    classScript: SHOUT -> GUARDS
    defaultScript: WDASIGHT -> dw1melge
  HALFFG    Halfling Woman
    overrideScript: SHOUT -> dw#innhl
  HALFG2    Bunsen
    overrideScript: SHOUT -> dw#innhl
  HALFG3    Farthendell
    overrideScript: SHOUT -> dw#innhl
  HALFG4    Arlond
    overrideScript: SHOUT -> dw#innhl
  HALFG5    Joldenan
    overrideScript: SHOUT -> dw#innhl
  HALFG6    Halfling Man
    overrideScript: SHOUT -> dw#innhl
  HALFGU    Halfling Man
    overrideScript: SHOUT -> dw#innhl
  HALFTR    Furret
    overrideScript: SHOUT -> 
  HANNAH    Lady Hannah
    overrideScript: SHOUT -> dw#innhl
  HAREIS    Hareishan
    overrideScript: SHOUT -> dw#gpsht
    classScript: MAGE4 -> 
    defaultScript: wtasight -> dw#mg70
  HASEO     Haseo
    level: 9 -> 11
    overrideScript: SHOUT -> dw#gpsht
    defaultScript: WTASIGHT -> dw1melke
    shield:  -> SW1H04
  HASTEN    Hastenback
    classScript: PRIEST2 -> 
    defaultScript: wtasight -> dw#pr30
  HECITO    Hecito
    overrideScript: SHOUT -> dw#innhl
  HELMHO    Helmed Horror
    defaultScript: WTASIGHT -> dw1melmo
  HELSHA    Helshara
    overrideScript: INITDLG -> dw#gpsht
    classScript: HELSHARA -> INITDLG
    raceScript: MAGE3 -> HELSHARA
    generalScript: None -> 
    defaultScript: wtasight -> dw#mg71
  HENTOL    Hentold
    overrideScript: SHOUT -> dw#urbhl
  HEPHIS    Hephis
    overrideScript: SHOUT -> dw#innhl
  HERSCH    Herschel
    classScript: SHOUT -> dw#innhl
  HGSAL01   Fire Salamander
    defaultScript: WTASIGHT -> dw1melmo
  HICK      Hick
    overrideScript: SHOUT -> dw#urbhl
    defaultScript: wtarsgt -> dw1range
  HOBCHIL1  Hobgoblin
    raceScript: WTASIGHT -> 
    defaultScript: None -> dw1melge
  HOBCHIL2  Hobgoblin Elite
    raceScript: WDARSGT -> 
    defaultScript: None -> dw1range
  HOBELITE  Hobgoblin Elite
    class: HOBGOBLIN -> FIGHTER
    overrideScript: None -> dw#gpsht
    raceScript: WDARSGT -> 
    defaultScript: None -> dw1range
  HOBGBEG1  Hobgoblin
    raceScript: WDARSGT -> 
    defaultScript: None -> dw1range
  HOBGBEG2  Hobgoblin
    raceScript: WDARSGT -> 
    defaultScript: None -> dw1range
  HOBGBEG3  Hobgoblin
    raceScript: WDARSGT -> 
    defaultScript: None -> dw1range
  HOBGBEG4  Hobgoblin
    raceScript: WDARSGT -> 
    defaultScript: None -> dw1range
  HOBGBEG5  Hobgoblin
    raceScript: WTASIGHT -> 
    defaultScript: None -> dw1melge
  HOBGBEG6  Hobgoblin
    raceScript: WTASIGHT -> 
    defaultScript: None -> dw1melge
  HOBGBEG7  Hobgoblin
    raceScript: WTASIGHT -> 
    defaultScript: None -> dw1melge
  HOBGBEG8  Hobgoblin
    raceScript: WTASIGHT -> 
    defaultScript: None -> dw1melge
  HOBGBEG9  Hobgoblin Elite
    raceScript: WDARSGT -> 
    defaultScript: None -> dw1range
  HOBGO2    Hobgoblin
    defaultScript: WTASIGHT -> dw1melge
  HOBGO3    Hobgoblin
    defaultScript: WTASIGHT -> dw1melge
  HOBGO4    Hobgoblin
    defaultScript: WTASIGHT -> dw1melge
  HOBGO5    Hobgoblin
    overrideScript: UBHOBGO5 -> dw#gpsht
    classScript: None -> UBHOBGO5
    defaultScript: WTASIGHT -> dw1melge
  HOBGO6    Hobgoblin
    defaultScript: WTASIGHT -> dw1melge
  HOBGOA_A  Hobgoblin
    overrideScript: None -> dw#gpsht
    raceScript: WDARSGT -> 
    defaultScript: None -> dw1range
  HOBGOA_B  Hobgoblin
    overrideScript: None -> dw#gpsht
    raceScript: WDARSGT -> 
    defaultScript: None -> dw1range
  HOBGOA_C  Hobgoblin
    overrideScript: None -> dw#gpsht
    raceScript: WDARSGT -> 
    defaultScript: None -> dw1range
  HOBGOA_D  Hobgoblin
    overrideScript: None -> dw#gpsht
    raceScript: WDARSGT -> 
    defaultScript: None -> dw1range
  HOBGOA_E  Hobgoblin
    overrideScript: None -> dw#gpsht
    raceScript: WDARSGT -> 
    defaultScript: None -> dw1range
  HOBGOB    Hobgoblin
    overrideScript: HOBGOBF -> dw#gpsht
    raceScript: WTASIGHT -> 
    defaultScript: None -> dw1melge
  HOBGOB03  Hobgoblin
    defaultScript: WTASIGHT -> dw1melge
  HOBGOB04  Hobgoblin
    defaultScript: WTASIGHT -> dw1melge
  HOBGOB05  Hobgoblin
    defaultScript: WTASIGHT -> dw1melge
  HOBGOBA   Hobgoblin
    overrideScript: None -> dw#gpsht
    raceScript: WDARSGT -> 
    defaultScript: None -> dw1range
  HOBGOBC   Chill Hobgoblin
    dialog: None -> dw#hobgc
    overrideScript: SHOUT -> dw#prsht
    defaultScript: WTASIGHT -> dw1melge
  HOBGOB_A  Hobgoblin
    overrideScript: HOBGOBF -> dw#gpsht
    raceScript: WTASIGHT -> 
    defaultScript: None -> dw1melge
  HOBGOB_B  Hobgoblin
    overrideScript: HOBGOBF -> dw#gpsht
    raceScript: WTASIGHT -> 
    defaultScript: None -> dw1melge
  HOBGOB_C  Hobgoblin
    overrideScript: HOBGOBF -> dw#gpsht
    raceScript: WTASIGHT -> 
    defaultScript: None -> dw1melge
  HOBGOB_D  Hobgoblin
    overrideScript: HOBGOBF -> dw#gpsht
    raceScript: WTASIGHT -> 
    defaultScript: None -> dw1melge
  HOBGOB_E  Hobgoblin
    overrideScript: HOBGOBF -> dw#gpsht
    raceScript: WTASIGHT -> 
    defaultScript: None -> dw1melge
  HOBGOD    Hobgoblin
    raceScript: WDASIGHT -> 
    defaultScript: None -> dw1melge
  HOBGZHUR  Hobgoblin
    overrideScript: HOBGOBF -> dw#gpsht
    raceScript: WTASIGHT -> 
    defaultScript: None -> dw1melge
  HOBJOIA   Hobgoblin
    overrideScript: HOBGOBF -> dw#gpsht
    raceScript: WTASIGHT -> 
    defaultScript: None -> dw1melge
  HOUSEN    Guard Enforcer
    overrideScript: SHOUT -> dw#urbhl
    defaultScript: WTASIGHT -> dw1melge
  HOUSEN2   Guard Enforcer
    overrideScript: SHOUT -> dw#urbhl
    defaultScript: WTASIGHT -> dw1melge
  HOUSEN3   Guard Enforcer
    defaultScript: WTASIGHT -> dw1melge
  HOUSEN4   Guard Enforcer
    defaultScript: WTASIGHT -> dw1melge
  HOUSEN5   Guard Enforcer
    defaultScript: WTASIGHT -> dw1melge
  HOUSEN6   Guard Enforcer
    defaultScript: WTASIGHT -> dw1melge
  HOUSG1    Carl
    overrideScript: SHOUT -> dw#urbhl
    classScript: WTASIGHT -> 
    generalScript: None -> h_guards
    defaultScript: h_guards -> dw1melge
  HOUSG2    Jurgen
    overrideScript: SHOUT -> dw#urbhl
    classScript: WTASIGHT -> 
    generalScript: None -> h_guards
    defaultScript: h_guards -> dw1melge
  HOUSG3    Guard
    overrideScript: brilla -> dw#urbhl
    classScript:  -> brilla
    raceScript: SHOUT -> 
    defaultScript: WTASIGHT -> dw1melge
  HOUSG4    Guard
    overrideScript: SHOUT -> dw#urbhl
    raceScript: WTASIGHT -> 
    defaultScript: None -> dw1melge
  HOUSG5    Guard
    overrideScript: SHOUT -> dw#urbhl
    classScript: WTASIGHT -> 
    defaultScript: None -> dw1melge
  HOUSG6    Guard
    overrideScript: SHOUT -> dw#urbhl
    defaultScript: WTASIGHT -> dw1melge
  HULL      Hull
    overrideScript: SHOUT -> dw#urbhl
    defaultScript: WTASIGHT -> dw1melge
  HULL2     Hull
    overrideScript: SHOUT -> dw#urbhl
    defaultScript: WTASIGHT -> dw1melge
  HULL3     Hull
    general: HUMANOID -> MONSTER
    defaultScript: WTASIGHT -> dw1melge
  HULRIK    Hulrik
    overrideScript: SHOUT -> dw#innhl
  HUNTER    Ted
    overrideScript: SHOUT -> 
    defaultScript: wtarsgt -> dw1range
  HUNTER1   Balquo
    overrideScript: SHOUT -> dw#gpsht
    defaultScript: WTARSGT -> dw1range
  HUNTER2   Palin
    overrideScript: SHOUT -> dw#gpsht
    defaultScript: WTARSGT -> dw1range
  HURGAN    Hurgan Stoneblade
    overrideScript: SHOUT -> dw#urbhl
    defaultScript: wtasight -> dw1melge
  HUSAM     Husam
    defaultScript: wtasight -> dw1melth
  HUSAM2    Husam
    overrideScript: SHOUT -> dw#urbhl
    defaultScript: wtasight -> dw1melth
  H_AISHAC  Aisha
    overrideScript: SHOUT -> dw#innhl
  H_ALARIC  Alaric
    raceScript: WTARSGT -> 
    defaultScript:  -> dw1melmn
  H_AMRIUC  Amrius
    defaultScript: WTASIGHT -> dw1melge
  H_ARIOSC  Ariosh
    generalScript: WTASIGHT -> H_ARIOSS
    defaultScript: H_ARIOSS -> dw1melth
  H_ASNABC  Asnabel
    classScript: WTASIGHT -> 
    defaultScript: None -> dw1melge
  H_BALDWC  Baldwin "The Butcher" Glendale
    defaultScript: WTASIGHT -> dw1melth
  H_BARTHC  Thief
    classScript: WTASIGHT -> 
    defaultScript:  -> dw1range
  H_BLAC2C  Blackthorn
    defaultScript: WTASIGHT -> dw1melth
  H_BLACKC  Blackthorn
    defaultScript: WTASIGHT -> dw1melth
  H_BLACTC  Thief
    classScript: WTASIGHT -> 
    generalScript: None -> H_BLACTS
    defaultScript: H_BLACTS -> dw1range
  H_BMAR2C  Black Market Vendor
    defaultScript: WTASIGHT -> dw1melth
  H_BMAR3C  Black Market Vendor
    defaultScript: WTASIGHT -> dw1melth
  H_BMAR4C  Black Market Vendor
    defaultScript: WTASIGHT -> dw1melth
  H_BMAR5C  Black Market Vendor
    defaultScript: WTASIGHT -> dw1melth
  H_BMARKC  Black Market Vendor
    defaultScript: WTASIGHT -> dw1melth
  H_BOBERC  Bartender Bobert
    overrideScript: SHOUT -> dw#innhl
  H_BOUNCC  Bouncer
    defaultScript: WTASIGHT -> dw1melge
  H_BOUNTC  Bounty Hunter
    overrideScript: WTASIGHT -> 
    generalScript: None -> H_BOUNTS
    defaultScript: H_BOUNTS -> dw1melge
  H_CATCAC  Shadow
    defaultScript: WTARSGT -> dw1melmo
  H_CITY2C  City Watch
    defaultScript: WTARSGT -> dw1melge
  H_CITY3C  City Watch
    defaultScript: WTARSGT -> dw1melge
  H_CITY4C  City Watch
    defaultScript: WTARSGT -> dw1melge
  H_CITY5C  City Watch
    defaultScript: WTARSGT -> dw1melge
  H_CITY6C  City Watch
    defaultScript: WTARSGT -> dw1melge
  H_CITYBC  City Watch
    defaultScript: WTARSGT -> dw1melge
  H_CITYGC  City Watch
    defaultScript: WTARSGT -> dw1melge
  H_CITYWC  City Watch
    defaultScript: WTARSGT -> dw1melge
  H_CLAREC  Lieutenant Clare Gallant
    classScript: PRIEST6 -> 
    defaultScript:  -> dw#pr31
  H_DARI2C  Darius
    defaultScript: WTASIGHT -> dw1melge
  H_DARIUC  Darius
    defaultScript: WTASIGHT -> dw1melge
  H_DEAD2C  Diomedes
    defaultScript: WTARSGT -> dw1melge
  H_DEADEC  Diomedes
    defaultScript: WTARSGT -> dw1melge
  H_DECOYC  Inspector Branic
    generalScript: WTASIGHT -> 
    defaultScript:  -> dw1melge
  H_DENEBC  Deneb
    raceScript: MAGE5 -> 
    generalScript: WTARSGT -> H_DENEBS
    defaultScript: H_DENEBS -> dw#mg72
  H_DORIAC  Dorian
    defaultScript: WTASIGHT -> dw1melth
  H_DRUN2C  Drunkard
    overrideScript: SHOUT -> dw#innhl
  H_DRUNKC  Drunkard
    overrideScript: SHOUT -> dw#innhl
  H_EUDIKC  Lady Eudika
    overrideScript: SHOUT -> dw#innhl
  H_EURYNC  Eurynome Rhade
    defaultScript: WTASIGHT -> dw1ranth
  H_FLAM2C  Flaming Fist
    generalScript: WTASIGHT -> H_FLAM2S
    defaultScript: H_FLAM2S -> dw1melge
  H_FLAMEC  Flaming Fist
    generalScript: WTASIGHT -> H_FLAMES
    defaultScript: H_FLAMES -> dw1melge
  H_GALATC  Galatea
    overrideScript: SHOUT -> dw#innhl
  H_GAME2C  Gamesman
    overrideScript: SHOUT -> dw#innhl
  H_GAME3C  Gamesman
    overrideScript: SHOUT -> dw#innhl
  H_GAMESC  Gamesman
    overrideScript: SHOUT -> dw#innhl
  H_GILBAC  Gilbald
    overrideScript: SHOUT -> dw#innhl
  H_HUNTEC  Hunter
    classScript: WTASIGHT -> 
    generalScript: None -> H_HUNTES
    defaultScript: H_HUNTES -> dw1melge
  H_ILEN2C  Ilena
    overrideScript: SHOUT -> dw#innhl
  H_ILENAC  Ilena
    overrideScript: SHOUT -> dw#innhl
  H_INJURC  Gorgon's Eye Rogue
    classScript: WTARSGT -> 
    generalScript: None -> h_injurs
    defaultScript: h_injurs -> dw1melth
  H_INSPEC  Inspector Branic
    generalScript: WTASIGHT -> 
    defaultScript:  -> dw1melge
  H_ISHANC  Ishani
    overrideScript: SHOUT -> dw#innhl
  H_ISLA2C  Isla Darkcloak
    defaultScript: WTASIGHT -> dw1melth
  H_ISLACC  Isla Darkcloak
    defaultScript: WTASIGHT -> dw1melth
  H_ISLEYC  Isley
    defaultScript: WTARSGT -> dw1range
  H_KATREC  Katreda
    overrideScript: WTASIGHT -> 
    defaultScript:  -> dw1melge
  H_LADYEC  Lady Elara
    overrideScript: SHOUT -> dw#innhl
  H_LIED2C  Liedel
    defaultScript: WTASIGHT -> dw1melth
  H_LORDTC  Lord Thalric
    overrideScript: SHOUT -> dw#innhl
  H_MEREDC  Madam Meredia
    overrideScript: SHOUT -> dw#innhl
  H_MIRI2C  Miria
    overrideScript: SHOUT -> dw#innhl
  H_MIRIAC  Miria
    overrideScript: SHOUT -> dw#innhl
  H_NAGACC  Naga
    classScript: WTASIGHT -> 
    defaultScript: None -> dw1melth
  H_NAGATC  Nagate
    defaultScript: WTASIGHT -> dw1melth
  H_PIRA2C  Pirate
    classScript: WTASIGHT -> 
    defaultScript:  -> dw1melge
  H_PIRATC  Pirate
    classScript: WTASIGHT -> 
    defaultScript:  -> dw1melge
  H_PITS1C  Khalid Blackrock
    raceScript: WTARSGT -> 
    defaultScript:  -> dw1melmn
  H_PITS2C  Grom Torrek
    generalScript: WTASIGHT -> 
    defaultScript:  -> dw1melge
  H_PITS3C  Lyria Winterheart
    classScript: WTASIGHT -> 
    defaultScript:  -> dw1melth
  H_PITS4C  Serra Swiftwind
    generalScript: WTASIGHT -> 
    defaultScript:  -> dw1range
  H_PITS5C  Roran "Iron Fist" Zlenka
    raceScript: WTARSGT -> 
    defaultScript:  -> dw1melmn
  H_PROCUC  Procus
    classScript: WTASIGHT -> 
    defaultScript:  -> dw1melge
  H_PROS2C  Courtesan
    overrideScript: SHOUT -> dw#innhl
  H_PROSTC  Courtesan
    overrideScript: SHOUT -> dw#innhl
  H_QUASSC  Quass
    classScript: MAGE3 -> 
    defaultScript: WTASIGHT -> dw#mg73
  H_RAFA2C  Rafaela
    overrideScript: SHOUT -> dw#innhl
  H_RAFAEC  Rafaela
    overrideScript: SHOUT -> dw#innhl
  H_RICH2C  Richard Glendale
    classScript: WTASIGHT -> 
    generalScript: None -> H_RICH2S
    defaultScript: H_RICH2S -> dw1ranth
  H_RICHAC  Richard Glendale
    classScript: WTASIGHT -> 
    generalScript: None -> H_RICHAS
    defaultScript: H_RICHAS -> dw1ranth
  H_RIGALC  Rigaldo
    defaultScript: WTASIGHT -> dw1melth
  H_ROGU2C  Gorgon's Eye Rogue
    defaultScript: WTARSGT -> dw1melge
  H_ROGUEC  Gorgon's Eye Rogue
    classScript: WTASIGHT -> 
    generalScript: None -> H_ROGUES
    defaultScript: H_ROGUES -> dw1melge
  H_SARADC  Saradin
    classScript: MAGE7 -> 
    defaultScript: WTASIGHT -> dw#mg74
  H_SELENC  Selena Stardancer
    defaultScript: WTASIGHT -> dw1melth
  H_SILASC  Silas
    classScript: MAGE3 -> 
    defaultScript: WTASIGHT -> dw#mg75
  H_SMUGGC  Smuggler
    classScript: WTASIGHT -> 
    defaultScript: None -> dw1melge
  H_SNAK2C  Baldwin "The Butcher" Glendale
    classScript: WTASIGHT -> 
    generalScript: None -> H_SNAK2S
    defaultScript: H_SNAK2S -> dw1melmo
  H_SNAKEC  Snake
    defaultScript: WTASIGHT -> dw1melmo
  H_SORENC  Soren
    defaultScript: WTASIGHT -> dw1melth
  H_STHI2C  Shadow Thief
    classScript: WTARSGT -> 
    generalScript: None -> H_STHIES
    defaultScript: H_STHIES -> dw1ranth
  H_STHIEC  Shadow Thief
    classScript: WTARSGT -> 
    generalScript: None -> H_STHIES
    defaultScript: H_STHIES -> dw1ranth
  H_TEMPCC  Templar Knight
    classScript: PRIEST6 -> 
    defaultScript:  -> dw#pr32
  H_TEMPFC  Templar Knight
    generalScript: WTASIGHT -> 
    defaultScript:  -> dw1melge
  H_TEMPMC  Templar Knight
    defaultScript: WTASIGHT -> dw1melth
  H_TEMPRC  Templar Knight
    generalScript: WTARSGT -> 
    defaultScript:  -> dw1range
  H_TGUARC  Gorgon's Eye Rogue
    classScript: WTASIGHT -> 
    defaultScript:  -> dw1melge
  H_THALDC  Thaldor
    overrideScript: SHOUT -> dw#innhl
  H_THALIC  Thalia
    defaultScript: WTASIGHT -> dw1ranth
  H_THAMUC  Thamuz
    classScript: WTASIGHT -> 
    generalScript: None -> H_THAMUS
    defaultScript: H_THAMUS -> dw1melth
  H_THEREC  Lieutenant Theresa Gallant
    classScript: PRIEST6 -> 
    defaultScript:  -> dw#pr33
  H_THIE2C  Thief
    classScript: WTASIGHT -> 
    defaultScript:  -> dw1melge
  H_THIEFC  Shadow Thief
    classScript: WTASIGHT -> 
    generalScript: None -> H_STHIES
    defaultScript: H_STHIES -> dw1melge
  H_TUZTCC  Tuzt
    overrideScript: WTASIGHT -> 
    generalScript: None -> H_TUZTSS
    defaultScript: H_TUZTSS -> dw1melge
  H_VALERC  Valera
    defaultScript: WTASIGHT -> dw1melth
  H_VAPULC  Vapula Simberg
    classScript: WTASIGHT -> 
    defaultScript: None -> dw1melth
  H_VELENC  Captain Velendra
    defaultScript: WTARSGT -> dw1melge
  H_VITIAC  Vitiare
    defaultScript: WTARSGT -> dw1melth
  H_WHIT2C  Commander Whitewood
    defaultScript: WTARSGT -> dw1melge
  H_WHITEC  Commander Whitewood
    defaultScript: WTARSGT -> dw1melge
  H_XEVECC  Xevec
    defaultScript: WTASIGHT -> dw1melth
  H_YUMILC  Yumil
    overrideScript: SHOUT -> dw#innhl
  H_ZEDACC  Zeda
    classScript: WTASIGHT -> 
    defaultScript:  -> dw1melth
  H_ZHONTC  Zhontac
    classScript: MAGE2 -> 
    defaultScript: WTASIGHT -> dw#mg76
  H_ZIEKDC  Zieke's Bodyguard
    overrideScript: WTASIGHT -> 
    generalScript: None -> H_ZIEKDS
    defaultScript: H_ZIEKDS -> dw1melge
  H_ZIEKEC  Zieke
    classScript: WTASIGHT -> 
    defaultScript:  -> dw1melge
  H_ZIEKNC  Zieke's Bodyguard
    overrideScript: WTASIGHT -> 
    generalScript: None -> H_ZIEKNS
    defaultScript: H_ZIEKNS -> dw1melge
  H_ZYLARC  Zylark
    generalScript: WTASIGHT -> H_ZYLARS
    defaultScript: H_ZYLARS -> dw1melge
  ICHARY    Icharyd
    classScript: shoutdlg -> dw#ichar
    raceScript: WTASIGHT -> 
    defaultScript: None -> dw1melge
    amulet:  -> MINHP1
    xpv: 950 -> 1500
  ICMYC01   Myconid
    defaultScript: WTASIGHT -> dw1melmo
  IGIBBER   Gibberling
    defaultScript: WTASIGHT -> dw1melmo
  IHOBGOB   Hobgoblin
    overrideScript: HOBGOBA -> dw#gpsht
    raceScript: WDARSGT -> 
    defaultScript: None -> dw1range
  IKOBOLD   Kobold
    overrideScript: None -> dw#gpsht
    raceScript: KOBOLDA -> 
    generalScript: WDARSGT -> 
    defaultScript: None -> dw1range
  INGOT     Ingot
    overrideScript: INGOT -> dw#gpsht
    classScript:  -> INGOT
    raceScript: WTASIGHT -> 
    defaultScript: None -> dw1melge
  INNKE2    Winthrop
    overrideScript: SHOUT -> dw#innhl
  INNKE3    Innkeeper
    overrideScript: SHOUT -> dw#innhl
  INNKN2    Innkeeper
    overrideScript: SHOUT -> dw#innhl
  IRLENT    Irlentree
    defaultScript: wtasight -> dw1melge
  IRON10    Guard
    overrideScript: SHOUT -> dw#gpsht
    raceScript: WTASIGHT -> 
    generalScript: None -> iron10
    defaultScript: iron10 -> dw1melge
  IRON11    Guard
    overrideScript: SHOUT -> dw#gpsht
    raceScript: WTASIGHT -> 
    defaultScript: None -> dw1melge
  IRON12    Guard
    overrideScript: SHOUT -> dw#gpsht
    raceScript: WTASIGHT -> 
    defaultScript: None -> dw1melge
  IRON13    Guard
    overrideScript: SHOUT -> dw#gpsht
    raceScript: WTASIGHT -> 
    defaultScript: None -> dw1melge
  IRON14    Guard
    overrideScript: SHOUT -> dw#gpsht
    raceScript: WTASIGHT -> 
    defaultScript: None -> dw1melge
  IRON2     Guard
    overrideScript: SHOUT -> dw#gpsht
    raceScript: WTASIGHT -> 
    defaultScript: None -> dw1melge
  IRON3     Guard
    overrideScript: SHOUT -> dw#gpsht
    raceScript: WTASIGHT -> 
    defaultScript: None -> dw1melge
  IRON4     Guard
    overrideScript: SHOUT -> dw#gpsht
    raceScript: WTASIGHT -> 
    defaultScript: None -> dw1melge
  IRON5     Guard
    overrideScript: SHOUT -> dw#gpsht
    raceScript: WTASIGHT -> 
    defaultScript: None -> dw1melge
  IRON6     Guard
    overrideScript: SHOUT -> dw#gpsht
    raceScript: WTASIGHT -> 
    defaultScript: None -> dw1melge
  IRON7     Guard
    overrideScript: SHOUT -> dw#gpsht
    raceScript: WTASIGHT -> 
    defaultScript: None -> dw1melge
  IRON8     Guard
    overrideScript: SHOUT -> dw#gpsht
    raceScript: WTASIGHT -> 
    defaultScript: None -> dw1melge
  IRON9     Guard
    overrideScript: SHOUT -> dw#gpsht
    raceScript: WTASIGHT -> 
    defaultScript: None -> dw1melge
  IRONELIT  Blacktalon Elite
    deathvar: None -> ironelit
    level: 4 -> 5
    overrideScript: SHOUT -> dw#gpsht
    classScript: WTARSGT -> 
    defaultScript: None -> dw1range
    xpv: 240 -> 420
  IRONGU    Guard
    deathvar: Irongu -> irongu
    level: 1 -> 5
    overrideScript: SHOUT -> dw#gpsht
    classScript: WTASIGHT -> 
    defaultScript: None -> dw1melge
    xpv: 120 -> 270
  IRONGU01  Guard
    overrideScript: SHOUT -> dw#gpsht
    classScript: WTASIGHT -> 
    generalScript: None -> irongu
    defaultScript: irongu -> dw1melge
  IRONGU02  Guard
    overrideScript: SHOUT -> dw#gpsht
    classScript: WTASIGHT -> 
    generalScript: None -> irongu
    defaultScript: irongu -> dw1melge
  IRONGU03  Guard
    overrideScript: SHOUT -> dw#gpsht
    classScript: WTASIGHT -> 
    generalScript: None -> irongu
    defaultScript: irongu -> dw1melge
  IRONGUAR  Guard
    deathvar: None -> ironguar
    level: 3 -> 5
    overrideScript: SHOUT -> dw#gpsht
    classScript: WTARSGT -> 
    defaultScript: None -> dw1range
    xpv: 240 -> 420
  IRONHO    Guard
    overrideScript: SHOUT -> dw#gpsht
    classScript: WTASIGHT -> 
    defaultScript: None -> dw1melge
  IRONM2    Merchant
    overrideScript: SHOUT -> dw#gpsht
  IRONM3    Merchant
    overrideScript: SHOUT -> dw#gpsht
  IRONM4    Merchant
    overrideScript: SHOUT -> dw#gpsht
  IRONME    Merchant
    overrideScript: SHOUT -> dw#gpsht
  ISKELET   Skeleton
    overrideScript: None -> dw#gpshm
    defaultScript: WTASIGHT -> dw1melmo
  ISLANN    Islanne
    general: HUMANOID -> MONSTER
    class: DOPPLEGANGER_GREATER -> MAGE
    overrideScript: RR#PICKP -> dw#islan
    classScript: None -> RR#PICKP
    raceScript: MAGE2 -> 
    defaultScript: WTASIGHT -> dw#mg77
  ISLSIR    Sirine Queen
    overrideScript: INITDLG -> dw#gpsht
    classScript: SHOUT -> dw#shdlg
    generalScript: WTARSGT -> 
    defaultScript: None -> dw1range
  ITASLOI   Tasloi
    defaultScript: WTASIGHT -> dw1melge
  ITHMEE    Ithmeera
    overrideScript: RR#PICKP -> dw#gpsht
    classScript: ITHMEERA -> RR#PICKP
    raceScript: MAGE2 -> ITHMEERA
    generalScript: None -> 
    defaultScript: wtasight -> dw#mg78
  ITHTYL    Ithtyl Calantryn
    defaultScript: wtasight -> dw1range
  IVANNE    Ivanne
    overrideScript: SHOUT -> dw#urbhl
    defaultScript: wdasight -> dw1melge
  IXVART    Xvart
    overrideScript: None -> dw#prsht
    defaultScript: WTASIGHT -> dw1melge
  IZEFIA    Izefia
    level: 7 -> 9
    overrideScript: INITDLG -> dw#izefi
    classScript: PRIEST2 -> dw#gpsht
    raceScript: None -> dw#shdlg
    defaultScript: WTASIGHT -> dw#pr83
    weapon2:  -> DW#SHNBR
  J#BREN    Brennan
    overrideScript: SHOUT -> dw#innhl
  J#PIRAT1  Old Man
    defaultScript: WTASIGHT -> dw1melth
  J#PIRAT2  Pirate
    defaultScript: WTASIGHT -> dw1melas
  J#PIRAT3  Pirate
    defaultScript: WTASIGHT -> dw1melge
  J#PIRAT4  Pirate
    defaultScript: WTASIGHT -> dw1melge
  J#PIRAT5  Pirate
    defaultScript: WTASIGHT -> dw1range
  J#PIRAT6  Pirate
    defaultScript: WTASIGHT -> dw1ranar
  J#SIRIN1  Sirine
    defaultScript: WTARSGT -> dw1ranmo
  J#SIRIN2  Sirine
    defaultScript: WTARSGT -> dw1ranmo
  JACIL     Jacil
    classScript: WTARSGT -> 
    defaultScript: None -> dw1range
  JAHEIR    Jaheira
    classScript: SHOUT -> dw#urbhl
  JAHEIR2   Jaheira
    classScript: SHOUT -> dw#urbhl
  JAHEIR4   Jaheira
    classScript: SHOUT -> dw#urbhl
  JAHEIR6   Jaheira
    classScript: SHOUT -> dw#urbhl
  JALANT    Jalantha Mistmyr
    overrideScript: SHOUT -> dw#gpsht
    raceScript: PRIEST5 -> 
    defaultScript: wdasight -> dw#pr35
  JAMIE     Jamie
    class: FIGHTER -> NO_CLASS
    overrideScript: SHOUT -> dw#urbhl
    defaultScript: WTASIGHT -> dw1melge
  JARDAK    Jardak
    overrideScript: SHOUT -> dw#urbhl
    defaultScript: WTASIGHT -> dw1melge
  JASE      Jase
    overrideScript: SHOUT -> dw#innhl
  JELLGR    Gray Ooze
    defaultScript: WTASIGHT -> dw1ranmo
    weapon2:  -> DW#OOZEG
  JELLMU    Mustard Jelly
    defaultScript: WTASIGHT -> dw1ranmo
    weapon2:  -> DW#JELMU
  JELLMUL   Mustard Jelly
    defaultScript: WTASIGHT -> dw1ranmo
    weapon2:  -> DW#JELMU
  JELLMUSU  Mustard Jelly
    defaultScript: WTASIGHT -> dw1ranmo
  JELLOC    Ochre Jelly
    raceScript: WTASIGHT -> 
    defaultScript: None -> dw1ranmo
    weapon2:  -> DW#JELOC
  JELLSPA   Fission Slime
    defaultScript: WTASIGHT -> dw1ranmo
    weapon2:  -> DW#JELM2
  JELLYCO   Ochre Jelly
    raceScript: WTASIGHT -> 
    defaultScript: None -> dw1ranmo
    weapon2:  -> DW#JELOC
  JELLYGR   Green Slime
    defaultScript: WTASIGHT -> dw1melmo
  JELLYGR2  Green Slime
    defaultScript: WTASIGHT -> dw1melmo
  JELLYMU   Mustard Jelly
    defaultScript: WTASIGHT -> dw1ranmo
    weapon2:  -> DW#JELMU
  JEMBY     Jemby
    overrideScript: SHOUT -> dw#gpsht
    raceScript: MAGE2 -> 
    defaultScript: wtasight -> dw#mg79
  JENKAL    Jenkal
    level: 4 -> 6
    overrideScript: SHOUT -> dw#jenka
    classScript: shoutdlg -> 
    raceScript: WTASIGHT -> 
    defaultScript: None -> dw1melth
    xpv: 290 -> 650
  JESSUP    Jessup
    overrideScript: SHOUT -> dw#innhl
  JHASSO    Jhasso
    defaultScript: wtasight -> dw1melge
  JOIA      Joia
    class: INNOCENT -> MAGE
    overrideScript: SHOUT -> dw#urbhl
    defaultScript: WTASIGHT -> dw1melge
  JONAVI    Jonavin
    overrideScript: SHOUT -> dw#urbhl
    defaultScript: WDASIGHT -> dw1melge
  JONDAL    Jondalar
    generalScript: WTASIGHT -> 
    defaultScript: None -> dw1melge
  JONDAL3   Jondalar
    general: HUMANOID -> MONSTER
    generalScript: WTASIGHT -> 
    defaultScript: None -> dw1melge
  JONDALW   Jondal
    general: HUMANOID -> MONSTER
    classScript: WTASIGHT -> 
    defaultScript: None -> dw1melge
  JOPI      Jopi
    overrideScript: SHOUT -> dw#innhl
  JORIN     Jorin
    general: HUMANOID -> MONSTER
    defaultScript: WTARSGT -> dw1range
  JOULAR    Joular
    overrideScript: SHOUT -> dw#gpsht
    defaultScript: WTASIGHT -> dw1melge
  KAHRK     Kahrk
    overrideScript: INITDLG -> dw#shdlg
    raceScript: MAGE7 -> 
    generalScript: WTASIGHT -> 
    defaultScript: None -> dw#mg80
    weapon1: SW1H43 -> DW#UDKAK
  KAISH2    Kaishas Gan
    general: HUMANOID -> MONSTER
    defaultScript: WTASIGHT -> dw1melge
  KAISHA    Kaishas Gan
    general: HUMANOID -> MONSTER
    defaultScript: WTASIGHT -> dw1melge
  KAISHWLF  Kaishas Gan
    general: HUMANOID -> MONSTER
    classScript: WTASIGHT -> 
    defaultScript: None -> dw1melge
    rring:  -> RINGWOLF
  KALDRAN   Kaldran the Bear
    defaultScript: WDASIGHT -> dw1ranmo
  KALESS    Kalessia
    overrideScript: INITDLG -> dw#gpsht
    classScript: SHOUT -> INITDLG
    raceScript: MAGE2 -> 
    defaultScript: wtasight -> dw#mg81
  KARAN3    Karan
    general: HUMANOID -> MONSTER
    defaultScript: WTASIGHT -> dw1melge
  KARLAT    Karlat
    defaultScript: WTASIGHT -> dw1melge
  KAROUG    Karoug
    general: HUMANOID -> MONSTER
  KARP      Karp
    overrideScript: SHOUT -> dw#innhl
  KELDDA    Kelddath Ormlyr
    overrideScript: RR#PICKP -> dw#gpsht
    classScript: shout -> RR#PICKP
    raceScript: priest4 -> 
    defaultScript: WTASIGHT -> dw#pr36
  KENT      Kent
    overrideScript: SHOUT -> dw#urbhl
    generalScript: PRIEST4 -> 
    defaultScript: WTASIGHT -> dw#pr37
  KERRAC    Kerrachus
    overrideScript: SHOUT -> dw#innhl
  KESHEE    Kesheel
    classScript: SHOUT -> dw#innhl
  KESTOR    Kestor
    overrideScript: SHOUT -> dw#gpsht
    defaultScript: wtarsgt -> dw1range
    weapon3:  -> SW1H07
  KHALID    Khalid
    classScript: SHOUT -> dw#urbhl
  KHALID2   Khalid
    classScript: SHOUT -> dw#urbhl
  KHALID4   Khalid
    classScript: SHOUT -> dw#urbhl
  KHALID6   Khalid
    classScript: SHOUT -> dw#urbhl
  KIEL      Kiel the Legion Killer
    defaultScript: WDASIGHT -> dw1melge
  KIEL2     Kiel the Legion Killer
    defaultScript: WDASIGHT -> dw1melge
  KIERES    Captain Tollar Kieres
    overrideScript: SHOUTDLG -> dw#urbhl
    classScript: SHOUT -> SHOUTDLG
    generalScript: WTASIGHT -> 
    defaultScript: None -> dw1melge
  KING      King
    class: GOLEM_CLAY -> FIGHTER_MAGE
    raceScript: KING -> 
    generalScript: WTASIGHT -> 
    defaultScript: None -> dw#mg158
  KIRIAN    Kirian
    overrideScript: SHOUT -> dw#gpsht
    raceScript: MAGE5 -> 
    defaultScript: WTASIGHT -> dw#mg82
  KIRINH    Kirinhale
    defaultScript: WTASIGHT -> dw1melge
  KISSIQ    Kissiq
    overrideScript: SHOUT -> dw#innhl
  KNIGHT    Knight
    deathvar: None -> KNIGHT
    classScript: KINGDEAD -> kingdead
    raceScript: None -> dw#ches1
    defaultScript: WTASIGHT -> dw1melmo
    lring:  -> IMMUNE1
    amulet:  -> RING95
  KNIGHTSK  Undead Knight
    defaultScript: WTASIGHT -> dw1melmo
  KNOTT     Knott
    overrideScript: SHOUT -> dw#prsht
    defaultScript: WTASIGHT -> dw1melge
  KOBBEG1   Kobold
    defaultScript: WDARSGT -> dw1range
  KOBBEG2   Kobold
    generalScript: WDARSGT -> 
    defaultScript: None -> dw1range
  KOBCAP01  Kobold Captain
    defaultScript: WTASIGHT -> dw1ranpa
  KOBCOMM   Kobold Commando
    overrideScript: None -> dw#gpsht
    defaultScript: WDARSGT -> dw1range
  KOBOLA_A  Kobold
    overrideScript: None -> dw#kobsp
    classScript: None -> dw#gpsht
    generalScript: WDARSGT -> 
    defaultScript: None -> dw1range
  KOBOLA_B  Kobold
    overrideScript: None -> dw#gpsht
    defaultScript: WDARSGT -> dw1range
  KOBOLA_C  Kobold
    overrideScript: None -> dw#kobsp
    classScript: None -> dw#gpsht
    defaultScript: WDARSGT -> dw1range
  KOBOLA_D  Kobold
    overrideScript: None -> dw#gpsht
    defaultScript: WDARSGT -> dw1range
  KOBOLA_E  Kobold
    overrideScript: None -> dw#kobsp
    classScript: None -> dw#gpsht
    generalScript: WDARSGT -> 
    defaultScript: None -> dw1range
  KOBOLD    Kobold
    overrideScript: None -> dw#gpsht
    raceScript: KOBOLDF -> 
    defaultScript: WTASIGHT -> dw1melge
  KOBOLD02  Kobold
    defaultScript: wtasight -> dw1melge
  KOBOLD03  Kobold
    defaultScript: wtasight -> dw1melge
  KOBOLD3   Kobold
    overrideScript: None -> dw#gpsht
    raceScript: KOBOLDF -> 
    defaultScript: None -> dw1melge
  KOBOLD7   Kobold
    level: 1 -> 4
    allegiance: ENEMY -> NEUTRAL
    overrideScript: None -> helpmul
    classScript: None -> dw#gpsht
    raceScript: koboldf -> 
    defaultScript: None -> dw1melge
  KOBOLDA   Kobold
    overrideScript: None -> dw#kobsp
    classScript: None -> dw#gpsht
    generalScript: WDARSGT -> 
    defaultScript: None -> dw1range
  KOBOLDAB  Kobold
    defaultScript: WDARSGT -> dw1range
  KOBOLDAL  Kobold
    overrideScript: None -> dw#kobsp
    classScript: None -> dw#gpsht
    generalScript: WDARSGT -> 
    defaultScript: None -> dw1range
  KOBOLDFL  Kobold
    overrideScript: None -> dw#gpsht
  KOBOLD_A  Kobold
    overrideScript: None -> dw#kobsp
    classScript: None -> dw#gpsht
    raceScript: KOBOLDF -> 
    defaultScript: None -> dw1melge
  KOBOLD_B  Kobold
    overrideScript: None -> dw#gpsht
    raceScript: KOBOLDF -> 
    defaultScript: None -> dw1melge
  KOBOLD_C  Kobold
    overrideScript: None -> dw#kobsp
    classScript: None -> dw#gpsht
    raceScript: KOBOLDF -> 
    defaultScript: None -> dw1melge
  KOBOLD_D  Kobold
    overrideScript: None -> dw#gpsht
    raceScript: KOBOLDF -> 
    defaultScript: None -> dw1melge
  KOBOLD_E  Kobold
    overrideScript: None -> dw#kobsp
    classScript: None -> dw#gpsht
    raceScript: KOBOLDF -> 
    defaultScript: None -> dw1melge
  KOLVAR    Kolvar
    defaultScript: WTASIGHT -> dw1melth
  KORAX     Korax the Ghoul
    defaultScript: WTASIGHT -> dw1melge
  KROTAN    Krotan
    defaultScript: wtasight -> dw1melge
  KRUMM     Krumm
    overrideScript: x#krumm -> dw#gpsht
    classScript: krumm -> x#krumm
    raceScript: None -> krumm
    defaultScript: WTASIGHT -> dw1melge
  KRYLA     Kryla
    general: HUMANOID -> MONSTER
    defaultScript: WTASIGHT -> dw1melge
  KRYSTI    Krystin
    overrideScript: RR#PICKP -> dw#gpsht
    classScript: MAGE7 -> RR#PICKP
    raceScript: None -> 
    defaultScript: wtasight -> dw#mg83
  KYLEE     Miner Kylee
    overrideScript: SHOUT -> dw#innhl
  KYSUS     Kysus
    level: 9 -> 11
    overrideScript: SHOUT -> dw#gpsht
    classScript: MAGE6 -> 
    defaultScript: wtarsgt -> dw#mg162
  L#APEST   Y'Uula
    classScript: CDRYAD -> 
    generalScript: CDRYAD -> WTRUNSGT
    defaultScript: WTRUNSGT -> dw1melge
  L#BASGA   Fierce Gauth
    defaultScript: WTASIGHT -> dw1melge
  L#BHACO   Ixjan, The Collector
    classScript: WTASIGHT -> 
    defaultScript: NONE -> dw1melge
  L#CHICH1  Luna
    classScript: WTASIGHT -> 
    defaultScript: NONE -> dw1melge
  L#CHICH2  Elder Chimera
    classScript: WTASIGHT -> 
    defaultScript: NONE -> dw1melge
  L#CHIEN   Eglarh
    generalScript: WTASIGHT -> 
    defaultScript: NONE -> dw1melge
  L#CHIEN2  Bandit
    overrideScript: WDARSGT -> 
    classScript: WDARSGT -> 
    defaultScript: WDARSGT -> dw1range
  L#CIRMA   Mal'meto
    defaultScript: WTASIGHT -> dw1melge
  L#CULGI   Tamed Gibberling
    defaultScript: WTASIGHT -> dw1melmo
  L#DEERZO  Zombie Deer
    defaultScript: WTASIGHT -> dw1melmo
  L#FAIEN1  Leilo
    defaultScript: WDARSGT -> dw1range
  L#FAIEN2  Klarinn
    raceScript: PRIEST3 -> 
    generalScript: NONE -> L#FAIEN2
    defaultScript: L#FAIEN2 -> dw#pr38
  L#FAIEN3  Apsu
    defaultScript: WTASIGHT -> dw1melmo
  L#FAIRAT  Dire Rat
    raceScript: WDASIGHT -> 
    defaultScript: NONE -> dw1melmo
  L#FRGB1   Boopgloomrak
    defaultScript: WTASIGHT -> dw1melge
  L#FWMMER  Long Gone Merchant
    classScript: WTASIGHT -> 
    defaultScript: NONE -> dw1melge
  L#GNOAL   Shadow Prophet
    defaultScript: WTASIGHT -> dw1melge
  L#GNOEN   Shadow Master
    defaultScript: WTASIGHT -> dw1melge
  L#GNOSH   Shadow
    defaultScript: WTASIGHT -> dw1melge
  L#GNOST   Sistriya
    generalScript: MAGE3 -> 
    defaultScript:  -> dw#mg85
  L#LIGWI   Infesting Light
    classScript: WTASIGHT -> 
    generalScript: GHAST -> 
    defaultScript: NONE -> dw1melge
  L#MCBEH   Beholder
    defaultScript: WTASIGHT -> dw1melge
  L#MCBUGB  Bugbear
    overrideScript: WTASIGHT -> 
    generalScript: WTASIGHT -> 
    defaultScript: NONE -> dw1melge
  L#MCGOB1  Goblin – Archer
    overrideScript: WTASIGHT -> 
    defaultScript: WTASIGHT -> dw1ranth
  L#MCGOB2  Goblin
    defaultScript: WTASIGHT -> dw1melge
  L#MCMIN   Minotaur
    raceScript: OGRE -> 
    defaultScript: WTASIGHT -> dw1melge
  L#MCNWB1  Wild Boar
    defaultScript: WTASIGHT -> dw1melmo
  L#MCOTY   Otyugh
    defaultScript: WTASIGHT -> dw1melmo
  L#MCPIR   Charmed Pirate
    classScript:  -> gpshout
    defaultScript: WTASIGHT -> dw1range
  L#MCSNA   Giant Snake
    defaultScript: WTASIGHT -> dw1melmo
  L#MCWBA   Werebadger
    general: HUMANOID -> MONSTER
    overrideScript: WTASIGHT -> 
    classScript: WTASIGHT -> 
    defaultScript: NONE -> dw1melge
  L#MCWRA   Wererat
    general: HUMANOID -> MONSTER
    overrideScript: WTASIGHT -> 
    classScript: WTASIGHT -> 
    defaultScript: NONE -> dw1melge
  L#MIMMI   Fierce Young Mimic
    generalScript: WTASIGHT -> 
    defaultScript: NONE -> dw1ranmo
  L#MIMST   Tayn
    defaultScript: WTASIGHT -> dw1melge
  L#ORMBAN  Psychopath
    defaultScript: WTASIGHT -> dw1range
  L#ORMETT  Ettin – Revenant
    generalScript: WTASIGHT -> 
    defaultScript:  -> dw1melge
  L#ORMWIL  Mountain Light
    classScript: WTASIGHT -> 
    generalScript: GHAST -> 
    defaultScript: NONE -> dw1melge
  L#SHADM   Kimrayor, The Shard-Shatterer
    defaultScript: WTASIGHT -> dw1melge
  L#ULCSP   Ssimkh, the Ghost-Feeding Spider
    defaultScript: WTASIGHT -> dw1melmo
  L#ULGEN1  Captain Gloghaff Mintshow
    defaultScript: WTASIGHT -> dw1melge
  L#ULGGH   Moontia
    classScript: WTASIGHT -> 
    defaultScript: NONE -> dw1melge
  L#WBATL   Shandraha
    general: HUMANOID -> MONSTER
    classScript: WTASIGHT -> 
    defaultScript: NONE -> dw1melge
  L#WOLST   Pregnant Wolf
    defaultScript: WTARSGT -> dw1ranmo
  L#WOOST   Man
    defaultScript: WTASIGHT -> dw1melge
  L#XVAST   Roomokum
    defaultScript: WTASIGHT -> dw1melge
  LACHLU    Lachluger
    overrideScript: SHOUT -> dw#innhl
  LAERTA    Laerta
    overrideScript: SHOUT -> dw#innhl
  LAHL      Lahl
    general: HUMANOID -> MONSTER
  LAKADA    Lakadaar
    overrideScript: SHOUT -> dw#gpsht
    raceScript: WTASIGHT -> 
    defaultScript: None -> dw1melge
  LAMALH    Lamalha
    overrideScript: SHOUT -> 
    classScript: LAMALHA -> lamalha
    raceScript: PRIEST4 -> dw#c3as2
    defaultScript: wtasight -> dw#pr39
  LANDRI    Landrin
    overrideScript: SHOUT -> dw#urbhl
    classScript: MAGE1 -> 
    raceScript: mage3 -> 
    defaultScript: wtasight -> dw#mg4
  LANTAN    Lantanara
    overrideScript: SHOUT -> dw#innhl
  LAOLA     Laola Axehand
    overrideScript: INITDLG -> dw#urbhl
    classScript: SHOUT -> INITDLG
    defaultScript: WTASIGHT -> dw1melge
  LARRIA    Larriaz
    classScript: MAGE1 -> 
    defaultScript: wtasight -> dw#mg86
  LARRY     Larry
    overrideScript: SHOUT -> dw#gpsht
    defaultScript: wtasight -> dw1melge
  LARYSS    Laryssa
    overrideScript: SHOUT -> dw#urbhl
    raceScript: PRIEST3 -> 
    defaultScript: wtasight -> dw#pr40
  LARZE     Larze
    raceScript: OGRE -> 
    defaultScript: WTASIGHT -> dw1melge
  LASALA    Lasala
    level: 3 -> 6
    overrideScript: SHOUT -> dw#gpsht
    classScript: MAGE1 -> 
    generalScript: WTASIGHT -> 
    defaultScript: None -> dw#mg166
  LASKAL    Laskal
    class: DRUID -> INNOCENT
    overrideScript: SHOUT -> 
    raceScript: PRIEST4 -> 
    defaultScript: WTASIGHT -> dw#pr41
    weapon2:  -> DW#SHNBR
  LAUREL    Laurel
    defaultScript: WTASIGHT -> dw1melpa
  LEAGGU1   Merchants' League Counting House Guard
    class: THIEF -> FIGHTER
    overrideScript: SHOUT -> dw#gpsht
    defaultScript: WDARSGT -> dw1range
  LEAGGU2   Merchants' League Counting House Guard
    class: THIEF -> FIGHTER
    overrideScript: SHOUT -> dw#gpsht
    defaultScript: WDARSGT -> dw1range
  LEAGGU3   Merchants' League Counting House Guard
    overrideScript: SHOUT -> dw#gpsht
    defaultScript: WDARSGT -> dw1range
  LEAGGU4   Merchants' League Counting House Guard
    overrideScript: SHOUT -> dw#gpsht
    defaultScript: WDARSGT -> dw1range
  LEAGGU5   Merchants' League Counting House Guard
    overrideScript: SHOUT -> dw#gpsht
    defaultScript: WDARSGT -> dw1range
  LEAGGU6   Merchants' League Counting House Guard
    overrideScript: SHOUT -> dw#gpsht
    defaultScript: WDARSGT -> dw1range
  LEAGGU7   Merchants' League Counting House Guard
    class: THIEF -> FIGHTER
    overrideScript: SHOUT -> dw#gpsht
    defaultScript: WDARSGT -> dw1range
  LENDAR    Lendarn
    overrideScript: None -> lendarn
    classScript: MAGE4 -> 
    defaultScript: wtasight -> dw#mg88
  LENORE    Lenore
    defaultScript: wtasight -> dw1melge
  LESLEY    Miner Lesley
    overrideScript: SHOUT -> dw#innhl
  LESTOR    Lestor
    overrideScript: SHOUT -> dw#innhl
  LIIA      Liia Jannath
    allegiance: NEUTRAL -> GOODBUTBLUE
    overrideScript: LIIA -> dw#urbhl
    classScript: SHOUT -> LIIA
    raceScript: MAGE5 -> 
    defaultScript: wtasight -> dw#mg89
    lring:  -> RING05
  LINDIN    Lindin
    overrideScript: SHOUT -> dw#gpsht
    defaultScript: WTASIGHT -> dw1melge
  LLINDE    Llindellyn
    defaultScript: WTARSGT -> dw1range
  LOBAR     Lobar
    overrideScript: SHOUT -> dw#urbhl
    defaultScript: wtasight -> dw1melge
  LOTHAN    Lothander
    defaultScript: WTARSGT -> dw1ranas
  LOUISE    Louise
    overrideScript: SHOUT -> dw#innhl
  LOUPGAR   Selaad Gan
    general: HUMANOID -> MONSTER
    classScript: WTASIGHT -> 
    defaultScript: None -> dw1melge
  LOVEM     Love
    defaultScript: WTASIGHT -> dw1melmo
    lring:  -> IMMUNE1
    rring:  -> RING95
  LOWLGU    Guard
    overrideScript: SHOUT -> dw#urbhl
    classScript: WTASIGHT -> 
    defaultScript: None -> dw1melge
  LUCKY     Lucky Aello
    overrideScript: SHOUT -> dw#innhl
  MADARC    Mad Arcand
    defaultScript: wtasight -> dw1melge
  MAKA      Maka
    overrideScript: SHOUT -> dw#gpsht
    classScript: WTARSGT -> 
    defaultScript: None -> dw1range
  MALKAL    Mal-Kalen
    defaultScript: wdasight -> dw1melge
  MALKAX    Malkax
    overrideScript: RR#PICKP -> dw#gpsht
    classScript: None -> RR#PICKP
    raceScript: WTARSGT -> 
    defaultScript: None -> dw1range
  MALTZ     Maltz
    overrideScript: SHOUT -> dw#innhl
  MANEIR    Maneira
    level: 4 -> 5
    allegiance: NEUTRAL -> ENEMY
    overrideScript: SHOUT -> dw#c3as2
    classScript: WTARSGT -> 
    defaultScript: None -> dw1ranth
  MAPLE     Maple Willow Aspen
    overrideScript: SHOUT -> dw#innhl
  MARALE    Maralee
    general: HUMANOID -> MONSTER
  MARALE2   Maralee
    general: HUMANOID -> MONSTER
  MARCEL    Marcellus
    raceScript: MAGE5 -> 
    generalScript: WTASIGHT -> 
    defaultScript: None -> dw#mg90
  MAREK     Marek
    overrideScript: RR#PICKP -> dw#marek
    classScript: INITDLG -> RR#PICKP
    raceScript: MAGE5 -> INITDLG
    generalScript: None -> 
    defaultScript: wtarsgt -> dw#mg91
  MAREK1    Marek
    raceScript: MAGE5 -> 
    defaultScript: wtarsgt -> dw#mg92
  MARL      Marl
    defaultScript: wtasight -> dw1melge
  MARVIN    Miner Marvin
    overrideScript: SHOUT -> dw#innhl
  MCOOK     Cook
    overrideScript: SHOUT -> dw#innhl
  MCOOK2    Cook
    overrideScript: SHOUT -> dw#innhl
  MCOOK3    Cook
    classScript: SHOUT -> dw#innhl
  MCOOK4    Cook
    overrideScript: SHOUT -> dw#innhl
  MCOOK5    Cook
    overrideScript: SHOUT -> dw#innhl
  MCOOK6    Cook
    overrideScript: SHOUT -> dw#innhl
  MEAKIN    Meakin
    overrideScript: SHOUT -> dw#gpsht
    classScript: WTARSGT -> 
    defaultScript: None -> dw1range
  MEIALA    Meiala the Sirine
    generalScript: WTARSGT -> 
    defaultScript: None -> dw1range
  MEILUM    Meilum
    overrideScript: SHOUT -> 
    defaultScript: WTASIGHT -> dw1melge
  MELICA    Melicamp
    defaultScript: wtasight -> dw1melge
  MEMNIS    Meym
    defaultScript: WDARSGT -> dw1range
  MENDAS    Mendas
    general: HUMANOID -> MONSTER
    defaultScript: WTASIGHT -> dw1melge
  MENDAS2   Mendas
    general: HUMANOID -> MONSTER
    defaultScript: WTASIGHT -> dw1melge
  MENDAS3   Mendas
    general: HUMANOID -> MONSTER
    class: WEREWOLF -> MAGE
    level: 20 -> 10
    overrideScript: RR#PICKP -> dw#selaa
    classScript: initdlg -> 
    raceScript: loupgar -> 
    generalScript: None -> 
    defaultScript: None -> dw#mg156
    rring:  -> IMMUNE1
    amulet:  -> MINHP1
    weapon1:  -> STAF01
  MEPEAR01  Earth Mephit
    defaultScript: WTASIGHT -> dw1melge
  MERC      Guard
    overrideScript: SHOUT -> dw#innhl
    defaultScript: WTASIGHT -> dw1melge
  MERC0706  Merchant
    overrideScript: SHOUT -> dw#innhl
  MERCH2    Merchant
    overrideScript: SHOUT -> dw#innhl
  MERCH3    Merchant
    overrideScript: SHOUT -> dw#innhl
  MERCH4    Merchant
    overrideScript: SHOUT -> dw#innhl
  MERCH5    Merchant
    overrideScript: SHOUT -> dw#innhl
  MERCH6    Merchant
    overrideScript: SHOUT -> dw#innhl
  MERCHA    Merchant
    overrideScript: SHOUT -> dw#innhl
  MERCHG    Guard
    overrideScript: SHOUT -> dw#urbhl
    defaultScript: WTASIGHT -> dw1melge
  MERGEN    Merchant
    overrideScript: SHOUT -> dw#innhl
  MERLEA    Merchant
    overrideScript: SHOUT -> dw#innhl
  MEYM      Meym
    general: HUMANOID -> MONSTER
    defaultScript: WTARSGT -> dw1range
  MICHAE    Michael
    overrideScript: SHOUT -> dw#gpsht
    classScript: WTARSGT -> 
    defaultScript: None -> dw1range
  MICK      Mick Feelie
    overrideScript: SHOUT -> dw#innhl
  MINDFL01  Mind Flayer
    defaultScript: WTASIGHT -> dw1melge
  MINERN    Miner
    overrideScript: SHOUT -> dw#innhl
  MISTPO01  Poison Mist
    defaultScript: WTASIGHT -> dw1melmo
  MISTPOSU  Poison Mist
    defaultScript: WTASIGHT -> dw1melmo
  MOLKAR    Molkar
    overrideScript: SHOUT -> 
    classScript: MOLKAR -> molkar
    raceScript: None -> dw#c3as1
    defaultScript: WTASIGHT -> dw1melge
    shield: SHLD13 -> SW1H04
  MONGO     Mongo
    defaultScript: WDASIGHT -> dw1melge
  MONK      Monk
    overrideScript: SHOUT -> dw#urbhl
    defaultScript: wdasight -> dw1melge
  MONKD2    Monk
    overrideScript: SHOUT -> dw#urbhl
    defaultScript: wdasight -> dw1melge
  MONKDE    Monk
    overrideScript: SHOUT -> dw#urbhl
    defaultScript: wdasight -> dw1melge
  MONKEN    Monk
    overrideScript: GUARDS -> dw#urbhl
    classScript: SHOUT -> GUARDS
    defaultScript: wdasight -> dw1melge
  MONTAR    Montaron
    classScript: SHOUT -> dw#urbhl
  MONTAR2   Montaron
    classScript: SHOUT -> dw#urbhl
  MONTAR4   Montaron
    classScript: SHOUT -> dw#urbhl
  MONTAR6   Montaron
    classScript: SHOUT -> dw#urbhl
  MOORLOCK  Moorlock
    defaultScript: WTASIGHT -> dw1melge
  MORVIN    Morvin
    allegiance: NEUTRAL -> ENEMY
    overrideScript: SHOUT -> dw#c3as1
    classScript: WTASIGHT -> 
    defaultScript: None -> dw1melge
  MRCOLBOY  Boy
    overrideScript: SHOUT -> dw#innhl
  MRCOLSON  Commoner
    overrideScript: SHOUT -> dw#innhl
  MRCOLWIF  Commoner
    overrideScript: SHOUT -> dw#innhl
  MRSHADE   Mr. Shade
    overrideScript: SHOUT -> 
    classScript: WTASIGHT -> 
    defaultScript: None -> dw1melth
  MTBE10    Butler
    overrideScript: SHOUT -> dw#innhl
  MTBE11    Mr. Colquetle
    overrideScript: SHOUT -> dw#innhl
  MTBE12    Commoner
    overrideScript: SHOUT -> dw#innhl
  MTBE2     Berden
    overrideScript: SHOUT -> dw#innhl
  MTBE3     Dath
    overrideScript: SHOUT -> dw#innhl
  MTBE4     Solgen
    overrideScript: SHOUT -> dw#innhl
  MTBE5     Borland
    overrideScript: SHOUT -> dw#innhl
  MTBE6     Galteran
    overrideScript: SHOUT -> dw#innhl
  MTBE7     Davis
    overrideScript: SHOUT -> dw#innhl
  MTBE8     Commoner
    overrideScript: SHOUT -> dw#innhl
  MTBE9     Alain
    overrideScript: SHOUT -> dw#innhl
  MTOB10    Commoner
    overrideScript: SHOUT -> dw#innhl
  MTOB2     Commoner
    overrideScript: SHOUT -> dw#innhl
  MTOB3     Commoner
    overrideScript: SHOUT -> dw#innhl
  MTOB4     Commoner
    overrideScript: SHOUT -> dw#innhl
  MTOB5     Commoner
    overrideScript: SHOUT -> dw#innhl
  MTOB6     Commoner
    overrideScript: SHOUT -> dw#innhl
  MTOB7     Commoner
    overrideScript: SHOUT -> dw#innhl
  MTOB8     Commoner
    overrideScript: SHOUT -> dw#innhl
  MTOB9     Commoner
    overrideScript: SHOUT -> dw#innhl
  MTOWBA    Commoner
    overrideScript: SHOUT -> dw#innhl
  MTOWBASC  Commoner
    overrideScript: SHOUT -> dw#innhl
  MTOWBASN  Commoner
    overrideScript: SHOUT -> dw#innhl
  MTOWBAST  Commoner
    overrideScript: SHOUT -> dw#innhl
  MTOWBAX   Commoner
    overrideScript: SHOUT -> dw#innhl
  MTOWBA_A  Commoner
    classScript: SHOUT -> dw#innhl
  MTOWBA_B  Commoner
    overrideScript: SHOUT -> dw#innhl
  MTOWBA_C  Commoner
    overrideScript: SHOUT -> dw#innhl
  MTOWBA_D  Commoner
    overrideScript: SHOUT -> dw#innhl
  MTOWBA_E  Commoner
    overrideScript: SHOUT -> dw#innhl
  MTOWBE    Commoner
    overrideScript: SHOUT -> dw#innhl
  MTOWBESC  Commoner
    overrideScript: SHOUT -> dw#innhl
  MTOWBESN  Commoner
    overrideScript: SHOUT -> dw#innhl
  MTOWBEST  Commoner
    overrideScript: SHOUT -> dw#innhl
  MTOWBEX   Commoner
    overrideScript: SHOUT -> dw#innhl
  MTOWBE_A  Commoner
    overrideScript: SHOUT -> dw#innhl
  MTOWBE_B  Commoner
    overrideScript: SHOUT -> dw#innhl
  MTOWBE_C  Commoner
    overrideScript: SHOUT -> dw#innhl
  MTOWBE_D  Commoner
    overrideScript: SHOUT -> dw#innhl
  MTOWBE_E  Commoner
    overrideScript: SHOUT -> dw#innhl
  MTOWF2    Sherman
    overrideScript: SHOUT -> dw#innhl
  MTOWFR    Commoner
    overrideScript: SHOUT -> dw#innhl
  MTOWFRSC  Commoner
    overrideScript: SHOUT -> dw#innhl
  MTOWFRSN  Commoner
    overrideScript: SHOUT -> dw#innhl
  MTOWFRST  Commoner
    overrideScript: SHOUT -> dw#innhl
  MTOWFR_A  Commoner
    overrideScript: SHOUT -> dw#innhl
  MTOWFR_B  Commoner
    overrideScript: SHOUT -> dw#innhl
  MTOWFR_C  Commoner
    overrideScript: SHOUT -> dw#innhl
  MTOWFR_D  Commoner
    overrideScript: SHOUT -> dw#innhl
  MTOWFR_E  Commoner
    overrideScript: SHOUT -> dw#innhl
  MTOWN2    Commoner
    overrideScript: SHOUT -> dw#innhl
  MTOWN3    Commoner
    overrideScript: SHOUT -> dw#innhl
  MTOWN4    Commoner
    overrideScript: SHOUT -> dw#innhl
  MTOWN5    Commoner
    overrideScript: SHOUT -> dw#innhl
  MTOWNA    Commoner
    overrideScript: SHOUT -> dw#innhl
  MTOWNASC  Commoner
    overrideScript: SHOUT -> dw#innhl
  MTOWNASN  Commoner
    overrideScript: SHOUT -> dw#innhl
  MTOWNAST  Commoner
    overrideScript: SHOUT -> dw#innhl
  MTOWNA_A  Commoner
    overrideScript: SHOUT -> dw#innhl
  MTOWNA_B  Commoner
    overrideScript: SHOUT -> dw#innhl
  MTOWNA_C  Commoner
    overrideScript: SHOUT -> dw#innhl
  MTOWNA_D  Commoner
    overrideScript: SHOUT -> dw#innhl
  MTOWNA_E  Commoner
    overrideScript: SHOUT -> dw#innhl
  MTOWUB    Commoner
    overrideScript: SHOUT -> dw#innhl
  MTOWUBSC  Commoner
    overrideScript: SHOUT -> dw#innhl
  MTOWUBSN  Commoner
    overrideScript: SHOUT -> dw#innhl
  MTOWUBST  Commoner
    overrideScript: SHOUT -> dw#innhl
  MTOWUBX   Commoner
    overrideScript: SHOUT -> dw#innhl
  MTOWUB_A  Commoner
    classScript: SHOUT -> dw#innhl
  MTOWUB_B  Commoner
    overrideScript: SHOUT -> dw#innhl
  MTOWUB_C  Commoner
    overrideScript: SHOUT -> dw#innhl
  MTOWUB_D  Commoner
    overrideScript: SHOUT -> dw#innhl
  MTOWUB_E  Commoner
    overrideScript: SHOUT -> dw#innhl
  MTOWWI    Commoner
    general: HUMANOID -> MONSTER
  MTOWWI_A  Commoner
    general: HUMANOID -> MONSTER
  MTOWWI_B  Commoner
    general: HUMANOID -> MONSTER
  MTOWWI_C  Commoner
    general: HUMANOID -> MONSTER
  MTOWWI_D  Commoner
    general: HUMANOID -> MONSTER
  MTOWWI_E  Commoner
    general: HUMANOID -> MONSTER
  MTOWWON1  Commoner
    overrideScript: SHOUT -> dw#innhl
  MTOWWON2  Commoner
    overrideScript: SHOUT -> dw#innhl
  MTOWWON3  Commoner
    overrideScript: SHOUT -> dw#innhl
  MTWBAX_A  Commoner
    overrideScript: SHOUT -> dw#innhl
  MTWBAX_B  Commoner
    overrideScript: SHOUT -> dw#innhl
  MTWBAX_C  Commoner
    overrideScript: SHOUT -> dw#innhl
  MTWBAX_D  Commoner
    overrideScript: SHOUT -> dw#innhl
  MTWBAX_E  Commoner
    overrideScript: SHOUT -> dw#innhl
  MTWSLIM   Commoner
    overrideScript: SHOUT -> dw#innhl
  MTWSLIM2  Commoner
    overrideScript: SHOUT -> dw#innhl
  MTWSLIM3  Commoner
    overrideScript: SHOUT -> dw#innhl
  MULAHE    Mulahey
    level: 5 -> 7
    overrideScript: RR#PICKP -> dw#mudep
    classScript: MULAHEY -> RR#PICKP
    raceScript: PRIEST3 -> MULAHEY
    generalScript: None -> 
    defaultScript: WTASIGHT -> dw#pr89
  MUTAMI    Mutamin
    overrideScript: SHOUT -> dw#gpshm
    raceScript: mage7 -> 
    generalScript: WTASIGHT -> 
    defaultScript: None -> dw#mg93
  NAAMAN    Naaman
    class: MAGE_THIEF -> MAGE
    overrideScript: SHOUT -> dw#gpsht
    classScript: MAGE6 -> 
    defaultScript: wtarsgt -> dw#mg94
  NADARI    Nadarin
    classScript: shout -> dw#innhl
  NADER     Nader
    overrideScript: SHOUT -> dw#gpsht
    classScript: ATTKALLY -> gretek
    raceScript: gretek -> 
    generalScript: None -> gretek
    defaultScript: WDARSGT -> dw1ranth
  NALIN     Nalin
    overrideScript: SHOUT -> dw#urbhl
    classScript: PRIEST4 -> 
    defaultScript: wtasight -> dw#pr43
  NANTRI    Nantrin Bellowglyn
    defaultScript: WTASIGHT -> dw1melge
  NARCIL    Narcillicus Harwilliger Neen
    overrideScript: SHOUT -> 
    raceScript: MAGE4 -> 
    defaultScript: WTASIGHT -> dw#mg95
  NARLEN    Narlen Darkwalk
    overrideScript: RR#PICKP -> dw#gpsht
    classScript: NARLEN -> RR#PICKP
    raceScript: None -> NARLEN
    defaultScript: wtarsgt -> dw1ranth
  NASHA     Nasha
    defaultScript: WTASIGHT -> dw1melge
  NATASH    Natasha
    overrideScript: SHOUT -> dw#gpsht
    classScript: MAGE5 -> 
    defaultScript: wtasight -> dw#mg96
  NEGOB01   Goblin
    defaultScript: WTASIGHT -> dw1ranth
    weapon2:  -> SW1H07
  NEGOB02   Goblin
    defaultScript: WTASIGHT -> dw1melge
  NEGOB03   Goblin
    defaultScript: WTASIGHT -> dw1melge
  NEGUAR01  Goblin
    defaultScript: WTASIGHT -> dw1ranth
    weapon2:  -> SW1H07
  NEIRA     Neira
    overrideScript: INITDLG -> dw#shdlg
    raceScript: PRIEST3 -> 
    defaultScript: wtasight -> dw#pr44
  NELIK     Nelik
    classScript: WTARSGT -> 
    defaultScript: None -> dw1range
  NEMAGREB  Magreb
    generalScript: WTASIGHT -> 
    defaultScript:  -> dw1range
    weapon1:  -> SW1H07
  NEMEKLIN  Meklin
    defaultScript: WTASIGHT -> dw1melth
  NEMPHR    Nemphre
    classScript: MAGE4 -> 
    defaultScript: wtasight -> dw#mg97
  NEOGRE    Ogre Berserker
    raceScript: WTASIGHT -> 
    defaultScript: None -> dw1melge
  NESSIE    Nessie
    overrideScript: SHOUT -> dw#innhl
  NESTOR    Nestor
    overrideScript: SHOUT -> dw#gpsht
    generalScript: WTASIGHT -> 
    defaultScript: None -> dw1range
  NETHGUA1  Thayan Bodyguard
    defaultScript: WTASIGHT -> dw1melge
  NETHGUA2  Thayan Bodyguard
    defaultScript: WTASIGHT -> dw1melge
  NEUMBER   Umber Hulk
    defaultScript: WTASIGHT -> dw1melmo
  NEVILL    Neville
    overrideScript: SHOUT -> dw#gpsht
    defaultScript: WTASIGHT -> dw1melge
  NEXLIT    Nexlit the Xvart
    overrideScript: shoutdlg -> dw#prsht
    classScript: None -> shoutdlg
    defaultScript: WTASIGHT -> dw1melge
  NHUNTC    Palin
    defaultScript: WTARSGT -> dw1range
  NIEMAI    Niemain
    overrideScript: SHOUT -> dw#gpsht
    raceScript: MAGE6 -> 
    generalScript: WTASIGHT -> 
    defaultScript: None -> dw#mg98
    lring: RING04 -> 
  NIKLOS    Niklos
    defaultScript: wtasight -> dw1range
    weapon2:  -> SW1H07
  NIKOLA    Nikolai
    overrideScript: SHOUT -> dw#innhl
  NIMBUL    Nimbul
    classScript: MAGE2 -> 
    defaultScript: wtarsgt -> dw#mg99
  NIMFUR    Nim Furlwing
    defaultScript: WTARSGT -> dw1range
  NIVEK     Nivek
    overrideScript: SHOUT -> dw#innhl
  NOBBAX_A  Nobleman
    overrideScript: SHOUT -> dw#innhl
  NOBBAX_B  Nobleman
    overrideScript: SHOUT -> dw#innhl
  NOBBAX_C  Nobleman
    overrideScript: SHOUT -> dw#innhl
  NOBBAX_D  Nobleman
    overrideScript: SHOUT -> dw#innhl
  NOBBAX_E  Nobleman
    overrideScript: SHOUT -> dw#innhl
  NOBL10    Gerard Travenhurst
    overrideScript: SHOUT -> dw#innhl
  NOBL11    Nobleman
    overrideScript: SHOUT -> dw#innhl
  NOBL12    Nobleman
    overrideScript: SHOUT -> dw#innhl
  NOBL13    Nobleman
    overrideScript: SHOUT -> dw#innhl
  NOBL14    Nobleman
    overrideScript: SHOUT -> dw#innhl
  NOBL15    Nobleman
    overrideScript: SHOUT -> dw#innhl
  NOBL3     Nobleman
    overrideScript: SHOUT -> dw#innhl
  NOBL4     Thurston
    overrideScript: SHOUT -> dw#innhl
  NOBL5     Quincy
    overrideScript: SHOUT -> dw#innhl
  NOBL6     Christian
    overrideScript: SHOUT -> dw#innhl
  NOBL7     Marlon
    overrideScript: SHOUT -> dw#innhl
  NOBL8     Nobleman
    overrideScript: SHOUT -> dw#innhl
  NOBL9     Nobleman
    overrideScript: SHOUT -> dw#innhl
  NOBLAY    Nobleman
    overrideScript: SHOUT -> dw#innhl
  NOBLBA    Nobleman
    overrideScript: SHOUT -> dw#innhl
  NOBLBAZ   Nobleman
    overrideScript: SHOUT -> dw#innhl
  NOBLBA_A  Nobleman
    overrideScript: SHOUT -> dw#innhl
  NOBLBA_B  Nobleman
    overrideScript: SHOUT -> dw#innhl
  NOBLBA_C  Nobleman
    overrideScript: SHOUT -> dw#innhl
  NOBLBA_D  Nobleman
    overrideScript: SHOUT -> dw#innhl
  NOBLBA_E  Nobleman
    overrideScript: SHOUT -> dw#innhl
  NOBLPA    Nobleman
    overrideScript: SHOUT -> dw#innhl
  NOBLPA1   Nobleman
    overrideScript: SHOUT -> dw#innhl
  NOBLPA2   Nobleman
    overrideScript: SHOUT -> dw#innhl
  NOBLPA3   Nobleman
    overrideScript: SHOUT -> dw#innhl
  NOBLPA4   Nobleman
    overrideScript: SHOUT -> dw#innhl
  NOBLPA5   Nobleman
    overrideScript: SHOUT -> dw#innhl
  NOBLSN_A  Nobleman
    overrideScript: SHOUT -> dw#innhl
  NOBLSN_B  Nobleman
    overrideScript: SHOUT -> dw#innhl
  NOBW2     Noblewoman
    overrideScript: SHOUT -> dw#innhl
  NOBW3     Noblewoman
    overrideScript: SHOUT -> dw#innhl
  NOBW4     Noblewoman
    overrideScript: SHOUT -> dw#innhl
  NOBW5     Noblewoman
    overrideScript: SHOUT -> dw#innhl
  NOBW6     Noblewoman
    overrideScript: SHOUT -> dw#innhl
  NOBW7     Sarah
    overrideScript: SHOUT -> dw#innhl
  NOBW8     Lady Areana
    classScript: shout -> dw#innhl
  NOBW9     Noblewoman
    overrideScript: SHOUT -> dw#innhl
  NOBWBA    Noblewoman
    overrideScript: SHOUT -> dw#innhl
  NOBWBA_A  Noblewoman
    overrideScript: SHOUT -> dw#innhl
  NOBWBA_B  Noblewoman
    overrideScript: SHOUT -> dw#innhl
  NOBWBA_C  Noblewoman
    overrideScript: SHOUT -> dw#innhl
  NOBWBA_D  Noblewoman
    overrideScript: SHOUT -> dw#innhl
  NOBWBA_E  Noblewoman
    overrideScript: SHOUT -> dw#innhl
  NOBWSN_A  Noblewoman
    overrideScript: SHOUT -> dw#innhl
  NOBWSN_B  Noblewoman
    overrideScript: SHOUT -> dw#innhl
  NORALE    Noralee
    defaultScript: WTARSGT -> dw1range
  NORTUA    Nortuary
    overrideScript: SHOUT -> dw#gpsht
    raceScript: MAGE2 -> 
    defaultScript: wtasight -> dw#mg100
  NOSFER    Performer
    overrideScript: SHOUT -> dw#innhl
  NOWBAX_A  Noblewoman
    overrideScript: SHOUT -> dw#innhl
    defaultScript: None -> wtrunsgt
  NOWBAX_B  Noblewoman
    overrideScript: SHOUT -> dw#innhl
    defaultScript: None -> wtrunsgt
  NOWBAX_C  Noblewoman
    overrideScript: SHOUT -> dw#innhl
    defaultScript: None -> wtrunsgt
  NOWBAX_D  Noblewoman
    overrideScript: SHOUT -> dw#innhl
    defaultScript: None -> wtrunsgt
  NOWBAX_E  Noblewoman
    overrideScript: SHOUT -> dw#innhl
    defaultScript: None -> wtrunsgt
  NTAMELKA  Amelka
    raceScript: PRIEST3 -> 
    defaultScript: WTASIGHT -> dw#pr45
  NTARCHAN  Archandra
    classScript: CDRYAD -> 
    generalScript:  -> WTRUNSGT
    defaultScript: WTRUNSGT -> dw1melge
  NTASCHMA  Brother Aschmaan
    defaultScript: WTARSGT -> dw1range
  NTASHIRU  Ashirukuru
    defaultScript: WTASIGHT -> dw1melth
  NTASSAIA  Assaia
    classScript: CDRYAD -> 
    generalScript:  -> WTRUNSGT
    defaultScript: WTRUNSGT -> dw1melge
  NTAURELI  Aurelinus
    overrideScript: SHOUT -> dw#innhl
  NTAVERY   Avery
    level: 2 -> 1
    classScript: PRIEST1 -> 
    defaultScript: WTASIGHT -> dw#pr46
  NTBALEN   Balen
    classScript: WTARSGT -> 
    defaultScript: WTARSGT -> dw1range
  NTBEARPO  Mountain Bear
    defaultScript: WDASIGHT -> dw1melmo
  NTBKNIGH  Knight from the Grave
    defaultScript: WTARSGT -> dw1melge
  NTBLHCU1  Black Hand Cultist
    defaultScript: WTARSGT -> dw1range
  NTBLHCUL  Black Hand Cultist
    defaultScript: WTARSGT -> dw1range
  NTBPWATC  Catacomb Warder
    defaultScript: WTARSGT -> dw1melge
  NTBRENT1  Brentaw
    defaultScript: WTARSGT -> dw1melpa
  NTBRENTA  Brentaw
    defaultScript: WTARSGT -> dw1melpa
  NTBRIGAN  Brigand
    defaultScript: WDARSGT -> dw1range
  NTCHOLGA  Cholga
    raceScript: PRIEST4 -> 
    defaultScript: WTASIGHT -> dw#pr47
  NTDEATH1  Demonknight
    defaultScript: WTASIGHT -> dw1melge
  NTDEMON   Doomsayer
    defaultScript: WTASIGHT -> dw1melge
  NTDOOMBE  Teddy the Doomsayer
    defaultScript: WTASIGHT -> dw1melmo
  NTDRAAGI  Brother Draagis
    defaultScript: WTASIGHT -> dw1range
  NTDXTER   Sister A Little
    defaultScript: WTASIGHT -> dw1melge
  NTELDOD   Eldod
    defaultScript: WTARSGT -> dw1melge
  NTELDOD1  Eldod
    defaultScript: WTARSGT -> dw1melge
  NTELKA    Elka
    classScript: WTARSGT -> 
    defaultScript:  -> dw1ranth
  NTESSILA  Essila
    classScript: CDRYAD -> 
    generalScript:  -> WTRUNSGT
    defaultScript: WTRUNSGT -> dw1melge
  NTFOREOG  Ogre Mage
    raceScript: MAGE3 -> 
    defaultScript: WTASIGHT -> dw#mg101
  NTGGHOT1  General Ghotal
    defaultScript: WTASIGHT -> dw1melge
  NTGGHOTA  General Ghotal
    defaultScript: WTASIGHT -> dw1melge
  NTGOLBON  Bone Golem
    defaultScript: WTASIGHT -> dw1melmo
  NTGOLSTO  Stone Golem
    defaultScript: WDASIGHT -> dw1melmo
  NTGUARP1  Guard
    defaultScript: WTASIGHT -> dw1melge
  NTGUARP2  Guard
    defaultScript: WTASIGHT -> dw1melge
  NTGUARP3  Guard
    defaultScript: WTASIGHT -> dw1melge
  NTGUARP4  Guard
    defaultScript: WTASIGHT -> dw1melge
  NTGUARPB  Guard
    defaultScript: WTASIGHT -> dw1melge
  NTHAEBAL  Haeball
    defaultScript: WTASIGHT -> dw1range
  NTHALFGU  Halfling Cleric
    overrideScript: SHOUT -> dw#innhl
  NTHASDAR  Brother Hasdar
    defaultScript: WTASIGHT -> dw1range
  NTHASTEN  Hasten
    classScript: PRIEST2 -> 
    defaultScript: WDASIGHT -> dw#pr48
  NTHELLS1  Fire Salamander
    defaultScript: WDASIGHT -> dw1melmo
  NTHELLS2  Humbaba
    defaultScript: WTASIGHT -> dw1melmo
  NTHELLS3  Fire Salamander
    defaultScript: WTASIGHT -> dw1melmo
  NTHELLSA  Oogoor
    defaultScript: WTASIGHT -> dw1melmo
  NTHOBGOD  Hobgod
    defaultScript: WTARSGT -> dw1range
  NTINDFI1  Maurezhi
    defaultScript: WDASIGHT -> dw1melge
  NTINDFI2  Maurezhi
    defaultScript: WDASIGHT -> dw1melge
  NTINDFIG  Succubus
    defaultScript: WDASIGHT -> dw1melge
  NTKEELOR  Keelor
    defaultScript: WTARSGT -> dw1melge
  NTKOLDAR  Koldar
    defaultScript: WTARSGT -> dw1range
  NTKRESTI  Krestian
    defaultScript: WTARSGT -> dw1melge
  NTKROTAN  Krotan
    defaultScript: WTASIGHT -> dw1melge
  NTLEGIAN  Legion
    defaultScript: WTASIGHT -> dw1ranth
  NTLENORE  Lenore
    defaultScript: WDASIGHT -> dw1melge
  NTLUCRET  Lucretia
    classScript: CDRYAD -> 
    generalScript:  -> WTRUNSGT
    defaultScript: WTRUNSGT -> dw1melge
  NTMARIEL  Mariel
    defaultScript: WTASIGHT -> dw1melth
  NTMILEA   Milea
    classScript: CDRYAD -> 
    generalScript:  -> WTRUNSGT
    defaultScript: WTRUNSGT -> dw1melge
  NTMONKD2  Monk
    defaultScript: WDASIGHT -> dw1melmn
  NTMONKDE  Monk
    generalScript: PRIEST3 -> 
    defaultScript: WTARSGT -> dw#pr49
  NTMORDOR  Mardoroan
    defaultScript: WTASIGHT -> dw1range
  NTNADALI  Nadalin
    overrideScript: SHOUT -> dw#innhl
  NTNASHA   Nasha
    defaultScript: WTASIGHT -> dw1melge
  NTNATALK  Natalka
    classScript: WTARSGT -> 
    defaultScript: None -> dw1ranth
  NTOGREDA  Daddy
    defaultScript: WTASIGHT -> dw1melge
  NTOGREMU  Mommy
    classScript: PRIEST3 -> 
    defaultScript: WTASIGHT -> dw#pr50
  NTOLIVIA  Olivia
    defaultScript: WTASIGHT -> dw1melge
  NTORC03   Orc Priest
    defaultScript: WTASIGHT -> dw1range
  NTORCS3   Orc Priest
    defaultScript: WTASIGHT -> dw1range
  NTORPEHO  Orpeho
    defaultScript: WTASIGHT -> dw1melth
  NTOUPAST  Oupaste
    overrideScript: SHOUT -> dw#innhl
  NTPAULIA  Paulia
    classScript: CDRYAD -> 
    generalScript:  -> WTRUNSGT
    defaultScript: WTRUNSGT -> dw1melge
  NTPILAR   Pilar
    defaultScript: WTASIGHT -> dw1melge
  NTPIQUE   Pique
    defaultScript: WTASIGHT -> dw1melge
  NTPOOCH   Pooch
    defaultScript: WTASIGHT -> dw1melmo
  NTPRIHEL  Priest of Helm
    classScript: PRIEST4 -> 
    defaultScript: WTASIGHT -> dw#pr51
  NTREDEDG  Rededge
    defaultScript: WTASIGHT -> dw1melth
  NTREEDRI  Reedrig
    generalScript: WTASIGHT -> 
    defaultScript: NONE -> dw1melge
  NTROACH   Lesser Tanar'ri
    generalScript: WTASIGHT -> 
    defaultScript:  -> dw1melge
  NTRUDIER  Rudier
    defaultScript: WTASIGHT -> dw1melge
  NTSALMI1  Meandar
    defaultScript: WTASIGHT -> dw1melmo
  NTSALMI2  Kolchear
    defaultScript: WDASIGHT -> dw1melmo
  NTSALMI3  Ice Salamander
    defaultScript: WTASIGHT -> dw1melmo
  NTSALMIC  Ice Salamander
    defaultScript: WTASIGHT -> dw1melmo
  NTSARQ    Sar'garin Ve'xelt
    defaultScript: WTASIGHT -> dw1melge
  NTSATOS   Satos
    defaultScript: WTASIGHT -> dw1melge
  NTSATOS1  Satos
    defaultScript: WTASIGHT -> dw1melge
  NTSELANI  Sellanio
    defaultScript: WTASIGHT -> dw1melge
  NTSHELTO  Shelton
    defaultScript: WDASIGHT -> dw1melge
  NTSHORCA  Shadowed Orc Archer
    defaultScript: WTARSGT -> dw1range
  NTSHORCG  Shadowed Orc Grunt
    defaultScript: WTASIGHT -> dw1melge
  NTSILUA   Sirine
    defaultScript: WTARSGT -> dw1ranmo
  NTSIRIN2  Sirine
    defaultScript: WTARSGT -> dw1ranmo
  NTSIRIN4  Sirine
    defaultScript: WTARSGT -> dw1ranmo
  NTSIRINE  Krestian's friend
    defaultScript: WTARSGT -> dw1ranmo
  NTSLAVEX  Fisherman
    defaultScript: WTASIGHT -> dw1melge
  NTTAMAEL  Tamael
    classScript: CDRYAD -> 
    generalScript:  -> WTRUNSGT
    defaultScript: WTRUNSGT -> dw1melge
  NTTORDI1  Torqion
    defaultScript: WTASIGHT -> dw1melmo
  NTTORDI2  Torqion
    defaultScript: WTASIGHT -> dw1melmo
  NTTORDIO  Torqion
    defaultScript: WTASIGHT -> dw1melmo
  NTTYTUS   Tytus
    defaultScript: WTARSGT -> dw1range
  NTWELT    Welt
    defaultScript: WTASIGHT -> dw1melge
  NTWINORM  Winorma
    overrideScript: SHOUT -> dw#innhl
  NTWYVERN  Fire Wyvern
    defaultScript: WTARSGT -> dw1melmo
  NTYNESS   Yness
    defaultScript: WTASIGHT -> dw1melge
  NTZOMBIE  Zombie
    defaultScript: WTASIGHT -> dw1melmo
  OBERAN    Oberan
    classScript: MAGE4 -> 
    defaultScript: WTASIGHT -> dw#mg102
  OCELLI    Ocellis
    overrideScript: SHOUT -> dw#innhl
  OGRE      Ogre
    overrideScript: None -> dw#gpsht
    raceScript: OGRE -> 
    defaultScript: WTASIGHT -> dw1melge
  OGRE02    Ogre
    overrideScript: None -> dw#gpsht
    raceScript: OGRE -> 
    defaultScript: WTASIGHT -> dw1melge
  OGRE03    Ogre
    defaultScript: WTASIGHT -> dw1melge
  OGRE04    Ogre
    defaultScript: WTASIGHT -> dw1melge
  OGRE05    Ogre
    defaultScript: WTASIGHT -> dw1melge
  OGREBERZ  Ogre Berserker
    overrideScript: None -> dw#gpsht
    raceScript: WTASIGHT -> 
    defaultScript: None -> dw1melbe
  OGREBJOR  Half-Ogre
    overrideScript: None -> dw#gpsht
    defaultScript: wdasight -> dw1melge
  OGRECO    Ogre
    defaultScript: WTASIGHT -> dw1melge
  OGRED     Ogre
    defaultScript: WTASIGHT -> dw1melge
  OGREGR    Ogrillon
    overrideScript: None -> dw#gpsht
    defaultScript: wtasight -> dw1melge
  OGREGR1   Ogrillon
    defaultScript: wtasight -> dw1melge
  OGREGR2   Ogrillon
    defaultScript: wtasight -> dw1melge
  OGREGR3   Ogrillon
    defaultScript: wtasight -> dw1melge
  OGREGR4   Ogrillon
    defaultScript: wtasight -> dw1melge
  OGREGR_A  Ogrillon
    defaultScript: wtasight -> dw1melge
  OGREGR_B  Ogrillon
    overrideScript: None -> dw#gpsht
    defaultScript: wtasight -> dw1melge
  OGREGR_C  Ogrillon
    overrideScript: None -> dw#gpsht
    defaultScript: wtasight -> dw1melge
  OGREGR_D  Ogrillon
    overrideScript: None -> dw#gpsht
    defaultScript: wtasight -> dw1melge
  OGREHA    Half-Ogre
    overrideScript: None -> dw#gpsht
    defaultScript: wtasight -> dw1melge
  OGREHA1   Half-Ogre
    defaultScript: wtasight -> dw1melge
  OGREHA2   Half-Ogre
    defaultScript: wtasight -> dw1melge
  OGREHA3   Half-Ogre
    defaultScript: wtasight -> dw1melge
  OGREHA4   Half-Ogre
    defaultScript: wtasight -> dw1melge
  OGREHA5   Half-Ogre
    defaultScript: wtasight -> dw1melge
  OGREHA_A  Half-Ogre
    defaultScript: wtasight -> dw1melge
  OGREHA_B  Half-Ogre
    overrideScript: None -> dw#gpsht
    defaultScript: wtasight -> dw1melge
  OGREHA_C  Half-Ogre
    defaultScript: wtasight -> dw1melge
  OGREHA_D  Half-Ogre
    defaultScript: wtasight -> dw1melge
  OGREHA_E  Half-Ogre
    defaultScript: wtasight -> dw1melge
  OGREMA    Ogre Mage
    raceScript: MAGE3 -> 
    defaultScript: wtasight -> dw#mg103
  OGREMA02  Ogre Mage
    overrideScript: shoutdlg -> dw#gpsht
    classScript: None -> shoutdlg
    raceScript: MAGE6 -> 
    defaultScript: wtasight -> dw#mg104
  OGREMA03  Ogre Mage
    overrideScript: INITDLG -> dw#shdlg
    raceScript: MAGE6 -> 
    defaultScript: wtasight -> dw#mg105
  OGREMA_A  Ogre Mage
    raceScript: MAGE4 -> 
    defaultScript: wtasight -> dw#mg106
  OGREMA_B  Ogre Mage
    raceScript: MAGE5 -> 
    defaultScript: wtasight -> dw#mg107
  OGREMA_C  Ogre Mage
    raceScript: MAGE3 -> 
    defaultScript: wtasight -> dw#mg108
  OGREMA_D  Ogre Mage
    raceScript: MAGE6 -> 
    defaultScript: wtasight -> dw#mg109
  OGREMBA   Ogre Mage
    defaultScript: WTASIGHT -> dw1melge
  OGREMIRI  Ogrillon
    overrideScript: None -> dw#gpsht
    defaultScript: WTASIGHT -> dw1melge
  OGRES     Ogre
    overrideScript: OGRES -> ogres
    classScript: None -> dw#gpsht
    raceScript: OGRE -> 
    defaultScript: None -> dw1melge
  OGREUNSH  Ogre
    raceScript: OGRE -> 
    defaultScript: WDASIGHT -> dw1melge
  OGRE_A    Ogre
    raceScript: OGRE -> 
    defaultScript: None -> dw1melge
  OGRE_B    Ogre
    raceScript: OGRE -> 
    defaultScript: None -> dw1melge
  OGRE_C    Ogre
    raceScript: OGRE -> 
    defaultScript: None -> dw1melge
  OGRE_D    Ogre
    raceScript: OGRE -> 
    defaultScript: None -> dw1melge
  OGRE_E    Ogre
    raceScript: OGRE -> 
    defaultScript: None -> dw1melge
  OGRMBA    Ogre Mage
    raceScript: MAGE5 -> 
    defaultScript: wtasight -> dw#mg110
  OLIVIA    Olivia
    classScript: PRIEST2 -> 
    defaultScript: WTASIGHT -> dw#pr52
  OOGIEW    Oogie Wisham
    classScript: SHOUT -> dw#innhl
  OOPAH     The Amazing Oopah
    overrideScript: SHOUT -> dw#urbhl
    raceScript: OGRE -> 
    defaultScript: WTASIGHT -> dw1melge
  OOPAH2    The Amazing Oopah
    raceScript: OGRE -> 
    defaultScript: WTASIGHT -> dw1melge
  ORDULI    Ordulinian
    defaultScript: WTASIGHT -> dw1melge
  OSMADI    Osmadi
    level: 7 -> 9
    overrideScript: SHOUT -> 
    classScript: INITDLG -> dw#shdlg
    raceScript: PRIEST4 -> 
    defaultScript: WTASIGHT -> dw#pr86
    weapon1: SPER03 -> STAF01
    weapon2:  -> DW#SHNBR
  OTYUGH    Otyugh
    defaultScript: WTASIGHT -> dw1melmo
  OUBLEK    Oublek
    overrideScript: SHOUT -> dw#urbhl
  OULAM     Oulam
    overrideScript: SHOUT -> dw#gpsht
    classScript: MAGE5 -> 
    generalScript: WTASIGHT -> 
    defaultScript: None -> dw#mg111
  P#IMANEL  Imanel Silversword
    defaultScript: WTASIGHT -> dw1melge
  P#WOLF01  Winter Wolf
    defaultScript: WTARSGT -> dw1ranmo
  P#WOLF02  Dire Wolf
    defaultScript: WTARSGT -> dw1melmo
  P#WOLF03  Dread Wolf
    classScript: DREADWLF -> 
    defaultScript: WTARSGT -> dw1melmo
  P#WOLF04  Vampiric Wolf
    defaultScript: WTARSGT -> dw1melge
  P#WOLF05  Wolf
    classScript: DREADWLF -> 
    defaultScript: WTARSGT -> dw1melmo
  PALIN     Palin
    general: HUMANOID -> MONSTER
    defaultScript: WTARSGT -> dw1range
  PALLON    Pallonia
    overrideScript: SHOUT -> dw#urbhl
    defaultScript: WTASIGHT -> dw1melge
  PANGWA    Pang Wallen
    overrideScript: SHOUT -> dw#gpsht
    defaultScript: WTASIGHT -> dw1melge
  PARDA     Parda
    overrideScript: SHOUT -> dw#innhl
  PARDA1    Parda
    classScript: SHOUT -> dw#innhl
  PARDA3    Parda
    general: HUMANOID -> MONSTER
    defaultScript: WTASIGHT -> dw1melge
  PARGUS    Pargus
    overrideScript: SHOUT -> dw#gpsht
    raceScript: MAGE5 -> gretek
    generalScript: None -> 
    defaultScript: WDASIGHT -> dw#mg112
  PAWN      Pawn
    defaultScript: WTASIGHT -> dw1melmo
    lring:  -> IMMUNE1
    rring:  -> RING95
  PERFBA    Performer
    overrideScript: SHOUT -> dw#innhl
  PERMID    Permidion Stark
    overrideScript: SHOUT -> dw#urbhl
    defaultScript: wtarsgt -> dw1range
  PETER     Peter
    overrideScript: SHOUT -> dw#gpsht
    classScript: PRIEST3 -> 
    defaultScript: WTASIGHT -> dw#pr54
  PGOND     Priest of Gond
    overrideScript: SHOUT -> dw#urbhl
    classScript: WDASIGHT -> 
    defaultScript: None -> dw1melge
  PHANDA    Phandalyn
    classScript: shout -> 
    defaultScript: WDASIGHT -> dw1melpa
  PHEIRK    Pheirkas
    defaultScript: WTARSGT -> dw1range
  PHEOARCH  Phoenix Guard
    defaultScript: WDASIGHT -> dw1range
  PHEOGURD  Phoenix Guard
    defaultScript: WDASIGHT -> dw1melge
  PHLYDI    Phlydia
    classScript: MAGE3 -> 
    defaultScript: wtasight -> dw#mg5
  PHLYDI2   Phlydia
    overrideScript: SHOUT -> dw#urbhl
    classScript: MAGE3 -> 
    defaultScript: wtasight -> dw#mg6
  PHLYDI3   Phlydia
    general: HUMANOID -> MONSTER
    defaultScript: wtasight -> dw1melge
  PHOENIX   Phoenix Guard
    defaultScript: WDASIGHT -> dw1melge
  PIATO     Piato
    overrideScript: SHOUT -> dw#innhl
  PIQUE     Pique
    defaultScript: wtasight -> dw1melge
  PLYFLIND  Flind
    overrideScript: GNOLLF -> 
    classScript: None -> 
    raceScript: WTASIGHT -> 
    generalScript: None -> 
    defaultScript: None -> 
  PLYOGRE   Ogre
    overrideScript: None -> 
    classScript: None -> 
    raceScript: OGRE -> 
    generalScript: None -> 
    defaultScript: WTASIGHT -> 
  PLYSALA   Fire Salamander
    overrideScript: None -> 
    classScript: None -> 
    raceScript: None -> 
    generalScript: None -> 
    defaultScript: wtasight -> 
  PLYSPID   Sword Spider
    overrideScript: None -> 
    classScript: None -> 
    raceScript: None -> 
    generalScript: None -> 
    defaultScript: wtasight -> 
  PLYSPID2  Giant Spider
    raceScript: WTASIGHT -> 
    defaultScript: None -> dw1melmo
  PLYWOLF   Wolf
    overrideScript: None -> 
    classScript: DREADWLF -> 
    raceScript: None -> 
    generalScript: None -> 
    defaultScript: wtasight -> 
  PLYWYVRN  Baby Wyvern
    overrideScript: None -> 
    classScript: None -> 
    raceScript: WYVERN -> 
    generalScript: None -> 
    defaultScript: wtasight -> 
  PNASHK    Performer
    overrideScript: SHOUT -> dw#innhl
  PNASK     Performer
    overrideScript: SHOUT -> dw#innhl
  POE       Poe
    defaultScript: WTASIGHT -> dw1melge
  POGHM10   Priest of Oghma
    overrideScript: SHOUT -> dw#urbhl
    defaultScript: WDASIGHT -> dw1melge
  POGHM3    Priest of Oghma
    overrideScript: SHOUT -> dw#urbhl
    classScript: WDASIGHT -> 
    defaultScript: None -> dw1melge
  POGHM6    Priest of Oghma
    overrideScript: SHOUT -> dw#urbhl
    classScript: WDASIGHT -> 
    defaultScript: None -> dw1melge
  POGHM8    Priest of Oghma
    overrideScript: SHOUT -> dw#urbhl
  POGHM9    Priest of Oghma
    overrideScript: SHOUT -> dw#urbhl
    defaultScript: WTASIGHT -> dw1melge
  POGHMA    Priest of Oghma
    overrideScript: SHOUT -> dw#urbhl
    classScript: WDASIGHT -> 
    defaultScript: None -> dw1melge
  POGHMA3   Priest of Oghma
    overrideScript: SHOUT -> dw#urbhl
    classScript: WDASIGHT -> 
    defaultScript: None -> dw1melge
  POGHMA4   Priest of Oghma
    overrideScript: SHOUT -> dw#urbhl
    raceScript: WDASIGHT -> 
    defaultScript: None -> dw1melge
  POGHMA5   Priest of Oghma
    overrideScript: SHOUT -> dw#urbhl
    classScript: WTASIGHT -> 
    defaultScript: None -> dw1melge
  POGHMA6   Priest of Oghma
    overrideScript: SHOUT -> dw#urbhl
    classScript: WDASIGHT -> 
    defaultScript: None -> dw1melge
  POGHMA7   Priest of Oghma
    overrideScript: SHOUT -> dw#urbhl
    classScript: WDASIGHT -> 
    defaultScript: None -> dw1melge
  POGHMA8   Priest of Oghma
    overrideScript: SHOUT -> dw#urbhl
    classScript: WDASIGHT -> 
    defaultScript: None -> dw1melge
  PORTAL    Portalbendarwinden
    overrideScript: SHOUT -> dw#innhl
  PPDJINN   Genie
    defaultScript: WTASIGHT -> dw1melge
  PRAT      Prat
    overrideScript: PRAT -> dw#gpsht
    classScript: MAGE4 -> PRAT
    raceScript: None -> 
    defaultScript: WTARSGT -> dw#mg113
    weapon2:  -> SW1H07
  PRIDEM    Pride
    class: GOLEM_IRON -> FIGHTER_CLERIC
    level: 10 -> 12
    defaultScript: WTASIGHT -> dw1melmo
    lring:  -> RING95
  PRIHEL    Priest of Helm
    overrideScript: SHOUT -> dw#innhl
    defaultScript: WTASIGHT -> dw1melge
  PRIILM    Priest of Ilmater
    overrideScript: SHOUT -> dw#urbhl
  PROSBA    Courtesan
    overrideScript: SHOUT -> dw#innhl
  PROSBAX   Courtesan
    overrideScript: SHOUT -> dw#innhl
  PROSBA_A  Courtesan
    overrideScript: SHOUT -> dw#innhl
  PROSBA_B  Courtesan
    overrideScript: SHOUT -> dw#innhl
  PROSBA_C  Courtesan
    overrideScript: SHOUT -> dw#innhl
  PROSLAY   Courtesan
    overrideScript: SHOUT -> dw#innhl
  PROST2    Courtesan
    overrideScript: SHOUT -> dw#innhl
  PROST3    Courtesan
    overrideScript: SHOUT -> dw#innhl
  PROST4    Courtesan
    overrideScript: SHOUT -> dw#innhl
  PROST5    Courtesan
    overrideScript: SHOUT -> dw#innhl
  PROST6    Courtesan
    overrideScript: SHOUT -> dw#innhl
  PROST7    Courtesan
    overrideScript: SHOUT -> dw#innhl
  PROST8    Courtesan
    overrideScript: SHOUT -> dw#innhl
  PRSBAX_A  Courtesan
    overrideScript: SHOUT -> dw#innhl
  PRSBAX_B  Courtesan
    overrideScript: SHOUT -> dw#innhl
  PRSBAX_C  Courtesan
    overrideScript: SHOUT -> dw#innhl
  PUMBER2   Priestess of Umberlee
    overrideScript: shout -> dw#gpsht
    defaultScript: wdasight -> dw#pr55
  PUMBERL   Priestess of Umberlee
    level: 3 -> 6
    overrideScript: shout -> dw#gpsht
    generalScript: None -> 
    defaultScript: WDASIGHT -> dw#pr56
  QUEEN     Queen
    class: GOLEM_CLAY -> MAGE
    level: 6 -> 8
    classScript: KINGDEAD -> kingdead
    raceScript: MAGE5 -> dw#ches3
    generalScript: WTASIGHT -> 
    defaultScript: None -> dw#mg159
  QUENAS    Quenash
    overrideScript: SHOUT -> dw#innhl
  QUINN     Quinn
    overrideScript: SHOUT -> dw#innhl
  RAEMON    Raemon
    overrideScript: SHOUT -> dw#c3hst
    classScript: INITDLG -> dw#prsht
    raceScript: None -> shoutdlg
    defaultScript: WTARSGT -> dw1range
  RAGEFA    Ragefast
    classScript: MAGE3 -> 
    defaultScript: wtasight -> dw#mg114
  RAHVIN    Rahvin
    level: 9 -> 11
    overrideScript: RAHVIN -> dw#gpsht
    classScript: SHOUT -> RAHVIN
    raceScript: WTARSGT -> 
    defaultScript: None -> dw1range
  RAIKEN    Raiken
    defaultScript: WTASIGHT -> dw1melge
  RALEO     Raleo Windspear
    overrideScript: SHOUT -> dw#innhl
  RAMAZI    Ramazith
    raceScript: MAGE4 -> 
    defaultScript: wtasight -> dw#mg115
  RANCE     Statue
    overrideScript: SHOUT -> 
  RASAAD    Rasaad
    classScript: SHOUT -> dw#urbhl
  RASAAD2   Rasaad
    classScript: SHOUT -> dw#urbhl
  RASAAD4   Rasaad
    classScript: SHOUT -> dw#urbhl
  RASAAD6   Rasaad
    classScript: SHOUT -> dw#urbhl
  RASHAD    Rashad
    general: HUMANOID -> MONSTER
    defaultScript: wtasight -> dw1melge
  RAT2      Rat
    raceScript: WDASIGHT -> 
    defaultScript: None -> dw1melmo
  RATCHI    Ratchild
    defaultScript: WTARSGT -> dw1range
  RAY       Diseased Gibberling
    defaultScript: WDASIGHT -> dw1melmo
  RE1LAVWB  Left
    defaultScript: WTASIGHT -> dw1melge
  RE1LVDR1  Ool-Garias
    defaultScript: WTASIGHT -> dw1melth
  RE1LVDR2  Is'samya
    defaultScript: WTASIGHT -> dw1melge
  RE1LVHAR  Shady character
    defaultScript: WTASIGHT -> dw1melge
  READ      Reader
    overrideScript: SHOUT -> dw#innhl
  READ2     Reader
    overrideScript: SHOUT -> dw#innhl
  READ3     Reader
    overrideScript: SHOUT -> dw#innhl
  READ4     Reader
    overrideScript: SHOUT -> dw#innhl
  READ5     Reader
    overrideScript: SHOUT -> dw#innhl
  READ6     Reader
    overrideScript: SHOUT -> dw#innhl
    defaultScript: None -> wtrunsgt
  REDEDG    Rededge
    overrideScript: RR#PICKP -> dw#gpsht
    classScript: rededge -> RR#PICKP
    raceScript: None -> rededge
    defaultScript: wtasight -> dw1melth
  REEVOR    Reevor
    overrideScript: SHOUT -> dw#urbhl
    defaultScript: WTASIGHT -> dw1melge
  REEVOR2   Reevor
    overrideScript: SHOUT -> dw#urbhl
    defaultScript: WTASIGHT -> dw1melge
  REEVOR3   Reevor
    general: HUMANOID -> MONSTER
    defaultScript: WTASIGHT -> dw1melge
  REGINA    Reginald "Longtooth" Worthington III
    overrideScript: SHOUT -> dw#innhl
  REPMAN    Bandit
    overrideScript: SHOUT -> 
  RESAR     Resar
    generalScript: RESAR -> 
    defaultScript: WTASIGHT -> dw#mg116
  REVENT    Revenant
    defaultScript: WTASIGHT -> dw1range
  REZDAN    Rezdan
    level: 7 -> 9
    overrideScript: SHOUT -> dw#gpsht
    classScript: MAGE5 -> 
    defaultScript: WTARSGT -> dw#mg163
  RIELTA    Rieltar
    level: 6 -> 5
    overrideScript: SHOUT -> dw#gpsht
    raceScript: MAGE4 -> 
    defaultScript: wtasight -> dw#mg118
  RIGGILO   Riggilo
    defaultScript: WTARSGT -> dw1melth
  RINNIE    Rinnie
    classScript: MAGE1 -> 
    defaultScript: WTASIGHT -> dw#mg7
  ROGER     Roger
    overrideScript: SHOUT -> dw#innhl
  ROOK      Rook
    deathvar: None -> ROOK
    overrideScript: KINGDEAD -> kingdead
    classScript: None -> dw#ches2
    defaultScript: WTASIGHT -> dw1ranmo
    lring:  -> IMMUNE1
    amulet:  -> RING95
  RSBEARBL  Black Bear
    defaultScript: WDASIGHT -> dw1melmo
  RSCOMN01  Commoner
    overrideScript: SHOUT -> dw#innhl
    defaultScript:  -> wtrunsgt
  RSCOMN02  Commoner
    overrideScript: SHOUT -> dw#innhl
    defaultScript:  -> wtrunsgt
  RSCOMN03  Commoner
    overrideScript: SHOUT -> dw#innhl
    defaultScript:  -> wtrunsgt
  RSCOMN04  Commoner
    overrideScript: SHOUT -> dw#innhl
    defaultScript:  -> wtrunsgt
  RSDAPP    Dark Moon Applicant
    generalScript: WTARSGT -> RSDAPP
    defaultScript: RSDAPP -> dw1range
  RSDAPP01  Dark Moon Applicant
    generalScript: WTARSGT -> RSDAPP
    defaultScript: RSDAPP -> dw1melge
  RSDAPP02  Dark Moon Applicant
    generalScript: WTARSGT -> RSDAPP
    defaultScript: RSDAPP -> dw1melge
  RSDAPP03  Dark Moon Applicant
    classScript: MAGE1 -> 
    defaultScript:  -> dw#mg119
  RSDAPP04  Dark Moon Applicant
    generalScript: WTARSGT -> RSDAPP
    defaultScript: RSDAPP -> dw1ranth
  RSDCL01   Dark Moon Cleric
    classScript: PRIEST4 -> 
    defaultScript: WTASIGHT -> dw#pr57
  RSDTROLL  Snow Troll
    defaultScript: WTASIGHT -> dw1melmo
  RSGIBBER  Gibberling
    defaultScript: WTASIGHT -> dw1melmo
  RSGOB     Goblin
    defaultScript: WTASIGHT -> dw1melge
  RSSPIDGI  Giant Spider
    raceScript: WTASIGHT -> 
    defaultScript: None -> dw1melmo
  RSWOLF    Wolf
    defaultScript: wtasight -> dw1melmo
  RUFFIE    Miner Ruffie
    overrideScript: SHOUT -> dw#innhl
  SAILAL    Sailor Al
    overrideScript: SHOUT -> dw#innhl
    generalScript: None -> dw1melge
    defaultScript: WDASIGHT -> wtrunsgt
  SAILDAN   Sailor Dan
    overrideScript: SHOUT -> dw#innhl
  SAILFIN   Sailor Finch
    overrideScript: SHOUT -> dw#urbhl
    defaultScript: WDASIGHT -> dw1melge
  SAILJOS   Sailor Joss
    overrideScript: SHOUT -> dw#urbhl
    defaultScript: wdasight -> dw1melge
  SAILNED   Sailor Ned
    overrideScript: SHOUT -> dw#innhl
    generalScript: None -> dw1melge
    defaultScript: WDASIGHT -> wtrunsgt
  SAILNEW   Sailor Newf
    overrideScript: SHOUT -> dw#innhl
  SAKUL     Sakul
    class: FIGHTER_MAGE -> MAGE
    level: 8 -> 7
    overrideScript: SHOUT -> dw#gpsht
    classScript: MAGE6 -> 
    defaultScript: WTASIGHT -> dw#mg120
  SAMANT    Samantha
    overrideScript: SHOUT -> dw#innhl
  SANADAL   Sanadal Gwist
    overrideScript: SHOUT -> dw#innhl
  SAREVO    Sarevok
    overrideScript: SAREVOK -> dw#gpsht
    classScript: WTASIGHT -> SAREVOK
    defaultScript: None -> dw1melge
    lring:  -> DW#SARR1
  SARHED    Sarhedra
    defaultScript: wtasight -> dw1melge
  SATH      Sath
    overrideScript: SHOUT -> dw#gpsht
    classScript: WTARSGT -> 
    defaultScript: None -> dw1range
  SATOS     Satos
    defaultScript: wtasight -> dw1melge
  SCAR      Scar
    defaultScript: wtasight -> dw1melge
  SCHLUM    Schlumpsha the Sewer King
    class: OLIVE_SLIME -> NO_CLASS
    overrideScript: SHOUT -> dw#gpsht
    defaultScript: WTASIGHT -> dw1ranmo
    weapon2:  -> DW#SCHLU
  SEMAJ     Semaj
    overrideScript: SHOUT -> dw#semaj
    classScript: None -> dw#gpsht
    generalScript: WTASIGHT -> 
    defaultScript: None -> dw#mg121
  SENDAI    Sendai
    overrideScript: SHOUT -> dw#gpsht
    defaultScript: WTASIGHT -> dw1melge
  SENIYA    Seniyad
    raceScript: PRIEST4 -> 
    defaultScript: WTASIGHT -> dw#pr58
    weapon2:  -> DW#SHNBR
  SERVA2    Servant
    classScript: SHOUT -> dw#innhl
  SERVAN    Servant
    overrideScript: SHOUT -> dw#innhl
  SERVWG    Serving Wench
    overrideScript: SHOUT -> dw#innhl
  SERWEN    Serving Wench
    overrideScript: SHOUT -> dw#innhl
  SEWERF1   Sewerfolk
    overrideScript: SHOUT -> dw#gpsht
    defaultScript: WTASIGHT -> dw1melge
  SEWERF2   Sewerfolk
    overrideScript: SHOUT -> dw#gpsht
    defaultScript: WTASIGHT -> dw1melmo
  SEWERF3   Sewerfolk
    overrideScript: SHOUT -> dw#gpsht
    defaultScript: WTASIGHT -> dw1melge
  SEWERF4   Sewerfolk
    overrideScript: SHOUT -> dw#gpsht
    defaultScript: WTASIGHT -> dw1melge
  SEWERF5   Sewerfolk
    overrideScript: SHOUT -> dw#gpsht
    defaultScript: WTASIGHT -> dw1melth
  SHADOW    Shadow Thief
    defaultScript: wtasight -> dw1melth
  SHADOW01  Shadow Warrior
    defaultScript: WTASIGHT -> dw1melge
  SHADOW02  Shadow Thief
    defaultScript: wtasight -> dw1melth
  SHADOW03  Shadow Thief
    defaultScript: wtasight -> dw1melth
  SHADOW04  Shadow Thief
    defaultScript: wtasight -> dw1melth
  SHADOW05  Shadow Thief
    defaultScript: wtasight -> dw1melth
  SHADOW06  Shadow Thief
    defaultScript: wtasight -> dw1melth
  SHADOW2   Thief
    defaultScript: wtasight -> dw1melth
  SHAELL    Shaella
    overrideScript: RR#PICKP -> dw#urbhl
    classScript: shout -> RR#PICKP
    defaultScript: wtasight -> dw1melge
  SHALAS    Shalasin
    overrideScript: SHOUT -> dw#innhl
  SHALDR    Shaldrissa
    level: 11 -> 13
    overrideScript: RR#PICKP -> dw#gpsht
    classScript: MAGE7 -> RR#PICKP
    raceScript: None -> 
    defaultScript: WTASIGHT -> dw#mg168
  SHANDAL2  Shandalar
    defaultScript: WTRUNSGT -> 
  SHANK     Shank
    defaultScript: WTASIGHT -> dw1melge
  SHAWOL01  Shade Wolf
    defaultScript: wtasight -> dw1melge
  SHEARTH   Earth Elemental
    overrideScript: GENSHT01 -> 
    classScript: None -> 
    raceScript: None -> 
    generalScript: None -> 
    defaultScript: WDASIGHT -> 
  SHELLI    Shelligh
    overrideScript: SHOUT -> dw#innhl
  SHELTO    Shelton
    defaultScript: wtasight -> dw1melge
  SHEP      Shep
    overrideScript: SHOUT -> dw#innhl
  SHFIRE    Fire Elemental
    classScript: None -> 
    raceScript: None -> 
    generalScript: None -> 
  SHILOC    Shilo Chen
    defaultScript: WDARSGT -> dw1range
  SHIRON    Iron Golem
    classScript: None -> 
    raceScript: None -> 
  SHMIND    Mind Flayer
    raceScript: None -> 
  SHOAL     Shoal the Nereid
    defaultScript: WTASIGHT -> dw1melmo
  SHOP01    Storekeep
    overrideScript: SHOUT -> dw#innhl
  SHOP02    Storekeep
    overrideScript: SHOUT -> dw#innhl
  SHOP03    Storekeep
    overrideScript: SHOUT -> dw#innhl
  SHOP04    Storekeep
    overrideScript: SHOUT -> dw#innhl
  SHOP05    Storekeep
    overrideScript: SHOUT -> dw#innhl
  SHOP06    Storekeep
    overrideScript: SHOUT -> dw#innhl
  SHOP07    Storekeep
    overrideScript: SHOUT -> dw#innhl
  SHOP08    Storekeep
    overrideScript: SHOUT -> dw#innhl
  SHOPKEG   Storekeep
    overrideScript: SHOUT -> dw#innhl
  SHOPKN    Storekeep
    overrideScript: SHOUT -> dw#innhl
  SHOPKN2   Storekeep
    overrideScript: SHOUT -> dw#innhl
  SHTROLL   Troll
    raceScript: None -> 
    generalScript: None -> 
  SHVERT    Shvertszche
    overrideScript: SHOUT -> dw#gpsht
  SHWOLF    Greater Wolfwere
    general: HUMANOID -> MONSTER
    overrideScript: None -> 
    raceScript: None -> 
    generalScript: None -> 
    defaultScript: None -> 
  SIL       Sil
    defaultScript: wtarsgt -> dw1ranmo
  SILENC    Silence
    defaultScript: wtasight -> dw1melth
  SILKE     Silke
    overrideScript: RR#PICKP -> dw#silke
    classScript: SILKE -> RR#PICKP
    raceScript: None -> SILKE
    defaultScript: None -> dw#mg123
  SILVGU    Guard
    overrideScript: SHOUT -> dw#urbhl
    classScript: WTASIGHT -> 
    defaultScript: None -> dw1melge
  SIMDEMON  Thrall of Azothet
    defaultScript: WTASIGHT -> dw1melge
  SIRINE    Sirine
    overrideScript: SHOUT -> dw#gpsht
    defaultScript: wtarsgt -> dw1ranmo
  SIRINE02  Sirine
    overrideScript: SHOUT -> dw#gpsht
    defaultScript: wtarsgt -> dw1ranmo
  SIRINE_A  Sirine
    overrideScript: None -> dw#gpsht
    defaultScript: wdarsgt -> dw1ranmo
  SIRINE_B  Sirine
    overrideScript: None -> dw#gpsht
    defaultScript: wdarsgt -> dw1ranmo
  SIRLOT    Sir Lothtyran
    overrideScript: SHOUT -> dw#innhl
  SKELACI   Skeleton
    defaultScript: wtarsgt -> dw1ranmo
  SKELAR01  Skeleton Archer
    defaultScript: wtarsgt -> dw1ranmo
  SKELAR02  Skeleton Archer
    defaultScript: wtarsgt -> dw1ranmo
  SKELDED
    general: HUMANOID -> UNDEAD
  SKELDIS   Skeleton
    defaultScript: wtarsgt -> dw1ranmo
  SKELE2    Skeleton
    defaultScript: wtasight -> dw1melmo
  SKELET    Skeleton
    overrideScript: None -> dw#gpshm
    defaultScript: WTASIGHT -> dw1melmo
  SKELET02  Skeleton
    defaultScript: wdarsgt -> dw1ranmo
  SKELET03  Skeleton
    overrideScript: None -> dw#gpshm
    defaultScript: WTASIGHT -> dw1melmo
  SKELETB   Skeleton
    overrideScript: SHOUT -> dw#gpsht
    defaultScript: wdarsgt -> dw1ranmo
  SKELETS   Skeleton
    overrideScript: None -> dw#gpshm
    defaultScript: wtarsgt -> dw1ranmo
  SKELET_A  Skeleton
    overrideScript: None -> dw#gpshm
    defaultScript: wtasight -> dw1melmo
  SKELET_B  Skeleton
    overrideScript: None -> dw#gpshm
    defaultScript: wdarsgt -> dw1ranmo
  SKELET_C  Skeleton
    overrideScript: None -> dw#gpshm
    defaultScript: wdarsgt -> dw1ranmo
  SKELFIRE  Skeleton
    defaultScript: wtarsgt -> dw1ranmo
  SKELICE   Skeleton
    defaultScript: wtarsgt -> dw1ranmo
  SKELMEL   Skeleton
    defaultScript: wdarsgt -> dw1ranmo
  SKELWA    Skeleton Warrior
    overrideScript: None -> dw#gpshm
    defaultScript: WTASIGHT -> dw1melge
  SKELWA01  Skeleton Warrior
    defaultScript: wtasight -> dw1melge
  SKELWA02  Skeleton Warrior
    overrideScript: None -> dw#gpshm
    defaultScript: WTASIGHT -> dw1melge
  SKELWA03  Skeleton Warrior
    overrideScript: None -> dw#gpshm
    defaultScript: WTARSGT -> dw1range
  SLAVE     Slave
    defaultScript: WTASIGHT -> dw1melge
  SLAVE2    Slave
    defaultScript: WTASIGHT -> dw1melge
  SLAVE3    Slave
    defaultScript: WTASIGHT -> dw1melge
  SLAVE4    Slave
    defaultScript: WTASIGHT -> dw1melge
  SLAVE5    Slave
    defaultScript: WTASIGHT -> dw1melge
  SLAVE6    Slave
    defaultScript: WTASIGHT -> dw1melge
  SLEEPDW   Sleeping Dwarf
    overrideScript: SHOUT -> dw#innhl
  SLEEPEL   Sleeping Elf
    overrideScript: SHOUT -> dw#innhl
  SLEEPFAT  Sleeping Man
    overrideScript: SHOUT -> dw#innhl
  SLEEPFH   Sleeping Woman
    overrideScript: SHOUT -> dw#innhl
  SLEEPHAL  Sleeping Halfling
    overrideScript: SHOUT -> dw#innhl
  SLEEPMH   Sleeping Man
    overrideScript: SHOUT -> dw#innhl
  SLYTHE    Slythe
    level: 13 -> 9
    overrideScript: RR#PICKP -> dw#gpsht
    classScript: INITDLG -> RR#PICKP
    raceScript: None -> dw#shdlg
    defaultScript: wtasight -> dw1melas
  SMITH     Smith
    overrideScript: SHOUT -> dw#innhl
  SMSPID02  Vortex Spider
    defaultScript: wtasight -> dw1melmo
  SMUGGL    Smuggler
    defaultScript: WTASIGHT -> dw1melth
  SOLIA1    Solianna
    general: HUMANOID -> MONSTER
  SOLIA2    Solianna
    general: HUMANOID -> MONSTER
  SORREL    Sorrel
    overrideScript: SHOUT -> dw#urbhl
    defaultScript: WTASIGHT -> dw1melge
  SPENGIL   Spen Gil'meh
    overrideScript: SHOUT -> dw#innhl
  SPIDGI    Giant Spider
    overrideScript: None -> dw#gpshm
    raceScript: WTASIGHT -> 
    defaultScript: None -> dw#spidg
  SPIDHU    Huge Spider
    overrideScript: None -> dw#gpshm
    defaultScript: wtasight -> dw#spids
  SPIDLAND  Huge Spider
    overrideScript: None -> dw#gpshm
    defaultScript: wtasight -> dw#spids
  SPIDPH    Phase Spider
    overrideScript: PSPIDER -> dw#gpshm
    classScript: None -> PSPIDER
    defaultScript: wtasight -> 
  SPIDPHAS  Astral Phase Spider
    overrideScript: PSPIDER -> dw#gpshm
    classScript: None -> PSPIDER
    defaultScript: WTASIGHT -> 
  SPIDSW    Sword Spider
    overrideScript: None -> dw#gpshm
    defaultScript: wtasight -> dw#spids
  SPIDSW01  Sword Spider
    defaultScript: wtasight -> dw1melmo
  SPIDWR    Wraith Spider
    overrideScript: None -> dw#gpshm
    defaultScript: wtasight -> dw#spidg
  SPIDWR01  Wraith Spider
    defaultScript: wtasight -> dw1melmo
  SPRAT     Sprat
    overrideScript: SHOUT -> dw#innhl
  STALKE    Invisible Stalker
    class: RANGER -> NO_CLASS
  STALKESU  Invisible Stalker
    defaultScript: WTASIGHT -> dw1melmo
  STEPHA    Stephan
    classScript: MAGE2 -> 
    defaultScript: wtasight -> dw#mg124
  SUGAR     Sugar
    overrideScript: SHOUT -> dw#innhl
  SUNIN     Sunin
    level: 6 -> 11
    overrideScript: SHOUT -> dw#gpsht
    raceScript: MAGE5 -> 
    generalScript: WTASIGHT -> 
    defaultScript: None -> dw#mg169
  SURGEO    The Surgeon
    class: FIGHTER -> MAGE
    level: 6 -> 5
    classScript: MAGE6 -> 
    defaultScript: wtasight -> dw#mg126
  SURREY    Surrey
    overrideScript: SHOUT -> dw#innhl
  SVLAST    Svlast
    overrideScript: SHOUT -> dw#urbhl
    defaultScript: WTASIGHT -> dw1melge
  T1BLAI    Dawn Priest Blaise
    classScript: PRIEST4 -> 
    defaultScript: WTASIGHT -> dw#pr59
  T1DAI     Dai
    classScript: SHOUT -> dw#innhl
    defaultScript: WTASIGHT -> dw1melge
  T1KITTY   Kitty
    classScript: SHOUT -> dw#innhl
    defaultScript: WTASIGHT -> dw1melge
  TAEROM    Taerom Fuiruim
    overrideScript: taerom -> dw#urbhl
    classScript: shout -> taerom
  TAILAS    Tailas
    general: HUMANOID -> MONSTER
    defaultScript: wtasight -> dw1melge
  TAKIYAH   Takiyah
    level: 7 -> 9
    overrideScript: INITDLG -> dw#takiy
    classScript: PRIEST2 -> dw#gpsht
    raceScript: None -> dw#shdlg
    defaultScript: WTASIGHT -> dw#pr82
    weapon2:  -> DW#SHNBR
  TALOUN    Taloun
    general: HUMANOID -> MONSTER
  TAM       Tam
    overrideScript: SHOUT -> dw#gpsht
    classScript: WTARSGT -> 
    defaultScript: None -> dw1range
  TAMAH     Statue
    overrideScript: SHOUT -> dw#urbhl
  TAMOKO    Tamoko
    level: 10 -> 14
    overrideScript: RR#PICKP -> dw#tamok
    classScript: INITDLG -> RR#PICKP
    raceScript: PRIEST5 -> INITDLG
    generalScript: None -> 
    defaultScript: wtasight -> dw#pr90
  TAMOKO2   Tamoko
    classScript: PRIEST5 -> 
    defaultScript: wtasight -> dw#pr62
  TANAR     Aec'Letec
    anim: TANARRI -> FIEND_GREEN
    level: 10 -> 12
    weapon1: S1-10 -> BL3-12M4
  TARIS     Taris
    overrideScript: SHOUT -> dw#innhl
    defaultScript: None -> wtrunsgt
  TARNES    Tarnesh
    level: 5 -> 4
    overrideScript: INITDLG -> dw#shdlg
    classScript: MAGE2 -> 
    defaultScript: wtasight -> dw#mg127
  TARNOR    Tarnor
    defaultScript: WTASIGHT -> dw1melge
  TARTUS    Tartusse
    overrideScript: SHOUT -> dw#innhl
  TASLGURK  Tasloi
    defaultScript: wtasight -> dw1melge
  TASLOI    Tasloi
    overrideScript: None -> dw#gpsht
    defaultScript: wtasight -> dw1melge
  TASLOI02  Tasloi
    defaultScript: wtasight -> dw1melge
  TASLOI03  Tasloi
    defaultScript: wtasight -> dw1melge
  TASLOISU  Tasloi
    defaultScript: wtasight -> dw1melge
  TAUGOS    Taurgosz Khosann
    overrideScript: SHOUT -> dw#taug
    classScript: None -> bandit
    raceScript: None -> dw#prsht
    defaultScript: wtasight -> dw1melge
  TAXEK     Taxek
    overrideScript: SHOUT -> dw#gpsht
    defaultScript: wtarsgt -> dw1ranth
  TAZOK     Tazok
    defaultScript: WTASIGHT -> dw1melbe
  TAZOK2    Tazok
    overrideScript: SHOUT -> dw#tazok
    defaultScript: wtasight -> dw1melbe
  TELANO    Tel-anon
    overrideScript: INITDLG -> dw#shdlg
    classScript: MAGE6 -> 
    defaultScript: wtasight -> dw#mg128
  TELELFIR  Greater Fire Elemental
    defaultScript: WDASIGHT -> dw1melge
  TELICESA  Ice Salamander
    defaultScript: WDASIGHT -> dw1melmo
  TELKA     Telka
    level: 4 -> 5
    allegiance: NEUTRAL -> ENEMY
    overrideScript: SHOUT -> dw#c3as2
    classScript: WTARSGT -> 
    defaultScript: None -> dw1ranth
  TELLAN    Tellan
    class: MAGE_THIEF -> MAGE
    defaultScript: WTARSGT -> dw1ranth
    weapon3:  -> SW1H07
  TENYA     Tenya
    raceScript: PRIEST3 -> 
    defaultScript: WTASIGHT -> dw#pr63
  TENYA2    Tenya
    overrideScript: shout -> dw#gpsht
    raceScript: PRIEST3 -> 
    defaultScript: wdasight -> dw#pr64
  TERSUS    Tersus
    overrideScript: BHOSTILE -> dw#prsht
    classScript: SHOUT -> BHOSTILE
    defaultScript: wdasight -> dw1melge
  TESTER    Ajantis
    defaultScript: wtasight -> dw1melge
  TETHTO3   Tethtoril
    general: HUMANOID -> MONSTER
    defaultScript: WTASIGHT -> dw1melge
  TEVEN     Teven
    overrideScript: shoutdlg -> dw#gpsht
    classScript: TEVEN -> shoutdlg
    raceScript: SHOUT -> TEVEN
    defaultScript: WTASIGHT -> dw1melge
  TEYNGA    Teyngan
    overrideScript: SHOUT -> dw#gpsht
    defaultScript: WTASIGHT -> dw1melge
  THALAN    Thalantyr the Conjurer
    raceScript: MAGE5 -> 
    defaultScript: WTASIGHT -> dw#mg129
  THALDO    Thaldorn
    defaultScript: wtasight -> dw1melth
  THIEF     Rogue
    overrideScript: RR#PICKP -> dw#gpsht
    classScript: WTASIGHT -> RR#PICKP
    defaultScript: None -> dw1melth
  THIEFF    Rogue
    classScript: WTASIGHT -> 
    defaultScript: None -> dw1melth
  THIEFG    Rogue
    defaultScript: WTASIGHT -> dw1melth
  THIEFM    Rogue
    classScript: WTASIGHT -> 
    defaultScript: None -> dw1melth
  THUG      Thug
    defaultScript: WTASIGHT -> dw1range
  TIAXD     Tiax
    defaultScript: wtasight -> dw1melth
  TIBER     Tiber
    overrideScript: SHOUT -> dw#innhl
  TICAM     Camryn
    defaultScript: WTASIGHT -> dw1melge
  TICK      Tick
    overrideScript: SHOUT -> dw#innhl
  TICORDEL  Cordelia
    classScript: MAGE4 -> 
    defaultScript: WTASIGHT -> dw#mg130
  TIDISPER  Dispero
    classScript: WTASIGHT -> 
    defaultScript: None -> dw1melge
  TIDOPPLE  Doppelganger
    general: HUMANOID -> MONSTER
  TITAMAH   Tamah
    defaultScript: WTASIGHT -> dw1melge
  TORLO     Torlo
    overrideScript: SHOUT -> dw#innhl
  TORLOB    Tor Lobo
    overrideScript: SHOUT -> 
    defaultScript: wtasight -> dw1melge
  TOURIST1  Tourist
    overrideScript: SHOUT -> dw#innhl
  TOURIST2  Tourist
    overrideScript: SHOUT -> dw#innhl
  TOURIST3  Tourist
    overrideScript: SHOUT -> dw#innhl
  TOWNCR    Town Crier
    overrideScript: SHOUT -> dw#innhl
  TRACEA    Tracea Carol
    level: 10 -> 11
    overrideScript: shout -> dw#gpsht
    raceScript: MAGE5 -> 
    generalScript: WTASIGHT -> 
    defaultScript: None -> dw#mg160
  TRALIT    Tralithan
    overrideScript: SHOUT -> dw#gpsht
    defaultScript: WTASIGHT -> dw1range
  TRANZI    Tranzig
    overrideScript: TRANZIG -> dw#tranz
    classScript: MAGE3 -> TRANZIG
    raceScript: None -> 
    defaultScript: wtasight -> dw#mg132
  TRAVE2    Traveler
    overrideScript: SHOUT -> dw#innhl
  TRAVEL    Wade
    overrideScript: SHOUT -> dw#innhl
  TREMAI    Tremain Belde'ar
    defaultScript: priest5 -> dw#pr65
  TRIADO    Triadore
    overrideScript: SHOUT -> dw#innhl
    defaultScript: None -> wtrunsgt
  TTGIBB    Gibberling
    defaultScript: WTASIGHT -> dw1melmo
  TTKOB     Kobold
    defaultScript: wtasight -> dw1melge
  TTSER2    Brevin
    generalScript: wtasight -> 
    defaultScript: None -> dw1melge
  TTSKEL    Skeleton
    defaultScript: WTASIGHT -> dw1melmo
  TTSPID    Wraith Spider
    defaultScript: wtasight -> dw1melmo
  TURPIN    Turpin
    classScript: WTASIGHT -> 
    defaultScript: None -> dw1melar
  TUTH      Tuth
    overrideScript: SHOUT -> dw#gpsht
    defaultScript: wtasight -> dw1melge
  UBFARM5   Farmer
    overrideScript: SHOUT -> dw#innhl
  UBMALKAL  Mal-Kalen
    defaultScript: Wdasight -> dw1melge
  UBMERCH   Merchant
    overrideScript: SHOUT -> dw#innhl
  UBOGMA01  Ogre Mage
    raceScript: MAGE4 -> 
    defaultScript: wtasight -> dw#mg133
  UBOGMA02  Ogre Mage
    raceScript: MAGE5 -> 
    defaultScript: wtasight -> dw#mg134
  UBQUON    Quoningar
    defaultScript: wtasight -> dw1melge
  UBSHILO   Shilo Chen
    defaultScript: wtarsgt -> dw1range
  UBSHOPGE  Merchant
    overrideScript: SHOUT -> dw#innhl
  UGHH      Ungh
    race: OGRE -> GOLEM
    class: OGRE -> GOLEM_STONE
    anim: OGRE -> GOLEM_CLAY
    deathvar: UGHH -> ughh
    level: 4 -> 14
    overrideScript: None -> GENSHT01
    raceScript: WTASIGHT -> None
    generalScript: None -> GOLSTO01
    defaultScript: None -> WDASIGHT
    rring:  -> GOLSTONE
    amulet: GOPOOF -> 
    weapon1: SW2H01 -> GOLSTO
    xpv: 1250 -> 8000
  ULF       Ulf
    overrideScript: SHOUT -> dw#gpsht
    defaultScript: WTASIGHT -> dw1melth
  ULRAUN    Ulraunt
    overrideScript: SHOUT -> dw#urbhl
    classScript: MAGE4 -> 
    defaultScript: WTASIGHT -> dw#mg8
  UMBHUL01  Umber Hulk
    defaultScript: WTASIGHT -> dw1melmo
  UNSHEY    Unshey
    overrideScript: RR#PICKP -> dw#urbhl
    classScript: priest4 -> RR#PICKP
    raceScript: priest3 -> priest4
    generalScript: None -> priest3
    defaultScript: WTASIGHT -> dw1melge
  URSA      Ursa the Cave Bear
    overrideScript: None -> dw#prsht
    defaultScript: WDASIGHT -> dw1melmo
  VAI       Officer Vai
    overrideScript: SHOUT -> dw#urbhl
    defaultScript: WDASIGHT -> dw1melge
  VAIL      Statue
    overrideScript: SHOUT -> 
  VALINO    Valinor
    defaultScript: WTASIGHT -> dw1melge
  VAMFLF01  Fledgling Vampire
    defaultScript: WDASIGHT -> dw1melge
  VAX       Vax
    overrideScript: SHOUT -> dw#gpsht
    defaultScript: WTASIGHT -> dw1melge
  VAYYA     Vay-ya
    class: FIGHTER_MAGE -> MAGE
    level: 6 -> 5
    classScript: MAGE6 -> 
    defaultScript: WTASIGHT -> dw#mg135
  VENKT     Venkt
    overrideScript: SHOUT -> dw#c3hst
    raceScript: MAGE5 -> 
    generalScript: WTARSGT -> 
    defaultScript: None -> dw#mg136
  VERLIN    Verling
    overrideScript: SHOUT -> dw#urbhl
    defaultScript: WTASIGHT -> dw1melge
  VIVIEN    Vivienne
    overrideScript: SHOUT -> dw#innhl
  VOICE     Voice
    defaultScript: wtasight -> dw1melge
  VOLETA    Voleta Stiletto
    classScript: SHOUT -> dw#innhl
  VOLO      Volo
    overrideScript: SHOUT -> dw#urbhl
  VOLOSE    Serving Wench
    overrideScript: SHOUT -> dw#innhl
  VOLTIN    Voltine
    classScript: PRIEST4 -> 
    defaultScript: wtasight -> dw#pr66
    weapon2:  -> DW#SHNW2
  WAFARM    Farmer
    overrideScript: SHOUT -> dw#innhl
  WAGHOUL   Ghoul
    defaultScript: WDASIGHT -> dw1melge
  WAITER    Waiter
    overrideScript: SHOUT -> dw#innhl
    defaultScript: WTASIGHT -> wtrunsgt
  WAREHO    Warehouse Worker
    overrideScript: SHOUT -> dw#innhl
    defaultScript: WTASIGHT -> wtrunsgt
  WARRID    Warrior
    defaultScript: wtasight -> dw1melge
  WASLEEP   Watcher
    overrideScript: SHOUT -> dw#urbhl
    defaultScript: WTASIGHT -> dw1melge
  WASYLAR   Sylar
    classScript: MAGE5 -> 
    defaultScript: WTASIGHT -> dw#mg137
  WATCH     Watcher
    overrideScript: SHOUT -> dw#urbhl
    defaultScript: WDASIGHT -> dw1melge
  WATCH2    Watcher
    overrideScript: SHOUT -> dw#urbhl
    defaultScript: WTASIGHT -> dw1melge
  WATCH3    Watcher
    overrideScript: waithstl -> dw#urbhl
    classScript: SHOUT -> waithstl
  WATCH6    Watcher
    overrideScript: INITDLG -> dw#urbhl
    classScript: SHOUT -> INITDLG
    defaultScript: WTASIGHT -> dw1melge
  WATCH9    Watcher
    overrideScript: SHOUT -> dw#urbhl
    defaultScript: WDASIGHT -> dw1melge
  WATCHM    Flaming Fist Mercenary
    overrideScript: SHOUT -> dw#urbhl
    defaultScript: WDASIGHT -> dw1melge
  WATCHN    Watcher
    overrideScript: waithstl -> dw#urbhl
    classScript: SHOUT -> waithstl
    defaultScript: WDASIGHT -> dw1melge
  WATCHN2   Watcher
    overrideScript: waithstl -> dw#urbhl
    classScript: SHOUT -> waithstl
    defaultScript: WDASIGHT -> dw1melge
  WATCHN3   Watcher
    overrideScript: waithstl -> dw#urbhl
    classScript: SHOUT -> waithstl
    defaultScript: WDASIGHT -> dw1melge
  WELT      Welt
    defaultScript: WTASIGHT -> dw1melge
  WEREGRDR  Greater Werewolf
    general: HUMANOID -> MONSTER
    overrideScript: None -> 
    classScript: WTASIGHT -> 
    raceScript: None -> 
    generalScript: None -> 
    defaultScript: None -> 
  WEREWO    Werewolf
    general: HUMANOID -> MONSTER
    overrideScript: None -> dw#gpsht
    classScript: WTASIGHT -> 
    defaultScript: None -> dw1melge
  WEREWO01  Werewolf
    general: HUMANOID -> MONSTER
    classScript: WTASIGHT -> 
    defaultScript: None -> dw1melge
  WEREWODR  Werewolf
    general: HUMANOID -> MONSTER
    overrideScript: None -> 
    classScript: WTASIGHT -> 
    raceScript: None -> 
    generalScript: None -> 
    defaultScript: None -> 
  WEREWOGR  Greater Werewolf
    general: HUMANOID -> MONSTER
    classScript: WTASIGHT -> 
    defaultScript: None -> dw1melge
  WHEBER    Wheber Ott
    overrideScript: SHOUT -> dw#gpsht
    classScript: MAGE5 -> 
    generalScript: WTASIGHT -> 
    defaultScript: None -> dw#mg138
  WHELP     Whelp
    overrideScript: SHOUT -> dw#innhl
  WHITKD    White Knight
    defaultScript: wtasight -> dw1melge
  WIAMARAN  Amarande
    classScript: PRIEST3 -> 
    defaultScript: WTASIGHT -> dw#pr67
    weapon2:  -> DW#SHNBR
  WIBARMAI  Elma the Barmaid
    overrideScript: SHOUT -> dw#innhl
  WIBEGG01  Beggar
    overrideScript: SHOUT -> dw#innhl
  WIBH2TAM  Tamoko
    defaultScript: WTASIGHT -> dw1melth
  WIBH2WI2  Winski Perorate
    raceScript: MAGE7 -> 
    defaultScript: WTASIGHT -> dw#mg139
  WIBH2WIN  Winski Perorate
    raceScript: MAGE7 -> 
    defaultScript: WTASIGHT -> dw#mg140
  WIBHSHA1  Chaos Shadow
    defaultScript: WTASIGHT -> dw1melge
  WIBHSHA2  Slaughter Shade
    defaultScript: WTASIGHT -> dw1melge
  WICOMM01  Commoner
    overrideScript: SHOUT -> dw#innhl
  WICOMM2   Commoner
    overrideScript: SHOUT -> dw#innhl
  WICOMM3   Commoner
    overrideScript: SHOUT -> dw#innhl
  WICYNTH2  Cythandria
    defaultScript: WTASIGHT -> dw1melge
  WICYNTHA  Cythandria
    defaultScript: WTASIGHT -> dw1melge
  WIDRYAD1  Dryad of Peldvale
    defaultScript: WTASIGHT -> dw1melge
  WIDRYAD2  Dryad of Peldvale
    defaultScript: WTASIGHT -> dw1melge
  WIGENTLE  The Gentleman
    generalScript: MAGE3 -> BPASIGHT
    defaultScript: BPASIGHT -> dw#mg141
  WIHARSP1  Harper Spectre
    defaultScript: WTASIGHT -> dw1melge
  WIHARSP2  Harper Spectre
    defaultScript: WTASIGHT -> dw1melge
  WIJELLY   Yujehli
    defaultScript: WTASIGHT -> dw1melge
  WILCO     Wilco
    overrideScript: SHOUT -> dw#innhl
  WILF      Wilf
    overrideScript: SHOUT -> dw#gpsht
    raceScript: PRIEST4 -> gretek
    generalScript: None -> 
    defaultScript: wdasight -> dw#pr68
  WILLIA    Theodon
    overrideScript: SHOUT -> dw#urbhl
    raceScript: WTASIGHT -> 
    defaultScript: None -> dw1melge
  WILLIAM   William Garst
    overrideScript: SHOUT -> dw#gpsht
    classScript: MAGE5 -> 
    generalScript: WTASIGHT -> 
    defaultScript: None -> dw#mg142
  WIMESSEN  Messenger
    overrideScript: SHOUT -> dw#innhl
  WINERSOD  Nerys
    defaultScript: WTASIGHT -> dw1melge
  WINERY2   Nerys
    defaultScript: WTASIGHT -> dw1melge
  WINERYS   Nerys
    defaultScript: WTASIGHT -> dw1melge
  WINTHR2   Winthrop
    overrideScript: SHOUT -> dw#innhl
  WINTHR3   Winthrop
    general: HUMANOID -> MONSTER
    defaultScript: WTASIGHT -> dw1melge
  WIOGMA01  Yondak Master of Portals
    generalScript: MAGE3 -> BPASIGHT
    defaultScript: BPASIGHT -> dw#mg143
  WIOGRE01  Ogre Bodyguard
    raceScript: OGRE -> 
    generalScript: None -> BPASIGHT
    defaultScript: BPASIGHT -> dw1melge
  WIOGRE02  Grahh
    raceScript: WTASIGHT -> 
    defaultScript: None -> dw1melge
  WIOOZE    Black Blood
    defaultScript: WTASIGHT -> dw1ranmo
  WIPINATA  Wakizashi
    defaultScript: WTASIGHT -> dw1melmo
  WIPRESF2  Presfiel
    defaultScript: WTASIGHT -> dw1melge
  WIPRESFI  Presfiel
    defaultScript: WTASIGHT -> dw1melge
  WIRTHI    Wirthing
    overrideScript: SHOUT -> dw#innhl
    defaultScript: None -> wtrunsgt
  WISH01    Dao
    defaultScript: WTASIGHT -> dw1melge
  WISPIRIT  Watchful Spirit
    defaultScript: WTASIGHT -> dw1melge
  WITHIEF1  Rogue
    classScript: WTASIGHT -> 
    defaultScript: None -> dw1melth
  WITHIEF2  Rogue
    classScript: WTASIGHT -> 
    defaultScript: None -> dw1melth
  WIVEN     Wiven
    overrideScript: SHOUT -> dw#gpsht
    raceScript: MAGE5 -> 
    generalScript: WTASIGHT -> 
    defaultScript: None -> dw#mg144
  WOLF      Wolf
    overrideScript: None -> dw#gpshm
    defaultScript: wtasight -> dw1melmo
  WOLFCHAR  Wolf
    overrideScript: None -> 
    classScript: DREADWLF -> 
    raceScript: None -> 
    generalScript: None -> 
    defaultScript: wtasight -> 
  WOLFD1    Dread Wolf
    classScript: DREADWLF -> 
    generalScript: None -> BDSUM00
    defaultScript: BDSUM00 -> dw1melge
  WOLFDI    Dire Wolf
    overrideScript: None -> dw#gpshm
    defaultScript: wtasight -> dw1melmo
  WOLFDR    Dread Wolf
    overrideScript: None -> dw#gpshm
    classScript: DREADWLF -> 
    defaultScript: wtasight -> dw1melge
  WOLFGR01  Greater Wolfwere
    general: HUMANOID -> MONSTER
    classScript: WTASIGHT -> 
    defaultScript: None -> dw1melge
  WOLFVA    Vampiric Wolf
    overrideScript: None -> dw#gpshm
    defaultScript: WTASIGHT -> dw1melge
  WOLFW2    Kryla
    defaultScript: WDASIGHT -> dw1melge
  WOLFW3    Palin
    defaultScript: WDARSGT -> dw1range
  WOLFWE    Wolfwere
    general: HUMANOID -> MONSTER
    overrideScript: None -> dw#gpsht
    classScript: WTASIGHT -> 
    defaultScript: None -> dw1melge
  WOLFWE01  Wolfwere
    general: HUMANOID -> MONSTER
    classScript: WTASIGHT -> 
    defaultScript: None -> dw1melge
  WOLFWEGL  Wolfwere
    general: HUMANOID -> MONSTER
    overrideScript: None -> dw#gpsht
    classScript: WTASIGHT -> 
    defaultScript: None -> dw1melge
  WOLFWEGR  Greater Wolfwere
    general: HUMANOID -> MONSTER
    overrideScript: None -> dw#gpsht
    classScript: WTASIGHT -> 
    defaultScript: None -> dw1melge
  WOLFWI    Winter Wolf
    defaultScript: WTARSGT -> dw1ranmo
  WORG      Worg
    overrideScript: None -> dw#gpshm
    defaultScript: wtasight -> dw1melmo
  WORGAR    Worg
    overrideScript: WORGAR -> dw#gpshm
    classScript: None -> WORGAR
    defaultScript: wtasight -> dw1melmo
  WUDEI     Wudei
    level: 7 -> 12
    overrideScript: SHOUT -> dw#gpsht
    raceScript: PRIEST4 -> 
    defaultScript: WTASIGHT -> dw#pr88
  WYVERBA   Baby Wyvern
    overrideScript: None -> dw#gpshm
  WYVERN    Wyvern
    overrideScript: None -> dw#gpshm
  WYVERNBI  Greater Wyvern
    defaultScript: wtasight -> dw1melmo
  X#AJANFI  Ajantis, The Knight
    overrideScript: wTASIGHT -> 
    generalScript: NONE -> DPLAYER
    defaultScript: DPLAYER -> dw1melpa
  X#ANDART  Andarthe
    defaultScript:  -> dw#pr70
    weapon2: SLNG02 -> DW#SHNSA
    weapon3:  -> DW#SHNSP
  X#BANDK   Caravan Bandit
    defaultScript: WTARSGT -> dw1range
  X#BEADOR  Beador
    defaultScript:  -> dw#pr71
    weapon2:  -> DW#SHNBR
  X#BELGIN  Belgin
    classScript: priest3 -> 
    defaultScript:  -> dw#pr72
  X#BLACK   Blackberry
    raceScript: None -> x#drdsht
    generalScript: x#drdsht -> 
    defaultScript: wtasight -> dw#pr73
  X#BODHI   Arel
    defaultScript: WTASIGHT -> dw1melge
  X#CHOP    Chop The Lady Ogre
    raceScript: OGRE -> 
    defaultScript: WTASIGHT -> dw1melge
  X#CORAFI  Coran, The Peerless Archer
    overrideScript: wTASIGHT -> 
    defaultScript:  -> dw1ranth
  X#CRU11   Cru The Lady Ogre
    raceScript: OGRE -> 
    defaultScript: WTASIGHT -> dw1melge
  X#CUTVA1  Rogue
    defaultScript: WDASIGHT -> dw1melge
  X#CUTVA2  Rogue
    defaultScript: WDASIGHT -> dw1melge
  X#CUTVA3  Rogue
    defaultScript: WDASIGHT -> dw1melge
  X#CUTVA4  Rogue
    defaultScript: WDASIGHT -> dw1melge
  X#DAVID   David Jansen
    defaultScript: WTARSGT -> dw1ranth
  X#DGNLE1  Gnoll
    raceScript: WTASIGHT -> 
    defaultScript: None -> dw1melge
  X#DGNLE2  Gnoll
    raceScript: WTASIGHT -> 
    defaultScript: None -> dw1melge
  X#DGNLE3  Gnoll
    raceScript: WTASIGHT -> 
    defaultScript: None -> dw1melge
  X#DGNLE4  Gnoll
    raceScript: WTASIGHT -> 
    defaultScript: None -> dw1melge
  X#DGNLG1  Gnoll
    raceScript: WTASIGHT -> 
    defaultScript: None -> dw1melge
  X#DGNLG2  Gnoll
    raceScript: WTASIGHT -> 
    defaultScript: None -> dw1melge
  X#DGNLG3  Gnoll
    raceScript: WTASIGHT -> 
    defaultScript: None -> dw1melge
  X#DGNLG4  Gnoll
    raceScript: WTASIGHT -> 
    defaultScript: None -> dw1melge
  X#DRIZZT  Drizzt
    defaultScript: WDASIGHT -> dw1melge
  X#ELHAN   Elhan
    defaultScript: WTASIGHT -> dw1melge
  X#GARZ01  Zombie
    defaultScript: WTASIGHT -> dw1melmo
  X#GARZ02  Zombie
    defaultScript: WTASIGHT -> dw1melmo
  X#GARZ03  Zombie
    defaultScript: WTASIGHT -> dw1melmo
  X#GARZ04  Zombie
    defaultScript: WTASIGHT -> dw1melmo
  X#JELLY   Green Slime
    defaultScript: wTASIGHT -> dw1melmo
  X#JOPHA   Jopha
    classScript: SHOUT -> dw#innhl
  X#KABAND  Caravan Bandit Leader
    defaultScript: WTARSGT -> dw1range
  X#KETH    Keth'sim Dwin'anea
    defaultScript: WTASIGHT -> dw1melge
  X#LASSA   Lassal
    defaultScript: WTASIGHT -> dw1melge
  X#MARETH  Maretha
    defaultScript:  -> dw#pr74
  X#NAMARA  Namara
    overrideScript: SHOUT -> dw#innhl
  X#NATAN   Natan
    defaultScript: WTARSGT -> dw1ranth
  X#RASHEL  Rashel
    defaultScript: WTASIGHT -> dw1melge
  X#SAHA01  Sahuagin Chieftain
    defaultScript: WTARSGT -> dw1ranmo
  X#SAHA02  Sahuagin
    defaultScript: WTARSGT -> dw1range
  X#SEASN   Jozzi Seasnake
    defaultScript: WTASIGHT -> dw1melge
  X#SETTA   Setta
    overrideScript: SHOUT -> dw#innhl
  X#SHDR6   Druid
    classScript: X#SHDR6 -> 
    defaultScript:  -> dw#pr75
  X#SHDR6A  Druid
    classScript: X#SHDR6 -> 
    defaultScript:  -> dw#pr76
  X#SHDR6B  Druid
    classScript: X#SHDR6 -> 
    defaultScript:  -> dw#pr77
  X#SHDR8A  Druid
    classScript: X#SHDR8 -> 
    defaultScript:  -> dw#pr78
    weapon2: SPER02 -> DW#SHNSA
    weapon3:  -> DW#SHNSP
  X#SHDR8B  Druid
    classScript: X#SHDR8 -> 
    defaultScript:  -> dw#pr79
    weapon2: SPER01 -> DW#SHNSA
    weapon3:  -> DW#SHNSP
  X#SLIME   Green Slime
    defaultScript: wTASIGHT -> dw1melmo
  X#STORM   Storm
    defaultScript: wtasight -> dw1melge
  X#TANARI  Aravaata
    defaultScript: WTASIGHT -> dw1melge
  X#TANOV   Tanova
    defaultScript: WDASIGHT -> dw1melge
  X#ULVAR   Ulvar
    defaultScript: WDASIGHT -> dw1melge
  X#VALEN   Valen
    defaultScript: WTASIGHT -> dw1melge
  X#XVART1  Xvart
    overrideScript: wTASIGHT -> 
    defaultScript: None -> dw1melge
  X#XVART2  Xvart
    overrideScript: wTASIGHT -> 
    defaultScript: None -> dw1melge
  X#XZGU01  Flaming Fist Officer
    defaultScript: WDASIGHT -> dw1melge
  X#XZGU02  Flaming Fist Enforcer
    defaultScript: wtasight -> dw1melge
  X#XZGU03  Flaming Fist Battle Wizard
    defaultScript: WTASIGHT -> dw1melge
  X#ZOSYA   Zosya
    defaultScript: wtasight -> dw1melge
  X32EHK3S  Planar Hunter
    classScript: MAGE4 -> 
    defaultScript: WTASIGHT -> dw#mg145
  X3EHK1    Planar Hunter
    defaultScript: WTASIGHT -> dw1melbe
  X3EHK3    Planar Hunter
    classScript: MAGE4 -> 
    defaultScript: WTASIGHT -> dw#mg146
  X3H1      Planar Hunter
    classScript: MAGE4 -> 
    defaultScript: WTASIGHT -> dw#mg147
  X3HL      Planar Hunter Leader
    defaultScript: WTASIGHT -> dw1melth
  X3HOGRE   Ogre
    defaultScript: WTASIGHT -> dw1melge
  X3HOGRE2  Ogre
    defaultScript: WTASIGHT -> dw1melge
  X3HOGRED  Ogre
    defaultScript: WTASIGHT -> dw1melge
  X3KKEEP   Shopkeep Assistant
    overrideScript: SHOUT -> dw#innhl
  X3RSKEL1  Skeleton
    defaultScript: wtasight -> dw1melmo
  X3RSKEL2  Skeleton
    defaultScript: wdarsgt -> dw1ranmo
  X3RUBY    Ruby
    defaultScript: WTASIGHT -> dw1ranth
  X3VELDER  Elder Mage
    defaultScript: WTASIGHT -> dw1melth
  X3VMAS    Shadow Master Luna
    classScript: MAGE4 -> 
    defaultScript: WTASIGHT -> dw#mg148
  XVART     Xvart
    overrideScript: None -> dw#prsht
    defaultScript: WTASIGHT -> dw1melge
  XVART02   Xvart
    defaultScript: WTASIGHT -> dw1melge
  XVART03   Xvart
    defaultScript: WTASIGHT -> dw1melge
  XVART2    Xvart
    overrideScript: WTASIGHT -> dw#prsht
    defaultScript: None -> dw1melge
  XVARTSU   Xvart
    overrideScript: None -> dw#prsht
    defaultScript: WTASIGHT -> dw1melge
  XVART_A   Xvart
    overrideScript: None -> dw#prsht
    defaultScript: WTASIGHT -> dw1melge
  XVART_B   Xvart
    overrideScript: None -> dw#prsht
    defaultScript: WTASIGHT -> dw1melge
  XVART_C   Xvart
    overrideScript: None -> dw#prsht
    defaultScript: WTASIGHT -> dw1melge
  XZAR      Xzar
    classScript: SHOUT -> dw#urbhl
  XZAR2     Xzar
    classScript: SHOUT -> dw#urbhl
  XZAR4     Xzar
    classScript: SHOUT -> dw#urbhl
  XZAR6     Xzar
    classScript: SHOUT -> dw#urbhl
  YAGO      Yago
    level: 6 -> 5
    raceScript: MAGE6 -> 
    defaultScript: WDASIGHT -> dw#mg149
  YESLID    Yeslick
    defaultScript: wtasight -> dw1melge
  YSMCOOK1  Cook
    classScript: SHOUT -> dw#innhl
  YSMCOOK2  Cook's Apprentice
    overrideScript: SHOUT -> dw#innhl
  ZAL       Zal
    overrideScript: SHOUT -> dw#gpsht
    classScript: WTARSGT -> 
    defaultScript: None -> dw1range
  ZARGAL    Zargal
    overrideScript: ZARGAL -> dw#gpsht
    classScript: HOBGOBF -> ZARGAL
    raceScript: WTASIGHT -> 
    defaultScript: None -> dw1melge
  ZEELA     Zeela
    allegiance: NEUTRAL -> ENEMY
    overrideScript: SHOUT -> dw#c3as2
    raceScript: PRIEST3 -> 
    defaultScript: wtasight -> dw#pr80
  ZEKAR     Zekar
    overrideScript: RR#PICKP -> dw#gpsht
    classScript: None -> RR#PICKP
    raceScript: WTARSGT -> 
    defaultScript: None -> dw1range
  ZHALIM    Zhalimar Cloudwulfe
    overrideScript: SHOUT -> dw#gpsht
    defaultScript: WTARSGT -> dw1ranbe
  ZOMBIE    Zombie
    overrideScript: None -> dw#gpshm
    defaultScript: WTASIGHT -> dw1melmo
  ZOMBIEB   Zombie
    overrideScript: SHOUT -> dw#gpsht
    defaultScript: WTASIGHT -> dw1melmo
  ZOMBIEW   Zombie
    defaultScript: WTASIGHT -> dw1melmo
  ZOMBIE_A  Zombie
    overrideScript: None -> dw#gpshm
    defaultScript: WTASIGHT -> dw1melmo
  ZOMBIE_B  Zombie
    overrideScript: None -> dw#gpshm
    defaultScript: WTASIGHT -> dw1melmo
  ZOMBIE_C  Zombie
    overrideScript: None -> dw#gpshm
    defaultScript: WTASIGHT -> dw1melmo
  ZOMBIE_D  Zombie
    overrideScript: None -> dw#gpshm
    defaultScript: WTASIGHT -> dw1melmo
  ZOMBIE_E  Zombie
    overrideScript: None -> dw#gpshm
    defaultScript: WTASIGHT -> dw1melmo
  ZOMBJU01  Zombie
    defaultScript: wtasight -> dw1melmo
  ZORDRA    Zordral
    classScript: INITDLG -> dw#shdlg
    raceScript: MAGE5 -> 
    generalScript: WTASIGHT -> 
    defaultScript: None -> dw#mg150
  ZORL      Zorl
    general: HUMANOID -> MONSTER
    defaultScript: wtasight -> dw1melge
