file;general;race;class;anim;deathvar;dialog;level;gender;sex;allegiance;overrideScript;classScript;raceScript;generalScript;defaultScript;helmet;shield;lring;rring;amulet;weapon1;weapon2;weapon3;weapon4;xpv;origin;name
A;HUMANOID;ELF;SORCERER;MAGE_MALE_ELF;BAELOTH;BAELOTH;6;MALE;MALE;NEUTRAL;BAELOTH;;;;;;;;BARING;;STAF02;DART11;;;0;bg1;Baeloth
AASIM;HUMANOID;HUMAN;FIGHTER_CLERIC;FIGHTER_MALE_HUMAN;AASIM;None;8;MALE;MALE;NEUTRAL;dw#gpsht;;None;LEAVECH7;dw#pr0;;SHLD04;;;;BLUN05;;;;1800;bg1;Aasim
ABELA;HUMANOID;FAIRY;INNOCENT;SIRINE;Abela;abela;0;FEMALE;FEMALE;NEUTRAL;RR#PICKP;None;None;None;wtrunsgt;;;;;;;;;;1400;bg1;Abela the Nymph
ACHEN;HUMANOID;STATUE;FIGHTER;FIGHTER_MALE_HUMAN;ACHEN;ACHEN;6;MALE;MALE;NEUTRAL;;WTARSGT;None;None;None;;;;;;BOW03;COMPS01;;;900;bg1;Statue
ADDY;HUMANOID;HUMAN;INNOCENT;NOBLE_WOMAN;addy;addy;1;FEMALE;FEMALE;NEUTRAL;dw#innhl;INITMAIN;RUNENEMY;None;WDRUNSGT;;;;;;;;;;15;bg1;Addy
AGNASI;HUMANOID;ELF;INNOCENT;CLERIC_FEMALE_ELF;None;agnasi;9;FEMALE;FEMALE;NEUTRAL;dw#urbhl;PRIEST5;None;None;dw1melge;;;;;;BLUN05;;;;4700;bg1;Agnasia
AIRASPEC;MONSTER;WYVERN;WYVERN;WYVERN;airaspec;;10;NIETHER;MALE;ENEMY;None;None;WYVERN;None;wtasight;;;RING97;;;WYVERN1;WYVERN2;;;4000;bg1;Air Aspect
AJANTD;HUMANOID;HUMAN;PALADIN;FIGHTER_MALE_HUMAN;None;ajantd;3;MALE;MALE;PC;None;None;None;None;dw1melpa;;SHLD03;;;;SW1H01;;;;0;bg1;Ajantis
AJANTI;HUMANOID;HUMAN;PALADIN;FIGHTER_MALE_HUMAN;AJANTIS;ajanti;2;MALE;MALE;NEUTRAL;AJANTIS;wtasight;None;None;DPLAYER;HELM11;X#AJSHLD;;;;SW1H01;;;;0;bg1;Ajantis
AJANTI4;HUMANOID;HUMAN;PALADIN;FIGHTER_MALE_HUMAN;AJANTIS;ajanti;4;MALE;MALE;NEUTRAL;AJANTIS;wtasight;None;None;DPLAYER;HELM11;X#AJSHLD;;;;SW1H01;;;;0;bg1;Ajantis
AJANTI6;HUMANOID;HUMAN;PALADIN;FIGHTER_MALE_HUMAN;AJANTIS;ajanti;6;MALE;MALE;NEUTRAL;AJANTIS;wtasight;None;None;DPLAYER;HELM11;X#AJSHLD;;;;SW1H01;;;;0;bg1;Ajantis
ALAI;HUMANOID;HUMAN;FIGHTER_MAGE;FIGHTER_MALE_HUMAN;ALAI;alai;8;MALE;MALE;NEUTRAL;dw#gpsht;;None;LEAVECH7;dw#mg15;;;RING09;;;HAMM01;DAGG05;;;1800;bg1;Alai
ALANBL;HUMANOID;HUMAN;THIEF;THIEF_MALE_HUMAN;Alan;alanbl;7;MALE;MALE;NEUTRAL;RR#PICKP;None;None;None;dw1melth;;;;;;SW1H07;;;;975;bg1;Alan Blackblade
ALATOS;HUMANOID;HUMAN;THIEF;THIEF_MALE_HUMAN;Alatos;alatos;19;MALE;MALE;NEUTRAL;dw#gpsht;RR#PICKP;None;None;dw1melth;;;;;;DAGG02;;;;1000;bg1;Alatos "Ravenscar" Thuibuld
ALBERT;MONSTER;DEMONIC;IMP;BOY;Albert;albert;15;MALE;MALE;NEUTRAL;None;ALBERT;None;None;dw1melge;;;IMMUNE1;;;B1-20;;;;1000;bg1;Albert
ALDETH;HUMANOID;HUMAN;FIGHTER;FIGHTER_MALE_HUMAN;Aldeth;ALDETH;5;MALE;MALE;NEUTRAL;dw#gpsht;None;None;ALDETHRU;dw1melge;;;;;;SW1H03;;;;650;bg1;Aldeth Sashenstar
ALEXAN;HUMANOID;HUMAN;FIGHTER;FIGHTER_MALE_HUMAN;ALEXANDER;None;6;MALE;MALE;NEUTRAL;dw#gpsht;;None;None;dw1range;HELM01;;;;;BOW03;SPER01;;;300;bg1;Alexander
ALGERN;HUMANOID;HUMAN;INNOCENT;FAT_MAN;None;algern;1;MALE;MALE;NEUTRAL;dw#innhl;None;None;None;wtrunsgt;;;;;;;;;;15;bg1;Algernon
ALORA;HUMANOID;HALFLING;THIEF;THIEF_FEMALE_HALFLING;alora;ALORA;4;FEMALE;FEMALE;NEUTRAL;ALORA;;WTRUNSGT;None;DPLAYER;;;;MISC88;;DAGG01;;;;0;bg1;Alora
ALORA6;HUMANOID;HALFLING;THIEF;THIEF_FEMALE_HALFLING;alora;ALORA;6;FEMALE;FEMALE;NEUTRAL;ALORA;;WTRUNSGT;None;DPLAYER;;;;MISC88;;DAGG01;;;;0;bg1;Alora
ALVANH;HUMANOID;HALFLING;CLERIC;CLERIC_MALE_HALFLING;alvahe;ALVAHE;9;MALE;MALE;NEUTRAL;dw#urbhl;;None;None;dw#pr3;;;;;;SLNG01;BLUN04;;;3000;bg1;Alvanhendar
ALYTH;HUMANOID;HALF_ELF;RANGER;THIEF_FEMALE_ELF;alyth;alyth;7;FEMALE;FEMALE;NEUTRAL;dw#urbhl;None;None;None;wtrunsgt;;;;;;SW1H07;;;;750;bg1;"Lady" Alyth Elendara
AMARAN;HUMANOID;HUMAN;DRUID;CLERIC_MALE_HUMAN;amara;AMARAN;11;MALE;MALE;NEUTRAL;dw#amara;dw#gpsht;dw#shdlg;None;dw#pr84;;;;;;BLUN37;DW#SHNBR;;;120;bg1;Amarande
AMNIS;HUMANOID;HUMAN;AMNISH_SOLDIER;CLERIC_MALE_HUMAN;None;amnis;2;MALE;MALE;NEUTRAL;dw#urbhl;None;dw#nimso;None;dw1range;HELM08;;;;;BOW03;SW1H04;;;15;bg1;Amnian Soldier
AMNIS2;HUMANOID;HUMAN;AMNISH_SOLDIER;CLERIC_MALE_HUMAN;None;amnis2;2;MALE;MALE;NEUTRAL;dw#urbhl;SEEENEMY;None;None;dw1range;HELM08;;;;;BOW03;SW1H04;;;15;bg1;Amnian Soldier
AMNIS3;HUMANOID;HUMAN;AMNISH_SOLDIER;CLERIC_MALE_HUMAN;Amnish3;AMNIS3;2;MALE;MALE;NEUTRAL;dw#urbhl;SEEENEMY;AMNISH3;None;dw1range;HELM08;;;;;BOW03;SW1H04;;;15;bg1;Amnian Soldier
AMNIS3A;HUMANOID;HUMAN;AMNISH_SOLDIER;CLERIC_MALE_HUMAN;Amnish3a;AMNIS3;2;MALE;MALE;NEUTRAL;dw#urbhl;SEEENEMY;amnish3a;None;dw1range;HELM08;;;;;BOW03;SW1H04;;;15;bg1;Amnian Soldier
AMNIS3B;HUMANOID;HUMAN;AMNISH_SOLDIER;CLERIC_MALE_HUMAN;Amnish3b;AMNIS3;2;MALE;MALE;NEUTRAL;dw#urbhl;SEEENEMY;amnish3b;None;dw1range;HELM08;;;;;BOW03;SW1H04;;;15;bg1;Amnian Soldier
AMNIS4;HUMANOID;HUMAN;AMNISH_SOLDIER;CLERIC_MALE_HUMAN;None;amnis4;2;MALE;MALE;NEUTRAL;dw#urbhl;SEEENEMY;AMNISH4;None;dw1range;HELM08;;;;;BOW03;SW1H04;;;15;bg1;Amnian Soldier
AMNISE;HUMANOID;HUMAN;AMNISH_SOLDIER;CLERIC_MALE_HUMAN;AmnishEnforcer;amnise;2;MALE;MALE;NEUTRAL;dw#urbhl;RR#PICKP;None;AMNISE;dw1range;HELM08;;;;;BOW03;SW1H04;;;15;bg1;Amnian Soldier
AMNISE2;HUMANOID;HUMAN;AMNISH_SOLDIER;CLERIC_MALE_HUMAN;AMNISE2;None;2;MALE;MALE;NEUTRAL;dw#urbhl;RR#PICKP;None;AMNISE2;dw1range;HELM08;;;;;BOW03;SW1H04;;;15;bg1;Amnian Soldier
AMNISE3;HUMANOID;HUMAN;AMNISH_SOLDIER;CLERIC_MALE_HUMAN;AMNISE3;None;2;MALE;MALE;NEUTRAL;dw#urbhl;RR#PICKP;None;AMNISE2;dw1range;HELM08;;;;;BOW03;SW1H04;;;15;bg1;Amnian Soldier
AMNISE4;HUMANOID;HUMAN;AMNISH_SOLDIER;CLERIC_MALE_HUMAN;AMNISE4;None;2;MALE;MALE;NEUTRAL;dw#urbhl;RR#PICKP;None;AMNISE2;dw1range;HELM08;;;;;BOW03;SW1H04;;;15;bg1;Amnian Soldier
AMNISE5;HUMANOID;HUMAN;AMNISH_SOLDIER;CLERIC_MALE_HUMAN;AMNISE5;None;2;MALE;MALE;NEUTRAL;dw#urbhl;RR#PICKP;None;AMNISE2;dw1range;HELM08;;;;;BOW03;SW1H04;;;15;bg1;Amnian Soldier
AMSLEEP;HUMANOID;HUMAN;AMNISH_SOLDIER;CLERIC_MALE_HUMAN;None;amsleep;2;MALE;MALE;NEUTRAL;dw#urbhl;INITDLG;None;None;dw1range;HELM08;;;;;BOW03;SW1H04;;;65;bg1;Amnian Soldier
ANDARS;HUMANOID;HUMAN;INNOCENT;SLAVE;ANDARSSON;andars;1;MALE;MALE;NEUTRAL;SLAVE;None;WTRUNSGT;None;None;;;;;;;;;;2;bg1;Andarsson
ANDOUT;HUMANOID;HUMAN;INNOCENT;PEASANT_MAN;None;andout;1;MALE;MALE;NEUTRAL;dw#innhl;WDRUNSGT;None;None;None;;;;;;;;;;15;bg1;Andout
ANDRIS;HUMANOID;HUMAN;MAGE;MAGE_MALE_HUMAN;Andris;ANDRIS;11;MALE;158;NEUTRAL;SHOUTDLG;ANDRIS;None;None;dw#mg16;;;;;MINHP1;;;;;6000;bg1;Andris
ANGELO;HUMANOID;HUMAN;FIGHTER_MAGE;FIGHTER_MALE_HUMAN;Angelo;angelo;7;MALE;MALE;NEUTRAL;RR#PICKP;;None;None;dw#mg17;;;;;;SW1H05;;;;10000;bg1;Angelo
ANKHEG;MONSTER;ANKHEG;ANKHEG;ANKHEG;ankheg;;8;NIETHER;MALE;ENEMY;ANKHEG;None;None;None;None;;;;;;ANKHEG1;ANKHEG2;;;975;bg1;Ankheg
ANKHEGF;MONSTER;ANKHEG;ANKHEG;ANKHEG;None;;8;NIETHER;MALE;ENEMY;ANKHEG;None;None;None;None;;;;;;ANKHEG1;ANKHEG2;;;975;bg1;Ankheg
ANKHEGG;MONSTER;ANKHEG;ANKHEG;ANKHEG;ankheg;;8;NIETHER;MALE;ENEMY;None;ANKHEGG;ANKHEG;None;None;;;;;;ANKHEG1;ANKHEG2;;;975;bg1;Ankheg
ANKHEGQ;MONSTER;ANKHEG;ANKHEG;ANKHEG;ankheg;;8;NIETHER;MALE;ENEMY;None;None;ANKHEG;None;None;;;;;;ANKHEG1;ANKHEG2;;;975;bg1;Ankheg
AOLN;HUMANOID;HUMAN;INNOCENT;FIGHTER_MALE_HUMAN;None;aoln;3;MALE;MALE;NEUTRAL;dw#urbhl;INITDLG;None;None;dw1range;;;;;;BOW03;SW1H07;;;270;bg1;Aoln
APPAR;UNDEAD;SKELETON;SKELETON;SKELETON;APPAR;APPAR;1;NIETHER;158;NEUTRAL;SHOUTDLG;None;None;None;None;;;;;;;;;;65;bg1;Skeleton
ARCHDR;HUMANOID;HUMAN;DRUID;CLERIC_MALE_HUMAN;ARCHDRUID;druid2;12;MALE;MALE;NEUTRAL;dw#gpsht;INITDLG;;None;dw#pr5;;SHLD04;;;;BLUN01;DW#SHNBR;;;1000;bg1;The Archdruid
ARDENO;HUMANOID;HOBGOBLIN;HOBGOBLIN;HOBGOBLIN;Ardenor;ardeno;7;MALE;MALE;NEUTRAL;bandit;dw#prsht;RR#PICKP;None;dw1melge;HELM01;;;;;COMPS01;;;;900;bg1;Ardenor Crush
ARDROU;HUMANOID;HUMAN;INNOCENT;PEASANT_WOMAN;Ardrou;Ardrou;1;FEMALE;FEMALE;NEUTRAL;dw#innhl;WTRUNSGT;RUNENEMY;None;None;;;;;;;;;;15;bg1;Ardrouine
ARGHAI;GIANTHUMANOID;OGRE;OGRE_HALFOGRE;HALF_OGRE;ARGHAIN;arghai;5;NIETHER;MALE;NEUTRAL;dw#gpsht;ARGHA;;None;dw1melge;HELM01;;;;;SW2H02;;;;520;bg1;Arghain
ARGHH;GIANTHUMANOID;GOLEM;GOLEM_STONE;GOLEM_CLAY;arghh;;14;NIETHER;MALE;ENEMY;GENSHT01;None;None;GOLSTO01;WDASIGHT;;;;GOLSTONE;;GOLSTO;;;;8000;bg1;Argh
ARKANI;HUMANOID;DWARF;FIGHTER;FIGHTER_MALE_DWARF;ARKANIS;None;2;MALE;MALE;NEUTRAL;None;None;None;None;None;IHELM10;ISHLD03;;;;IAX1H01;;;;0;bg1;Arkanis
ARKANI3;HUMANOID;DWARF;FIGHTER;FIGHTER_MALE_DWARF;ARKANIS;arkani3;4;MALE;MALE;NEUTRAL;dw#urbhl;murder1;SEEENEMY;initmain;dw1range;HELM10;;;;;AX1H01Q;BOW03;;;60;bg1;Arkanis
ARKION;HUMANOID;HUMAN;MAGE;MAGE_MALE_HUMAN;Arkion;ARKION;7;MALE;MALE;NEUTRAL;RR#PICKP;;;None;dw#mg18;;;;;;DAGG01;;;;900;bg1;Arkion
ARKUSH;HUMANOID;HUMAN;MAGE;MAGE_FEMALE_HUMAN;ARKUSH;ARKUSH;5;FEMALE;FEMALE;NEUTRAL;dw#urbhl;;None;;dw#mg19;;;;;;STAF01;;;;600;bg1;Arkushule
ARLIN;HUMANOID;HALF_ELF;MAGE;MAGE_MALE_ELF;ARLIN;None;7;MALE;MALE;NEUTRAL;dw#gpsht;gretek;gretek;;dw#mg20;;;;;;STAF01;;;;850;bg1;Arlin
ASHEN;HUMANOID;HUMAN;INNOCENT;NOBLE_MAN;ASHEN;ASHEN;1;MALE;MALE;NEUTRAL;dw#innhl;INITDLG;None;None;WTRUNSGT;;;;;;;;;;15;bg1;Ashen
ASHIRU;UNDEAD;SPECTRE;FIGHTER_THIEF;THIEF_FEMALE_ELF;Ashiru;None;8;FEMALE;FEMALE;ENEMY;TURNINVS;None;None;None;dw1melth;;;;MAGE01;;SW1H21;;;;2000;bg1;Ashirukuru
ATTSLIM;HUMANOID;HALF_ELF;INNOCENT;FIGHTER_MALE_ELF;None;DORK;1;MALE;MALE;NEUTRAL;dw#innhl;SEEENEMY;None;None;dw1melge;;;;;;;;;;15;bg1;Commoner
AVARICE;HUMANOID;GOLEM;GOLEM_IRON;FIGHTER_MALE_DWARF;avarice;AVARICE;1;MALE;MALE;NEUTRAL;None;None;None;None;None;;;;;;;;;;0;bg1;Warder
AVARICEM;HUMANOID;GOLEM;THIEF;THIEF_MALE_DWARF;avaricem;None;12;MALE;MALE;ENEMY;REDDEATH;GREED;;None;dw1melth;HELM01;;IMMUNE1;RING95;SPEC02;SW1H08;;;;2500;bg1;Avarice
AVERY;HUMANOID;HUMAN;INNOCENT;CLERIC_MALE_HUMAN;None;avery;2;MALE;MALE;NEUTRAL;dw#urbhl;PRIEST1;None;None;dw1melge;;;;;;BLUN04;;;;35;bg1;Avery
B;HUMANOID;ELF;MAGE;MAGE_MALE_ELF;BPBAELOT;BPBAELOT;15;MALE;MALE;NEUTRAL;BPHUBA;;;None;;HELM19;;MIHP1;RING40;AMUL21;STAF05;STAF18;;;0;bg1;Baeloth
BAELOT7;HUMANOID;ELF;SORCERER;MAGE_MALE_ELF;BAELOTH;BDBAELOT;7;MALE;MALE;NEUTRAL;BDBAELOT;BDBAELOC;BDBCRW;;;;;;BARING;BDAMUL24;STAF02;DART02;;;0;bg1;Baeloth
BAELOTH;HUMANOID;ELF;SORCERER;MAGE_MALE_ELF;BAELOTH;BAELOTH;6;MALE;MALE;NEUTRAL;BAELOTH;;;;;;;;BARING;;STAF02;DART11;;;0;bg1;Baeloth
BAERIN;HUMANOID;HUMAN;FIGHTER;FIGHTER_MALE_HUMAN;BAERIN;None;6;MALE;MALE;NEUTRAL;dw#gpsht;;None;None;dw1range;;;;;;BOW03;SPER01;;;300;bg1;Baerin
BAINVI;HUMANOID;PLATE;LONG_SWORD;BIRD;BAINVI;None;1;NIETHER;MALE;NEUTRAL;BAINVI;None;None;None;None;;;;MAGE01;IMOENHP1;;;;;0;bg1;
BALOR01;MONSTER;DEMONIC;TANARI;TANARRI;balor01;;13;SUMMONED_DEMON;MALE;NEUTRAL;;balor01;None;None;dw1melge;HELMNOAN;;IMMUNE3;RINGDEMN;;BALOR;;;;46000;bg1;Balor
BANDCAP;HUMANOID;HUMAN;FIGHTER;FIGHTER_MALE_HUMAN;Bandcap;BANDIT;1;MALE;MALE;NEUTRAL;dw#gpsht;BANDCAP;None;None;dw1range;;;;;;SW1H04;COMPB05;;;65;bg1;Bandit
BANDCR;HUMANOID;HUMAN;FIGHTER;FIGHTER_MALE_HUMAN;Banditcr;BANDCR;1;MALE;MALE;NEUTRAL;dw#prsht;None;None;None;dw1range;;;;;;SW1H04;COMPB05;;;65;bg1;Bandit
BANDIC;HUMANOID;HUMAN;FIGHTER;FIGHTER_MALE_HUMAN;Bandic;BANDIC;1;MALE;MALE;ENEMY;dw#gpsht;BANDIC;None;None;dw1range;;;;;;SW1H04;COMPB05;;;65;bg1;Deke
BANDIT;HUMANOID;HUMAN;FIGHTER;FIGHTER_MALE_HUMAN;Bandit;BANDIT;1;MALE;MALE;ENEMY;dw#gpsht;BANDIT;None;None;dw1range;;;;;;SW1H04;COMPB05;;;65;bg1;Bandit
BANDIT2;HUMANOID;HUMAN;FIGHTER;FIGHTER_MALE_HUMAN;Bandit2;BANDIT;1;MALE;MALE;NEUTRAL;dw#gpsht;BANDIT2;Bandit4;None;HOBGOBSU;;;;;;SW1H04;COMPB05;;;65;bg1;Bandit
BANDIT3;HUMANOID;HUMAN;FIGHTER;FIGHTER_MALE_HUMAN;None;BANDIT;1;MALE;MALE;NEUTRAL;dw#gpsht;;None;None;dw1range;;;;;;SW1H04;COMPB05;;;65;bg1;Bandit
BANDIT4;HUMANOID;HUMAN;FIGHTER;FIGHTER_MALE_HUMAN;BANDIT4;BANDIT;1;MALE;MALE;NEUTRAL;dw#gpsht;BANDIT;Bandit4;None;HOBGOBSU;;;;;;SW1H04;COMPB05;;;65;bg1;Bandit
BANDITA;HUMANOID;HUMAN;FIGHTER;FIGHTER_MALE_HUMAN;None;BANDIT;1;MALE;MALE;ENEMY;dw#gpsht;BANDIT;None;None;dw1range;;;;;;BOW03;SW1H04;;;65;bg1;Bandit
BANDITC;HUMANOID;HUMAN;FIGHTER;FIGHTER_MALE_HUMAN;Bandit;BANDIT;3;MALE;MALE;NEUTRAL;dw#prsht;RR#PICKP;BANDIT;;dw1range;;;;;;SW1H04;COMPB05;;;65;bg1;Bandit
BANDITCY;HUMANOID;HUMAN;FIGHTER;FIGHTER_MALE_HUMAN;banditcy;BANDITCY;1;MALE;MALE;NEUTRAL;dw#gpsht;RR#PICKP;BANDITCY;None;dw1range;;;;;;SW1H04;COMPB05;;;65;bg1;Ruffian
BARBARI2;HUMANOID;HALFORC;FIGHTER;FIGHTER_FEMALE_HALFORC;None;;1;FEMALE;FEMALE;PC;None;None;None;None;DPLAYER3;;;;;;STAF01;;;;0;bg1;
BARD2;HUMANOID;HUMAN;BARD;THIEF_FEMALE_HUMAN;None;;1;FEMALE;FEMALE;PC;None;None;None;None;DPLAYER3;;;;;;STAF01;;;;0;bg1;
BARDOL;HUMANOID;HUMAN;TOWN_GUARD;CLERIC_MALE_HUMAN;None;bardol;2;MALE;MALE;NEUTRAL;dw#urbhl;INITDLG;dw#nimso;None;dw1range;HELM08;;;;;BOW03;SW1H04;;;65;bg1;Bardolan
BARESH;MONSTER;LYCANTHROPE;WEREWOLF;CLERIC_MALE_HUMAN;Baresh;baresh;12;MALE;MALE;NEUTRAL;RR#PICKP;INITDLG;None;None;None;;SHLD16;;;;BLUN06;;;;1500;bg1;Baresh
BARESH2;MONSTER;LYCANTHROPE;FIGHTER;CLERIC_MALE_HUMAN;Baresh;None;12;MALE;158;NEUTRAL;baresh;;None;None;dw1melge;;SHLD16;IMMUNE1;;MINHP1;BLUN06;;;;1500;bg1;Baresh
BARSLIM;HUMANOID;HUMAN;INNOCENT;FAT_MAN;None;BARSLIM;1;MALE;MALE;NEUTRAL;dw#innhl;INITDLG;RUNENEMY;None;WDRUNSGT;;;;;SLIMED1;;;;;15;bg1;Bartender
BART0133;HUMANOID;HUMAN;INNOCENT;FAT_MAN;None;BART0133;1;MALE;MALE;NEUTRAL;dw#innhl;RUNENEMY;None;None;WTRUNSGT;;;;;;;;;;15;bg1;Bartender
BART0720;HUMANOID;HUMAN;INNOCENT;FAT_MAN;None;BART0720;1;MALE;MALE;NEUTRAL;dw#innhl;RUNENEMY;None;None;WTRUNSGT;;;;;;;;;;15;bg1;Bartender
BART10;HUMANOID;HUMAN;INNOCENT;FAT_MAN;None;bart10;1;MALE;MALE;NEUTRAL;dw#innhl;RUNENEMY;None;None;WTRUNSGT;;;;;;;;;;15;bg1;Bartender
BART11;HUMANOID;HUMAN;INNOCENT;FAT_MAN;None;bart11;1;MALE;MALE;NEUTRAL;dw#innhl;RUNENEMY;None;None;WTRUNSGT;;;;;;;;;;15;bg1;Bartender
BART12;HUMANOID;HUMAN;INNOCENT;FAT_MAN;None;bart12;1;MALE;MALE;NEUTRAL;dw#innhl;RUNENEMY;None;None;WTRUNSGT;;;;;;;;;;15;bg1;Bartender
BART13;HUMANOID;HUMAN;INNOCENT;FAT_MAN;None;bart13;1;MALE;MALE;NEUTRAL;dw#innhl;RUNENEMY;None;None;WTRUNSGT;;;;;;;;;;15;bg1;Bartender
BART14;HUMANOID;HUMAN;INNOCENT;FAT_MAN;None;bart14;1;MALE;MALE;NEUTRAL;dw#innhl;None;RUNENEMY;None;WTRUNSGT;;;;;;;;;;15;bg1;Bartender
BART15;HUMANOID;HUMAN;INNOCENT;FAT_MAN;None;bart15;1;MALE;MALE;NEUTRAL;dw#innhl;RUNENEMY;None;None;WTRUNSGT;;;;;;;;;;15;bg1;Bartender
BART16;HUMANOID;HUMAN;INNOCENT;FAT_MAN;None;bart16;1;MALE;MALE;NEUTRAL;dw#innhl;RUNENEMY;None;None;WTRUNSGT;;;;;;;;;;15;bg1;Bartender
BART2;HUMANOID;HUMAN;INNOCENT;FAT_MAN;None;bart2;1;MALE;MALE;NEUTRAL;dw#innhl;RUNENEMY;None;None;WTRUNSGT;;;;;;;;;;15;bg1;Bartender
BART3;HUMANOID;HUMAN;INNOCENT;FAT_MAN;BART3;bart3;1;MALE;MALE;NEUTRAL;dw#innhl;RUNENEMY;None;None;WTRUNSGT;;;;;;;;;;15;bg1;Bartender
BART4;HUMANOID;HUMAN;INNOCENT;FAT_MAN;None;bart4;1;MALE;MALE;NEUTRAL;dw#innhl;RUNENEMY;None;UBIN3304;WTRUNSGT;;;;;;;;;;15;bg1;Bartender
BART5;HUMANOID;HUMAN;INNOCENT;FAT_MAN;None;bart5;1;MALE;MALE;NEUTRAL;dw#innhl;RUNENEMY;None;None;WTRUNSGT;;;;;;;;;;15;bg1;Bartender
BART6;HUMANOID;HUMAN;INNOCENT;FAT_MAN;None;bart6;1;MALE;MALE;NEUTRAL;dw#innhl;RUNENEMY;None;LEAVECH7;WTRUNSGT;;;;;;;;;;15;bg1;Bartender
BART7;HUMANOID;HUMAN;INNOCENT;FAT_MAN;None;bart7;1;MALE;MALE;NEUTRAL;dw#innhl;RUNENEMY;None;None;WTRUNSGT;;;;;;;;;;15;bg1;Bartender
BART8;HUMANOID;HUMAN;INNOCENT;FAT_MAN;Bart8;bart8;1;MALE;MALE;NEUTRAL;dw#innhl;RUNENEMY;None;None;WTRUNSGT;;;;;;;;;;15;bg1;Bartender
BART9;HUMANOID;HUMAN;INNOCENT;FAT_MAN;None;bart9;1;MALE;MALE;NEUTRAL;dw#innhl;RUNENEMY;None;None;WTRUNSGT;;;;;;;;;;15;bg1;Bartender
BARUK;HUMANOID;HOBGOBLIN;HOBGOBLIN;HOBGOBLIN;Baruk;BARUK;3;MALE;MALE;NEUTRAL;dw#gpsht;BARUK;;None;dw1range;HELM01;;;;;BOW01;COMPS01;;;165;bg1;Ba'ruk
BARWLF;MONSTER;LYCANTHROPE;WEREWOLF;WEREWOLF_GREATER;None;None;7;MALE;158;ENEMY;None;;None;None;dw1melge;;;IMMUNE1;RINGWOLF;;S1-12;;;;1500;bg1;Baresh
BASILG;MONSTER;BASILISK;BASILISK_GREATER;BASILISK_GREATER;None;;10;NIETHER;MALE;ENEMY;dw#gpshm;None;GBASILSK;None;None;;;;;;BASILG1;BASILG2;BASILG3;;7000;bg1;Greater Basilisk
BASILGSU;MONSTER;BASILISK;BASILISK_GREATER;BASILISK_GREATER;None;;10;SUMMONED;SUMMONED;CONTROLLED;None;None;GBASILSK;None;None;;;;;;BASILG1;BASILG2;BASILG3;;0;bg1;Greater Basilisk
BASILL;MONSTER;BASILISK;BASILISK;BASILISK;None;;6;NIETHER;MALE;ENEMY;dw#gpshm;None;LBASILSK;None;None;;;;;;BASILL1;BASILL2;;;1400;bg1;Lesser Basilisk
BASILLSU;MONSTER;BASILISK;BASILISK;BASILISK;None;;6;SUMMONED;SUMMONED;CONTROLLED;None;None;LBASILSK;None;None;;;;;;BASILL1;BASILL2;;;0;bg1;Lesser Basilisk
BASILMUT;MONSTER;BASILISK;BASILISK_GREATER;BASILISK_GREATER;BASILMUT;;10;NIETHER;MALE;NEUTRAL;dw#gpshm;basilmut;GBASILSK;None;None;;;;;;BASILG1;BASILG2;BASILG3;;7000;bg1;Greater Basilisk
BASILNAD;MONSTER;BASILISK;BASILISK_GREATER;BASILISK_GREATER;BASILNAD;;10;NIETHER;MALE;ENEMY;None;None;GBASILSK;None;None;;;;;;BASILG1;BASILG2;BASILG3;;7000;bg1;Greater Basilisk
BASSIL;HUMANOID;HUMAN;CLERIC;CLERIC_MALE_HUMAN;Bassilus;BASSIL;10;MALE;MALE;NEUTRAL;dw#gpsht;BASSILUS;;None;dw#pr87;;SHLD03;;;AMUL13;HAMM03;;;;975;bg1;Bassilus
BATTHO;MONSTER;GOLEM;GOLEM_IRON;FIGHTER_MALE_HUMAN;None;None;6;MALE;MALE;ENEMY;REDDEATH;None;None;None;dw1melmo;HELM13;;RING95;;;FBLADE;;;;4000;bg1;Battle Horror
BAT_DOOR;ANIMAL;NO_RACE;NO_CLASS;BAT_INSIDE;None;None;1;MALE;MALE;NEUTRAL;None;None;WDRUNSGT;None;None;;;;;;;;;;0;bg1;Bat
BAT_IN;ANIMAL;NO_RACE;MAGE;BAT_INSIDE;None;None;1;MALE;MALE;NEUTRAL;None;None;None;None;WDRUNSGT;;;;;;;;;;1;bg1;Bat
BAT_OUT;ANIMAL;NO_RACE;NO_CLASS;BAT_OUTSIDE;None;None;1;MALE;MALE;NEUTRAL;None;None;RANDFLY;None;None;;;;;;;;;;0;bg1;Bat
BAYARD;HUMANOID;HALF_ELF;MAGE_THIEF;THIEF_MALE_ELF;BAYARD;BAYARD;9;MALE;MALE;NEUTRAL;RR#PICKP;None;;;dw#mg21;;;;;;SW1H08;;;;900;bg1;Bayard
BD03THUG;HUMANOID;HUMAN;INNOCENT;STATIC_NOBLE_WOMAN_MATTE;bd03thug;BDPOOL04;1;0;FEMALE;NEUTRAL;BDCRWDF;None;None;None;None;;;;;;;;;;15;bg1;Noblewoman
BD04THUG;HUMANOID;HUMAN;INNOCENT;STATIC_NOBLE_WOMAN_MATTE;bd04thug;BDPOOL04;1;0;FEMALE;NEUTRAL;BDCRWDE;None;None;None;None;;;;;;;;;;15;bg1;Noblewoman
BD05THUG;HUMANOID;HUMAN;INNOCENT;STATIC_NOBLE_WOMAN_MATTE;bd05thug;BDPOOL04;1;0;FEMALE;NEUTRAL;BDCRWDE;None;None;None;None;;;;;;;;;;15;bg1;Noblewoman
BD06THUG;HUMANOID;HUMAN;INNOCENT;STATIC_NOBLE_WOMAN_MATTE;bd06thug;BDPOOL04;1;0;FEMALE;NEUTRAL;BDCRWDE;None;None;None;None;;;;;;;;;;15;bg1;Noblewoman
BD302BAN;UNDEAD;WRAITH;SPECTRE;WAILING_VIRGIN;BD302BAN;;7;NIETHER;FEMALE;ENEMY;BDBANSH;;;;dw1melge;;;;IMMUNE1;IMMCHS;B1-8M2;;;;4000;bg1;Banshee
BD302BAS;MONSTER;BASILISK;BASILISK_GREATER;BASILISK_GREATER;NONE;;10;NIETHER;MALE;ENEMY;NONE;NONE;GBASILSK;NONE;NONE;;;;;;BASILG1;BASILG2;BASILG3;;7000;bg1;Greater Basilisk
BD328OSO;ANIMAL;BEAR;BEAR_CAVE;BEAR_CAVE;;;8;MALE;FEMALE;ENEMY;None;None;BEAR;None;dw1melmo;;;;;;B1-12;;;;900;bg1;Cave Bear
BDABIBLA;MONSTER;DEMONIC;IMP;ABISHAI_BLACK;BDABIBLA;;4;MALE;MALE;ENEMY;;BDENSHTV;BDABISHA;;BDFIG00;;;IMMUNE1;RINGDEMN;REGHP1;BDABISHA;;;;7000;bg1;Black Abishai
BDABIGRE;MONSTER;DEMONIC;IMP;ABISHAI_GREEN;BDABIGRE;;4;MALE;MALE;ENEMY;;BDENSHTV;BDABISHA;;BDFIG00;;;IMMUNE1;RINGDEMN;REGHP1;BDABISHA;;;;8000;bg1;Green Abishai
BDABIRED;MONSTER;DEMONIC;IMP;ABISHAI_RED;BDABIRED;;6;MALE;MALE;ENEMY;;BDENSHTV;BDABISHA;;BDFIG00;;;IMMUNE1;RINGDEMN;REGHP1;BDABISHA;;;;9000;bg1;Red Abishai
BDABIS1D;HUMANOID;DEMONIC;FIGHTER;ABISHAI_BLACK;BDIMP;BDIMP;6;NIETHER;MALE;ENEMY;BDIMP;;BDSHOUT;BDFIGH01;;;;;;;S1-4;;;;420;bg1;Abishai
BDABIS2D;HUMANOID;DEMONIC;FIGHTER;ABISHAI_RED;BDIMP;BDIMP;6;NIETHER;MALE;ENEMY;BDIMP;;BDSHOUT;BDFIGH01;;;;;;;S1-4;;;;420;bg1;Abishai
BDABIS3D;HUMANOID;DEMONIC;FIGHTER;ABISHAI_GREEN;BDIMP;BDIMP;6;NIETHER;MALE;ENEMY;BDIMP;;BDSHOUT;BDFIGH01;;;;;;;S1-4;;;;420;bg1;Abishai
BDADOY;HUMANOID;HUMAN;MAGE;FAT_MAN;BDADOY;BDADOY;1;MALE;MALE;NEUTRAL;;NONE;NONE;NONE;;;;BDRINGGH;MINHP1;;;;;;0;bg1;Adoy
BDAHDREK;HUMANOID;HUMAN;MAGE;MAGE_MALE_HUMAN;BDAHDREK;BDAHDREK;10;MALE;MALE;NEUTRAL;BDAHDREK;;;;;;;;;MINHP1;STAF01;;;;2000;bg1;Ahdzekharrin
BDAILEEN;HUMANOID;HUMAN;INNOCENT;PEASANT_WOMAN;BDAILEEN;BDAILEEN;1;FEMALE;FEMALE;NEUTRAL;BDAILEEN;None;None;None;None;;;;;;;;;;15;bg1;Aileen
BDAKANNA;HUMANOID;HUMAN;CLERIC_THIEF;THIEF_FEMALE_HUMAN;BDAKANNA;BDAKANNA;7;FEMALE;FEMALE;NEUTRAL;BDAKANNA;;BDSHOUT;BDCLTH01;;;;;;;BLUN36;SLNG02;;;4000;bg1;Akanna
BDALACHI;HUMANOID;HUMAN;FIGHTER;FIGHTER_MALE_HUMAN;BDALACHI;BDALACHI;9;MALE;MALE;NEUTRAL;BDALACHI;;BDSHOUT;BDFIGH01;;HELM10;;;;;BOW02;SW1H05;;;1400;bg1;Alachi
BDALALAI;GIANTHUMANOID;ELEMENTAL;ELEMENTAL_FIRE;ELEMENTAL_FIRE;BDALALAI;BDALALAI;16;MALE;MALE;NEUTRAL;BDMISC01;BDALALAI;BDENSHTV;;BDFIG00;BDMISC1B;;IMMUNE2;;;FIREELEM;BDSPECTQ;;;6000;bg1;Al-Alai
BDALMUR;HUMANOID;DWARF;FIGHTER;FIGHTER_MALE_DWARF;BDALMUR;BDALMUR;7;MALE;MALE;NEUTRAL;BDLUGG;BDASC;BDSHOUT;bdfigh10;;BDHELMJ3;SHLD03;;;;AX1H01;;;;420;bg1;Almur
BDALYTH;HUMANOID;HALF_ELF;RANGER;THIEF_FEMALE_ELF;bdalyth;BDALYTH;7;FEMALE;FEMALE;NEUTRAL;BDALYTH;None;None;None;dw1melge;;;;;;;;;;750;bg1;"Lady" Alyth Elendara
BDAMMON;HUMANOID;HUMAN;MAGE;MAGE_FEMALE_HUMAN;BDAMMON;BDAMMON;5;FEMALE;FEMALE;NEUTRAL;RR#PICKP;BDENSHTV;BDAMMON;;BDARCH00;;;;;;STAF01;DART04;;;350;bg1;Ammon
BDANDRUS;HUMANOID;HUMAN;MAGE;MAGE_FEMALE_HUMAN;BDANDRUS;BDANDRUS;12;FEMALE;FEMALE;NEUTRAL;BDANDRUS;BDBCOAL;BDSHOUT;BDMAGE01;;;;BDRING06;;MINHP1;STAF02;DART03;;;5000;bg1;Andrus
BDANGATH;HUMANOID;HUMAN;MAGE;MAGE_FEMALE_HUMAN;BDANGATH;;18;FEMALE;FEMALE;NEUTRAL;BDANGATH;;;;;;;BDRING07;;MINHP1;STAF08;DART03;;;5000;bg1;Andrus Gath
BDANJI;HUMANOID;HUMAN;FIGHTER;FIGHTER_MALE_HUMAN;BDANJI;BDANJI;7;MALE;MALE;NEUTRAL;BDSPENSS;;BDSHOUT;BDFIGH01;;HELM01;;;;;XBOW01;DAGG01;;;420;bg1;Anji
BDANKH01;MONSTER;ANKHEG;ANKHEG;ANKHEG;BDANKH01;;10;NIETHER;MALE;ENEMY;;BDANKH01;ANKHEG;;;;;;;;ANKHEG1;ANKHEG2;;;1400;bg1;Ankheg
BDANKHEG;MONSTER;ANKHEG;ANKHEG;ANKHEG;None;;8;NIETHER;MALE;ENEMY;GENSHT01;None;None;ANKHEG;dw1ranmo;;;;;;ANKHEG1;ANKHEG2;;;975;bg1;Ankheg
BDANKHSU;MONSTER;ANKHEG;ANKHEG;ANKHEG;BDANKHSU;;8;SUMMONED;MALE;CONTROLLED;;;;ANKHEG;BDSUM00;;;;;;ANKHEG1;ANKHEG2;;;0;bg1;Ankheg
BDARAYA;HUMANOID;HUMAN;NO_CLASS;NOBLEWOMAN_FIGHTER;BDARAYA;BDARAYA;1;FEMALE;FEMALE;NEUTRAL;RR#PICKP;SHOUT;;None;dw1melge;;;;;;;;;;15;bg1;Lady Araya
BDARBING;GIANTHUMANOID;OGRE;FIGHTER;OGRE;BDARBING;BDARBING;7;NIETHER;MALE;NEUTRAL;BDARBING;BDOGREPC;;NONE;dw1melbe;;;;;;OGRE1;;;;1400;bg1;Arbinge
BDASERY;HUMANOID;HUMAN;FIGHTER;FIGHTER_FEMALE_HUMAN;BDASERY;BDASERY;7;FEMALE;FEMALE;NEUTRAL;LUISGANG;;;;dw1melge;HELM01;;;;;HAMM01;;;;400;bg1;Asery
BDASHA01;HUMANOID;GNOLL;FIGHTER;GNOLL;BDASHA01;BDCRUS;10;MALE;MALE;NEUTRAL;BDDSC;BDCRUSDS;BDSHOUT;BDFIGH01;;HELMNOAN;;;;;HALB07;;;;2000;bg1;Wormgums
BDASHA02;HUMANOID;GNOME;MAGE;MAGE_FEMALE_GNOME;BDASHA02;BDCRUS;11;FEMALE;FEMALE;NEUTRAL;BDDSC;BDCRUSDS;BDSHOUT;BDMAGE01;;;;;;;DAGG01;DART03;;;3000;bg1;Small Kimble
BDASHA03;HUMANOID;HUMAN;PALADIN;FIGHTER_MALE_HUMAN;BDASHA03;BDCRUS;10;MALE;MALE;NEUTRAL;BDDSC;BDCRUSDS;BDSHOUT;BDPAL01;;HELM01;SHLD06;;;;SW1H05;;;;2000;bg1;Marius of Tethyr
BDASHA04;HUMANOID;HALFLING;FIGHTER_THIEF;THIEF_FEMALE_HALFLING;BDASHA04;BDCRUS;8;FEMALE;FEMALE;NEUTRAL;BDDSC;BDCRUSDS;BDSHOUT;BDFTHI01;;HELM01;;;;;SW1H08;;;;2000;bg1;Zoe Kryn
BDASHA05;HUMANOID;HUMAN;FIGHTER_MAGE;FIGHTER_MALE_HUMAN;BDASHA05;BDCRUS;7;MALE;MALE;NEUTRAL;BDDSC;BDCRUSDS;BDSHOUT;BDFMAG01;;;;;;;BOW02;SW1H05;;;3000;bg1;Sarginson
BDASHA06;HUMANOID;DWARF;FIGHTER_CLERIC;FIGHTER_MALE_DWARF;BDASHA06;BDCRUS;9;MALE;MALE;NEUTRAL;BDDSC;BDCRUSDS;BDSHOUT;BDFCLE01;;HELM01;SHLD04;;;;HAMM02;SLNG02;;;2000;bg1;Balvin Steadyhand
BDASHATI;HUMANOID;ELF;FIGHTER_MAGE_CLERIC;FIGHTER_FEMALE_ELF;BDASHATI;BDASHATI;9;FEMALE;FEMALE;NEUTRAL;BDASHATI;;BDSHOUT;BDFMCL01;;BDERINYE;SHLD28;;BDRING09;MINHP1;DAGG05;BLUN21;;;5000;bg1;Ashatiel
BDASHIRU;UNDEAD;SPECTRE;FIGHTER_THIEF;THIEF_FEMALE_HUMAN;BDASHIRU;NONE;12;FEMALE;FEMALE;ENEMY;;NONE;NONE;NONE;BDASHIRU;;;IMMUNE1;RING95;GHOST3;BDSW1H19;;;;6000;bg1;Shadow Aspect
BDASSN01;HUMANOID;HALFORC;THIEF;THIEF_MALE_HALFORC;BDASSN01;;8;MALE;MALE;NEUTRAL;RR#PICKP;;;;BDASSN01;;SW1H08;;;;SW1H22;;;;650;bg1;Assassin
BDAUDAM;HUMANOID;HUMAN;FIGHTER;FIGHTER_MALE_HUMAN;BDAUDAM;BDAUDAM;7;MALE;MALE;NEUTRAL;bdfamily;;BDSHOUT;BDFIGH01;;;;;;;;;;;420;bg1;Audamar
BDAUN;HUMANOID;HUMAN;PALADIN;FIGHTER_MALE_HUMAN;BDAUN;BDAUN;7;MALE;MALE;NEUTRAL;BDAUN;;;NONE;;;;;;MINHP1;;;;;650;bg1;Aun Argent
BDAUN2;HUMANOID;HUMAN;PALADIN;FIGHTER_MALE_HUMAN;BDAUN;BDAUN;7;MALE;MALE;NEUTRAL;BDAUN;;;NONE;;;;;;MINHP1;SW1H04;;;;650;bg1;Aun Argent
BDAUTINN;HUMANOID;HUMAN;FIGHTER;SAILOR_DARK;BDAUTINN;BDAUTINN;6;MALE;MALE;NEUTRAL;BDAUTINN;BDSAILOR;None;None;dw1melge;;;;;;;;;;750;bg1;Autinn
BDAUZIEL;HUMANOID;HUMAN;FIGHTER_THIEF;THIEF_FEMALE_HUMAN;BDAUZIEL;BDAUZIEL;7;FEMALE;FEMALE;NEUTRAL;BDBTEAM3;BDBCOAL;BDSHOUT;BDFTHI01;;;;;;MINHP1;SW1H74;;;;975;bg1;Auziel
BDBALQUO;HUMANOID;HUMAN;PALADIN;FIGHTER_MALE_HUMAN;BDBALQUO;;10;MALE;MALE;NEUTRAL;None;None;None;None;None;HELMNOAN;SHLD04;;;;SW1H02;;;;900;bg1;Flaming Fist Enforcer
BDBANDAF;HUMANOID;HUMAN;FIGHTER;FIGHTER_FEMALE_HUMAN;BDBANDAF;;1;FEMALE;FEMALE;ENEMY;SHOUT;;;;dw1range;;;;;;SW1H07;BOW05;;;15;bg1;Bandit Archer
BDBANDAM;HUMANOID;HUMAN;FIGHTER;FIGHTER_MALE_HUMAN;BDBANDAM;;1;MALE;MALE;ENEMY;SHOUT;;;;dw1range;;;;;;SW1H04;BOW05;;;15;bg1;Bandit Archer
BDBANDFF;HUMANOID;HUMAN;FIGHTER;FIGHTER_FEMALE_HUMAN;BDBANDAF;;1;FEMALE;FEMALE;ENEMY;SHOUT;;;;dw1melge;;;;;;BDSW1H16;;;;15;bg1;Crusader Deserter
BDBANDFM;HUMANOID;HUMAN;FIGHTER;FIGHTER_MALE_HUMAN;BDBANDFM;;1;MALE;MALE;ENEMY;SHOUT;;;;dw1melge;;;;;;SW1H20;;;;15;bg1;Bandit Archer
BDBANDIT;HUMANOID;HUMAN;FIGHTER;FIGHTER_MALE_HUMAN;Bandit;BANDIT;1;MALE;MALE;ENEMY;SHOUT;BANDIT;None;None;dw1range;;;;;;SW1H04;COMPB05;;;65;bg1;Bandit
BDBANDLM;HUMANOID;HUMAN;FIGHTER;FIGHTER_MALE_HUMAN;BDBANDFM;;3;MALE;MALE;ENEMY;SHOUT;;;;dw1melge;;SHLD11;;;;SW1H04;;;;65;bg1;Bandit Leader
BDBANNO;HUMANOID;HUMAN;INNOCENT;FAT_MAN;BDBANNO;BDBANNO;1;MALE;MALE;NEUTRAL;BDBCRW;;;;dw1melge;;;;;;;;;;15;bg1;Announcer
BDBARDYL;HUMANOID;HALFLING;THIEF;THIEF_FEMALE_HALFLING;BDBARDYL;BDBARDYL;7;FEMALE;FEMALE;NEUTRAL;BDSPENSS;;BDSHOUT;BDTHIE01;;;;;;;SW1H07;;;;420;bg1;Bardyla
BDBARGH2;HUMANOID;HALFORC;FIGHTER;FIGHTER_MALE_HALFORC;BDBARGHE;BDBARGHE;12;MALE;MALE;ENEMY;BDCHALL;;BDSHOUT;BDFIGH35;;HELMNOAN;SHLD06A;;;;BDAX1H03;;;;3000;bg1;The Barghest
BDBARGHE;HUMANOID;HALFORC;FIGHTER;FIGHTER_MALE_HALFORC;BDBARGHE;BDBARGHE;12;MALE;MALE;NEUTRAL;RR#PICKP;;BDSHOUT;BDFIGH20;;HELMNOAN;SHLD06A;;;;BDAX1H03;;;;3000;bg1;The Barghest
BDBARRE1;GENERAL_ITEM;NO_RACE;NO_CLASS;KEG2;BDBARRE1;BDBARREL;1;NIETHER;NIETHER;NEUTRAL;;;;;;;;NOCIRCLE;;MINHP1;;;;;0;bg1;
BDBARRE2;GENERAL_ITEM;NO_RACE;NO_CLASS;KEG2;BDBARRE2;BDBARREL;1;NIETHER;NIETHER;NEUTRAL;;;;;;;;NOCIRCLE;;MINHP1;;;;;0;bg1;
BDBARRE3;GENERAL_ITEM;NO_RACE;NO_CLASS;KEG2;BDBARRE3;BDBARREL;1;NIETHER;NIETHER;NEUTRAL;;;;;;;;NOCIRCLE;;MINHP1;;;;;0;bg1;
BDBARRE4;GENERAL_ITEM;NO_RACE;NO_CLASS;KEG2;BDBARRE4;BDBARREL;1;NIETHER;NIETHER;NEUTRAL;;;;;;;;NOCIRCLE;;MINHP1;;;;;0;bg1;
BDBARRE5;GENERAL_ITEM;NO_RACE;NO_CLASS;KEG2;BDBARRE5;BDBARREL;1;NIETHER;NIETHER;NEUTRAL;;;;;;;;NOCIRCLE;;MINHP1;;;;;0;bg1;
BDBART01;HUMANOID;HUMAN;INNOCENT;FAT_MAN;BDBART01;BDBART01;1;MALE;MALE;NEUTRAL;BDBART01;;None;None;;;;;;;;;;;15;bg1;Bartender
BDBARTLE;HUMANOID;HUMAN;FIGHTER;FIGHTER_MALE_HUMAN;BDBARTLE;BDBARTLE;7;MALE;MALE;NEUTRAL;BDBARTLE;;;;dw1melge;;;;;;BDSW1H04;;;;650;bg1;Bartleby
BDBATNC;ANIMAL;NO_RACE;NO_CLASS;BAT_OUTSIDE;BDBATNC;;1;MALE;MALE;NEUTRAL;;;;;RANDWALK;;;;;;;;;;0;bg1;Bat
BDBATOUT;ANIMAL;NO_RACE;NO_CLASS;BAT_OUTSIDE;BDBATOUT;None;1;MALE;MALE;NEUTRAL;BDBATOUT;None;;None;None;;;;;;;;;;0;bg1;Bat
BDBATTUK;HUMANOID;HOBGOBLIN;FIGHTER;HOBGOBLIN;BDBATTUK;BDBATTUK;6;MALE;MALE;NEUTRAL;BDBATTUK;;SHOUT;BDFIGH01;;HELM11;;;;;BOW01;SW1H01;;;420;bg1;Battuks
BDBCHICK;ANIMAL;NO_RACE;FOOD_CREATURE;CHICKEN_BROWN;None;None;1;MALE;MALE;NEUTRAL;None;None;None;None;WDRUNSGT;;;;;;;;;;1;bg1;Chicken
BDBDOG;ANIMAL;DOG;DOG_WILD;DOG_WILD;BDBDOG;;1;MALE;MALE;NEUTRAL;BDBDOG;;;;dw1melmo;;;;;;P1-4;;;;35;bg1;Wild Dog
BDBEARBL;ANIMAL;BEAR;BEAR_BLACK;BEAR_BLACK;BDBEARBL;;3;MALE;MALE;NEUTRAL;;BEAR;;;dw1melmo;;;;;;B1-6;;;;120;bg1;Black Bear
BDBEARBN;ANIMAL;BEAR;BEAR_BROWN;BEAR_BROWN;BDBEARBR;;6;MALE;MALE;NEUTRAL;;BEAR;BDENRAGE;;dw1melmo;;;;;;S1-8;;;;270;bg1;Brown Bear
BDBEARBR;ANIMAL;BEAR;BEAR_BROWN;BEAR_BROWN;BDBEARBR;;6;MALE;MALE;ENEMY;;BDENSHTV;;;BDNONIN;;;;;;S1-8;;;;420;bg1;Grizzly Bear
BDBEARCA;ANIMAL;BEAR;BEAR_CAVE;BEAR_CAVE;BDBEARCA;;9;MALE;MALE;ENEMY;;;BDENRAGE;;dw1melmo;;;;;;S1-12;;;;975;bg1;Cave Bear
BDBEETBH;ANIMAL;BEETLE;HUNTER_CREATURE;BEETLE_BORING;BDBEETBH;;5;NIETHER;MALE;ENEMY;;BDENSHTV;;;BDNONIN;;;;;;S5-20;;;;175;bg1;Boring Beetle
BDBEETBM;ANIMAL;BEETLE;HUNTER_CREATURE;BEETLE_BOMBARDIER;BDBEETBM;;2;NIETHER;MALE;NEUTRAL;;;BDBBCLD;;;;;;;;S1-12;;;;120;bg1;Bombardier Beetle
BDBEETBR;ANIMAL;BEETLE;HUNTER_CREATURE;BEETLE_BORING;BDBEETBR;;5;NIETHER;MALE;NEUTRAL;;;BDBEETBR;;;;;;;;S5-20;;;;175;bg1;Boring Beetle
BDBEETFM;ANIMAL;BEETLE;HUNTER_CREATURE;BEETLE_FIRE;;;1;NIETHER;MALE;NEUTRAL;;;;HUNTER;BDNONIN;;;;;;P2-8;;;;35;bg1;Fire Beetle
BDBEETMH;ANIMAL;BEETLE;HUNTER_CREATURE;BEETLE_BOMBARDIER;BDBEETMH;;2;NIETHER;MALE;ENEMY;;;BDBEETBM;;;;;;;;S1-12;;;;120;bg1;Bombardier Beetle
BDBEETRH;ANIMAL;BEETLE;HUNTER_CREATURE;BEETLE_RHINOCEROS;BDBEETRH;;12;NIETHER;MALE;NEUTRAL;;;BDBEETRH;;;;;;;;S2-16M2;;;;4000;bg1;Rhinoceros Beetle
BDBELBEN;HUMANOID;HUMAN;FIGHTER;FIGHTER_MALE_HALFORC;BDBELBEN;BDBELBEN;9;MALE;MALE;NEUTRAL;BDBELBEN;;BDSHOUT;BDFIGH01;;HELM01;;;;;SW2H02;;;;1400;bg1;Belben
BDBELEGA;HUMANOID;HALF_ELF;CLERIC_MAGE;CLERIC_MALE_ELF;BDBELEGA;BDBELEGA;8;MALE;MALE;NEUTRAL;BDBELEGA;;BDSHOUT;BDCLMA01;;;;;;;BLUN05;SLNG01;;;2000;bg1;Belegarm
BDBELHIF;MONSTER;DEMONIC;IMP;BELHIFET;BDBELHIF;BDBELHIF;25;MALE;MALE;NEUTRAL;BDBELHIF;;;;;;;;;BDBELHIA;BDBELHI1;BDBELHI2;;;45000;bg1;Belhifet
BDBELLOW;HUMANOID;GNOME;FIGHTER;FIGHTER_MALE_DWARF;BDBELLOW;BDBELLOW;7;MALE;MALE;NEUTRAL;BDBELLOW;;NONE;NONE;BPASIGHT;;;;;;DART03;SW1H04;;;0;bg1;Bellowgulp Bluefingers
BDBELT;HUMANOID;HUMAN;FIGHTER;FIGHTER_MALE_HUMAN;BDBELT;BDBELT;19;MALE;MALE;NEUTRAL;RR#PICKP;;BDSHOUT;BDFIGH01;;;SHLD04;;;MINHP1;SW1H02;;;;6000;bg1;Belt
BDBENCE;HUMANOID;HUMAN;FIGHTER;FIGHTER_MALE_HUMAN;BDBENCE;BDBENCE;9;MALE;MALE;NEUTRAL;BDBENCE;;BDSHOUT;BDFIGH01;;HELM09;SHLD06;BDRING06;;MINHP1;SW1H02;;;;1400;bg1;Bence Duncan
BDBERAHL;HUMANOID;HUMAN;FIGHTER;STATIC_PEASANT_MAN_STOOL;BDBERAHL;BDBERAHL;4;MALE;MALE;NEUTRAL;BDBERAHL;None;None;None;dw1melge;;;;;;SW1H01;;;;100;bg1;Berahli
BDBERTA;HUMANOID;HUMAN;FIGHTER;FIGHTER_FEMALE_HUMAN;BDBERTA;BDBERTA;4;FEMALE;FEMALE;NEUTRAL;RR#PICKP;BDBERTA;None;None;dw1melge;;;;;;;;;;300;bg1;Berta
BDBERTOR;GIANTHUMANOID;OGRE;FIGHTER;OGRE;BDBERTOR;BDBETROR;11;NIETHER;MALE;NEUTRAL;BDBERTOR;BD5200EN;BDSHOUT;BDFIGH01;;;;;;;BLUN07;;;;2000;bg1;Betror
BDBF1;HUMANOID;HUMAN;FIGHTER;FIGHTER_MALE_HUMAN;BDBF1;BDBF1;7;MALE;MALE;NEUTRAL;BDBF1;BDFORT;BDSHOUT;BDFIGH01;;HELM01;;;;;BOW03;SW1H07;;;650;bg1;Zari
BDBF2;HUMANOID;HUMAN;CLERIC;CLERIC_FEMALE_HUMAN;BDBF2;BDBF2;7;FEMALE;FEMALE;NEUTRAL;BDRAYLER;BDFORT;BDSHOUT;BDCLER01;;HELM01;;;;;BLUN02;SLNG01;;;650;bg1;Rayler
BDBF3;HUMANOID;HUMAN;FIGHTER;FIGHTER_FEMALE_HUMAN;NONE;NONE;7;FEMALE;FEMALE;NEUTRAL;RR#PICKP;BDFORT;BDSHOUT;BDFIGH01;NONE;;;;;;;;;;0;bg1;Lexa
BDBF4;HUMANOID;HUMAN;FIGHTER;FIGHTER_MALE_HUMAN;NONE;NONE;7;MALE;MALE;NEUTRAL;RR#PICKP;BDFORT;BDSHOUT;BDFIGH01;NONE;;;;;;;;;;0;bg1;Herdrin
BDBF5;HUMANOID;HUMAN;FIGHTER;FIGHTER_FEMALE_HUMAN;NONE;NONE;7;FEMALE;FEMALE;NEUTRAL;RR#PICKP;BDFORT;BDSHOUT;BDFIGH01;NONE;HELM01;;;;;BOW03;SW1H07;;;0;bg1;Kendra
BDBFIND1;HUMANOID;HUMAN;FIGHTER;SLEEPING_MAN_HUMAN;BDBFORT9;BDBFIND;7;MALE;MALE;NEUTRAL;BDREFBF;BDFORT;BDSHOUT;BDFIGH01;;HELM01;;;;;BOW03;SW1H07;;;420;bg1;Bridgefort Defender
BDBFIND2;HUMANOID;HUMAN;FIGHTER;SLEEPING_WOMAN_HUMAN;BDBFORT9;BDBFIND;7;FEMALE;MALE;NEUTRAL;BDREFBF;BDFORT;BDSHOUT;BDFIGH01;;HELM01;;;;;BOW03;SW1H07;;;420;bg1;Bridgefort Defender
BDBFOR10;HUMANOID;ELF;FIGHTER;FIGHTER_MALE_ELF;BDBFOR10;BDBFORT9;7;MALE;MALE;NEUTRAL;BDTBUDDY;BDFORT;BDSHOUT;BDFIGH01;;;;;;;BOW01;SW1H04;;;420;bg1;Bridgefort Defender
BDBFOR11;HUMANOID;HUMAN;FIGHTER;FIGHTER_MALE_HUMAN;BDBFOR11;BDBFORT9;7;MALE;MALE;NEUTRAL;BDTBUDDY;BDFORT;BDSHOUT;BDFIGH01;;HELM01;;;;;BOW03;SW1H07;;;420;bg1;Bridgefort Defender
BDBFOR12;HUMANOID;HUMAN;FIGHTER_THIEF;THIEF_MALE_HUMAN;BDBFOR12;BDBFORT9;3;MALE;MALE;NEUTRAL;RR#PICKP;BDFORT;BDSHOUT;BDFTHI01;;BDHELM03;;;;;SW1H08;;;;420;bg1;Traveler
BDBFOR13;HUMANOID;HUMAN;PALADIN;CLERIC_FEMALE_HUMAN;BDBFOR13;BDBFORT9;7;FEMALE;FEMALE;NEUTRAL;RR#PICKP;BDFORT;BDSHOUT;BDPAL01;;HELM13;SHLD05A;;;BDAMUL24;SW1H05;;;;420;bg1;Adventurer
BDBFOR14;HUMANOID;HALFLING;FIGHTER;FIGHTER_MALE_HALFLING;BDBFOR14;BDBFORT9;7;MALE;MALE;NEUTRAL;RR#PICKP;BDFORT;BDSHOUT;BDFIGH01;;HELM15;;;;;BOW05;DAGG01;;;420;bg1;Bridgefort Defender
BDBFOR15;HUMANOID;DWARF;CLERIC;CLERIC_MALE_DWARF;BDBFOR15;BDBFORT9;8;MALE;MALE;NEUTRAL;RR#PICKP;BDFORT;BDSHOUT;BDCLER01;;HELM08;SHLD01;;;;BLUN04;SLNG02;;;975;bg1;Traveler
BDBFOR16;HUMANOID;HUMAN;FIGHTER;CLERIC_FEMALE_HUMAN;BDBFOR16;BDBFORT9;6;FEMALE;FEMALE;NEUTRAL;RR#PICKP;BDFORT;BDSHOUT;BDFIGH01;;;;;;;BOW03;BLUN01;;;275;bg1;Bridgefort Defender
BDBFORT;HUMANOID;HUMAN;FIGHTER;FIGHTER_MALE_HUMAN;BDBFORT;BDBFORT;7;MALE;MALE;NEUTRAL;RR#PICKP;BDFORT;BDSHOUT;BDFIGH01;;HELM08;;;;;XBOW01;SW1H07;;;650;bg1;Adirran
BDBFORT2;HUMANOID;HUMAN;FIGHTER;FIGHTER_MALE_HUMAN;BDBFORT2;BDBFORT2;7;MALE;MALE;NEUTRAL;RR#PICKP;BDFORT;BDSHOUT;BDFIGH01;;HELM01;;;;;BOW03;SW1H07;;;420;bg1;Bridgefort Soldier
BDBFORT3;HUMANOID;HUMAN;FIGHTER;FIGHTER_MALE_HUMAN;BDBFORT3;BDBFORT3;7;MALE;MALE;NEUTRAL;RR#PICKP;BDFORT;BDSHOUT;BDFIGH01;;HELM01;;;;;BOW03;SW1H07;;;650;bg1;Bridgefort Guard
BDBFORT4;HUMANOID;HUMAN;FIGHTER;FIGHTER_MALE_HUMAN;BDBFORT4;BDBFORT4;7;MALE;MALE;NEUTRAL;BDBFORT4;;BDSHOUT;BDFIGH01;;HELM01;;;;;BOW03;SW1H07;;;650;bg1;Bridgefort Guard
BDBFORT7;HUMANOID;HALFLING;THIEF;THIEF_MALE_HALFLING;BDBFORT7;BDBFORT7;6;MALE;MALE;NEUTRAL;BDFORTX;;BDSHOUT;BDFIGH01;;;;;;;BOW05;DAGG01;;;420;bg1;Bridgefort Refugee
BDBFORT8;HUMANOID;HUMAN;FIGHTER;FIGHTER_MALE_HUMAN;BDBFORT8;BDBFORT7;6;MALE;MALE;NEUTRAL;BDFORTX;;BDSHOUT;BDFIGH01;;HELM01;;;;;AX1H04;SW1H04;;;420;bg1;Bridgefort Refugee
BDBFORT9;HUMANOID;HUMAN;FIGHTER;FIGHTER_MALE_HUMAN;BDBFORT9;BDBFORT9;7;MALE;MALE;NEUTRAL;RR#PICKP;BDFORT;BDSHOUT;BDFIGH01;;HELM01;;;;;BOW03;SW1H07;;;420;bg1;Bridgefort Defender
BDBFSENT;HUMANOID;HUMAN;FIGHTER;FIGHTER_FEMALE_HUMAN;BDBFSENT;BDBFSENT;7;FEMALE;FEMALE;NEUTRAL;RR#PICKP;;BDSHOUT;BDFIGH01;;BDHELM03;;;;;XBOW04;DAGG01;;;650;bg1;Crusader Sentry
BDBGOBG1;HUMANOID;GOBLIN;FIGHTER;GOBLIN_AXE;BDBGOBG1;;3;SUMMONED;MALE;NEUTRAL;;;;;;BDSPIRIM;;;;IPSION;AX1H02;;;;0;bg1;Goblin Warrior
BDBGOBG2;HUMANOID;GOBLIN;FIGHTER;GOBLIN_CAPTAIN;BDBGOBG2;;5;SUMMONED;MALE;NEUTRAL;;;;;;BDSPIRIM;;;;IPSION;BDGOGH01;;;;0;bg1;Goblin Chieftain
BDBGOBG3;HUMANOID;GOBLIN;FIGHTER;GOBLIN_AXE;BDBGOBG3;;3;SUMMONED;MALE;NEUTRAL;;;;;;BDSPIRIM;;;;IPSION;AX1H02;;;;0;bg1;Goblin Warrior
BDBGUARD;HUMANOID;HALFORC;FIGHTER;FIGHTER_FEMALE_HALFORC;BDBGUARD;BDBGUARD;8;FEMALE;FEMALE;NEUTRAL;BDBGUARD;;;;BDFIGH01;HELM01;;;;;SW2H02;;;;0;bg1;Bodyguard
BDBJARN;GIANTHUMANOID;TROLL;TROLL;TROLL_SMALL;BDBJARN;BDBJARN;8;MALE;MALE;NEUTRAL;BDBJARN;NONE;NONE;;WTATROLL;;;TROLLREG;TROLLIMM;MONHP1;TROLL01;;;;1400;bg1;Bjarn Littleclub
BDBLOCK;HUMANOID;HUMAN;FIGHTER;FIGHTER_MALE_HUMAN;bdblock;None;9;MALE;MALE;NEUTRAL;None;None;None;None;;;;;;;;;;;0;bg1;Commoner
BDBOAR01;ANIMAL;MAMMAL;FOOD_CREATURE;BOAR_ARCTIC;BDBOAR01;;3;MALE;MALE;ENEMY;;BDENSHTV;;;BDNONIN;;;;;;P3-12M4;;;;175;bg1;White Boar
BDBOAR02;ANIMAL;MAMMAL;FOOD_CREATURE;BOAR_WILD;BDBOAR01;;3;MALE;MALE;ENEMY;;BDENSHTV;;;BDNONIN;;;;;;P3-12M4;;;;175;bg1;Wild Boar
BDBOAR03;ANIMAL;MAMMAL;FOOD_CREATURE;BOAR_WILD;BDBOAR03;;7;MALE;MALE;ENEMY;;BDENSHTV;;;BDNONIN;;;;;;P3-18M3;;;;420;bg1;Old Boar
BDBONBAT;UNDEAD;SKELETON;NO_CLASS;BONEBAT;;;5;MALE;MALE;ENEMY;;BDENSHTV;;;BDNONIN;;;RING95;;;BDBONBAT;;;;975;bg1;Bonebat
BDBONEFI;MONSTER;DEMONIC;IMP;SKELETON_FIEND;BDBONEFI;;5;MALE;MALE;ENEMY;;BDENSHTV;BDBONEFI;;BDFIG00;;;;RINGDEMN;;BDBONEFI;;;;7000;bg1;Bone Fiend
BDBOY;HUMANOID;HUMAN;INNOCENT;BOY;BDBOY;;1;MALE;MALE;NEUTRAL;BDCRWDE;None;None;None;;;;;;;;;;;7;bg1;Boy
BDBRAT;ANIMAL;NO_RACE;NO_CLASS;RAT;BDBRAT;;1;MALE;MALE;NEUTRAL;;;;;;;;;;;;;;;1;bg1;Rat
BDBRESS;ANIMAL;NO_RACE;NO_CLASS;HORSE;BDBRESS;;1;MALE;FEMALE;NEUTRAL;BDHORSES;;;;;;;;;;;;;;1;bg1;Bress
BDBRIDG1;HUMANOID;HALFORC;FIGHTER;FIGHTER_MALE_HALFORC;BDBRIDGE;BDBRIDGE;6;MALE;MALE;NEUTRAL;BDBRIDGE;BD2000EN;BDSHOUT;BDFIGH23;;BDHELM03;SHLD01;;;;SW1H07;;;;275;bg1;Bridge Guard
BDBRIDGE;HUMANOID;DWARF;FIGHTER;FIGHTER_MALE_DWARF;BDBRIDGE;BDBRIDGE;6;MALE;MALE;NEUTRAL;BDBRIDGE;BD2000EN;BDSHOUT;bdfigh10;;HELM01;;;;;XBOW04;HAMM01;;;275;bg1;Bridge Guard
BDBRIELL;HUMANOID;HUMAN;FIGHTER;FIGHTER_FEMALE_HUMAN;BDBRIELL;BDBRIELL;7;FEMALE;FEMALE;NEUTRAL;BDBRIELL;BDFIST;BDSHOUT;BDFIGH01;;HELM09;SHLD01;;;;SW1H04;;;;650;bg1;Brielle
BDBRONZE;GIANTHUMANOID;GOLEM;FIGHTER;ANIMATED_PLATE_BRONZE;BDBRONZE;;9;MALE;MALE;ENEMY;;BDENSHTV;;;BDNONIN;HELMNOAN;;RING95;BDCONSTR;SEEALL;BDSW2H02;;;;5000;bg1;Bronze Sentry
BDBSENT1;HUMANOID;HUMAN;FIGHTER;FIGHTER_MALE_HUMAN;BDBSENT1;BDBSENT1;7;BOTH;MALE;NEUTRAL;BDBSENT1;BD2000EN;BDSHOUT;bdfigh10;;HELM01;SHLD05;;;;BLUN06;;;;650;bg1;Crusader Guard
BDBSQUIR;ANIMAL;NO_RACE;NO_CLASS;SQUIRREL;BDBSQUIR;;1;MALE;MALE;NEUTRAL;;;;;;;;;;;;;;;1;bg1;Squirrel
BDBUGB01;HUMANOID;BUGBEAR;FIGHTER;BUGBEAR;BDBUGB01;NONE;4;MALE;MALE;ENEMY;NONE;NONE;BDSHOUT;BDFIGH01;NONE;;;;;;BLUN04;;;;175;bg1;Bugbear
BDBUGB02;HUMANOID;BUGBEAR;FIGHTER;BUGBEAR;BDBUGB02;NONE;4;MALE;MALE;ENEMY;NONE;NONE;BDSHOUT;BDFIGH01;NONE;;;;;;BLUN06;;;;175;bg1;Bugbear
BDBUGB03;HUMANOID;BUGBEAR;FIGHTER;BUGBEAR;BDBUGB03;NONE;4;MALE;MALE;ENEMY;NONE;NONE;BDSHOUT;BDFIGH01;NONE;;;;;;BLUN02;;;;175;bg1;Bugbear
BDBUGB04;HUMANOID;BUGBEAR;FIGHTER_THIEF;BUGBEAR;BDBUGB04;NONE;4;MALE;MALE;ENEMY;NONE;NONE;BDSHOUT;BDFTHI01;NONE;;;;;;BLUN01;;;;270;bg1;Bugbear Stalker
BDBUGB10;HUMANOID;BUGBEAR;FIGHTER;BUGBEAR;BDBUGB10;NONE;5;MALE;MALE;ENEMY;NONE;NONE;BDSHOUT;BDFIGH01;NONE;;;;;;BLUN02;;;;270;bg1;Bugbear Veteran
BDBUGB11;HUMANOID;BUGBEAR;FIGHTER;BUGBEAR;BDBUGB11;NONE;5;MALE;MALE;ENEMY;NONE;NONE;BDSHOUT;BDFIGH01;NONE;;;;;;HAMM01;;;;270;bg1;Bugbear Veteran
BDBUGB12;HUMANOID;BUGBEAR;FIGHTER;BUGBEAR_CAPTAIN;BDBUGB12;NONE;6;MALE;MALE;ENEMY;NONE;NONE;BDSHOUT;BDFIGH01;NONE;;;;;;BLUN07;;;;420;bg1;Bugbear Warleader
BDBUGB20;HUMANOID;BUGBEAR;CLERIC;BUGBEAR_SHAMAN;BDBUGB20;NONE;6;MALE;MALE;ENEMY;NONE;NONE;BDSHOUT;BDCLER01;NONE;;;;;;BLUN01;;;;650;bg1;Bugbear Shaman
BDBUGB21;HUMANOID;BUGBEAR;CLERIC;BUGBEAR_SHAMAN;BDBUGB21;NONE;7;MALE;MALE;ENEMY;NONE;NONE;BDSHOUT;BDCLER01;NONE;;;;;;BLUN36;;;;975;bg1;Bugbear Elder
BDBWOOSH;HUMANOID;NO_RACE;NO_CLASS;RAT_OUTSIDE;BDBWOOSH;BDBWOOSH;1;NIETHER;NIETHER;NEUTRAL;;;;;;;;;MAGE01;IMOENHP1;;;;;0;bg1;
BDBYZON;HUMANOID;HUMAN;INNOCENT;PEASANT_MAN;BDBYZON;BDBYZON;1;MALE;MALE;NEUTRAL;BDBYZON;None;None;None;None;;;;;;;;;;15;bg1;Byzon
BDCABAL1;HUMANOID;HUMAN;CLERIC_MAGE;BELHIFET_PRIEST;BDCABAL1;BDCABAL;3;MALE;MALE;NEUTRAL;RR#PICKP;;BDSHOUT;BDMAGE01;;;;;;;;;;;120;bg1;Priest
BDCAELA2;HUMANOID;AASIMAR;PALADIN;FIGHTER_FEMALE_HUMAN;BDCAELAR;BDCAELAR;15;FEMALE;FEMALE;ENEMY;BDCAELAR;;;BDCAELAC;;BDHELMCA;BDSHLDCA;;;;BDSW1HCA;;;;15000;bg1;Caelar Argent
BDCAELA3;HUMANOID;AASIMAR;FIGHTER;FIGHTER_FEMALE_HUMAN;BDCAELAR;BDCAELAR;15;FEMALE;FEMALE;NEUTRAL;BDCAELAR;;;BDCAELAC;;BDHELMCA;BDSHLDCA;;;MONHP1;BDSW1HCA;;;;15000;bg1;Caelar Argent
BDCAELAR;HUMANOID;AASIMAR;FIGHTER;FIGHTER_FEMALE_HUMAN;BDCAELAR;BDCAELAR;15;FEMALE;FEMALE;NEUTRAL;BDCAELAR;;;BDCAELAC;;BDHELMCA;BDSHLDCA;;;MINHP1;BDSW1HCA;;;;15000;bg1;Caelar Argent
BDCAELD;HUMANOID;NO_RACE;NO_CLASS;RAT;BDCAELD;BDCAELAR;1;NIETHER;MALE;NEUTRAL;NONE;NONE;NONE;NONE;NONE;;;;MAGE01;IMOENHP1;;;;;0;bg1;Caelar Argent
BDCAGE;HUMANOID;HUMAN;FIGHTER;FIGHTER_MALE_HUMAN;BDCAGE;BDCAGE;6;MALE;MALE;NEUTRAL;BDCAGE;BD2000EN;BDSHOUT;BDFIGH01;;HELM01;SHLD01;;;;AX1H04;AX1H01;;;275;bg1;Crusader Guard
BDCAGE1;HUMANOID;HUMAN;FIGHTER_THIEF;THIEF_FEMALE_HALFLING;BDCAGE;BDCAGE;6;FEMALE;FEMALE;NEUTRAL;BDCAGE;BD2000EN;BDSHOUT;BDFTHI01;;HELM01;;;;;SW1H07;;;;275;bg1;Crusader Guard
BDCAMPBE;HUMANOID;HUMAN;FIGHTER;FIGHTER_MALE_HUMAN;BDCAMPBE;BDBFORT9;9;MALE;MALE;NEUTRAL;RR#PICKP;BDFORT;BDSHOUT;BDFIGH01;;HELM10;SHLD06;;;;SW1H05;;;;1400;bg1;Bridgefort Defender
BDCAMPF1;HUMANOID;HUMAN;INNOCENT;STATIC_FAT_MAN;BDCAMPF1;BDCAMPF;1;MALE;MALE;NEUTRAL;RR#PICKP;BDREFG;NONE;NONE;NONE;;;;;;;;;;15;bg1;Camp Follower
BDCAMPF2;HUMANOID;HUMAN;INNOCENT;STATIC_FAT_WOMAN;BDCAMPF2;BDCAMPF;1;FEMALE;MALE;NEUTRAL;RR#PICKP;BDREFG;NONE;NONE;NONE;;;;;;;;;;15;bg1;Camp Follower
BDCAMPF3;HUMANOID;HUMAN;INNOCENT;FIGHTER_FEMALE_HALFLING;BDCAMPF3;BDCAMPF;1;FEMALE;MALE;NEUTRAL;RR#PICKP;BDREFG;NONE;NONE;NONE;;;;;;;;;;15;bg1;Camp Follower
BDCAMPF4;HUMANOID;HUMAN;INNOCENT;FIGHTER_MALE_HALFLING;BDCAMPF4;BDCAMPF;1;MALE;MALE;NEUTRAL;RR#PICKP;BDREFG;NONE;NONE;NONE;;;;;;;;;;15;bg1;Camp Follower
BDCAMPF5;HUMANOID;HUMAN;INNOCENT;CLERIC_MALE_HUMAN;BDCAMPF5;BDCAMPF;1;MALE;MALE;NEUTRAL;RR#PICKP;BDREFG;NONE;NONE;NONE;;;;;;;;;;15;bg1;Camp Follower
BDCAMPF6;HUMANOID;HUMAN;INNOCENT;CLERIC_FEMALE_HUMAN;BDCAMPF6;BDCAMPF;1;FEMALE;MALE;NEUTRAL;RR#PICKP;BDREFG;NONE;NONE;NONE;;;;;;;;;;15;bg1;Camp Follower
BDCARLIN;UNDEAD;SPECTRE;INNOCENT;NOBLE_WOMAN;BDCARLIN;BDCARLIN;3;SUMMONED;FEMALE;NEUTRAL;SHOUTDLG;BDCARLIN;MAGE5;WTRUNBE;;;;;;;BDSW1H16;;;;1;bg1;Carline
BDCATAPU;HUMANOID;NO_RACE;NO_CLASS;BIRD;BDCATAPU;NONE;1;NIETHER;MALE;NEUTRAL;NONE;NONE;NONE;NONE;NONE;;;;MAGE01;IMOENHP1;;;;;0;bg1;
BDCCARC1;HUMANOID;HUMAN;RANGER;FIGHTER_FEMALE_HUMAN;BDCCARC1;;7;FEMALE;FEMALE;NEUTRAL;;NONE;NONE;NONE;;HELM01;;;;;BOW03;SW1H05;;;420;bg1;Crusader Archer
BDCCCAE;HUMANOID;AASIMAR;PALADIN;FIGHTER_FEMALE_HUMAN;BDCCCAE;BDCCCAE;18;FEMALE;FEMALE;NEUTRAL;;;;;;BDHELMCA;BDSHLDCA;;;;BDSW1HCA;;;;5000;bg1;Caelar Argent
BDCCCLE1;HUMANOID;HALFLING;CLERIC;CLERIC_FEMALE_HALFLING;BDCCCLE1;;7;FEMALE;FEMALE;NEUTRAL;;NONE;NONE;NONE;;HELM01;SHLD08;;;;SLNG01;;;;650;bg1;Crusader Cleric
BDCCCOR;HUMANOID;HUMAN;RANGER;FIGHTER_FEMALE_HUMAN;BDCCCOR;BDCCCOR;9;FEMALE;FEMALE;NEUTRAL;;;;;;HELM13;;;MINHP1;;SW1H04;BOW01;;;3000;bg1;Corwin
BDCCGIRL;HUMANOID;HUMAN;INNOCENT;GIRL;BDCCGIRL;BDCCGIRL;1;FEMALE;FEMALE;NEUTRAL;;NONE;NONE;NONE;NONE;;;;;;;;;;15;bg1;Girl
BDCCHOB1;HUMANOID;HOBGOBLIN;FIGHTER;HOBGOBLIN;BDCCHOB1;;7;MALE;MALE;NEUTRAL;;;;;;HELM01;;;;;SW1H01;;;;420;bg1;Mercenary
BDCCHOB2;HUMANOID;HOBGOBLIN;FIGHTER;HOBGOBLIN;BDCCHOB2;;4;MALE;MALE;NEUTRAL;;;;;;BDHELM03;;;;;AX1H01;;;;0;bg1;Crusader Recruit
BDCCIMO;HUMANOID;HUMAN;THIEF;THIEF_FEMALE_HUMAN;BDCCIMO;BDCCIMO;6;FEMALE;FEMALE;NEUTRAL;;;None;None;;;;;;;BOW05;SW1H07;;;0;bg1;Imoen
BDCCIRE;HUMANOID;ELF;MAGE;MONK;BDCCIRE;BDCCIRE;30;MALE;MALE;NEUTRAL;;;;;;;;MINHP1;;;STAF01;;;;26000;bg1;Hooded Man
BDCCKOB1;HUMANOID;KOBOLD;KOBOLD;KOBOLD;BDCCKOB1;;1;MALE;MALE;NEUTRAL;NONE;NONE;NONE;NONE;;;;;;;BOW05;;;;0;bg1;Crusader Recruit
BDCCMAG1;HUMANOID;HUMAN;MAGE;MAGE_FEMALE_HUMAN;BDCCMAG1;;7;FEMALE;FEMALE;NEUTRAL;;NONE;NONE;NONE;;;;;;;STAF02;;;;650;bg1;Crusader Mage
BDCCMAG2;HUMANOID;GNOME;MAGE;MAGE_MALE_GNOME;BDCCMAG2;;7;MALE;MALE;NEUTRAL;;NONE;NONE;NONE;;;;;;;DART01;;;;650;bg1;Crusader Mage
BDCCOFF1;HUMANOID;DWARF;FIGHTER;FIGHTER_FEMALE_DWARF;BDCCOFF1;;7;FEMALE;FEMALE;NEUTRAL;;;;;;HELM01;SHLD15;;;;AX1H02;;;;650;bg1;Crusader Officer
BDCCOFF2;HUMANOID;HUMAN;FIGHTER;FIGHTER_MALE_HUMAN;BDCCOFF2;;7;MALE;MALE;NEUTRAL;;NONE;NONE;NONE;;HELM01;;;;;HALB02;;;;650;bg1;Crusader Officer
BDCCOGR1;GIANTHUMANOID;OGRE;OGRE;OGRE;BDCCOGR1;;5;NIETHER;MALE;NEUTRAL;;;;;;;;;;;BLUN06;;;;0;bg1;Ogre Crusader
BDCCORC1;HUMANOID;ORC;CLERIC;ORC_SHAMAN;BDCCORC1;;5;MALE;MALE;NEUTRAL;;;;;;;;;;;STAF01;;;;0;bg1;Orc Crusader
BDCCPEA;HUMANOID;HUMAN;INNOCENT;PEASANT_MAN;BDCCPEA;BDCCPEA;1;MALE;MALE;NEUTRAL;;NONE;NONE;NONE;NONE;;;;;;;;;;15;bg1;Peasant
BDCCRAW1;MONSTER;CARRIONCRAWLER;CARRIONCRAWLER;CARRION_CRAWLER;BDCCRAW1;;3;NIETHER;MALE;ENEMY;;BDENSHTV;;;BDCCRAWL;;;;;;BDCCRAW1;;;;420;bg1;Carrion Crawler
BDCCREC1;HUMANOID;HUMAN;THIEF;THIEF_FEMALE_HUMAN;BDCCREC1;;7;FEMALE;FEMALE;NEUTRAL;;NONE;NONE;NONE;;;;;;;SW1H20;;;;420;bg1;Crusader Recruit
BDCCREC2;HUMANOID;HUMAN;THIEF;THIEF_MALE_HUMAN;BDCCREC2;;7;MALE;MALE;NEUTRAL;;NONE;NONE;NONE;;;DAGG02;;;;DAGG02;;;;420;bg1;Crusader Recruit
BDCCREC3;HUMANOID;HUMAN;FIGHTER;FIGHTER_MALE_HUMAN;BDCCREC3;;7;MALE;MALE;NEUTRAL;;NONE;NONE;NONE;;HELM01;SHLD04;;;;SW1H07;;;;420;bg1;Crusader Recruit
BDCCREF1;HUMANOID;HUMAN;INNOCENT;PEASANT_MAN;BDCCREF1;;1;MALE;MALE;NEUTRAL;;;;;;;;;;;;;;;15;bg1;Refugee
BDCCROH;HUMANOID;HUMAN;INNOCENT;GIRL;BDCCROH;BDCCROH;1;FEMALE;FEMALE;NEUTRAL;;;;;;;;;;MINHP1;;;;;7;bg1;Rohma
BDCCSAR;HUMANOID;HUMAN;SAREVOK;SAREVOK;BDCCSAR;BDCCSAR;15;MALE;MALE;NEUTRAL;;;None;None;None;HELM15;;;;;SW2H05;;;;0;bg1;Sarevok
BDCCSAR1;HUMANOID;HUMAN;FIGHTER;FIGHTER_FEMALE_HUMAN;BDCCSAR1;;8;FEMALE;FEMALE;NEUTRAL;;NONE;NONE;NONE;;HELM01;;;;;XBOW01;;;;0;bg1;Crusader Sergeant
BDCCSOL1;HUMANOID;ELF;FIGHTER;FIGHTER_FEMALE_ELF;BDCCSOL1;;7;FEMALE;FEMALE;NEUTRAL;;NONE;NONE;NONE;;HELM01;SW1H05;;;;SW1H05;;;;420;bg1;Crusader
BDCCSOL2;HUMANOID;HALFORC;FIGHTER;FIGHTER_MALE_HALFORC;BDCCSOL2;;7;MALE;MALE;NEUTRAL;;NONE;NONE;NONE;;;;;;;BLUN01;;;;420;bg1;Crusader
BDCCSOL3;HUMANOID;HUMAN;FIGHTER;FIGHTER_MALE_HUMAN;BDCCSOL3;;7;MALE;MALE;NEUTRAL;;NONE;NONE;NONE;;HELM01;SHLD01;;;;AX1H01;AX1H04;;;420;bg1;Crusader
BDCCSOL4;HUMANOID;HUMAN;MONK;MONK_MALE_HUMAN;BDCCSOL4;;7;MALE;MALE;NEUTRAL;;NONE;NONE;NONE;;;;;;;;;;;420;bg1;Crusader
BDCCSOL5;HUMANOID;HALF_ELF;DRUID;CLERIC_MALE_ELF;BDCCSOL5;;8;MALE;MALE;NEUTRAL;;NONE;NONE;NONE;;;;;;;SPER01;;;;975;bg1;Crusader
BDCCWOM;HUMANOID;HUMAN;INNOCENT;NOBLE_WOMAN;BDCCWOM;BDCCWOM;1;FEMALE;FEMALE;NEUTRAL;;NONE;NONE;NONE;NONE;;;;;;;;;;15;bg1;Woman
BDCHAL01;HUMANOID;ORC;FIGHTER;ORC_ELITE_MELEE;BDCHAL01;BDCRUS;12;MALE;MALE;ENEMY;BDCHALL;;BDSHOUT;BDFIGH32;;HELMNOAN;;;;;AX1H11;;;;3000;bg1;Axe Poet
BDCHAL02;HUMANOID;ELF;FIGHTER;FIGHTER_MALE_ELF;BDCHAL02;BDCRUS;12;MALE;MALE;ENEMY;BDCHALL;;BDSHOUT;BDFIGH33;;HELMNOAN;SW1H05;;;;SW1H41;;;;3000;bg1;Thasz
BDCHAL03;HUMANOID;HUMAN;CLERIC;CLERIC_FEMALE_HUMAN;BDCHAL03;BDCRUS;12;FEMALE;FEMALE;ENEMY;BDCHALL;;BDSHOUT;BDCLER38;;HELM01;SHLD04;;;;BLUN07;SLNG02;;;4000;bg1;Alexandria
BDCHAL04;HUMANOID;HUMAN;MAGE;MAGE_MALE_HUMAN;BDCHAL04;BDCRUS;12;MALE;MALE;ENEMY;BDCHALL;;BDSHOUT;BDMAGE37;;;;;;;STAF02;DART03;;;4000;bg1;Dram
BDCHAL05;HUMANOID;HUMAN;FIGHTER_THIEF;THIEF_FEMALE_HUMAN;BDCHAL05;BDCRUS;9;FEMALE;FEMALE;NEUTRAL;BDCHALL;;BDSHOUT;BDTHIE10;;HELMNOAN;;;;BDAMUL24;DAGG15;DART03;;;5000;bg1;Chloe
BDCHAL06;HUMANOID;DWARF;FIGHTER;FIGHTER_MALE_DWARF;BDCHAL06;BDCRUS;12;MALE;MALE;ENEMY;BDCHALL;;BDSHOUT;BDFIGH34;;HELM01;;;;;XBOW07;HAMM02;;;3000;bg1;Bluebeard
BDCHALME;HUMANOID;HALFLING;INNOCENT;FIGHTER_MALE_HALFLING;BDCHALME;BDCHALME;1;MALE;MALE;NEUTRAL;BDCHALME;NONE;NONE;NONE;WTRUNBE;;;;;;;;;;15;bg1;Chalmers
BDCHARRA;HUMANOID;HUMAN;INNOCENT;HARLOT_WOMAN;BDCHARRA;BDCHARRA;1;FEMALE;FEMALE;NEUTRAL;RR#PICKP;;None;None;;;;;;;;;;;15;bg1;Charra
BDCHESKI;GIANTHUMANOID;OGRE;FIGHTER;OGRE;BDCHESKI;BDCHESKI;7;NIETHER;MALE;NEUTRAL;BDCHESKI;BDOGREPC;;NONE;dw1melbe;;;;;;OGRE1;;;;1400;bg1;Cheski
BDCHICBR;ANIMAL;NO_RACE;FOOD_CREATURE;CHICKEN_BROWN;BDCHICBR;None;1;MALE;MALE;NEUTRAL;None;None;None;None;WDRUNSGT;;;;;;;;;;1;bg1;Brown Rooster
BDCHICKW;ANIMAL;BIRD;FOOD_CREATURE;CHICKEN_WHITE;BDCHICKW;BDCHICKW;1;FEMALE;FEMALE;NEUTRAL;;;;;WDRUNSGT;;;;;;P1-2;;;;1;bg1;Chicken
BDCHICWI;ANIMAL;NO_RACE;FOOD_CREATURE;CHICKEN_WHITE;BDCHICWI;None;1;MALE;MALE;NEUTRAL;None;None;None;None;WDRUNSGT;;;;;;;;;;1;bg1;White Rooster
BDCHILD;MONSTER;DOPPLEGANGER;DOPPLEGANGER_GREATER;GIRL;BDCHILD;BDCHILD;9;NIETHER;MALE;NEUTRAL;BDCHILD;NONE;NONE;NONE;NONE;;;;;MINHP1;;;;;4000;bg1;Girl
BDCHORST;HUMANOID;HUMAN;DRUID;CLERIC_MALE_HUMAN;BDCHORST;BDCHORST;11;MALE;MALE;NEUTRAL;BDENTANG;;BDSHOUT;BDDRUI01;;BDENTANG;;;;;SPER02;SLNG01;;;3000;bg1;Chorster
BDCHUNKS;ANIMAL;RABBIT;FOOD_CREATURE;CHUNKS;BDRAT;None;1;MALE;MALE;NEUTRAL;None;None;WDRUNSGT;None;None;;;;;;;;;;1;bg1;Rat
BDCLARA;HUMANOID;HUMAN;THIEF;THIEF_FEMALE_HUMAN;bdclara;;8;FEMALE;FEMALE;NEUTRAL;;None;None;None;;;;;;;;;;;0;bg1;Clara
BDCLOVI2;HUMANOID;HALFLING;FIGHTER;FIGHTER_FEMALE_HALFLING;BDCLOVIS;BDCLOVIS;6;FEMALE;FEMALE;NEUTRAL;BDADS2;BDASC;BDSHOUT;bdfigh11;;HELM15;;;;;SW1H07;;;;420;bg1;Clovista
BDCLOVIS;HUMANOID;HALFLING;FIGHTER;FIGHTER_FEMALE_HALFLING;BDCLOVIS;BDCLOVIS;6;FEMALE;FEMALE;NEUTRAL;BDCLOVIS;;;;;HELM15;;;;;SW1H07;;;;420;bg1;Clovista
BDCOA01D;HUMANOID;DWARF;FIGHTER;FIGHTER_MALE_DWARF;BDCOA01D;;7;MALE;MALE;NEUTRAL;;;;;;HELM15;SHLD01;;;;HAMM01;;;;420;bg1;Daggerford Militia
BDCOA02D;HUMANOID;HUMAN;FIGHTER;FIGHTER_FEMALE_HUMAN;BDCOA02D;;7;FEMALE;FEMALE;NEUTRAL;;;;;;;;;;;BOW03;DAGG01;;;420;bg1;Daggerford Militia
BDCOA03D;HUMANOID;HUMAN;FIGHTER;FIGHTER_MALE_HUMAN;BDCOA03D;;8;MALE;MALE;NEUTRAL;;;;;;HELM15;BLUN06;;;;BLUN07;;;;975;bg1;Daggerford Sergeant
BDCOA04D;HUMANOID;HUMAN;FIGHTER;FIGHTER_MALE_HUMAN;BDCOA04D;;7;MALE;MALE;NEUTRAL;;;;;;HELM13;;;;;XBOW01;SW1H07;;;650;bg1;Flaming Fist Scout
BDCOA05D;HUMANOID;HUMAN;FIGHTER;FIGHTER_FEMALE_HUMAN;BDCOA05D;;7;FEMALE;FEMALE;NEUTRAL;;;;;;HELM13;SHLD03;;;;SW1H04;;;;420;bg1;Flaming Fist Mercenary
BDCOA06D;HUMANOID;HUMAN;FIGHTER;FIGHTER_MALE_HUMAN;BDCOA06D;;7;MALE;MALE;NEUTRAL;;;;;;HELM01;;;;;HALB01;;;;650;bg1;Waterdhavian Soldier
BDCOASE2;HUMANOID;HUMAN;FIGHTER;FIGHTER_MALE_HUMAN;BDCOASE2;BDCOASEN;7;MALE;MALE;NEUTRAL;BDCOASEN;BDASC2;BDSHOUT;BDFIGH01;;HELM13;;;;;HALB01;;;;420;bg1;Coalition Sentry
BDCOASEN;HUMANOID;HUMAN;FIGHTER;FIGHTER_MALE_HUMAN;BDCOASEN;BDCOASEN;7;MALE;MALE;NEUTRAL;BDCOASEN;BDASC2;BDSHOUT;BDFIGH01;;HELM15;;;;;BOW03;SW1H07;;;420;bg1;Coalition Sentry
BDCOLDH;UNDEAD;LICH;MAGE;MAGE_MALE_GNOME;BDCOLDH;BDCOLDH;18;MALE;MALE;NEUTRAL;;;BDMISC02;BDLICH01;;;;;BDLICH;;LICH02;;;;0;bg1;Coldhearth Lich
BDCOMF1;HUMANOID;HUMAN;INNOCENT;PEASANT_WOMAN;BDCOMF1;;1;0;FEMALE;NEUTRAL;BDCRWDE;None;None;None;None;;;;;;;;;;15;bg1;Commoner
BDCOMF2;HUMANOID;HUMAN;INNOCENT;PEASANT_WOMAN;BDCOMF2;;1;0;FEMALE;NEUTRAL;BDCRWDE;None;None;None;None;;;;;;;;;;15;bg1;Commoner
BDCOMF3;HUMANOID;HUMAN;INNOCENT;PEASANT_WOMAN;BDCOMF3;;1;0;FEMALE;NEUTRAL;BDCRWDE;None;None;None;None;;;;;;;;;;15;bg1;Commoner
BDCOMF4;HUMANOID;HUMAN;INNOCENT;PEASANT_WOMAN;BDCOMF4;;1;0;FEMALE;NEUTRAL;BDCRWDE;None;None;None;None;;;;;;;;;;15;bg1;Commoner
BDCOMF5;HUMANOID;HUMAN;INNOCENT;PEASANT_WOMAN;BDCOMF5;;1;0;FEMALE;NEUTRAL;BDCRWDE;None;None;None;None;;;;;;;;;;15;bg1;Commoner
BDCOMF6;HUMANOID;HUMAN;INNOCENT;PEASANT_WOMAN;BDCOMF6;;1;0;FEMALE;NEUTRAL;BDCRWDE;None;None;None;None;;;;;;;;;;15;bg1;Commoner
BDCOMF7;HUMANOID;HUMAN;INNOCENT;PEASANT_WOMAN;BDCOMF7;;1;0;FEMALE;NEUTRAL;BDCRWDE;None;None;None;None;;;;;;;;;;15;bg1;Commoner
BDCOMM1;HUMANOID;HUMAN;INNOCENT;PEASANT_MAN;BDCOMM1;;1;0;MALE;NEUTRAL;BDCRWDE;None;None;None;None;;;;;;;;;;15;bg1;Commoner
BDCOMM2;HUMANOID;HUMAN;INNOCENT;PEASANT_MAN;BDCOMM2;;1;0;MALE;NEUTRAL;BDCRWDE;None;None;None;None;;;;;;;;;;15;bg1;Commoner
BDCOMM3;HUMANOID;HUMAN;INNOCENT;PEASANT_MAN;BDCOMM3;;1;0;MALE;NEUTRAL;BDCRWDE;None;None;None;None;;;;;;;;;;15;bg1;Commoner
BDCOMM4;HUMANOID;HUMAN;INNOCENT;PEASANT_MAN;BDCOMM4;;1;0;MALE;NEUTRAL;BDCRWDE;None;None;None;None;;;;;;;;;;15;bg1;Commoner
BDCOMM5;HUMANOID;HUMAN;INNOCENT;PEASANT_MAN;BDCOMM5;;1;0;MALE;NEUTRAL;BDCRWDE;None;None;None;None;;;;;;;;;;15;bg1;Commoner
BDCOMM6;HUMANOID;HUMAN;INNOCENT;PEASANT_MAN;BDCOMM6;;1;0;MALE;NEUTRAL;BDCRWDE;None;None;None;None;;;;;;;;;;15;bg1;Commoner
BDCOMM7;HUMANOID;HUMAN;INNOCENT;PEASANT_MAN;BDCOMM7;;1;0;MALE;NEUTRAL;BDCRWDE;None;None;None;None;;;;;;;;;;15;bg1;Commoner
BDCONCOC;MONSTER;NO_RACE;NO_CLASS;MYCONID_RED;CONCOCTOR;BDCONCOC;6;MALE;MALE;NEUTRAL;;BDMDEST;;;dw1melmo;;;;;;UMBER01;;;;0;bg1;Concocter
BDCOOGAN;HUMANOID;ELF;RANGER;FIGHTER_FEMALE_ELF;BDCOOGAN;BDCOOGAN;7;FEMALE;FEMALE;NEUTRAL;INITDLG2;;BDSHOUT;BDFIGH01;;;;;;;BOW03;DAGG01;;;420;bg1;Coogan
BDCOOK01;HUMANOID;HUMAN;INNOCENT;PEASANT_MAN;BDCOOK01;;1;MALE;MALE;NEUTRAL;BDCOOK01;None;;None;;;;;;;;;;;5;bg1;Cook
BDCORAN;HUMANOID;ELF;FIGHTER_THIEF;FIGHTER_MALE_ELF;BDCORAN;BDCORAN;6;MALE;MALE;NEUTRAL;BDCORAN;;;;dw1ranth;;;;;;BOW03;SW1H04;;;0;bg1;Coran
BDCORINT;HUMANOID;HUMAN;RANGER;FIGHTER_MALE_HUMAN;BDCORINT;BDCORINT;7;MALE;MALE;NEUTRAL;BDTRIAL;BDDSC2;BDSHOUT;bdfigh11;;;;;;;BDBOW02;SW1H07;;;420;bg1;Corinth
BDCORPSE;HUMANOID;HUMAN;INNOCENT;BEGGAR_MAN;BDCORPSE;;1;MALE;MALE;NEUTRAL;;None;;None;;;;;;;;;;;15;bg1;Beggar
BDCRALRT;HUMANOID;HUMAN;FIGHTER;FIGHTER_MALE_HUMAN;BDCRALRT;BDCRALRT;7;MALE;MALE;NEUTRAL;RR#PICKP;BDDSC;BDSHOUT;BDFIGH01;BDCRALRT;BDHELM03;SHLD05;;;;SW1H04;;;;650;bg1;Crusader
BDCRAWMU;MONSTER;CARRIONCRAWLER;CARRIONCRAWLER;CARRION_CRAWLER;BDCRAWMU;;6;SUMMONED;SUMMONED;ENEMY;NONE;CCRAWLER;NONE;NONE;NONE;;;;;;CARRIO1;;;;420;bg1;Mutated Crawler
BDCROMMU;UNDEAD;SPECTRE;BARD;THIEF_MALE_HUMAN;BDCROMMU;BDCROMMU;3;SUMMONED;MALE;NEUTRAL;BDCROMMU;;;;dw#mg22;;;;;;SW1H20;;;;2000;bg1;Crommus
BDCROWD;HUMANOID;HUMAN;INNOCENT;PEASANT_WOMAN;BDCOMF3;BDCROWD;1;FEMALE;FEMALE;NEUTRAL;BDCRWDE;NONE;NONE;NONE;NONE;;;;;;;;;;15;bg1;Commoner
BDCROWDM;HUMANOID;HUMAN;INNOCENT;PEASANT_MAN;BDCROWDM;BDCROWDM;1;MALE;MALE;NEUTRAL;BDCRWDE;NONE;NONE;NONE;NONE;;;;;;;;;;15;bg1;Commoner
BDCRSIT1;HUMANOID;HUMAN;FIGHTER;STATIC_PEASANT_MAN_MATTE;BDCRSIT1;BDCRUS;7;MALE;MALE;NEUTRAL;RR#PICKP;;BDSHOUT;BDFIGH01;;HELM01;;;;;XBOW04;DAGG01;;;650;bg1;Crusader
BDCRU01D;HUMANOID;HUMAN;RANGER;FIGHTER_FEMALE_HUMAN;BDCRU01D;;6;FEMALE;FEMALE;NEUTRAL;;NONE;NONE;NONE;;;;;;;BOW03;SW1H05;;;0;bg1;Crusader Archer
BDCRU02D;HUMANOID;HOBGOBLIN;FIGHTER;HOBGOBLIN;BDCRU02D;;4;MALE;MALE;NEUTRAL;;;;;;BDHELM03;;;;;HALB01;;;;0;bg1;Crusader Recruit
BDCRU03D;HUMANOID;HUMAN;FIGHTER;FIGHTER_MALE_HUMAN;BDCRU03D;;7;MALE;MALE;NEUTRAL;;NONE;NONE;NONE;;BDHELM03;;;;;HALB02;;;;0;bg1;Crusader Officer
BDCRU04D;HUMANOID;HUMAN;THIEF;THIEF_FEMALE_HUMAN;BDCRU04D;;7;FEMALE;FEMALE;NEUTRAL;;NONE;NONE;NONE;;;;;;;SW1H20;;;;0;bg1;Crusader Recruit
BDCRU05D;HUMANOID;ELF;FIGHTER;FIGHTER_FEMALE_ELF;BDCRU05D;;7;FEMALE;FEMALE;NEUTRAL;;NONE;NONE;NONE;;;SW1H05;;;;SW1H05;;;;0;bg1;Crusader
BDCRU06D;HUMANOID;HALFORC;FIGHTER;FIGHTER_MALE_HALFORC;BDCRU06D;;7;MALE;MALE;NEUTRAL;;NONE;NONE;NONE;;;;;;;BLUN01;;;;0;bg1;Crusader
BDCRU07D;HUMANOID;HUMAN;MONK;MONK_MALE_HUMAN;BDCRU07D;;7;MALE;MALE;NEUTRAL;;NONE;NONE;NONE;;;;;;;;;;;0;bg1;Crusader
BDCRU08D;HUMANOID;HALF_ELF;DRUID;CLERIC_MALE_ELF;BDCRU08D;;8;MALE;MALE;NEUTRAL;;NONE;NONE;NONE;;;;;;;SPER01;;;;0;bg1;Crusader
BDCRU100;HUMANOID;GNOME;THIEF;THIEF_FEMALE_GNOME;BDCRU100;BDCRUS;6;FEMALE;FEMALE;NEUTRAL;BD5200EN;;BDSHOUT;BDTHIE10;;;;;;;SW1H07;BOW05;;;275;bg1;Crusader Recruit
BDCRU101;HUMANOID;ORC;FIGHTER;ORC_MELEE;BDCRU101;BDCRUS29;7;MALE;MALE;NEUTRAL;BD5200EN;;BDSHOUT;bdfigh11;;;;;;;AX1H01;;;;420;bg1;Mercenary
BDCRU102;HUMANOID;HOBGOBLIN;FIGHTER;HOBGOBLIN;BDCRU102;BDCRUS29;7;MALE;MALE;NEUTRAL;BD5200EN;;BDSHOUT;bdfigh10;;BDHELM03;;;;;SW1H01;;;;420;bg1;Mercenary
BDCRU103;HUMANOID;GNOLL;FIGHTER;GNOLL;BDCRU103;BDCRUS29;7;MALE;MALE;NEUTRAL;BD5200EN;;BDSHOUT;bdfigh10;;HELM01;;;;;HALB01;;;;650;bg1;Mercenary
BDCRU104;HUMANOID;ORC;FIGHTER;OROG_ELITE;BDCRU104;BDCRUS29;7;MALE;MALE;NEUTRAL;BD5200EN;;BDSHOUT;bdfigh10;;;;;;;SW2H01;;;;650;bg1;Mercenary
BDCRU105;HUMANOID;HUMAN;FIGHTER;FIGHTER_MALE_HUMAN;BDCRU105;BDCRUS;9;MALE;MALE;NEUTRAL;BD5200EN;;BDSHOUT;BDFIGH01;;HELM01;SHLD06;;;;SW1H02;;;;975;bg1;Crusader Officer
BDCRU106;HUMANOID;DWARF;CLERIC;CLERIC_MALE_DWARF;BDCRU106;BDCRUS;9;MALE;MALE;NEUTRAL;BD5200EN;;BDSHOUT;BDCLER20;;HELM01;SHLD01;;;;BLUN04;SLNG01;;;1400;bg1;Crusader Cleric
BDCRU107;HUMANOID;HUMAN;CLERIC;CLERIC_FEMALE_HUMAN;BDCRU107;BDCRUS;9;FEMALE;FEMALE;NEUTRAL;BD5200EN;;BDSHOUT;BDCLER21;;HELM01;;;;;BLUN02;;;;1400;bg1;Crusader Cleric
BDCRU108;HUMANOID;HUMAN;MONK;MONK_MALE_HUMAN;BDCRU108;BDCRUS;9;MALE;MALE;NEUTRAL;BD5200EN;NONE;BDSHOUT;BDMONK01;NONE;;;;;;MFIST4;;;;975;bg1;Crusader
BDCRU109;HUMANOID;HUMAN;MAGE;MAGE_MALE_HUMAN;BDCRU109;BDCRUS;9;MALE;MALE;NEUTRAL;BD5200EN;;BDSHOUT;BDMAGE23;;;;;;;DAGG02;DART03;;;1400;bg1;Crusader Mage
BDCRU110;HUMANOID;HUMAN;FIGHTER;FIGHTER_MALE_HUMAN;BDCRU110;BDCRMERC;7;MALE;MALE;NEUTRAL;RR#PICKP;;BDSHOUT;BDFIGH01;;BDHELM03;SHLD01;;;;AX1H04;AX1H01;;;650;bg1;Mercenary
BDCRU111;HUMANOID;HUMAN;FIGHTER;FIGHTER_MALE_HUMAN;BDCRU111;BDCRUS29;9;MALE;MALE;NEUTRAL;RR#PICKP;;BDSHOUT;BDFIGH01;;BDHELM03;SW1H02;;;;SW1H02;;;;1400;bg1;Mercenary Captain
BDCRU112;HUMANOID;HUMAN;FIGHTER;FIGHTER_MALE_HUMAN;BDCRU112;BDCRUS;9;MALE;MALE;NEUTRAL;RR#PICKP;;BDSHOUT;BDFIGH01;;;;;;;SW1H43;;;;1400;bg1;Kara-Turan Mercenary
BDCRU114;HUMANOID;ELF;THIEF;FIGHTER_FEMALE_ELF;BDCRU114;BDCRUS;7;FEMALE;MALE;NEUTRAL;RR#PICKP;;BDSHOUT;BDTHIE10;;;;;;;SW1H20;DART03;;;420;bg1;Mercenary
BDCRU115;HUMANOID;KOBOLD;FIGHTER;KOBOLD;BDCRU115;BDCRUS29;6;MALE;MALE;NEUTRAL;RR#PICKP;;BDSHOUT;bdfigh10;;;;;;;BOW05;SW1H07;;;275;bg1;Mercenary
BDCRU116;HUMANOID;KOBOLD;THIEF;KOBOLD;BDCRU116;BDCRUS29;7;MALE;MALE;NEUTRAL;RR#PICKP;;BDSHOUT;BDFTHI20;;;;;;;SW1H07;;;;420;bg1;Mercenary
BDCRU117;HUMANOID;HOBGOBLIN;FIGHTER;HOBGOBLIN;BDCRU117;BDCRUS29;7;MALE;MALE;NEUTRAL;RR#PICKP;;BDSHOUT;BDFIGH01;;BDHELM03;;;;;BOW03;DAGG01;;;420;bg1;Mercenary
BDCRU118;HUMANOID;ORC;FIGHTER;ORC_RANGE;BDCRU118;BDCRUS29;7;MALE;MALE;NEUTRAL;RR#PICKP;;BDSHOUT;BDFIGH01;;;;;;;BOW03;AX1H01;;;420;bg1;Mercenary
BDCRU120;HUMANOID;ELF;CLERIC;CLERIC_MALE_ELF;BDCRU120;BDCRUS;9;MALE;MALE;NEUTRAL;RR#PICKP;;BDSHOUT;BDCLER01;;;;;;;BLUN04;;;;1400;bg1;Crusader Cleric
BDCRU121;HUMANOID;HALFLING;CLERIC;CLERIC_FEMALE_HALFLING;BDCRU121;BDCRUS;9;FEMALE;FEMALE;NEUTRAL;RR#PICKP;;BDSHOUT;BDCLER01;;HELM01;SHLD01;;;;HAMM01;SLNG01;;;1400;bg1;Crusader Cleric
BDCRU122;HUMANOID;HUMAN;MAGE;MAGE_MALE_HUMAN;BDCRU122;BDCRUS;9;MALE;MALE;NEUTRAL;RR#PICKP;;BDSHOUT;BDMAGE01;;;;;;;STAF01;DART03;;;1400;bg1;Crusader Mage
BDCRU123;HUMANOID;GNOME;MAGE;MAGE_FEMALE_GNOME;BDCRU123;BDCRUS;9;FEMALE;FEMALE;NEUTRAL;BD5200EN;;BDSHOUT;BDMAGE01;;;;;;;DAGG01;SLNG01;;;1400;bg1;Crusader Mage
BDCRU40;HUMANOID;HUMAN;RANGER;FIGHTER_MALE_HUMAN;BDCRU40;BDCRUS;7;MALE;MALE;NEUTRAL;BDDSC;BDCRUSDS;BDSHOUT;bdfigh11;;HELM01;;;;;BOW03;SW1H07;;;420;bg1;Crusader Archer
BDCRU41;HUMANOID;DWARF;FIGHTER;FIGHTER_FEMALE_DWARF;BDCRU41;BDCRUS;7;FEMALE;FEMALE;NEUTRAL;BDDSC;BDCRUSDS;BDSHOUT;bdfigh10;;HELM01;SHLD03;;;;AX1H01;;;;420;bg1;Crusader
BDCRU42;HUMANOID;ELF;FIGHTER;FIGHTER_MALE_ELF;BDCRU42;BDCRUS;7;MALE;MALE;NEUTRAL;BDDSC;BDCRUSDS;BDSHOUT;bdfigh10;;HELM01;SHLD03A;;;;SW1H04;;;;420;bg1;Crusader
BDCRU43;HUMANOID;HUMAN;FIGHTER;FIGHTER_FEMALE_HUMAN;BDCRU43;BDCRUS;6;FEMALE;FEMALE;NEUTRAL;BDDSC;BDCRUSDS;BDSHOUT;bdfigh10;;HELM01;;;;;BOW05;DAGG01;;;275;bg1;Crusader Recruit
BDCRU44;HUMANOID;HALFLING;THIEF;THIEF_MALE_HALFLING;BDCRU44;BDCRUS;7;MALE;MALE;NEUTRAL;BDDSC;BDCRUSDS;BDSHOUT;BDTHIE10;;;;;;;SW1H07;DART03;;;420;bg1;Crusader Recruit
BDCRU45;HUMANOID;ORC;FIGHTER;ORC_MELEE;BDCRU45;BDCRUS;7;MALE;MALE;NEUTRAL;BDDSC;BDCRUSDS;BDSHOUT;bdfigh11;;;;;;;AX1H01;;;;420;bg1;Mercenary
BDCRU46;HUMANOID;HOBGOBLIN;FIGHTER;HOBGOBLIN;BDCRU46;BDCRUS;7;MALE;MALE;NEUTRAL;BDDSC;BDCRUSDS;BDSHOUT;bdfigh10;;BDHELM03;;;;;BOW03;SW1H07;;;420;bg1;Mercenary
BDCRU47;HUMANOID;GNOLL;FIGHTER;GNOLL;BDCRU47;BDCRUS;7;MALE;MALE;NEUTRAL;BDDSC;BDCRUSDS;BDSHOUT;bdfigh10;;;;;;;HALB01;;;;420;bg1;Mercenary
BDCRU48;HUMANOID;HUMAN;FIGHTER;FIGHTER_MALE_HUMAN;BDCRU48;BDCRUS;8;MALE;MALE;NEUTRAL;BDDSC;BDCRUSDS;BDSHOUT;bdfigh10;;HELM01;;;;;SW2H01;;;;650;bg1;Crusader Sergeant
BDCRU49;HUMANOID;ELF;FIGHTER;FIGHTER_FEMALE_ELF;BDCRU49;BDCRUS;8;FEMALE;FEMALE;NEUTRAL;BDDSC;BDCRUSDS;BDSHOUT;bdfigh10;;HELM01;;;;;BOW01;SW1H04;;;650;bg1;Crusader Sergeant
BDCRU50;HUMANOID;HALFORC;FIGHTER;FIGHTER_MALE_HALFORC;BDCRU50;BDCRUS29;9;MALE;MALE;NEUTRAL;BDDSC;BDCRUSDS;BDSHOUT;BDFIGH31;;BDHELM03;SW1H02;;;;SW1H02;;;;1400;bg1;Mercenary Captain
BDCRU51;HUMANOID;DWARF;CLERIC;CLERIC_FEMALE_DWARF;BDCRU51;BDCRUS;9;FEMALE;FEMALE;NEUTRAL;BDDSC;BDCRUSDS;BDSHOUT;BDCLER26;;HELM01;SHLD01;;;;HAMM01;;;;1400;bg1;Crusader Cleric
BDCRU52;HUMANOID;HUMAN;CLERIC;CLERIC_MALE_HUMAN;BDCRU52;BDCRUS;9;MALE;MALE;NEUTRAL;BDDSC;BDCRUSDS;BDSHOUT;BDCLER27;;HELM01;SHLD01;;;;BLUN06;SLNG01;;;1400;bg1;Crusader Cleric
BDCRU53;HUMANOID;ELF;CLERIC;CLERIC_FEMALE_ELF;BDCRU53;BDCRUS;9;FEMALE;FEMALE;NEUTRAL;BDDSC;BDCRUSDS;BDSHOUT;BDCLER28;;HELM01;;;;;BLUN01;SLNG01;;;1400;bg1;Crusader Cleric
BDCRU54;HUMANOID;HALFLING;CLERIC;CLERIC_MALE_HALFLING;BDCRU54;BDCRUS;9;MALE;MALE;NEUTRAL;BDDSC;BDCRUSDS;BDSHOUT;BDCLER29;;HELM01;SHLD01;;;;BLUN04;SLNG01;;;1400;bg1;Crusader Cleric
BDCRU55;HUMANOID;HUMAN;MAGE;MAGE_MALE_HUMAN;BDCRU55;BDCRUS;9;MALE;MALE;NEUTRAL;BDDSC;BDCRUSDS;BDSHOUT;BDMAGE26;;;;;;;STAF01;DART04;;;1400;bg1;Crusader Mage
BDCRU56;HUMANOID;GNOME;MAGE;MAGE_FEMALE_GNOME;BDCRU56;BDCRUS;9;FEMALE;FEMALE;NEUTRAL;BDDSC;BDCRUSDS;BDSHOUT;BDMAGE27;;;;;;;DAGG01;DART04;;;1400;bg1;Crusader Mage
BDCRU57;HUMANOID;ELF;MAGE;MAGE_MALE_ELF;BDCRU57;BDCRUS;9;MALE;MALE;NEUTRAL;BDDSC;BDCRUSDS;BDSHOUT;BDMAGE28;;;;;;;DAGG01;SLNG01;;;1400;bg1;Crusader Mage
BDCRU58;HUMANOID;HUMAN;MAGE;MAGE_FEMALE_HUMAN;BDCRU58;BDCRUS;9;FEMALE;FEMALE;NEUTRAL;BDDSC;BDCRUSDS;BDSHOUT;BDMAGE29;;;;;;;STAF01;SLNG01;;;1400;bg1;Crusader Mage
BDCRUAF5;HUMANOID;ELF;FIGHTER;FIGHTER_FEMALE_ELF;BDCRUAF5;BDCRUS;7;FEMALE;FEMALE;NEUTRAL;RR#PICKP;;BDSHOUT;BDFIGH01;;HELM01;;;;;BOW03;DAGG01;;;420;bg1;Crusader Archer
BDCRUAM5;HUMANOID;HUMAN;FIGHTER;FIGHTER_MALE_HUMAN;BDCRUAM5;BDCRUS;7;MALE;MALE;NEUTRAL;RR#PICKP;;BDSHOUT;BDFIGH01;;HELM01;;;;;XBOW01;SW1H07;;;420;bg1;Crusader
BDCRUBB1;HUMANOID;HUMAN;FIGHTER;FIGHTER_MALE_HUMAN;BDCRUBB;BDCRUBB1;7;MALE;MALE;NEUTRAL;BDCRUBB;;BDSHOUT;BDFIGH01;;HELM01;SHLD03;;;;SW1H04;;;;420;bg1;Crusader
BDCRUBB2;HUMANOID;HUMAN;FIGHTER;FIGHTER_MALE_HUMAN;BDCRUBB;BDCRUBB2;7;MALE;MALE;NEUTRAL;BDCRUBB;;BDSHOUT;BDFIGH01;;HELM01;;;;;BOW03;SW1H07;;;420;bg1;Crusader Archer
BDCRUBBM;HUMANOID;ELF;MAGE;MAGE_FEMALE_ELF;BDCRUBBM;BDCRUBBM;10;FEMALE;FEMALE;NEUTRAL;BDCRUBB;;BDSHOUT;BDMAGE01;;;;;;;STAF01;;;;2000;bg1;Crusader Mage
BDCRUC41;HUMANOID;HUMAN;CLERIC;CLERIC_FEMALE_HUMAN;BDCRUC41;BDCRUS;10;FEMALE;FEMALE;NEUTRAL;RR#PICKP;BDDSC;BDSHOUT;BDCLER01;;HELM10;SHLD11;;;;BLUN05;SLNG01;;;2000;bg1;Crusader Elite
BDCRUC42;HUMANOID;HUMAN;CLERIC;CLERIC_MALE_HUMAN;BDCRUC42;BDCRUS;8;MALE;MALE;NEUTRAL;RR#PICKP;BDDSC;BDSHOUT;BDCLER30;;;SHLD01;;;;BLUN07;SLNG01;;;975;bg1;Crusader Cleric
BDCRUC43;HUMANOID;HALF_ELF;CLERIC;CLERIC_MALE_ELF;BDCRUC43;BDCRUS;8;MALE;MALE;NEUTRAL;RR#PICKP;BDDSC;BDSHOUT;BDCLER31;;HELM01;SHLD11;;;;BLUN05;SLNG01;;;975;bg1;Crusader Cleric
BDCRUC44;HUMANOID;HUMAN;CLERIC;CLERIC_FEMALE_HUMAN;BDCRUC44;BDCRUS;8;FEMALE;FEMALE;NEUTRAL;RR#PICKP;BDDSC;BDSHOUT;BDCLER32;;HELM01;SHLD03;;;;HAMM02;SLNG01;;;975;bg1;Crusader Cleric
BDCRUC45;HUMANOID;HUMAN;CLERIC;CLERIC_FEMALE_HUMAN;BDCRUC45;BDCRUS;10;FEMALE;FEMALE;NEUTRAL;RR#PICKP;BDDSC;BDSHOUT;BDCLER33;;HELM01;SHLD05;;;;HAMM02;;;;2000;bg1;Crusader Cleric
BDCRUC46;HUMANOID;HUMAN;CLERIC;CLERIC_MALE_HUMAN;BDCRUC46;BDCRUS;10;MALE;MALE;NEUTRAL;RR#PICKP;BDDSC;BDSHOUT;BDCLER34;;HELM01;SHLD03;;;;BLUN04;SLNG02;;;2000;bg1;Crusader Cleric
BDCRUC47;HUMANOID;HUMAN;CLERIC;CLERIC_MALE_HUMAN;BDCRUC47;BDCRUS;10;MALE;MALE;NEUTRAL;RR#PICKP;BDDSC;BDSHOUT;BDCLER35;;HELM01;SHLD03;;;;BLUN02;SLNG01;;;2000;bg1;Crusader Cleric
BDCRUC48;HUMANOID;DWARF;CLERIC;CLERIC_MALE_DWARF;BDCRUC48;BDCRUS;10;MALE;MALE;NEUTRAL;RR#PICKP;BDDSC;BDSHOUT;BDCLER36;;HELM01;SHLD13;;;;HAMM02;SLNG01;;;2000;bg1;Crusader Cleric
BDCRUC49;HUMANOID;HALFLING;CLERIC;CLERIC_FEMALE_HALFLING;BDCRUC49;BDCRUS;10;FEMALE;FEMALE;NEUTRAL;RR#PICKP;BDDSC;BDSHOUT;BDCLER37;;HELM01;SHLD13;;;;BLUN05;SLNG01;;;2000;bg1;Crusader Cleric
BDCRUCM7;HUMANOID;HALFLING;CLERIC;CLERIC_MALE_HALFLING;BDCRUCM7;BDCRUS;7;MALE;MALE;NEUTRAL;RR#PICKP;;BDSHOUT;BDCLER01;;HELM01;SHLD01;;;;SLNG01;BLUN04;;;650;bg1;Crusader Cleric
BDCRUDOG;ANIMAL;DOG;DOG_WILD;DOG_WILD;BDDOG;;1;MALE;MALE;NEUTRAL;;None;None;None;dw1melmo;;;;;;P1-3;;;;15;bg1;Dog
BDCRUE30;HUMANOID;HUMAN;FIGHTER;FIGHTER_FEMALE_HUMAN;BDCRUE30;BDCRUS;7;FEMALE;FEMALE;NEUTRAL;RR#PICKP;BDDSC2;BDSHOUT;BDFIGH01;;HELM01;SHLD03;;;;SW1H05S;;;;650;bg1;Crusader Elite
BDCRUE31;HUMANOID;ELF;FIGHTER;FIGHTER_MALE_ELF;BDCRUE31;BDCRUS;7;MALE;MALE;NEUTRAL;RR#PICKP;BDDSC2;BDSHOUT;BDFIGH25;;HELM01;SHLD04A;;;;SW1H05;;;;650;bg1;Crusader Elite
BDCRUE32;HUMANOID;HUMAN;FIGHTER;FIGHTER_MALE_HUMAN;BDCRUE32;BDCRUS;7;MALE;MALE;NEUTRAL;RR#PICKP;BDDSC2;BDSHOUT;BDFIGH01;;HELM01;;;;;BOW02;SW1H07;;;650;bg1;Crusader Elite
BDCRUE33;HUMANOID;ELF;FIGHTER;FIGHTER_FEMALE_ELF;BDCRUE33;BDCRUS;7;FEMALE;FEMALE;NEUTRAL;RR#PICKP;BDDSC2;BDSHOUT;BDFIGH01;;HELM01;SW1H05;;;;SW1H04;;;;650;bg1;Crusader Elite
BDCRUE34;HUMANOID;HUMAN;FIGHTER;FIGHTER_MALE_HUMAN;BDCRUE34;BDCRUS;7;MALE;MALE;NEUTRAL;RR#PICKP;;BDSHOUT;BDFIGH26;;HELM01;;;;;SW2H02;;;;650;bg1;Crusader Elite
BDCRUE40;HUMANOID;HUMAN;FIGHTER;FIGHTER_MALE_HUMAN;BDCRUE40;BDCRUS;9;MALE;MALE;NEUTRAL;RR#PICKP;BDDSC;BDSHOUT;BDFIGH01;;HELM01;;;;;BOW02;SW1H05;;;1400;bg1;Crusader Elite
BDCRUE41;HUMANOID;HUMAN;FIGHTER;FIGHTER_FEMALE_HUMAN;BDCRUE41;BDCRUS;7;FEMALE;FEMALE;NEUTRAL;RR#PICKP;BDDSC;BDSHOUT;bdfigh10;;HELM01;;;;;BOW02;SW1H07;;;650;bg1;Crusader Elite
BDCRUE42;HUMANOID;HUMAN;FIGHTER;FIGHTER_MALE_HUMAN;BDCRUE42;BDCRUS;7;MALE;MALE;NEUTRAL;RR#PICKP;BDDSC;BDSHOUT;bdfigh10;;HELM01;;;;;SW2H02;;;;650;bg1;Crusader Elite
BDCRUE43;HUMANOID;ELF;FIGHTER;FIGHTER_MALE_ELF;BDCRUE43;BDCRUS;7;MALE;MALE;NEUTRAL;RR#PICKP;BDDSC;BDSHOUT;bdfigh10;;HELM01;;;;;BOW02;SW1H05;;;650;bg1;Crusader Elite
BDCRUE44;HUMANOID;DWARF;FIGHTER;FIGHTER_FEMALE_DWARF;BDCRUE44;BDCRUS;7;FEMALE;FEMALE;NEUTRAL;RR#PICKP;BDDSC;BDSHOUT;bdfigh10;;HELM01;;;;;XBOW02;DAGG01;;;650;bg1;Crusader Elite
BDCRUE45;HUMANOID;HUMAN;FIGHTER;FIGHTER_MALE_HUMAN;BDCRUE45;BDCRUSE;9;MALE;MALE;NEUTRAL;BDALACHI;;BDSHOUT;BDFIGH01;;HELM01;;;;;SW2H02;;;;1400;bg1;Crusader Elite
BDCRUE46;HUMANOID;HUMAN;FIGHTER;FIGHTER_MALE_HUMAN;BDCRUE46;BDCRUS;7;MALE;MALE;NEUTRAL;RR#PICKP;BDDSC;BDSHOUT;bdfigh10;;HELM01;;;;;BOW02;SW1H07;;;650;bg1;Crusader Elite
BDCRUE50;HUMANOID;HUMAN;FIGHTER;FIGHTER_MALE_HUMAN;BDCRUE50;BDCRUS;10;MALE;MALE;NEUTRAL;RR#PICKP;;BDSHOUT;BDFIGH01;;HELM01;;;;;SW2H02;;;;2000;bg1;Crusader Elite
BDCRUE51;HUMANOID;HUMAN;MAGE;MAGE_FEMALE_HUMAN;BDCRUE51;BDCRUS;10;FEMALE;FEMALE;NEUTRAL;RR#PICKP;;BDSHOUT;BDFIGH01;;;;;;;BLUN36;;;;2000;bg1;Crusader Elite
BDCRUE52;HUMANOID;DWARF;FIGHTER;FIGHTER_MALE_DWARF;BDCRUE52;BDCRUS;10;MALE;MALE;NEUTRAL;RR#PICKP;;BDSHOUT;BDFIGH01;;HELM01;SHLD05;;;;BLUN15;;;;2000;bg1;Crusader Elite
BDCRUE53;HUMANOID;HUMAN;FIGHTER;FIGHTER_FEMALE_HUMAN;BDCRUE53;BDCRUS;10;FEMALE;FEMALE;NEUTRAL;RR#PICKP;;BDSHOUT;BDFIGH01;;HELM01;SHLD04;;;;SW1H05;;;;2000;bg1;Crusader Elite
BDCRUE54;HUMANOID;ELF;FIGHTER;FIGHTER_MALE_ELF;BDCRUE54;BDCRUS;10;MALE;MALE;NEUTRAL;RR#PICKP;;BDSHOUT;BDFIGH01;;HELM01;SW1H05;;;;SW1H05;;;;2000;bg1;Crusader Elite
BDCRUE55;HUMANOID;HUMAN;FIGHTER;FIGHTER_MALE_HUMAN;BDCRUE55;BDCRUS;10;MALE;MALE;NEUTRAL;RR#PICKP;;BDSHOUT;BDFIGH01;;HELM01;;;;;XBOW02;SW1H08;;;2000;bg1;Crusader Elite
BDCRUM30;HUMANOID;HUMAN;FIGHTER;FIGHTER_MALE_HUMAN;BDCRUM30;BDCRUM30;7;MALE;MALE;NEUTRAL;BDCRUM30;BDDSC2;BDSHOUT;BDFIGH01;;BDHELM03;;;;;SW1H02;;;;420;bg1;Mercenary
BDCRUM31;HUMANOID;HUMAN;FIGHTER;FIGHTER_MALE_HUMAN;BDCRUM31;BDCRUM30;7;MALE;MALE;NEUTRAL;BDCRUM30;BDDSC2;BDSHOUT;BDFIGH01;;BDHELM03;;;;;SW2H01;;;;420;bg1;Mercenary
BDCRUM32;HUMANOID;HUMAN;FIGHTER;FIGHTER_MALE_HUMAN;BDCRUM32;BDCRUM30;7;MALE;MALE;NEUTRAL;BDCRUM30;BDDSC2;BDSHOUT;BDFIGH01;;;;;;;XBOW04;SW1H07;;;420;bg1;Mercenary
BDCRUM40;HUMANOID;ORC;FIGHTER;ORC_RANGE;BDCRUM40;BDCRUS;7;MALE;MALE;NEUTRAL;RR#PICKP;BDDSC;BDSHOUT;bdfigh10;;BDHELM03;;;;;BOW03;SW1H07;;;420;bg1;Mercenary
BDCRUM41;HUMANOID;HUMAN;FIGHTER;FIGHTER_MALE_HUMAN;BDCRUM41;BDCRUS;7;MALE;MALE;NEUTRAL;RR#PICKP;BDDSC;BDSHOUT;bdfigh10;;BDHELM03;SHLD01;;;;SW1H04;;;;420;bg1;Mercenary
BDCRUM42;HUMANOID;HALFORC;FIGHTER;FIGHTER_MALE_HALFORC;BDCRUM42;BDCRUS;7;MALE;MALE;NEUTRAL;RR#PICKP;BDDSC;BDSHOUT;bdfigh11;;BDHELM03;SHLD01;;;;AX1H04;AX1H01;;;420;bg1;Mercenary
BDCRUM43;HUMANOID;HUMAN;FIGHTER;FIGHTER_FEMALE_HUMAN;BDCRUM43;BDCRUS;9;FEMALE;FEMALE;NEUTRAL;RR#PICKP;BDDSC;BDSHOUT;BDFIGH36;;BDHELM03;;;;;XBOW02;SW1H08;;;975;bg1;Mercenary Captain
BDCRUM44;HUMANOID;HOBGOBLIN;FIGHTER;HOBGOBLIN;BDCRUM44;BDCRUS;7;MALE;MALE;NEUTRAL;RR#PICKP;BDDSC;BDSHOUT;bdfigh10;;BDHELM03;;;;;BOW03;SW1H07;;;420;bg1;Mercenary
BDCRUM45;HUMANOID;ORC;FIGHTER;ORC_MELEE;BDCRUM45;BDCRUS;7;MALE;MALE;NEUTRAL;RR#PICKP;BDDSC;BDSHOUT;bdfigh11;;BDHELM03;;;;;AX1H01;;;;420;bg1;Mercenary
BDCRUM46;HUMANOID;OGRE;FIGHTER;OROG;BDCRUM46;BDCRUS;7;MALE;MALE;NEUTRAL;RR#PICKP;BDDSC;BDSHOUT;bdfigh10;;BDHELM03;;;;;SW2H01;;;;420;bg1;Mercenary
BDCRUM47;HUMANOID;KOBOLD;FIGHTER;KOBOLD;BDCRUM47;BDCRUS;6;MALE;MALE;NEUTRAL;RR#PICKP;BDDSC;BDSHOUT;bdfigh10;;BDHELM03;;;;;BOW05;DAGG01;;;275;bg1;Mercenary
BDCRUM48;HUMANOID;HOBGOBLIN;FIGHTER;HOBGOBLIN;BDCRUM48;BDCRUS;7;MALE;MALE;NEUTRAL;RR#PICKP;BDDSC;BDSHOUT;bdfigh10;;BDHELM03;;;;;SW1H01;;;;420;bg1;Mercenary
BDCRUMF7;HUMANOID;HUMAN;MAGE;MAGE_FEMALE_HUMAN;BDCRUMF7;BDCRUS;7;FEMALE;FEMALE;NEUTRAL;RR#PICKP;;BDSHOUT;BDMAGE01;;;;;;;DAGG01;DART11;;;650;bg1;Crusader Mage
BDCRUML1;HUMANOID;HUMAN;FIGHTER;FIGHTER_MALE_HUMAN;BDCRUML1;BDCRUS;7;MALE;MALE;NEUTRAL;RR#PICKP;BDDSC2;BDSHOUT;BDFIGH01;BDCRUML;HELM01;;;;;HALB01;;;;420;bg1;Crusader
BDCRUML2;HUMANOID;HUMAN;FIGHTER;FIGHTER_FEMALE_HUMAN;BDCRUML2;BDCRUS;7;FEMALE;MALE;NEUTRAL;RR#PICKP;BDDSC2;BDSHOUT;BDFIGH01;BDCRUML;HELM01;;;;;SW1H01;;;;420;bg1;Crusader
BDCRUML3;HUMANOID;ELF;RANGER;FIGHTER_MALE_ELF;BDCRUML3;BDCRUS;7;MALE;MALE;NEUTRAL;RR#PICKP;BDDSC2;BDSHOUT;BDFIGH01;BDCRUML;HELM01;;;;;BOW01;SW1H04;;;420;bg1;Crusader Archer
BDCRUML4;HUMANOID;HUMAN;RANGER;FIGHTER_FEMALE_HUMAN;BDCRUML4;BDCRUS;7;FEMALE;MALE;NEUTRAL;RR#PICKP;;BDSHOUT;BDFIGH01;BDCRUML;;;;;;BOW05;DAGG01;;;420;bg1;Crusader Archer
BDCRUML5;HUMANOID;HALFORC;FIGHTER;FIGHTER_MALE_HALFORC;BDCRUML5;BDCRUS;6;MALE;MALE;NEUTRAL;RR#PICKP;BDDSC2;BDSHOUT;BDFIGH01;BDCRUML;HELM01;SHLD01;;;;AX1H01;AX1H04;;;275;bg1;Crusader Recruit
BDCRUML6;HUMANOID;HUMAN;CLERIC;CLERIC_FEMALE_HUMAN;BDCRUML6;BDCRUS;7;FEMALE;MALE;NEUTRAL;RR#PICKP;BDDSC2;BDSHOUT;BDCLER01;BDCRUML;HELM01;;;;;BLUN02;;;;650;bg1;Crusader Cleric
BDCRUML7;HUMANOID;HOBGOBLIN;FIGHTER;HOBGOBLIN;BDCRUML7;BDCRUS29;7;MALE;MALE;NEUTRAL;RR#PICKP;BDDSC2;BDSHOUT;BDFIGH01;BDCRUML;BDHELM03;;;;;SW1H01;;;;420;bg1;Mercenary
BDCRUML8;HUMANOID;DWARF;FIGHTER;FIGHTER_MALE_DWARF;BDCRUML8;BDCRUS;7;MALE;MALE;NEUTRAL;RR#PICKP;BDDSC2;BDSHOUT;BDFIGH01;BDCRUML;HELM01;;;;;AX1H01;XBOW04;;;420;bg1;Crusader
BDCRUML9;HUMANOID;ELF;RANGER;FIGHTER_FEMALE_ELF;BDCRUML9;BDCRUS;7;FEMALE;MALE;NEUTRAL;RR#PICKP;BDDSC2;BDSHOUT;BDFIGH01;BDCRUML;HELM01;;;;;BOW03;DAGG01;;;420;bg1;Crusader Archer
BDCRUMLA;HUMANOID;HUMAN;FIGHTER;FIGHTER_MALE_HUMAN;BDCRUMLA;BDCRUS;7;MALE;MALE;NEUTRAL;RR#PICKP;BDDSC2;BDSHOUT;BDFIGH01;BDCRUML;HELM01;;;;;DAGG01;XBOW04;;;420;bg1;Crusader
BDCRUMLB;HUMANOID;HUMAN;THIEF;THIEF_MALE_HUMAN;BDCRUMLB;BDCRUS;7;MALE;MALE;NEUTRAL;RR#PICKP;BDDSC2;BDSHOUT;BDTHIE01;BDCRUML;;;;;;SW1H07;BOW05;;;420;bg1;Crusader Recruit
BDCRUR26;HUMANOID;HUMAN;FIGHTER;HOBGOBLIN;BDCRUR26;BDCRUS;6;MALE;MALE;NEUTRAL;BDCRUR26;BD2000EN;BDSHOUT;bdfigh10;;HELM01;;;;;SW1H01;;;;275;bg1;Crusader Recruit
BDCRUR27;HUMANOID;HUMAN;FIGHTER;FIGHTER_MALE_HUMAN;BDCRUR27;BDCRUS;6;MALE;MALE;NEUTRAL;BDCRUR26;BD2000EN;BDSHOUT;bdfigh10;;HELM01;SHLD01;;;;SW1H04;;;;275;bg1;Crusader Recruit
BDCRUR28;HUMANOID;HUMAN;FIGHTER;FIGHTER_FEMALE_HUMAN;BDCRUR28;BDCRUS;6;FEMALE;FEMALE;NEUTRAL;BDCRUR26;BD2000EN;BDSHOUT;bdfigh10;;HELM01;;;;;SPER01;;;;275;bg1;Crusader Recruit
BDCRUR29;HUMANOID;KOBOLD;FIGHTER_THIEF;KOBOLD;BDCRUR29;BDCRMERC;5;MALE;MALE;NEUTRAL;BDCRUR26;BD2000EN;BDSHOUT;BDTHIE10;;;;;;;SW1H07;;;;275;bg1;Crusader Recruit
BDCRUR30;HUMANOID;HUMAN;FIGHTER;FIGHTER_MALE_HUMAN;BDCRUR30;BDCRUREC;6;MALE;MALE;NEUTRAL;RR#PICKP;BDDSC2;BDSHOUT;BDFIGH01;;HELM01;SHLD01;;;;SW1H07;;;;275;bg1;Crusader Recruit
BDCRUR31;HUMANOID;HUMAN;FIGHTER;FIGHTER_FEMALE_HUMAN;BDCRUR31;BDCRUREC;6;FEMALE;FEMALE;NEUTRAL;RR#PICKP;BDDSC2;BDSHOUT;BDFIGH01;;;;;;;BOW05;DAGG01;;;275;bg1;Crusader Recruit
BDCRUR32;HUMANOID;HUMAN;FIGHTER;FIGHTER_MALE_DWARF;BDCRUR32;BDCRUREC;6;MALE;MALE;NEUTRAL;RR#PICKP;BDDSC2;BDSHOUT;BDFIGH01;;;;;;;XBOW04;HAMM01;;;275;bg1;Crusader Recruit
BDCRUR33;HUMANOID;HALF_ELF;FIGHTER;FIGHTER_FEMALE_ELF;BDCRUR33;BDCRUREC;6;FEMALE;FEMALE;NEUTRAL;BDTRIAL;BDDSC2;BDSHOUT;BDFIGH01;;;;;;;SW1H04;;;;275;bg1;Crusader Recruit
BDCRUR34;HUMANOID;HALFLING;FIGHTER;FIGHTER_FEMALE_HALFLING;BDCRUR34;BDCRUREC;6;FEMALE;FEMALE;NEUTRAL;RR#PICKP;BDDSC2;BDSHOUT;BDFIGH01;;HELM01;SHLD01;;;;SW1H07;;;;420;bg1;Crusader Recruit
BDCRUR40;HUMANOID;HUMAN;FIGHTER;FIGHTER_MALE_HUMAN;BDCRUR40;BDCRUS;6;MALE;MALE;NEUTRAL;RR#PICKP;BDDSC;BDSHOUT;bdfigh10;;HELM01;SHLD01;;;;SW1H07;;;;275;bg1;Crusader Recruit
BDCRUR41;HUMANOID;HUMAN;FIGHTER;FIGHTER_FEMALE_HUMAN;BDCRUR41;BDCRUS;6;FEMALE;FEMALE;NEUTRAL;RR#PICKP;BDDSC;BDSHOUT;bdfigh10;;;;;;;BOW05;DAGG01;;;275;bg1;Crusader Recruit
BDCRUR42;HUMANOID;DWARF;FIGHTER;FIGHTER_MALE_DWARF;BDCRUR42;BDCRUS;6;MALE;MALE;NEUTRAL;RR#PICKP;BDDSC;BDSHOUT;bdfigh10;;;;;;;XBOW04;HAMM01;;;275;bg1;Crusader Recruit
BDCRUR43;HUMANOID;HALF_ELF;FIGHTER;FIGHTER_FEMALE_ELF;BDCRUR43;BDCRUS;6;FEMALE;FEMALE;NEUTRAL;RR#PICKP;BDDSC;BDSHOUT;bdfigh10;;;;;;;SW1H04;;;;275;bg1;Crusader Recruit
BDCRUS10;HUMANOID;OGRE;FIGHTER;OROG;BDCRUS10;BDCRUS10;8;MALE;MALE;NEUTRAL;RR#PICKP;BDCRUS10;BDSHOUT;BDFIGH01;;BDHELM03;;;;;SW2H02;;;;975;bg1;Barachus
BDCRUS11;HUMANOID;DWARF;FIGHTER_CLERIC;CLERIC_FEMALE_DWARF;BDCRUS11;BDCRUS10;7;FEMALE;FEMALE;NEUTRAL;RR#PICKP;BDCRUS10;BDSHOUT;BDCLER01;;HELM01;SHLD06;;;;HAMM02;BDHAMM03;;;1400;bg1;Kerra Tinbasher
BDCRUS12;HUMANOID;HALF_ELF;DRUID;CLERIC_FEMALE_ELF;BDCRUS12;BDCRUS10;9;FEMALE;FEMALE;NEUTRAL;RR#PICKP;BDCRUS10;BDSHOUT;BDDRUI01;;;;;;;BDHALB02;SLNG02;;;2000;bg1;Seed
BDCRUS13;HUMANOID;GNOME;MAGE;MAGE_MALE_GNOME;BDCRUS13;BDCRUS10;9;MALE;MALE;NEUTRAL;RR#PICKP;BDCRUS10;BDSHOUT;BDMAGE01;;;;;;MINHP1;DAGG02;DART03;;;2000;bg1;Elwood Dowser
BDCRUS14;HUMANOID;HOBGOBLIN;FIGHTER;HOBGOBLIN;BDCRUS14;BDCRUS10;7;MALE;MALE;NEUTRAL;RR#PICKP;BDCRUS10;BDSHOUT;BDFIGH01;;BDHELM03;;;;;BOW02;DAGG01;;;650;bg1;Twelve-Fingers
BDCRUS15;HUMANOID;HUMAN;THIEF;THIEF_MALE_HUMAN;BDCRUS15;BDCRUS10;7;MALE;MALE;NEUTRAL;RR#PICKP;BDCRUS10;BDSHOUT;BDTHIE01;;;;;;;XBOW04;DAGG01;;;420;bg1;Crusader Guard
BDCRUS20;HUMANOID;HALFLING;FIGHTER;FIGHTER_MALE_HALFLING;BDCRUS20;BDCRUS;7;MALE;MALE;NEUTRAL;RR#PICKP;BD2000EN;BDSHOUT;BDFIGH01;;HELM01;;;;;SLNG01;DAGG01;;;420;bg1;Crusader
BDCRUS21;HUMANOID;HUMAN;FIGHTER;FIGHTER_MALE_HUMAN;bdcrus21;BDCRUS;7;MALE;MALE;NEUTRAL;RR#PICKP;BD2000EN;BDSHOUT;BDFIGH01;;HELM01;SHLD03;;;;SW1H04;;;;420;bg1;Crusader
BDCRUS22;HUMANOID;HUMAN;FIGHTER;FIGHTER_MALE_HUMAN;bdcrus22;BDCRUS;7;MALE;MALE;NEUTRAL;RR#PICKP;BD2000EN;BDSHOUT;bdfigh10;;HELM01;;;;;HALB01;;;;420;bg1;Crusader
BDCRUS23;HUMANOID;DWARF;FIGHTER;FIGHTER_FEMALE_DWARF;BDCRUS23;BDCRUS;7;FEMALE;FEMALE;NEUTRAL;RR#PICKP;BD2000EN;BDSHOUT;bdfigh10;;HELM01;SHLD03;;;;HAMM01;;;;420;bg1;Crusader
BDCRUS24;HUMANOID;HUMAN;FIGHTER;FIGHTER_FEMALE_HUMAN;BDCRUS24;BDCRUS;7;FEMALE;FEMALE;NEUTRAL;RR#PICKP;BD2000EN;BDSHOUT;bdfigh10;;HELM01;SHLD03;;;;SW1H04;;;;420;bg1;Crusader
BDCRUS25;HUMANOID;HOBGOBLIN;FIGHTER;HOBGOBLIN;BDCRUS25;BDCRUS29;7;MALE;MALE;NEUTRAL;RR#PICKP;BD2000EN;BDSHOUT;bdfigh10;;HELM01;;;;;BOW01;SW1H04;;;420;bg1;Mercenary
BDCRUS28;HUMANOID;HUMAN;FIGHTER;FIGHTER_FEMALE_HUMAN;BDCRUS28;BDCRUS29;7;FEMALE;FEMALE;NEUTRAL;RR#PICKP;BD2000EN;BDSHOUT;BDFIGH01;;BDHELM03;SHLD01;;;;SW1H08;;;;420;bg1;Mercenary
BDCRUS29;HUMANOID;HALFORC;FIGHTER;FIGHTER_MALE_HALFORC;BDCRUS29;BDCRUS;8;MALE;MALE;NEUTRAL;RR#PICKP;BD2000EN;BDSHOUT;BDFIGH01;;HELM01;;;;;SW2H01;;;;975;bg1;Crusader
BDCRUS32;HUMANOID;HUMAN;FIGHTER_THIEF;THIEF_MALE_HUMAN;BDCRUS32;BDCRUS;3;MALE;MALE;NEUTRAL;RR#PICKP;;BDSHOUT;BDFTHI01;;HELM01;;;;;DAGG01;DAGG05;;;420;bg1;Crusader Scout
BDCRUS33;HUMANOID;ELF;FIGHTER;FIGHTER_MALE_ELF;BDCRUS33;BDCRUS;7;MALE;MALE;NEUTRAL;RR#PICKP;BD4300EN;BDSHOUT;BDFIGH01;;HELM01;SHLD03A;;;;SW1H04;;;;420;bg1;Crusader
BDCRUS34;HUMANOID;HALFLING;FIGHTER;FIGHTER_FEMALE_HALFLING;BDCRUS34;BDCRUS;7;FEMALE;FEMALE;NEUTRAL;RR#PICKP;BD4300EN;BDSHOUT;BDFIGH01;;HELM01;SHLD01;;;;SW1H07;;;;420;bg1;Crusader
BDCRUS35;HUMANOID;ELF;FIGHTER;FIGHTER_MALE_ELF;BDCRUS35;BDCRUS;7;MALE;MALE;NEUTRAL;BDTRIAL;BDDSC2;BDSHOUT;BDFIGH01;;HELM01;;;;;BOW03;SW1H04;;;420;bg1;Crusader Archer
BDCRUS36;HUMANOID;HUMAN;FIGHTER;FIGHTER_MALE_HUMAN;BDCRUS36;BDCRUS;7;MALE;MALE;NEUTRAL;BDTRIAL;BDDSC2;BDSHOUT;BDFIGH01;;HELM01;;;;;HALB01;;;;420;bg1;Crusader
BDCRUS37;HUMANOID;HALFLING;THIEF;THIEF_MALE_HALFLING;BDCRUS37;;7;MALE;MALE;NEUTRAL;RR#PICKP;BDDSC2;BDSHOUT;BDFIGH24;;;;;;;SW1H07;;;;420;bg1;Crusader
BDCRUS38;HUMANOID;GNOME;FIGHTER;FIGHTER_MALE_GNOME;BDCRUS38;;7;MALE;MALE;NEUTRAL;RR#PICKP;BDDSC2;BDSHOUT;BDFIGH01;;HELM01;;;;;BOW05;DAGG01;;;420;bg1;Crusader
BDCRUS39;HUMANOID;HUMAN;FIGHTER;FIGHTER_FEMALE_HALFORC;BDCRUS39;;7;FEMALE;FEMALE;NEUTRAL;RR#PICKP;BDDSC2;BDSHOUT;bdfigh10;;HELM01;;;;;XBOW04;BLUN04;;;420;bg1;Crusader
BDCRUS40;HUMANOID;HUMAN;FIGHTER;FIGHTER_MALE_HUMAN;BDCRUS40;BDCRUS;7;MALE;MALE;NEUTRAL;RR#PICKP;BDDSC;BDSHOUT;BDFIGH01;;BDHELM03;;;;;BOW01;SW1H07;;;650;bg1;Crusader Archer
BDCRUS46;HUMANOID;HUMAN;FIGHTER;FIGHTER_MALE_HUMAN;BDCRUS46;BDCRUS;7;MALE;MALE;NEUTRAL;RR#PICKP;BDDSC;BDSHOUT;bdfigh10;;HELM01;;;;;BOW03;SW1H07;;;420;bg1;Crusader Archer
BDCRUS47;HUMANOID;DWARF;FIGHTER;FIGHTER_MALE_DWARF;BDCRUS47;BDCRUS;7;MALE;MALE;NEUTRAL;RR#PICKP;BDDSC;BDSHOUT;bdfigh10;;HELM01;;;;;XBOW04;DAGG01;;;420;bg1;Crusader
BDCRUS48;HUMANOID;HUMAN;FIGHTER;FIGHTER_MALE_HUMAN;BDCRUS48;BDCRUS;7;MALE;MALE;NEUTRAL;RR#PICKP;BDDSC;BDSHOUT;bdfigh10;;HELM01;SHLD05;;;;SW1H04;;;;420;bg1;Crusader
BDCRUS49;HUMANOID;ELF;FIGHTER;FIGHTER_FEMALE_ELF;BDCRUS49;BDCRUS;7;FEMALE;FEMALE;NEUTRAL;RR#PICKP;BDDSC;BDSHOUT;bdfigh10;;HELM01;;;;;SPER01;;;;420;bg1;Crusader
BDCRUS50;HUMANOID;ELF;FIGHTER;FIGHTER_MALE_ELF;BDCRUS50;BDCRUS50;9;MALE;MALE;NEUTRAL;BDAVERNU;;BDSHOUT;BDFIGH01;;HELM01;SHLD04A;;;;SW1H05;;;;1400;bg1;Crusader Elite
BDCRUS51;HUMANOID;HALFLING;FIGHTER;FIGHTER_FEMALE_HALFLING;BDCRUS51;BDCRUS;7;FEMALE;FEMALE;NEUTRAL;RR#PICKP;BDDSC;BDSHOUT;bdfigh10;;HELM01;;;;;SLNG01;DAGG01;;;420;bg1;Crusader
BDCRUS52;HUMANOID;HUMAN;FIGHTER;THIEF_FEMALE_HUMAN;BDCRUS52;BDCRUS;7;FEMALE;FEMALE;NEUTRAL;RR#PICKP;BDDSC;BDSHOUT;bdfigh10;;HELM01;;;;;BOW03;SW1H07;;;420;bg1;Crusader
BDCRUS53;HUMANOID;HALFORC;FIGHTER;FIGHTER_MALE_HALFORC;BDCRUS53;BDCRUS;7;MALE;MALE;NEUTRAL;RR#PICKP;BDDSC;BDSHOUT;bdfigh10;;HELM01;SHLD03;;;;BLUN02;;;;420;bg1;Crusader
BDCRUS54;HUMANOID;ELF;FIGHTER;CLERIC_FEMALE_ELF;BDCRUS54;BDCRUS;7;FEMALE;FEMALE;NEUTRAL;RR#PICKP;BDDSC;BDSHOUT;bdfigh10;;HELM01;SHLD03A;;;;SW1H04;;;;420;bg1;Crusader
BDCRUS5D;HUMANOID;HUMAN;FIGHTER;FIGHTER_MALE_HUMAN;BDCRUS5D;;9;MALE;MALE;NEUTRAL;BDAVERNU;;BDSHOUT;BDFIGH01;;HELM10;;;;;SW2H02;;;;1400;bg1;Crusader Elite
BDCRUS6D;HUMANOID;ELF;FIGHTER;FIGHTER_MALE_ELF;bdcrus6d;;9;MALE;MALE;NEUTRAL;BDAVERNU;;BDSHOUT;BDFIGH01;;HELM10;;;;;SW2H02;;;;1400;bg1;Crusader Elite
BDCRUS70;HUMANOID;HUMAN;FIGHTER;FIGHTER_MALE_HUMAN;BDCRUS70;BDCRUS;7;MALE;MALE;NEUTRAL;BD5100EN;;BDSHOUT;BDFIGH01;;BDHELM03;;;;;XBOW04;DAGG01;;;650;bg1;Crusader
BDCRUS71;HUMANOID;HUMAN;FIGHTER;FIGHTER_MALE_HUMAN;BDCRUS71;BDCRUS;7;MALE;MALE;NEUTRAL;BD5100EN;;BDSHOUT;BDFIGH01;;BDHELM03;;;;;XBOW04;DAGG01;;;650;bg1;Crusader
BDCRUS72;HUMANOID;HUMAN;FIGHTER;FIGHTER_MALE_HUMAN;BDCRUS72;BDCRUS;7;MALE;MALE;NEUTRAL;BD5100EN;;BDSHOUT;BDFIGH01;;BDHELM03;;;;;XBOW04;DAGG01;;;650;bg1;Crusader
BDCRUS73;HUMANOID;HUMAN;FIGHTER;FIGHTER_FEMALE_HUMAN;BDCRUS73;BDCRUS;7;FEMALE;MALE;NEUTRAL;BD5100EN;;BDSHOUT;BDFIGH01;;BDHELM03;;;;;XBOW04;DAGG01;;;650;bg1;Crusader
BDCRUS74;HUMANOID;HUMAN;FIGHTER;FIGHTER_FEMALE_HUMAN;BDCRUS74;BDCRUS;7;FEMALE;MALE;NEUTRAL;BD5100EN;;BDSHOUT;BDFIGH01;;BDHELM03;;;;;XBOW04;DAGG01;;;650;bg1;Crusader
BDCRUS75;HUMANOID;HUMAN;FIGHTER;FIGHTER_FEMALE_HUMAN;BDCRUS75;BDCRUS;7;FEMALE;MALE;NEUTRAL;BD5100EN;;BDSHOUT;BDFIGH01;;BDHELM03;;;;;XBOW04;DAGG01;;;650;bg1;Crusader
BDCRUS76;HUMANOID;ELF;FIGHTER;FIGHTER_FEMALE_ELF;BDCRUS76;BDCRUS;7;FEMALE;MALE;NEUTRAL;BD5100EN;;BDSHOUT;BDFIGH01;;BDHELM03;;;;;XBOW04;DAGG01;;;650;bg1;Crusader
BDCRUS77;HUMANOID;ELF;FIGHTER;FIGHTER_MALE_ELF;BDCRUS77;BDCRUS;7;MALE;MALE;NEUTRAL;BD5100EN;;BDSHOUT;BDFIGH01;;BDHELM03;;;;;XBOW04;DAGG01;;;650;bg1;Crusader
BDCRUS78;HUMANOID;DWARF;FIGHTER;FIGHTER_MALE_DWARF;BDCRUS78;BDCRUS;7;MALE;MALE;NEUTRAL;BD5100EN;;BDSHOUT;BDFIGH01;;BDHELM03;;;;;XBOW04;DAGG01;;;650;bg1;Crusader
BDCRUS79;HUMANOID;GNOME;FIGHTER;FIGHTER_FEMALE_GNOME;BDCRUS79;BDCRUS;7;FEMALE;MALE;NEUTRAL;BD5100EN;;BDSHOUT;BDFIGH01;;BDHELM03;;;;;XBOW04;DAGG01;;;650;bg1;Crusader
BDCRUS7D;HUMANOID;HUMAN;FIGHTER;FIGHTER_FEMALE_HUMAN;bdcrus7d;;9;FEMALE;MALE;NEUTRAL;BDAVERNU;;BDSHOUT;BDFIGH01;;HELM10;;;;;SW2H02;;;;1400;bg1;Crusader Elite
BDCRUS80;HUMANOID;HUMAN;FIGHTER;FIGHTER_MALE_HUMAN;BDCRUS80;BDGUARPT;7;MALE;MALE;NEUTRAL;BD5100EN;;BDSHOUT;BDFIGH01;BDCRUS80;HELM01;;;;;XBOW01;SW1H04;;;420;bg1;Crusader Patrol
BDCRUS81;HUMANOID;DWARF;FIGHTER;FIGHTER_FEMALE_DWARF;BDCRUS81;BDGUARPT;7;FEMALE;FEMALE;NEUTRAL;BD5100EN;;BDSHOUT;BDFIGH01;BDCRUS80;HELM01;SHLD03;;;;HAMM01;;;;420;bg1;Crusader Patrol
BDCRUS82;HUMANOID;HUMAN;FIGHTER;FIGHTER_FEMALE_HUMAN;BDCRUS82;BDGUARPT;7;FEMALE;FEMALE;NEUTRAL;BD5100EN;;BDSHOUT;BDFIGH01;BDCRUS80;HELM01;;;;;BOW03;DAGG01;;;420;bg1;Crusader Patrol
BDCRUS83;HUMANOID;HALF_ELF;FIGHTER;FIGHTER_FEMALE_ELF;BDCRUS83;BDGUARPT;7;FEMALE;FEMALE;NEUTRAL;BD5100EN;;BDSHOUT;BDFIGH01;BDCRUS83;;SHLD03A;;;;SW1H04;;;;650;bg1;Crusader Patrol
BDCRUS84;HUMANOID;HALFORC;FIGHTER;FIGHTER_MALE_HALFORC;BDCRUS84;BDGUARPT;7;MALE;MALE;NEUTRAL;BD5100EN;;BDSHOUT;BDFIGH01;BDCRUS83;HELM01;SHLD01;;;;AX1H01;AX1H04;;;420;bg1;Crusader Patrol
BDCRUS85;HUMANOID;HALFLING;FIGHTER;FIGHTER_MALE_HALFLING;BDCRUS85;BDGUARPT;7;MALE;MALE;NEUTRAL;BD5100EN;;BDSHOUT;BDFIGH01;BDCRUS83;HELM01;;;;;DAGG01;SLNG01;;;420;bg1;Crusader Patrol
BDCRUS86;HUMANOID;GNOLL;FIGHTER;GNOLL;BDCRUS86;BDCRUS;7;MALE;MALE;NEUTRAL;BD5100EN;;BDSHOUT;BDFIGH01;;;;;;;HALB01;;;;650;bg1;Crusader
BDCRUS87;HUMANOID;HUMAN;FIGHTER;FIGHTER_MALE_HUMAN;BDCRUS87;BDCRUS;4;MALE;MALE;NEUTRAL;BD5100EN;;BDSHOUT;BDFIGH01;;;;;;;;STAF01;;;120;bg1;Worker
BDCRUS88;HUMANOID;HUMAN;FIGHTER;FIGHTER_MALE_HUMAN;BDCRUS88;BDCRUS;4;MALE;MALE;NEUTRAL;BD5100EN;;BDSHOUT;BDFIGH01;;;;;;;;BLUN01;;;120;bg1;Worker
BDCRUS89;HUMANOID;DWARF;FIGHTER;FIGHTER_MALE_DWARF;BDCRUS89;BDCRUS;4;MALE;MALE;NEUTRAL;BD5100EN;;BDSHOUT;BDFIGH01;;;HAMM01;;;;;HAMM01;;;120;bg1;Worker
BDCRUS8D;HUMANOID;BUGBEAR;FIGHTER;BUGBEAR;bdcrus8d;;9;MALE;MALE;NEUTRAL;BDAVERNU;;BDSHOUT;BDFIGH01;;HELM10;;;;;SW2H02;;;;1400;bg1;Crusader Elite
BDCRUS90;HUMANOID;HUMAN;RANGER;FIGHTER_FEMALE_HUMAN;BDCRUS90;BDCRUS;7;FEMALE;FEMALE;NEUTRAL;BD5200EN;;BDSHOUT;bdfigh11;;HELM01;;;;;BOW03;DAGG01;;;420;bg1;Crusader Archer
BDCRUS91;HUMANOID;HUMAN;FIGHTER;FIGHTER_FEMALE_HUMAN;BDCRUS91;BDCRUS;7;FEMALE;FEMALE;NEUTRAL;BD5200EN;;BDSHOUT;BDFIGH01;;HELM01;;;;;SW1H01;;;;420;bg1;Crusader
BDCRUS92;HUMANOID;HUMAN;MAGE;MAGE_FEMALE_HUMAN;BDCRUS92;BDCRUS;9;FEMALE;FEMALE;NEUTRAL;BD5200EN;;BDSHOUT;BDMAGE22;;;;;;;STAF01;SLNG01;;;1400;bg1;Crusader Mage
BDCRUS93;HUMANOID;HUMAN;FIGHTER;FIGHTER_MALE_HUMAN;BDCRUS93;BDCRUS;7;MALE;MALE;NEUTRAL;BD5200EN;;BDSHOUT;bdfigh10;;HELM01;;;;;BOW01;SW1H07;;;420;bg1;Crusader Archer
BDCRUS94;HUMANOID;HUMAN;FIGHTER;FIGHTER_MALE_HUMAN;BDCRUS94;BDCRUS;7;MALE;MALE;NEUTRAL;BD5200EN;;BDSHOUT;BDFIGH01;;HELM01;SHLD03;;;;SW1H04;;;;420;bg1;Crusader
BDCRUS95;HUMANOID;HUMAN;THIEF;THIEF_MALE_HUMAN;BDCRUS95;BDCRUS;8;MALE;MALE;NEUTRAL;BD5200EN;;BDSHOUT;BDTHIE01;;;;;;;SW1H07;;;;650;bg1;Mercenary
BDCRUS96;HUMANOID;ELF;RANGER;FIGHTER_FEMALE_ELF;BDCRUS96;BDCRUS;7;FEMALE;FEMALE;NEUTRAL;BD5200EN;;BDSHOUT;bdfigh11;;;;;;;BOW03;SW1H04;;;420;bg1;Crusader Archer
BDCRUS97;HUMANOID;ELF;RANGER;FIGHTER_MALE_ELF;BDCRUS97;BDCRUS;7;MALE;MALE;NEUTRAL;BD5200EN;;BDSHOUT;bdfigh11;;;;;;;BOW01;SW1H07;;;420;bg1;Crusader Archer
BDCRUS98;HUMANOID;HALFORC;FIGHTER;FIGHTER_MALE_HALFORC;BDCRUS98;BDCRUS;6;MALE;MALE;NEUTRAL;BD5200EN;;BDSHOUT;bdfigh11;;HELM01;AX1H01;;;;AX1H01;;;;275;bg1;Crusader Recruit
BDCRUS99;HUMANOID;DWARF;FIGHTER;FIGHTER_MALE_DWARF;BDCRUS99;BDCRUS;7;MALE;MALE;NEUTRAL;BD5200EN;;BDSHOUT;BDFIGH01;;BDHELMJ3;SHLD05;;;;AX1H01;;;;420;bg1;Crusader
BDCRUS9D;HUMANOID;HUMAN;MAGE;MAGE_FEMALE_HUMAN;bdcrus9d;BDCRUS;10;FEMALE;FEMALE;NEUTRAL;RR#PICKP;;BDSHOUT;BDFIGH01;;;;;;;BLUN36;;;;2000;bg1;Crusader Elite
BDCRUSBF;HUMANOID;HUMAN;FIGHTER;FIGHTER_MALE_HUMAN;BDCRUSBF;BDCRUSBF;7;MALE;MALE;NEUTRAL;RR#PICKP;BD2000EN;BDSHOUT;BDFIGH01;;BDHELM03;SHLD05;;;;SW1H04;;;;975;bg1;Crusader
BDCRUSF5;HUMANOID;HALFORC;FIGHTER;FIGHTER_FEMALE_HALFORC;BDCRUSF5;BDCRUS;7;FEMALE;FEMALE;NEUTRAL;RR#PICKP;;BDSHOUT;BDFIGH01;;HELM01;SHLD01;;;;BLUN02;;;;420;bg1;Mercenary
BDCRUSM5;HUMANOID;HOBGOBLIN;FIGHTER;HOBGOBLIN;BDCRUSM5;BDCRUS;7;MALE;MALE;NEUTRAL;RR#PICKP;;BDSHOUT;BDFIGH01;;HELM01;;;;;SW1H01;;;;420;bg1;Mercenary
BDCRUSX2;HUMANOID;HUMAN;FIGHTER;FIGHTER_MALE_HUMAN;BDCRUSX2;BDCRUS;8;MALE;MALE;NEUTRAL;RR#PICKP;BD2000EN;BDSHOUT;BDFIGH01;;HELM01;;;;;HALB02;;;;650;bg1;Crusader Sergeant
BDCRUW41;HUMANOID;HUMAN;MAGE;MAGE_MALE_HUMAN;BDCRUW41;BDCRUS;10;MALE;MALE;NEUTRAL;RR#PICKP;BDDSC;BDSHOUT;BDMAGE01;;;;;;;STAF01;;;;2000;bg1;Crusader Elite
BDCRUW42;HUMANOID;HUMAN;MAGE;MAGE_FEMALE_HUMAN;BDCRUW42;BDCRUS;10;FEMALE;FEMALE;NEUTRAL;RR#PICKP;BDDSC;BDSHOUT;BDMAGE01;;;;;;;STAF01;;;;2000;bg1;Crusader Elite
BDCRUW43;HUMANOID;HUMAN;MAGE;MAGE_MALE_HUMAN;BDCRUW43;BDCRUS;8;MALE;MALE;NEUTRAL;RR#PICKP;BDDSC;BDSHOUT;BDMAGE30;;;;;;;STAF01;;;;975;bg1;Crusader Mage
BDCRUW44;HUMANOID;HUMAN;MAGE;MAGE_MALE_HUMAN;BDCRUW44;BDCRUS;8;MALE;MALE;NEUTRAL;RR#PICKP;BDDSC;BDSHOUT;BDMAGE31;;;;;;;STAF01;DART03;;;975;bg1;Crusader Mage
BDCRUW45;HUMANOID;HUMAN;MAGE;MAGE_MALE_HUMAN;BDCRUW45;BDCRUS;10;MALE;MALE;NEUTRAL;RR#PICKP;BDDSC;BDSHOUT;BDMAGE32;;;;;;;STAF01;SLNG01;;;2000;bg1;Crusader Mage
BDCRUW46;HUMANOID;GNOME;MAGE;MAGE_MALE_GNOME;BDCRUW46;BDCRUS;10;MALE;MALE;NEUTRAL;RR#PICKP;BDDSC;BDSHOUT;BDMAGE33;;;;;;;DAGG01;SLNG02;;;2000;bg1;Crusader Mage
BDCRUW47;HUMANOID;HUMAN;MAGE;MAGE_FEMALE_HUMAN;BDCRUW47;BDCRUS;10;FEMALE;FEMALE;NEUTRAL;RR#PICKP;BDDSC;BDSHOUT;BDMAGE34;;;;;;;STAF01;DART03;;;2000;bg1;Crusader Mage
BDCRUW48;HUMANOID;ELF;MAGE;MAGE_MALE_ELF;BDCRUW48;BDCRUS;10;MALE;MALE;NEUTRAL;RR#PICKP;BDDSC;BDSHOUT;BDMAGE35;;;;;;;STAF01;DAGG05;;;2000;bg1;Crusader Mage
BDCRUW49;HUMANOID;ELF;MAGE;MAGE_FEMALE_ELF;BDCRUW49;BDCRUS;10;FEMALE;FEMALE;NEUTRAL;RR#PICKP;BDDSC;BDSHOUT;BDMAGE36;;;;;;;DAGG01;DART03;;;2000;bg1;Crusader Mage
BDCRUX30;HUMANOID;DWARF;FIGHTER;FIGHTER_MALE_DWARF;BDCRUX30;BDCRUS;8;MALE;MALE;NEUTRAL;RR#PICKP;BDDSC2;BDSHOUT;BDFIGH01;;HELM01;SHLD05;;;;AX1H01;;;;975;bg1;Crusader Sergeant
BDCRUX31;HUMANOID;ELF;FIGHTER;FIGHTER_FEMALE_HUMAN;BDCRUX31;BDCRUS;8;FEMALE;FEMALE;NEUTRAL;RR#PICKP;BDDSC2;BDSHOUT;BDFIGH01;;HELM01;SHLD03A;;;;SW1H04;;;;975;bg1;Crusader Sergeant
BDCRUX32;HUMANOID;ELF;FIGHTER;FIGHTER_MALE_ELF;BDCRUX32;BDCRUS;8;MALE;MALE;NEUTRAL;RR#PICKP;BDDSC2;BDSHOUT;BDFIGH01;;HELM01;;;;;SW1H04;;;;975;bg1;Crusader Sergeant
BDCRUX34;HUMANOID;HUMAN;FIGHTER;FIGHTER_FEMALE_HUMAN;BDCRUX34;BDCRUS;8;FEMALE;FEMALE;NEUTRAL;RR#PICKP;;BDSHOUT;bdfigh10;;HELM01;;;;;XBOW01;DAGG01;;;975;bg1;Crusader Sergeant
BDCRUX40;HUMANOID;HUMAN;FIGHTER;FIGHTER_MALE_HUMAN;BDCRUX40;BDCRUS;8;MALE;MALE;NEUTRAL;RR#PICKP;BDDSC;BDSHOUT;bdfigh10;;HELM01;;;;;SW2H01;;;;975;bg1;Crusader Sergeant
BDCRUX41;HUMANOID;HUMAN;FIGHTER;FIGHTER_FEMALE_HUMAN;BDCRUX41;BDCRUS;8;FEMALE;FEMALE;NEUTRAL;RR#PICKP;BDDSC;BDSHOUT;bdfigh10;;HELM01;SHLD03;;;;SW1H01;;;;975;bg1;Crusader Sergeant
BDCRUZ01;HUMANOID;HUMAN;FIGHTER;FIGHTER_MALE_HUMAN;BDCRUZ01;BDCRUZ01;8;MALE;MALE;NEUTRAL;BDCRUZ01;BD4300EN;BDSHOUT;BDFIGH01;;HELM01;;;;;SW2H02;;;;975;bg1;Crusader Sergeant
BDCRUZ02;HUMANOID;DWARF;FIGHTER;FIGHTER_MALE_DWARF;BDCRUZ02;BDCRUZ02;7;MALE;MALE;NEUTRAL;RR#PICKP;BD4300EN;BDSHOUT;BDFIGH01;;HELM01;AX1H01;;;;AX1H01;;;;420;bg1;Crusader
BDCRUZ03;HUMANOID;HUMAN;FIGHTER;FIGHTER_FEMALE_HUMAN;BDCRUZ02;BDCRUZ02;7;FEMALE;FEMALE;NEUTRAL;RR#PICKP;BD4300EN;BDSHOUT;BDFIGH01;;HELM01;SHLD03;;;;SW1H04;;;;420;bg1;Crusader
BDCRUZ30;HUMANOID;HUMAN;FIGHTER;FIGHTER_MALE_HUMAN;BDCRUZ30;BDCRUZ30;7;MALE;MALE;NEUTRAL;RR#PICKP;BDDSC2;BDSHOUT;BDFIGH01;;BDHELM03;;;;;SW1H02;;;;650;bg1;Mercenary
BDCRUZ31;HUMANOID;HUMAN;FIGHTER;FIGHTER_MALE_HUMAN;BDCRUZ31;BDCRUZ30;7;MALE;MALE;NEUTRAL;RR#PICKP;BDDSC2;BDSHOUT;BDFIGH01;;BDHELM03;;;;;SW2H01;;;;650;bg1;Mercenary
BDCRUZ32;HUMANOID;HUMAN;FIGHTER;FIGHTER_MALE_HUMAN;BDCRUZ32;BDCRUZ30;7;MALE;MALE;NEUTRAL;RR#PICKP;BDDSC2;BDSHOUT;BDFIGH01;;;;;;;XBOW04;SW1H07;;;650;bg1;Mercenary
BDCRVAL;HUMANOID;HUMAN;PALADIN;FIGHTER_FEMALE_HUMAN;BDCRVAL;BDCRVAL;9;FEMALE;FEMALE;NEUTRAL;BDAVERNU;;BDSHOUT;BDPAL01;;HELM01;SHLD05;;;;BLUN07;;;;1400;bg1;Crusader Sergeant
BDCRZAKE;HUMANOID;HUMAN;FIGHTER;FIGHTER_MALE_HUMAN;BDCRZAKE;BDCRUS;9;MALE;MALE;NEUTRAL;RR#PICKP;;BDSHOUT;BDFIGH01;;HELM01;SHLD06;;;;SW1H05;;;;975;bg1;Crusader Elite
BDCULT01;HUMANOID;HUMAN;MONK;MONK_MALE_HUMAN;BDCULT01;BDCULT;7;MALE;MALE;NEUTRAL;RR#PICKP;BDCULT;BDSHOUT;BDMONK01;NONE;;;;;;MFIST3;;;;420;bg1;Cultist
BDCULT02;HUMANOID;HUMAN;MONK;MONK_FEMALE_HUMAN;BDCULT02;BDCULT;7;FEMALE;FEMALE;NEUTRAL;RR#PICKP;BDCULT;BDSHOUT;BDMONK01;NONE;;;;;;MFIST3;;;;420;bg1;Cultist
BDCULT03;HUMANOID;ELF;THIEF;THIEF_MALE_ELF;BDCULT03;BDCULT;7;MALE;MALE;NEUTRAL;RR#PICKP;BDCULT;BDSHOUT;BDTHIE01;;;;;;;SW1H07;;;;420;bg1;Cultist
BDCULT04;HUMANOID;HUMAN;THIEF;THIEF_FEMALE_HUMAN;BDCULT04;BDCULT;7;FEMALE;FEMALE;NEUTRAL;RR#PICKP;BDCULT;BDSHOUT;BDTHIE01;;;;;;;SW1H07;;;;420;bg1;Cultist
BDCULT21;HUMANOID;HUMAN;FIGHTER;FIGHTER_FEMALE_HUMAN;BDCULT21;BDCULT;7;FEMALE;FEMALE;NEUTRAL;RR#PICKP;BDCULT;BDSHOUT;BDFIGH01;;BDHELM03;SHLD03;;;;SW1H04;;;;420;bg1;Cultist Guard
BDCULT22;HUMANOID;HUMAN;FIGHTER;FIGHTER_MALE_HUMAN;BDCULT22;BDCULT;7;MALE;MALE;NEUTRAL;RR#PICKP;BDCULT;BDSHOUT;BDFIGH01;;;;;;;BOW03;DAGG01;;;420;bg1;Cultist Guard
BDCULT23;HUMANOID;HUMAN;FIGHTER_THIEF;THIEF_MALE_HUMAN;BDCULT23;BDCULT;3;MALE;MALE;NEUTRAL;RR#PICKP;BDCULT;BDSHOUT;BDFTHI01;;BDHELM03;;;;;DAGG01;DAGG05;;;650;bg1;Cultist Guard
BDCULT24;HUMANOID;HALF_ELF;FIGHTER_THIEF;THIEF_FEMALE_ELF;BDCULT24;BDCULT;6;FEMALE;FEMALE;NEUTRAL;RR#PICKP;BDCULT;BDSHOUT;BDFTHI01;;;;;;;SW1H07;;;;420;bg1;Cultist Guard
BDCULT25;HUMANOID;HUMAN;FIGHTER_MAGE;FIGHTER_FEMALE_HUMAN;BDCULT25;BDCULT;7;FEMALE;FEMALE;NEUTRAL;RR#PICKP;BDCULT;BDSHOUT;BDFMAG01;;;;;;;XBOW01;DAGG01;;;1400;bg1;Cultist Enforcer
BDCULT26;HUMANOID;HUMAN;FIGHTER_MAGE;FIGHTER_MALE_HUMAN;BDCULT26;BDCULT;7;MALE;MALE;NEUTRAL;RR#PICKP;BDCULT;BDSHOUT;BDFMAG01;;;;;;;XBOW01;DAGG01;;;1400;bg1;Cultist Enforcer
BDCULT27;HUMANOID;HUMAN;MAGE;MAGE_FEMALE_HUMAN;BDCULT27;BDCULT;9;FEMALE;FEMALE;NEUTRAL;RR#PICKP;BDCULT;BDSHOUT;BDMAGE01;;;;;;;STAF01;;;;2000;bg1;Cultist Mage
BDCULT28;HUMANOID;HUMAN;MAGE;MAGE_MALE_HUMAN;BDCULT28;BDCULT;9;MALE;MALE;NEUTRAL;RR#PICKP;BDCULT;BDSHOUT;BDMAGE01;;;;;;;DAGG01;DART03;;;2000;bg1;Cultist Mage
BDCULT30;HUMANOID;HUMAN;MONK;MONK_MALE_HUMAN;BDCULT30;BDCULT;9;MALE;MALE;NEUTRAL;BDCULT30;NONE;BDSHOUT;BDMONK01;NONE;;;;;;MFIST4;;;;1400;bg1;Mad Cultist
BDCULT41;HUMANOID;HUMAN;RANGER;FIGHTER_FEMALE_HUMAN;BDCULT41;BDCULT;9;FEMALE;FEMALE;ENEMY;;;BDSHOUT;BDFIGH01;;;;;;BDAMUL02;BOW04;SW1H08;;;1400;bg1;Shallen
BDCULT42;HUMANOID;HUMAN;MAGE;MAGE_MALE_ELF;BDCULT42;BDCULT;10;MALE;MALE;ENEMY;;;BDSHOUT;BDMAGE01;;;;;;;STAF02;DART03;;;2000;bg1;Jhan Redmoons
BDCULT43;HUMANOID;HUMAN;FIGHTER;FIGHTER_MALE_HUMAN;BDCULT43;BDCULT;9;MALE;MALE;ENEMY;;;BDSHOUT;BDFIGH01;;;;;;;BDSW1H01;;;;1400;bg1;Teth Se-Nehi
BDCULT44;HUMANOID;DWARF;FIGHTER;FIGHTER_MALE_DWARF;BDCULT44;BDCULT;9;MALE;MALE;ENEMY;;;BDSHOUT;BDFIGH01;;BDHELM03;SHLD06;;;;AX1H02;;;;1400;bg1;Mohad Flintborn
BDCULTD1;HUMANOID;HUMAN;MONK;MONK_MALE_HUMAN;BDCULTD1;;7;MALE;MALE;NEUTRAL;;;;;;;;;;;MFIST3;;;;420;bg1;Cultist
BDCULTD2;HUMANOID;HUMAN;THIEF;THIEF_FEMALE_HUMAN;BDCULTD2;;7;FEMALE;FEMALE;NEUTRAL;;;;;;;;;;;SW1H07;;;;420;bg1;Cultist
BDCULTD3;HUMANOID;ELF;FIGHTER;FIGHTER_FEMALE_ELF;BDCULTD3;;7;FEMALE;FEMALE;NEUTRAL;;;;;;;SHLD03;;;;SW1H04;;;;420;bg1;Cultist Guard
BDCULTD4;HUMANOID;HUMAN;FIGHTER;FIGHTER_MALE_HUMAN;BDCULTD4;;7;MALE;MALE;NEUTRAL;;;;;;;;;;;BOW03;DAGG01;;;420;bg1;Cultist Guard
BDCULTX;HUMANOID;HUMAN;MONK;MONK_MALE_HUMAN;BDCULTX;BDCULTX;7;MALE;MALE;NEUTRAL;BDCULTX;;BDSHOUT;BDMONK01;NONE;;;;;;MFIST3;;;;420;bg1;Cultist
BDCULTX2;HUMANOID;HUMAN;MONK;MONK_MALE_HUMAN;BDCULTX2;BDCULTX2;7;MALE;MALE;NEUTRAL;SHOUTDLG;;BDSHOUT;BDMONK01;NONE;;;;;;MFIST3;;;;420;bg1;Cultist
BDCUT57A;MONSTER;DEMONIC;IMP;ABISHAI_GREEN;BDABIGRE;;4;MALE;MALE;ENEMY;;BDENSHTV;BDABISHA;;BDFIG00;;;IMMUNE1;RINGDEMN;REGHP1;BDABISHA;;;;8000;bg1;Green Abishai
BDCUT57B;MONSTER;DEMONIC;IMP;LEMURE;BDLEMURE;BDLEMURE;2;MALE;MALE;ENEMY;;BDENSHTV;BDLEMURE;;BDNONIN;;;REGHP1;;IPSION;B1-3;;;;120;bg1;Lemure
BDCUT57C;MONSTER;DEMONIC;IMP;ABISHAI_BLACK;BDABIBLA;;4;MALE;MALE;ENEMY;;BDENSHTV;BDABISHA;;BDFIG00;;;IMMUNE1;RINGDEMN;REGHP1;BDABISHA;;;;7000;bg1;Black Abishai
BDCUTID;HUMANOID;NO_RACE;NO_CLASS;BIRD;BDCUTID;NONE;1;NIETHER;MALE;NEUTRAL;NONE;NONE;NONE;NONE;NONE;;;;MAGE01;IMOENHP1;;;;;0;bg1;
BDCUTID2;ANIMAL;NO_RACE;NO_CLASS;BIRD;BDCUTID2;NONE;1;NIETHER;MALE;NEUTRAL;NONE;NONE;NONE;NONE;NONE;;;;MAGE01;IMOENHP1;;;;;0;bg1;
BDCUTSP6;HUMANOID;NO_RACE;NO_CLASS;BIRD;BDCUTSP6;NONE;1;NIETHER;MALE;NEUTRAL;NONE;NONE;NONE;NONE;NONE;;;;MAGE01;IMOENHP1;;;;;0;bg1;
BDCUVIER;HUMANOID;HUMAN;FIGHTER_MAGE;MAGE_MALE_HUMAN;BDCUVIER;BDCUVIER;7;MALE;MALE;ENEMY;;BDBWAVE;BDSHOUT;BDFMAG01;;BDHELM03;SHLD28;BDRING06;;;SW1H41;DART05;;;5000;bg1;Cuvieronius
BDDAEROS;UNDEAD;SPECTRE;FIGHTER;FIGHTER_MALE_DWARF;BDDAEROS;BDDAEROS;9;MALE;MALE;NEUTRAL;;;;;BDDAEROS;;;BDRINGGH;;MINHP1;;TTSPER1;;;4000;bg1;Daeros
BDDAGF21;HUMANOID;HUMAN;FIGHTER;FIGHTER_MALE_HUMAN;BDDAGF21;BDDAGF21;7;MALE;MALE;NEUTRAL;BDDAGF;BDASC2;BDSHOUT;BDFIGH01;;HELM15;SW1H07;;;;SW1H07;;;;420;bg1;Damius
BDDAGF22;HUMANOID;HUMAN;FIGHTER;FIGHTER_MALE_HUMAN;BDDAGF22;BDDAGF22;7;MALE;MALE;NEUTRAL;BDDAGF;BDASC2;BDSHOUT;BDFIGH01;;HELM15;SW1H07;;;;SW1H07;;;;420;bg1;Sempek
BDDAGF30;HUMANOID;HALFLING;FIGHTER;FIGHTER_MALE_HALFLING;BDDAGF30;BDCOAL;7;MALE;MALE;NEUTRAL;BDADS2;BDASC;BDSHOUT;bdfigh10;;HELM15;;;;;SLNG01;DAGG01;;;420;bg1;Daggerford Scout
BDDAGF31;HUMANOID;HUMAN;FIGHTER;FIGHTER_MALE_HUMAN;BDDAGF31;BDCOAL;7;MALE;MALE;NEUTRAL;BDADS2;BDASC;BDSHOUT;bdfigh11;;HELM15;;;;;BLUN02;;;;420;bg1;Daggerford Militia
BDDAGF32;HUMANOID;DWARF;FIGHTER;FIGHTER_MALE_DWARF;BDDAGF32;BDCOAL;7;MALE;MALE;NEUTRAL;BDADS2;BDASC;BDSHOUT;bdfigh10;;HELM15;SHLD01;;;;AX1H01;;;;420;bg1;Daggerford Militia
BDDAGF35;HUMANOID;DWARF;FIGHTER;FIGHTER_MALE_DWARF;BDDAGF35;BDCOAL;7;MALE;MALE;NEUTRAL;BDADS1;BDASC;BDSHOUT;bdfigh10;;HELM15;SHLD01;;;;HAMM01;;;;420;bg1;Daggerford Militia
BDDAGF36;HUMANOID;HUMAN;FIGHTER;FIGHTER_FEMALE_HUMAN;BDDAGF36;BDCOAL;7;FEMALE;FEMALE;NEUTRAL;BDADS1;BDASC;BDSHOUT;bdfigh10;;HELM15;;;;;BOW03;DAGG01;;;420;bg1;Daggerford Militia
BDDAGF37;HUMANOID;HUMAN;FIGHTER;FIGHTER_MALE_HUMAN;BDDAGF37;BDCOAL;7;MALE;MALE;NEUTRAL;BDADS1;BDASC;BDSHOUT;bdfigh10;;HELM15;;;;;SPER01;;;;420;bg1;Daggerford Militia
BDDAGF38;HUMANOID;HALFLING;FIGHTER;FIGHTER_MALE_HALFLING;BDDAGF38;BDCOAL;7;MALE;MALE;NEUTRAL;BDADS1;BDASC;BDSHOUT;bdfigh10;;HELM15;;;;;SLNG01;DAGG01;;;420;bg1;Daggerford Militia
BDDAGF40;HUMANOID;HUMAN;FIGHTER;FIGHTER_FEMALE_HUMAN;BDDAGF40;BDDAGF;7;FEMALE;MALE;NEUTRAL;RR#PICKP;BDASC2;BDSHOUT;BDFIGH01;;HELM15;;;;;HALB01;;;;650;bg1;Daggerford Militia
BDDAGF41;HUMANOID;HUMAN;FIGHTER;FIGHTER_FEMALE_HUMAN;BDDAGF41;BDDAGF;7;FEMALE;MALE;NEUTRAL;RR#PICKP;BDASC2;BDSHOUT;BDFIGH01;;HELM15;;;;;HALB01;;;;650;bg1;Daggerford Militia
BDDAGF42;HUMANOID;HUMAN;FIGHTER;FIGHTER_FEMALE_HUMAN;BDDAGF42;BDDAGF;7;FEMALE;MALE;NEUTRAL;RR#PICKP;BDASC2;BDSHOUT;BDFIGH01;;HELM15;;;;;HALB01;;;;650;bg1;Daggerford Militia
BDDAGF43;HUMANOID;HALFLING;FIGHTER;FIGHTER_FEMALE_HALFLING;BDDAGF43;BDDAGF;7;FEMALE;MALE;NEUTRAL;RR#PICKP;BDASC2;BDSHOUT;BDFIGH01;;HELM15;;;;;SW1H07;;;;650;bg1;Daggerford Militia
BDDAGF44;HUMANOID;HALFLING;FIGHTER;FIGHTER_FEMALE_HALFLING;BDDAGF44;BDDAGF;7;FEMALE;MALE;NEUTRAL;RR#PICKP;BDASC2;BDSHOUT;BDFIGH01;;HELM15;;;;;SW1H07;;;;650;bg1;Daggerford Militia
BDDAGF45;HUMANOID;DWARF;FIGHTER;FIGHTER_FEMALE_DWARF;BDDAGF45;BDDAGF;7;FEMALE;MALE;NEUTRAL;RR#PICKP;BDASC2;BDSHOUT;BDFIGH01;;HELM15;;;;;HAMM01;;;;650;bg1;Daggerford Militia
BDDAGF46;HUMANOID;DWARF;FIGHTER;FIGHTER_FEMALE_DWARF;BDDAGF46;BDDAGF;7;FEMALE;MALE;NEUTRAL;RR#PICKP;BDASC2;BDSHOUT;BDFIGH01;;HELM15;;;;;HAMM01;;;;650;bg1;Daggerford Militia
BDDAGF47;HUMANOID;HUMAN;MONK;MONK_FEMALE_HUMAN;BDDAGF47;BDDAGF;7;FEMALE;MALE;NEUTRAL;BDDAGF57;BDASC2;BDSHOUT;BDFIGH01;;;;;;;;;;;650;bg1;Daggerford Militia
BDDAGF49;HUMANOID;HUMAN;FIGHTER;FIGHTER_FEMALE_HUMAN;BDDAGF49;BDDAGF;7;FEMALE;MALE;NEUTRAL;BDASC2;BDDAGF49;BDSHOUT;BDFIGH01;;HELM15;;;;;HALB01;;;;650;bg1;Daggerford Militia
BDDAGF50;HUMANOID;HUMAN;FIGHTER;FIGHTER_MALE_HUMAN;BDDAGF50;BDDAGF;7;MALE;MALE;NEUTRAL;RR#PICKP;BDASC2;BDSHOUT;BDFIGH01;;HELM15;;;;;HALB01;;;;650;bg1;Daggerford Militia
BDDAGF51;HUMANOID;HUMAN;FIGHTER;FIGHTER_MALE_HUMAN;BDDAGF51;BDDAGF;7;MALE;MALE;NEUTRAL;RR#PICKP;BDASC2;BDSHOUT;BDFIGH01;;HELM15;;;;;HALB01;;;;650;bg1;Daggerford Militia
BDDAGF52;HUMANOID;HUMAN;FIGHTER;FIGHTER_MALE_HUMAN;BDDAGF52;BDDAGF;7;MALE;MALE;NEUTRAL;RR#PICKP;BDASC2;BDSHOUT;BDFIGH01;;HELM15;;;;;HALB01;;;;650;bg1;Daggerford Militia
BDDAGF53;HUMANOID;HALFLING;FIGHTER;FIGHTER_MALE_HALFLING;BDDAGF53;BDDAGF;7;MALE;MALE;NEUTRAL;RR#PICKP;BDASC2;BDSHOUT;BDFIGH01;;HELM15;;;;;SW1H07;;;;650;bg1;Daggerford Militia
BDDAGF54;HUMANOID;HALFLING;FIGHTER;FIGHTER_MALE_HALFLING;BDDAGF54;BDDAGF;7;MALE;MALE;NEUTRAL;RR#PICKP;BDASC2;BDSHOUT;BDFIGH01;;HELM15;;;;;SW1H07;;;;650;bg1;Daggerford Militia
BDDAGF55;HUMANOID;DWARF;FIGHTER;FIGHTER_MALE_DWARF;BDDAGF55;BDDAGF;7;MALE;MALE;NEUTRAL;RR#PICKP;BDASC2;BDSHOUT;BDFIGH01;;HELM15;;;;;HAMM01;;;;650;bg1;Daggerford Militia
BDDAGF56;HUMANOID;DWARF;FIGHTER;FIGHTER_MALE_DWARF;BDDAGF56;BDDAGF;7;MALE;MALE;NEUTRAL;RR#PICKP;BDASC2;BDSHOUT;BDFIGH01;;HELM15;;;;;HAMM01;;;;650;bg1;Daggerford Militia
BDDAGF57;HUMANOID;HUMAN;MONK;MONK_MALE_HUMAN;BDDAGF57;BDDAGF;7;MALE;MALE;NEUTRAL;BDDAGF57;BDASC2;BDSHOUT;BDFIGH01;;;;;;;;;;;650;bg1;Daggerford Militia
BDDAGF59;HUMANOID;HUMAN;FIGHTER;FIGHTER_MALE_HUMAN;BDDAGF59;BDDAGF;7;MALE;MALE;NEUTRAL;BDASC2;BDDAGF49;BDSHOUT;BDFIGH01;;HELM15;;;;;HALB01;;;;650;bg1;Daggerford Militia
BDDAGF60;HUMANOID;HALFLING;FIGHTER;FIGHTER_MALE_HALFLING;BDDAGF60;BDDAGF;7;MALE;MALE;NEUTRAL;BDASC2;BDDAGF49;BDSHOUT;BDFIGH01;;HELM15;;;;;SW1H07;;;;650;bg1;Daggerford Militia
BDDAGF61;HUMANOID;HALFLING;FIGHTER;FIGHTER_FEMALE_HALFLING;BDDAGF61;BDDAGF61;7;FEMALE;FEMALE;NEUTRAL;BDDAGF61;;BDSHOUT;BDFIGH01;;HELM15;SHLD01;;;;AX1H01;;;;420;bg1;Daggerford Militia
BDDAGF70;HUMANOID;DWARF;FIGHTER;FIGHTER_FEMALE_DWARF;BDDAGF70;BDDAGF;7;FEMALE;MALE;NEUTRAL;RR#PICKP;BDASC2;BDSHOUT;BDFIGH01;BDDAGF70;HELM15;;;;;HAMM01;;;;650;bg1;Daggerford Militia
BDDAGF71;HUMANOID;HUMAN;FIGHTER;FIGHTER_FEMALE_HUMAN;BDDAGF71;BDDAGF;7;FEMALE;MALE;NEUTRAL;RR#PICKP;BDASC2;BDSHOUT;BDFIGH01;BDDAGF70;HELM15;;;;;HALB01;;;;650;bg1;Daggerford Militia
BDDAGF72;HUMANOID;HUMAN;FIGHTER;FIGHTER_MALE_HUMAN;BDDAGF72;BDDAGF;7;MALE;MALE;NEUTRAL;RR#PICKP;BDASC2;BDSHOUT;BDFIGH01;BDDAGF70;HELM15;;;;;HALB01;;;;650;bg1;Daggerford Militia
BDDAGFX1;HUMANOID;HUMAN;FIGHTER;FIGHTER_MALE_HUMAN;BDDAGFX1;BDDAGFX1;8;MALE;MALE;NEUTRAL;RR#PICKP;BDASC2;BDSHOUT;BDFIGH01;;HELM15;SW1H07;;;;SW1H07;;;;975;bg1;Daggerford Sergeant
BDDAGFX3;HUMANOID;HUMAN;FIGHTER;FIGHTER_MALE_HUMAN;BDDAGFX3;BDCOAL;8;MALE;MALE;NEUTRAL;BDADS2;BDASC;BDSHOUT;bdfigh11;;HELM15;BLUN06;;;;BLUN07;;;;975;bg1;Daggerford Sergeant
BDDAGOFF;HUMANOID;HUMAN;FIGHTER;FIGHTER_MALE_HUMAN;BDDAGOFF;BDDAGOFF;8;MALE;MALE;NEUTRAL;RR#PICKP;BDASC;BDSHOUT;BDFIGH01;;HELM15;;;;;BOW01;SW1H07;;;975;bg1;Daggerford Officer
BDDAMARR;HUMANOID;HUMAN;FIGHTER;FIGHTER_FEMALE_HUMAN;BDDAMARR;BDDAMARR;7;FEMALE;FEMALE;NEUTRAL;BDTRIAL;BDDSC2;BDSHOUT;bdfigh10;;;;;;;SW2H01;;;;650;bg1;Damarr
BDDANC01;MONSTER;MIST;MIST;WILL_O_WISP_SMALL;BDDANC01;;1;SUMMONED;SUMMONED;NEUTRAL;;;;BDDANC01;;;;RING95;;;;;;;0;bg1;Dancing Light
BDDANC02;MONSTER;MIST;MIST;ELEMENTAL_FIRE_SMALL_PURPLE;BDDANC02;;4;SUMMONED;SUMMONED;NEUTRAL;;;;BDDANC01;;;;RING95;;;;;;;0;bg1;Dancing Light
BDDANIN2;HUMANOID;HUMAN;THIEF;THIEF_FEMALE_HUMAN;BDDANINE;BDDANINE;7;FEMALE;FEMALE;NEUTRAL;BDADS2;BDASC;BDSHOUT;BDTHIE01;;;;;;;DAGG15;;;;420;bg1;Danine
BDDANINE;HUMANOID;HUMAN;THIEF;THIEF_FEMALE_HUMAN;BDDANINE;BDDANINE;7;FEMALE;FEMALE;NEUTRAL;BDDANINE;NONE;NONE;NONE;;;;;;;DAGG15;;;;420;bg1;Danine
BDDARAN;HUMANOID;DWARF;FIGHTER_THIEF;FIGHTER_MALE_DWARF;BDDARAN;BDDARAN;5;MALE;MALE;NEUTRAL;BDDARAN;;BDSHOUT;BDFIGH01;;;;;;;SW1H08;;;;175;bg1;Daran Highhammer
BDDARNAS;HUMANOID;HUMAN;FIGHTER;FIGHTER_MALE_HUMAN;BDDARNAS;BDDARNAS;10;MALE;MALE;NEUTRAL;BDAVERNU;;BDSHOUT;BDFIGH01;;HELM06;;;;MINHP1;SW2H02;;;;2000;bg1;Darnas
BDDARSKH;HUMANOID;MIND_FLAYER;MIND_FLAYER;MINDFLAYER;BDDARSKH;BDDARSKH;8;MALE;MALE;ENEMY;SHOUTDL2;NONE;NONE;BDFLAY01;;;;;;;MINDFLAY;;;;9000;bg1;Darskhelin
BDDAUSTO;HUMANOID;HUMAN;PALADIN;FIGHTER_MALE_HUMAN;BDDAUSTO;BDDAUSTO;7;MALE;MALE;NEUTRAL;BDDAUSTO;None;None;None;dw1melpa;;;;;;;;;;600;bg1;Dauston
BDDAZZO;HUMANOID;HUMAN;FIGHTER;FIGHTER_MALE_HUMAN;BDDAZZO;BDDAZZO;8;MALE;MALE;NEUTRAL;BDDAZZO;;BDSHOUT;BDFIGH01;;HELM13;;;;MINHP1;HALB02;;;;975;bg1;Sergeant Dazzo
BDDCLER1;HUMANOID;DWARF;CLERIC;CLERIC_MALE_DWARF;BDDCLER1;BDDCLER;8;MALE;MALE;NEUTRAL;RR#PICKP;BDDCLER;BDSHOUT;BDCLER01;NONE;;SHLD03;;;;HAMM01;BDHAMM03;;;975;bg1;Dwarven Cleric
BDDCLER2;HUMANOID;DWARF;CLERIC;CLERIC_FEMALE_DWARF;BDDCLER2;BDDCLER;8;FEMALE;FEMALE;NEUTRAL;RR#PICKP;BDDCLER;BDSHOUT;BDCLER01;NONE;;SHLD01;;;BDAMUL09;SLNG01;BLUN05;;;975;bg1;Dwarven Cleric
BDDCLER3;HUMANOID;DWARF;FIGHTER_CLERIC;FIGHTER_MALE_DWARF;BDDCLER3;BDDCLER;7;MALE;MALE;NEUTRAL;RR#PICKP;BDDCLER;BDSHOUT;BDFCLE01;NONE;HELM01;SHLD05;;;BDAMUL09;HAMM02;;;;975;bg1;Dwarven Cleric
BDDCOR01;MONSTER;DEMONIC;IMP;CORNUGON;BDDCOR01;;10;MALE;MALE;ENEMY;;BDENSHTV;BDDCOR01;;BDFIG00;;;IMMUNE2;RINGDEMN;REGHP2R;BDDCOR01;;;;10000;bg1;Cornugon
BDDEAD;HUMANOID;HUMAN;INNOCENT;PEASANT_MAN;BDDEAD;;1;MALE;MALE;NEUTRAL;None;None;None;None;None;;;;;;;;;;0;bg1;Male Body
BDDEAD01;UNDEAD;GHOUL;FIGHTER;DROWNED_DEAD_RED;BDDEAD01;;7;MALE;MALE;ENEMY;;BDENSHTV;;;BDNONIN;;;RING95;;;S1-8M1;;;;800;bg1;Drowned in Blood
BDDEADM;MONSTER;NO_RACE;NO_CLASS;MYCONID_RED;BDDEADM;NONE;6;MALE;MALE;NEUTRAL;NONE;NONE;NONE;NONE;NONE;;;;;;UMBER01;;;;120;bg1;Myconid
BDDEADO;HUMANOID;ORC;FIGHTER;OROG;BDOROG01;;3;MALE;MALE;ENEMY;;BDENSHTV;;;BDFIG00;;;;;;SW1H01;;;;150;bg1;Orog
BDDEADOG;ANIMAL;DOG;DOG_WILD;DOG_WILD;BDDEADOG;;1;MALE;MALE;ENEMY;;None;None;None;;;;;;;P1-4;;;;35;bg1;Wild Dog
BDDEADTH;DEAD;HUMAN;MAGE;THIEF_MALE_HUMAN;BDDEADTH;NONE;1;MALE;MALE;127;NONE;NONE;NONE;NONE;NONE;;;;;;;;;;0;bg1;Corpse
BDDEEP;HUMANOID;DWARF;CLERIC;CLERIC_MALE_DWARF;BDDEEP;BDDEEP;10;MALE;MALE;NEUTRAL;BDDEEP;BDDCLER;BDSHOUT;BDCLER01;NONE;BDHELM09;SHLD04;;;BDAMUL09;HAMM08;SLNG02;;;2000;bg1;Brother Deepvein
BDDEEP2;HUMANOID;DWARF;CLERIC;CLERIC_MALE_DWARF;BDDEEP2;BDDEEP;10;MALE;MALE;NEUTRAL;BDBTEAM5;BDBCOAL;BDSHOUT;BDCLER01;NONE;BDHELM09;SHLD04;;;MINHP1;HAMM08;SLNG02;;;2000;bg1;Brother Deepvein
BDDELANC;HUMANOID;HUMAN;FIGHTER;FIGHTER_MALE_HUMAN;BDDELANC;BDDELANC;10;MALE;MALE;NEUTRAL;BDDELANC;BDASC;BDSHOUT;BDFIGH28;;HELM03;;;RING07;MINHP1;XBOW07;SW2H11;;;2000;bg1;Torsin de Lancie
BDDELEND;HUMANOID;HUMAN;INNOCENT;NOBLE_WOMAN;BDDELEND;BDDELEND;1;FEMALE;FEMALE;NEUTRAL;BDDELEND;None;;None;;;;;;AMUL12;;;;;15;bg1;Delenda
BDDELTON;HUMANOID;GNOME;MAGE;MAGE_MALE_GNOME;BDDELTON;BDDELTON;8;MALE;MALE;NEUTRAL;BDTRIAL;BDDSC2;BDSHOUT;BDMAGE39;;;;;;;DAGG01;DART03;;;975;bg1;Delton
BDDENELD;HUMANOID;HUMAN;BARD;THIEF_MALE_HUMAN;BDDENELD;BDDENELD;10;MALE;MALE;NEUTRAL;BDDENELD;BDDSC2;BDSHOUT;BDMAGE01;;HELM01;;BDRING03;;;SW1H08;XBOW05;;;2000;bg1;Deneld
BDDEVIL1;MONSTER;DEMONIC;IMP;ABISHAI_RED;BDDEVIL1;;6;MALE;MALE;ENEMY;;BDENSHTV;BDABISHA;;BDFIG00;;;IMMUNE1;RINGDEMN;REGHP1;BDABISHA;;;;9000;bg1;Red Abishai
BDDEVIL2;MONSTER;DEMONIC;IMP;ABISHAI_GREEN;BDDEVIL2;;4;MALE;MALE;ENEMY;;BDENSHTV;BDABISHA;;BDFIG00;;;IMMUNE1;RINGDEMN;REGHP1;BDABISHA;;;;8000;bg1;Green Abishai
BDDGOB1;HUMANOID;GOBLIN;FIGHTER;GOBLIN_ELITE_AXE;BDDGOB1;;9;MALE;FEMALE;NEUTRAL;;;;;;;;;;;;;;;0;bg1;Gar Fouleye
BDDGOB2;HUMANOID;GOBLIN;FIGHTER;GOBLIN_AXE;BDDGOB2;;9;MALE;FEMALE;NEUTRAL;;;;;;;;;;;;;;;0;bg1;D'mak Greatgas
BDDGOB3;HUMANOID;GOBLIN;FIGHTER;GOBLIN_AXE;BDDGOB3;;4;MALE;FEMALE;NEUTRAL;;;;;;;;;;;;;;;0;bg1;Sot Darkoozing
BDDGOB4;HUMANOID;GOBLIN;FIGHTER;GOBLIN_AXE;BDDGOB4;;4;MALE;FEMALE;NEUTRAL;;;;;;;;;;;;;;;0;bg1;R'gosz the Puke
BDDHORSE;ANIMAL;NO_RACE;NO_CLASS;HORSE;None;None;1;MALE;MALE;NEUTRAL;None;None;None;None;None;;;;;;;;;;1;bg1;Horse
BDDIRLA;HUMANOID;HALF_ELF;RANGER;FIGHTER_FEMALE_ELF;BDDIRLA;BDDIRLA;5;FEMALE;FEMALE;NEUTRAL;LUISGANG;;;;dw1melar;HELM01;BLUN01;;;;SW1H07;;;;250;bg1;Dirla
BDDISPBE;ANIMAL;CAT;CAT;GREATCAT_PANTHER;BDDISPBE;;6;MALE;MALE;ENEMY;;BDENSHTV;;;BDNONIN;;;;;;BDDISPBE;;;;975;bg1;Displacer Beast
BDDISPBP;ANIMAL;CAT;CAT;GREATCAT_PANTHER;BDDISPBP;;9;MALE;MALE;ENEMY;;BDENSHTV;;;BDNONIN;;;;;;BDDISPBE;;;;1200;bg1;Displacer Pack Lord
BDDLICH;UNDEAD;LICH;MAGE;LICH;BDDLICH;BDDLICH;11;MALE;MALE;NEUTRAL;NONE;NONE;NONE;BDLICH;dw1melge;;;;LICH;;LICH02;;;;22000;bg1;Lich
BDDM01;HUMANOID;HUMAN;MAGE;MAGE_MALE_HUMAN;BDDM01;BDDM01;9;MALE;MALE;NEUTRAL;BDDMSH;NONE;BDSHOUT;BDMAGE01;NONE;;;;;;DAGG02;SLNG01;;;2000;bg1;Dark Magician
BDDM02;HUMANOID;ELF;MAGE;MAGE_MALE_ELF;BDDM02;BDDM02;9;MALE;MALE;NEUTRAL;BDDMSH;NONE;BDSHOUT;BDMAGE01;NONE;;;;;;STAF01;DART04;;;2000;bg1;Dark Magician
BDDM03;HUMANOID;HUMAN;MAGE;MAGE_MALE_HUMAN;BDDM03;BDDM03;7;MALE;MALE;NEUTRAL;BDDMSH;NONE;BDSHOUT;BDMAGE01;NONE;;;;;;STAF01;DART03;;;975;bg1;Dark Magician
BDDM04;HUMANOID;HUMAN;MAGE;MAGE_FEMALE_HUMAN;BDDM04;BDDM04;8;FEMALE;FEMALE;NEUTRAL;BDDMSH;NONE;BDSHOUT;BDMAGE01;NONE;;;;;;DAGG01;SLNG02;;;1400;bg1;Dark Magician
BDDM05;HUMANOID;ELF;MAGE;MAGE_FEMALE_ELF;BDDM05;BDDM05;8;FEMALE;FEMALE;NEUTRAL;BDDMSH;NONE;BDSHOUT;BDMAGE01;NONE;;;;;;STAF01;SLNG01;;;1400;bg1;Dark Magician
BDDM06;HUMANOID;HUMAN;MAGE;MAGE_MALE_HUMAN;BDDM06;BDDM06;10;MALE;MALE;NEUTRAL;BDDMSH;NONE;BDSHOUT;BDMAGE01;NONE;;;;;;STAF01;DART03;;;3000;bg1;Dark Magician
BDDM07;HUMANOID;HUMAN;MAGE;MAGE_MALE_HUMAN;BDDM07;BDDM07;10;MALE;MALE;NEUTRAL;BDDMSH;NONE;BDSHOUT;BDMAGE01;NONE;;;;;;STAF02;DART09;;;3000;bg1;Dark Magician
BDDM08;HUMANOID;HUMAN;MAGE;MAGE_FEMALE_HUMAN;BDDM08;BDDM08;9;FEMALE;FEMALE;NEUTRAL;BDDMSH;NONE;BDSHOUT;BDMAGE01;NONE;;;;;;STAF01;DART04;;;2000;bg1;Dark Magician
BDDM09;HUMANOID;GNOME;MAGE;MAGE_MALE_GNOME;BDDM09;BDDM09;8;MALE;MALE;NEUTRAL;BDDMSH;NONE;BDSHOUT;BDMAGE01;NONE;;;;;;DAGG01;DART02;;;1400;bg1;Dark Magician
BDDMAKGR;UNDEAD;GOBLIN;FIGHTER;GOBLIN_AXE;BDDMAKGR;BDDMAKGR;4;MALE;FEMALE;NEUTRAL;BDDGOBL;;;;dw1melge;;;;BDRINGGH;MINHP1;AX1H01;;;;500;bg1;D'mak Greatgas
BDDODWD;DEAD;DWARF;CLERIC;CLERIC_MALE_DWARF;;;1;MALE;MALE;127;;;;;;;;;;;;;;;0;bg1;Dwarven Cleric
BDDOG;ANIMAL;DOG;INNOCENT;DOG_WILD;BDDOG;;1;MALE;MALE;NEUTRAL;;None;None;None;dw1melmo;;;;;;P1-3;;;;0;bg1;Dog
BDDOGW01;ANIMAL;DOG;DOG_WILD;DOG_GRAY;BDDOGW01;BDDOGW01;1;MALE;MALE;NEUTRAL;;INITDLG;;;dw1melmo;;;;;;P1-4;;;;35;bg1;Little Wanderer
BDDOPPGR;MONSTER;DOPPLEGANGER;DOPPLEGANGER_GREATER;DOPPLEGANGER_GREATER;BDDOPPGR;;9;NIETHER;MALE;ENEMY;DOPSPELL;NONE;NONE;NONE;dw1melge;;;;;;S1-12;;;;4000;bg1;Greater Doppelganger
BDDOSIA;HUMANOID;HUMAN;CLERIC;CLERIC_FEMALE_HUMAN;BDDOSIA;BDDOSIA;8;FEMALE;FEMALE;NEUTRAL;BDDOSIA;;BDSHOUT;BDCLER01;;;;;;;STAF01;SLNG01;;;1400;bg1;Dosia
BDDOSIA1;HUMANOID;HUMAN;CLERIC;CLERIC_FEMALE_HUMAN;BDDOSIA;BDDOSIA;8;FEMALE;FEMALE;NEUTRAL;RR#PICKP;BDBCOAL;BDSHOUT;BDCLER01;;;;;;;STAF01;SLNG01;;;1400;bg1;Dosia
BDDOSIA2;HUMANOID;HUMAN;CLERIC;CLERIC_FEMALE_HUMAN;BDDOSIA;BDDOSIA;8;FEMALE;FEMALE;NEUTRAL;BDWARMAG;BDASC;BDSHOUT;BDCLER40;;;;;;;STAF01;SLNG01;;;1400;bg1;Dosia
BDDREON;HUMANOID;HUMAN;FIGHTER;FIGHTER_MALE_HUMAN;BDDREON;BDDREON;9;MALE;MALE;NEUTRAL;BDDREON;BDDSC2;BDSHOUT;BDFIGH01;;HELM01;SHLD06;;;;AX1H05;AX1H02;;;1400;bg1;Commander Dreon
BDDREON2;HUMANOID;HUMAN;FIGHTER;FIGHTER_MALE_HUMAN;BDDREON;BDDREON;9;MALE;MALE;NEUTRAL;RR#PICKP;BDDSC;BDSHOUT;bdfigh10;;HELM01;SHLD06;;;;AX1H05;AX1H02;;;1400;bg1;Commander Dreon
BDDRGGRY;MONSTER;DRAGON;GREEN_DRAGON;WYVERN;BDDRGGRY;;11;MALE;MALE;ENEMY;BDWYVR03;BDENSHTV;BDDRGGRY;;BDFIG00;;;;BDIMMGAS;;BDDRGGRY;;;;8000;bg1;Young Green Dragon
BDDRIDR1;MONSTER;SPIDER;FIGHTER_CLERIC;DRIDER_FEMALE;BDDRIDR1;;7;FEMALE;FEMALE;ENEMY;;;BDDROWCL;;;HELMNOAN;;;;;AX1H02;;;;3000;bg1;Drider
BDDRIDRF;MONSTER;SPIDER;FIGHTER_CLERIC;DRIDER_FEMALE;BDDRIDRF;;7;FEMALE;FEMALE;NEUTRAL;;;BDSHOUT;BDDRCL01;;HELMNOAN;;;;;BLUN07;;;;3000;bg1;Drider
BDDRIDRM;MONSTER;SPIDER;FIGHTER_MAGE;DRIDER_MALE;BDDRIDRM;;7;MALE;MALE;NEUTRAL;;;BDSHOUT;BDDRMA01;;HELMNOAN;;;;;SW1H05;AX1H04;;;1400;bg1;Drider
BDDROWAS;HUMANOID;ELF;THIEF;THIEF_MALE_ELF;BDDROWAS;BDDROW;9;MALE;MALE;NEUTRAL;RR#PICKP;;BDSHOUT;BDDRFT01;;HELMNOAN;;;;;DWXBOW01;DWSW1H02;;;1400;bg1;Drow Assassin
BDDROWF2;HUMANOID;ELF;FIGHTER;DROW;BDDROWF2;BDDROW;9;MALE;MALE;NEUTRAL;RR#PICKP;;BDSHOUT;BDDRFT01;;HELMNOAN;;;;;DWSPER01;;;;1400;bg1;Drow Marauder
BDDROWFI;HUMANOID;ELF;FIGHTER;DRIZZT;BDDROWFI;BDDROW;11;MALE;MALE;NEUTRAL;RR#PICKP;;BDSHOUT;BDDRFI01;;HELMNOAN;DWSW1H01;;;;DWSW1H01;;;;3000;bg1;Drow Blademaster
BDDROWFM;HUMANOID;ELF;FIGHTER_MAGE;DROW;BDDROWFM;BDDROWFM;9;MALE;MALE;NEUTRAL;RR#PICKP;;BDSHOUT;BDDRMA01;;HELMNOAN;;;;;DWSPER01;DWDART01;;;3000;bg1;Drow War Mage
BDDROWFT;HUMANOID;ELF;FIGHTER_THIEF;THIEF_MALE_ELF;BDDROWFT;BDDROW;7;MALE;MALE;NEUTRAL;RR#PICKP;;BDSHOUT;BDDRFT01;;HELMNOAN;;;;;DWXBOW01;DWSW1H02;;;1400;bg1;Drow War Scout
BDDSARC2;HUMANOID;DWARF;FIGHTER;FIGHTER_MALE_DWARF;BDDSARCH;BDCRUS;7;MALE;MALE;NEUTRAL;BDDSARCH;;BDSHOUT;bdfigh10;;HELM01;;;;;XBOW01;HAMM01;;;420;bg1;Crusader
BDDSARC3;HUMANOID;ELF;FIGHTER;FIGHTER_FEMALE_ELF;BDDSARCH;BDCRUS;7;FEMALE;FEMALE;NEUTRAL;BDDSARCH;;BDSHOUT;bdfigh11;;;;;;;BOW03;DAGG01;;;420;bg1;Crusader
BDDSARC4;HUMANOID;HOBGOBLIN;FIGHTER;HOBGOBLIN;BDDSARCH;BDCRUS29;7;MALE;FEMALE;NEUTRAL;BDDSARCH;;BDSHOUT;bdfigh10;;HELM01;;;;;BOW03;SW1H07;;;420;bg1;Mercenary
BDDSARCH;HUMANOID;HUMAN;FIGHTER;FIGHTER_MALE_HUMAN;BDDSARCH;BDCRUS;8;MALE;MALE;NEUTRAL;BDDSARCH;;BDSHOUT;bdfigh10;;HELM01;;;;;BOW02;SW1H04;;;975;bg1;Crusader Sergeant
BDDSSEN;HUMANOID;HALF_ELF;FIGHTER;FIGHTER_MALE_ELF;BDDSSEN;BDDSSEN;9;MALE;MALE;NEUTRAL;BDDSSEN;BDDSC2;BDSHOUT;BDFIGH01;;HELM01;SHLD04A;;;;SW1H05;;;;1400;bg1;Crusader Officer
BDDSSEN1;HUMANOID;HUMAN;FIGHTER;FIGHTER_FEMALE_HUMAN;BDDSSEN1;BDDSSEN1;7;FEMALE;FEMALE;NEUTRAL;BDDSSEN;BDDSC2;BDSHOUT;BDFIGH01;;HELM01;;;;;BOW03;BLUN04;;;650;bg1;Crusader Guard
BDDSSEN2;HUMANOID;HUMAN;FIGHTER;FIGHTER_MALE_HUMAN;BDDSSEN2;BDDSSEN1;7;MALE;MALE;NEUTRAL;BDDSSEN;BDDSC2;BDSHOUT;BDFIGH01;;HELM01;;;;;HALB01;;;;650;bg1;Crusader Guard
BDDSSEN3;HUMANOID;DWARF;FIGHTER;FIGHTER_MALE_DWARF;BDDSSEN3;BDDSSEN1;7;MALE;MALE;NEUTRAL;BDDSSEN;BDDSC2;BDSHOUT;BDFIGH01;;HELM01;SHLD05;;;;AX1H01;AX1H04;;;650;bg1;Crusader Guard
BDDSSEN4;HUMANOID;HALFORC;FIGHTER;FIGHTER_MALE_HALFORC;BDDSSEN4;BDDSSEN1;7;MALE;MALE;NEUTRAL;BDDSSEN;BDDSC2;BDSHOUT;BDFIGH01;;BDHELM03;AX1H01;;;;AX1H01;;;;650;bg1;Crusader Guard
BDDSSEN5;HUMANOID;HUMAN;FIGHTER_DRUID;CLERIC_MALE_HUMAN;BDDSSEN5;BDDSSEN1;3;MALE;MALE;NEUTRAL;BDDSSEN;BDDSC2;BDSHOUT;BDDRUI01;;;;;;;SPER01;DART03;;;2000;bg1;Crusader Guard
BDDSSEN6;HUMANOID;ELF;FIGHTER_MAGE;MAGE_FEMALE_ELF;BDDSSEN6;BDDSSEN1;9;FEMALE;MALE;NEUTRAL;BDDSSEN;BDDSC2;BDSHOUT;BDFMAG01;;;;;;;SW1H05;DART03;;;2000;bg1;Crusader Guard
BDDSSEN7;HUMANOID;HUMAN;RANGER;FIGHTER_FEMALE_HUMAN;BDDSSEN7;BDDSSEN7;7;FEMALE;FEMALE;NEUTRAL;RR#PICKP;BDDSC2;BDSHOUT;BDFIGH01;;;;;;;BOW02;BLUN04;;;650;bg1;Crusader Guard
BDDUGRAF;HUMANOID;HUMAN;FIGHTER;FIGHTER_MALE_HUMAN;BDDUGRAF;BDDUGRAF;7;MALE;MALE;NEUTRAL;BDDUGRAF;;BDSHOUT;BDFIGH01;BDDUGRAF;HELM09;SHLD01;;;;SW1H04;;;;420;bg1;Sergeant Dugraff
BDDWARF;HUMANOID;DWARF;INNOCENT;MAGE_MALE_DWARF;BDDWARF;;1;MALE;MALE;NEUTRAL;;None;None;None;;;;;;;;;;;7;bg1;Commoner
BDDYINGM;PLANT;MYCONID;NO_CLASS;MYCONID_RED;BDDYINGM;BDDYINGM;5;NIETHER;MALE;NEUTRAL;;BDENSHTV;;BDMYCRD;BDFIG00;;;BDPLANT;;IPSION;B5-20M1;;;;420;bg1;Dying Myconid
BDEARTHE;GIANTHUMANOID;ELEMENTAL;ELEMENTAL_EARTH;ELEMENTAL_EARTH;BDEARTHE;BDEARTHE;16;NIETHER;MALE;NEUTRAL;BDMISC01;BDEARTHE;BDENSHTV;BDEARTHG;BDFIG00;BDMISC1B;;IMMUNE2;;;BDEARTHG;BDSPECTQ;;;11000;bg1;Greater Earth Elemental
BDEFREET;GIANTHUMANOID;GENIE;GENIE_EFREETI;DJINNI_LEGS;BDEFREET;;10;NIETHER;SUMMONED;ENEMY;NONE;NONE;NONE;EFREET01;dw1melge;;;;;;B3-24;;;;8000;bg1;Efreeti
BDEINER;GIANTHUMANOID;OGRE;FIGHTER;OGRE;BDEINER;BDEINER;11;NIETHER;MALE;NEUTRAL;BDEINER;BD5200EN;BDSHOUT;BDFIGH01;;;;;;;BLUN06;;;;2000;bg1;Einer
BDELANDR;HUMANOID;ELF;MAGE;MAGE_MALE_ELF;BDELANDR;BDELANDR;6;MALE;MALE;NEUTRAL;BDELANDR;BDFORT;BDSHOUT;BDMAGE01;;;;;;;STAF01;DART01;;;420;bg1;Elandro
BDELEFIR;GIANTHUMANOID;ELEMENTAL;ELEMENTAL_FIRE;ELEMENTAL_FIRE;BDELEFIR;;16;SUMMONED;SUMMONED;NEUTRAL;BDELEFIR;NONE;NONE;NONE;dw1melge;;;IMMUNE2;;;FIREELEM;;;;0;bg1;Greater Fire Elemental
BDELF1D;DEAD;ELF;FIGHTER;FIGHTER_FEMALE_ELF;;;1;FEMALE;FEMALE;127;;;;;;;;;;;;;;;0;bg1;Elf
BDELF2D;DEAD;ELF;FIGHTER;FIGHTER_FEMALE_ELF;;;1;FEMALE;FEMALE;127;;;;;;;;;;;;;;;0;bg1;Elf
BDELF3D;DEAD;ELF;FIGHTER;FIGHTER_MALE_ELF;;;1;MALE;MALE;127;;;;;;;;;;;;;;;0;bg1;Elf
BDELF4D;DEAD;ELF;FIGHTER;FIGHTER_FEMALE_ELF;;;1;FEMALE;FEMALE;127;;;;;;;;;;;;;;;0;bg1;Elf
BDELFIRG;GIANTHUMANOID;ELEMENTAL;ELEMENTAL_FIRE;ELEMENTAL_FIRE;BDELFIRG;;16;NIETHER;SUMMONED;ENEMY;NONE;NONE;NONE;NONE;dw1melge;;;IMMUNE2;;;FIREELEM;;;;10000;bg1;Greater Fire Elemental
BDELFIRL;GIANTHUMANOID;ELEMENTAL;ELEMENTAL_FIRE;ELEMENTAL_FIRE;BDELFIRL;;6;NIETHER;MALE;ENEMY;;BDENSHTV;;;BDFIG00;;;;;;FIREELEL;;;;400;bg1;Lesser Fire Elemental
BDELFIRM;GIANTHUMANOID;ELEMENTAL;ELEMENTAL_FIRE;ELEMENTAL_FIRE_SMALL;BDELFIRM;;12;SUMMONED;SUMMONED;ENEMY;NONE;NONE;NONE;NONE;dw1melge;;;IMMUNE2;;;FIREELEM;;;;6000;bg1;Fire Elemental
BDELTAN;HUMANOID;HUMAN;FIGHTER;FIGHTER_MALE_HUMAN;BDELTAN;BDELTAN;20;MALE;MALE;NEUTRAL;RR#PICKP;NONE;BDSHOUT;BDFIGH01;NONE;;;;MINHP1;AMUL17;SW1H41;;;;12000;bg1;Duke Eltan
BDENDLES;UNDEAD;SPECTRE;SPECTRE;GHOST;BDENDLES;BDENDLES;13;MALE;MALE;NEUTRAL;SHOUTDLG;;BDENSHTV;;BDFIG00;;;IMMUNE1;RING95;;BDENDLES;;;;9000;bg1;Endless Watcher
BDENTAR;HUMANOID;HUMAN;FIGHTER;FIGHTER_MALE_HUMAN;BDENTAR;BDENTAR;21;MALE;MALE;NEUTRAL;RR#PICKP;NONE;BDSHOUT;BDFIGH01;;;SHLD03;;;MINHP1;SW1H05;;;;6500;bg1;Entar Silvershield
BDENTBOY;HUMANOID;HUMAN;INNOCENT;BOY;BDENTBOY;;1;MALE;MALE;NEUTRAL;;None;None;None;;;;;;;;;;;0;bg1;Boy
BDENTCOR;DEAD;HUMAN;INNOCENT;NOBLE_WOMAN;BDENTCOR;None;1;FEMALE;FEMALE;127;None;None;None;None;None;;;;;;;;;;0;bg1;Corpse
BDENTHOR;ANIMAL;NO_RACE;NO_CLASS;HORSE;BDENTHOR;None;1;MALE;MALE;NEUTRAL;None;None;None;None;None;;;;;;;;;;1;bg1;Horse
BDENTRAN;GIANTHUMANOID;GIANT;GIANT;CYCLOPS;BDENTRAN;BDENTRAN;13;MALE;MALE;NEUTRAL;BDENTRAN;;BDSHOUT;;BDFIGH01;;;;;;B6-36M3;;;;4000;bg1;Cyclops
BDEPHRIK;HUMANOID;HUMAN;FIGHTER;FIGHTER_MALE_HUMAN;BDEPHRIK;BDEPHRIK;3;MALE;MALE;NEUTRAL;INITDLG2;;;;BDFIGH01;;SHLD15;;;;SW1H01;;;;300;bg1;Ephrik
BDERINYE;MONSTER;DEMONIC;IMP;MAGE_FEMALE_ELF;BDERINYE;;6;FEMALE;FEMALE;ENEMY;;BDENSHTV;BDERINYE;;BDARCH00;;;IMMUNE1;BDDTRAI;BDERINYE;BOW17;SW1H41;;;7000;bg1;Erinyes
BDESSERI;HUMANOID;HUMAN;CLERIC_MAGE;MAGE_FEMALE_HUMAN;BDESSERI;BDESSERI;8;FEMALE;FEMALE;NEUTRAL;BDHEPHER;BD4300EN;BDSHOUT;BDCLMA01;;;;;;;STAF02;;;;2000;bg1;Esserin
BDESTEBA;HUMANOID;HUMAN;FIGHTER;FIGHTER_MALE_HUMAN;BDESTEBA;BDESTEBA;7;MALE;MALE;NEUTRAL;BDMARI;BDFORT;BDSHOUT;BDFIGH01;;HELM15;SHLD03;;;;AX1H01;;;;650;bg1;Estebarre
BDETTIN;UNDEAD;SPECTRE;GIANT;ETTIN_GHOST;BDETTIN;BDETTIN;10;MALE;MALE;ENEMY;;;;BDETTIN;;;B2-16;BDRINGGE;;;BDBLUNGH;;;;4000;bg1;Ettin Ghost
BDFAMAR1;HUMANOID;HUMAN;FIGHTER;FIGHTER_MALE_HUMAN;BDFAMAR1;BDCRUS;7;MALE;MALE;NEUTRAL;BDFAMARI;BDDSC2;BDSHOUT;BDFIGH01;;;;;;;XBOW04;DAGG01;;;420;bg1;Mercenary
BDFAMAR2;HUMANOID;DWARF;FIGHTER;FIGHTER_MALE_DWARF;BDFAMAR2;BDCRUS;7;MALE;MALE;NEUTRAL;BDFAMARI;BDDSC2;BDSHOUT;BDFIGH01;;HELM01;SHLD01;;;;HAMM01;;;;420;bg1;Mercenary
BDFAMARI;HUMANOID;HUMAN;THIEF;THIEF_MALE_HUMAN;BDFAMARI;BDFAMARI;7;MALE;MALE;NEUTRAL;BDFAMARI;BDDSC2;BDSHOUT;BDFIGH37;;;;;;;SW1H20;;;;650;bg1;Beno Famari
BDFAMCRU;HUMANOID;HUMAN;FIGHTER;FIGHTER_MALE_HUMAN;BDFAMCRU;BDFAMCRU;9;MALE;MALE;NEUTRAL;BDFAMCRU;BDDSC2;BDSHOUT;BDFIGH01;;HELM01;SHLD06;;;;SW1H02;;;;1400;bg1;Crusader Commander
BDFAN01;HUMANOID;HUMAN;INNOCENT;PEASANT_MAN;bdfan01;BDFAN01;1;MALE;MALE;NEUTRAL;;;;;None;;;;;;;;;;15;bg1;Commoner
BDFAN02;HUMANOID;HUMAN;INNOCENT;PEASANT_WOMAN;bdfan02;BDFAN02;1;FEMALE;FEMALE;NEUTRAL;;;;None;;;;;;;;;;;15;bg1;Commoner
BDFARRL;HUMANOID;HALFORC;FIGHTER;FIGHTER_MALE_HALFORC;BDFARRL;BDFARRL;7;MALE;MALE;NEUTRAL;BDIRREGU;BDFIST;BDSHOUT;BDFIGH01;;BDHELM03;SHLD06;;;;SW1H02;;;;420;bg1;Farrl
BDFATMAN;HUMANOID;HUMAN;INNOCENT;FAT_MAN;BDFATMAN;;1;MALE;MALE;NEUTRAL;BDCRWDE;None;None;None;None;;;;;;;;;;15;bg1;Commoner
BDFATWOM;HUMANOID;HUMAN;INNOCENT;FAT_WOMAN;BDFATWOM;;1;FEMALE;FEMALE;NEUTRAL;BDCRWDE;None;None;None;None;;;;;;;;;;15;bg1;Commoner
BDFENSTE;HUMANOID;HUMAN;CLERIC;CLERIC_MALE_HUMAN;BDFENSTE;BDFENSTE;1;MALE;MALE;NEUTRAL;BDFENSTE;;;;;;;;;MINHP1;;;;;15;bg1;Fenster
BDFERRUS;HUMANOID;HUMAN;FIGHTER_DRUID;CLERIC_MALE_HUMAN;BDFERRUS;BDFERRUS;3;MALE;MALE;NEUTRAL;BDFERRUS;;BDSHOUT;BDDRUI01;;;;;;BDAMUL03;BLUN36;;;;4000;bg1;Ferrusk
BDFEYR;MONSTER;FEYR;NO_CLASS;FEYR_GREATER;BDFEYR;;16;NIETHER;NIETHER;ENEMY;BDFEYR;;;;;;;;;;BDFEYRWP;;;;13000;bg1;Greater Feyr
BDFF1000;HUMANOID;HUMAN;CLERIC;CLERIC_FEMALE_HUMAN;BDFF1000;BDFF1000;9;FEMALE;FEMALE;NEUTRAL;BDSHFFIS;;;;;HELM08;SHLD04;;;;HAMM02;;;;250;bg1;Flaming Fist Healer
BDFF1001;HUMANOID;HUMAN;FIGHTER;CLERIC_MALE_HUMAN;BDFF1001;BDFF1001;5;MALE;MALE;NEUTRAL;BDSHFFIS;;;;;HELM09;SHLD01;;;;BLUN07;;;;15;bg1;Flaming Fist Mercenary
BDFF1002;HUMANOID;HUMAN;FIGHTER;CLERIC_MALE_HUMAN;BDFF1002;BDFF1002;5;MALE;MALE;NEUTRAL;BDSHFFIS;;;;;HELM09;SHLD01;;;;SW1H02;;;;15;bg1;Flaming Fist Mercenary
BDFF1248;HUMANOID;HUMAN;FIGHTER;FIGHTER_MALE_HUMAN;BDFF1248;BDFF1248;8;MALE;MALE;NEUTRAL;BDFF1248;;;BDFIGH01;;HELM09;;;;;XBOW01;SW1H08;;;975;bg1;Flaming Fist Officer
BDFF1271;HUMANOID;HUMAN;FIGHTER;FIGHTER_MALE_HUMAN;BDFF1271;BDFF1271;8;MALE;MALE;NEUTRAL;RR#PICKP;BDASC;BDSHOUT;BDFIGH01;;HELM09;;;;;XBOW01;SW1H08;;;975;bg1;Flaming Fist Officer
BDFF1697;HUMANOID;HUMAN;FIGHTER;FIGHTER_MALE_HUMAN;BDFF1697;BDFF1697;6;MALE;MALE;NEUTRAL;RR#PICKP;;BDSHOUT;BDFIGH01;;HELM09;SHLD01;;;;SW1H04;;;;420;bg1;Flaming Fist Enforcer
BDFF1709;HUMANOID;HUMAN;FIGHTER;FIGHTER_MALE_HUMAN;BDFF1709;BDFF1709;7;MALE;MALE;NEUTRAL;BDMERCZ;;BDSHOUT;BDFIGH01;;HELM09;SHLD01;;;;SW1H04;;;;420;bg1;Flaming Fist Mercenary
BDFFDEAD;HUMANOID;HUMAN;FIGHTER;FIGHTER_MALE_HUMAN;BDFISTCC;BDFISTCC;6;MALE;MALE;NEUTRAL;BDFISTCC;;BDSHOUT;BDFIGH01;;HELM09;SHLD05;;;;SW1H04;;;;420;bg1;Flaming Fist Enforcer
BDFFDOP1;MONSTER;DOPPLEGANGER;DOPPLEGANGER;DOPPLEGANGER;BDFFDOP1;BDFFDOPP;5;NIETHER;MALE;ENEMY;BDFFDOP1;;;NONE;dw1melge;;;;;;S1-12;;;;700;bg1;Doppelganger
BDFFDOPP;HUMANOID;HUMAN;FIGHTER;CLERIC_MALE_HUMAN;BDFFDOPP;BDFFDOPP;6;MALE;MALE;NEUTRAL;BDFFDOPP;;;;;HELM09;SHLD01;;;;SW1H04;;;;175;bg1;Flaming Fist Officer
BDFFGIRL;HUMANOID;HUMAN;FIGHTER;CLERIC_FEMALE_HUMAN;BDFFGIRL;;6;FEMALE;FEMALE;NEUTRAL;BDFISTCC;;BDSHOUT;BDFIGH01;;HELM09;SHLD05;;;;;;;;420;bg1;Flaming Fist Enforcer
BDFFMAGE;HUMANOID;HUMAN;MAGE;MAGE_MALE_HUMAN;BDFFMAGE;BDFFMAGE;9;MALE;MALE;NEUTRAL;RR#PICKP;;BDSHOUT;BDMAGE01;;;;;;;STAF02;DART03;;;3000;bg1;Flaming Fist Mage
BDFFMERC;HUMANOID;DWARF;FIGHTER;FIGHTER_MALE_DWARF;BDFFMERC;BDFFMERC;7;MALE;MALE;NEUTRAL;RR#PICKP;;BDSHOUT;BDFIGH01;;HELM09;SHLD01;;;;AX1H01;;;;420;bg1;Flaming Fist Mercenary
BDFFSIT1;HUMANOID;HUMAN;FIGHTER;STATIC_HUMANCLERIC_MAN_CHAIR;BDFFSIT1;BDFISTCC;6;MALE;MALE;NEUTRAL;BDFISTCC;;BDSHOUT;BDFIGH01;;HELM09;SHLD01;;;;SW1H04;;;;420;bg1;Flaming Fist Enforcer
BDFFSIT2;HUMANOID;HUMAN;FIGHTER;STATIC_HUMANCLERIC_MAN_CHAIR;BDFFSIT2;BDFISTCC;6;MALE;MALE;NEUTRAL;BDFISTCC;;BDSHOUT;BDFIGH01;;HELM09;SHLD01;;;;SW1H04;;;;420;bg1;Flaming Fist Enforcer
BDFFSOL1;HUMANOID;HUMAN;FIGHTER;FIGHTER_MALE_HUMAN;BDFFSOL1;BDFFSOL1;7;MALE;MALE;NEUTRAL;RR#PICKP;;BDSHOUT;BDFIGH01;;HELM09;SHLD01;;;;SW1H04;;;;420;bg1;Flaming Fist Mercenary
BDFFSOL2;HUMANOID;HUMAN;FIGHTER;FIGHTER_MALE_HUMAN;BDFFSOL2;BDFFSOL1;7;MALE;MALE;NEUTRAL;RR#PICKP;;BDSHOUT;BDFIGH01;;HELM09;SHLD01;;;;SW1H04;;;;420;bg1;Flaming Fist Mercenary
BDFFVIDA;HUMANOID;HUMAN;FIGHTER;FIGHTER_FEMALE_HUMAN;BDFFVIDA;BDFFVIDA;6;FEMALE;FEMALE;NEUTRAL;BDFFVIDA;;BDSHOUT;BDFIGH01;;HELM09;;;;;HALB01;;;;420;bg1;Officer Vida
BDFFWIZ;HUMANOID;HUMAN;MAGE;MAGE_MALE_HUMAN;BDFFWIZ;;18;MALE;MALE;NEUTRAL;BDANGATH;;;;;;;BDRING07;;MINHP1;STAF08;DART03;;;5000;bg1;Flaming Fist Battle Wizard
BDFFXXII;HUMANOID;HALFORC;FIGHTER;FIGHTER_FEMALE_HALFORC;BDFFXXII;BDFFXXII;6;FEMALE;FEMALE;NEUTRAL;BDFFXXII;;BDSHOUT;BDFIGH01;;HELM09;SHLD05;;;;;;;;420;bg1;Flaming Fist Enforcer
BDFINAL1;HUMANOID;HUMAN;FIGHTER_THIEF;THIEF_MALE_HUMAN;BDFINAL1;BDFINAL1;7;MALE;MALE;NEUTRAL;BDFINAL;;BDSHOUT;BDFTHI01;NONE;;;;;MINHP1;BDDAGG06;;;;975;bg1;Shadow Thief
BDFINAL2;HUMANOID;HUMAN;FIGHTER_THIEF;THIEF_FEMALE_HUMAN;BDFINAL2;BDFINAL2;7;FEMALE;FEMALE;NEUTRAL;BDFINAL;;BDSHOUT;BDFTHI01;NONE;;;;;;BDDAGG06;;;;975;bg1;Shadow Thief
BDFINAL3;HUMANOID;HALFLING;FIGHTER_THIEF;THIEF_MALE_HALFLING;BDFINAL3;BDFINAL3;7;MALE;MALE;ENEMY;BDFINAL;;BDSHOUT;BDFTHI01;NONE;;;;;;BDDAGG07;;;;975;bg1;Shadow Thief
BDFINAL4;HUMANOID;HUMAN;FIGHTER_THIEF;THIEF_MALE_HUMAN;BDFINAL4;BDFINAL1;7;MALE;MALE;NEUTRAL;BDFINAL;;BDSHOUT;BDFTHI01;NONE;;;;;;BDDAGG06;;;;975;bg1;Shadow Thief
BDFINAL5;HUMANOID;HALF_ELF;FIGHTER_THIEF;THIEF_FEMALE_ELF;BDFINAL5;BDFINAL1;7;FEMALE;FEMALE;NEUTRAL;BDFINAL;;BDSHOUT;BDFTHI01;NONE;;;;;;BDDAGG07;;;;975;bg1;Shadow Thief
BDFINHEP;MONSTER;DEMONIC;IMP;ABISHAI_RED;BDHEPHER;;9;MALE;MALE;ENEMY;;BDENSHTV;BDABISHA;;BDFIG00;;;IMMUNE1;RINGDEMN;REGHP1;BDABISHA;;;;12000;bg1;Hephernaan
BDFIST01;HUMANOID;HUMAN;FIGHTER;FIGHTER_MALE_HUMAN;BDFIST01;BDFIST01;6;MALE;MALE;GOODBUTBLUE;BDFIST01;;;;;HELM09;SHLD01;;;;SW1H04;;;;175;bg1;Flaming Fist Enforcer
BDFIST05;HUMANOID;HUMAN;FIGHTER;FIGHTER_MALE_HUMAN;BDFIST05;BDFIST05;6;MALE;MALE;GOODBUTBLUE;BDFIST05;;;;;HELM09;SHLD01;;;;SW1H04;;;;175;bg1;Flaming Fist Enforcer
BDFIST1A;HUMANOID;HUMAN;FIGHTER;CLERIC_MALE_HUMAN;BDFIST1A;BDFIST1A;6;MALE;MALE;GOODBUTBLUE;BDFIST1A;;;BDSHOUT;BDFIGH01;HELM09;SHLD01;;;;SW1H04;;;;175;bg1;Flaming Fist Enforcer
BDFIST1B;HUMANOID;HUMAN;FIGHTER;CLERIC_MALE_HUMAN;BDFIST1B;BDFIST1B;6;MALE;MALE;GOODBUTBLUE;;;;BDSHOUT;BDFIGH01;HELM09;SHLD01;;;;SW1H04;;;;175;bg1;Flaming Fist Enforcer
BDFIST1C;HUMANOID;HUMAN;FIGHTER;CLERIC_MALE_HUMAN;BDFIST1C;BDFIST1A;6;MALE;MALE;GOODBUTBLUE;BDFIST1A;;;BDSHOUT;BDFIGH01;HELM09;SHLD01;;;;SW1H04;;;;175;bg1;Flaming Fist Enforcer
BDFIST20;HUMANOID;HUMAN;FIGHTER;FIGHTER_FEMALE_HUMAN;BDFIST20;BDFIST02;8;FEMALE;FEMALE;NEUTRAL;RR#PICKP;BDFIST;BDSHOUT;BDFIGH01;;HELM09;SHLD06;;;;SW1H02;;;;975;bg1;Flaming Fist Corporal
BDFIST21;HUMANOID;HUMAN;FIGHTER;FIGHTER_FEMALE_HUMAN;BDFIST21;BDFIST20;7;FEMALE;FEMALE;NEUTRAL;RR#PICKP;BDFIST;BDSHOUT;bdfigh10;;HELM09;SHLD01;;;;SW1H04;;;;420;bg1;Flaming Fist Mercenary
BDFIST22;HUMANOID;HUMAN;FIGHTER;FIGHTER_MALE_HUMAN;BDFIST22;BDFIST20;7;MALE;MALE;NEUTRAL;RR#PICKP;BDFIST;BDSHOUT;bdfigh10;;HELM09;SHLD01;;;;SW1H04;;;;420;bg1;Flaming Fist Mercenary
BDFIST23;HUMANOID;HUMAN;FIGHTER;FIGHTER_MALE_HUMAN;BDFIST23;BDFIST20;7;MALE;MALE;NEUTRAL;RR#PICKP;BDFIST;BDSHOUT;bdfigh10;;HELM09;;;;;XBOW01;SW1H07;;;420;bg1;Flaming Fist Scout
BDFIST24;HUMANOID;HUMAN;CLERIC;CLERIC_FEMALE_HUMAN;BDFIST24;BDFIST20;8;FEMALE;FEMALE;NEUTRAL;RR#PICKP;BDFIST;BDSHOUT;BDCLER22;;HELM09;SHLD01;;;;BLUN04;SLNG01;;;650;bg1;Flaming Fist Healer
BDFIST25;HUMANOID;HUMAN;FIGHTER;FIGHTER_FEMALE_HUMAN;BDFIST25;BDFIST20;7;FEMALE;FEMALE;NEUTRAL;RR#PICKP;BDFIST;BDSHOUT;bdfigh10;;HELM09;;;;;BOW01;SW1H07;;;420;bg1;Flaming Fist Scout
BDFIST26;HUMANOID;HUMAN;FIGHTER;FIGHTER_MALE_HUMAN;BDFIST26;BDFIST20;7;MALE;MALE;NEUTRAL;RR#PICKP;BDFIST;BDSHOUT;BDFIGH27;;HELM09;SHLD05;;;;BLUN06;;;;650;bg1;Flaming Fist Veteran
BDFIST27;HUMANOID;HUMAN;FIGHTER_CLERIC;CLERIC_MALE_HUMAN;BDFIST27;BDFIST20;6;MALE;MALE;NEUTRAL;RR#PICKP;BDFIST;BDSHOUT;BDCLER23;;HELM09;SHLD05;;;;BLUN03;SLNG02;;;2000;bg1;Flaming Fist Watcher
BDFIST30;HUMANOID;HUMAN;FIGHTER;FIGHTER_MALE_HUMAN;BDFIST30;BDCOAL;7;MALE;MALE;NEUTRAL;BDADS3;BDASC;BDSHOUT;bdfigh10;;HELM09;SHLD03;;;;SW1H04;;;;420;bg1;Flaming Fist Mercenary
BDFIST31;HUMANOID;HUMAN;CLERIC;CLERIC_FEMALE_HUMAN;BDFIST31;BDCOAL;8;FEMALE;FEMALE;NEUTRAL;BDADS3;BDASC;BDSHOUT;BDCLER24;;HELM09;SHLD01;;;;BLUN04;SLNG01;;;1400;bg1;Flaming Fist Healer
BDFIST32;HUMANOID;DWARF;FIGHTER;FIGHTER_MALE_DWARF;BDFIST32;BDCOAL;7;MALE;MALE;NEUTRAL;BDADS3;BDASC;BDSHOUT;bdfigh10;;HELM09;;;;;XBOW01;DAGG01;;;420;bg1;Flaming Fist Mercenary
BDFIST35;HUMANOID;HUMAN;FIGHTER;FIGHTER_MALE_HUMAN;BDFIST35;BDCOAL;7;MALE;MALE;NEUTRAL;BDADS1;BDASC;BDSHOUT;bdfigh10;;HELM09;SHLD01;;;;SW1H04;;;;420;bg1;Flaming Fist Mercenary
BDFIST36;HUMANOID;HUMAN;FIGHTER;FIGHTER_MALE_HUMAN;BDFIST36;BDCOAL;7;MALE;MALE;NEUTRAL;BDADS1;BDASC;BDSHOUT;bdfigh10;;HELM09;;;;;BOW03;SW1H01;;;420;bg1;Flaming Fist Mercenary
BDFIST37;HUMANOID;HUMAN;FIGHTER;FIGHTER_FEMALE_HUMAN;BDFIST37;BDCOAL;7;FEMALE;FEMALE;NEUTRAL;BDADS1;BDASC;BDSHOUT;bdfigh10;;HELM09;SHLD01;;;;SW1H04;;;;420;bg1;Flaming Fist Mercenary
BDFIST38;HUMANOID;HUMAN;FIGHTER;FIGHTER_FEMALE_HUMAN;BDFIST38;BDCOAL;7;FEMALE;FEMALE;NEUTRAL;BDADS1;BDASC;BDSHOUT;bdfigh10;;HELM09;;;;;XBOW04;DAGG01;;;420;bg1;Flaming Fist Mercenary
BDFIST40;HUMANOID;HUMAN;FIGHTER_CLERIC;CLERIC_MALE_HUMAN;BDFIST40;BDCOAL;6;MALE;MALE;NEUTRAL;BDADS3;BDASC;BDSHOUT;BDCLER25;;HELM09;SHLD05;;;;BLUN03;SLNG02;;;2000;bg1;Flaming Fist Watcher
BDFIST41;HUMANOID;HUMAN;MAGE;MAGE_MALE_HUMAN;BDFIST41;BDCOAL;10;MALE;MALE;NEUTRAL;BDADS3;BDASC;BDSHOUT;BDMAGE24;;;;;;;STAF01;DART03;;;2000;bg1;Flaming Fist Battlemage
BDFIST42;HUMANOID;HUMAN;FIGHTER;FIGHTER_FEMALE_HUMAN;BDFIST42;BDCOAL;7;FEMALE;FEMALE;NEUTRAL;BDADS3;BDASC;BDSHOUT;bdfigh10;;HELM09;SHLD03;;;;BLUN04;;;;650;bg1;Flaming Fist Veteran
BDFIST60;HUMANOID;HUMAN;FIGHTER;FIGHTER_MALE_HUMAN;BDFIST60;BDFIST60;7;MALE;MALE;ENEMY;BDFIST60;;BDSHOUT;BDFIGH01;;HELM09;SHLD01;;;;SW1H04;;;;420;bg1;Flaming Fist Mercenary
BDFIST61;HUMANOID;HUMAN;FIGHTER;FIGHTER_MALE_HUMAN;BDFIST61;BDFIST61;7;MALE;MALE;ENEMY;BDFIST60;;BDSHOUT;BDFIGH01;;HELM09;SHLD01;;;;SW1H04;;;;420;bg1;Flaming Fist Mercenary
BDFIST62;HUMANOID;HUMAN;FIGHTER;FIGHTER_FEMALE_HUMAN;BDFIST62;BDFIST62;7;FEMALE;FEMALE;ENEMY;BDFIST60;;BDSHOUT;BDFIGH01;;HELM09;;;;;XBOW04;DAGG01;;;420;bg1;Flaming Fist Mercenary
BDFIST63;HUMANOID;HUMAN;FIGHTER;FIGHTER_MALE_HUMAN;BDFIST63;BDFIST60;7;MALE;MALE;ENEMY;BDFIST63;;BDSHOUT;BDFIGH01;;HELM09;;;;;BOW03;SW1H07;;;420;bg1;Flaming Fist Mercenary
BDFIST64;HUMANOID;HUMAN;FIGHTER;FIGHTER_MALE_HUMAN;BDFIST64;BDFIST64;7;FEMALE;FEMALE;NEUTRAL;BDFIST64;;BDSHOUT;BDFIGH01;;HELM09;SHLD01;;;;SW1H04;;;;650;bg1;Flaming Fist Mercenary
BDFIST80;HUMANOID;HUMAN;FIGHTER;FIGHTER_MALE_HUMAN;BDFIST80;BDFIST80;7;MALE;MALE;NEUTRAL;RR#PICKP;;BDSHOUT;BDFIGH01;;HELM09;SHLD01;;;;SW1H04;;;;420;bg1;Flaming Fist Mercenary
BDFIST81;HUMANOID;HUMAN;FIGHTER;FIGHTER_MALE_HUMAN;BDFIST81;BDFIST80;7;MALE;MALE;NEUTRAL;RR#PICKP;;BDSHOUT;BDFIGH01;;HELM09;;;;;XBOW01;DAGG01;;;420;bg1;Flaming Fist Mercenary
BDFIST82;HUMANOID;HUMAN;FIGHTER;FIGHTER_FEMALE_HUMAN;BDFIST82;BDFIST80;7;FEMALE;MALE;NEUTRAL;RR#PICKP;;BDSHOUT;BDFIGH01;;HELM09;SHLD01;;;;SW1H04;;;;420;bg1;Flaming Fist Mercenary
BDFIST83;HUMANOID;HUMAN;FIGHTER;FIGHTER_MALE_HUMAN;BDFIST83;BDFIST;7;MALE;MALE;NEUTRAL;BDASC2;;BDSHOUT;BDFIGH01;BDFIST83;HELM09;SHLD01;;;;SW1H04;;;;420;bg1;Flaming Fist Mercenary
BDFIST84;HUMANOID;HUMAN;FIGHTER;FIGHTER_FEMALE_HUMAN;BDFIST84;BDFIST;7;FEMALE;MALE;NEUTRAL;BDASC2;;BDSHOUT;BDFIGH01;BDFIST83;HELM09;SHLD01;;;;SW1H04;;;;420;bg1;Flaming Fist Mercenary
BDFIST85;HUMANOID;HUMAN;FIGHTER;FIGHTER_FEMALE_HUMAN;BDFIST85;BDFIST;7;FEMALE;MALE;NEUTRAL;BDASC2;;BDSHOUT;BDFIGH01;BDFIST83;HELM09;SHLD01;;;;SW1H04;;;;420;bg1;Flaming Fist Mercenary
BDFIST86;HUMANOID;HUMAN;FIGHTER;FIGHTER_MALE_HUMAN;BDFIST86;BDFIST;7;MALE;MALE;NEUTRAL;BDASC2;;BDSHOUT;BDFIGH01;BDFIST83;HELM09;SHLD01;;;;SW1H04;;;;420;bg1;Flaming Fist Mercenary
BDFIST91;HUMANOID;HUMAN;FIGHTER;FIGHTER_FEMALE_HUMAN;BDFIST90;BDFIST;7;FEMALE;MALE;NEUTRAL;BDASC2;;BDSHOUT;BDFIGH01;;HELM09;SHLD01;;;;SW1H04;;;;420;bg1;Flaming Fist Mercenary
BDFIST92;HUMANOID;HUMAN;FIGHTER;FIGHTER_MALE_HUMAN;BDFIST90;BDFIST;7;MALE;MALE;NEUTRAL;BDASC2;;BDSHOUT;BDFIGH01;;HELM09;SHLD01;;;;SW1H04;;;;420;bg1;Flaming Fist Mercenary
BDFIST93;HUMANOID;HUMAN;FIGHTER;FIGHTER_MALE_HUMAN;BDFIST90;BDFIST;7;MALE;MALE;NEUTRAL;BDASC2;;BDSHOUT;BDFIGH01;;HELM09;SHLD01;;;;SW1H04;;;;420;bg1;Flaming Fist Mercenary
BDFIST94;HUMANOID;HUMAN;FIGHTER;FIGHTER_MALE_HUMAN;BDFIST90;BDFIST;7;MALE;MALE;NEUTRAL;BDASC2;;BDSHOUT;BDFIGH01;;HELM09;SHLD01;;;;SW1H04;;;;420;bg1;Flaming Fist Mercenary
BDFIST95;HUMANOID;HUMAN;FIGHTER;FIGHTER_FEMALE_HUMAN;BDFIST90;BDFIST;7;FEMALE;MALE;NEUTRAL;BDASC2;;BDSHOUT;BDFIGH01;;HELM09;SHLD01;;;;SW1H04;;;;420;bg1;Flaming Fist Mercenary
BDFIST96;HUMANOID;HUMAN;FIGHTER;FIGHTER_FEMALE_HUMAN;BDFIST96;BDFIST;7;FEMALE;MALE;NEUTRAL;BDASC2;;BDSHOUT;BDFIGH01;;HELM09;SHLD01;;;;SW1H04;;;;420;bg1;Flaming Fist Mercenary
BDFIST97;HUMANOID;HUMAN;FIGHTER;FIGHTER_FEMALE_HUMAN;BDFIST90;BDFIST;7;FEMALE;MALE;NEUTRAL;BDASC2;;BDSHOUT;BDFIGH01;;HELM09;SHLD01;;;;SW1H04;;;;420;bg1;Flaming Fist Mercenary
BDFIST98;HUMANOID;HUMAN;FIGHTER;FIGHTER_MALE_HUMAN;BDFIST90;BDFIST;7;MALE;MALE;NEUTRAL;BDASC2;;BDSHOUT;BDFIGH01;;HELM09;SHLD01;;;;SW1H04;;;;420;bg1;Flaming Fist Mercenary
BDFIST99;HUMANOID;HUMAN;FIGHTER;FIGHTER_MALE_HUMAN;BDFIST99;BDFIST;7;MALE;MALE;NEUTRAL;BDASC2;;BDSHOUT;BDFIGH01;;HELM09;SHLD01;;;;SW1H04;;;;420;bg1;Flaming Fist Mercenary
BDFISTCC;HUMANOID;HUMAN;FIGHTER;CLERIC_MALE_HUMAN;BDFISTCC;BDFISTCC;6;MALE;MALE;NEUTRAL;BDFISTCC;;BDSHOUT;BDFIGH01;;HELM09;SHLD01;;;;SW1H04;;;;420;bg1;Flaming Fist Enforcer
BDFISTCD;HUMANOID;HUMAN;FIGHTER;FIGHTER_MALE_HUMAN;BDFISTCD;BDFISTCD;6;MALE;MALE;NEUTRAL;RR#PICKP;;BDSHOUT;BDFIGH01;;HELM09;SHLD01;;;;SW1H04;;;;420;bg1;Flaming Fist Enforcer
BDFISTCE;HUMANOID;HUMAN;FIGHTER;FIGHTER_FEMALE_HUMAN;BDFISTCE;BDFISTCE;6;FEMALE;FEMALE;NEUTRAL;RR#PICKP;;BDSHOUT;BDFIGH01;;HELM09;SHLD01;;;;SW1H04;;;;420;bg1;Flaming Fist Enforcer
BDFISTCF;HUMANOID;HUMAN;FIGHTER;FIGHTER_FEMALE_HUMAN;BDFISTCF;BDFISTCF;6;FEMALE;FEMALE;NEUTRAL;RR#PICKP;;BDSHOUT;BDFIGH01;;HELM09;SHLD01;;;;SW1H04;;;;420;bg1;Flaming Fist Enforcer
BDFISTCL;HUMANOID;HUMAN;FIGHTER;CLERIC_FEMALE_HUMAN;BDFISTCL;BDFISTCC;6;FEMALE;FEMALE;NEUTRAL;BDFISTCC;;BDSHOUT;BDFIGH01;;HELM09;SHLD01;;;;SW1H04;;;;420;bg1;Flaming Fist Enforcer
BDFISTCX;HUMANOID;HUMAN;FIGHTER;FIGHTER_MALE_HUMAN;BDFISTCX;BDFISTCX;7;MALE;MALE;NEUTRAL;BDFISTCX;;BDSHOUT;BDFIGH01;;HELM09;SHLD01;;;;SW1H04;;;;650;bg1;Flaming Fist Mercenary
BDFISTEX;HUMANOID;HUMAN;FIGHTER;FIGHTER_MALE_HUMAN;BDFISTEX;BDFISTEX;7;MALE;MALE;NEUTRAL;BDFISTEX;;BDSHOUT;BDFIGH01;;HELM09;SHLD01;;;;SW1H04;;;;650;bg1;Flaming Fist Mercenary
BDFISTM1;HUMANOID;HUMAN;MAGE;MAGE_FEMALE_HUMAN;BDFISTM1;BDFISTM1;12;FEMALE;FEMALE;NEUTRAL;RR#PICKP;;BDSHOUT;BDMAGE01;;;;BDRING06;;MINHP1;STAF02;DART03;;;5000;bg1;Flaming Fist Mage
BDFISTM2;HUMANOID;HUMAN;MAGE;MAGE_MALE_HUMAN;BDFISTM2;BDFIST;10;MALE;MALE;NEUTRAL;RR#PICKP;BDFIST;BDSHOUT;BDMAGE25;;;;;;;STAF01;DART03;;;2000;bg1;Flaming Fist Battlemage
BDFISTM3;HUMANOID;HUMAN;MAGE;MAGE_MALE_HUMAN;BDFISTM3;;10;MALE;MALE;ENEMY;BDFIST63;;BDSHOUT;BDMAGE01;;;;;;;STAF01;DART02;;;2000;bg1;Flaming Fist Battlemage
BDFISTX1;HUMANOID;HUMAN;FIGHTER;FIGHTER_MALE_HUMAN;BDFISTX1;BDFISTEX;8;MALE;MALE;NEUTRAL;BDFISTEX;;BDSHOUT;BDFIGH01;;HELM09;SHLD05;;;;SW1H05;;;;975;bg1;Flaming Fist Sergeant
BDFISTX2;HUMANOID;HUMAN;FIGHTER;FIGHTER_MALE_HUMAN;BDFISTX2;BDFIST20;8;MALE;MALE;NEUTRAL;RR#PICKP;BDFIST;BDSHOUT;bdfigh10;;HELM09;SHLD05;;;;SW1H05;;;;650;bg1;Flaming Fist Sergeant
BDFISTX3;HUMANOID;HUMAN;FIGHTER;FIGHTER_MALE_HUMAN;BDFISTX3;BDCOAL;8;MALE;MALE;NEUTRAL;BDADS3;BDASC;BDSHOUT;bdfigh10;;HELM09;SHLD06;;;;SW1H05;;;;975;bg1;Flaming Fist Sergeant
BDFISTXX;HUMANOID;HUMAN;FIGHTER;CLERIC_MALE_HUMAN;BDFISTXX;;6;MALE;MALE;NEUTRAL;BDFISTXX;;BDSHOUT;BDFIGH01;;HELM09;;;;;;;;;420;bg1;Flaming Fist Enforcer
BDFISX35;HUMANOID;HUMAN;FIGHTER;FIGHTER_MALE_HUMAN;BDFISX35;BDCOAL;8;MALE;MALE;NEUTRAL;BDADS1;BDASC;BDSHOUT;bdfigh10;;HELM09;SHLD02;;;;SW1H05;;;;975;bg1;Flaming Fist Sergeant
BDFLOSS;HUMANOID;SAHUAGIN;FIGHTER;SAHUAGIN;BDFLOSS;BDFLOSS;10;MALE;MALE;NEUTRAL;BDGURFLO;;BDSHOUT;BDFIGH01;;;;;;;XBOW01;SPER01;;;2000;bg1;Floss
BDFORCW1;HUMANOID;KOBOLD;FIGHTER;KOBOLD;BDFORCW1;BDCRUS;7;MALE;MALE;NEUTRAL;BDFORCW1;;;;;;;;;;BOW06;;;;650;bg1;Mercenary
BDFORCW2;HUMANOID;HUMAN;FIGHTER;FIGHTER_FEMALE_HUMAN;BDFORCW2;BDCRUS;8;FEMALE;FEMALE;NEUTRAL;BDFORCW1;;;;;HELM01;;;;;XBOW02;;;;975;bg1;Crusader Sergeant
BDFORCW3;HUMANOID;HOBGOBLIN;FIGHTER;HOBGOBLIN;BDFORCW3;BDCRUS;7;MALE;MALE;NEUTRAL;BDFORCW1;;;;;BDHELM03;;;;;BOW02;;;;650;bg1;Mercenary
BDFORCW4;HUMANOID;ELF;FIGHTER;FIGHTER_FEMALE_ELF;BDFORCW4;BDCRUS;7;FEMALE;FEMALE;NEUTRAL;BDFORCW1;;;;;HELM01;;;;;BOW01;;;;650;bg1;Crusader
BDFORCW5;HUMANOID;DWARF;FIGHTER;FIGHTER_MALE_DWARF;BDFORCW5;BDCRUS;7;MALE;MALE;NEUTRAL;BDFORCW1;;;;;HELM01;;;;;XBOW02;;;;650;bg1;Crusader
BDFORCW6;HUMANOID;HUMAN;FIGHTER;FIGHTER_MALE_HUMAN;BDFORCW6;BDCRUS;7;MALE;MALE;NEUTRAL;BDFORCW1;;;;;HELM01;;;;;BOW04;;;;650;bg1;Crusader
BDFRAIR;HUMANOID;HUMAN;CLERIC;CLERIC_MALE_HUMAN;BDFRAIR;BDFRAIR;10;MALE;MALE;NEUTRAL;BDFRAIR;BDFORT;BDSHOUT;BDCLER01;;HELM01;;;;;STAF18;SLNG02;;;3000;bg1;Frair Tajik
BDFRAT;ANIMAL;RABBIT;FOOD_CREATURE;RAT;BDFRAT;BDFRAT;1;MALE;MALE;NEUTRAL;NONE;BDREFG;WDRUNSGT;NONE;NONE;;;;;;;;;;1;bg1;Rat
BDFRITZ;HUMANOID;HUMAN;FIGHTER;CLERIC_MALE_HUMAN;BDFRITZ;BDFRITZ;4;MALE;MALE;NEUTRAL;BDFRITZ;;NONE;NONE;dw1melge;;SHLD01;;;;SW1H04;;;;175;bg1;Officer Fritz
BDFSCOU2;HUMANOID;HUMAN;FIGHTER;FIGHTER_FEMALE_HUMAN;BDFSCOU2;BDFSCOUT;7;FEMALE;FEMALE;NEUTRAL;BDFSCOUT;;BDSHOUT;BDFIGH01;;HELM09;SHLD01;;;;SW1H04;;;;650;bg1;Flaming Fist Sergeant
BDFSCOUT;HUMANOID;HUMAN;FIGHTER;FIGHTER_MALE_HUMAN;BDFSCOUT;BDFSCOUT;7;MALE;MALE;NEUTRAL;BDFSCOUT;;BDSHOUT;BDFIGH01;;HELM09;;;;;XBOW04;SW1H07;;;420;bg1;Flaming Fist Scout
BDGARACH;HUMANOID;HUMAN;INNOCENT;FAT_MAN;BDGARACH;BDGARACH;1;MALE;MALE;NEUTRAL;RR#PICKP;None;None;None;None;;;;;;;;;;15;bg1;Garachen
BDGARFOU;UNDEAD;GOBLIN;FIGHTER;GOBLIN_ELITE_AXE;BDGARFOU;BDGARFOU;5;MALE;FEMALE;NEUTRAL;BDDGOBL;;;;dw1melge;;;;BDRINGGH;MINHP1;AX1H01;;;;600;bg1;Gar Fouleye
BDGARRIC;HUMANOID;HUMAN;BARD;THIEF_MALE_HUMAN;BDGARRIC;BDGARRIC;6;MALE;MALE;NEUTRAL;BDGARRIC;;None;;dw#mg23;;;;;;SW1H07;;;;0;bg1;Garrick
BDGARRO2;HUMANOID;HUMAN;FIGHTER_MAGE;MAGE_MALE_HUMAN;BDGARRO2;BDGARROL;4;MALE;MALE;NEUTRAL;BDBTEAM4;BDBCOAL;BDSHOUT;BDFMAG01;;;;;;;BOW05;BLUN01;;;420;bg1;Garrold
BDGARROL;HUMANOID;HUMAN;FIGHTER_MAGE;MAGE_MALE_HUMAN;BDGARROL;BDGARROL;5;MALE;MALE;NEUTRAL;BDGARROL;;None;None;;;;;;;SW1H07;;;;300;bg1;Garrold
BDGARRUS;HUMANOID;HUMAN;RANGER;FIGHTER_MALE_HUMAN;BDGARRUS;BDGARRUS;9;MALE;MALE;NEUTRAL;BDBTEAM1;BDBCOAL;BDSHOUT;BDFIGH01;;HELM15;;;;MINHP1;BOW02;DAGG02;;;975;bg1;Garrus
BDGASS1;HUMANOID;HUMAN;THIEF;THIEF_FEMALE_ELF;BDGASS1;BDFKSER1;4;FEMALE;FEMALE;ENEMY;BDGASS;;;;;;;;;;DAGG02;;;;125;bg1;Assassin
BDGASS2;HUMANOID;HUMAN;THIEF;THIEF_MALE_HUMAN;BDGASS2;BDFKSER1;3;MALE;MALE;ENEMY;BDGASS;;;;;;;;;;DAGG01;;;;100;bg1;Assassin
BDGASS3;HUMANOID;HUMAN;FIGHTER;FIGHTER_MALE_HUMAN;BDGASS3;BDFKSER1;2;MALE;MALE;ENEMY;BDGASS;;;;;;;;;;DAGG05;;;;75;bg1;Assassin
BDGASS4;HUMANOID;HUMAN;FIGHTER_THIEF;THIEF_MALE_HUMAN;BDGASS4;BDFKSER1;2;MALE;MALE;ENEMY;BDGASS;;;;;;;;;;DAGG01;;;;75;bg1;Assassin
BDGASS5;HUMANOID;HUMAN;FIGHTER;THIEF_MALE_HUMAN;BDGASS5;;4;MALE;MALE;ENEMY;BDGASS;;;BDSHOUT;BDFIGH01;;SHLD09;;;;SW1H20;DART01;;;125;bg1;Assassin
BDGASS6;HUMANOID;HUMAN;THIEF;THIEF_MALE_HUMAN;BDGASS6;;10;MALE;MALE;ENEMY;BDGASS;NONE;NONE;BDSHOUT;BDFIGH01;;;;;;SW1H20;DART01;;;400;bg1;Assassin
BDGAUTH;MONSTER;BEHOLDER;BEHOLDER;BEHOLDER_SMALL;BDGAUTH;BDGAUTH;7;MALE;MALE;NEUTRAL;BDMISC01;BDGAU01;BDENSHTV;GAUTH01;BDFIG00;BDMISC1B;;REGHP1T;BDRING12;;P3-12M4;BDSPECTQ;;;6000;bg1;Gauth
BDGFGUAX;HUMANOID;HUMAN;FIGHTER;SLEEPING_MAN_HUMAN;bdgfguax;BDGFGUAX;9;MALE;MALE;NEUTRAL;RR#PICKP;BDDSC2;BDSHOUT;BDFIGH01;;BDHELM03;;;;;SW2H01;;;;1400;bg1;Wounded Crusader
BDGHAST;UNDEAD;GHOUL;GHOUL_GHAST;GHAST;BDGHAST;;4;NIETHER;MALE;ENEMY;;BDENSHTV;;;BDNONIN;;;RING95;;;GHAST1;;;;650;bg1;Ghast
BDGHASTG;UNDEAD;GHOUL;GHOUL_GHAST;GHAST_GREATER;BDGHASTG;;7;NIETHER;MALE;ENEMY;;BDENSHTV;BDGHASTG;;BDFIG00;;;RING95;;;BDGHASTG;;;;975;bg1;Greater Ghast
BDGHBRSU;ANIMAL;BEAR;SHAMAN;BEAR_POLAR;NONE;;9;SUMMONED;OTHER;CONTROLLED;SUMSHT02;NONE;CBEAR;NONE;;;;;;;B1-12M3;;;;0;bg1;Ghost Bear
BDGHOSTF;UNDEAD;SPECTRE;SPECTRE;PEASANT_WOMAN_FIGHTER;BDGHOSTF;;10;FEMALE;FEMALE;NEUTRAL;;;SHOUT;BDGHOST;;;;BDRINGGH;;;BDGHOST;;;;4000;bg1;Ghost
BDGHOSTM;UNDEAD;SPECTRE;SPECTRE;PEASANT_MAN_FIGHTER;BDGHOSTM;;10;MALE;MALE;NEUTRAL;;;SHOUT;BDGHOST;;;;BDRINGGH;;;BDGHOST;;;;4000;bg1;Ghost
BDGIANHI;GIANTHUMANOID;GIANT;GIANT;GIANT_HILL;BDGIANHI;;12;MALE;MALE;ENEMY;;BDENSHTV;;;BDFIG00;;;;;;BDGIANHI;;;;3000;bg1;Hill Giant
BDGIANHL;GIANTHUMANOID;GIANT;FIGHTER;GIANT_HILL;BDGIANHL;;13;MALE;MALE;ENEMY;;BDENSHTV;;;BDFIG00;;;;;;BDGIANHL;;;;3500;bg1;Hill Giant Leader
BDGIBBBR;HUMANOID;GIBBERLING;GIBBERLING;GIBBERLING_BROOD;BDGIBBBR;;6;MALE;MALE;ENEMY;;;;;dw1melmo;;;;;;BDGIBBBR;;;;650;bg1;Brood Gibberling
BDGIDDIA;HUMANOID;HUMAN;FIGHTER;FIGHTER_MALE_HUMAN;BDGIDDIA;BDGIDDIA;10;MALE;MALE;NEUTRAL;RR#PICKP;;BDSHOUT;BDFIGH01;;HELM10;SHLD30;;;MINHP1;SW1H41;;;;2000;bg1;Giddial
BDGIRL;HUMANOID;HUMAN;INNOCENT;GIRL;BDGIRL;;1;FEMALE;FEMALE;NEUTRAL;BDCRWDE;None;None;None;;;;;;;;;;;7;bg1;Girl
BDGNALER;HUMANOID;GNOLL;FIGHTER;GNOLL;BDGNALER;BDGNALER;7;MALE;MALE;NEUTRAL;RR#PICKP;;BDSHOUT;BDFIGH01;;HELM01;;;;;HALB02;;;;650;bg1;Gnåler
BDGNARG;HUMANOID;ORC;FIGHTER;OROG_ELITE;BDGNARG;BDGNARG;12;MALE;MALE;NEUTRAL;BDGNARG;BDDSC;BDSHOUT;BDFIGH39;;HELMNOAN;;;;;SW2H11;;;;3000;bg1;Gnarg Big-Bug
BDGNARG1;HUMANOID;ORC;FIGHTER;ORC_MELEE;BDGNARG1;BDCRUS29;7;MALE;MALE;NEUTRAL;BDGNARG;BDDSC;BDSHOUT;bdfigh11;;;;;;;AX1H02;;;;420;bg1;Mercenary
BDGNARG2;HUMANOID;ORC;FIGHTER;ORC_RANGE;BDGNARG2;BDCRUS29;7;MALE;MALE;NEUTRAL;BDGNARG;BDDSC;BDSHOUT;bdfigh10;;;;;;;BOW03;AX1H01;;;420;bg1;Mercenary
BDGNARG3;HUMANOID;ORC;FIGHTER;ORC_ELITE_MELEE;BDGNARG3;BDCRUS29;7;MALE;MALE;NEUTRAL;BDGNARG;BDDSC;BDSHOUT;bdfigh11;;;;;;;AX1H02;;;;975;bg1;Mercenary
BDGNARG4;HUMANOID;ORC;DRUID;ORC_SHAMAN;BDGNARG4;BDCRUS29;9;MALE;MALE;NEUTRAL;BDGNARG;BDDSC;BDSHOUT;BDDRUI20;;;;;;;STAF01;SLNG01;;;1400;bg1;Orc Shaman
BDGNARG5;HUMANOID;ORC;CLERIC;ORC_SHAMAN;BDGNARG5;BDCRUS29;10;MALE;MALE;NEUTRAL;BDGNARG;BDDSC;BDSHOUT;BDCLER39;;;;;;;STAF01;SLNG01;;;2000;bg1;Orc Priest
BDGOB01;HUMANOID;GOBLIN;FIGHTER;GOBLIN_BOW;BDGOB01;;1;MALE;MALE;ENEMY;;BDENSHTV;;;BDARCH00;;;;;;BOW05;DAGG01;;;15;bg1;Goblin Archer
BDGOB02;HUMANOID;GOBLIN;FIGHTER;GOBLIN_AXE;BDGOB02;;1;MALE;MALE;ENEMY;;BDENSHTV;;;BDFIG00;;SHLD01;;;;AX1H01;;;;15;bg1;Goblin Warrior
BDGOB03;HUMANOID;GOBLIN;FIGHTER;GOBLIN_CAPTAIN;BDGOB03;;4;MALE;MALE;ENEMY;;BDENSHTV;;;BDFIG00;HELMNOAN;;;;;BLUN06;;;;250;bg1;Goblin Chieftain
BDGOB04;HUMANOID;GOBLIN;DRUID;GOBLIN_SHAMAN;BDGOB04;;5;MALE;MALE;ENEMY;;BDENSHTV;;;BDGOB04;;;;;;STAF01;;;;500;bg1;Goblin Witch Doctor
BDGOB05;HUMANOID;GOBLIN;FIGHTER;GOBLIN_WORG;BDGOB05;;3;MALE;MALE;ENEMY;;BDENSHTV;;;BDFIG00;HELMNOAN;;;;;SPER01;;;;175;bg1;Goblin Worg Rider
BDGOB06;HUMANOID;GOBLIN;FIGHTER;GOBLIN_WORG_CAPTAIN;BDGOB06;;4;MALE;MALE;ENEMY;;BDENSHTV;;;BDFIG00;HELMNOAN;;;;;SPER01;;;;200;bg1;Goblin Raid Leader
BDGOB07;HUMANOID;GOBLIN;FIGHTER;GOBLIN_ELITE_BOW;BDGOB07;;2;MALE;MALE;ENEMY;;BDENSHTV;;;BDARCH00;HELMNOAN;;;;;BOW05;DAGG01;;;30;bg1;Goblin Sharpshooter
BDGOB08;HUMANOID;GOBLIN;FIGHTER;GOBLIN_ELITE_AXE;BDGOB08;;2;MALE;MALE;ENEMY;;BDENSHTV;;;BDFIG00;HELMNOAN;SHLD01;;;;AX1H01;;;;30;bg1;Goblin Veteran
BDGOBBO1;HUMANOID;GOBLIN;FIGHTER;GOBLIN_ELITE_AXE;BDGOBBO1;;2;MALE;MALE;NEUTRAL;BDBATTUK;NONE;NONE;SHOUT;dw1melge;;SHLD01;;;;AX1H01;;;;25;bg1;Goblin
BDGOBBO2;HUMANOID;GOBLIN;FIGHTER;GOBLIN_ELITE_BOW;BDGOBBO2;;2;MALE;MALE;NEUTRAL;BDBATTUK;NONE;SHOUT;BDFIGH01;;;;;;;BOW05;DAGG01;;;35;bg1;Goblin
BDGOGH01;HUMANOID;GOBLIN;FIGHTER;GOBLIN_CAPTAIN;BDGOGH01;;5;SUMMONED;MALE;CONTROLLED;BDGOGH01;;;;BDSUM00;BDSPIRIM;;;;IPSION;BDGOGH01;;;;0;bg1;Goblin Chieftain
BDGOGH02;HUMANOID;GOBLIN;FIGHTER;GOBLIN_BOW;BDGOGH02;;3;SUMMONED;MALE;CONTROLLED;BDGOGH01;;;;BDSUM00;BDSPIRIM;;;;IPSION;BDGOGH02;BDGOGH2A;;;0;bg1;Goblin Warrior
BDGOLEMF;GIANTHUMANOID;GOLEM;GOLEM_FLESH;OGRILLON;BDGOLEMF;BDGOLEMF;9;NIETHER;NIETHER;NEUTRAL;;None;None;None;WDASIGHT;;;IMMUNE1;NOCIRCLE;MINHP1;GOLFLE;;;;2000;bg1;
BDGOLSTO;GIANTHUMANOID;GOLEM;GOLEM_STONE;GOLEM_CLAY;BDGOLSTO;;14;NIETHER;MALE;NEUTRAL;GENSHT01;;;GOLSTO01;BDFIGH01;;;IMMUNE2;GOLSTONE;;GOLSTO;;;;8000;bg1;Stone Golem
BDGOLT;HUMANOID;HALFLING;THIEF;THIEF_MALE_HALFLING;BDGOLT;BDGOLT;8;MALE;MALE;NEUTRAL;LUISGANG;;;None;dw1ranth;;;;;;DART01;SW1H07;;;400;bg1;Golt
BDGRIMGO;HUMANOID;ORC;FIGHTER_CLERIC;OROG_SHAMAN;BDGRIMGO;BDGRIMGO;10;MALE;MALE;ENEMY;SHOUTDLG;BDBWAVE;BDSHOUT;BDFCLE01;;HELM14;SHLD06;;;;BLUN13;;;;5000;bg1;Grimgor
BDGRIZHU;ANIMAL;BEAR;HUNTER_CREATURE;BEAR_BROWN;BDGRIZHU;;6;MALE;MALE;NEUTRAL;;BDGRSHTV;HUNTER;BDANIMN;BDNONIN;;;;;;S1-8;;;;420;bg1;Grizzly Bear
BDGU1697;HUMANOID;HUMAN;FIGHTER;FIGHTER_MALE_HUMAN;BDGU1697;BDGU1697;6;MALE;MALE;NEUTRAL;RR#PICKP;;BDSHOUT;BDFIGH01;;HELM15;;;;;HALB01;;;;420;bg1;Silvershield Guard
BDGUAR20;HUMANOID;HUMAN;FIGHTER;FIGHTER_MALE_HUMAN;BDGUAR20;BDCRUS;7;MALE;MALE;NEUTRAL;BDGUAR20;BD2000EN;BDSHOUT;bdfigh10;;HELM01;;;;;HALB01;;;;420;bg1;Crusader Guard
BDGUAR21;HUMANOID;DWARF;FIGHTER;FIGHTER_MALE_DWARF;BDGUAR21;BDCRUS;7;MALE;MALE;NEUTRAL;BDGUAR20;BD2000EN;BDSHOUT;bdfigh10;;HELM01;SHLD03;;;;HAMM01;;;;420;bg1;Crusader Guard
BDGUAR22;HUMANOID;HUMAN;FIGHTER;FIGHTER_FEMALE_ELF;BDGUAR22;BDCRUS;7;MALE;MALE;NEUTRAL;BDGUAR20;BD2000EN;BDSHOUT;bdfigh10;;HELM01;SHLD05;;;;SW1H04;;;;420;bg1;Crusader Guard
BDGUAR23;HUMANOID;HUMAN;FIGHTER;FIGHTER_FEMALE_HUMAN;BDGUAR23;BDCRUS;7;FEMALE;FEMALE;NEUTRAL;BDGUAR20;BD2000EN;BDSHOUT;bdfigh10;;HELM01;;;;;BOW01;SW1H07;;;420;bg1;Crusader Guard
BDGUAR24;HUMANOID;HUMAN;FIGHTER;FIGHTER_MALE_HUMAN;BDGUAR24;BDCRUS;7;MALE;MALE;NEUTRAL;BDGUAR20;BD2000EN;BDSHOUT;bdfigh10;;HELM01;SHLD03;;;;HAMM01;;;;420;bg1;Crusader Guard
BDGUAR2X;HUMANOID;HUMAN;FIGHTER;FIGHTER_FEMALE_HUMAN;BDGUAR2X;BDGUAR20;8;FEMALE;MALE;NEUTRAL;BDGUAR20;BD2000EN;BDSHOUT;bdfigh10;;HELM01;;;;;HALB01;;;;650;bg1;Crusader Sergeant
BDGUAR50;HUMANOID;HUMAN;FIGHTER;FIGHTER_MALE_HUMAN;BDGUAR50;BDGUAR50;7;MALE;MALE;NEUTRAL;BDENTRAN;;BDSHOUT;BDFIGH01;;BDHELM03;;;;;SPER02;;;;975;bg1;Crusader Guard
BDGUAR51;HUMANOID;HUMAN;FIGHTER;FIGHTER_MALE_HUMAN;BDGUAR51;BDGUAR50;7;MALE;MALE;NEUTRAL;BDENTRAN;;BDSHOUT;BDFIGH01;;BDHELM03;;;;;SPER02;;;;975;bg1;Crusader Guard
BDGUAR52;HUMANOID;HUMAN;FIGHTER;FIGHTER_MALE_HUMAN;BDGUAR52;BDGUAR50;7;MALE;MALE;NEUTRAL;BDENTRAN;;BDSHOUT;BDFIGH01;;BDHELM03;;;;;SPER02;;;;975;bg1;Crusader Guard
BDGUAR53;HUMANOID;HUMAN;FIGHTER;FIGHTER_MALE_HUMAN;BDGUAR53;BDGUAR50;7;MALE;MALE;NEUTRAL;BDENTRAN;;BDSHOUT;BDFIGH01;;BDHELM03;;;;;BOW03;SW1H07;;;650;bg1;Crusader Archer
BDGUAR54;HUMANOID;HUMAN;FIGHTER;FIGHTER_MALE_HUMAN;BDGUAR54;BDGUAR50;7;MALE;MALE;NEUTRAL;BDENTRAN;;BDSHOUT;BDFIGH01;;BDHELM03;;;;;BOW03;SW1H07;;;650;bg1;Crusader Archer
BDGUAR55;HUMANOID;HUMAN;FIGHTER;FIGHTER_MALE_HUMAN;BDGUAR55;BDGUAR55;7;MALE;MALE;ENEMY;;;BDSHOUT;BDFIGH01;;BDHELM03;SHLD01;;;;AX1H01;;;;975;bg1;Crusader Guard
BDGUAR56;HUMANOID;HUMAN;FIGHTER;FIGHTER_FEMALE_HUMAN;BDGUAR56;BDGUAR50;7;FEMALE;FEMALE;ENEMY;;;BDSHOUT;BDFIGH01;;BDHELM03;;;;;XBOW05;SW1H07;;;650;bg1;Crusader Archer
BDGUAR57;HUMANOID;HUMAN;MAGE;MAGE_MALE_HUMAN;BDGUAR57;BDCRUS50;9;MALE;MALE;ENEMY;;;BDSHOUT;BDMAGE01;;;;;;;STAF01;DART03;;;1400;bg1;Crusader Mage
BDGUAR58;HUMANOID;HUMAN;MAGE;MAGE_MALE_HUMAN;BDGUAR58;BDCRUS50;9;MALE;MALE;ENEMY;;;BDSHOUT;BDMAGE01;;;;;;;STAF01;;;;1400;bg1;Crusader Mage
BDGUAR59;HUMANOID;HUMAN;FIGHTER_THIEF;THIEF_MALE_HUMAN;BDGUAR59;BDCRUS;3;MALE;MALE;ENEMY;;;BDSHOUT;BDFTHI01;;HELM01;;;;;DAGG01;;;;420;bg1;Crusader Scout
BDGUAR5A;HUMANOID;HALFLING;FIGHTER;FIGHTER_MALE_HALFLING;BDGUAR5A;BDGUAR5;7;MALE;MALE;NEUTRAL;BDTURIN;;BDSHOUT;BDFIGH01;;HELM01;SHLD01;;;;SW1H07;;;;420;bg1;Crusader Guard
BDGUAR5B;HUMANOID;HALFORC;FIGHTER;FIGHTER_MALE_HALFORC;BDGUAR5B;BDGUAR5;7;MALE;MALE;NEUTRAL;BDTURIN;;BDSHOUT;BDFIGH01;;HELM01;;;;;SW2H01;;;;420;bg1;Crusader Guard
BDGUAR60;HUMANOID;HALFLING;THIEF;THIEF_MALE_HALFLING;BDGUAR60;;7;MALE;MALE;ENEMY;;;BDSHOUT;BDFIGH01;;;;;;;SW1H07;;;;420;bg1;Crusader Scout
BDGURGLE;HUMANOID;SAHUAGIN;FIGHTER;SAHUAGIN_IWD;BDGURGLE;BDGURGLE;10;MALE;MALE;NEUTRAL;BDGURFLO;;BDSHOUT;BDFIGH01;;;;;;;XBOW01;SPER01;;;2000;bg1;Gurgle
BDHALAS2;HUMANOID;HUMAN;FIGHTER;FIGHTER_FEMALE_HUMAN;BDHALASA;BDHALASA;9;FEMALE;FEMALE;NEUTRAL;BDADS4;BDASC;BDSHOUT;bdfigh10;;HELM13;SHLD29;;;;SW1H41;;;;1400;bg1;Vigilant Halasan
BDHALASA;HUMANOID;HUMAN;FIGHTER;FIGHTER_FEMALE_HUMAN;BDHALASA;BDHALASA;9;FEMALE;FEMALE;NEUTRAL;BDMARCH;;BDSHOUT;BDFIGH01;;HELM13;SHLD29;;;;SW1H41;;;;1400;bg1;Vigilant Halasan
BDHALAT;MONSTER;DRAGON;SILVER_DRAGON;DRAGON_WHITE_YOUNG;BDHALATA;BDHALAT;16;FEMALE;FEMALE;ENEMY;BDHALAT;NONE;NONE;BDDRAGGH;NONE;;;RING97;IMMUNE2;BDRINGGH;BDDRAGGH;;;;10500;bg1;Halatathlaer
BDHALAT2;MONSTER;DRAGON;SILVER_DRAGON;DRAGON_WHITE_YOUNG;BDHALATA;BDHALAT;16;FEMALE;FEMALE;NEUTRAL;BDHALATA;NONE;NONE;BDDRAGGH;NONE;;;RING97;IMMUNE2;BDRINGGH;BDDRAGGH;;;;10500;bg1;Halatathlaer
BDHALATA;MONSTER;DRAGON;SILVER_DRAGON;DRAGON_WHITE_YOUNG;BDHALATA;BDHALATA;16;FEMALE;FEMALE;NEUTRAL;BDHALATA;NONE;NONE;BDDRAGGH;NONE;;;RING97;IMMUNE2;BDRINGGH;BDDRAGGH;;;;10500;bg1;Halatathlaer
BDHALBAZ;HUMANOID;HUMAN;MAGE;MAGE_MALE_HUMAN;BDHALBAZ;BDHALBAZ;18;MALE;MALE;NEUTRAL;BDHALBAZ;;;BDMAGE02;;;;;;;DAGG05;;;;4000;bg1;Halbazzer Drin
BDHAMADC;HUMANOID;FAIRY;FAIRY_DRYAD;SIRINE;BDHAMADC;;4;FEMALE;FEMALE;ENEMY;;BDENSHTV;;;BDHAMADC;;;;;;DAGG01;;;;650;bg1;Corrupted Hamadryad
BDHAMADR;HUMANOID;FAIRY;FAIRY_DRYAD;SIRINE;BDHAMADR;;4;FEMALE;FEMALE;ENEMY;;BDENSHTV;;;BDHAMADC;;;;;;DAGG01;;;;650;bg1;Hamadryad
BDHAMATU;MONSTER;DEMONIC;IMP;ABISHAI_BLUE;BDHAMATU;;7;MALE;MALE;ENEMY;;BDENSHTV;BDHAMATU;;BDFIG00;;BDHAMAT2;IMMUNE1;RINGDEMN;REGHP1;BDHAMAT1;;;;6000;bg1;Hamatula
BDHASTUS;HUMANOID;HUMAN;FIGHTER;STATIC_PEASANT_MAN_STOOL;BDHASTUS;BDHASTUS;4;MALE;MALE;NEUTRAL;RR#PICKP;None;None;None;dw1range;;;;;;DART01;DAGG01;;;100;bg1;Hastus
BDHELCAT;ANIMAL;DEMONIC;IMP;GREATCAT_PANTHER;BDHELCAT;;7;MALE;MALE;ENEMY;;BDENSHTV;BDHELCAT;;BDFIG00;;;RINGDEMN;;IPSION;BDHELCAT;;;;5000;bg1;Hellcat
BDHELDMO;HUMANOID;HUMAN;FIGHTER;FIGHTER_MALE_HUMAN;BDHELDMO;BDHELDMO;7;MALE;MALE;NEUTRAL;RR#PICKP;BDDSC;BDSHOUT;BDFIGH01;;HELM01;;;;MINHP1;XBOW02;SW1H07;;;420;bg1;Held Moran
BDHELP01;MONSTER;SPIDER;SPIDER_GIANT;SPIDER_GIANT;BDHELP01;;4;SUMMONED;SUMMONED;ALLY;BDHELP;None;;None;dw1melmo;;;;;ANTIWEB;SPIDGI1;;;;0;bg1;Giant Spider
BDHELP02;ANIMAL;CAT;CAT;GREATCAT_LEOPARD;BDLION01;;4;SUMMONED;SUMMONED;ALLY;BDHELP;None;None;None;dw1melmo;;;;;;CATLIO;;;;0;bg1;Lion
BDHELP03;MONSTER;SPIDER;SPIDER_SWORD;SPIDER_SWORD;BDHELP03;;5;SUMMONED;SUMMONED;ALLY;BDHELP;None;None;None;dw1melmo;;;;;ANTIWEB;SPIDSW1;;;;0;bg1;Sword Spider
BDHELP04;ANIMAL;CAT;CAT;GREATCAT_PANTHER;BDHELP04;;4;SUMMONED;SUMMONED;ALLY;BDHELP;None;None;None;dw1melmo;;;;;;CATJAG;;;;0;bg1;Panther
BDHELVD2;HUMANOID;DWARF;FIGHTER;FIGHTER_MALE_DWARF;BDHELVDA;BDHELVDA;7;MALE;MALE;NEUTRAL;BDADS1;BDASC;BDSHOUT;bdfigh10;;HELM09;SHLD01;;;;AX1H01;;;;420;bg1;Helvdar
BDHELVDA;HUMANOID;DWARF;FIGHTER;FIGHTER_MALE_DWARF;BDHELVDA;BDHELVDA;7;MALE;MALE;NEUTRAL;RR#PICKP;;BDSHOUT;BDFIGH01;;HELM09;SHLD01;;;;AX1H01;;;;420;bg1;Helvdar
BDHENSLE;HUMANOID;HUMAN;MAGE;MAGE_MALE_HUMAN;BDHENSLE;BDHENSLE;16;MALE;MALE;NEUTRAL;BDWARMAG;BDASC;BDSHOUT;BDMAGE42;;;;;BDRING06;;STAF07;SLNG04;;;8000;bg1;Dahk Hensleigh
BDHEPH2;HUMANOID;HUMAN;CLERIC_MAGE;HEPHERNAAN;BDHEPH2;BDHEPHER;14;MALE;MALE;NEUTRAL;;;;;;;;RING07;;MINHP1;BLUN15;;;;9000;bg1;Hephernaan
BDHEPHER;HUMANOID;HUMAN;CLERIC_MAGE;HEPHERNAAN;BDHEPHER;BDHEPHER;14;MALE;MALE;NEUTRAL;BDHEPHER;;BDSHOUT;BDCLMA01;;;;BDRING06;;MINHP1;BLUN15;;;;9000;bg1;Hephernaan
BDHEROD;HUMANOID;HUMAN;INNOCENT;FAT_MAN;BDHEROD;BDHEROD;1;MALE;MALE;NEUTRAL;BDHEROD;BDSTEAL;dw#innhl;RUNENEMY;NONE;;;;;;;;;;15;bg1;Herod
BDHESTE2;HUMANOID;HUMAN;BARD;THIEF_FEMALE_HUMAN;BDHESTER;BDHESTER;8;FEMALE;FEMALE;NEUTRAL;BDADS2;BDASC;BDSHOUT;BDBARD20;;;;;;;SW1H05;BOW03;;;975;bg1;Hester
BDHESTER;HUMANOID;HUMAN;BARD;THIEF_FEMALE_HUMAN;BDHESTER;BDHESTER;8;FEMALE;FEMALE;NEUTRAL;BDHESTER;;;;;;;;;;SW1H05;BOW03;;;975;bg1;Hester
BDHGUARD;HUMANOID;HUMAN;FIGHTER;FIGHTER_MALE_HUMAN;BDHGUARD;BDHGUARD;10;MALE;MALE;NEUTRAL;BDHGUARD;;None;None;dw1melge;;;;;;SW1H02;;;;900;bg1;Household Guard
BDHOACH;HUMANOID;GNOME;INNOCENT;THIEF_MALE_GNOME;BDHOACH;BDHOACH;1;MALE;MALE;NEUTRAL;BDREFBF;;WTRUNSGT;;NONE;;;;;;DAGG01;;;;1;bg1;Hoach Randymonk
BDHOBG01;HUMANOID;HOBGOBLIN;FIGHTER;HOBGOBLIN;BDHOBG01;;4;MALE;MALE;ENEMY;;BDENSHTV;;;BDFIG00;HELMNOAN;;;;;SW1H04;;;;65;bg1;Hobgoblin Captain
BDHOBG02;HUMANOID;HOBGOBLIN;FIGHTER_THIEF;HOBGOBLIN;BDHOBG02;;2;MALE;MALE;ENEMY;;BDENSHTV;;;BDARCH00;HELMNOAN;;;;;BOW03;SW1H04;;;35;bg1;Hobgoblin Scout
BDHOBG03;HUMANOID;HOBGOBLIN;RANGER;HOBGOBLIN;BDHOBG03;;4;MALE;MALE;ENEMY;;BDENSHTV;;;BDARCH00;HELMNOAN;;;;;BOW03;SW1H07;;;50;bg1;Hobgoblin Marksman
BDHOBG04;HUMANOID;HOBGOBLIN;CLERIC;HOBGOBLIN;BDHOBG04;;3;MALE;MALE;ENEMY;;BDENSHTV;;;BDPRI00;HELMNOAN;SHLD01;;;;BLUN04;;;;45;bg1;Hobgoblin Priest
BDHOBG05;HUMANOID;HOBGOBLIN;FIGHTER;HOBGOBLIN;BDHOBG05;;3;MALE;MALE;ENEMY;;BDENSHTV;;;BDFIG00;HELMNOAN;;;;;SW1H04;;;;45;bg1;Hobgoblin Veteran
BDHOOKHR;MONSTER;HOOK_HORROR;HUNTER_CREATURE;HOOK_HORROR;BDHOOKHR;;5;NIETHER;MALE;ENEMY;;;;;dw1melmo;;;;;;S1-10;;;;175;bg1;Hook Horror
BDHORMO2;HUMANOID;HUMAN;CLERIC_MAGE;MAGE_MALE_HUMAN;BDHORMOR;BDHORMOR;10;MALE;MALE;NEUTRAL;BDHORMOR;BDDSC;BDSHOUT;BDCLMA21;;BDHELM03;SHLD02;;;;BLUN05;SLNG02;;;3000;bg1;Hormorn
BDHORMOR;HUMANOID;HUMAN;CLERIC_MAGE;MAGE_MALE_HUMAN;BDHORMOR;BDHORMOR;10;MALE;MALE;NEUTRAL;BDHORMOR;BDDSC;BDSHOUT;BDCLMA20;;BDHELM03;SHLD02;;;;BLUN05;SLNG02;;;3000;bg1;Hormorn
BDHORST;HUMANOID;HUMAN;INNOCENT;FAT_MAN;BDHORST;BDHORST;1;MALE;MALE;NEUTRAL;RR#PICKP;BDSTEAL;dw#innhl;RUNENEMY;BDHORST;;;;;;;;;;15;bg1;Horst
BDHYRETH;HUMANOID;HUMAN;CLERIC;SLAVE_FIGHTER;BDHYRETH;BDHYRETH;2;MALE;MALE;NEUTRAL;BDHYRETH;;None;None;dw1melge;;;;;;;;;;65;bg1;Hyreth
BDIDYLET;MONSTER;SOLAR;CLERIC;SOLAR;BDIDYLET;BDIDYLET;25;FEMALE;FEMALE;NEUTRAL;BDMISC01;BDIDYLET;BDENSHTV;BDDEVAG;BDFIG00;BDMISC1C;;IMMUNE2;BDGASIM;;DEVA;BDSPECTQ;;;15000;bg1;Idyletia
BDIKROS;HUMANOID;HUMAN;MAGE;MAGE_MALE_HUMAN;BDIKROS;BDIKROS;9;MALE;MALE;NEUTRAL;BDIKROS;BD123IAI;BDSHOUT;BDMAGE01;;;;;;;STAF02;DART04;;;2000;bg1;Ikros
BDILLARU;MONSTER;DEMONIC;IMP;MAGE_FEMALE_ELF;BDILLARU;BDILLARU;9;FEMALE;FEMALE;ENEMY;BDILLARU;BDENSHTV;BDERINYE;;BDARCH00;;;IMMUNE1;BDDTRAI;BDERINYE;BOW17;SW1H41;;;9000;bg1;Illaruel
BDIMDEAD;HUMANOID;HUMAN;MAGE_THIEF;THIEF_FEMALE_HUMAN;IMOEN;BDIMOEN;5;FEMALE;FEMALE;NEUTRAL;BDIMOEN;;;;;;;RING05;;;DAGG02;DAGG05;;;0;bg1;Imoen
BDIMOEDO;MONSTER;DOPPLEGANGER;DOPPLEGANGER_GREATER;THIEF_FEMALE_HUMAN;BDIMOEDO;BDIMOEDO;9;NIETHER;FEMALE;NEUTRAL;BDIMOEDO;;NONE;NONE;;;;;;;BOW05;SW1H07;;;4000;bg1;Imoen
BDIMOEN;HUMANOID;HUMAN;MAGE_THIEF;THIEF_FEMALE_HUMAN;IMOEN;BDIMOEN;8;FEMALE;FEMALE;NEUTRAL;BDIMOEN;;;;;;;MINHP1;;;BOW05;DAGG02;;;0;bg1;Imoen
BDIMOITM;HUMANOID;NO_RACE;NO_CLASS;BIRD;BDIMOITM;NONE;1;NIETHER;MALE;NEUTRAL;NONE;NONE;NONE;NONE;NONE;;;;MAGE01;IMOENHP1;;;;;0;bg1;
BDIMP;HUMANOID;IMP;IMP;IMP;BDIMP;;2;NIETHER;MALE;ENEMY;;BDENSHTV;BDIMP;;BDFIG00;;;;IMMUNE1;;BDIMP;;;;1400;bg1;Imp
BDIMPD;HUMANOID;DEMONIC;FIGHTER;IMP;BDIMP;BDIMP;6;NIETHER;MALE;ENEMY;BDIMP;;BDSHOUT;BDFIGH01;;;;;;;S1-4;;;;420;bg1;Imp
BDINFEC1;HUMANOID;HUMAN;FIGHTER;SLEEPING_MAN_HUMAN;BDINFEC1;BDINFECT;6;MALE;MALE;NEUTRAL;RR#PICKP;;;;BDREFG;HELM09;SHLD01;;;;SW1H04;;;;175;bg1;Infected Soldier
BDINFEC2;HUMANOID;HUMAN;FIGHTER;SLEEPING_WOMAN_HUMAN;BDINFEC2;BDINFECT;7;FEMALE;FEMALE;NEUTRAL;RR#PICKP;;;;BDREFG;HELM13;SHLD05;;;;SW1H01;;;;420;bg1;Infected Soldier
BDINFEC3;HUMANOID;HUMAN;FIGHTER;SLEEPING_MAN_HUMAN;BDINFEC3;BDINFECT;6;MALE;MALE;NEUTRAL;RR#PICKP;;;;BDREFG;HELM09;SHLD01;;;;SW1H04;;;;175;bg1;Infected Soldier
BDINFEC4;HUMANOID;HUMAN;FIGHTER;SLEEPING_WOMAN_HUMAN;BDINFEC4;BDINFECT;7;FEMALE;FEMALE;NEUTRAL;RR#PICKP;;;;BDREFG;HELM13;SHLD05;;;;SW1H01;;;;420;bg1;Infected Soldier
BDINFEC5;HUMANOID;HUMAN;FIGHTER;SLEEPING_MAN_HUMAN;BDINFEC5;BDINFECT;6;MALE;MALE;NEUTRAL;RR#PICKP;;;;BDREFG;HELM09;SHLD01;;;;SW1H04;;;;175;bg1;Infected Soldier
BDINFEC6;HUMANOID;HUMAN;FIGHTER;SLEEPING_WOMAN_HUMAN;BDINFEC6;BDINFECT;7;FEMALE;FEMALE;NEUTRAL;RR#PICKP;;;;BDREFG;HELM13;SHLD05;;;;SW1H01;;;;420;bg1;Infected Soldier
BDINFEC7;HUMANOID;HUMAN;FIGHTER;SLEEPING_MAN_HUMAN;BDINFEC7;BDINFECT;6;MALE;MALE;NEUTRAL;RR#PICKP;;;;BDREFG;HELM09;SHLD01;;;;SW1H04;;;;175;bg1;Infected Soldier
BDINSA01;HUMANOID;DWARF;CLERIC;CLERIC_MALE_DWARF;BDINSA01;;10;MALE;MALE;ENEMY;;;BDSHOUT;BDCLER01;;BDHELM03;SHLD06;;;;HAMM01;SLNG01;;;2000;bg1;Bengahd Claybelly
BDINSA02;HUMANOID;HALFORC;FIGHTER;FIGHTER_MALE_HALFORC;BDINSA02;;9;MALE;MALE;ENEMY;;;BDSHOUT;BDFIGH01;;HELM01;;;;;HALB02;;;;1400;bg1;Lynos the Righteous
BDINSA03;HUMANOID;ELF;RANGER;FIGHTER_FEMALE_ELF;BDINSA03;;9;FEMALE;FEMALE;ENEMY;;;BDSHOUT;BDFIGH01;;;;;;;BOW01;SW1H04;;;1400;bg1;Dalia
BDINSA04;HUMANOID;ELF;MAGE;MAGE_MALE_ELF;BDINSA04;;10;MALE;MALE;ENEMY;;;BDSHOUT;BDMAGE01;;;;;;;STAF01;DART05;;;2000;bg1;Raizarn
BDINSA05;HUMANOID;HUMAN;FIGHTER_THIEF;FIGHTER_FEMALE_ELF;BDINSA05;;9;FEMALE;FEMALE;ENEMY;;;BDSHOUT;BDFTHI01;;;;;;;SW1H43;;;;2000;bg1;Akame
BDINSA06;HUMANOID;HUMAN;MONK;MONK_MALE_HUMAN;BDINSA06;;10;MALE;MALE;ENEMY;NONE;NONE;BDSHOUT;BDMONK01;NONE;;;;;;MFIST4;;;;2000;bg1;Four Winds
BDINSA07;HUMANOID;GNOME;CLERIC_MAGE;MAGE_MALE_GNOME;BDINSA07;;8;MALE;MALE;ENEMY;;;BDSHOUT;BDCLMA01;;;;;;;BLUN04;SLNG01;;;2000;bg1;Therren
BDIRENI;HUMANOID;ELF;MAGE;MONK;BDIRENI;BDIRENI;30;MALE;MALE;NEUTRAL;BDIRENI;;;;dw1melge;;;MINHP1;;;STAF01;;;;26000;bg1;Hooded Man
BDIRINA;HUMANOID;HALFLING;INNOCENT;THIEF_FEMALE_HALFLING;BDIRINA;BDIRINA;1;FEMALE;FEMALE;NEUTRAL;BDIRINA;None;;None;dw1melge;;;;;;;;;;15;bg1;Irina
BDISABEL;HUMANOID;HUMAN;FIGHTER;FIGHTER_FEMALE_HUMAN;BDISABEL;BDISABEL;8;FEMALE;FEMALE;NEUTRAL;BDISABEL;BD123IAI;BDSHOUT;BDFIGH01;;HELM06;;;;;SW1H05;;;;1400;bg1;Isabella
BDITHTYL;HUMANOID;HUMAN;SORCERER;HARLOT_FIGHTER;bdithtyl;BDITHTYL;12;FEMALE;FEMALE;NEUTRAL;BDITHTYL;;BDMAGE01;;dw1range;;;;;;DART03;DAGG02;;;1000;bg1;Ithtyl Calantryn
BDIVANN;HUMANOID;HUMAN;FIGHTER;FIGHTER_MALE_HUMAN;BDIVANN;BDIVANN;9;MALE;MALE;NEUTRAL;RR#PICKP;BDCRUS10;BDSHOUT;BDFIGH01;;HELM01;SHLD06;;BDRING06;MINHP1;SW1H41;;;;1400;bg1;Ivann
BDJAMVEN;HUMANOID;HUMAN;FIGHTER_DRUID;CLERIC_MALE_HUMAN;BDJAMVEN;BDJAMVEN;3;MALE;MALE;NEUTRAL;BDENTANG;;BDSHOUT;BDDRUI01;;BDENTANG;;;;;BLUN10;DART03;;;3000;bg1;Jamven
BDJAYVIS;HUMANOID;HUMAN;MAGE;MAGE_MALE_HUMAN;BDJAYVIS;BDJAYVIS;10;MALE;MALE;NEUTRAL;BDCUTSCE;;;;;;;;;MINHP1;STAF01;;;;650;bg1;Jayvis
BDJEGG;HUMANOID;DWARF;FIGHTER;FIGHTER_FEMALE_DWARF;BDJEGG;BDJEGG;6;FEMALE;FEMALE;NEUTRAL;BDJEGG;BDFORT;BDSHOUT;BDFIGH01;;;;;;;HAMM01;;;;420;bg1;Jegg
BDJEGG2;HUMANOID;DWARF;FIGHTER;FIGHTER_FEMALE_DWARF;BDJEGG;BDJEGG;6;FEMALE;FEMALE;NEUTRAL;BDJEGG;BDASC2;BDSHOUT;BDFIGH01;;;;;;;HAMM01;;;;420;bg1;Jegg
BDJELLMU;MONSTER;SLIME;MUSTARD_JELLY;SLIME_MUSTARD;None;;7;NIETHER;MALE;ENEMY;None;None;None;None;dw1ranmo;;;IMMUNE1;RING95;;JELLMU1;;;;2000;bg1;Mustard Jelly
BDJELLOC;MONSTER;SLIME;OCRE_JELLY;SLIME_OCHRE;BDJELLOC;;6;NIETHER;MALE;ENEMY;;BDENSHTV;;;BDNONIN;;;RING95;;;JELLOC1;;;;270;bg1;Ochre Jelly
BDJENKS;HUMANOID;HUMAN;FIGHTER;FIGHTER_MALE_HUMAN;BDJENKS;BDJENKS;6;MALE;MALE;NEUTRAL;RR#PICKP;;BDSHOUT;BDFIGH01;;;SHLD05;;;;SW1H04;;;;420;bg1;Officer Jenks
BDJORURI;HUMANOID;HUMAN;CLERIC_MAGE;MAGE_FEMALE_HUMAN;BDJORURI;BDJORURI;3;FEMALE;FEMALE;NEUTRAL;RR#PICKP;;BDSHOUT;BDMAGE01;;;;;;MINHP1;;;;;120;bg1;Joruri
BDJOSPIL;HUMANOID;HUMAN;FIGHTER;FIGHTER_MALE_HUMAN;BDJOSPIL;BDJOSPIL;10;MALE;MALE;NEUTRAL;RR#PICKP;None;None;None;None;;;;;;BDSTAF01;;;;1400;bg1;Jospil
BDJULAN2;HUMANOID;HUMAN;CLERIC_MAGE;MAGE_FEMALE_HUMAN;BDJULANN;BDJULANN;11;FEMALE;FEMALE;NEUTRAL;BDJULRIG;BDDSC;BDSHOUT;BDCLMA22;;;;;;;SLNG02;STAF01;;;4000;bg1;Julann
BDJULANN;HUMANOID;HUMAN;CLERIC_MAGE;MAGE_FEMALE_HUMAN;BDJULANN;BDJULANN;11;FEMALE;FEMALE;NEUTRAL;RR#PICKP;;BDSHOUT;BDCLMA01;;;;;;;SLNG02;STAF01;;;4000;bg1;Julann
BDJUNIA;HUMANOID;HUMAN;CLERIC;CLERIC_FEMALE_HUMAN;BDJUNIA;BDJUNIA;9;FEMALE;FEMALE;NEUTRAL;BDJUNIA;BDFORT;BDSHOUT;BDCLER01;;HELM15;SHLD03P;;;;BLUN36;;;;975;bg1;Junia
BDJUNIA2;UNDEAD;GHOUL;GHOUL;GHAST;BDJUNIA2;;8;NIETHER;MALE;ENEMY;BDJUNIA2;NONE;NONE;NONE;dw1melge;HELM15;SHLD03P;RING95;;;WIGHT;;;;1000;bg1;Junia
BDKAELET;HUMANOID;ELF;FIGHTER_CLERIC;DROW_FEMALE;BDKAELET;BDKAELET;5;FEMALE;FEMALE;NEUTRAL;BDDROWRU;;BDSHOUT;BDDROWCL;;HELMNOAN;SHLD11A;;;;BLUN02;DWDART01;;;650;bg1;Kaelet
BDKAG;HUMANOID;GNOLL;GNOLL;GNOLL;BDKAG;BDKAG;2;MALE;MALE;NEUTRAL;bdcaper;None;;None;dw1melge;;;;;;FLIND1;;;;120;bg1;Kag
BDKAMBAL;HUMANOID;KOBOLD;FIGHTER;KOBOLD;BDKAMBAL;BDKAMBAL;7;MALE;MALE;NEUTRAL;RR#PICKP;;BDSHOUT;BDFIGH01;;;;;;;BOW06;SW1H07;;;420;bg1;Kåmbolder
BDKATHEE;HUMANOID;HUMAN;SORCERER;HARLOT_FIGHTER;bdkathee;BDKATHEE;2;FEMALE;FEMALE;NEUTRAL;RR#PICKP;None;BDSHOUT;BDMAGE01;BDKATHEE;;;;;;DAGG01;;;;50;bg1;Katheera
BDKAVA;HUMANOID;HALFORC;FIGHTER;FIGHTER_FEMALE_HALFORC;BDKAVA;BDKAVA;7;FEMALE;FEMALE;NEUTRAL;BDIRREGU;BDFIST;BDSHOUT;BDFIGH01;;BDHELM03;;;;;SW1H07;;;;420;bg1;Kava
BDKAZZRE;HUMANOID;HUMAN;MONK;MONK_MALE_HUMAN;BDKAZZRE;BDKAZZRE;10;MALE;MALE;NEUTRAL;BDKAZZRE;BDSHOUT;;;BDMONK01;;;;;;;;;;5000;bg1;Kazzrem
BDKEG;GENERAL_ITEM;NO_RACE;NO_CLASS;KEG1;BDKEG;;1;NIETHER;NIETHER;NEUTRAL;;;;;;;;;;;;;;;0;bg1;Barrel
BDKEG2;GENERAL_ITEM;NO_RACE;NO_CLASS;KEG1;BDKEG2;;1;NIETHER;NIETHER;NEUTRAL;;;;;;;;;;;;;;;0;bg1;Barrel
BDKEGX;GENERAL_ITEM;NO_RACE;NO_CLASS;KEG3;BDKEGX;;1;NIETHER;NIETHER;NEUTRAL;BDKEGX;;;;;;;;;MINHP1;;;;;0;bg1;Barrel
BDKHARM;HUMANOID;DWARF;FIGHTER;FIGHTER_MALE_DWARF;BDKHARM;BDKHARM;9;MALE;MALE;NEUTRAL;BDKHARM;BDDSC;BDSHOUT;BDFIGH22;NONE;HELM06;;;;;HALB07;;;;1400;bg1;Kharm
BDKHARM2;HUMANOID;DWARF;FIGHTER;FIGHTER_MALE_DWARF;BDKHARM;BDKHARM;9;MALE;MALE;NEUTRAL;BDKHARM;BDDSC;BDSHOUT;BDFIGH41;NONE;HELM06;;;;;HALB07;;;;1400;bg1;Kharm
BDKHARMY;HUMANOID;DWARF;FIGHTER;FIGHTER_MALE_DWARF;BDKHARMY;BDKHARMY;6;MALE;MALE;NEUTRAL;BDKHER;;BDSHOUT;BDFIGH01;NONE;;;;;;;;;;420;bg1;Keherrem
BDKHER1;HUMANOID;HALF_ELF;FIGHTER;FIGHTER_MALE_ELF;BDKHER1;BDCRUS;6;MALE;MALE;NEUTRAL;BDKHER;;BDSHOUT;BDFIGH01;;;;;;;;;;;420;bg1;Crusader Recruit
BDKHER2;HUMANOID;DWARF;FIGHTER;FIGHTER_FEMALE_DWARF;BDKHER2;BDCRUS;6;FEMALE;FEMALE;NEUTRAL;BDKHER;;BDSHOUT;BDFIGH01;;;;;;;;;;;420;bg1;Crusader Recruit
BDKHERR;HUMANOID;ELF;MAGE;MAGE_FEMALE_ELF;BDKHERR;BDKHERR;13;FEMALE;FEMALE;NEUTRAL;BDKHERR;BDDMSH;BDSHOUT;BDMAGE01;NONE;;;BDRING08;MINHP1;BDAMUL24;STAF06;DART05;;;5000;bg1;Kherriun
BDKIERAN;HUMANOID;HUMAN;INNOCENT;NOBLE_MAN;BDKIERAN;BDKIERAN;1;MALE;MALE;NEUTRAL;RR#PICKP;None;None;None;None;;;RING10;;;;;;;15;bg1;Kieran
BDKJARVA;HUMANOID;HUMAN;FIGHTER;FIGHTER_MALE_HUMAN;BDKJARVA;BDKJARVA;6;MALE;MALE;NEUTRAL;BDKJARVA;BDDSC2;BDSHOUT;BDFIGH01;;HELM01;SHLD01;;;;BLUN02;;;;420;bg1;Recruit Kjarvan
BDKORDE1;HUMANOID;HUMAN;FIGHTER;FIGHTER_MALE_HUMAN;BDKORDE1;BDKORDE;4;MALE;MALE;NEUTRAL;RR#PICKP;BDKORDE;BDSHOUT;BDFIGH01;;HELM11;SHLD03;;;;AX1H01;;;;175;bg1;Iron Throne Soldier
BDKORDE2;HUMANOID;HUMAN;FIGHTER;FIGHTER_MALE_HUMAN;BDKORDE2;BDKORDE;4;MALE;MALE;NEUTRAL;RR#PICKP;BDKORDE;BDSHOUT;BDFIGH01;;HELM11;SHLD01;;;;SW1H04;;;;175;bg1;Follower of Sarevok
BDKORDE3;HUMANOID;HUMAN;FIGHTER;FIGHTER_MALE_HUMAN;BDKORDE3;BDKORDE;6;MALE;MALE;NEUTRAL;RR#PICKP;BDKORDE;BDSHOUT;BDFIGH01;;HELM11;;;;;SW2H02;;;;420;bg1;Iron Throne Commander
BDKORDE4;HUMANOID;HUMAN;THIEF;THIEF_MALE_HUMAN;BDKORDE4;;5;MALE;MALE;NEUTRAL;RR#PICKP;BDENSHTV;BDSHTAUN;;BDTHF00;;;MAGE01;;;SW1H48;;;;300;bg1;Follower of Sarevok
BDKORDE5;HUMANOID;GNOME;FIGHTER_THIEF;THIEF_MALE_GNOME;BDKORDE5;;2;MALE;MALE;NEUTRAL;RR#PICKP;BDENSHTV;BDSHTAUN;;BDARCH00;;;;;;BOW05;SW1H07;;;175;bg1;Mercenary
BDKORDE6;HUMANOID;HUMAN;FIGHTER;FIGHTER_MALE_HUMAN;BDKORDE6;;3;MALE;MALE;NEUTRAL;RR#PICKP;BDENSHTV;BDSHTAUN;;BDFIG00;HELM09;;;;;SPER01;;;;300;bg1;Follower of Sarevok
BDKORDE7;HUMANOID;HALF_ELF;FIGHTER_THIEF;FIGHTER_FEMALE_ELF;BDKORDE7;;2;FEMALE;FEMALE;NEUTRAL;RR#PICKP;BDENSHTV;BDSHTAUN;;BDARCH00;;;;;;BOW03;SW1H04;;;175;bg1;Mercenary
BDKORDE8;HUMANOID;ELF;RANGER;FIGHTER_MALE_ELF;BDKORDE8;;5;MALE;MALE;NEUTRAL;RR#PICKP;BDENSHTV;BDSHTAUN;;BDARCH00;HELM13;;;;;BOW01;HALB01;;;500;bg1;Elite Mercenary
BDKORDE9;HUMANOID;DWARF;FIGHTER;FIGHTER_MALE_DWARF;BDKORDE9;;5;MALE;MALE;NEUTRAL;RR#PICKP;BDENSHTV;BDSHTAUN;;BDFIG00;HELM01;AX1H01;;;;AX1H01;;;;400;bg1;Elite Mercenary
BDKORDEF;HUMANOID;HUMAN;FIGHTER;FIGHTER_MALE_HUMAN;BDKORDEF;BDKORDEF;3;MALE;MALE;NEUTRAL;RR#PICKP;BDKORDE;BDSHOUT;BDFIGH01;;HELM11;;;;;SW2H01;;;;420;bg1;Iron Throne Soldier
BDKORDEM;HUMANOID;HUMAN;MAGE;MAGE_MALE_HUMAN;BDKORDEM;BDKORDE;6;MALE;MALE;NEUTRAL;RR#PICKP;BDKORDE;BDSHOUT;BDMAGE01;;;;;;;DART01;STAF01;;;420;bg1;Bandit Mage
BDKORDEO;GIANTHUMANOID;OGRE;OGRE_OGRILLON;OGRILLON;BDKORDEO;BDTOMB5;2;MALE;MALE;NEUTRAL;;BDENSHTV;BDSHTAUN;;BDFIG00;;;;;;B1-8;;;;175;bg1;Ogrillon
BDKORLAS;HUMANOID;HUMAN;MAGE;MAGE_FEMALE_HUMAN;BDKORLAS;BDKORLAS;8;FEMALE;FEMALE;NEUTRAL;BDKORLAS;BDENSHTV;BDSHKORL;;;;;;;;;;;;2500;bg1;Korlasz
BDKORME1;HUMANOID;HALF_ELF;FIGHTER_THIEF;THIEF_MALE_ELF;BDKORME1;BDKORME1;4;MALE;MALE;NEUTRAL;RR#PICKP;BDENSHTV;BDSHTAUN;BDKORME1;BDTHF00;;;;;;SW1H20;;;;400;bg1;Mercenary
BDKORME2;HUMANOID;HALFLING;FIGHTER;FIGHTER_MALE_HALFLING;BDKORME2;BDKORME2;4;MALE;MALE;NEUTRAL;RR#PICKP;BDENSHTV;BDSHTAUN;BDKORME1;BDARCH00;HELM09;SHLD01;;;;DART04;DART02;DAGG01;;400;bg1;Mercenary
BDKORME3;HUMANOID;HALFORC;FIGHTER;FIGHTER_MALE_HALFORC;BDKORME3;;4;MALE;MALE;NEUTRAL;RR#PICKP;BDENSHTV;BDSHTAUN;;BDFIG00;HELM11;AX1H01;;;;AX1H01;;;;250;bg1;Elite Mercenary
BDKORME4;HUMANOID;HALF_ELF;FIGHTER;FIGHTER_MALE_ELF;;;4;MALE;MALE;NEUTRAL;;BDENSHTV;BDSHTAUN;;BDARCH00;;;;;;BOW03;SPER01;;;250;bg1;Elite Mercenary
BDKORME5;HUMANOID;GNOME;FIGHTER;FIGHTER_MALE_GNOME;BDKORME5;;2;MALE;MALE;NEUTRAL;RR#PICKP;BDENSHTV;BDSHTAUN;;BDARCH00;;;;;;BOW05;DAGG01;;;150;bg1;Mercenary
BDKORME6;HUMANOID;HALF_ELF;FIGHTER_THIEF;THIEF_FEMALE_ELF;BDKORME6;;2;FEMALE;FEMALE;NEUTRAL;RR#PICKP;BDENSHTV;BDSHTAUN;;BDARCH00;;;;;;XBOW04;SW1H07;;;150;bg1;Mercenary
BDKORME7;HUMANOID;HUMAN;FIGHTER;FIGHTER_MALE_HUMAN;BDKORME7;;2;MALE;MALE;NEUTRAL;RR#PICKP;BDENSHTV;BDSHTAUN;;BDFIG00;HELM01;SHLD03A;;;;SW1H01;;;;150;bg1;Mercenary
BDKORME8;HUMANOID;HALFLING;FIGHTER;FIGHTER_FEMALE_HALFLING;BDKORME8;;5;FEMALE;FEMALE;ENEMY;;;BDENSHTV;BDSHIS08;BDARCH00;HELM01;CHAN04;;;;DART03;SW1H07;;;500;bg1;Elite Mercenary
BDKORME9;HUMANOID;HALFORC;CLERIC;CLERIC_FEMALE_HALFORC;BDKORME9;;6;FEMALE;FEMALE;ENEMY;;;BDENSHTV;BDSHTAUN;BDPRI00;HELM01;SHLD05A;;;;BLUN06;;;;400;bg1;Follower of Sarevok
BDKRUNTU;MONSTER;RABBIT;CLERIC;RABBIT;BDWELL01;BDKRUNTU;10;MALE;MALE;GOODBUTBLUE;;;;;;;;OHRRING2;;;;;;;0;bg1;Hide Armor
BDLADLE;HUMANOID;GNOME;FIGHTER;FIGHTER_MALE_GNOME;BDLADLE;BDLADLE;8;MALE;MALE;NEUTRAL;BD5100EN;;BDSHOUT;BDFIGH01;;BDHELMJ3;;;;;SW1H08;;;;650;bg1;Ladle
BDLARAAM;HUMANOID;HUMAN;FIGHTER;FIGHTER_MALE_HUMAN;BDLARAAM;BDLARAAM;7;MALE;MALE;NEUTRAL;BDFIST60;;BDSHOUT;BDFIGH01;;HELM09;;;;;XBOW04;SW1H07;;;420;bg1;Flaming Fist Mercenary
BDLEMURD;HUMANOID;DEMONIC;FIGHTER;LEMURE;BDLEMURE;BDLEMURE;4;NIETHER;MALE;ENEMY;BDLEMURE;;BDSHOUT;BDFIGH01;;;;;;;;;;;175;bg1;Lemure
BDLEMURE;MONSTER;DEMONIC;IMP;LEMURE;BDLEMURE;BDLEMURE;2;MALE;MALE;ENEMY;;BDENSHTV;BDLEMURE;;BDNONIN;;;REGHP1;;IPSION;B1-3;;;;120;bg1;Lemure
BDLEOPAS;HUMANOID;HUMAN;FIGHTER;FIGHTER_MALE_HUMAN;BDLEOPAS;BDLEOPAS;9;MALE;MALE;NEUTRAL;BDTRIAL;BDDSC2;BDSHOUT;bdfigh10;;HELM01;;;;;XBOW02;SW1H04;;;1400;bg1;Leopas
BDLEOSIS;HUMANOID;HUMAN;FIGHTER;FIGHTER_MALE_HUMAN;BDLEOSIS;BDLEOSIS;7;MALE;MALE;NEUTRAL;RR#PICKP;BDDSC2;BDSHOUT;BDFIGH01;;HELM01;;;;;XBOW04;DAGG01;;;420;bg1;Crusader
BDLIEUTA;HUMANOID;DWARF;FIGHTER;FIGHTER_MALE_DWARF;BDLIEUTA;BDLIEUTA;9;MALE;MALE;NEUTRAL;RR#PICKP;;BDSHOUT;BDFIGH01;;HELM01;SHLD04;;;;AX1H17;AX1H04;;;1400;bg1;Caelar's Lieutenant
BDLIEUTB;HUMANOID;HALF_ELF;MAGE;MAGE_FEMALE_ELF;BDLIEUTB;BDLIEUTB;10;FEMALE;FEMALE;NEUTRAL;RR#PICKP;;BDSHOUT;BDMAGE01;;;;;;;STAF02;DART11;;;3000;bg1;Caelar's Lieutenant
BDLIEUTC;HUMANOID;HUMAN;FIGHTER;FIGHTER_MALE_HUMAN;BDLIEUTC;BDCRUS;9;MALE;MALE;NEUTRAL;RR#PICKP;;BDSHOUT;BDFIGH01;;HELM01;;;;;HALB07;;;;1400;bg1;Crusader Elite
BDLIEUTD;HUMANOID;HUMAN;FIGHTER;FIGHTER_FEMALE_HUMAN;BDLIEUTD;BDCRUS;9;FEMALE;FEMALE;NEUTRAL;RR#PICKP;;BDSHOUT;BDFIGH01;;HELM01;;;;;BOW02;SW1H08;;;1400;bg1;Crusader Elite
BDLIEUTE;HUMANOID;HUMAN;FIGHTER_THIEF;THIEF_MALE_HUMAN;BDLIEUTE;BDCRUS;7;MALE;MALE;NEUTRAL;RR#PICKP;;BDSHOUT;BDFTHI01;;HELM01;;;;;SW1H09;DART03;;;1400;bg1;Crusader Elite
BDLIEUTF;HUMANOID;HUMAN;MAGE;MAGE_MALE_HUMAN;BDLIEUTF;BDCRUS;10;MALE;MALE;NEUTRAL;RR#PICKP;;BDSHOUT;BDMAGE01;;;;;;;STAF18;DART03;;;3000;bg1;Crusader Elite
BDLIEUTG;HUMANOID;HUMAN;CLERIC;CLERIC_MALE_HUMAN;BDLIEUTG;BDCRUS;9;MALE;MALE;NEUTRAL;RR#PICKP;;BDSHOUT;BDCLER01;;HELM01;SHLD02;;;;BLUN07;SLNG02;;;2000;bg1;Crusader Elite
BDLIIA;HUMANOID;HUMAN;MAGE;MAGE_FEMALE_HUMAN;BDLIIA;BDLIIA;16;FEMALE;FEMALE;NEUTRAL;BDLIIA;;BDSHOUT;BDMAGE01;;;;;;MINHP1;DAGG01;;;;6000;bg1;Liia Jannath
BDLITLA;UNDEAD;SPECTRE;MAGE_THIEF;THIEF_FEMALE_GNOME;BDLITLA;BDLITILA;9;FEMALE;FEMALE;NEUTRAL;;;SHOUT;BDLITLA;;;;BDRINGGH;;;BDDAGG04;BDSW1HGH;;;4000;bg1;Litla
BDLLUIS;HUMANOID;HUMAN;FIGHTER;FIGHTER_MALE_HUMAN;BDLLUIS;BDLLUIS;7;MALE;MALE;NEUTRAL;LUISGANG;;;BDLLUIS;dw1melge;HELM01;;;;;SW1H04;;;;450;bg1;Lluis
BDLON;MONSTER;LYCANTHROPE;WOLFWERE;THIEF_MALE_HUMAN;BDLON;BDLON;6;MALE;MALE;NEUTRAL;BDLON;None;;None;;;;;;;;;;;800;bg1;Lon
BDLONWER;MONSTER;LYCANTHROPE;WEREWOLF;WEREWOLF;BDLONWER;None;7;MALE;MALE;ENEMY;;None;None;None;dw1melge;;;IMMUNE1;;;S1-12;;;;420;bg1;Werewolf
BDLORDDU;HUMANOID;HUMAN;INNOCENT;NOBLE_MAN;BDLORDDU;BDLORDDU;1;0;MALE;NEUTRAL;BDLORDDU;None;None;None;WTRUNBE;;;RING10;;;;;;;15;bg1;Lord Dushwick
BDLUCILL;HUMANOID;HUMAN;FIGHTER;FIGHTER_FEMALE_HUMAN;BDLUCILL;BDLUCILL;6;MALE;MALE;NEUTRAL;RR#PICKP;BDSAILOR;None;None;dw1melge;;;;;;;;;;750;bg1;Lucilla
BDLUGG;HUMANOID;DWARF;FIGHTER;FIGHTER_MALE_DWARF;BDLUGG;BDLUGG;7;MALE;MALE;NEUTRAL;BDLUGG;BDASC;BDSHOUT;bdfigh10;;BDHELMJ3;SHLD03;;;;AX1H01;AX1H04;;;420;bg1;Lugg
BDMADELE;HUMANOID;HUMAN;CLERIC;MONK_FEMALE_HUMAN;BDMADELE;BDMADELE;7;FEMALE;FEMALE;NEUTRAL;BDMADELE;;;;;;;;;;;;;;650;bg1;Madele
BDMALDE2;HUMANOID;HALF_ELF;FIGHTER_THIEF;FIGHTER_MALE_ELF;BDMALDEN;BDMALDEN;7;MALE;MALE;NEUTRAL;RR#PICKP;BDDSC;BDSHOUT;BDTHIE10;;;;;;;SW1H08;;;;650;bg1;Malden Col
BDMALDEN;HUMANOID;HALF_ELF;FIGHTER_THIEF;FIGHTER_MALE_ELF;BDMALDEN;BDMALDEN;7;MALE;MALE;NEUTRAL;RR#PICKP;BDASC2;BDSHOUT;BDFTHI01;;;;;;;SW1H08;;;;650;bg1;Malden Col
BDMAPGUA;HUMANOID;HUMAN;FIGHTER;FIGHTER_MALE_HUMAN;BDMAPGUA;BDMAPGUA;7;MALE;MALE;NEUTRAL;RR#PICKP;BDDSC2;BDSHOUT;BDFIGH01;;HELM01;SHLD03;;;;BLUN06;;;;420;bg1;Crusader
BDMARI;HUMANOID;HUMAN;FIGHTER;FIGHTER_FEMALE_HUMAN;BDMARI;BDMARI;7;FEMALE;FEMALE;NEUTRAL;BDMARI;BDFORT;BDSHOUT;BDFIGH01;;;;;;;BOW03;BLUN06;;;420;bg1;Mari
BDMAXWEL;HUMANOID;HUMAN;NO_CLASS;NOBLEMAN_FIGHTER;BDMAXWEL;BDMAXWEL;1;MALE;MALE;NEUTRAL;BDMAXWEL;SHOUT;None;None;dw1melge;;;;;;DAGG02;;;;15;bg1;Lord Maxwell
BDMCARRI;MONSTER;CARRIONCRAWLER;CARRIONCRAWLER;CARRION_CRAWLER;BDMCARRI;;5;NIETHER;MALE;ENEMY;;BDENSHTV;;;BDCCRAWL;;;;;;CARRIO1;;;;650;bg1;Mutated Crawler
BDMEL;HUMANOID;HUMAN;FIGHTER;FIGHTER_MALE_HUMAN;BDMEL;BDWTR80;8;MALE;MALE;NEUTRAL;RR#PICKP;;BDSHOUT;BDFIGH01;;HELM13;;;;;XBOW05;DAGG01;;;975;bg1;Waterdhavian Sergeant
BDMENGO;GIANTHUMANOID;GOLEM;GOLEM_STONE;GOLEM_CLAY;NONE;NONE;14;SUMMONED;MALE;ENEMY;GENSHT01;NONE;NONE;NONE;dw1melmo;;;IMMUNE1;GOLSTONE;;GOLSTO;;;;8000;bg1;Stone Golem
BDMENHIR;GENERAL_ITEM;NO_RACE;NO_CLASS;NULL_ANIMATION;NONE;NONE;1;0;MALE;NEUTRAL;NONE;NONE;NONE;NONE;NONE;;;;;;;;;;0;bg1;Ancient Menhir
BDMEPE01;HUMANOID;MEPHIT;MEPHIT;IMP;BDMEPE01;;3;MALE;MALE;ENEMY;;BDENSHTV;BDMEPE01;;BDFIG00;;;;;BDMEPSUT;BDMEPSUE;;;;420;bg1;Earth Mephit
BDMEPF01;HUMANOID;MEPHIT;MEPHIT;IMP;BDMEPF01;;3;MALE;MALE;ENEMY;;BDENSHTV;BDMEPF01;;BDFIG00;;;;;BDMEPSUT;BDMEPSUF;;;;420;bg1;Fire Mephit
BDMEPHIT;HUMANOID;MEPHIT;MEPHIT;IMP;NONE;;3;NIETHER;MALE;ENEMY;GENSHT01;NONE;NONE;NONE;MEPFIR;;;;;IMMCLOUD;MEPFIR;;;;0;bg1;Fire Mephit
BDMEPHIW;HUMANOID;MEPHIT;MEPHIT;IMP;BDMEPHIW;BDMEPHIW;3;NIETHER;MALE;ENEMY;;NONE;NONE;NONE;BDMEPWAT;;;;;IMMCLOUD;S1-3;;;;420;bg1;Water Mephit
BDMEPI01;HUMANOID;MEPHIT;MEPHIT;IMP;BDMEPI01;;3;MALE;MALE;ENEMY;;BDENSHTV;BDMEPI01;;BDFIG00;;;;;BDMEPSUT;BDMEPSUI;;;;420;bg1;Ice Mephit
BDMEPL01;HUMANOID;MEPHIT;MEPHIT;IMP;BDMEPL01;;3;MALE;MALE;ENEMY;;BDENSHTV;BDMEPL01;;BDFIG00;;;;;BDMEPSUT;BDMEPSUL;;;;420;bg1;Lightning Mephit
BDMEPSUE;HUMANOID;MEPHIT;MEPHIT;IMP;BDMEPSUE;;3;SUMMONED;MALE;CONTROLLED;;;BDMEPSUE;;BDSUM00;;;;;BDMEPSUT;BDMEPSUE;;;;0;bg1;Earth Mephit
BDMEPSUF;HUMANOID;MEPHIT;MEPHIT;IMP;BDMEPSUF;;3;SUMMONED;MALE;CONTROLLED;;;BDMEPSUF;;BDSUM00;;;;;BDMEPSUT;BDMEPSUF;;;;0;bg1;Fire Mephit
BDMEPSUI;HUMANOID;MEPHIT;MEPHIT;IMP;BDMEPSUI;;3;SUMMONED;MALE;CONTROLLED;;;BDMEPSUI;;BDSUM00;;;;;BDMEPSUT;BDMEPSUI;;;;0;bg1;Ice Mephit
BDMEPSUL;HUMANOID;MEPHIT;MEPHIT;IMP;BDMEPSUL;;3;SUMMONED;MALE;CONTROLLED;;;BDMEPSUL;;BDSUM00;;;;;BDMEPSUT;BDMEPSUL;;;;0;bg1;Lightning Mephit
BDMERC02;HUMANOID;HUMAN;FIGHTER;FIGHTER_FEMALE_HUMAN;BDMERC02;BDMERC02;7;FEMALE;FEMALE;NEUTRAL;RR#PICKP;BDDSC2;BDSHOUT;BDFIGH01;;BDHELM03;;;;;BOW03;SW1H07;;;420;bg1;Mercenary
BDMERC03;HUMANOID;HUMAN;FIGHTER;FIGHTER_MALE_HUMAN;BDMERC03;BDMERC03;7;MALE;MALE;NEUTRAL;RR#PICKP;BDDSC2;BDSHOUT;BDFIGH01;;BDHELM03;SHLD01;;;;SW1H04;;;;420;bg1;Mercenary
BDMERCCR;HUMANOID;HUMAN;FIGHTER;FIGHTER_MALE_HUMAN;BDMERCCR;BDMERCCR;7;MALE;MALE;NEUTRAL;RR#PICKP;BD2000EN;BDSHOUT;BDFIGH01;;HELM01;SHLD01;;;;SW1H07;;;;420;bg1;Mercenary
BDMERCZ;HUMANOID;HUMAN;FIGHTER_THIEF;FIGHTER_MALE_HUMAN;BDMERCZ;BDMERCZ;7;MALE;MALE;NEUTRAL;BDMERCZ;NONE;NONE;NONE;NONE;;;;;MINHP1;DAGG01;;;;300;bg1;Thief
BDMEROME;HUMANOID;HALF_ELF;INNOCENT;BOY;BDMEROME;BDMEROME;0;MALE;MALE;NEUTRAL;BDSENDER;BDFORT;BDSHOUT;NONE;;;;;;;;;;;7;bg1;Merome
BDMESSE1;HUMANOID;HUMAN;FIGHTER;FIGHTER_MALE_HUMAN;BDMESSE1;BDMESSEN;7;MALE;MALE;NEUTRAL;BDMESSEN;BDBCOAL;BDSHOUT;BDFIGH01;;HELM13;;;;MINHP1;XBOW04;SW1H07;;;420;bg1;Messenger
BDMESSE2;HUMANOID;HUMAN;FIGHTER;FIGHTER_MALE_HUMAN;BDMESSE2;BDMESSEN;7;MALE;MALE;NEUTRAL;BDMESSEN;BDBCOAL;BDSHOUT;BDFIGH01;;HELM13;;;;MINHP1;XBOW04;SW1H07;;;420;bg1;Waterdhavian Guard
BDMESSE3;HUMANOID;HUMAN;FIGHTER;FIGHTER_MALE_HUMAN;BDMESSE3;BDMESSEN;7;MALE;MALE;NEUTRAL;BDMESSEN;BDBCOAL;BDSHOUT;BDFIGH01;;HELM13;;;;MINHP1;BOW03;SW1H07;;;420;bg1;Messenger
BDMIMIC;MONSTER;MIMIC;MIMIC;DOOM_GUARD;BDMIMIC;;10;MALE;MALE;ENEMY;;;BDMIMIC;;;;;MAGE01;;WALLPASS;B3-12;;;;3000;bg1;Killer Mimic
BDMIZHE2;HUMANOID;HUMAN;FIGHTER_CLERIC;CLERIC_FEMALE_HUMAN;BDMIZHEN;BDMIZHEN;7;FEMALE;FEMALE;NEUTRAL;BDADS3;BDASC;BDSHOUT;BDFCLE20;;HELM09;SHLD04A;;;;BLUN15;SLNG02;;;2000;bg1;Mizhena
BDMIZHEN;HUMANOID;HUMAN;FIGHTER_CLERIC;CLERIC_FEMALE_HUMAN;BDMIZHEN;BDMIZHEN;7;FEMALE;FEMALE;NEUTRAL;BDMIZHEN;BDASC2;BDSHOUT;BDFCLE01;;HELM09;SHLD04A;;;;BLUN15;SLNG02;;;2000;bg1;Mizhena
BDMKHI7;HUMANOID;GOBLIN;SHAMAN;MKHIIN;MKHIIN;BDMKHIIN;7;FEMALE;FEMALE;NEUTRAL;BDMKHIIN;BDMKHIIC;;;BDBCRW;;BDSHLD07;;;;BDAX1H05;;;;0;bg1;M'Khiin
BDMORDAU;HUMANOID;HUMAN;FIGHTER_MAGE;FIGHTER_MALE_HUMAN;BDMORDAU;BDMORDAU;7;MALE;MALE;NEUTRAL;BDBTEAM4;BDBCOAL;BDSHOUT;BDFMAG01;;HELM13;;;;MINHP1;XBOW02;SW1H08;;;3000;bg1;Mordaus
BDMORENT;MONSTER;DRAGON;GREEN_DRAGON;DRAGON_GREEN_JUVENILE;BDMORENT;BDMORENT;14;FEMALE;FEMALE;NEUTRAL;BDMORENT;;;;BDFIG00;HELMNOAN;;DRAGRING;BDIMMGAS;;BDDRGGRA;;;;13000;bg1;Morentherene
BDMORLI2;HUMANOID;HUMAN;FIGHTER;FIGHTER_MALE_HUMAN;BDMORLIS;BDMORLIS;6;MALE;MALE;NEUTRAL;BDADS2;BDASC;BDSHOUT;BDFIGH29;;HELM15;;;;;SW2H01;;;;420;bg1;Morlis
BDMORLIS;HUMANOID;HUMAN;FIGHTER;FIGHTER_MALE_HUMAN;BDMORLIS;BDMORLIS;6;MALE;MALE;NEUTRAL;BDMORLIS;NONE;NONE;NONE;;HELM15;;;;;SW2H01;;;;420;bg1;Morlis
BDMORRUK;GIANTHUMANOID;TROLL;TROLL;TROLL;BDMORRUK;BDMORRUK;8;MALE;MALE;NEUTRAL;BDTHRUDD;NONE;BDSHOUT;bdfigh10;;;;TROLLREG;TROLLIMM;MONHP1;TROLL01;;;;1400;bg1;Troll
BDMUGG1;HUMANOID;HUMAN;FIGHTER;THIEF_MALE_HUMAN;BDMUGG1;BDMUGG1;8;MALE;MALE;ENEMY;;NONE;NONE;BDSHOUT;BDFIGH01;;;;;;SW1H07;DART01;;;650;bg1;Mugger
BDMUGG2;HUMANOID;HUMAN;THIEF;THIEF_FEMALE_ELF;BDMUGG2;BDMUGG2;8;FEMALE;FEMALE;ENEMY;;NONE;NONE;BDSHOUT;BDTHIE01;;;;;;DAGG01;;;;650;bg1;Mugger
BDMUGG3;HUMANOID;HUMAN;FIGHTER;THIEF_MALE_ELF;BDMUGG3;BDMUGG3;8;MALE;MALE;ENEMY;;NONE;NONE;BDSHOUT;BDFIGH01;;;;;;BOW03;SW1H04;;;650;bg1;Mugger
BDMUMM01;UNDEAD;GHOUL;GHOUL_REVEANT;MUMMY;BDMUMM01;;6;MALE;MALE;ENEMY;;BDENSHTV;BDMUMM01;;BDFIG00;;;IMMUNE1;RING95;;BDMUMM01;;;;3000;bg1;Mummy
BDMUMMY;UNDEAD;GHOUL;GHOUL_REVEANT;MUMMY;BDMUMMY;BDMUMMY;9;MALE;MALE;NEUTRAL;BDMUMMY;BDENSHTV;BDMUMM01;;BDFIG00;;;IMMUNE1;RING95;;BDMUMM01;;;;5000;bg1;Fanegonorom
BDMUNSC2;HUMANOID;HUMAN;FIGHTER;FIGHTER_MALE_HALFORC;BDMUNSCH;BDMUNSCH;8;MALE;MALE;NEUTRAL;BDMUNSCH;BDDSC;BDSHOUT;BDFIGH40;;HELM01;;;;;BLUN07;;;;975;bg1;Delgar Munsch
BDMUNSCH;HUMANOID;HUMAN;FIGHTER;FIGHTER_MALE_HUMAN;BDMUNSCH;BDMUNSCH;8;MALE;MALE;NEUTRAL;BDMUNSCH;BD2000EN;BDSHOUT;BDFIGH21;;HELM01;;;;;BLUN07;;;;975;bg1;Delgar Munsch
BDMURS;GIANTHUMANOID;OGRE;OGRE_MAGE;OGRE_MAGE;BDMURS;BDMURS;9;NIETHER;FEMALE;NEUTRAL;BDMURS;NONE;;NONE;dw1melge;;;;;;BLUN15;;;;2000;bg1;Murs
BDMURS2;GIANTHUMANOID;OGRE;OGRE_MAGE;OGRE_MAGE;BDMURS;BDMURS;9;NIETHER;FEMALE;NEUTRAL;BDADS2;BDASC;BDSHOUT;BDFMAG23;;;;;;;BLUN15;;;;2000;bg1;Murs
BDMYC01;PLANT;MYCONID;NO_CLASS;MYCONID_RED;BDMYC01;;5;NIETHER;MALE;NEUTRAL;BDMDEST;BDENSHTV;;BDMYCRD;BDFIG00;;;BDPLANT;;IPSION;B5-20M1;;;;420;bg1;Red Myconid
BDMYCBL;PLANT;MYCONID;NO_CLASS;MYCONID_BLUE;BDMYCBL;;6;NIETHER;MALE;ENEMY;;BDENSHTV;;BDMYCRD;BDFIG00;;;BDPLANT;;IPSION;B6-24M2;;;;650;bg1;Blue Myconid
BDMYCELD;PLANT;MYCONID;NO_CLASS;MYCONID_BLUE;BDMYCELD;BDMYCELD;6;MALE;MALE;NEUTRAL;BDMYCELD;BDMDEST;BDENSHTV;BDMYCRD;BDFIG00;;;BDPLANT;;IPSION;B6-24M2;;;;650;bg1;Myconid Elder
BDMYCRD;PLANT;MYCONID;NO_CLASS;MYCONID_RED;BDMYCRD;;5;NIETHER;MALE;ENEMY;;BDENSHTV;;BDMYCRD;BDFIG00;;;BDPLANT;;IPSION;B5-20M1;;;;420;bg1;Red Myconid
BDMYCSU1;PLANT;MYCONID;NO_CLASS;MYCONID_RED;BDMYCSU1;;5;SUMMONED;MALE;CONTROLLED;;;;BDMYCSU1;BDSUM00;;;BDPLANT;;IPSION;B5-20M1;;;;0;bg1;Red Myconid
BDNAN;HUMANOID;HALFLING;FIGHTER;FIGHTER_FEMALE_HALFLING;BDNAN;BDNAN;7;FEMALE;FEMALE;NEUTRAL;RR#PICKP;BDDSC2;BDSHOUT;BDFIGH01;;HELM01;SHLD03;;;;SW1H07;;;;420;bg1;Crusader Nan
BDNANTRI;HUMANOID;HUMAN;FIGHTER;FIGHTER_MALE_HUMAN;bdnantri;bdnantri;8;MALE;MALE;NEUTRAL;bdnantri;None;None;None;dw1melge;;;;;;DAGG02;;;;920;bg1;Nantrin Bellowglyn
BDNATHBA;HUMANOID;HUMAN;SORCERER;HARLOT_FIGHTER;bdnathba;BDNATHBA;2;FEMALE;FEMALE;NEUTRAL;RR#PICKP;;BDSHOUT;BDMAGE01;BDNATHBA;;;;;;DAGG01;;;;50;bg1;Nathbaera
BDNAZRAM;GIANTHUMANOID;GENIE;GENIE_NOBLE_DJINNI;DJINNI;BDNAZRAM;BDNAZRAM;10;MALE;MALE;NEUTRAL;BDMISC01;BDSTEAL;BDENSHTV;BDDJINNO;BDFIG00;BDMISC1B;;BDGASIM;;;BDDJINNO;BDSPECTQ;;;10000;bg1;Nazramu
BDNEDERL;HUMANOID;HUMAN;FIGHTER;FIGHTER_MALE_HUMAN;BDNEDERL;BDNEDERL;13;MALE;MALE;NEUTRAL;BDNEDERL;BDASC;BDSHOUT;BDFIGH01;;HELM09;SHLD06A;BDRING06;;MINHP1;HAMM08;;;;4000;bg1;Marshal Nederlok
BDNEO;MONSTER;ANKHEG;ANKHEG;NEOTHELID;None;;8;NIETHER;MALE;ENEMY;ANKHEG;None;None;None;None;;;;;;ANKHEG1;ANKHEG2;;;975;bg1;Ankheg
BDNEOTHE;MONSTER;MIND_FLAYER;NEOTHELID;NEOTHELID;BDNEOTHE;;16;NIETHER;OTHER;ENEMY;;;BDNEOTHE;NONE;NONE;;;BDNEOIMM;RING97;;BDNEO1;BDNEO2;BDNEO3;;20000;bg1;Neothelid
BDNEREID;HUMANOID;FAIRY;FAIRY_NEREID;SIRINE;BDNEREID;;4;FEMALE;FEMALE;NEUTRAL;RR#PICKP;BDENSHTV;BDNEREID;;;;;;WALLPASS;;;;;;975;bg1;Nereid
BDNHILVA;HUMANOID;HUMAN;INNOCENT;HARLOT_WOMAN;bdnhilva;BDNHILVA;1;FEMALE;FEMALE;NEUTRAL;RR#PICKP;;None;None;;;;;;;;;;;7;bg1;Nhilvann
BDNOBF1;HUMANOID;HUMAN;INNOCENT;NOBLE_WOMAN;BDNOBF1;;1;0;FEMALE;NEUTRAL;BDCRWDF;None;None;None;None;;;;;;;;;;15;bg1;Noblewoman
BDNOBF2;HUMANOID;HUMAN;INNOCENT;NOBLE_WOMAN;BDNOBF2;;1;0;FEMALE;NEUTRAL;BDCRWDE;None;None;None;None;;;;;;;;;;15;bg1;Noblewoman
BDNOBF3;HUMANOID;HUMAN;INNOCENT;NOBLE_WOMAN;BDNOBF3;;1;0;FEMALE;NEUTRAL;BDCRWDE;None;None;None;None;;;;;;;;;;15;bg1;Noblewoman
BDNOBF4;HUMANOID;HUMAN;INNOCENT;NOBLE_WOMAN;BDNOBF4;;1;0;FEMALE;NEUTRAL;BDCRWDE;None;None;None;None;;;;;;;;;;15;bg1;Noblewoman
BDNOBF5;HUMANOID;HUMAN;INNOCENT;NOBLE_WOMAN;BDNOBF5;;1;0;FEMALE;NEUTRAL;BDCRWDE;None;None;None;None;;;;;;;;;;15;bg1;Noblewoman
BDNOBF6;HUMANOID;HUMAN;INNOCENT;NOBLE_WOMAN;BDNOBF6;;1;0;FEMALE;NEUTRAL;BDCRWDE;None;None;None;None;;;;;;;;;;15;bg1;Noblewoman
BDNOBF7;HUMANOID;HUMAN;INNOCENT;NOBLE_WOMAN;BDNOBF7;;1;0;FEMALE;NEUTRAL;BDCRWDE;None;None;None;None;;;;;;;;;;15;bg1;Noblewoman
BDNOBM1;HUMANOID;HUMAN;INNOCENT;NOBLE_MAN;BDNOBM1;;1;0;MALE;NEUTRAL;BDCRWDM;None;None;None;None;;;;;;;;;;15;bg1;Nobleman
BDNOBM2;HUMANOID;HUMAN;INNOCENT;NOBLE_MAN;BDNOBM2;;1;0;MALE;NEUTRAL;BDCRWDE;None;None;None;None;;;;;;;;;;15;bg1;Nobleman
BDNOBM3;HUMANOID;HUMAN;INNOCENT;NOBLE_MAN;BDNOBM3;;1;0;MALE;NEUTRAL;BDCRWDE;None;None;None;None;;;;;;;;;;15;bg1;Nobleman
BDNOBM4;HUMANOID;HUMAN;INNOCENT;NOBLE_MAN;BDNOBM4;;1;0;MALE;NEUTRAL;BDCRWDE;None;None;None;None;;;;;;;;;;15;bg1;Nobleman
BDNOBM5;HUMANOID;HUMAN;INNOCENT;NOBLE_MAN;BDNOBM5;;1;0;MALE;NEUTRAL;BDCRWDE;None;None;None;None;;;;;;;;;;15;bg1;Nobleman
BDNOBM6;HUMANOID;HUMAN;INNOCENT;NOBLE_MAN;BDNOBM6;;1;0;MALE;NEUTRAL;BDCRWDE;None;None;None;None;;;;;;;;;;15;bg1;Nobleman
BDNOBM7;HUMANOID;HUMAN;INNOCENT;NOBLE_MAN;BDNOBM7;;1;0;MALE;NEUTRAL;BDCRWDE;None;None;None;None;;;;;;;;;;15;bg1;Nobleman
BDNOREST;HUMANOID;NO_RACE;NO_CLASS;BIRD;BDNOREST;NONE;1;NIETHER;MALE;NEUTRAL;BDNOREST;NONE;NONE;NONE;NONE;;;;MAGE01;IMOENHP1;;;;;0;bg1;
BDNUBER;HUMANOID;HUMAN;NO_CLASS;PEASANT_MAN_FIGHTER;BDNUBER;BDNUBER;1;MALE;MALE;NEUTRAL;BDNUBER;;;;WTRUNSGT;;;;;;;;;;15;bg1;Nüber
BDNUBER1;UNDEAD;HUMAN;NO_CLASS;PEASANT_MAN_FIGHTER;BDNUBER1;BDNUBER;1;MALE;MALE;NEUTRAL;BDNUBER;;;;WTRUNSGT;;;BDNUBER1;;;;;;;15;bg1;Nüber
BDNUBER2;UNDEAD;HUMAN;NO_CLASS;FIGHTER_MALE_HUMAN;BDNUBER2;BDNUBER;1;MALE;MALE;ENEMY;;BDNUBER;BDENSHTV;;BDFIG00;;SW1H11;BDNUBER1;;;SW1H11;;;;250;bg1;Nüber
BDNYMP01;HUMANOID;FAIRY;DRUID;SIRINE;BDNYMP01;;7;FEMALE;FEMALE;ENEMY;;BDENSHTV;;;BDNYMP01;;;;;;DAGG01;;;;1400;bg1;Nymph
BDNYMP02;HUMANOID;FAIRY;DRUID;SIRINE;BDNYMP02;;7;FEMALE;FEMALE;ENEMY;;BDENSHTV;;;BDNYMP01;;;;;;DAGG01;;;;1400;bg1;Corrupted Nymph
BDOGRE01;GIANTHUMANOID;OGRE;OGRE;OGRE;BDOGRE01;;4;MALE;MALE;ENEMY;;BDENSHTV;;;BDFIG00;;;;;;OGRE1;;;;270;bg1;Ogre
BDOGRE02;GIANTHUMANOID;OGRE;FIGHTER;OGRE;BDOGRE02;;5;MALE;MALE;ENEMY;;BDENSHTV;;;BDFIG00;;;;;;BDOGRE02;;;;650;bg1;Ogre Berserker
BDOGRE03;GIANTHUMANOID;OGRE;FIGHTER_MAGE;OGRE_MAGE;BDOGRE03;;5;MALE;MALE;ENEMY;;BDENSHTV;;BDOGRE03;BDFIG00;;;REGHP1;;;BDOGRE03;;;;650;bg1;Ogre Mage
BDOGRE04;GIANTHUMANOID;OGRE;FIGHTER;HALF_OGRE;BDOGRE04;;5;MALE;MALE;ENEMY;;BDENSHTV;;;BDFIG00;HELMNOAN;;;;;SW2H01;;;;270;bg1;Half-Ogre Veteran
BDOGRE05;GIANTHUMANOID;OGRE;SHAMAN;OGRE_MAGE;BDOGRE05;;6;MALE;MALE;ENEMY;;BDENSHTV;;;BDSHM00;;;;;;BLUN01;;;;420;bg1;Ogre Shaman
BDOGRE06;GIANTHUMANOID;OGRE;FIGHTER;OGRE;BDOGRE06;;7;MALE;MALE;ENEMY;;BDENSHTV;;;BDFIG00;;;;;;BDOGRE06;;;;975;bg1;Ogre Chieftain
BDOGRE1D;GIANTHUMANOID;OGRE;OGRE;OGRE;BDOGREM;BDOGREM;4;NIETHER;MALE;NEUTRAL;BDOGREM;NONE;OGRE;NONE;WTASIGHT;;;;;;OGRE1;;;;270;bg1;Ogre
BDOGREDS;GIANTHUMANOID;OGRE;FIGHTER;OGRE;BDOGREDS;BDOGREDS;7;NIETHER;MALE;NEUTRAL;BDADS2;BDASC;BDSHOUT;BDFIGH42;;;;;;;BLUN06;;;;1400;bg1;Ogre Berserker
BDOGREF;GIANTHUMANOID;OGRE;OGRE;OGRE;BDOGREF;BDOGREF;4;NIETHER;FEMALE;NEUTRAL;BDOGREF;NONE;;NONE;dw1melge;;;;;;OGRE1;;;;270;bg1;Ogre
BDOGREM;GIANTHUMANOID;OGRE;OGRE;OGRE;BDOGREM;BDOGREM;5;NIETHER;MALE;NEUTRAL;BDOGREM;NONE;;NONE;dw1melge;;;;;;OGRE1;;;;650;bg1;Ogre
BDOLONE2;HUMANOID;ELF;MAGE;MAGE_FEMALE_ELF;BDOLONEI;BDOLONEI;13;FEMALE;FEMALE;ENEMY;BDCHALL;;BDSHOUT;BDMAGE38;;;;;;;STAF07;DART05;;;5000;bg1;Oloneiros
BDOLONEI;HUMANOID;ELF;MAGE;MAGE_FEMALE_ELF;BDOLONEI;BDOLONEI;13;FEMALE;FEMALE;NEUTRAL;RR#PICKP;;BDSHOUT;BDMAGE20;;;;;;;STAF07;DART05;;;5000;bg1;Oloneiros
BDOLVENA;HUMANOID;HUMAN;MAGE;MAGE_MALE_HUMAN;BDOLVENA;BDOLVENA;10;MALE;MALE;NEUTRAL;BDHEPHER;BD4300EN;BDSHOUT;BDMAGE01;;;;;;;STAF02;DART04;;;2000;bg1;Olvenaun
BDONORO;HUMANOID;HALF_ELF;DRUID;CLERIC_MALE_ELF;BDONORO;BDONORO;3;MALE;MALE;NEUTRAL;RR#PICKP;;;BDSTEAL;dw1melge;;;;;;STAF01;;;;120;bg1;Onoroth
BDOPHYLL;HUMANOID;HUMAN;INNOCENT;CLERIC_MALE_HUMAN;bdophyll;BDOPHYLL;2;MALE;MALE;NEUTRAL;BDOPHYLL;;None;None;dw1melge;;;;;;;;;;35;bg1;Ophyllis
BDORC01;HUMANOID;ORC;ORC;ORC_MELEE;orc01;None;4;MALE;MALE;NEUTRAL;RR#PICKP;None;;None;dw1melge;;;;;;;SW1H01;;;95;bg1;Half-Orc
BDORC02;HUMANOID;ORC;ORC;ORC_SHAMAN;orc01;None;4;MALE;MALE;NEUTRAL;RR#PICKP;None;;None;dw1melge;;;;;;;SW1H01;;;95;bg1;Half-Orc
BDORC1D;DEAD;ORC;FIGHTER;ORC_MELEE;;;1;MALE;MALE;127;;;;;;HELM01;SHLD01;;;;DAGG01;;;;0;bg1;Orc Warrior
BDORC2D;DEAD;ORC;FIGHTER;ORC_RANGE;;;1;MALE;MALE;127;;;;;;HELM01;SHLD01;;;;DAGG01;;;;0;bg1;Orc Archer
BDORDULI;HUMANOID;ELF;INNOCENT;CLERIC_MALE_ELF;Ordulinian;;7;MALE;MALE;NEUTRAL;RR#PICKP;PRIEST4;None;None;dw1melge;;;;;;BLUN06;;;;2700;bg1;Ordulinian
BDORLAND;HUMANOID;HUMAN;FIGHTER;FIGHTER_MALE_HUMAN;BDORLAND;BDORLAND;3;MALE;MALE;NEUTRAL;BDGFGUA;;BDSHOUT;BDFIGH01;;;;;;;COMPB05;COMPS01;;;95;bg1;Orland
BDOROG01;HUMANOID;ORC;FIGHTER;OROG;BDOROG01;;3;MALE;MALE;ENEMY;;BDENSHTV;;;BDFIG00;;;;;;SW1H01;;;;150;bg1;Orog
BDOROG02;HUMANOID;ORC;FIGHTER;OROG_ELITE;BDOROG02;;5;MALE;MALE;ENEMY;;BDENSHTV;;;BDFIG00;HELMNOAN;;;;;SW2H01;;;;175;bg1;Orog Elite
BDOROG03;HUMANOID;ORC;CLERIC;OROG_SHAMAN;BDOROG03;;5;MALE;MALE;ENEMY;;BDENSHTV;;;BDPRI00;HELMNOAN;SHLD05;;;;BLUN02;;;;650;bg1;Orog Priest
BDOROG04;HUMANOID;ORC;SHAMAN;OROG_SHAMAN;BDOROG04;;6;MALE;MALE;ENEMY;;BDENSHTV;;;BDSHM00;HELMNOAN;;;;;BLUN01;;;;650;bg1;Orog Shaman
BDOROG05;HUMANOID;ORC;FIGHTER_THIEF;OROG_ELITE;BDOROG05;;4;MALE;MALE;ENEMY;;BDENSHTV;;;BDFIG00;;;MAGE01;;;SW1H04;;;;150;bg1;Orog Marauder
BDOROG1D;DEAD;ORC;FIGHTER;OROG;;;1;MALE;MALE;127;;;;;;;;;;;;;;;0;bg1;Orog
BDOROG2D;DEAD;ORC;FIGHTER;OROG_SHAMAN;;;1;MALE;MALE;127;;;;;;;;;;;;;;;0;bg1;Orog Priest
BDOROGSG;HUMANOID;ORC;FIGHTER;OROG_CHIEFTAIN;BDOROGSG;;5;MALE;MALE;ENEMY;;BDENSHTV;;;BDFIG00;HELMNOAN;;;;;SW2H02;;;;250;bg1;Orog Chieftain
BDOTILDA;HUMANOID;HUMAN;FIGHTER;FIGHTER_FEMALE_HUMAN;BDOTILDA;BDOTILDA;9;FEMALE;MALE;NEUTRAL;BDOTILDA;BDFIST;BDSHOUT;BDFIGH01;;HELM09;SHLD02;;;;SW1H05;;;;975;bg1;Lieutenant Otilda
BDOTYG01;MONSTER;OTYUGH;OTYUGH;OTYUGH;BDOTYG01;;12;NIETHER;MALE;ENEMY;;BDENSHTV;;;BDFIG00;;;;;;BDOTYG01;;;;5000;bg1;Neo-Otyugh
BDOTYG02;MONSTER;OTYUGH;OTYUGH;OTYUGH;BDOTYG02;;8;NIETHER;MALE;ENEMY;;BDENSHTV;;;BDFIG00;;;;;;BDOTYG01;;;;1400;bg1;Otyugh
BDOZIL;HUMANOID;HUMAN;FIGHTER;STATIC_PEASANT_WOMAN_MATTE;BDOZIL;BDOZIL;4;FEMALE;FEMALE;NEUTRAL;RR#PICKP;None;None;None;dw1melge;;;;;;AX1H02;;;;100;bg1;Ozil
BDPATRES;HUMANOID;HUMAN;MAGE;MAGE_MALE_HUMAN;BDPATRES;BDPATRES;12;MALE;158;NEUTRAL;BDPATRES;BDFIST;BDSHOUT;BDMAGE01;NONE;;;;;MINHP1;STAF02;;;;5000;bg1;Patrescus
BDPCCASH;HUMANOID;NO_RACE;NO_CLASS;BIRD;BDPCCASH;NONE;1;NIETHER;MALE;NEUTRAL;NONE;NONE;NONE;NONE;NONE;;;;MAGE01;IMOENHP1;;;;;0;bg1;
BDPCRUS;HUMANOID;HUMAN;FIGHTER;FIGHTER_MALE_HUMAN;BDPCRUS;BDPCRUS;2;MALE;MALE;NEUTRAL;BDENTAN2;;BDFIGH01;NONE;NONE;HELM13;;BDSLIME;;;SW1H04;;;;10;bg1;Poisoned Crusader
BDPEDRO;HUMANOID;HUMAN;FIGHTER;FIGHTER_MALE_HUMAN;BDPEDRO;BDPEDRO;7;MALE;MALE;NEUTRAL;RR#PICKP;BDDSC2;BDSHOUT;BDFIGH01;;HELM01;;;;;SW2H01;;;;420;bg1;Crusader Pedro
BDPERREN;HUMANOID;HUMAN;INNOCENT;SLAVE;BDPERREN;BDPERREN;1;MALE;MALE;NEUTRAL;RR#PICKP;;None;None;;;;;;;;;;;7;bg1;Perren
BDPETR01;HUMANOID;HUMAN;INNOCENT;FIGHTER_FEMALE_HUMAN;bdpetr01;BDPETR01;1;FEMALE;FEMALE;NEUTRAL;BDPETR01;dw#innhl;RUNENEMY;None;;;;;;;;;;;15;bg1;Statue
BDPETR02;HUMANOID;HALF_ELF;INNOCENT;FIGHTER_MALE_ELF;bdpetr02;BDPETR02;1;MALE;MALE;NEUTRAL;BDPETR02;dw#innhl;RUNENEMY;None;;;;;;;;;;;15;bg1;Statue
BDPETR03;HUMANOID;HALFORC;INNOCENT;FIGHTER_MALE_HALFORC;bdpetr03;BDPETR03;1;MALE;MALE;NEUTRAL;BDPETR03;dw#innhl;RUNENEMY;None;;;;;;;;;;;15;bg1;Statue
BDPETR04;HUMANOID;HUMAN;INNOCENT;FIGHTER_MALE_HUMAN;bdpetr04;BDPETR04;1;MALE;MALE;NEUTRAL;BDPETR04;dw#innhl;RUNENEMY;None;;;;;;;;;;;15;bg1;Statue
BDPETR05;HUMANOID;HUMAN;INNOCENT;FIGHTER_FEMALE_HUMAN;bdpetr05;BDPETR05;1;FEMALE;FEMALE;NEUTRAL;BDPETR05;dw#innhl;RUNENEMY;None;;;;;;;;;;;15;bg1;Statue
BDPETSG;GIANTHUMANOID;GOLEM;GOLEM_STONE;GOLEM_MINI;BDPETSG;;10;NIETHER;MALE;NEUTRAL;;;BDPETSG;BDFIGH01;;HELMNOAN;;IMMUNE1;GOLSTONE;;GOLSTO;;;;2000;bg1;Lesser Stone Golem
BDPETSG2;GIANTHUMANOID;GOLEM;GOLEM_STONE;GOLEM_MINI;BDPETSG2;BDPETSG;10;OTHER;MALE;NEUTRAL;BDADS2;BDASC;BDSHOUT;GOLSTO01;;HELMNOAN;;IMMUNE1;GOLSTONE;;GOLSTO;;;;0;bg1;Lesser Stone Golem
BDPETSGS;GIANTHUMANOID;GOLEM;GOLEM_STONE;GOLEM_MINI;BDPETSGS;;10;SUMMONED;MALE;CONTROLLED;;;BDPETSGS;;BDSUM00;HELMNOAN;;IMMUNE1;GOLSTONE;;GOLSTO;;;;0;bg1;Lesser Stone Golem
BDPFAUG;HUMANOID;DWARF;FIGHTER;FIGHTER_MALE_DWARF;BDPFAUG;BDPFAUG;8;MALE;MALE;NEUTRAL;BDPFAUG;BDFIST;BDSHOUT;BDFIGH01;;HELM01;SHLD15;;;MINHP1;;;;AX1H02;2000;bg1;Pfaug
BDPHILO;HUMANOID;HUMAN;CLERIC;CLERIC_MALE_HUMAN;BDPHILO;BDPHILO;11;MALE;MALE;NEUTRAL;RR#PICKP;BDBCOAL;BDSHOUT;BDCLER01;;HELM01;SHLD04;;;MINHP1;BLUN05;SLNG02;;;4000;bg1;Philo
BDPHOSSE;HUMANOID;DWARF;THIEF;THIEF_FEMALE_DWARF;BDPHOSSE;BDPHOSSE;8;FEMALE;FEMALE;NEUTRAL;BDPHOSSE;BDASC2;BDSHOUT;BDTHIE10;;;;;;;XBOW04;DAGG01;;;975;bg1;Phossey Dugdeep
BDPOLVI;HUMANOID;HALF_ELF;CLERIC;CLERIC_MALE_ELF;BDPOLVI;BDPOLVI;10;MALE;MALE;NEUTRAL;BDPOLVI;BD5200EN;BDSTEAL;BDSHOUT;BDCLER01;BDHELM03;SHLD11;;;;BLUN04;SLNG01;;;2000;bg1;Crusader Priest Polvi
BDPORIOS;HUMANOID;HUMAN;MAGE;MAGE_MALE_HUMAN;BDPORIOS;BDPORIOS;5;MALE;MALE;NEUTRAL;RR#PICKP;BDENSHTV;BDPORIOS;;;;;;;;STAF01;DAGG05;;;750;bg1;Porios
BDPREMAT;HUMANOID;HUMAN;FIGHTER;FIGHTER_MALE_HUMAN;BDPREMAT;BDPREMAT;10;MALE;MALE;NEUTRAL;RR#PICKP;;BDSHOUT;BDFIGH01;;;SHLD04;;;MINHP1;SW1H05;;;;2000;bg1;Prematarai
BDPRIES1;HUMANOID;HUMAN;INNOCENT;MONK;BDPRIES1;BDPRIEST;1;MALE;MALE;NEUTRAL;RR#PICKP;BDPRIES1;None;None;WDRUNSGT;;;;;;;;;;15;bg1;Priest
BDPRIEST;HUMANOID;HUMAN;INNOCENT;MONK;BDPRIEST;BDPRIEST;1;MALE;MALE;NEUTRAL;RR#PICKP;BDPRIEST;None;None;dw1melge;;;;;;;;;;15;bg1;Priest
BDPRIN;HUMANOID;ELF;BARD;THIEF_FEMALE_ELF;BDPRIN;BDPRIN;10;FEMALE;FEMALE;NEUTRAL;BDPRIN;;NONE;NONE;dw#mg24;;;;;;STAF02;;;;900;bg1;Prin
BDPRIS01;HUMANOID;HALFLING;FIGHTER;FIGHTER_MALE_HALFLING;BDPRIS01;BDPRISON;7;MALE;MALE;NEUTRAL;bdprison;;;BDFIGH01;;;;;;;;;;;420;bg1;Prisoner
BDPRIS02;HUMANOID;HUMAN;CLERIC;CLERIC_FEMALE_HUMAN;BDPRIS02;BDPRISON;8;FEMALE;FEMALE;NEUTRAL;bdprison;;;BDCLER01;;;;;;;;;;;1400;bg1;Prisoner
BDPRIS03;HUMANOID;HUMAN;FIGHTER;FIGHTER_MALE_HUMAN;BDPRIS03;BDPRISON;7;MALE;MALE;NEUTRAL;bdprison;;;BDFIGH01;;;;;;;;;;;650;bg1;Prisoner
BDPRISD1;ANIMAL;DOG;DOG_WAR;DOG_WAR;BDPRISD1;;1;MALE;MALE;NEUTRAL;bdprisd1;None;BDSHOUT;BDFIGH01;;;;;;;P2-8;;;;0;bg1;Dog
BDPRISD2;ANIMAL;DOG;DOG_WAR;DOG_WAR;BDPRISD2;;1;MALE;MALE;NEUTRAL;bdprisd1;None;BDSHOUT;BDFIGH01;;;;;;;P2-8;;;;0;bg1;Dog
BDPRISGU;HUMANOID;ORC;FIGHTER;ORC_MELEE;BDPRISGU;BDCRUS;7;MALE;MALE;ENEMY;bdtherli;;BDSHOUT;BDFIGH01;;;;;;;AX1H01;;;;420;bg1;Mercenary
BDPRITCH;HUMANOID;GNOME;FIGHTER;FIGHTER_MALE_GNOME;BDPRITCH;BDPRITCH;7;MALE;MALE;NEUTRAL;BDPRITCH;BDASC2;BDSHOUT;BDFIGH01;NONE;;;;;;BDSW1H07;;;;650;bg1;Pritchard
BDPROST1;HUMANOID;HUMAN;INNOCENT;HARLOT_WOMAN;BDPROST1;BDPROST1;0;FEMALE;FEMALE;NEUTRAL;RR#PICKP;;None;None;;;;;;;;;;;15;bg1;Courtesan
BDPUDDBL;MONSTER;SLIME;GREY_OOZE;BLACK_PUDDING;BDPUDDBL;;10;NIETHER;MALE;ENEMY;;;BDPUDDBL;;dw1ranmo;HELMNOAN;;RING95;;;BDPUDDBL;;;;1400;bg1;Black Pudding
BDPWATER;HUMANOID;FAIRY;FAIRY_NEREID;SIRINE;BDPWATER;BDPWATER;9;FEMALE;FEMALE;NEUTRAL;BDPWATER;BDENSHTV;BDNEREID;;;;;;WALLPASS;;;;;;5000;bg1;Nereid
BDQING;HUMANOID;HUMAN;FIGHTER;FIGHTER_MALE_HUMAN;BDQING;BDQING;6;MALE;MALE;NEUTRAL;BDQING;BDDSC2;BDSHOUT;BDFIGH01;;;;;;;BOW05;SW1H07;;;420;bg1;Recruit Qing
BDQUILA;HUMANOID;HUMAN;INNOCENT;FAT_WOMAN;BDQUILA;BDQUILA;1;FEMALE;FEMALE;NEUTRAL;RR#PICKP;None;None;None;None;;;;;;;;;;15;bg1;Quila
BDRAEANN;HUMANOID;HALF_ELF;FIGHTER_THIEF;THIEF_FEMALE_ELF;BDRAEANN;BDRAEANN;7;FEMALE;FEMALE;NEUTRAL;BDMISC01;BDRAEANN;BDENSHTV;;BDTHF00;BDMISC1B;SW1H49;;BDRING01;;SW1H47;BDSPECTQ;;;2500;bg1;Raeanndra
BDRAGGEM;HUMANOID;GOBLIN;DRUID;GOBLIN_SHAMAN;BDRAGGEM;BDRAGGEM;5;MALE;MALE;NEUTRAL;BDBATTUK;;SHOUT;BDDRUI01;;;;;;;STAF01;;;;420;bg1;Raggemos
BDRAT;ANIMAL;RABBIT;FOOD_CREATURE;RAT_OUTSIDE;BDRAT;None;1;MALE;MALE;NEUTRAL;None;None;WDRUNSGT;None;None;;;;;;;;;;1;bg1;Rat
BDRAT2;ANIMAL;RABBIT;FOOD_CREATURE;RAT_OUTSIDE;BDRAT2;None;1;MALE;MALE;NEUTRAL;None;None;WDRUNSGT;None;None;;;;;;;;;;1;bg1;Rat
BDRATDIE;ANIMAL;RABBIT;FOOD_CREATURE;RAT_OUTSIDE;BDRAT;None;1;MALE;MALE;NEUTRAL;None;None;WDRUNSGT;None;None;;;;;;;;;;1;bg1;Rat
BDRATNC;ANIMAL;RABBIT;FOOD_CREATURE;RAT_OUTSIDE;BDRATNC;;1;MALE;MALE;NEUTRAL;;;PREY;;RANDWALK;;;;;;;;;;0;bg1;Rat
BDRAVOC;HUMANOID;HALFORC;FIGHTER;FIGHTER_MALE_HALFORC;BDRAVOC;BDRAVOC;7;MALE;MALE;NEUTRAL;BDTRIAL;BDDSC2;BDSHOUT;bdfigh11;;;AX1H02;;;;AX1H02;;;;650;bg1;Ravoc
BDRAYPHU;HUMANOID;HUMAN;PALADIN;FIGHTER_MALE_HUMAN;BDRAYPHU;BDRAYPHU;6;MALE;MALE;NEUTRAL;RR#PICKP;;BDFIGH01;NONE;NONE;;SHLD02;;;;SW1H02;;;;1000;bg1;Rayphus
BDRCRUS;HUMANOID;HUMAN;FIGHTER;FIGHTER_MALE_HUMAN;BDRCRUS;BDRCRUS;2;MALE;MALE;NEUTRAL;BDENTAN2;;BDFIGH01;NONE;NONE;HELM13;;BDSLIME;;;SW1H04;;;;20;bg1;Crusader Archer
BDREFC1;HUMANOID;GNOME;INNOCENT;MAGE_FEMALE_GNOME;BDREFC1;BDREFG;1;FEMALE;FEMALE;NEUTRAL;BDREFG;BDASC2;;;WDRUNSGT;;;;;;;;;;15;bg1;Refugee
BDREFC10;HUMANOID;HUMAN;INNOCENT;BOY;BDREFC10;BDREFG;1;FEMALE;FEMALE;NEUTRAL;BDREFG;BDASC2;;;WDRUNSGT;;;;;;;;;;15;bg1;Refugee
BDREFC2;HUMANOID;HUMAN;INNOCENT;PEASANT_WOMAN;BDREFC2;BDREFG;1;FEMALE;FEMALE;NEUTRAL;BDREFG;BDASC2;;;WDRUNSGT;;;;;;;;;;15;bg1;Refugee
BDREFC3;HUMANOID;HUMAN;INNOCENT;PEASANT_WOMAN;BDREFC3;BDREFG;1;FEMALE;FEMALE;NEUTRAL;BDREFG;BDASC2;;;WDRUNSGT;;;;;;;;;;15;bg1;Refugee
BDREFC4;HUMANOID;HUMAN;INNOCENT;PEASANT_WOMAN;BDREFC4;BDREFG;1;FEMALE;FEMALE;NEUTRAL;BDREFG;BDASC2;;;WDRUNSGT;;;;;;;;;;15;bg1;Refugee
BDREFC5;HUMANOID;HUMAN;INNOCENT;GIRL;BDREFC5;BDREFG;1;FEMALE;FEMALE;NEUTRAL;BDREFG;BDASC2;;;WDRUNSGT;;;;;;;;;;15;bg1;Refugee
BDREFC6;HUMANOID;HUMAN;INNOCENT;PEASANT_MAN;BDREFC7;BDREFG;1;FEMALE;FEMALE;NEUTRAL;BDREFG;BDASC2;;;WDRUNSGT;;;;;;;;;;15;bg1;Refugee
BDREFC7;HUMANOID;HUMAN;INNOCENT;PEASANT_MAN;BDREFC7;BDREFG;1;FEMALE;FEMALE;NEUTRAL;BDREFG;BDASC2;;;WDRUNSGT;;;;;;;;;;15;bg1;Refugee
BDREFC8;HUMANOID;HUMAN;INNOCENT;PEASANT_MAN;BDREFC8;BDREFG;1;FEMALE;FEMALE;NEUTRAL;BDREFG;BDASC2;;;WDRUNSGT;;;;;;;;;;15;bg1;Refugee
BDREFC9;HUMANOID;HUMAN;INNOCENT;PEASANT_MAN;BDREFC9;BDREFG;1;FEMALE;FEMALE;NEUTRAL;BDREFG;BDASC2;;;WDRUNSGT;;;;;;;;;;15;bg1;Refugee
BDREFFC1;HUMANOID;HUMAN;INNOCENT;PEASANT_WOMAN;BDREFFC1;BDREFG;1;FEMALE;MALE;NEUTRAL;RR#PICKP;BDASC2;NONE;NONE;NONE;;;;;;;;;;15;bg1;Refugee
BDREFG1;HUMANOID;GNOME;INNOCENT;MAGE_FEMALE_GNOME;BDREFG1;BDREFG1;1;FEMALE;FEMALE;NEUTRAL;BDREFG;RUNENEMY;;;WDRUNSGT;;;;;;;;;;15;bg1;Refugee
BDREFG2;HUMANOID;HALF_ELF;INNOCENT;PEASANT_WOMAN_FIGHTER;BDREFG2;BDREFG2;1;FEMALE;FEMALE;NEUTRAL;BDREFG;RUNENEMY;;;WDRUNSGT;;;;;;;;;;15;bg1;Refugee
BDREFG3;HUMANOID;HUMAN;INNOCENT;STATIC_FAT_MAN;BDREFG3;BDREFG3;1;MALE;MALE;NEUTRAL;BDREFG;RUNENEMY;;;WDRUNSGT;;;;;;;;;;15;bg1;Refugee
BDREFG4;HUMANOID;HUMAN;INNOCENT;PEASANT_MAN;BDREFG4;BDREFG4;0;MALE;MALE;NEUTRAL;BDREFG;RUNENEMY;;;WTRUNSGT;;;;;;;;;;7;bg1;Refugee
BDREFGF1;HUMANOID;HUMAN;INNOCENT;PEASANT_WOMAN;BDREFGF1;BDREFGF1;1;FEMALE;FEMALE;NEUTRAL;BDCRWDE;None;None;None;None;;;;;;;;;;15;bg1;Refugee
BDREFGF2;HUMANOID;HUMAN;INNOCENT;PEASANT_WOMAN;BDREFGF2;BDREFGF2;1;FEMALE;FEMALE;NEUTRAL;bdcrwde;None;None;None;None;;;;;;;;;;15;bg1;Refugee
BDREFGF3;HUMANOID;HUMAN;INNOCENT;PEASANT_WOMAN;BDREFGF3;BDREFGF3;1;FEMALE;FEMALE;NEUTRAL;bdcrwde;None;None;None;None;;;;;;;;;;15;bg1;Refugee
BDREFGF4;HUMANOID;HUMAN;INNOCENT;PEASANT_WOMAN;BDREFGF4;BDREFGF4;1;FEMALE;FEMALE;NEUTRAL;bdcrwde;None;None;None;None;;;;;;;;;;15;bg1;Refugee
BDREFGF5;HUMANOID;HUMAN;INNOCENT;PEASANT_WOMAN;BDREFGF5;BDREFGF5;1;FEMALE;FEMALE;NEUTRAL;bdcrwde;None;None;None;None;;;;;;;;;;15;bg1;Refugee
BDREFGF6;HUMANOID;HUMAN;INNOCENT;PEASANT_WOMAN;BDREFGF6;BDREFGF6;1;FEMALE;FEMALE;NEUTRAL;bdcrwde;None;None;None;None;;;;;;;;;;15;bg1;Refugee
BDREFGF7;HUMANOID;HUMAN;INNOCENT;PEASANT_WOMAN;BDREFGF7;BDREFGF7;1;FEMALE;FEMALE;NEUTRAL;bdcrwde;None;None;None;None;;;;;;;;;;15;bg1;Refugee
BDREFGM1;HUMANOID;HUMAN;INNOCENT;PEASANT_MAN;BDREFGM1;BDREFGM1;1;MALE;MALE;NEUTRAL;BDCRWDE;None;None;None;None;;;;;;;;;;15;bg1;Refugee
BDREFGM2;HUMANOID;HUMAN;INNOCENT;PEASANT_MAN;BDREFGM2;BDREFGM2;1;MALE;MALE;NEUTRAL;bdcrwde;None;None;None;None;;;;;;;;;;15;bg1;Refugee
BDREFGM3;HUMANOID;HUMAN;INNOCENT;PEASANT_MAN;BDREFGM3;BDREFGM3;1;MALE;MALE;NEUTRAL;bdcrwde;None;None;None;None;;;;;;;;;;15;bg1;Refugee
BDREFGM4;HUMANOID;HUMAN;INNOCENT;PEASANT_MAN;BDREFGM4;BDREFGM4;1;MALE;MALE;NEUTRAL;bdcrwde;None;None;None;None;;;;;;;;;;15;bg1;Refugee
BDREFGM5;HUMANOID;HUMAN;INNOCENT;PEASANT_MAN;BDREFGM5;BDREFGM5;1;MALE;MALE;NEUTRAL;bdcrwde;None;None;None;None;;;;;;;;;;15;bg1;Refugee
BDREFGM6;HUMANOID;HUMAN;INNOCENT;PEASANT_MAN;BDREFGM6;BDREFGM6;1;MALE;MALE;NEUTRAL;bdcrwde;None;None;None;None;;;;;;;;;;15;bg1;Refugee
BDREFGM7;HUMANOID;HUMAN;INNOCENT;PEASANT_MAN;BDREFGM7;BDREFGM7;1;MALE;MALE;NEUTRAL;bdcrwde;None;None;None;None;;;;;;;;;;15;bg1;Refugee
BDREFMC1;HUMANOID;HUMAN;INNOCENT;PEASANT_MAN;BDREFMC1;BDREFG;1;MALE;MALE;NEUTRAL;RR#PICKP;BDASC2;NONE;NONE;NONE;;;;;;;;;;15;bg1;Refugee
BDREFUG1;HUMANOID;HUMAN;INNOCENT;SLAVE;BDREFUGE;BDREFUGE;1;MALE;MALE;NEUTRAL;BDCRWDE;;None;None;;;;;;;;;;;7;bg1;Sleeping Man
BDREFUGE;HUMANOID;HUMAN;INNOCENT;SLAVE;BDREFUGE;BDREFUGE;1;0;MALE;NEUTRAL;BDCRWDE;;None;None;;;;;;;;;;;7;bg1;Refugee
BDREFX1;HUMANOID;HUMAN;INNOCENT;PEASANT_WOMAN_FIGHTER;BDREFX1;BDREFG;1;FEMALE;FEMALE;NEUTRAL;RR#PICKP;BDREFG;;;;;;;;;;;;;15;bg1;Refugee
BDREFX10;HUMANOID;HUMAN;INNOCENT;GIRL;BDREFX10;BDREFG;1;FEMALE;FEMALE;NEUTRAL;RR#PICKP;BDREFG;NONE;NONE;;;;;;;;;;;7;bg1;Refugee
BDREFX2;HUMANOID;HALF_ELF;INNOCENT;PEASANT_WOMAN_FIGHTER;BDREFX2;BDREFG;1;FEMALE;FEMALE;NEUTRAL;RR#PICKP;BDREFG;;;;;;;;;;;;;15;bg1;Refugee
BDREFX3;HUMANOID;HALF_ELF;INNOCENT;PEASANT_WOMAN_FIGHTER;BDREFX3;BDREFG;1;FEMALE;FEMALE;NEUTRAL;RR#PICKP;BDREFG;;;;;;;;;;;;;15;bg1;Refugee
BDREFX4;HUMANOID;HALF_ELF;INNOCENT;PEASANT_WOMAN_FIGHTER;BDREFX4;BDREFG;1;FEMALE;FEMALE;NEUTRAL;RR#PICKP;BDREFG;;;;;;;;;;;;;15;bg1;Refugee
BDREFX5;HUMANOID;HALF_ELF;INNOCENT;PEASANT_WOMAN_FIGHTER;BDREFX5;BDREFG;1;FEMALE;FEMALE;NEUTRAL;RR#PICKP;BDREFG;;;;;;;;;;;;;15;bg1;Refugee
BDREFX6;HUMANOID;GNOME;INNOCENT;MAGE_FEMALE_GNOME;BDREFX6;BDREFG;1;FEMALE;FEMALE;NEUTRAL;RR#PICKP;BDREFG;;;;;;;;;;;;;15;bg1;Refugee
BDREFX7;HUMANOID;ELF;INNOCENT;MAGE_FEMALE_ELF;BDREFX7;BDREFG;1;FEMALE;FEMALE;NEUTRAL;RR#PICKP;BDREFG;;;;;;;;;;;;;15;bg1;Refugee
BDREFX8;HUMANOID;HUMAN;INNOCENT;FAT_WOMAN;BDREFX8;BDREFG;1;FEMALE;FEMALE;NEUTRAL;RR#PICKP;BDREFG;;;;;;;;;;;;;15;bg1;Refugee
BDREFX9;HUMANOID;HUMAN;INNOCENT;GIRL;BDREFX9;BDREFG;1;FEMALE;FEMALE;NEUTRAL;RR#PICKP;BDREFG;NONE;NONE;;;;;;;;;;;7;bg1;Refugee
BDREFY1;HUMANOID;HUMAN;INNOCENT;PEASANT_MAN;BDREFY1;BDREFG;0;MALE;MALE;NEUTRAL;RR#PICKP;BDREFG;;;;;;;;;;;;;7;bg1;Refugee
BDREFY10;HUMANOID;HUMAN;INNOCENT;BOY;BDREFY10;BDREFG;1;MALE;MALE;NEUTRAL;RR#PICKP;BDREFG;;NONE;;;;;;;;;;;7;bg1;Refugee
BDREFY2;HUMANOID;HUMAN;INNOCENT;PEASANT_MAN;BDREFY2;BDREFG;0;MALE;MALE;NEUTRAL;RR#PICKP;BDREFG;;;;;;;;;;;;;7;bg1;Refugee
BDREFY3;HUMANOID;HUMAN;INNOCENT;PEASANT_MAN;BDREFY3;BDREFG;0;MALE;MALE;NEUTRAL;RR#PICKP;BDREFG;;;;;;;;;;;;;7;bg1;Refugee
BDREFY4;HUMANOID;HUMAN;INNOCENT;PEASANT_MAN;BDREFY4;BDREFG;0;MALE;MALE;NEUTRAL;RR#PICKP;BDREFG;;;BDWTR41;;;;;;;;;;7;bg1;Refugee
BDREFY5;HUMANOID;HUMAN;INNOCENT;PEASANT_MAN;BDREFY5;BDREFG;0;MALE;MALE;NEUTRAL;RR#PICKP;BDREFG;;;;;;;;;;;;;7;bg1;Refugee
BDREFY6;HUMANOID;HUMAN;INNOCENT;STATIC_FAT_MAN;BDREFY6;BDREFG;1;MALE;MALE;NEUTRAL;RR#PICKP;BDREFG;;;;;;;;;;;;;15;bg1;Refugee
BDREFY7;HUMANOID;HALFLING;INNOCENT;THIEF_MALE_HALFLING;BDREFY7;BDREFG;1;MALE;MALE;NEUTRAL;RR#PICKP;BDREFG;;;;;;;;;;;;;15;bg1;Refugee
BDREFY8;HUMANOID;HALF_ELF;INNOCENT;FIGHTER_MALE_ELF;BDREFY8;BDREFG;1;MALE;MALE;NEUTRAL;RR#PICKP;BDREFG;;;;;;;;;;;;;15;bg1;Refugee
BDREFY9;HUMANOID;HUMAN;INNOCENT;BOY;BDREFY9;BDREFG;1;MALE;MALE;NEUTRAL;RR#PICKP;BDREFG;;NONE;;;;;;;;;;;7;bg1;Refugee
BDREND;HUMANOID;HALFORC;FIGHTER;FIGHTER_MALE_HALFORC;BDREND;BDREND;7;MALE;MALE;NEUTRAL;BDIRREGU;BDFIST;BDSHOUT;BDFIGH01;;BDHELM03;;;;;SW2H02;;;;420;bg1;Rend
BDRGOSZ;UNDEAD;GOBLIN;FIGHTER;GOBLIN_AXE;BDRGOSZ;BDRGOSZ;4;MALE;FEMALE;NEUTRAL;BDDGOBL;;;;dw1melge;;;;BDRINGGH;MINHP1;AX1H01;;;;500;bg1;R'gosz the Puke
BDRHAYLA;HUMANOID;ELF;BARD;CLERIC_FEMALE_ELF;BDRHAYLA;BDRHAYLA;12;FEMALE;FEMALE;ENEMY;;BDBWAVE;BDSHOUT;BDBARD01;;HELMNOAN;SHLD04A;;;;SW1H41;;;;3000;bg1;Rhayla
BDRHONDA;HUMANOID;GNOME;THIEF;THIEF_FEMALE_GNOME;BDRHONDA;BDRHONDA;6;FEMALE;FEMALE;NEUTRAL;BDRHONDA;;BDSHOUT;WTRUNSGT;NONE;;;;;;DAGG01;;;;175;bg1;Rhonda
BDRHYNWI;HUMANOID;HALF_ELF;THIEF;THIEF_FEMALE_ELF;BDRHYNWI;BDRHYNWI;10;FEMALE;FEMALE;NEUTRAL;RR#PICKP;BDTHIE01;BDSHOUT;NONE;dw1melth;;;;;;SW1H08;;;;500;bg1;Rhynwis
BDRIDER1;HUMANOID;GOBLIN;FIGHTER;GOBLIN_WORG;BDRIDER1;;3;MALE;MALE;NEUTRAL;BDBATTUK;;SHOUT;BDFIGH01;;HELMNOAN;;;;;SPER01;;;;175;bg1;Worg Rider
BDRIDER2;HUMANOID;GOBLIN;FIGHTER;GOBLIN_WORG;BDRIDER2;;5;MALE;MALE;ENEMY;;;;;dw1range;HELMNOAN;SHLD01;;;;SPER04;;;;270;bg1;Worg Rider
BDRIGAH;HUMANOID;HUMAN;FIGHTER;FIGHTER_MALE_HUMAN;BDRIGAH;BDRIGAH;12;MALE;MALE;NEUTRAL;BDRIGAH;;BDSHOUT;BDFIGH01;;HELM15;;;;;BDSW2H01;AX1H04;;;2000;bg1;Rigah
BDRIGAH2;HUMANOID;HUMAN;FIGHTER;FIGHTER_MALE_HUMAN;BDRIGAH;BDRIGAH;12;MALE;MALE;NEUTRAL;BDJULRIG;BDDSC;BDSHOUT;BDFIGH44;;HELM15;;;;;BDSW2H01;AX1H04;;;2000;bg1;Rigah
BDRIGGS;HUMANOID;HUMAN;FIGHTER;FIGHTER_MALE_HUMAN;BDRIGGS;BDRIGGS;6;MALE;MALE;NEUTRAL;BDRIGGS;;BDSHOUT;BDFIGH01;;HELM09;SHLD05;;;;SW1H04;;;;420;bg1;Riggs
BDROARK;HUMANOID;HUMAN;FIGHTER;FIGHTER_MALE_HUMAN;BDROARK;BDROARK;7;MALE;MALE;NEUTRAL;BDROARK;BDFORT;BDSHOUT;BDFIGH01;;HELM01;;;;;BOW03;SW1H07;;;650;bg1;Roark
BDROBEL;HUMANOID;HUMAN;INNOCENT;PEASANT_MAN;BDROBEL;BDROBEL;1;MALE;MALE;NEUTRAL;BDROBEL;None;None;None;None;;;;;;;;;;15;bg1;Robel
BDROHMA;HUMANOID;HUMAN;INNOCENT;GIRL;BDROHMA;BDROHMA;1;FEMALE;FEMALE;NEUTRAL;BDFAMILY;;;;;;;;;MINHP1;;;;;7;bg1;Rohma
BDROLFF;HUMANOID;HUMAN;INNOCENT;NOBLE_MAN;BDROLFF;BDROLFF;1;MALE;MALE;NEUTRAL;BDROLFF;None;None;None;None;;;;;;;;;;15;bg1;Rolff
BDROWDY;HUMANOID;HUMAN;INNOCENT;NOBLE_MAN;BDROWDY;BDROWDY;1;MALE;MALE;NEUTRAL;BDCRWDE;NONE;NONE;NONE;NONE;;;RING10;;;;;;;15;bg1;Nobleman
BDSABN;HUMANOID;GOBLIN;FIGHTER;GOBLIN_WORG_CAPTAIN;BDSABN;;5;MALE;MALE;NEUTRAL;BDBATTUK;;SHOUT;BDFIGH01;;HELMNOAN;;;;;SPER02;;;;270;bg1;Sab'n
BDSAC01;HUMANOID;HUMAN;FIGHTER;BEGGAR_MAN;BDSAC01;BDSAC01;2;MALE;MALE;NEUTRAL;BDSAC;;BDSHOUT;;NONE;;;;;;;;;;1;bg1;Sacrifice
BDSAC02;HUMANOID;HUMAN;FIGHTER;BEGGAR_MAN;BDSAC02;BDSAC02;2;MALE;MALE;NEUTRAL;BDSAC;;BDSHOUT;;NONE;;;;;;;;;;1;bg1;Sacrifice
BDSAC03;UNDEAD;ZOMBIE;ZOMBIE_NORMAL;ZOMBIE;BDSAC03;ZOMBIE;2;NIETHER;MALE;NEUTRAL;BDSAC;NONE;BDSHOUT;BDFIGH01;;;;RING94;;;B1-8;;;;65;bg1;Zombie
BDSAHGD1;HUMANOID;HUMAN;FIGHTER;FIGHTER_MALE_HUMAN;BDSAHGD1;BDSAHGD;8;MALE;MALE;NEUTRAL;BD5100EN;;BDSHOUT;BDFIGH01;BDSAHGD;HELM01;SHLD03;;;;SW1H04;;;;650;bg1;Crusader Patrol
BDSAHGD2;HUMANOID;HALF_ELF;FIGHTER;FIGHTER_FEMALE_ELF;BDSAHGD2;BDSAHGD2;7;FEMALE;FEMALE;NEUTRAL;BD5100EN;;BDSHOUT;BDFIGH01;BDSAHGD;BDHELM03;;;;;SW1H04;BOW03;;;420;bg1;Crusader Patrol
BDSAHGD3;HUMANOID;GNOME;FIGHTER;FIGHTER_MALE_GNOME;BDSAHGD3;BDSAHGD;7;MALE;MALE;NEUTRAL;BD5100EN;;BDSHOUT;BDFIGH01;BDSAHGD;HELM01;;;;;XBOW01;DAGG01;;;420;bg1;Crusader Patrol
BDSAIL01;HUMANOID;HUMAN;FIGHTER;SAILOR_MAN;BDSAIL01;BDSAIL01;6;MALE;MALE;NEUTRAL;BDSAILOR;None;None;None;dw1melge;;;;;;;;;;750;bg1;Sailor
BDSAIL02;HUMANOID;HUMAN;FIGHTER;SAILOR_MAN;BDSAIL02;BDSAIL02;6;MALE;MALE;NEUTRAL;BDSAILOR;None;None;None;dw1melge;;;;;;;;;;750;bg1;Sailor
BDSAIL03;HUMANOID;HUMAN;FIGHTER;SAILOR_RED;BDSAIL03;BDSAIL03;6;MALE;MALE;NEUTRAL;BDSAILOR;None;None;None;dw1melge;;;;;;;;;;750;bg1;Sailor
BDSAIL04;HUMANOID;HUMAN;FIGHTER;SAILOR_RED;BDSAIL04;BDSAIL04;6;MALE;MALE;NEUTRAL;BDSAILOR;None;None;None;dw1melge;;;;;;;;;;750;bg1;Sailor
BDSALF01;MONSTER;SALAMANDER;ELEMENTAL_FIRE;SALAMANDER_FIRE;BDSALF01;;7;MALE;MALE;ENEMY;;BDENSHTV;;;BDFIG00;;;;IMMUNE1;;BDSALF01;;;;2000;bg1;Fire Salamander
BDSALLO;HUMANOID;HUMAN;FIGHTER;SLEEPING_MAN_HUMAN;BDSALLO;BDSALLO;9;MALE;MALE;NEUTRAL;RR#PICKP;BDDSC2;BDSHOUT;BDFIGH01;;BDHELM03;;;;;SW2H01;;;;1400;bg1;Sallo
BDSALLO2;HUMANOID;HUMAN;FIGHTER;FIGHTER_MALE_HUMAN;BDSALLO;BDCRUS;8;MALE;MALE;NEUTRAL;RR#PICKP;BDDSC;BDSHOUT;BDFIGH38;;HELM01;;;;;SW2H11;;;;975;bg1;Sallo
BDSCHAE2;HUMANOID;HUMAN;RANGER;FIGHTER_FEMALE_HUMAN;BDSCHAE2;BDSCHAE2;9;FEMALE;FEMALE;NEUTRAL;BDSCHAE2;;BDSHOUT;BDFIGH01;;HELM13;;;MINHP1;;SW1H05;BDBOW06;;;3000;bg1;Corwin
BDSCHAED;HUMANOID;HUMAN;RANGER;FIGHTER_FEMALE_HUMAN;BDSCHAED;BDCORWIN;9;FEMALE;FEMALE;NEUTRAL;;;;;;HELM13;;;;MINHP1;SW1H05;BOW02;;;3000;bg1;Corwin
BDSCHAEL;HUMANOID;HUMAN;RANGER;FIGHTER_FEMALE_HUMAN;BDSCHAEL;BDSCHAEL;9;FEMALE;FEMALE;NEUTRAL;BDSCHAEL;;BDSHOUT;BDFIGH01;;HELM13;;;MINHP1;;SW1H04;BDBOW06;;;3000;bg1;Corwin
BDSCRY;GENERAL_ITEM;NO_RACE;NO_CLASS;NULL_ANIMATION;BDSCRY;BDSCRY;1;0;MALE;NEUTRAL;NONE;NONE;NONE;NONE;NONE;;;;;;;;;;0;bg1;Scrying Pool
BDSDDD13;ANIMAL;NO_RACE;NO_CLASS;BIRD;BDSDDD13;None;1;MALE;MALE;NEUTRAL;None;None;None;None;BDSDDD13;;;;MAGE01;;;;;;0;bg1;Bird
BDSEMAHL;GIANTHUMANOID;GIANT;FIGHTER;GIANT_VERBEEG;BDSEMAHL;BDSEMAHL;13;MALE;MALE;NEUTRAL;BDSEMAHL;;BDSHOUT;;BDFIGH01;HELMNOAN;;;;;BDSEMAHL;;;;6000;bg1;Semahl
BDSENDER;HUMANOID;HALF_ELF;INNOCENT;PEASANT_WOMAN;BDSENDER;BDSENDER;1;FEMALE;FEMALE;NEUTRAL;BDSENDER;BDFORT;BDSHOUT;;;;;;;;;;;;15;bg1;Senderin
BDSENNA;HUMANOID;HUMAN;INNOCENT;NOBLE_WOMAN;BDSENNA;BDSENNA;1;FEMALE;FEMALE;NEUTRAL;BDSENNA;None;None;None;None;;;;;;;;;;15;bg1;Senna
BDSENTRY;GIANTHUMANOID;GOLEM;NO_CLASS;ANIMATED_PLATE_BRONZE;BDSENTRY;;9;NIETHER;MALE;ENEMY;;BDENSHTV;;;BDFIG00;;;IMMUNE2;SEEALL;RING95;S2-16M2;;;;5000;bg1;Sentry of Tempus
BDSERV;HUMANOID;HUMAN;INNOCENT;PEASANT_MAN;BDSERV;BDSERV;1;MALE;MALE;NEUTRAL;RR#PICKP;NONE;NONE;NONE;NONE;;;;;;;;;;15;bg1;Servant
BDSERV1;HUMANOID;HUMAN;INNOCENT;PEASANT_MAN;BDSERV1;BDSERV1;1;MALE;MALE;NEUTRAL;RR#PICKP;NONE;NONE;NONE;NONE;;;;;;;;;;15;bg1;Servant
BDSERVSU;MONSTER;ELEMENTAL;ELEMENTAL_AIR;ELEMENTAL_AIR_SMALL;NONE;;16;SUMMONED;SUMMONED;ENEMY;;NONE;NONE;;dw1melmo;;;IMMUNE1;MAGE01;;B4-32M4;;;;9000;bg1;Aerial Servant
BDSERVW1;HUMANOID;HUMAN;INNOCENT;HARLOT_WOMAN;BDSERVW1;BDSWENCH;1;FEMALE;FEMALE;NEUTRAL;RANDWALK;;None;None;;;;;;;;;;;7;bg1;Serving Wench
BDSETHYL;HUMANOID;ELF;MAGE;MAGE_MALE_ELF;BDSETHYL;BDSETHYL;6;MALE;MALE;NEUTRAL;bdcaper;;;;BDMAGE01;;;;;;STAF01;DART02;;;200;bg1;Sethyl
BDSHA01A;ANIMAL;NO_RACE;NO_CLASS;WOLF_DIRE;BDSHA01A;;2;SUMMONED;MALE;CONTROLLED;BDSHUNSU;;;;BDSUM00;BDSPIRIM;;;;IPSION;BDSHA01A;;;;0;bg1;Fox Spirit
BDSHA01B;ANIMAL;NO_RACE;NO_CLASS;SNAKE;BDSHA01B;;2;SUMMONED;MALE;CONTROLLED;BDSHUNSU;;;;BDSUM00;BDSPIRIM;;;;IPSION;BDSHA01B;;;;0;bg1;Snake Spirit
BDSHA01C;ANIMAL;DOG;DOG_WAR;DOG_WAR;BDSHAM1C;;2;SUMMONED;MALE;CONTROLLED;BDSHUNSU;;;;BDSUM00;BDSPIRIM;;;;IPSION;BDSHA01C;;;;0;bg1;Hound Spirit
BDSHA06A;ANIMAL;NO_RACE;NO_CLASS;BEAR_BROWN;BDSHA06A;;4;SUMMONED;MALE;CONTROLLED;BDSHUNSU;;;;BDSUM00;BDSPIRIM;;;;IPSION;BDSHA06A;;;;0;bg1;Bear Spirit
BDSHA06B;ANIMAL;NO_RACE;NO_CLASS;GREATCAT_PANTHER;BDSHA06B;;4;SUMMONED;MALE;CONTROLLED;BDSHUNSU;;;;BDSUM00;BDSPIRIM;;;;IPSION;BDSHA06B;;;;0;bg1;Panther Spirit
BDSHA06C;ANIMAL;NO_RACE;NO_CLASS;BOAR_ARCTIC;BDSHA06C;;4;SUMMONED;MALE;CONTROLLED;BDSHUNSU;;;;BDSUM00;BDSPIRIM;;;;IPSION;BDSHA06C;;;;0;bg1;Boar Spirit
BDSHA12A;GIANTHUMANOID;ELEMENTAL;ELEMENTAL_FIRE;ELEMENTAL_FIRE_SMALL;BDSHA12A;;8;SUMMONED;MALE;CONTROLLED;BDSHUNSU;;;;BDSUM00;BDSPNAIM;;;;IPSION;BDSHA12A;;;;0;bg1;Lesser Fire Spirit
BDSHA12B;GIANTHUMANOID;ELEMENTAL;ELEMENTAL_AIR;ELEMENTAL_AIR_SMALL;BDSHA12B;;8;SUMMONED;MALE;CONTROLLED;BDSHUNSU;;;;BDSUM00;BDSPNAIM;;;;IPSION;BDSHA12B;;;;0;bg1;Lesser Air Spirit
BDSHA12C;GIANTHUMANOID;ELEMENTAL;ELEMENTAL_EARTH;ELEMENTAL_EARTH_SMALL;BDSHA12C;;8;SUMMONED;MALE;CONTROLLED;BDSHUNSU;;;;BDSUM00;BDSPNAIM;;;;IPSION;BDSHA12C;;;;0;bg1;Lesser Earth Spirit
BDSHA18A;GIANTHUMANOID;ELEMENTAL;ELEMENTAL_FIRE;ELEMENTAL_FIRE;BDSHA18A;;12;SUMMONED;MALE;CONTROLLED;BDSHUNSU;;;;BDSUM00;BDSPNAIM;;;;IPSION;BDSHA18A;;;;0;bg1;Fire Spirit
BDSHA18B;GIANTHUMANOID;ELEMENTAL;ELEMENTAL_AIR;ELEMENTAL_AIR;BDSHA18B;;12;SUMMONED;MALE;CONTROLLED;BDSHUNSU;;;;BDSUM00;BDSPNAIM;;;;IPSION;BDSHA18B;;;;0;bg1;Air Spirit
BDSHA18C;GIANTHUMANOID;ELEMENTAL;ELEMENTAL_EARTH;ELEMENTAL_EARTH;BDSHA18C;;12;SUMMONED;MALE;CONTROLLED;BDSHUNSU;;;;BDSUM00;BDSPNAIM;;;;IPSION;BDSHA18C;;;;0;bg1;Earth Spirit
BDSHAD02;UNDEAD;SHADOW;SHADOW;SHADOW;BDSHAD02;;5;NIETHER;MALE;ENEMY;BDENSHTV;BDSHTAUN;;;BDNONIN;;;IMMUNE1;RING95;;SHADOWWP;;;;420;bg1;Angry Spirit
BDSHAD04;UNDEAD;SHADOW;SHADOW;SHADOW;BDSHAD02;;5;NIETHER;MALE;ENEMY;;BDENSHTV;;;BDNONIN;;;IMMUNE1;RING95;;SHADOWWP;;;;420;bg1;Shadow
BDSHADGR;UNDEAD;SHADOW;SHADOW;SHADOW_LARGE;BDSHADGR;;9;NIETHER;MALE;ENEMY;;BDENSHTV;;;BDFIG00;;;IMMUNE1;RING95;BDSHADGA;BDSHADGR;;;;3000;bg1;Greater Shadow
BDSHADOW;UNDEAD;SHADOW;SHADOW;SHADOW_LARGE;BDSHADOW;BDSHADOW;9;NIETHER;MALE;NEUTRAL;BDMISC01;BDSHADOW;;BDSHOUT;BDFIGH01;BDMISC1B;;IMMUNE1;RING95;;BDSHADGR;BDSPECTQ;;;3000;bg1;Greater Shadow
BDSHAMB;PLANT;SHAMBLING_MOUND;NO_CLASS;SHAMBLING_MOUND;BDSHAMB;;8;0;MALE;ENEMY;;BDENSHTV;;;BDFIG00;;;BDPLANT;;IPSION;BDSHAMB;;;;6000;bg1;Shambling Mound
BDSHAPUR;HUMANOID;ELF;FIGHTER_CLERIC;DROW_FEMALE;BDSHAPUR;BDSHAPUR;10;FEMALE;FEMALE;NEUTRAL;BDSHAPUR;;BDDRCL01;BDSHOUT;;HELMNOAN;DWSHLD01;;;;DWBLUN01;SLNG02;;;4000;bg1;Shapur
BDSHIMOE;HUMANOID;HUMAN;MAGE_THIEF;THIEF_FEMALE_HUMAN;IMOEN;BDIMOEN;5;FEMALE;FEMALE;NEUTRAL;BDSHIMOE;;;;;;;RING05;;MINHP1;DAGG02;DAGG05;;;0;bg1;Imoen
BDSHIS01;HUMANOID;HUMAN;FIGHTER;FIGHTER_MALE_HUMAN;BDSHIS01;;3;MALE;MALE;ENEMY;;BDENSHTV;BDSHTAUN;;BDFIG00;HELM13;SHLD15A;;;;SW1H01;;;;300;bg1;Follower of Sarevok
BDSHIS02;HUMANOID;HUMAN;FIGHTER;FIGHTER_MALE_HUMAN;BDSHIS02;;2;MALE;MALE;ENEMY;;BDENSHTV;BDSHTAUN;;BDARCH00;;;;;;BOW05;SW1H07;;;150;bg1;Mercenary
BDSHIS03;HUMANOID;HUMAN;FIGHTER;FIGHTER_MALE_HUMAN;BDSHIS03;;3;MALE;MALE;ENEMY;;BDENSHTV;BDSHTAUN;;BDARCH00;HELM01;;;;;XBOW01;SW1H20;;;400;bg1;Iron Throne Soldier
BDSHIS04;HUMANOID;HUMAN;FIGHTER;FIGHTER_MALE_HUMAN;BDSHIS04;;4;MALE;MALE;ENEMY;;BDENSHTV;BDSHTAUN;;BDFIG00;HELM10;;;;;HALB01;;;;750;bg1;Iron Throne Commander
BDSHIS05;HUMANOID;HALF_ELF;CLERIC;CLERIC_MALE_ELF;BDSHIS05;;3;MALE;MALE;ENEMY;;BDENSHTV;BDSHTAUN;;BDPRI00;HELM12;SHLD14A;;;;BLUN02;;;;300;bg1;Follower of Sarevok
BDSHIS06;HUMANOID;HUMAN;PALADIN;FIGHTER_MALE_HUMAN;BDSHIS06;;4;MALE;MALE;ENEMY;;BDENSHTV;BDSHTAUN;;BDFIG00;HELM09;;;;;SW2H01;;;;450;bg1;Follower of Sarevok
BDSHIS07;HUMANOID;HUMAN;THIEF;THIEF_FEMALE_HUMAN;BDSHIS07;;5;FEMALE;FEMALE;ENEMY;;BDENSHTV;BDSHTAUN;;BDTHF00;;;MAGE01;;;SW1H07;;;;350;bg1;Follower of Sarevok
BDSHIS08;HUMANOID;GNOME;FIGHTER_MAGE;MAGE_MALE_GNOME;BDSHIS08;;5;MALE;MALE;ENEMY;;BDENSHTV;BDSHTAUN;BDSHIS08;BDARCH00;;SHLD11;;;;DART03;SW1H07;;;450;bg1;Elite Mercenary
BDSHIS09;HUMANOID;HUMAN;THIEF;THIEF_MALE_HUMAN;BDSHIS09;;5;MALE;MALE;ENEMY;;;BDENSHTV;BDSHTAUN;BDTHF00;;;MAGE01;;;SW1H48;;;;300;bg1;Follower of Sarevok
BDSHIS10;HUMANOID;ELF;RANGER;FIGHTER_MALE_ELF;BDSHIS10;;5;MALE;MALE;ENEMY;;;BDENSHTV;BDSHTAUN;BDARCH00;HELM13;;;;;BOW01;HALB01;;;500;bg1;Elite Mercenary
BDSHJELL;MONSTER;SLIME;OCRE_JELLY;SLIME_OCHRE;BDSHJELL;;6;NIETHER;MALE;ENEMY;;BDENSHTV;;;BDNONIN;;;RING95;;;JELLOC1;;;;270;bg1;Ochre Jelly
BDSHKFAM;HUMANOID;MEPHIT;MEPHIT;IMP;BDSHKFAM;;3;NIETHER;MALE;ENEMY;;BDENSHTV;;MEPDUS;BDFIG00;;;REGHP1;MOVRAT10;IMMCLOUD;S1-2;S1-2;S1-2;S1-2;175;bg1;Korlasz's Familiar
BDSHKORL;HUMANOID;HUMAN;MAGE;MAGE_FEMALE_HUMAN;BDKORLAS;BDKORLAS;8;FEMALE;FEMALE;NEUTRAL;BDENSHTV;BDSHKORL;;;;;;;;;STAF02;DART02;;;2500;bg1;Korlasz
BDSHME01;HUMANOID;HUMAN;FIGHTER;FIGHTER_FEMALE_HUMAN;BDSHME01;;3;FEMALE;MALE;ENEMY;;BDENSHTV;BDSHTAUN;;BDFIG00;;;;;;SW1H43;;;;180;bg1;Mercenary
BDSHME02;HUMANOID;DWARF;FIGHTER;FIGHTER_MALE_DWARF;BDSHME02;;3;MALE;MALE;ENEMY;;BDENSHTV;BDSHTAUN;;BDFIG00;BDHELMJ3;SHLD15A;;;;AX1H01;;;;175;bg1;Mercenary
BDSHME03;HUMANOID;GNOLL;FIGHTER;GNOLL;BDSHME03;;3;MALE;MALE;ENEMY;;BDENSHTV;;;BDFIG00;;;;;;HALB01;;;;150;bg1;Gnoll Slasher
BDSHRIE2;PLANT;SHRIEKER;NO_CLASS;SHRIEKER;BDSHRIE2;;3;NIETHER;MALE;ENEMY;;;BDSHRIE2;;;;;BDPLANT;;IPSION;;;;;120;bg1;Shrieker
BDSHRIEK;PLANT;SHRIEKER;FOOD_CREATURE;SHRIEKER;BDSHRIEK;;3;NIETHER;MALE;ENEMY;;;BDSHRIEK;;;HELMNOAN;;BDPLANT;;IPSION;;;;;120;bg1;Shrieker
BDSHSOUL;UNDEAD;SHADOW;SHADOW;SHADOW_SMALL;;;7;NIETHER;MALE;ENEMY;;BDENSHTV;;;BDSHSOUL;;;IMMUNE1;RING95;;S1-12M2;;;;1100;bg1;Shadowed Soul
BDSHZOM1;UNDEAD;ZOMBIE;ZOMBIE_NORMAL;ZOMBIE_YELLOW;;;2;MALE;MALE;ENEMY;;BDENSHTV;;;BDNONIN;;;RING94;;;B1-8;;;;65;bg1;Zombie
BDSICKLY;HUMANOID;GOBLIN;FIGHTER;GOBLIN_BOW;BDSICKLY;BDSICKLY;4;MALE;MALE;NEUTRAL;BDBATTUK;NONE;SHOUT;BDFIGH01;;;;;;;BOW05;SW1H07;;;120;bg1;Sickly
BDSIMONE;HUMANOID;HUMAN;FIGHTER;FIGHTER_FEMALE_HUMAN;BDSIMONE;BDSIMONE;8;FEMALE;FEMALE;NEUTRAL;RR#PICKP;;BDSHOUT;BDFIGH01;;HELM13;;;;;SW1H05;XBOW02;;;975;bg1;Simonetta Twoedged
BDSINADR;HUMANOID;HUMAN;FIGHTER;FIGHTER_FEMALE_ELF;BDSINADR;BDSINADR;10;FEMALE;FEMALE;NEUTRAL;RR#PICKP;BDBWAVE;BDSHOUT;BDFIGH01;;BDHELM03;SHLD06A;;;;SW1H41;;;;1400;bg1;Rhayla
BDSINDR2;HUMANOID;HUMAN;FIGHTER;FIGHTER_MALE_HUMAN;BDSINDR2;BDSINDR2;7;MALE;MALE;NEUTRAL;BDSINDRE;BDDSC2;BDSHOUT;BDFIGH01;;;BLUN01;;;;BLUN01;;;;420;bg1;Troll Wrangler
BDSINDR3;HUMANOID;DWARF;FIGHTER;FIGHTER_MALE_DWARF;BDSINDR2;BDSINDR2;7;MALE;MALE;NEUTRAL;BDSINDRE;BDDSC2;BDSHOUT;BDFIGH01;;BDHELMJ3;;;;;BLUN02;;;;420;bg1;Crusader
BDSINDRE;HUMANOID;ELF;CLERIC;CLERIC_FEMALE_ELF;BDSINDRE;BDSINDRE;10;FEMALE;FEMALE;NEUTRAL;BDSINDRE;BDDSC2;BDSHOUT;BDCLER01;;BDHELM03;SHLD11;;;AMUL12;BLUN36;SLNG02;;;2000;bg1;Sindret
BDSITM01;HUMANOID;HUMAN;INNOCENT;STATIC_PEASANT_MAN_MATTE;BDSITM01;;1;MALE;MALE;NEUTRAL;BDCRWDE;;None;None;None;;;;;;;;;;15;bg1;Commoner
BDSITM02;HUMANOID;HUMAN;INNOCENT;STATIC_PEASANT_MAN_MATTE;BDSITM02;;1;MALE;MALE;NEUTRAL;BDCRWDE;;None;None;None;;;;;;;;;;15;bg1;Commoner
BDSITM03;HUMANOID;HUMAN;INNOCENT;STATIC_PEASANT_MAN_MATTE;BSSITM03;;1;MALE;MALE;NEUTRAL;BDCRWDE;None;None;None;None;;;;;;;;;;15;bg1;Commoner
BDSITM04;HUMANOID;HUMAN;INNOCENT;STATIC_PEASANT_MAN_MATTE;BDSITM04;;1;MALE;MALE;NEUTRAL;BDCRWDE;;None;None;None;;;;;;;;;;15;bg1;Commoner
BDSITM05;HUMANOID;HUMAN;INNOCENT;STATIC_PEASANT_MAN_MATTE;BDSITM05;;1;MALE;MALE;NEUTRAL;BDCRWDE;;None;None;None;;;;;;;;;;15;bg1;Commoner
BDSITM06;HUMANOID;HUMAN;INNOCENT;STATIC_PEASANT_MAN_STOOL;BDSITM06;;1;MALE;MALE;NEUTRAL;BDCRWDE;;None;None;None;;;;;;;;;;15;bg1;Commoner
BDSITM07;HUMANOID;HUMAN;INNOCENT;STATIC_PEASANT_MAN_STOOL;BDSITM07;;1;MALE;MALE;NEUTRAL;BDCRWDE;;None;None;None;;;;;;;;;;15;bg1;Commoner
BDSITRE1;HUMANOID;HUMAN;INNOCENT;STATIC_PEASANT_MAN_MATTE;BDSITRE1;;1;MALE;MALE;NEUTRAL;BDCRWDE;;None;None;None;;;;;;;;;;15;bg1;Refugee
BDSITRE2;HUMANOID;HUMAN;INNOCENT;STATIC_PEASANT_MAN_MATTE;BDSITRE2;;1;MALE;MALE;NEUTRAL;BDCRWDE;;None;None;None;;;;;;;;;;15;bg1;Refugee
BDSITRE3;HUMANOID;HUMAN;INNOCENT;STATIC_PEASANT_MAN_STOOL;BDSITRE3;;1;MALE;MALE;NEUTRAL;BDCRWDE;;None;None;None;;;;;;;;;;15;bg1;Refugee
BDSITRE4;HUMANOID;HUMAN;INNOCENT;STATIC_PEASANT_WOMAN_CHAIR;BDSITRE4;;1;FEMALE;FEMALE;NEUTRAL;BDCRWDE;;None;None;None;;;;;;;;;;15;bg1;Refugee
BDSITRE5;HUMANOID;HUMAN;INNOCENT;STATIC_PEASANT_MAN_MATTE;BDSITRE5;;1;MALE;MALE;NEUTRAL;BDCRWDE;;None;None;None;;;;;;;;;;15;bg1;Refugee
BDSITW01;HUMANOID;HUMAN;INNOCENT;STATIC_PEASANT_WOMAN_CHAIR;BDSITW01;;1;FEMALE;FEMALE;NEUTRAL;BDCRWDE;;None;None;None;;;;;;;;;;15;bg1;Commoner
BDSITW02;HUMANOID;HUMAN;INNOCENT;STATIC_PEASANT_WOMAN_MATTE;BDSITW02;;1;FEMALE;FEMALE;NEUTRAL;BDCRWDE;;None;None;None;;;;;;;;;;15;bg1;Commoner
BDSITW03;HUMANOID;HUMAN;INNOCENT;STATIC_PEASANT_WOMAN_MATTE;BDSITW03;;1;FEMALE;FEMALE;NEUTRAL;BDCRWDE;;None;None;None;;;;;;;;;;15;bg1;Commoner
BDSITW04;HUMANOID;HUMAN;INNOCENT;STATIC_PEASANT_WOMAN_MATTE;BDSITW04;;1;FEMALE;FEMALE;NEUTRAL;BDCRWDE;;None;None;None;;;;;;;;;;15;bg1;Commoner
BDSKGR00;UNDEAD;SKELETON;SKELETON;SKELETON;;;1;MALE;MALE;ENEMY;;BDENSHTV;;;BDNONIN;;SHLD10;RING95;;;HAMM01;;;;65;bg1;Skeleton
BDSKGR01;UNDEAD;SKELETON;FIGHTER;SKELETON_WARRIOR;;;6;MALE;MALE;ENEMY;;BDENSHTV;;;BDNONIN;HELMNOAN;;RING95;;;SW2H01;;;;750;bg1;Armored Skeleton
BDSKGR02;UNDEAD;SKELETON;FIGHTER;SKELETON_MONSTER;;;6;MALE;MALE;ENEMY;;BDENSHTV;;;BDNONIN;;;RING95;;;AX1H01;;;;400;bg1;Tattered Skeleton
BDSKGR03;UNDEAD;SKELETON;SKELETON_BANEGUARD;SKELETON_FIEND;;;9;NIETHER;MALE;ENEMY;;BDENSHTV;;;BDNONIN;;;RING95;;;S1-12M2;;;;1000;bg1;Bladed Skeleton
BDSKGR04;UNDEAD;SKELETON;FIGHTER;SKELETON;;;4;MALE;MALE;ENEMY;;BDENSHTV;;;BDARCHNI;;;RING95;;;BOW03;SPER01;;;250;bg1;Skeleton Archer
BDSKGR05;UNDEAD;SKELETON;FIGHTER;SKELETON;;;4;MALE;MALE;ENEMY;;BDENSHTV;;;BDNONIN;;SHLD01;RING95;;;BDSKGR05;;;;300;bg1;Burning Skeleton
BDSKGR06;UNDEAD;SKELETON;FIGHTER;SKELETON;;;4;MALE;MALE;ENEMY;;BDENSHTV;;;BDARCHNI;;;RING95;;;BOW03;BDSKGR05;;;300;bg1;Burning Skeleton
BDSKGR07;UNDEAD;SKELETON;MAGE;LICH_WHITE;;;5;MALE;MALE;ENEMY;;BDENSHTV;;;BDSKGR07;;;RING95;;;DAGG01;DART01;;;900;bg1;Skeletal Mage
BDSKGR08;UNDEAD;SKELETON;FIGHTER;SKELETON_WARRIOR;;;9;MALE;MALE;ENEMY;;BDENSHTV;;;BDFIG00;HELMNOAN;;RING95;IMMUNE1;;SW2H02;;;;4000;bg1;Skeleton Warrior
BDSKIE;HUMANOID;HUMAN;THIEF;THIEF_FEMALE_HUMAN;BDSKIE;BDSKIE;7;FEMALE;FEMALE;NEUTRAL;BDSKIE;;;;;;;MINHP1;;;BOW05;SW1H07;;;0;bg1;Skie
BDSKIED;HUMANOID;HUMAN;THIEF;THIEF_FEMALE_HUMAN;BDSKIED;BDSKIED;7;FEMALE;FEMALE;NEUTRAL;RR#PICKP;;;;;;;;;;BOW05;SW1H07;;;0;bg1;Skie
BDSKIEDR;HUMANOID;HUMAN;MAGE;SLAYER;BDSKIEDR;BDSKIEDR;1;MALE;MALE;ENEMY;BDSKIEDR;NONE;NONE;NONE;NONE;;;BDSKIEDR;;MINHP1;S1-8;;;;0;bg1;Unknowable Horror
BDSLEEP1;HUMANOID;HUMAN;INNOCENT;SLEEPING_MAN_HUMAN;None;None;1;MALE;MALE;NEUTRAL;;None;None;None;None;;;;;;;;;;0;bg1;Sleeping Man
BDSLEEP2;HUMANOID;HUMAN;INNOCENT;SLEEPING_MAN_HUMAN;None;None;1;MALE;MALE;NEUTRAL;;None;None;None;None;;;;;;;;;;0;bg1;Sleeping Man
BDSLEEP3;HUMANOID;HUMAN;INNOCENT;SLEEPING_WOMAN_HUMAN;None;None;1;FEMALE;FEMALE;NEUTRAL;;None;None;None;None;;;;;;;;;;0;bg1;Sleeping Woman
BDSLEEP4;HUMANOID;HUMAN;INNOCENT;SLEEPING_WOMAN_HUMAN;None;None;1;FEMALE;FEMALE;NEUTRAL;;None;None;None;None;;;;;;;;;;0;bg1;Sleeping Woman
BDSLUG;GIANTHUMANOID;OGRE;FIGHTER;OGRE;BDSLUG;BDSLUG;9;MALE;MALE;NEUTRAL;BDSLUG;BDSOGR;BDSHOUT;BDFIGH01;;;;;;;BDSLUG;;;;6000;bg1;Slug
BDSLUG2;GIANTHUMANOID;OGRE;FIGHTER;OGRE;BDSLUG;BDSLUG;9;MALE;MALE;NEUTRAL;BDADS2;BDASC;BDSHOUT;BDFIGH43;;HELMNOAN;;;;;BDSLUG;;;;6000;bg1;Slug
BDSNAK01;ANIMAL;REPTILE;FIGHTER;SNAKE;BDSNAK01;;5;MALE;MALE;ENEMY;;;;;dw1melmo;;;;;;P1-3P;;;;420;bg1;Giant Snake
BDSNAKEH;ANIMAL;NO_RACE;HUNTER_CREATURE;SNAKE;BDSNAKEH;;2;MALE;MALE;NEUTRAL;;BDGRSHTV;HUNTER;BDANIMN;BDNONIN;;;;;;BDSNAKEH;;;;175;bg1;Snake
BDSNORGA;HUMANOID;BUGBEAR;FIGHTER;BUGBEAR_CAPTAIN;BDSNORGA;BDSNORGA;7;MALE;MALE;ENEMY;SHOUTDLG;NONE;BDSHOUT;BDFIGH01;NONE;;;;;;BLUN03;;;;975;bg1;Snorgash
BDSOGR1;GIANTHUMANOID;OGRE;FIGHTER;OGRE;BDSOGR1;BDSOGR;7;MALE;MALE;NEUTRAL;;BDSOGR;BDSHOUT;BDFIGH01;;;;;;;BLUN07;;;;2000;bg1;Ogre
BDSOGR2;GIANTHUMANOID;OGRE;FIGHTER;OGRE;BDSOGR2;BDSOGR;7;MALE;MALE;NEUTRAL;;BDSOGR;BDSHOUT;BDFIGH01;;;;;;;BLUN07;;;;2000;bg1;Ogre
BDSORAL2;HUMANOID;ELF;MAGE;MAGE_FEMALE_ELF;BDSORALI;BDSORALI;9;FEMALE;FEMALE;NEUTRAL;BDWARMAG;BDASC;BDSHOUT;BDMAGE40;NONE;;;;;;STAF02;SLNG02;;;2000;bg1;Soralis
BDSORALI;HUMANOID;ELF;MAGE;MAGE_FEMALE_ELF;BDSORALI;BDSORALI;9;FEMALE;FEMALE;NEUTRAL;RR#PICKP;BDASC2;BDSHOUT;BDMAGE01;NONE;;;;;;STAF02;SLNG02;;;2000;bg1;Soralis
BDSOTDAR;UNDEAD;GOBLIN;FIGHTER;GOBLIN_AXE;BDSOTDAR;BDSOTDAR;4;MALE;FEMALE;NEUTRAL;BDDGOBL;;;;dw1melge;;;;BDRINGGH;MINHP1;AX1H01;;;;500;bg1;Sot Darkoozing
BDSOTUK;UNDEAD;SPECTRE;BARD;THIEF_MALE_HUMAN;BDSOTUK;BDSOTUK;10;MALE;MALE;NEUTRAL;;;SHOUT;BDSOTUK;;;BDSW1HEL;BDRINGGH;;;BDAX1HGH;;;;4000;bg1;Sotuk
BDSPENSS;HUMANOID;HALF_ELF;FIGHTER;FIGHTER_MALE_ELF;BDSPENSS;BDSPENSS;7;MALE;MALE;NEUTRAL;BDSPENSS;;BDSHOUT;BDFIGH01;;;SW1H20;;;;SW1H20;;;;420;bg1;Spensse
BDSPID7L;MONSTER;SPIDER;SPIDER_SWORD;SPIDER_SWORD;BDSPID7L;;5;NIETHER;MALE;ENEMY;;;;;dw1melmo;;;;;ANTIWEB;SPIDSW1;;;;2000;bg1;Seven-Legged Spider
BDSPIDER;MONSTER;SPIDER;NO_CLASS;SPIDER_SMALL;BDSPIDER;;1;MALE;MALE;ENEMY;;;;;BDSPIDER;;;;;ANTIWEB;SPIDHU1;;;;65;bg1;Small Spider
BDSPIDGA;MONSTER;SPIDER;SPIDER_GIANT;MYRLOCHAR;BDSPIDGA;;9;FEMALE;FEMALE;ENEMY;;BDENSHTV;BDSPIDGA;;BDNONIN;;;;;ANTIWEB;BDSPIDGA;;;;3000;bg1;Gargantuan Spider
BDSPIDGI;MONSTER;SPIDER;SPIDER_GIANT;SPIDER_GIANT;BDSPIDGI;;5;NIETHER;MALE;ENEMY;;;;;dw1melmo;;;;;ANTIWEB;BDSPIDGI;;;;420;bg1;Giant Spider
BDSPIDHU;MONSTER;SPIDER;SPIDER_HUGE;SPIDER_HUGE;BDSPIDHU;;2;NIETHER;MALE;ENEMY;;;;;dw1melmo;;;;;ANTIWEB;BDSPIDHU;;;;120;bg1;Huge Spider
BDSPIRIT;UNDEAD;SHADOW;SPECTRE;GHOST;BDSPIRIT;BDSPIRIT;7;MALE;MALE;NEUTRAL;BDSPIRIT;BDENSHTV;;;BDFIG00;;;IMMUNE1;RING95;;BDSPIRIT;;;;3000;bg1;Restless Spirit
BDSTALIA;HUMANOID;HUMAN;INNOCENT;PEASANT_WOMAN;BDSTALIA;BDSTALIA;1;FEMALE;FEMALE;NEUTRAL;RR#PICKP;BDSTEAL;dw#innhl;RUNENEMY;;;;;;;;;;;15;bg1;Stalia
BDSTONEC;ANIMAL;NO_RACE;NO_CLASS;RAT_OUTSIDE;bdstonec;NONE;20;NIETHER;NIETHER;NEUTRAL;NONE;NONE;NONE;NONE;NONE;;;;;;;;;;0;bg1;<NO TEXT>
BDSTONEH;HUMANOID;DWARF;FIGHTER;FIGHTER_FEMALE_DWARF;BDSTONEH;BDSTONEH;13;FEMALE;FEMALE;NEUTRAL;BDSTONEH;BDASC;BDSHOUT;BDFIGH30;;HELM15;SHLD04;;;MINHP1;AX1H05;AX1H11;;;4000;bg1;General Stonehand
BDSTRUN2;HUMANOID;HUMAN;MAGE;MAGE_MALE_HUMAN;BDSTRUNK;BDSTRUNK;13;MALE;MALE;NEUTRAL;BDSTRUNK;BDDSC;BDSHOUT;BDMAGE41;NONE;;;;;;BDDAGG01;;;;5000;bg1;Strunk
BDSTRUNK;HUMANOID;HUMAN;MAGE;MAGE_MALE_HUMAN;BDSTRUNK;BDSTRUNK;13;MALE;MALE;NEUTRAL;BDSTRUNK;BD5100EN;BDSHOUT;BDMAGE01;NONE;;;;;;BDDAGG01;;;;5000;bg1;Strunk
BDSTSNAK;ANIMAL;REPTILE;NO_CLASS;SNAKE;BDSTSNAK;;8;NIETHER;MALE;ENEMY;;BDENSHTV;;;BDNONIN;;;;;;BDSTSNAK;;;;2000;bg1;Stone Snake
BDSTYSIC;HUMANOID;HUMAN;PALADIN;FIGHTER_MALE_HUMAN;BDSTYSIC;BDSTYSIC;9;MALE;MALE;NEUTRAL;BDBTEAM2;BDBCOAL;BDSHOUT;BDPAL01;;HELM09;SHLD02;;;MINHP1;SW1H05;;;;1400;bg1;Stysich
BDSWORD;WEAPON;SWORD;LONG_SWORD;DANCING_SWORD;BDSWORD;BDSWORD;1;NIETHER;NIETHER;NEUTRAL;;None;None;None;WTASIGHT;;;NOCIRCLE;MINHP1;IPSION;MORSWORD;;;;1000;bg1;
BDTAIEL2;HUMANOID;HALF_ELF;FIGHTER;FIGHTER_MALE_ELF;BDTAIEL2;BDTAIELD;6;MALE;MALE;NEUTRAL;BDBTEAM1;BDBCOAL;BDSHOUT;BDFIGH01;;;;;;;SW1H43;BOW03;;;420;bg1;Taield
BDTAIELD;HUMANOID;HALF_ELF;FIGHTER;FIGHTER_MALE_ELF;BDTAIELD;BDTAIELD;6;MALE;MALE;NEUTRAL;BDTAIELD;;;;;;;;;;SW1H43;;;;600;bg1;Taield
BDTAKOS;HUMANOID;HALFLING;INNOCENT;FIGHTER_MALE_HALFLING;BDTAKOS;BDTAKOS;3;MALE;MALE;NEUTRAL;BDTAKOS;;;;dw1melge;;;;;;DAGG01;;;;50;bg1;Takos
BDTANORM;HUMANOID;HUMAN;INNOCENT;PEASANT_MAN;BDTANORM;BDTANORM;1;MALE;MALE;NEUTRAL;RR#PICKP;None;None;None;None;;;;;;;;;;15;bg1;Tanorm
BDTARGET;ANIMAL;NO_RACE;NO_CLASS;RAT_OUTSIDE;bdtarget;NONE;20;NIETHER;NIETHER;NEUTRAL;BDTARGET;NONE;NONE;NONE;NONE;HELM01;;;;;BDNOBOW;;;;0;bg1;<NO TEXT>
BDTART;ANIMAL;NO_RACE;NO_CLASS;HORSE;BDTART;;1;MALE;FEMALE;NEUTRAL;BDHORSES;;;;;;;;;;;;;;1;bg1;Tart
BDTCRWD1;HUMANOID;HUMAN;INNOCENT;PEASANT_MAN;BDTCRWD1;BDTCRWD1;1;MALE;MALE;NEUTRAL;BDBCRW;;;;;;;;;;;;;;15;bg1;Crowd Member
BDTCRWD2;HUMANOID;HUMAN;INNOCENT;NOBLE_MAN;BDTCRWD2;BDTCRWD2;1;MALE;MALE;NEUTRAL;BDBCRW;;;;;;;;;;;;;;15;bg1;Crowd Member
BDTCRWD3;HUMANOID;HUMAN;INNOCENT;PEASANT_WOMAN;BDTCRWD3;BDTCRWD3;1;FEMALE;FEMALE;NEUTRAL;BDBCRW;;;;;;;;;;;;;;15;bg1;Crowd Member
BDTCRWD4;HUMANOID;HUMAN;INNOCENT;PEASANT_MAN;BDTCRWD4;BDTCRWD3;1;MALE;MALE;NEUTRAL;BDBCRW;;;;;;;;;;;;;;15;bg1;Crowd Member
BDTCRWD5;HUMANOID;HUMAN;INNOCENT;PEASANT_WOMAN;BDTCRWD5;BDTCRWD3;1;FEMALE;FEMALE;NEUTRAL;BDBCRW;;;;;;;;;;;;;;15;bg1;Crowd Member
BDTCRWD6;HUMANOID;HUMAN;INNOCENT;BOY;BDTCRWD6;BDPOOL15;1;MALE;MALE;NEUTRAL;BDBCRW;None;None;None;;;;;;;;;;;7;bg1;Boy
BDTEAM11;HUMANOID;HUMAN;RANGER;FIGHTER_MALE_HUMAN;BDTEAM11;BDBTEAM;7;MALE;MALE;NEUTRAL;BDBTEAM1;BDBCOAL;BDSHOUT;BDFIGH01;;HELM15;;;;;BOW01;DAGG01;;;420;bg1;Coalition Archer
BDTEAM12;HUMANOID;HUMAN;RANGER;FIGHTER_FEMALE_HUMAN;BDTEAM12;BDBTEAM;7;FEMALE;FEMALE;NEUTRAL;BDBTEAM1;BDBCOAL;BDSHOUT;BDFIGH01;;;;;;;BOW01;DAGG01;;;420;bg1;Coalition Archer
BDTEAM13;HUMANOID;HALF_ELF;RANGER;FIGHTER_MALE_ELF;BDTEAM13;BDBTEAM;7;MALE;MALE;NEUTRAL;BDBTEAM1;BDBCOAL;BDSHOUT;BDFIGH01;;;;;;;BOW01;DAGG01;;;420;bg1;Coalition Archer
BDTEAM21;HUMANOID;HUMAN;FIGHTER;FIGHTER_MALE_HUMAN;BDTEAM21;BDBTEAM;7;MALE;MALE;NEUTRAL;BDBTEAM2;BDBCOAL;BDSHOUT;BDFIGH01;;HELM09;;;;;BOW03;SW1H07;;;420;bg1;Wizard Slayer
BDTEAM22;HUMANOID;HUMAN;PALADIN;FIGHTER_MALE_HUMAN;BDTEAM22;BDBTEAM;7;MALE;MALE;NEUTRAL;BDBTEAM2;BDBCOAL;BDSHOUT;BDPAL01;;HELM09;SHLD01;;;;SW1H04;;;;420;bg1;Wizard Slayer
BDTEAM23;HUMANOID;HUMAN;PALADIN;FIGHTER_FEMALE_HUMAN;BDTEAM23;BDBTEAM;7;FEMALE;FEMALE;NEUTRAL;BDBTEAM2;BDBCOAL;BDSHOUT;BDPAL01;;HELM09;SHLD01;;;;SW1H04;;;;420;bg1;Wizard Slayer
BDTEAM31;HUMANOID;HUMAN;FIGHTER_THIEF;FIGHTER_MALE_HUMAN;BDTEAM31;BDBTEAM;6;MALE;MALE;NEUTRAL;BDBTEAM3;BDBCOAL;BDSHOUT;BDFTHI01;;;;;;;SW1H08;;;;650;bg1;Coalition Spy
BDTEAM32;HUMANOID;HUMAN;FIGHTER_THIEF;FIGHTER_MALE_HUMAN;BDTEAM32;BDBTEAM;6;MALE;MALE;NEUTRAL;BDBTEAM3;BDBCOAL;BDSHOUT;BDFTHI01;;;;;;;SW1H08;;;;650;bg1;Coalition Spy
BDTEAM33;HUMANOID;HUMAN;FIGHTER_THIEF;FIGHTER_MALE_HUMAN;BDTEAM33;BDBTEAM;6;MALE;MALE;NEUTRAL;BDBTEAM3;BDBCOAL;BDSHOUT;BDFTHI01;;;;;;;SW1H08;;;;650;bg1;Coalition Spy
BDTEAM34;HUMANOID;HUMAN;FIGHTER_THIEF;FIGHTER_MALE_HUMAN;BDTEAM34;BDBTEAM;6;MALE;MALE;NEUTRAL;BDBTEAM3;BDBCOAL;BDSHOUT;BDFTHI01;;;;;;;SW1H08;;;;650;bg1;Coalition Spy
BDTEAM41;HUMANOID;HUMAN;FIGHTER_MAGE;FIGHTER_FEMALE_HUMAN;BDTEAM41;BDBTEAM;6;FEMALE;FEMALE;NEUTRAL;BDBTEAM4;BDBCOAL;BDSHOUT;BDFMAG01;;;;;;;XBOW04;DAGG01;;;2000;bg1;Coalition Warmage
BDTEAM42;HUMANOID;HUMAN;FIGHTER_MAGE;FIGHTER_MALE_HUMAN;BDTEAM42;BDBTEAM;6;MALE;MALE;NEUTRAL;BDBTEAM4;BDBCOAL;BDSHOUT;BDFMAG01;;;;;;;XBOW04;DAGG01;;;2000;bg1;Coalition Warmage
BDTEAM43;HUMANOID;ELF;FIGHTER_MAGE;MAGE_FEMALE_ELF;BDTEAM43;BDBTEAM;7;FEMALE;FEMALE;NEUTRAL;BDBTEAM4;BDBCOAL;BDSHOUT;BDFMAG01;;;;;;;BOW05;DAGG01;;;1400;bg1;Coalition Warmage
BDTEAM51;HUMANOID;DWARF;CLERIC;CLERIC_FEMALE_DWARF;BDTEAM51;BDBTEAM;8;FEMALE;FEMALE;NEUTRAL;BDBTEAM5;BDBCOAL;BDSHOUT;BDCLER01;NONE;;SHLD01;;;;SLNG01;BLUN05;;;975;bg1;Dwarven Cleric
BDTEAM52;HUMANOID;DWARF;FIGHTER;FIGHTER_MALE_DWARF;BDTEAM52;BDBTEAM;7;MALE;FEMALE;NEUTRAL;BDBTEAM5;BDBCOAL;BDSHOUT;BDFIGH01;NONE;BDHELMJ3;SHLD03;;;;HAMM02;;;;420;bg1;Dwarven Battlerager
BDTEAM53;HUMANOID;DWARF;FIGHTER;FIGHTER_MALE_DWARF;BDTEAM53;BDBTEAM;7;MALE;FEMALE;NEUTRAL;BDBTEAM5;BDBCOAL;BDSHOUT;BDFIGH01;NONE;BDHELMJ3;;;;;XBOW01;DAGG01;;;420;bg1;Dwarven Scout
BDTEAM60;UNDEAD;SKELETON;MAGE;LICH_WHITE;BDTEAM60;BDTEAM;8;NIETHER;MALE;NEUTRAL;BDBTEAM6;BDBCOAL;BDSHOUT;BDMAGE01;;;;RING95;;;DAGG01;DART03;;;2000;bg1;Skeletal Mage
BDTEAM61;UNDEAD;SKELETON;SKELETON_BANEGUARD;SKELETON_FIEND;BDTEAM61;BDTEAM;9;NIETHER;MALE;NEUTRAL;BDBTEAM6;BDBCOAL;BDSHOUT;BDFIGH01;;;;RING95;;;S1-12M2;;;;1400;bg1;Bladed Skeleton
BDTEAM62;UNDEAD;SKELETON;FIGHTER;SKELETON_WARRIOR;BDTEAM62;BDTEAM;6;NIETHER;MALE;NEUTRAL;BDBTEAM6;BDBCOAL;BDSHOUT;BDFIGH01;;HELMNOAN;;RING95;;;SW2H01;;;;650;bg1;Armored Skeleton
BDTEAM63;UNDEAD;SKELETON;FIGHTER;SKELETON;BDTEAM63;BDTEAM;5;NIETHER;MALE;NEUTRAL;BDBTEAM6;BDBCOAL;BDSHOUT;BDFIGH01;;;;RING95;;;BOW03;SPER01;;;420;bg1;Skeleton Archer
BDTEERA;HUMANOID;HUMAN;INNOCENT;FAT_WOMAN;BDTEERA;BDTEERA;1;FEMALE;FEMALE;NEUTRAL;RR#PICKP;None;None;None;None;;;;;;;;;;15;bg1;Teera
BDTELEKI;WEAPON;SWORD;LONG_SWORD;DANCING_SWORD;BDTELEKI;;10;SUMMONED;SUMMONED;CONTROLLED;NONE;NONE;NONE;NONE;BDTELEKI;;;;;IPSION;BDTELEKI;;;;0;bg1;Magical Sword
BDTELERI;HUMANOID;ELF;MAGE;MAGE_FEMALE_ELF;BDTELERI;BDTELERI;12;FEMALE;FEMALE;NEUTRAL;BDTELERI;;;BDMAGE01;;;;;;;DAGG05;DAGG01;;;800;bg1;Teleria
BDTEMP1;HUMANOID;HUMAN;FLAMING_FIST;CLERIC_MALE_HUMAN;BDTEMP1;BDTEMP1;2;MALE;MALE;NEUTRAL;;;;;;HELM09;SHLD01;;;;SW1H04;;;;15;bg1;Flaming Fist Enforcer
BDTEMP2;HUMANOID;HUMAN;FIGHTER_CLERIC;CLERIC_MALE_HUMAN;BDTEMP2;;4;MALE;MALE;ALLY;;;;;;HELM09;SHLD01;;;;SW1H04;;;;250;bg1;Flaming Fist Mercenary
BDTEMP3;HUMANOID;HALF_ELF;INNOCENT;FIGHTER_MALE_ELF;BDTEMP3;;1;MALE;MALE;NEUTRAL;BDBUFF;;;;;;;;;;;;;;15;bg1;Commoner
BDTESTEN;HUMANOID;KOBOLD;KOBOLD_XVART;KOBOLD_XVART;NONE;;1;MALE;MALE;NEUTRAL;TESTHOS;NONE;XVART;NONE;dw1melge;;;;;;SW1H07;;;;15;bg1;Xvart
BDTHAIRD;HUMANOID;DWARF;FIGHTER;FIGHTER_MALE_DWARF;BDTHAIRD;BDTHAIRD;7;MALE;MALE;NEUTRAL;RR#PICKP;BDASC2;BDSHOUT;BDFIGH01;NONE;HELM09;;;;;HAMM02;;;;0;bg1;Thaird
BDTHARAN;HUMANOID;HUMAN;FIGHTER;FIGHTER_MALE_HUMAN;BDTHARAN;BDTHARAN;8;MALE;MALE;NEUTRAL;BDTHARAN;BDFORT;BDSHOUT;BDFIGH01;;HELM01;SHLD01;;;;BLUN06;AX1H04;;;650;bg1;Tharantis
BDTHERL2;HUMANOID;HUMAN;FIGHTER;FIGHTER_FEMALE_HUMAN;BDTHERLI;BDTHERLI;8;FEMALE;FEMALE;ENEMY;bdtherli;;BDSHOUT;BDFIGH01;;HELM01;SHLD04;;;;SW1H02;;;;975;bg1;Therli
BDTHERLI;HUMANOID;HUMAN;FIGHTER;FIGHTER_FEMALE_HUMAN;BDTHERLI;BDTHERLI;8;FEMALE;FEMALE;NEUTRAL;BDTHERLI;;BDSHOUT;BDFIGH01;;HELM01;SHLD04;;;;SW1H02;;;;975;bg1;Therli
BDTHERTO;HUMANOID;HUMAN;NO_CLASS;NOBLEMAN_FIGHTER;BDTHERTO;BDTHERTO;1;MALE;MALE;NEUTRAL;RR#PICKP;SHOUT;None;None;dw1melge;;;;;;;;;;15;bg1;Lord Therton
BDTHIRRI;HUMANOID;HUMAN;MAGE;MAGE_MALE_HUMAN;BDTHIRRI;BDTHIRRI;7;MALE;MALE;NEUTRAL;BDTHIRRI;BDFORT;BDSHOUT;BDSTEAL;BDMAGE01;;;;;;DAGG01;DAGG05;;;650;bg1;Thirrim
BDTHRIX;MONSTER;DEMONIC;IMP;CORNUGON;BDTHRIX;BDTHRIX;16;MALE;MALE;NEUTRAL;BDTHRIX;BDENSHTV;BDDCOR01;;BDFIG00;;;IMMUNE2;RINGDEMN;REGHP2R;BDDCOR01;;;;10000;bg1;Thrix
BDTHRUDD;GIANTHUMANOID;TROLL;TROLL;TROLL;BDTHRUDD;BDTHRUDD;8;MALE;MALE;NEUTRAL;BDTHRUDD;NONE;BDSHOUT;bdfigh10;;;;TROLLREG;TROLLIMM;MONHP1;TROLL01;;;;1400;bg1;Troll
BDTHUG01;HUMANOID;HUMAN;FIGHTER;FIGHTER_MALE_HUMAN;BDTHUG01;BDTHUGS;1;MALE;MALE;NEUTRAL;BDTHUG01;;None;None;dw1melge;;;;;;;;;;65;bg1;Thug
BDTHUG02;HUMANOID;HUMAN;FIGHTER;FIGHTER_MALE_HUMAN;BDTHUG02;BDTHUGS;1;MALE;MALE;NEUTRAL;BDTHUG02;;None;None;dw1melge;;;;;;;;;;65;bg1;Thug
BDTHUG03;HUMANOID;HUMAN;FIGHTER;STATIC_PEASANT_MAN_MATTE;BDTHUG03;BDPOOL18;4;MALE;MALE;NEUTRAL;RR#PICKP;None;None;None;dw1melge;;;;;;DAGG01;;;;120;bg1;Refugee
BDTHUG04;HUMANOID;HUMAN;FIGHTER;STATIC_PEASANT_MAN_MATTE;BDTHUG04;BDPOOL18;4;MALE;MALE;NEUTRAL;RR#PICKP;None;None;None;dw1melge;;;;;;SW1H07;;;;120;bg1;Refugee
BDTHUG05;HUMANOID;HUMAN;FIGHTER;STATIC_PEASANT_MAN_MATTE;BDTHUG05;BDPOOL18;4;MALE;MALE;NEUTRAL;RR#PICKP;None;None;None;dw1melge;;;;;;DAGG01;;;;120;bg1;Refugee
BDTHUG06;HUMANOID;GNOME;THIEF;THIEF_MALE_GNOME;BDTHUG06;;1;MALE;MALE;NEUTRAL;RR#PICKP;;None;None;;;;;;;SW1H04;BOW05;;;65;bg1;Thug
BDTHUG07;HUMANOID;HUMAN;FIGHTER;FIGHTER_MALE_HUMAN;BDTHUG07;;1;MALE;MALE;NEUTRAL;RR#PICKP;;None;None;dw1melge;;;;;;;;;;65;bg1;Thug
BDTIAX;HUMANOID;GNOME;CLERIC_THIEF;CLERIC_MALE_GNOME;BDTIAX;BDTIAX;6;MALE;MALE;NEUTRAL;BDTIAX;;;;dw#pr7;;;;;;;;;;0;bg1;Tiax
BDTOLIKS;GIANTHUMANOID;TROLL;TROLL;TROLL;BDTOLIKS;BDTOLIKS;8;MALE;MALE;NEUTRAL;BDTHRUDD;NONE;BDSHOUT;bdfigh10;;;;TROLLREG;TROLLIMM;MONHP1;TROLL01;;;;1400;bg1;Troll
BDTREANT;PLANT;TREANT;NO_CLASS;TREANT_DARK;;;9;MALE;MALE;ENEMY;;BDENSHTV;;;BDFIG00;;;BDPLANT;;IPSION;BDTREANT;;;;4000;bg1;Dark Treant
BDTRIST2;HUMANOID;HUMAN;PALADIN;FIGHTER_MALE_HUMAN;BDTRISTI;BDTRISTI;10;MALE;MALE;NEUTRAL;RR#PICKP;BDDSC;BDSHOUT;BDPAL20;;HELM09;SHLD04A;BDRING06;;;SW1H41;;;;2000;bg1;Tristian
BDTRISTI;HUMANOID;HUMAN;PALADIN;FIGHTER_MALE_HUMAN;BDTRISTI;BDTRISTI;10;MALE;MALE;NEUTRAL;RR#PICKP;BDDSC2;BDSHOUT;BDPAL01;;HELM09;SHLD04A;BDRING06;;;SW1H41;;;;2000;bg1;Tristian
BDTROL1D;DEAD;TROLL;FIGHTER;TROLL;;;1;MALE;MALE;127;;;;;;HELM01;SHLD01;;;;DAGG01;;;;0;bg1;Troll
BDTROL2D;DEAD;TROLL;FIGHTER;TROLL_SMALL;;;1;MALE;MALE;127;;;;;;HELM01;SHLD01;;;;DAGG01;;;;0;bg1;Small Troll
BDTROLL1;GIANTHUMANOID;TROLL;TROLL;TROLL;BDTROLL1;BDTROLL1;8;MALE;MALE;NEUTRAL;BDTROLL1;NONE;NONE;;WTATROLL;;;TROLLREG;TROLLIMM;MONHP1;TROLL01;;;;1400;bg1;Troll
BDTROLL2;GIANTHUMANOID;TROLL;TROLL;TROLL;BDTROLL2;BDTROLL2;8;MALE;MALE;NEUTRAL;BDTROLL1;NONE;NONE;;WTATROLL;;;TROLLREG;TROLLIMM;MONHP1;TROLL01;;;;1400;bg1;Troll
BDTROLSH;GIANTHUMANOID;TROLL;SHAMAN;TROLL_BLUE;BDTROLSH;;7;FEMALE;FEMALE;ENEMY;TROLL01;BDENSHTV;;;BDSHM00;;;TROLLREG;TROLLIMM;MONHP1;TROLL01;;;;2000;bg1;Troll Shamaness
BDTRUST2;HUMANOID;HUMAN;FIGHTER;FIGHTER_MALE_HUMAN;BDTRUST2;BDTRUST2;7;MALE;MALE;NEUTRAL;RR#PICKP;BDASC2;BDSHOUT;BDFIGH01;BDTRUST2;HELM13;;;;;HALB01;;;;650;bg1;Waterdhavian Guard
BDTSMESS;HUMANOID;HUMAN;INNOCENT;PEASANT_MAN;BDTSMESS;BDTSMESS;0;MALE;MALE;NEUTRAL;BDTSMESS;;;;;;;;;;;;;;5;bg1;Messenger
BDTSOLAK;UNDEAD;VAMPIRE;VAMPIRE;VAMPIRE;BDTSOLAK;BDTSOLAK;8;MALE;MALE;NEUTRAL;BDTSOLAK;NONE;BDSHOUT;BDVAMP02;;;;VAMPREG;IMMUNE1;MONHP1;VAMP;;;;8500;bg1;Tsolak
BDTURIN;HUMANOID;DWARF;FIGHTER;FIGHTER_FEMALE_DWARF;BDTURIN;BDTURIN;9;FEMALE;FEMALE;NEUTRAL;BDTURIN;;BDSHOUT;BDFIGH01;;;;;;;BLUN05;BOW06;;;975;bg1;Turin Brassbreaker
BDTUTOR;HUMANOID;HUMAN;CLERIC;CLERIC_FEMALE_HUMAN;BDTUTOR;BDTUTOR;8;FEMALE;FEMALE;NEUTRAL;BDTUTOR;;;;;HELM13;SHLD01;;;MINHP1;BLUN04;SLNG01;;;975;bg1;Officer Tutorial
BDTYLE;HUMANOID;HUMAN;FIGHTER;FIGHTER_MALE_HUMAN;BDTYLE;BDTYLE;6;MALE;MALE;NEUTRAL;;;;;;;;;;;SW1H04;;;;175;bg1;Inspector Tyle
BDULORI;GIANTHUMANOID;TROLL;TROLL;TROLL;BDULORI;BDULORI;8;FEMALE;FEMALE;NEUTRAL;BDULORI;NONE;NONE;;WTATROLL;;;TROLLREG;TROLLIMM;MONHP1;TROLL01;;;;1400;bg1;Troll
BDUMAR;HUMANOID;ELF;FIGHTER_MAGE;FIGHTER_MALE_ELF;BDUMAR;BDUMAR;5;MALE;MALE;NEUTRAL;BDDROWRU;;BDSHOUT;BDDROWMA;;HELMNOAN;;;;;DWSW1H02;DWDART01;;;420;bg1;Umar
BDUMBER1;MONSTER;UMBERHULK;UMBERHULK;UMBER_HULK;BDUMBER1;;8;MALE;MALE;ENEMY;;BDENSHTV;BDUMBER1;;BDFIG00;;;;;;UMBER01;;;;4000;bg1;Umber Hulk
BDUNCONS;HUMANOID;HUMAN;INNOCENT;SLAVE;BDUNCONS;;1;MALE;MALE;NEUTRAL;;;None;None;;;;;;;;;;;7;bg1;Unconscious Man
BDUNSEN;UNDEAD;SKELETON;SKELETON_WARRIOR;SKELETON_WARRIOR;BDUNSEN;;7;MALE;MALE;NEUTRAL;;;BDSHOUT;;BDFIGH01;HELMNOAN;;RING95;;;SW2H01;;;;900;bg1;Undead Sentry
BDUNSLGU;UNDEAD;SHADOW;SHADOW;DEATH_KNIGHT;;;7;MALE;MALE;ENEMY;;BDENSHTV;BDUNSLGU;;BDFIG00;;;IMMUNE1;RING95;;BDUNSLGU;;;;4000;bg1;Unsleeping Guardian
BDURE10A;HUMANOID;DWARF;FIGHTER;FIGHTER_MALE_DWARF;BDURE10A;BDURE10A;1;MALE;MALE;NEUTRAL;BDURE10A;;BDSHOUT;None;dw1range;;;;;;SW1H04;BOW05;;;15;bg1;Bandit
BDURE10B;HUMANOID;HALFORC;FIGHTER;FIGHTER_FEMALE_HALFORC;BDURE10B;BDURE10B;1;FEMALE;FEMALE;NEUTRAL;BDURE10B;;BDSHOUT;;dw1range;;;;;;SW1H04;COMPB05;;;65;bg1;Bandit
BDURE10C;HUMANOID;HUMAN;FIGHTER;FIGHTER_MALE_HUMAN;BDURE10C;;1;MALE;MALE;NEUTRAL;BDURE10B;;BDSHOUT;None;dw1range;;;;;;SW1H04;COMPB05;;;65;bg1;Bandit
BDURE1A;HUMANOID;ORC;FIGHTER;ORC_MELEE;BDURE1A;;3;MALE;MALE;ENEMY;;BDENSHTV;;;BDFIG00;;;;;;HALB01;;;;120;bg1;Orc Warrior
BDURE1B;HUMANOID;ORC;FIGHTER;ORC_RANGE;BDURE1B;;3;MALE;MALE;ENEMY;;BDENSHTV;;;BDARCH00;;;;;;BOW01;SPER01;;;120;bg1;Orc Archer
BDURE1C;HUMANOID;ORC;CLERIC;ORC_SHAMAN;BDURE1C;;3;MALE;MALE;ENEMY;;BDENSHTV;;;BDPRI00;;;;;;STAF01;SLNG01;;;175;bg1;Orc Priest
BDURE2A;HUMANOID;HUMAN;THIEF;THIEF_MALE_HUMAN;BDURE2A;;13;MALE;MALE;ENEMY;BDURE2A;BDENSHTV;;;BDTHF00;;;;;;BDSW1H21;;;;3500;bg1;Shadowy Figure
BDURE2B;HUMANOID;HALFORC;FIGHTER;FIGHTER_MALE_HALFORC;BDURE2B;;8;MALE;MALE;ENEMY;;BDENSHTV;;;BDFIG00;BDHELMJ3;AX1H01;;;;AX1H02;;;;2000;bg1;Mercenary
BDURE2C;HUMANOID;HUMAN;FIGHTER;FIGHTER_MALE_HUMAN;BDURE2C;;7;MALE;MALE;ENEMY;;BDENSHTV;;;BDFIG00;;;;;;SW1H43;;;;1500;bg1;Mercenary
BDURE2D;HUMANOID;HUMAN;FIGHTER;FIGHTER_FEMALE_HUMAN;BDURE2D;;5;FEMALE;FEMALE;ENEMY;;BDENSHTV;;;BDARCH00;BDHELM08;;;;;XBOW01;SPER01;;;750;bg1;Mercenary
BDURE2E;HUMANOID;HALF_ELF;FIGHTER;FIGHTER_FEMALE_ELF;BDURE2E;;5;FEMALE;FEMALE;ENEMY;;BDENSHTV;;;BDARCH00;;;;;;BOW03;HALB01;;;750;bg1;Mercenary
BDURE3A;DEAD;ELF;MAGE;MAGE_MALE_ELF;;;1;MALE;MALE;127;;;;;;;;;;;;;;;0;bg1;Elf
BDURE4A;MONSTER;DRAGON;GREEN_DRAGON;WYVERN;BDURE4A;BDURE4A;11;MALE;MALE;NEUTRAL;BDURE4B;BDGRSHTV;BDDRGGRY;;BDFIG00;;;;BDIMMGAS;;BDDRGGRY;;;;8000;bg1;Young Green Dragon
BDURE4B;GIANTHUMANOID;GIANT;GIANT;GIANT_HILL;BDURE4B;;12;MALE;MALE;NEUTRAL;BDURE4B;BDGRSHTV;;;BDFIG00;;;;;;BDGIANHI;;;;3000;bg1;Hill Giant
BDURE4C;GIANTHUMANOID;GIANT;GIANT;GIANT_HILL;BDURE4C;;12;MALE;MALE;NEUTRAL;BDURE4B;BDGRSHTV;;;BDFIG00;;;;;;BDGIANHI;;;;3000;bg1;Hill Giant
BDURE4D;GIANTHUMANOID;GIANT;FIGHTER;GIANT_HILL;BDURE4D;;13;MALE;MALE;ENEMY;BDURE4B;BDENSHTV;;;BDFIG00;;;;;;BDHALB03;;;;3500;bg1;Hill Giant Leader
BDURE4E;GIANTHUMANOID;GIANT;GIANT;GIANT_HILL;BDURE4E;;12;MALE;MALE;ENEMY;BDURE4B;BDENSHTV;;;BDFIG00;;;;;;BDGIANHI;;;;3000;bg1;Hill Giant
BDURE6A;HUMANOID;HALF_ELF;INNOCENT;PEASANT_WOMAN_FIGHTER;BDURE6A;BDURE6A;1;FEMALE;FEMALE;NEUTRAL;BDURE6A;;;;;;;;;;;;;;15;bg1;Refugee
BDURE6B;HUMANOID;HUMAN;INNOCENT;PEASANT_MAN;BDURE6B;BDURE6A;1;MALE;MALE;NEUTRAL;BDURE6A;None;None;None;None;;;;;;;;;;15;bg1;Refugee
BDURE6C;HUMANOID;HUMAN;INNOCENT;FAT_MAN;BDURE6C;BDURE6A;1;MALE;MALE;NEUTRAL;BDURE6A;;;;;;;;;;;;;;15;bg1;Refugee
BDURE6D;ANIMAL;WOLF;WOLF;WOLF;BDURE6D;;3;MALE;MALE;ENEMY;BDURE6D;;WOLF;;dw1melmo;;;;;;P1-6;;;;65;bg1;Wolf
BDURE7A;HUMANOID;HUMAN;INNOCENT;PEASANT_MAN;BDURE7A;BDURE7A;1;MALE;MALE;NEUTRAL;BDURE7A;None;None;None;WTRUNBE;;;;;;;;;;15;bg1;Refugee
BDURE7B;HUMANOID;HUMAN;INNOCENT;PEASANT_WOMAN;BDURE7B;BDURE7B;1;FEMALE;FEMALE;NEUTRAL;BDURE7A;;;;WTRUNBE;;;;;;;;;;15;bg1;Refugee
BDURE7C;HUMANOID;HUMAN;INNOCENT;GIRL;BDURE7C;BDURE7C;1;FEMALE;FEMALE;NEUTRAL;BDURE7A;None;None;None;WTRUNBE;;;;;;;;;;7;bg1;Girl
BDUROLD;HUMANOID;HUMAN;FIGHTER;FIGHTER_MALE_HUMAN;BDUROLD;BDUROLD;7;MALE;MALE;NEUTRAL;bdurold;;;BDFIGH01;;;;;;;;;;;420;bg1;Urold
BDUXLEY;HUMANOID;HUMAN;FIGHTER;FIGHTER_MALE_HUMAN;BDUXLEY;BDUXLEY;3;MALE;MALE;NEUTRAL;BDGFGUA;;BDSHOUT;BDFIGH01;;;;;;;COMPB05;COMPS01;;;95;bg1;Uxley
BDVALIS;HUMANOID;HALF_ELF;RANGER;FIGHTER_FEMALE_ELF;BDVALIS;BDVALIS;7;FEMALE;FEMALE;NEUTRAL;BDTRIAL;BDDSC2;BDSHOUT;bdfigh10;;;;;;;BOW05;SW1H22;;;420;bg1;Valis
BDVESSAN;HUMANOID;HUMAN;INNOCENT;NOBLE_MAN;bdvessan;BDVESSAN;1;MALE;MALE;NEUTRAL;BDVESSAN;;dw#innhl;RUNENEMY;None;;;RING10;;;;;;;15;bg1;Vessanal
BDVICHAN;HUMANOID;HUMAN;MAGE;MAGE_MALE_HUMAN;BDVICHAN;BDVICHAN;9;MALE;MALE;NEUTRAL;BDVICHAN;BD2000EN;BDSHOUT;BDMAGE21;;;;;;;STAF01;;;;1400;bg1;Vichand
BDVIDYAD;HUMANOID;RAKSHASA;FIGHTER_MAGE;RAKSHASA;BDVIDYAD;BDVIDYAD;11;MALE;MALE;NEUTRAL;BDMISC01;BDVIDYAD;BDENSHTV;BDRAKS01;BDFIG00;BDMISC1B;;RAKRING;IMMUNE2;BDAMUL08;SW1H52;BDSPECTQ;;;10000;bg1;Vidyadhar
BDVOICE;HUMANOID;NO_RACE;NO_CLASS;BELHIFET;BDVOICE;BDVOICE;1;NIETHER;MALE;NEUTRAL;NONE;NONE;NONE;NONE;NONE;;;;MAGE01;IMOENHP1;;;;;0;bg1;The Voice
BDVOICE1;HUMANOID;NO_RACE;NO_CLASS;BELHIFET;BDVOICE1;BDVOICE1;1;NIETHER;NIETHER;NEUTRAL;;;;;;;;;MAGE01;IMOENHP1;;;;;0;bg1;Voice from the Icon
BDWAIZAH;HUMANOID;GNOME;FIGHTER;THIEF_FEMALE_GNOME;BDWAIZAH;BDWAIZAH;7;FEMALE;MALE;NEUTRAL;RR#PICKP;BDASC2;BDSHOUT;BDTHIE01;;;;;;;DAGG05;DAGG01;;;420;bg1;Waizahb
BDWARMA1;HUMANOID;HUMAN;FIGHTER_MAGE;FIGHTER_FEMALE_HUMAN;BDWARMA1;BDWARMAG;9;FEMALE;FEMALE;NEUTRAL;BDWARMAG;BDASC;BDSHOUT;BDFMAG20;;HELM13;;;;;BOW02;SW1H05;DART03;;5000;bg1;Waterdhavian Warmage
BDWARMA2;HUMANOID;HUMAN;FIGHTER_MAGE;FIGHTER_MALE_HUMAN;BDWARMA2;BDWARMAG;9;MALE;MALE;NEUTRAL;BDWARMAG;BDASC;BDSHOUT;BDFMAG21;;HELM13;;;;;BOW02;SW1H05;DART03;;5000;bg1;Waterdhavian Warmage
BDWARMA3;HUMANOID;HUMAN;FIGHTER_MAGE;FIGHTER_MALE_HUMAN;BDWARMA3;BDWARMAG;9;MALE;MALE;NEUTRAL;BDWARMAG;BDASC;BDSHOUT;BDFMAG22;;HELM13;;;;;BOW02;SW1H05;DART03;;5000;bg1;Waterdhavian Warmage
BDWAVE11;GIANTHUMANOID;TROLL;TROLL;TROLL;BDWAVE1;BDWAVE11;8;MALE;MALE;ENEMY;;BDBWAVE;BDSHOUT;WTATROLL;;;;TROLLREG;TROLLIMM;MONHP1;TROLL01;;;;1400;bg1;Troll
BDWAVE12;HUMANOID;ORC;FIGHTER;ORC_MELEE;BDWAVE1;;7;MALE;MALE;ENEMY;;BDBWAVE;BDSHOUT;BDFIGH01;;;;;;;AX1H01;;;;420;bg1;Orc Crusader
BDWAVE13;GIANTHUMANOID;OGRE;FIGHTER;OGRE;BDWAVE1;;8;NIETHER;MALE;ENEMY;;BDBWAVE;BDSHOUT;BDFIGH01;;HELMNOAN;;;;;BLUN06;;;;1400;bg1;Ogre Crusader
BDWAVE14;HUMANOID;HUMAN;FIGHTER;FIGHTER_MALE_HUMAN;BDWAVE1;;7;MALE;MALE;ENEMY;;BDBWAVE;BDSHOUT;BDFIGH01;;BDHELM03;SHLD01;;;;AX1H01;AX1H04;;;420;bg1;Mercenary
BDWAVE15;HUMANOID;HALFORC;FIGHTER;FIGHTER_FEMALE_HALFORC;BDWAVE1;;7;FEMALE;FEMALE;ENEMY;;BDBWAVE;BDSHOUT;BDFIGH01;;;;;;;SW2H01;;;;420;bg1;Barbarian
BDWAVE16;GIANTHUMANOID;OGRE;FIGHTER_MAGE;OGRE_MAGE;BDWAVE16;;7;NIETHER;MALE;ENEMY;;BDBWAVE;BDSHOUT;BDFMAG01;;HELMNOAN;;;;;SW1H43;;;;1400;bg1;Ogre Mage
BDWAVE21;HUMANOID;GNOME;MAGE;MAGE_MALE_GNOME;BDWAVE2;;11;MALE;MALE;ENEMY;;BDBWAVE;BDSHOUT;BDMAGE01;;;;;;;DAGG01;DART04;;;3000;bg1;Crusader Mage
BDWAVE22;HUMANOID;HUMAN;CLERIC_MAGE;CLERIC_MALE_HUMAN;BDWAVE2;;3;MALE;MALE;ENEMY;;BDBWAVE;BDSHOUT;BDCLMA01;;;SHLD01;;;;BLUN05;SLNG01;;;2000;bg1;Crusader Mage
BDWAVE23;HUMANOID;HALF_ELF;CLERIC_MAGE;MAGE_FEMALE_ELF;BDWAVE2;;7;FEMALE;FEMALE;ENEMY;;BDBWAVE;BDSHOUT;BDCLMA01;;;;;;;STAF02;;;;3000;bg1;Crusader Mage
BDWAVE24;HUMANOID;ELF;BARD;THIEF_MALE_ELF;BDWAVE2;;11;MALE;MALE;ENEMY;;BDBWAVE;BDSHOUT;BDBARD01;;;;;;;SW1H05;;;;3000;bg1;Crusader Mage
BDWAVE25;HUMANOID;ELF;MAGE;MAGE_MALE_ELF;BDWAVE2;;10;MALE;MALE;ENEMY;;BDBWAVE;BDSHOUT;BDMAGE01;;;;;;;STAF01;DART03;;;3000;bg1;Crusader Mage
BDWAVE26;HUMANOID;HUMAN;FIGHTER_MAGE;MAGE_FEMALE_HUMAN;BDWAVE2;;3;FEMALE;FEMALE;ENEMY;;BDBWAVE;BDSHOUT;BDFMAG01;;;SHLD02;;;;SW1H08;DART04;;;2000;bg1;Crusader Mage
BDWAVE27;HUMANOID;HUMAN;MAGE;MAGE_MALE_HUMAN;BDWAVE27;;10;MALE;MALE;ENEMY;;BDBWAVE;BDSHOUT;BDMAGE01;;;;;;;STAF02;;;;2000;bg1;Crusader Mage
BDWAVE28;HUMANOID;HUMAN;MAGE_THIEF;THIEF_FEMALE_HUMAN;BDWAVE27;;9;FEMALE;FEMALE;ENEMY;;BDBWAVE;BDSHOUT;BDMAGT01;;;;;;;SW1H08;DART03;;;2000;bg1;Crusader Mage
BDWAVE31;HUMANOID;DWARF;FIGHTER;FIGHTER_MALE_DWARF;BDWAVE3;;7;MALE;MALE;ENEMY;;BDBWAVE;BDSHOUT;BDFIGH01;;HELM01;SHLD05;;;;AX1H01;;;;420;bg1;Crusader Elite
BDWAVE32;HUMANOID;HUMAN;PALADIN;FIGHTER_MALE_HUMAN;BDWAVE3;;7;MALE;MALE;ENEMY;;BDBWAVE;BDSHOUT;BDPAL01;;HELM01;SHLD05;;;;SW1H04;;;;420;bg1;Crusader Cavalier
BDWAVE33;HUMANOID;HUMAN;PALADIN;FIGHTER_FEMALE_HUMAN;BDWAVE3;;7;FEMALE;FEMALE;ENEMY;;BDBWAVE;BDSHOUT;BDPAL01;;HELM01;SHLD05;;;;BLUN04;;;;420;bg1;Crusader Cavalier
BDWAVE34;HUMANOID;HUMAN;CLERIC;CLERIC_FEMALE_HUMAN;BDWAVE3;;8;FEMALE;FEMALE;ENEMY;;BDBWAVE;BDSHOUT;BDCLER01;;HELM01;SHLD03;;;;BLUN04;;;;975;bg1;Crusader Cleric
BDWAVE35;HUMANOID;DWARF;FIGHTER;FIGHTER_MALE_DWARF;BDWAVE3;;7;MALE;MALE;ENEMY;;BDBWAVE;BDSHOUT;BDFIGH01;;HELM01;SHLD05;;;;HAMM01;;;;420;bg1;Crusader Elite
BDWAVE36;HUMANOID;HUMAN;FIGHTER_CLERIC;CLERIC_MALE_HUMAN;BDWAVE36;;7;MALE;MALE;ENEMY;;BDBWAVE;BDSHOUT;BDFCLE01;;HELM01;SHLD06;;;;BLUN05;;;;3000;bg1;Crusader Warpriest
BDWAVE41;HUMANOID;ELF;FIGHTER_MAGE;FIGHTER_FEMALE_ELF;BDWAVE4;;8;FEMALE;FEMALE;ENEMY;;BDBWAVE;BDSHOUT;BDFMAG01;;;;;;;SW1H05;BOW04;;;1400;bg1;Lannac
BDWAVE42;HUMANOID;HOBGOBLIN;FIGHTER_MAGE;HOBGOBLIN;BDWAVE4;;9;MALE;MALE;ENEMY;;BDBWAVE;BDSHOUT;BDFIGH01;;HELM01;;;;;BOW02;SW1H07;;;975;bg1;Kegleg
BDWAVE43;HUMANOID;ORC;DRUID;ORC_SHAMAN;BDWAVE4;;9;MALE;MALE;ENEMY;;BDBWAVE;BDSHOUT;BDDRUI01;;;;;;;STAF01;SLNG02;;;2000;bg1;Piercer of Boils
BDWAVE44;HUMANOID;ELF;MAGE;MAGE_MALE_ELF;BDWAVE4;;9;MALE;MALE;ENEMY;;BDBWAVE;BDSHOUT;BDMAGE01;;;;;;;STAF01;DART10;;;2000;bg1;Orleth Blackfinger
BDWAVE45;HUMANOID;HALFORC;FIGHTER;FIGHTER_MALE_HALFORC;BDWAVE4;;9;MALE;MALE;ENEMY;;BDBWAVE;BDSHOUT;BDFIGH01;;HELM01;;;;;SW2H02;;;;975;bg1;Bird-Dog
BDWAVE46;HUMANOID;HALFLING;FIGHTER_THIEF;THIEF_MALE_HALFLING;BDWAVE4;;8;MALE;MALE;ENEMY;;BDBWAVE;BDSHOUT;BDFTHI01;;HELM01;;;;;SW1H08;BOW05;;;975;bg1;Swift Rabbit
BDWAVE47;HUMANOID;HUMAN;PALADIN;CLERIC_FEMALE_HUMAN;BDWAVE4;;9;FEMALE;FEMALE;ENEMY;;BDBWAVE;BDSHOUT;BDPAL01;;HELM01;SHLD04;;;;SW1H05;;;;975;bg1;Turalynn
BDWAVE50;HUMANOID;HUMAN;FIGHTER;FIGHTER_MALE_HUMAN;BDWAVE5;;7;MALE;MALE;ENEMY;;BDBWAVE;BDSHOUT;BDFIGH01;;HELM01;;;;;HALB01;;;;420;bg1;Crusader
BDWAVE51;HUMANOID;DWARF;FIGHTER;FIGHTER_MALE_DWARF;BDWAVE5;;7;MALE;MALE;ENEMY;;BDBWAVE;BDSHOUT;BDFIGH01;;HELM01;SHLD13;;;;AX1H01;AX1H04;;;420;bg1;Crusader
BDWAVE52;HUMANOID;HUMAN;FIGHTER;FIGHTER_FEMALE_HUMAN;BDWAVE5;;7;FEMALE;FEMALE;ENEMY;;BDBWAVE;BDSHOUT;BDFIGH01;;HELM01;SHLD11;;;;SW1H04;;;;420;bg1;Crusader
BDWAVE53;HUMANOID;HOBGOBLIN;FIGHTER;HOBGOBLIN;BDWAVE5;;7;MALE;MALE;ENEMY;;BDBWAVE;BDSHOUT;BDFIGH01;;HELM01;;;;;BOW03;SW1H07;;;420;bg1;Crusader
BDWAVE54;HUMANOID;HALFLING;FIGHTER;FIGHTER_FEMALE_HALFLING;BDWAVE5;;7;FEMALE;FEMALE;ENEMY;;BDBWAVE;BDSHOUT;BDFIGH01;;HELM01;;;;;SLNG01;DAGG01;;;420;bg1;Crusader
BDWE1STR;MONSTER;ELEMENTAL;NO_CLASS;ELEMENTAL_WATER;BDWE1STR;NONE;10;NIETHER;MALE;NEUTRAL;BDWE1STR;NONE;NONE;NONE;dw1melmo;;;IMMUNE1;WALLPASS;;B4-32;;;;5000;bg1;Water Elemental
BDWE2STR;MONSTER;ELEMENTAL;NO_CLASS;ELEMENTAL_WATER;NONE;NONE;10;NIETHER;MALE;CONTROLLED;NONE;NONE;NONE;NONE;dw1melmo;;;IMMUNE1;WALLPASS;;B4-32;;;;0;bg1;Water Elemental
BDWELEDG;GIANTHUMANOID;ELEMENTAL;ELEMENTAL_WATER;ELEMENTAL_WATER;BDWELEDG;;16;SUMMONED;MALE;ENEMY;;BDDSC;;;dw1melge;;;IMMUNE2;;;BDWATERE;;;;10000;bg1;Greater Water Elemental
BDWELEDS;GIANTHUMANOID;ELEMENTAL;ELEMENTAL_WATER;ELEMENTAL_WATER;BDWELEDS;;12;SUMMONED;MALE;ENEMY;;BDDSC;;;dw1melge;;;IMMUNE2;;;BDWATERE;;;;6000;bg1;Water Elemental
BDWELEMS;GIANTHUMANOID;ELEMENTAL;ELEMENTAL_WATER;ELEMENTAL_WATER;BDWELEMS;;8;SUMMONED;MALE;CONTROLLED;;;;;BDSUM00;;;IMMUNE1;;;S1-12M2;;;;0;bg1;Lesser Water Elemental
BDWELL01;MONSTER;RABBIT;CLERIC;RABBIT;BDWELL01;BDWELL01;10;MALE;MALE;GOODBUTBLUE;;;;;;;;OHRRING2;;;;;;;0;bg1;Old Well
BDWELL02;GIANTHUMANOID;ELEMENTAL;ELEMENTAL_WATER;ELEMENTAL_WATER;BDWELL02;BDWELL02;12;NIETHER;MALE;NEUTRAL;;SHOUTDL2;;;dw1melge;;;IMMUNE2;;;BDWATERE;;;;3000;bg1;Well Spirit
BDWIGHDD;UNDEAD;GHOUL;WIGHT;WIGHT_YELLOW;BDWIGHDD;;5;NIETHER;MALE;ENEMY;;BDENSHTV;BDWIGHT2;;BDFIG00;;;RING95;IMMUNE1;;BDWIGHT;;;;1200;bg1;Imbued Wight
BDWIGHT;UNDEAD;GHOUL;WIGHT;WIGHT_GRAY;BDWIGHT;;4;NIETHER;MALE;ENEMY;;BDENSHTV;;;BDFIG00;;;IMMUNE1;RING95;BDAMUL09;BDWIGHT;;;;1000;bg1;Wight
BDWIGHT1;UNDEAD;GHOUL;WIGHT;WIGHT_GRAY;BDWIGHT1;;4;NIETHER;MALE;ENEMY;;BDENSHTV;;;BDFIG00;;;IMMUNE1;RING95;;BDWIGHT;;;;1000;bg1;Wight
BDWIGHT2;UNDEAD;GHOUL;WIGHT;WIGHT_YELLOW;BDWIGHT2;;5;NIETHER;MALE;ENEMY;;BDENSHTV;BDWIGHT2;;BDFIG00;;;RING95;IMMUNE1;;BDWIGHT;;;;1200;bg1;Imbued Wight
BDWIGHT3;UNDEAD;GHOUL;WIGHT;WIGHT_GREEN;BDWIGHT3;;6;NIETHER;MALE;ENEMY;;BDENSHTV;;;BDFIG00;;;RING95;IMMUNE1;;BDWIGHT3;;;;1400;bg1;Cold Wight
BDWIGHTJ;UNDEAD;GHOUL;WIGHT;WIGHT_GRAY;BDWIGHT;;5;NIETHER;MALE;ENEMY;;;;;dw1melge;;;RING95;;;BDWIGHT;;;;500;bg1;Wight
BDWILCH;HUMANOID;HUMAN;FIGHTER;FIGHTER_MALE_HUMAN;BDWILCH;BDWILCH;8;MALE;MALE;NEUTRAL;BDCOASEN;BDASC2;BDSHOUT;BDFIGH01;;HELM15;SHLD04;;;;SW1H02;;;;975;bg1;Sergeant Wilch
BDWILHEL;HUMANOID;GNOME;INNOCENT;THIEF_FEMALE_GNOME;BDWILHEL;BDWILHEL;7;FEMALE;MALE;NEUTRAL;BDWILHEL;BDASC2;RUNENEMY;;;;;;;;DAGG01;;;;420;bg1;Wilhelmina
BDWILHM;HUMANOID;HUMAN;MONK;MONK_MALE_HUMAN;BDWILHM;BDWILHM;8;MALE;MALE;NEUTRAL;RR#PICKP;BDCRUS10;BDSHOUT;BDMONK01;NONE;;;;;MINHP1;MFIST3;;;;650;bg1;Crusader Guard
BDWISP01;MONSTER;WILL-O-WISP;MIST;WILL_O_WISP;BDWISP01;;9;NIETHER;MALE;ENEMY;;;;;dw1melmo;HELMNOAN;;;;;BDWISP01;;;;2000;bg1;Will O'Wisp
BDWISTAK;MONSTER;SPIDER;SPIDER_GIANT;SPIDER_GIANT;BDWISTAK;;4;NIETHER;MALE;NEUTRAL;bdcaper;None;;None;dw1melmo;;;;;ANTIWEB;SPIDGI1;;;;450;bg1;Wistak
BDWOLF;ANIMAL;WOLF;WOLF;WOLF;BDWOLF;;3;MALE;MALE;ENEMY;;;WOLF;;dw1melmo;;;;;;P1-6;;;;65;bg1;Wolf
BDWOLF02;ANIMAL;WOLF;HUNTER_CREATURE;WOLF;BDWOLF02;;3;MALE;MALE;NEUTRAL;;BDGRSHTV;HUNTER;BDANIMN;BDNONIN;;;;;;P1-4;;;;65;bg1;Wolf
BDWOLFDI;ANIMAL;WOLF;WOLF_DIRE;WOLF_DIRE;BDWOLFDI;;5;MALE;MALE;ENEMY;;;DIREWOLF;;dw1melmo;;;;;;P2-8;;;;175;bg1;Dire Wolf
BDWOLFDR;UNDEAD;WOLF;WOLF_DREAD;WOLF_DREAD;BDWOLFDR;;5;MALE;MALE;ENEMY;;BDENSHTV;;;BDFIG00;;;BDWOLFD1;TROLLIMM;;BDWOLFDR;;;;420;bg1;Dread Wolf
BDWOLFVA;UNDEAD;WOLF;WOLF_VAMPIRIC;WOLF_VAMPIRIC;BDWOLFVA;;6;MALE;MALE;ENEMY;;BDENSHTV;;;BDNONIN;;;IMMUNE1;RING95;;BDWOLFVA;;;;2000;bg1;Vampiric Wolf
BDWOMBAT;ANIMAL;STAFF;DOPPLEGANGER;GROUNDHOG;BDWOMBAT;;28;MALE;MALE;NEUTRAL;;;;;;;;MAGE01;INVULNER;;;;;;0;bg1;*squeak*
BDWORG;ANIMAL;WOLF;WOLF_WORG;WORG;BDWORG;;3;MALE;MALE;ENEMY;;BDENSHTV;;;BDNONIN;;;;;;P2-8;;;;120;bg1;Worg
BDWORIS;UNDEAD;SPECTRE;PALADIN;FIGHTER_MALE_HUMAN;BDWORIS;BDWORIS;10;MALE;MALE;NEUTRAL;;;SHOUT;BDWORIS;;BDHELMGH;;BDRINGGH;;;BDSW2HGH;;;;4000;bg1;Woris
BDWRAI01;UNDEAD;WRAITH;WRAITH;SHADOW;BDWRAI01;NONE;6;MALE;MALE;ENEMY;NONE;NONE;NONE;NONE;dw1melge;;;IMMUNE1;RING95;;WRAITH1;;;;2000;bg1;Wraith
BDWRAI02;UNDEAD;WRAITH;WRAITH;SHADOW;BDWRAI02;;6;MALE;MALE;ENEMY;;BDENSHTV;;;BDFIG00;;;IMMUNE1;RING95;MAGE01;WRAITH1;;;;2000;bg1;Wraith
BDWRAIT1;UNDEAD;WRAITH;WRAITH;SHADOW;BDWRAI01;;6;MALE;MALE;ENEMY;;;;;dw1melge;;;IMMUNE1;RING95;;WRAITH1;;;;1400;bg1;Wraith
BDWRAT;MONSTER;LYCANTHROPE;WEREWOLF;RAT_OUTSIDE;bdwrat;BDWRAT;7;MALE;MALE;EVILBUTBLUE;None;;None;None;dw1melge;;;IMMUNE1;;;S1-12;;;;420;bg1;Wererat
BDWTR30;HUMANOID;HUMAN;FIGHTER;FIGHTER_MALE_HUMAN;BDWTR30;BDCOAL;7;MALE;MALE;NEUTRAL;BDADS4;BDASC;BDSHOUT;bdfigh10;;HELM13;;;;;HALB01;;;;420;bg1;Waterdhavian Soldier
BDWTR31;HUMANOID;HUMAN;FIGHTER;FIGHTER_MALE_HUMAN;BDWTR31;BDCOAL;7;MALE;MALE;NEUTRAL;BDADS4;BDASC;BDSHOUT;bdfigh10;;HELM13;;;;;BOW03;SW1H07;;;420;bg1;Waterdhavian Soldier
BDWTR32;HUMANOID;HUMAN;FIGHTER;FIGHTER_MALE_HUMAN;BDWTR32;BDCOAL;7;MALE;MALE;NEUTRAL;BDADS4;BDASC;BDSHOUT;bdfigh10;;HELM13;SHLD05;;;;SW1H04;;;;420;bg1;Waterdhavian Soldier
BDWTR35;HUMANOID;HUMAN;FIGHTER;FIGHTER_MALE_HUMAN;BDWTR35;BDCOAL;7;MALE;MALE;NEUTRAL;BDADS1;BDASC;BDSHOUT;bdfigh10;;HELM13;;;;;HALB01;;;;420;bg1;Waterdhavian Soldier
BDWTR36;HUMANOID;DWARF;FIGHTER;FIGHTER_MALE_DWARF;BDWTR36;BDCOAL;7;MALE;MALE;NEUTRAL;BDADS1;BDASC;BDSHOUT;bdfigh10;;HELM13;;;;;XBOW01;DAGG01;;;420;bg1;Waterdhavian Soldier
BDWTR37;HUMANOID;HUMAN;FIGHTER;FIGHTER_FEMALE_HUMAN;BDWTR37;BDCOAL;7;FEMALE;FEMALE;NEUTRAL;BDADS1;BDASC;BDSHOUT;bdfigh10;;HELM13;SHLD05;;;;SW1H04;;;;420;bg1;Waterdhavian Soldier
BDWTR38;HUMANOID;ELF;FIGHTER;FIGHTER_MALE_ELF;BDWTR38;BDCOAL;7;MALE;MALE;NEUTRAL;BDADS1;BDASC;BDSHOUT;bdfigh10;;HELM13;;;;;BOW03;SW1H07;;;420;bg1;Waterdhavian Soldier
BDWTR39;HUMANOID;ELF;FIGHTER;FIGHTER_FEMALE_ELF;BDWTR39;BDCOAL;7;FEMALE;FEMALE;NEUTRAL;BDADS1;BDASC;BDSHOUT;bdfigh10;;HELM13;SHLD03A;;;;SW1H04;;;;420;bg1;Waterdhavian Soldier
BDWTR40;HUMANOID;HUMAN;FIGHTER;FIGHTER_FEMALE_HUMAN;BDWTR40;BDWTR;7;FEMALE;MALE;NEUTRAL;RR#PICKP;BDASC2;BDSHOUT;BDFIGH01;;HELM13;;;;;HALB01;;;;650;bg1;Waterdhavian Soldier
BDWTR41;HUMANOID;HUMAN;FIGHTER;FIGHTER_FEMALE_HUMAN;BDWTR41;BDWTR;7;FEMALE;MALE;NEUTRAL;RR#PICKP;BDASC2;BDSHOUT;BDFIGH01;;HELM13;;;;;HALB01;;;;650;bg1;Waterdhavian Soldier
BDWTR42;HUMANOID;HUMAN;FIGHTER;FIGHTER_FEMALE_HUMAN;BDWTR42;BDWTR;7;FEMALE;MALE;NEUTRAL;RR#PICKP;BDASC2;BDSHOUT;BDFIGH01;;HELM13;;;;;HALB01;;;;650;bg1;Waterdhavian Soldier
BDWTR43;HUMANOID;ELF;FIGHTER;FIGHTER_FEMALE_ELF;BDWTR43;BDWTR;7;FEMALE;MALE;NEUTRAL;RR#PICKP;BDASC2;BDSHOUT;BDFIGH01;;HELM13;;;;;SW1H04;;;;650;bg1;Waterdhavian Soldier
BDWTR44;HUMANOID;ELF;FIGHTER;FIGHTER_FEMALE_ELF;BDWTR44;BDWTR;7;FEMALE;MALE;NEUTRAL;RR#PICKP;BDASC2;BDSHOUT;BDFIGH01;;HELM13;;;;;BOW03;;;;650;bg1;Waterdhavian Soldier
BDWTR45;HUMANOID;DWARF;FIGHTER;FIGHTER_FEMALE_DWARF;BDWTR45;BDWTR;7;FEMALE;MALE;NEUTRAL;RR#PICKP;BDASC2;BDSHOUT;BDFIGH01;;HELM13;;;;;HALB01;;;;650;bg1;Waterdhavian Soldier
BDWTR46;HUMANOID;DWARF;FIGHTER;FIGHTER_FEMALE_DWARF;BDWTR46;BDWTR;7;FEMALE;MALE;NEUTRAL;RR#PICKP;BDASC2;BDSHOUT;BDFIGH01;;HELM13;;;;;HAMM01;;;;650;bg1;Waterdhavian Soldier
BDWTR47;HUMANOID;HUMAN;MONK;MONK_FEMALE_HUMAN;BDWTR47;BDWTR;7;FEMALE;MALE;NEUTRAL;BDWTR47;BDASC2;BDSHOUT;BDFIGH01;;;;;;;;;;;650;bg1;Messenger
BDWTR48A;HUMANOID;HUMAN;FIGHTER;FIGHTER_FEMALE_HUMAN;BDWTR48A;BDWTR;7;FEMALE;MALE;NEUTRAL;BDASC2;BDWTR48;BDSHOUT;BDFIGH01;;HELM13;;;;;HALB01;;;;650;bg1;Waterdhavian Soldier
BDWTR48B;HUMANOID;DWARF;FIGHTER;FIGHTER_FEMALE_DWARF;BDWTR48B;BDWTR;7;FEMALE;MALE;NEUTRAL;BDASC2;BDWTR48;BDSHOUT;BDFIGH01;;HELM13;;;;;HALB01;;;;650;bg1;Waterdhavian Soldier
BDWTR48C;HUMANOID;HUMAN;FIGHTER;FIGHTER_MALE_HUMAN;BDWTR48C;BDWTR;7;MALE;MALE;NEUTRAL;BDASC2;BDWTR48;BDSHOUT;BDFIGH01;;HELM13;;;;;HALB01;;;;650;bg1;Waterdhavian Soldier
BDWTR49;HUMANOID;ELF;FIGHTER;FIGHTER_FEMALE_ELF;BDWTR49;BDWTR;7;FEMALE;MALE;NEUTRAL;BDASC2;BDDAGF49;BDSHOUT;BDFIGH01;;HELM13;;;;;SW1H04;;;;650;bg1;Waterdhavian Soldier
BDWTR50;HUMANOID;HUMAN;FIGHTER;FIGHTER_MALE_HUMAN;BDWTR50;BDWTR;7;MALE;MALE;NEUTRAL;RR#PICKP;BDASC2;BDSHOUT;BDFIGH01;;HELM13;;;;;HALB01;;;;650;bg1;Waterdhavian Soldier
BDWTR51;HUMANOID;HUMAN;FIGHTER;FIGHTER_MALE_HUMAN;BDWTR51;BDWTR;7;MALE;MALE;NEUTRAL;RR#PICKP;BDASC2;BDSHOUT;BDFIGH01;;HELM13;;;;;HALB01;;;;650;bg1;Waterdhavian Soldier
BDWTR52;HUMANOID;HUMAN;FIGHTER;FIGHTER_MALE_HUMAN;BDWTR52;BDWTR;7;MALE;MALE;NEUTRAL;RR#PICKP;BDASC2;BDSHOUT;BDFIGH01;;HELM13;;;;;HALB01;;;;650;bg1;Waterdhavian Soldier
BDWTR53;HUMANOID;ELF;FIGHTER;FIGHTER_MALE_ELF;BDWTR53;BDWTR;7;MALE;MALE;NEUTRAL;RR#PICKP;BDASC2;BDSHOUT;BDFIGH01;;HELM13;;;;;BOW03;;;;650;bg1;Waterdhavian Soldier
BDWTR54;HUMANOID;ELF;FIGHTER;FIGHTER_MALE_ELF;BDWTR54;BDWTR;7;MALE;MALE;NEUTRAL;RR#PICKP;BDASC2;BDSHOUT;BDFIGH01;;HELM13;;;;;SW1H04;;;;650;bg1;Waterdhavian Soldier
BDWTR55;HUMANOID;DWARF;FIGHTER;FIGHTER_MALE_DWARF;BDWTR55;BDWTR;7;MALE;MALE;NEUTRAL;RR#PICKP;BDASC2;BDSHOUT;BDFIGH01;;HELM13;;;;;HAMM01;;;;650;bg1;Waterdhavian Soldier
BDWTR56;HUMANOID;DWARF;FIGHTER;FIGHTER_MALE_DWARF;BDWTR56;BDWTR;7;MALE;MALE;NEUTRAL;RR#PICKP;BDASC2;BDSHOUT;BDFIGH01;;HELM13;;;;;HAMM01;;;;650;bg1;Waterdhavian Soldier
BDWTR57;HUMANOID;HUMAN;MONK;MONK_MALE_HUMAN;BDWTR57;BDWTR;7;MALE;MALE;NEUTRAL;BDWTR47;BDASC2;BDSHOUT;BDFIGH01;;;;;;;;;;;650;bg1;Messenger
BDWTR58A;HUMANOID;ELF;FIGHTER;FIGHTER_FEMALE_ELF;BDWTR58A;BDWTR;7;FEMALE;MALE;NEUTRAL;BDASC2;BDWTR58;BDSHOUT;BDFIGH01;;HELM13;;;;;HALB01;;;;650;bg1;Waterdhavian Soldier
BDWTR58B;HUMANOID;HUMAN;FIGHTER;FIGHTER_MALE_HUMAN;BDWTR58B;BDWTR;7;MALE;MALE;NEUTRAL;BDASC2;BDWTR58;BDSHOUT;BDFIGH01;;HELM13;;;;;HALB01;;;;650;bg1;Waterdhavian Soldier
BDWTR58C;HUMANOID;HUMAN;FIGHTER;FIGHTER_MALE_HUMAN;BDWTR58C;BDWTR;7;MALE;MALE;NEUTRAL;BDASC2;BDWTR58;BDSHOUT;BDFIGH01;;HELM13;;;;;HALB01;;;;650;bg1;Waterdhavian Soldier
BDWTR59;HUMANOID;HUMAN;FIGHTER;FIGHTER_MALE_HUMAN;BDWTR59;BDWTR;7;MALE;MALE;NEUTRAL;BDASC2;;BDSHOUT;BDFIGH01;;HELM13;;;;;HALB01;;;;650;bg1;Waterdhavian Soldier
BDWTR61;HUMANOID;ELF;FIGHTER_MAGE;MAGE_FEMALE_ELF;BDWTR61;BDWTR;9;FEMALE;FEMALE;NEUTRAL;BDASC2;;BDSHOUT;BDFMAG01;;;;;;;BOW02;SW1H05;DART03;;5000;bg1;Waterdhavian Warmage
BDWTR62;HUMANOID;HUMAN;FIGHTER;FIGHTER_MALE_HUMAN;BDWTR62;BDWTR62;7;MALE;MALE;NEUTRAL;BDWTR62;;BDSHOUT;BDFIGH01;;HELM13;;;;;HALB01;;;;650;bg1;Waterdhavian Soldier
BDWTR80;HUMANOID;HUMAN;FIGHTER;FIGHTER_MALE_HUMAN;BDWTR80;BDWTR80;7;MALE;MALE;NEUTRAL;RR#PICKP;;BDSHOUT;BDFIGH01;;HELM13;;;;;HALB01;;;;650;bg1;Waterdhavian Soldier
BDWTR81;HUMANOID;DWARF;FIGHTER;FIGHTER_MALE_DWARF;BDWTR81;BDWTR80;7;MALE;MALE;NEUTRAL;RR#PICKP;;BDSHOUT;BDFIGH01;;HELM13;SHLD01;;;;HAMM01;;;;650;bg1;Waterdhavian Soldier
BDWTR82;HUMANOID;ELF;FIGHTER;FIGHTER_FEMALE_ELF;BDWTR82;BDWTR80;7;FEMALE;MALE;NEUTRAL;RR#PICKP;;BDSHOUT;BDFIGH01;;HELM13;SHLD03A;;;;SW1H04;;;;650;bg1;Waterdhavian Soldier
BDWTR83;HUMANOID;ELF;FIGHTER;FIGHTER_MALE_ELF;BDWTR83;BDWTR80;7;MALE;MALE;NEUTRAL;RR#PICKP;;BDSHOUT;BDFIGH01;;HELM13;;;;;BOW03;SW1H07;;;650;bg1;Waterdhavian Soldier
BDWTR90;HUMANOID;HUMAN;CLERIC;FIGHTER_MALE_HUMAN;BDWTR90;BDWTR;7;MALE;MALE;NEUTRAL;RR#PICKP;BDASC2;BDSHOUT;BDFIGH01;BDWTR90;HELM13;;;;;BLUN04;;;;650;bg1;Waterdhavian Soldier
BDWTR91;HUMANOID;HUMAN;FIGHTER;FIGHTER_MALE_HUMAN;BDWTR91;BDCOAL;7;MALE;MALE;NEUTRAL;RR#PICKP;BDASC2;BDSHOUT;BDFIGH01;BDWTR90;HELM13;SHLD05;;;;SW1H04;;;;650;bg1;Waterdhavian Soldier
BDWTR92;HUMANOID;HUMAN;FIGHTER;FIGHTER_FEMALE_HUMAN;BDWTR92;BDWTR;7;FEMALE;MALE;NEUTRAL;RR#PICKP;BDASC2;BDSHOUT;BDFIGH01;BDWTR90;HELM13;;;;;HALB01;;;;650;bg1;Waterdhavian Soldier
BDWTR93;HUMANOID;ELF;FIGHTER;FIGHTER_FEMALE_ELF;BDWTR93;BDWTR;7;FEMALE;MALE;NEUTRAL;RR#PICKP;BDASC2;BDSHOUT;BDFIGH01;BDWTR90;HELM13;;;;;BOW03;;;;650;bg1;Waterdhavian Soldier
BDWTR94;HUMANOID;DWARF;FIGHTER;FIGHTER_FEMALE_DWARF;BDWTR94;BDWTR;7;FEMALE;MALE;NEUTRAL;RR#PICKP;BDASC2;BDSHOUT;BDFIGH01;BDWTR90;HELM13;;;;;HALB01;;;;650;bg1;Waterdhavian Soldier
BDWTR95;HUMANOID;HUMAN;FIGHTER;FIGHTER_MALE_HUMAN;BDWTR95;BDWTR;7;MALE;MALE;NEUTRAL;RR#PICKP;BDASC2;BDSHOUT;BDFIGH01;BDWTR90;HELM13;;;;;HALB01;;;;650;bg1;Waterdhavian Soldier
BDWTRX3;HUMANOID;HUMAN;FIGHTER;FIGHTER_MALE_HUMAN;BDWTRX3;BDCOAL;8;MALE;MALE;NEUTRAL;BDADS4;BDASC;BDSHOUT;bdfigh10;;HELM13;;;;;HALB02;;;;975;bg1;Waterdhavian Sergeant
BDWTRX35;HUMANOID;HUMAN;FIGHTER;FIGHTER_MALE_HUMAN;BDWTRX35;BDCOAL;8;MALE;MALE;NEUTRAL;BDADS1;BDASC;BDSHOUT;bdfigh10;;HELM13;;;;;HALB02;;;;975;bg1;Waterdhavian Sergeant
BDWTRX36;HUMANOID;HUMAN;FIGHTER;FIGHTER_FEMALE_HUMAN;BDWTRX36;BDCOAL;8;FEMALE;FEMALE;NEUTRAL;BDADS1;BDASC;BDSHOUT;bdfigh10;;HELM13;;;;;XBOW02;DAGG01;;;975;bg1;Waterdhavian Sergeant
BDWTRX37;HUMANOID;DWARF;FIGHTER;FIGHTER_MALE_DWARF;BDWTRX37;BDCOAL;8;MALE;MALE;NEUTRAL;BDADS1;BDASC;BDSHOUT;bdfigh10;;HELM13;SHLD05;;;;AX1H02;;;;975;bg1;Waterdhavian Sergeant
BDWYNAN;HUMANOID;HUMAN;MAGE;MAGE_MALE_HUMAN;BDWYNAN;BDWYNAN;10;MALE;MALE;NEUTRAL;BDWYNAN;BDFORT;BDSHOUT;BDMAGE01;NONE;;;;;;STAF01;;;;2000;bg1;Wynan Hess
BDWYRML1;MONSTER;WYVERN;WYVERN;WYRMLING_ALBINO;BDWYRML1;;7;NIETHER;MALE;ENEMY;;;BDWYRMLI;;;;S1-8;;;;BDWYRMLI;;;;1400;bg1;Blind Albino Wyrmling
BDWYRMLI;MONSTER;WYVERN;WYVERN;WYRMLING_ALBINO;BDWYRMLI;;7;NIETHER;MALE;ENEMY;;;BDWYRMLI;;;;S1-8;;;;BDWYRMLI;;;;1400;bg1;Blind Albino Wyrmling
BDWYVR01;MONSTER;WYVERN;WYVERN;WYVERN_BIG;BDWYVR01;;7;FEMALE;FEMALE;ENEMY;;BDENSHTV;;;BDNONIN;;;RING97;;;BDWYV01;;;;1400;bg1;Wyvern
BDWYVR02;MONSTER;WYVERN;WYVERN;WYVERN;BDWYVR02;;5;FEMALE;FEMALE;ENEMY;;BDENSHTV;;;BDNONIN;;;RING97;;;BDWYV02;;;;450;bg1;Baby Wyvern
BDWYVR03;MONSTER;WYVERN;WYVERN;WYVERN_BIG;BDWYVR03;;11;FEMALE;FEMALE;ENEMY;BDWYVR03;BDENSHTV;;;BDNONIN;;;RING97;;;BDWYV03;;;;2000;bg1;Greater Wyvern
BDXERRA;HUMANOID;HUMAN;FIGHTER;SLEEPING_MAN_HUMAN;BDXERRA;BDXERRA;6;MALE;MALE;NEUTRAL;RR#PICKP;;;;BDREFG;HELM09;SHLD01;;;;SW1H04;;;;175;bg1;Xerra
BDXHOST;MONSTER;DEMONIC;TANARI;GLABREZU;BDXHOST;BDXHOST;13;MALE;MALE;NEUTRAL;BDMISC01;BDXHOST;BDENSHTV;BDGLABRE;BDFIG00;BDMISC1B;;IMMUNE2;RINGDEMN;;BDGLABRE;BDSPECTQ;;;12000;bg1;Xhost
BDXPMTCH;MONSTER;NO_RACE;NO_CLASS;RABBIT;BDXPMTCH;;40;NIETHER;MALE;NEUTRAL;;;;;;;;OHRRING2;;MINHP1;;;;;0;bg1;
BDYAROK;GIANTHUMANOID;OGRE;FIGHTER;OGRE;BDYAROK;BDYAROK;10;NIETHER;MALE;ENEMY;;BDBWAVE;BDSHOUT;BDFIGH01;;HELMNOAN;;;;;BLUN07;;;;2000;bg1;Yarok
BDYASHNA;HUMANOID;HOBGOBLIN;HOBGOBLIN;HOBGOBLIN;BDYASHNA;BDYASHNA;3;MALE;MALE;NEUTRAL;bdcaper;None;;None;dw1range;;;;;;COMPB05;COMPS01;;;95;bg1;Yashna
BDYESTIM;HUMANOID;HUMAN;FIGHTER;SLEEPING_MAN_HUMAN;BDYESTIM;BDYESTIM;6;MALE;MALE;NEUTRAL;RR#PICKP;BDREFG;;;;;;;;;SW1H04;;;;175;bg1;Yestimell
BDYMORI;UNDEAD;GHOUL;GHOUL_GHAST;WIGHT_GRAY;BDYMORI;;5;NIETHER;MALE;ENEMY;;;;;dw1melge;BDYMORI;;RING95;IMMUNE1;;WIGHT;BDSW1H09;;;175;bg1;Wight
BDYSSETH;HUMANOID;ELF;FIGHTER;FIGHTER_MALE_ELF;BDYSSETH;BDYSSETH;14;MALE;MALE;NEUTRAL;RR#PICKP;;BDSHOUT;BDFIGH01;;HELM06;SW1H41;;;;SW1H41;;;;6000;bg1;Ysseth Dareeli
BDZARE;HUMANOID;HUMAN;FIGHTER;FIGHTER_MALE_HUMAN;BDZARE;BDZARE;6;MALE;MALE;NEUTRAL;RR#PICKP;BDDSC2;BDSHOUT;bdfigh10;;;SHLD01;;;;SW1H04;;;;275;bg1;Zare
BDZAVIAK;HUMANOID;ELF;MAGE;MAGE_MALE_ELF;BDZAVIAK;BDZAVIAK;8;MALE;MALE;NEUTRAL;BDZAVIAK;;;;dw#mg25;BDMISC01;;;;;;;;;2500;bg1;Zaviak
BDZELMA;HUMANOID;HALF_ELF;THIEF;THIEF_FEMALE_ELF;BDZELMA;BDZELMA;10;FEMALE;FEMALE;NEUTRAL;INITDLG;BDZELMA;None;None;dw1melth;;;;;;SW1H07;;;;500;bg1;Zelma
BDZERXAS;HUMANOID;HUMAN;FIGHTER;FIGHTER_MALE_HUMAN;BDZERXAS;BDZERXAS;7;MALE;MALE;NEUTRAL;BDFIST60;;BDSHOUT;BDFIGH01;;HELM09;SHLD01;;;;SW1H04;;;;420;bg1;Flaming Fist Mercenary
BDZHADRO;UNDEAD;LICH;MAGE;LICH;BDZHADRO;BDZHADRO;18;MALE;MALE;NEUTRAL;BDMISC01;BDPHSTOP;BDENSHTV;BDLICH01;;BDMISC1B;;RING31;BDLICH;BDZHADRO;LICH02;BDSPECTQ;;;22000;bg1;Zhadroth
BDZIATAR;HUMANOID;HALF_DRAGON;FIGHTER_CLERIC;HALFDRAGON_GREEN;BDZIATAR;BDZIATAR;9;FEMALE;FEMALE;NEUTRAL;BDZIATAR;;BDSHOUT;BDHALFGR;;HELMNOAN;;;;;SW2H02;;;;3000;bg1;Ziatar
BDZIDRA2;HUMANOID;HUMAN;FIGHTER;FIGHTER_FEMALE_HUMAN;BDZIDRA2;BDBTEAM;7;FEMALE;FEMALE;NEUTRAL;BDBTEAM2;BDBCOAL;BDSHOUT;BDFIGH01;;HELM09;;;;;BOW03;SW1H07;;;420;bg1;Zidrand
BDZIDRAN;HUMANOID;HUMAN;FIGHTER;SLEEPING_WOMAN_HUMAN;BDZIDRAN;BDZIDRAN;7;FEMALE;FEMALE;NEUTRAL;RR#PICKP;;;;BDREFG;HELM09;;;;;SW1H07;;;;420;bg1;Zidrand
BDZOMBIE;UNDEAD;ZOMBIE;ZOMBIE_NORMAL;ZOMBIE;NONE;ZOMBIE;2;NIETHER;MALE;NEUTRAL;NONE;NONE;BDSHOUT;BDFIGH01;;;;RING94;;;B1-8;;;;65;bg1;Zombie
BEARBL;ANIMAL;BEAR;BEAR_BLACK;BEAR_BLACK;bearbl;;3;MALE;MALE;NEUTRAL;None;None;BEAR;None;dw1melmo;;;;;;B1-6;;;;175;bg1;Black Bear
BEARBLSU;ANIMAL;BEAR;BEAR_BLACK;BEAR_BLACK;None;;3;SUMMONED;SUMMONED;CONTROLLED;BEAR;None;BDSUM00;None;;;;;;;B1-6;;;;0;bg1;Black Bear
BEARBR;ANIMAL;BEAR;BEAR_BROWN;BEAR_BROWN;bearbr;;5;MALE;MALE;NEUTRAL;None;None;BEAR;None;dw1melmo;;;;;;B1-8;;;;420;bg1;Brown Bear
BEARBRSU;ANIMAL;BEAR;BEAR_BROWN;BEAR_BROWN;None;;5;SUMMONED;SUMMONED;CONTROLLED;BEAR;None;BDSUM00;None;;;;;;;B1-8;;;;0;bg1;Brown Bear
BEARCA;ANIMAL;BEAR;BEAR_CAVE;BEAR_CAVE;bearca;;6;MALE;MALE;ENEMY;None;None;CBEAR;None;dw1melmo;;;;;;B1-10;;;;650;bg1;Cave Bear
BEARCASU;ANIMAL;BEAR;BEAR_CAVE;BEAR_CAVE;None;;6;SUMMONED;MALE;ALLY;;None;;None;DVMELEE;;;;;;BEARCASU;;;;0;bg1;Cave Bear
BEARPO;ANIMAL;BEAR;BEAR_POLAR;BEAR_POLAR;bearpo;;8;MALE;MALE;NEUTRAL;None;None;BEAR;None;dw1melmo;;;;;;B1-12;;;;900;bg1;Polar Bear
BEARPO1;ANIMAL;BEAR;BEAR_POLAR;BEAR_POLAR;JaredPbear;;8;MALE;MALE;ENEMY;None;None;BEAR;None;dw1melmo;;;;;;B1-12;;;;900;bg1;Polar Bear
BEARPO2;ANIMAL;BEAR;BEAR_POLAR;BEAR_POLAR;None;;8;MALE;MALE;NEUTRAL;None;None;BEAR;None;dw1melmo;;;;;;B1-12;;;;900;bg1;Polar Bear
BEARPO3;ANIMAL;BEAR;BEAR_POLAR;BEAR_POLAR;bearpo3;;8;MALE;158;NEUTRAL;None;None;BEAR;None;dw1melmo;;;;;;B1-12;;;;900;bg1;Polar Bear
BEARPOSU;ANIMAL;BEAR;BEAR_POLAR;BEAR_POLAR;None;;8;SUMMONED;MALE;ALLY;;None;;None;DVMELEE;;;;;;BEARPOSU;;;;0;bg1;Polar Bear
BEGBAX_A;HUMANOID;HUMAN;INNOCENT;STATIC_BEGGAR_MAN;None;beggba;1;MALE;MALE;NEUTRAL;dw#innhl;None;None;None;None;;;;;;;;;;15;bg1;Beggar
BEGBAX_B;HUMANOID;HUMAN;INNOCENT;STATIC_BEGGAR_MAN;None;beggba;1;MALE;MALE;NEUTRAL;dw#innhl;None;None;None;None;;;;;;;;;;15;bg1;Beggar
BEGBAX_C;HUMANOID;HUMAN;INNOCENT;STATIC_BEGGAR_MAN;None;beggba;1;MALE;MALE;NEUTRAL;dw#innhl;None;None;None;None;;;;;;;;;;15;bg1;Beggar
BEGBAX_D;HUMANOID;HUMAN;INNOCENT;STATIC_BEGGAR_MAN;None;BEGGBA;1;MALE;MALE;NEUTRAL;dw#innhl;None;None;None;None;;;;;;;;;;15;bg1;Beggar
BEGGBA;HUMANOID;HUMAN;INNOCENT;BEGGAR_MAN;None;beggba;1;MALE;MALE;NEUTRAL;dw#innhl;None;RUNENEMY;None;wdrunsgt;;;;;;;;;;15;bg1;Beggar
BEGGBAX;HUMANOID;HUMAN;INNOCENT;STATIC_BEGGAR_MAN;None;BEGGBA;1;MALE;MALE;NEUTRAL;dw#innhl;None;None;None;None;;;;;;;;;;15;bg1;Beggar
BEGGBA_A;HUMANOID;HUMAN;INNOCENT;BEGGAR_MAN;None;beggba;1;MALE;MALE;NEUTRAL;dw#innhl;None;RUNENEMY;None;wdrunsgt;;;;;;;;;;15;bg1;Beggar
BEGGBA_B;HUMANOID;HUMAN;INNOCENT;BEGGAR_MAN;None;beggba;1;MALE;MALE;NEUTRAL;dw#innhl;None;RUNENEMY;None;wdrunsgt;;;;;;;;;;15;bg1;Beggar
BEGGBA_C;HUMANOID;HUMAN;INNOCENT;BEGGAR_MAN;None;beggba;1;MALE;MALE;NEUTRAL;dw#innhl;None;RUNENEMY;None;wdrunsgt;;;;;;;;;;15;bg1;Beggar
BEGGBA_D;HUMANOID;HUMAN;INNOCENT;BEGGAR_MAN;None;beggba;1;MALE;MALE;NEUTRAL;dw#innhl;None;RUNENEMY;None;wdrunsgt;;;;;;;;;;15;bg1;Beggar
BEGGNA;HUMANOID;HUMAN;INNOCENT;BEGGAR_MAN;None;beggna;1;MALE;MALE;NEUTRAL;dw#innhl;None;RUNENEMY;None;wdrunsgt;;;;;;;;;;15;bg1;Beggar
BEHOLD01;MONSTER;BEHOLDER;BEHOLDER;BEHOLDER;None;;9;NIETHER;MALE;ENEMY;GENSHT01;None;None;BEHOLD01;dw1melge;;;BEHOLDER;;;BEHOLD;;;;14000;bg1;Beholder
BELAND;HUMANOID;HUMAN;TOWN_GUARD;CLERIC_MALE_HUMAN;None;beland;5;MALE;MALE;NEUTRAL;dw#urbhl;FLAM6;priest1;None;dw1melge;;;;;;BLUN04;;;;975;bg1;Be'land
BELDIN;HUMANOID;HUMAN;INNOCENT;SLAVE;Beldin;beldin;1;MALE;MALE;NEUTRAL;dw#innhl;INITDLG;RUNENEMY;None;wtrunsgt;;;;;;;;;;2;bg1;Miner Beldin
BELLAM;HUMANOID;HALFLING;INNOCENT;THIEF_MALE_HALFLING;None;BELLAM;4;MALE;MALE;NEUTRAL;dw#urbhl;bellam;None;None;WDRUNSGT;;;;;;SW1H07;;;;90;bg1;Bellamy
BELT;HUMANOID;HUMAN;FIGHTER;FIGHTER_MALE_HUMAN;Belt;belt;19;MALE;MALE;GOODBUTBLUE;dw#urbhl;BELT;None;None;dw1melge;;SHLD04;RING05;;;SW1H02;;;;6000;bg1;Belt
BENDAL;HUMANOID;HUMAN;INNOCENT;MONK;None;bendal;1;MALE;MALE;NEUTRAL;dw#innhl;INITMAIN;WTRUNSGT;None;None;;;;;;;;;;15;bg1;Bendalis
BENJY;HUMANOID;HUMAN;FIGHTER;CLERIC_MALE_HUMAN;BENJY;benjy;1;MALE;MALE;NEUTRAL;dw#urbhl;dw#shdlg;None;None;dw1melge;;;;;;SW1H04;;;;420;bg1;Benjy
BENTAN;HUMANOID;HUMAN;INNOCENT;CLERIC_MALE_HUMAN_LOW;None;bentan;3;MALE;MALE;NEUTRAL;dw#urbhl;PRIEST2;None;None;dw1melge;;;;;;STAF01;;;;175;bg1;Bentan
BENTHA;HUMANOID;HUMAN;INNOCENT;MAGE_FEMALE_HUMAN;BENTHA;bentha;5;FEMALE;FEMALE;NEUTRAL;RR#PICKP;None;;None;dw#mg0;;;RING16;;;STAF01;;;;650;bg1;Bentha
BENTLY;HUMANOID;GNOME;INNOCENT;MAGE_MALE_GNOME;None;bently;10;MALE;MALE;NEUTRAL;dw#urbhl;x#mag10b;;;dw#mg1;;;;;;DAGG02;;;;2000;bg1;Bentley Mirrorshade
BERRUN;HUMANOID;ELF;INNOCENT;FIGHTER_MALE_ELF;BERRUN;berrun;6;MALE;MALE;NEUTRAL;dw#urbhl;INITDLG;None;;dw1range;;;;;;SPER01;BOW03;;;300;bg1;Berrun Ghastkill
BERSER02;HUMANOID;HUMAN;FIGHTER;FIGHTER_MALE_HUMAN;berser02;None;7;SUMMONED;MALE;CONTROLLED;None;None;None;None;BDSUM00;DHELM01;DSHLD01;BERSERK;;;DAX1H01;;;;0;bg1;Berserk Warrior
BERSER03;HUMANOID;HUMAN;FIGHTER;FIGHTER_MALE_HUMAN;berser03;None;9;SUMMONED;MALE;CONTROLLED;None;None;None;None;BDSUM00;DHELM01;DSHLD01;BERSERK;;;DAX1H01;;;;0;bg1;Berserk Warrior
BERSERSU;HUMANOID;HUMAN;FIGHTER;FIGHTER_MALE_HUMAN;bersersu;None;5;SUMMONED;SUMMONED;CONTROLLED;None;None;None;None;BDSUM00;DHELM01;DSHLD01;BERSERK;;;DAX1H01;;;;0;bg1;Berserk Warrior
BEYN;HUMANOID;HUMAN;MAGE;FIGHTER_MALE_HUMAN;Beyn;None;7;MALE;158;NEUTRAL;RR#PICKP;;None;None;dw#mg26;;;;;;;;;;1800;bg1;Beyn
BHEREN;HUMANOID;ELF;INNOCENT;THIEF_MALE_ELF;bheren;bheren;7;MALE;MALE;NEUTRAL;dw#urbhl;None;None;None;dw1melge;;;;;;SW1H07;;;;600;bg1;Bheren
BHOBGOB;HUMANOID;HOBGOBLIN;HOBGOBLIN;HOBGOBLIN;bhobgob;;1;MALE;MALE;NEUTRAL;dw#prsht;dw#gpsht;BANDIT3;;dw1melge;HELM01;;;;;COMPS01;;;;35;bg1;Hobgoblin
BILL;HUMANOID;HUMAN;FLAMING_FIST;CLERIC_MALE_HUMAN;BILL;bill;1;MALE;MALE;NEUTRAL;dw#urbhl;SEEENEMY;None;None;dw1melge;HELM09;SHLD01;;;;SW1H04;;;;420;bg1;Bill
BILLY;HUMANOID;HUMAN;FIGHTER;FIGHTER_MALE_HUMAN;BILLY;None;6;MALE;MALE;NEUTRAL;dw#gpsht;;None;None;dw1range;;;;;;BOW03;COMPS01;;;300;bg1;Billy
BINKOS;HUMANOID;HUMAN;INNOCENT;PEASANT_MAN;None;binkos;1;MALE;MALE;NEUTRAL;dw#innhl;WDRUNSGT;None;None;None;;;;;;;;;;15;bg1;Binkos
BINKY;HUMANOID;HUMAN;INNOCENT;NOBLE_MAN;BINKY;binky;1;MALE;MALE;NEUTRAL;dw#innhl;initdlg;RUNENEMY;None;WTRUNSGT;;;;;;;;;;15;bg1;Lord Binky the Buffoon
BIP;HUMANOID;HUMAN;INNOCENT;PEASANT_MAN;BIP;bip;0;MALE;MALE;NEUTRAL;brilla;INITDLG;RUNENEMY;None;WTRUNSGT;;;;;;;;;;7;bg1;Servant
BIRD;ANIMAL;NO_RACE;NO_CLASS;BIRD;None;None;1;MALE;MALE;NEUTRAL;None;None;RANDFLY;None;None;;;;;;;;;;0;bg1;Bird
BIRD_IN;ANIMAL;NO_RACE;NO_CLASS;BIRD_INSIDE;None;None;1;MALE;MALE;NEUTRAL;None;None;RANDWALK;None;None;;;;;;;;;;0;bg1;Bird
BIRD_INE;ANIMAL;NO_RACE;NO_CLASS;BIRD_INSIDE;None;None;1;MALE;MALE;NEUTRAL;None;None;;None;None;;;;;;;;;;0;bg1;Bird
BIRD_INN;ANIMAL;NO_RACE;NO_CLASS;BIRD_INSIDE;None;None;1;MALE;MALE;NEUTRAL;None;None;;None;None;;;;;;;;;;0;bg1;Bird
BIRD_INS;ANIMAL;NO_RACE;NO_CLASS;BIRD_INSIDE;None;None;1;MALE;MALE;NEUTRAL;None;None;;None;None;;;;;;;;;;0;bg1;Bird
BIRD_INW;ANIMAL;NO_RACE;NO_CLASS;BIRD_INSIDE;None;None;1;MALE;MALE;NEUTRAL;None;None;;None;None;;;;;;;;;;0;bg1;Bird
BISHOP;HUMANOID;GOLEM;GOLEM_CLAY;CLERIC_MALE_HUMAN_LOW;BISHOP;None;10;MALE;MALE;ENEMY;None;kingdead;dw#ches3;PRIEST5;dw1melmo;;;IMMUNE1;;RING95;;;;;2000;bg1;Bishop
BJORNI;HUMANOID;HUMAN;INNOCENT;FIGHTER_MALE_HUMAN;None;bjorni;7;MALE;MALE;NEUTRAL;dw#urbhl;None;None;None;dw1melge;;;;;;SPER02;;;;420;bg1;Bjornin
BLACKL;HUMANOID;HUMAN;THIEF;THIEF_FEMALE_HUMAN;blacklily;blackl;5;FEMALE;FEMALE;NEUTRAL;dw#gpsht;RR#PICKP;None;None;dw1melth;;;;;;SW1H07;;;;420;bg1;Black Lily
BLAH6666;HUMANOID;HUMAN;INNOCENT;FIGHTER_MALE_ELF;None;None;1;MALE;MALE;NEUTRAL;dw#innhl;SEEENEMY;None;None;dw1melge;;;;;;;;;;15;bg1;Commoner
BLANE;HUMANOID;HUMAN;CLERIC;CLERIC_MALE_HUMAN;None;BLANE;5;MALE;MALE;NEUTRAL;dw#urbhl;;None;None;dw#pr8;;;;;;;;;;300;bg1;Dawn Priest Blane
BOB;HUMANOID;HUMAN;INNOCENT;SLAVE;BOB;bob;1;MALE;MALE;NEUTRAL;dw#innhl;None;RUNENEMY;None;wtrunsgt;;;;;;;;;;2;bg1;Miner Bob
BOR;HUMANOID;HALFLING;FIGHTER;FIGHTER_MALE_HALFLING;ROB;None;7;MALE;MALE;NEUTRAL;dw#gpsht;;None;None;dw1range;;;;;;DART03;DART01;BLUN02;;650;bg1;Bor
BORDA;HUMANOID;ELF;MAGE_THIEF;THIEF_MALE_ELF;BORDA;BORDA;6;MALE;MALE;NEUTRAL;;INITDLG;;;dw#mg27;;;;;;SW1H08;;;;900;bg1;Borda
BORIN;HUMANOID;HUMAN;INNOCENT;PEASANT_MAN;None;BORIN;1;MALE;MALE;NEUTRAL;dw#innhl;None;RUNENEMY;None;WTRUNSGT;;;;;;;;;;15;bg1;Borinole Mann
BORK;HUMANOID;HUMAN;FIGHTER;FIGHTER_MALE_HUMAN;bork;bork;2;MALE;MALE;NEUTRAL;dw#urbhl;None;None;None;dw1melge;;;;;;SW1H01;;;;35;bg1;Bork
BOTSMITH;HUMANOID;IMP;IMP;IMP;botsmith;botsmith;1;MALE;MALE;NEUTRAL;RR#PICKP;None;None;None;;;;INVULNER;;;;;;;15;bg1;Cespenar
BOUNCER;HUMANOID;HUMAN;FIGHTER;CLERIC_MALE_HUMAN;Bouncer;None;2;MALE;MALE;NEUTRAL;dw#urbhl;SEEENEMY;BOUNCER;None;dw1range;;;;;;BOW03;SW1H04;;;65;bg1;Bouncer
BOUNTY;HUMANOID;HUMAN;INNOCENT;FIGHTER_MALE_HUMAN;BountyHunter;bounty;1;MALE;MALE;NEUTRAL;INITDLG;dw#innhl;None;None;dw1range;;;;;;SW1H04;BOW01;;;65;bg1;Bounty Hunter
BOUNTY2;HUMANOID;HUMAN;INNOCENT;FIGHTER_MALE_HUMAN;Bandit;None;1;MALE;MALE;NEUTRAL;dw#innhl;FLAMPUN2;None;None;dw1range;;;;;;SW1H04;BOW01;;;65;bg1;Bounty Hunter
BOYBA1;HUMANOID;HUMAN;INNOCENT;BOY;None;boyba1;1;MALE;MALE;NEUTRAL;dw#innhl;None;RUNENEMY;None;wdrunsgt;;;;;;;;;;7;bg1;Boy
BOYBA1_A;HUMANOID;HUMAN;INNOCENT;BOY;None;BOYBA1;1;MALE;MALE;NEUTRAL;dw#innhl;None;RUNENEMY;None;WDRUNSGT;;;;;;;;;;7;bg1;Boy
BOYBA1_B;HUMANOID;HUMAN;INNOCENT;BOY;None;boyba1;1;MALE;MALE;NEUTRAL;dw#innhl;None;RUNENEMY;None;wdrunsgt;;;;;;;;;;7;bg1;Boy
BOYBA1_C;HUMANOID;HUMAN;INNOCENT;BOY;None;boyba1;1;MALE;MALE;NEUTRAL;dw#innhl;None;RUNENEMY;None;wdrunsgt;;;;;;;;;;7;bg1;Boy
BOYBA2;HUMANOID;HUMAN;INNOCENT;BOY;None;boyba2;1;MALE;MALE;NEUTRAL;dw#innhl;None;RUNENEMY;None;wdrunsgt;;;;;;;;;;7;bg1;Boy
BOYBA3;HUMANOID;HUMAN;INNOCENT;BOY;None;boyba3;1;MALE;MALE;NEUTRAL;dw#innhl;None;RUNENEMY;None;wdrunsgt;;;;;;;;;;7;bg1;Boy
BOYBA3_A;HUMANOID;HUMAN;INNOCENT;BOY;None;boyba1;1;MALE;MALE;NEUTRAL;dw#innhl;None;RUNENEMY;None;wdrunsgt;;;;;;;;;;7;bg1;Boy
BOYBA3_B;HUMANOID;HUMAN;INNOCENT;BOY;None;boyba1;1;MALE;MALE;NEUTRAL;dw#innhl;None;RUNENEMY;None;wdrunsgt;;;;;;;;;;7;bg1;Boy
BOYBAX;HUMANOID;HUMAN;INNOCENT;STATIC_BOY;None;boyba1;1;MALE;MALE;NEUTRAL;dw#innhl;None;None;None;None;;;;;;;;;;7;bg1;Boy
BOYBAX_A;HUMANOID;HUMAN;INNOCENT;STATIC_BOY;None;BOYBA1;1;MALE;MALE;NEUTRAL;dw#innhl;None;None;None;None;;;;;;;;;;7;bg1;Boy
BOYBAX_B;HUMANOID;HUMAN;INNOCENT;STATIC_BOY;None;BOYBA1;1;MALE;MALE;NEUTRAL;dw#innhl;None;None;None;None;;;;;;;;;;7;bg1;Boy
BOYBAX_C;HUMANOID;HUMAN;INNOCENT;STATIC_BOY;None;boyba1;1;MALE;MALE;NEUTRAL;dw#innhl;None;None;None;None;;;;;;;;;;7;bg1;Boy
BOYBE1;HUMANOID;HUMAN;INNOCENT;BOY;BOYBE1;boybe1;1;MALE;MALE;NEUTRAL;dw#innhl;RUNENEMY;None;None;WTRUNSGT;;;;;;;;;;7;bg1;Boy
BOYBE2;HUMANOID;HUMAN;INNOCENT;BOY;None;boybe2;1;MALE;MALE;NEUTRAL;dw#innhl;RUNENEMY;None;None;WTRUNSGT;;;;;;;;;;7;bg1;Boy
BPAINORD;HUMANOID;ELF;THIEF;THIEF_FEMALE_ELF;BPAINORD;;4;FEMALE;FEMALE;NEUTRAL;BPSIGHT;OHGN01;BPTHF2;;;;;;;;;SW1H10;;;0;bg1;Ainordec
BPALUENA;HUMANOID;HUMAN;MAGE;MAGE_FEMALE_HUMAN;BPALUENA;BPTHESP;8;FEMALE;FEMALE;ENEMY;BPSIGHT;OHGN01;OHMADD01;None;None;;;RING02;RING09;;STAF02;;;;0;bg1;Thespia
BPALUEND;HUMANOID;HUMAN;MAGE;MAGE_MALE_HUMAN;BPALUEND;;5;MALE;MALE;ENEMY;BPSIGHT;OHGN01;OHMADD01;None;None;;;;;;STAF01;;;;0;bg1;Aluenda
BPALUENO;HUMANOID;HUMAN;MAGE;MAGE_MALE_HUMAN;BPALUENO;BPTREA;9;MALE;MALE;ENEMY;BPSIGHT;OHGN01;OHMADI01;;None;;;RING06;RING02;;STAF01;;;;0;bg1;Treacle
BPAL_ATA;GIANTHUMANOID;GENIE;GENIE_DJINNI;DJINNI;BPAL_ATA;;5;NIETHER;MALE;NEUTRAL;;None;None;DJINNI01;BPASIGHT;;;;;;B2-16;;;;5000;bg1;Al-Atash
BPAMBT1;UNDEAD;VAMPIRE;VAMPIRE;THIEF_FEMALE_HUMAN;BPAMBT1;None;8;158;158;ENEMY;BPVAMP;BPAMBT;None;None;BPSIGHT;;;;VAMPREG;;BOW03;AX1H01;;;0;bg1;Night Knives Thief
BPAMBT2;UNDEAD;VAMPIRE;VAMPIRE;THIEF_MALE_HUMAN;BPAMBT2;None;8;158;158;ENEMY;BPVAMP;BPAMBT;None;None;BPSIGHT;;;;VAMPREG;;BOW03;AX1H01;;;0;bg1;Night Knives Thief
BPANKHE1;MONSTER;ANKHEG;ANKHEG;ANKHEG;BPANKHE1;;8;NIETHER;MALE;ENEMY;BPSIGHT;ANKHEGB;None;None;None;;;;;;ANKHEG2;;;;0;bg1;Rabid Ankheg
BPAPPLE;HUMANOID;HUMAN;DRUID;CLERIC_FEMALE_HUMAN;BPAPPLE;;3;FEMALE;FEMALE;NEUTRAL;RR#PICKP;APPLE;;;BPSIGHT;HELM01;;;;;SPER01;;;;0;bg1;Apple
BPARTY01;HUMANOID;HALF_ELF;FIGHTER;FIGHTER_FEMALE_ELF;None;0;1;FEMALE;FEMALE;PC;None;AGEN;None;None;DPLAYER3;;;;;;;;;;0;bg1;Meryll
BPARTY02;HUMANOID;HALFORC;FIGHTER;FIGHTER_MALE_HALFORC;None;0;1;MALE;MALE;PC;None;AGEN;None;None;DPLAYER3;;;;;;;;;;0;bg1;Gallus
BPARTY03;HUMANOID;HUMAN;RANGER;FIGHTER_MALE_HUMAN;None;0;1;MALE;MALE;PC;None;FIGHTER4;;None;DPLAYER3;;;;;;;;;;0;bg1;Andor
BPARTY04;HUMANOID;ELF;MAGE;MAGE_FEMALE_ELF;None;0;1;FEMALE;FEMALE;PC;None;;None;DPLAYER3;dw#mg28;;;;;;;;;;0;bg1;Talana
BPARTY05;HUMANOID;DWARF;CLERIC;CLERIC_FEMALE_DWARF;None;0;1;FEMALE;FEMALE;PC;None;CLERIC1;None;None;DPLAYER3;;;;;;;;;;0;bg1;Rhian
BPARTY06;HUMANOID;GNOME;MAGE;MAGE_MALE_GNOME;None;0;1;MALE;MALE;PC;None;;None;DPLAYER3;dw#mg29;;;;;;;;;;0;bg1;Zelnick
BPBAELOT;HUMANOID;ELF;MAGE;MAGE_MALE_ELF;BPBAELOT;BPBAELOT;15;MALE;MALE;NEUTRAL;BPHUBA;;;None;;HELM19;;MIHP1;RING40;AMUL21;STAF05;STAF18;;;0;bg1;Baeloth
BPBASG01;MONSTER;BASILISK;BASILISK_GREATER;BASILISK_GREATER;BPBASG01;;10;NIETHER;MALE;ENEMY;BPSIGHT;None;None;GBASILSK;BPASIGHT;;;;;;BASILG1;BASILG2;BASILG3;;0;bg1;Greater Basilisk
BPBASL01;MONSTER;BASILISK;BASILISK;BASILISK;BPBASL01;;6;NIETHER;MALE;ENEMY;BPSIGHT;None;LBASILSK;None;None;;;;;;BASILL1;BASILL2;;;0;bg1;Lesser Basilisk
BPBELLOW;HUMANOID;GNOME;FIGHTER;FIGHTER_MALE_GNOME;BPBELLOW;BPBELLOW;7;MALE;MALE;NEUTRAL;BPHUBA;;None;None;BPASIGHT;;;;;;DART03;SW1H04;;;0;bg1;Bellowgulp Bluefingers
BPBFGM01;HUMANOID;HUMAN;FIGHTER_MAGE;FIGHTER_MALE_HUMAN;BPBFGM01;;11;MALE;MALE;NEUTRAL;OHSTONED;OHGN01;OHMADD01;None;;;;;;;SW1H05;;;;0;bg1;Bud
BPBMAG01;HUMANOID;HUMAN;MAGE;MAGE_FEMALE_HUMAN;BPBMAG01;;9;FEMALE;FEMALE;NEUTRAL;OHSTONED;OHGN01;OHMADD01;None;;;;;;AMUL01;DAGG01;;;;0;bg1;MJ
BPBORT;HUMANOID;GNOLL;FIGHTER;GNOLL;BPBORT;;3;MALE;MALE;NEUTRAL;BPSIGHT;OHGN01;BPFGBA01;;;;;;;;HALB01;;;;0;bg1;Bort
BPBPRE01;HUMANOID;HUMAN;CLERIC;CLERIC_MALE_HUMAN;BPBPRE01;None;12;MALE;MALE;NEUTRAL;OHSTONED;OHGN01;OHPRDD01;None;;;;;;;;;;;0;bg1;Kif
BPBRENDA;GIANTHUMANOID;DUERGAR;THIEF;THIEF_MALE_DWARF;BPBRENDA;BPBRENDA;5;NIETHER;MALE;NEUTRAL;BPHUBA;None;None;None;BPASIGHT;HELM01;;;;;;;;;0;bg1;Brendak
BPBRNG01;HUMANOID;HUMAN;RANGER;FIGHTER_MALE_HUMAN;BPBRNG01;None;6;MALE;MALE;NEUTRAL;OHSTONED;OHGN01;BPFGTK01;;;;;;;;BOW01;;;;0;bg1;Herbie
BPBWAR01;HUMANOID;HUMAN;FIGHTER;FIGHTER_MALE_HUMAN;BPBWAR01;;7;MALE;MALE;NEUTRAL;OHSTONED;OHGN01;BPFGTK01;;;;;;;;SW2H01B;;;;0;bg1;Marley
BPBWAR02;HUMANOID;HUMAN;FIGHTER;FIGHTER_MALE_HUMAN;BPBWAR02;;7;MALE;MALE;NEUTRAL;OHSTONED;OHGN01;BPFGTK01;;;;SHLD03;;;;BLUN05;;;;0;bg1;TJ
BPCARLO2;HUMANOID;DWARF;FIGHTER;FIGHTER_MALE_DWARF;BPCARLOS;BPCARLOS;7;MALE;MALE;NEUTRAL;BPSIGHT;OHGN01;BPFGTK01;;None;HELM01;;;;;SW1H04;;;;0;bg1;Carlos Nuez
BPCARLOS;HUMANOID;DWARF;FIGHTER;FIGHTER_MALE_DWARF;BPCARLOS;BPCARLOS;7;MALE;MALE;NEUTRAL;;;;None;None;HELM01;;;;;SW1H04;;;;0;bg1;Carlos Nuez
BPCIRI2;HUMANOID;HALFLING;THIEF;THIEF_MALE_HALFLING;BPCYRIL;BPCIRIL;8;MALE;MALE;NEUTRAL;BPSIGHT;OHGN01;BPFGAR01;;;;;;;;BOW05;SW1H07;;;0;bg1;Ciril
BPCIRIL;HUMANOID;HALFLING;THIEF;THIEF_MALE_HALFLING;bpciril;BPCIRIL;8;MALE;MALE;NEUTRAL;;;;None;;;;;;;BOW05;SW1H07;;;0;bg1;Ciril
BPCLAY;GIANTHUMANOID;GOLEM;GOLEM_CLAY;GOLEM_CLAY;BPENEMY ;;9;NIETHER;MALE;ENEMY;BPSIGHT;None;BPFHT;None;None;;;IMMUNE1;;;GOLCLA;;;;0;bg1;Clay Golem
BPCONCOC;MONSTER;MYCONID;NO_CLASS;MYCONID_RED;concoctor;BPCONCOC;6;MALE;MALE;NEUTRAL;BPHUBA;;;;BPASIGHT;;;;;;UMBER01;;;;0;bg1;Concocter
BPCRCW01;MONSTER;CARRIONCRAWLER;CARRIONCRAWLER;CARRION_CRAWLER;BPCRCW01;;3;NIETHER;MALE;ENEMY;BPSIGHT;CCRAWLER;None;None;;;;;;;CARRIO1;;;;0;bg1;Carrion Crawler
BPDEVLIN;HUMANOID;ELF;RANGER;FIGHTER_MALE_ELF;BPDEVLIN;BPDEVLIN;8;MALE;MALE;NEUTRAL;BPHUBA;None;None;None;;;;;;;BOW03;;;;0;bg1;Devlin Taralon
BPDINGUE;GIANTHUMANOID;DUERGAR;MAGE;MAGE_MALE_DWARF;BPDINGUE;BPDINGUE;10;SUMMONED;MALE;NEUTRAL;BPHUBA;None;None;;BPASIGHT;;;;;;;;;;8000;bg1;Dinguer the Mad
BPDUER01;HUMANOID;DWARF;FIGHTER;FIGHTER_MALE_DWARF;BPDUER01;None;5;MALE;MALE;ENEMY;BPDUERGA;OHGN01;BPFGTK01;;;;SHLD03;;;;AX1H01;SLNG01;;;420;bg1;Duergar Warrior
BPDUER02;HUMANOID;DWARF;FIGHTER;FIGHTER_MALE_DWARF;BPDUER02;None;5;MALE;MALE;ENEMY;BPDUERGA;OHGN01;BPFGTK01;;;;SHLD05;;;;HAMM01;SLNG01;;;420;bg1;Duergar Warrior
BPDUER03;HUMANOID;DWARF;FIGHTER;FIGHTER_MALE_DWARF;BPDUER03;None;5;MALE;MALE;ENEMY;BPDUERGA;OHGN01;BPFGTK01;;;;;;;;SW2H01;SW2H01;;;420;bg1;Duergar Warrior
BPELAN;HUMANOID;RAKSHASA;MAGE;RAKSHASA;BPELAN;BPELAN;11;MALE;MALE;NEUTRAL;BPHUBA;OHMADD01;;None;;;;RAKRING;;IMMUNE2;SW1H41;;;;0;bg1;Elan Garaq
BPELFIR1;GIANTHUMANOID;ELEMENTAL;ELEMENTAL_FIRE;ELEMENTAL_FIRE_SMALL;BPELFIR1;;12;NIETHER;NIETHER;ENEMY;BPBOOM;BPSIGHT;None;None;BPASIGHT;;;IMMUNE2;;;FIREELEM;;;;0;bg1;Fire Elemental
BPERASMU;HUMANOID;HALF_ELF;MAGE;MAGE_FEMALE_ELF;BPERASMU;;2;FEMALE;FEMALE;NEUTRAL;BPSIGHT;OHGN01;OHMADD01;None;None;;;;;;STAF01;SLNG01;;;0;bg1;Erasmus
BPERWEN;HUMANOID;HALF_ELF;DRUID;CLERIC_MALE_ELF;BPERWEN;;5;MALE;MALE;ENEMY;BPSIGHT;BPAVNG1;None;None;;;;RING09;;AMUL22;;SW1H20;;;0;bg1;Parker
BPFARGUS;HUMANOID;ELF;CLERIC;CLERIC_MALE_ELF;BPFARGUS;;3;MALE;MALE;ENEMY;BPSIGHT;OHGN01;OHPRDD01;None;None;HELM01;SHLD05;;;;BLUN02;;;;0;bg1;Fargus
BPFHT1;HUMANOID;HUMAN;FIGHTER;FIGHTER_MALE_HUMAN;BPFHT1;;3;MALE;MALE;ENEMY;BPSIGHT;OHGN01;BPFGTK01;;;;;RING09;;;SW1H04;;;;0;bg1;Dead Goblin Gang
BPGHAS01;UNDEAD;GHOUL;GHOUL_GHAST;GHAST;BPGHAS01;;5;NIETHER;MALE;ENEMY;BPSIGHT;BPASIGHT;;None;dw1melge;;;RING95;;;GHAST1;;;;0;bg1;Ghast
BPGHGR01;UNDEAD;GHOUL;GHOUL_GHAST;GHAST;BPGHGR01;;6;MALE;MALE;ENEMY;BPSIGHT;None;;BPASIGHT;dw1melge;;;IMMUNE1;;;RING95;;;;0;bg1;Greater Ghoul
BPGHLOUR;MONSTER;BEHOLDER;BEHOLDER;BEHOLDER;BPGHLOUR;BPGHLOUR;9;NIETHER;MALE;NEUTRAL;BPHUBA;;None;;;;;BEHOLDER;;;BEHOLD;;;;0;bg1;Ghlouralk
BPGIAFIR;GIANTHUMANOID;GIANT;FIGHTER;GIANT_FIRE;BPGIAFIR;BPHOGAR;20;MALE;MALE;ENEMY;BPGIAFIR;None;None;None;None;HELMNOAN;;RING31;RING31;;GIAFIR2;;;;0;bg1;Hogarl
BPGIBB01;HUMANOID;GIBBERLING;GIBBERLING;GIBBERLING;BPGIBB01;;1;MALE;MALE;NEUTRAL;BPSIGHT;None;BPGIBB01;None;;;;;;;S1-3;;;;0;bg1;Mangey Gibberling
BPGIBB02;HUMANOID;GIBBERLING;GIBBERLING;GIBBERLING;BPGIBB01;;1;MALE;MALE;NEUTRAL;BPSIGHT;None;BPGIBB01;None;;;;;;;S1-3;;;;0;bg1;Diseased Gibberling
BPGIBB03;HUMANOID;GIBBERLING;GIBBERLING;GIBBERLING;None;;1;MALE;MALE;ENEMY;BPSIGHT;None;None;None;BPGIBB01;;;;;;S1-8;;;;0;bg1;Healthy Gibberling
BPGOFL01;GIANTHUMANOID;GOLEM;GOLEM_FLESH;GOLEM_CLAY;BPGOFL01;;9;NIETHER;MALE;ENEMY;BPSIGHT;None;None;None;BPASIGHT;;;IMMUNE1;;;GOLFLE;;;;0;bg1;Flesh Golem
BPGORCH;HUMANOID;DWARF;FIGHTER;FIGHTER_MALE_DWARF;BPGORCH;BPGORCH;8;MALE;MALE;NEUTRAL;BPHUBA;None;None;None;;HELM01;SHLD15;;;;;;;AX1H01;0;bg1;Gorch the Armorer
BPHBAR1;HUMANOID;HOBGOBLIN;THIEF;HOBGOBLIN;BPHBAR1;;1;MALE;MALE;ENEMY;BPSIGHT;OHGN01;BPFGAR01;;None;HELM01;;;;;COMPB05;COMPS01;;;0;bg1;Redwater Archer
BPHBWR1;HUMANOID;HOBGOBLIN;FIGHTER;HOBGOBLIN;BPHBWR1;;1;MALE;MALE;ENEMY;BPSIGHT;OHGN01;BPFGTK01;;None;HELM01;;;;;COMPS01;;;;0;bg1;Redwater Warrior
BPHBWZ1;HUMANOID;HOBGOBLIN;MAGE;HOBGOBLIN;BPHBWZ1;;5;MALE;MALE;ENEMY;BPSIGHT;OHGN01;OHMADD01;None;None;;;;;;COMPS01;;;;0;bg1;Redwater Wizard
BPHIEKT;HUMANOID;GNOME;MAGE;MAGE_MALE_GNOME;BPHIEKT;;3;MALE;MALE;NEUTRAL;BPSIGHT;OHGN01;OHMADD01;None;;;;RING08;RING08;AMUL16;STAF01;;;;0;bg1;Hiekt
BPICESAL;MONSTER;SALAMANDER;ELEMENTAL_WATER;SALAMANDER_FROST;None;None;8;MALE;MALE;ENEMY;BPSIGHT;OHGN01;BPASIGHT;;None;;;RING95;IMMUNE1;;SALACOLD;;;;0;bg1;Ice Salamander
BPICESCL;MONSTER;SALAMANDER;CLERIC;SALAMANDER_FROST;BPICESCL;NONE;8;MALE;MALE;ENEMY;BPSIGHT;OHGN01;OHPRDI01;;None;;;RING95;IMMUNE1;;SALACOLD;;;;0;bg1;Ice Salamander Cleric
BPIMQU01;HUMANOID;IMP;IMP;IMP;BPIMQU01;None;3;NIETHER;MALE;ENEMY;BPSIGHT;QUASIT01;None;None;BPASIGHT;;;REGHP1;;;IMPQUA;;;;0;bg1;Quasit
BPJLGR01;MONSTER;SLIME;MAGE;GRAY_OOZE;BPJLGR01;;3;NIETHER;MALE;ENEMY;BPSIGHT;None;None;None;BPASIGHT;;;RING95;;;OOZEGR1;;;;0;bg1;Gray Ooze
BPJLMU01;MONSTER;SLIME;MUSTARD_JELLY;SLIME_MUSTARD;BPJLMU01;;7;20;MALE;ENEMY;BPSIGHT;None;None;None;BPASIGHT;;;IMMUNE1;RING95;;JELLMU1;;;;0;bg1;Mustard Jelly
BPJLOC01;MONSTER;SLIME;OCRE_JELLY;SLIME_OCHRE;BPJLOC01;;6;NIETHER;MALE;ENEMY;BPSIGHT;None;BPASIGHT;;None;;;RING95;;;JELLOC1;;;;0;bg1;Ochre Jelly
BPKRANC2;HUMANOID;HUMAN;FIGHTER;FIGHTER_MALE_HUMAN;BPKRANKO;BPKRANCO;7;MALE;MALE;NEUTRAL;BPSIGHT;OHGN01;BPFGBA01;;None;;;;;;AX1H02;;;;0;bg1;Krancor the Old
BPKRANCO;HUMANOID;HUMAN;FIGHTER;FIGHTER_MALE_HUMAN;bpkranco;BPKRANCO;7;MALE;MALE;NEUTRAL;;;;None;None;;;;;;AX1H02;;;;0;bg1;Krancor the Old
BPLIHP;HUMANOID;HALF_ELF;RANGER;FIGHTER_MALE_ELF;BPLIHP;;3;MALE;MALE;NEUTRAL;BPSIGHT;OHGN01;BPFGAR01;;;;;;;;;SW1H07;BOW02;;0;bg1;Lihp
BPLLYRK;HUMANOID;HUMAN;MAGE;MAGE_MALE_HUMAN;BPLLYRK;;3;MALE;MALE;ENEMY;BPSIGHT;LLYRK;None;;;;;;;;STAF01;;;;0;bg1;Llyrk
BPMAGDA;GIANTHUMANOID;DUERGAR;CLERIC;CLERIC_FEMALE_DWARF;BPMAGDA;BPMAGDA;5;FEMALE;FEMALE;NEUTRAL;BPHUBA;None;None;None;BPASIGHT;;;;;;;;;;5000;bg1;Magda
BPMPAR01;HUMANOID;MEPHIT;MEPHIT;IMP;BPMPAR01;;3;NIETHER;MALE;ENEMY;BPSIGHT;None;None;None;MEPAIR;;;REGHP1;MOVRAT10;IMMCLOUD;S1-3;;;;0;bg1;Air Mephit
BPMPDU01;HUMANOID;MEPHIT;MEPHIT;IMP;BPMPDU01;;3;NIETHER;MALE;ENEMY;BPSIGHT;None;None;None;MEPDUS;;;REGHP1;MOVRAT10;IMMCLOUD;S1-2;;;;0;bg1;Dust Mephit
BPMPEA01;HUMANOID;MEPHIT;MEPHIT;IMP;BPMPEA01;;3;NIETHER;MALE;ENEMY;BPSIGHT;;None;None;MEPEAR;;;;;IMMCLOUD;B1-4;;;;0;bg1;Earth Mephit
BPMPFI01;HUMANOID;MEPHIT;MEPHIT;IMP;BPMPFI01;;3;NIETHER;MALE;ENEMY;BPSIGHT;None;None;None;MEPFIR;;;;;IMMCLOUD;MEPFIR;;;;0;bg1;Fire Mephit
BPMPIC01;HUMANOID;MEPHIT;MEPHIT;IMP;BPMPIC01;;3;NIETHER;MALE;ENEMY;BPSIGHT;None;None;None;MEPICE;;;;;IMMCLOUD;MEPICE;;;;0;bg1;Ice Mephit
BPNAJIM;GIANTHUMANOID;GENIE;GENIE_EFREETI;DJINNI_LEGS;BPNAJIM;BPNAJIM;5;SUMMONED;MALE;NEUTRAL;BPHUBA;None;None;;BPASIGHT;;;;;MINHP1;B3-24;;;;8000;bg1;Najim
BPNERTT;HUMANOID;HALFORC;FIGHTER;FIGHTER_MALE_HALFORC;BPNERTT;;3;MALE;MALE;NEUTRAL;BPSIGHT;OHGN01;BPFGTK01;;;;;;;;;;;SW2H02;0;bg1;Nertt
BPOGMA01;GIANTHUMANOID;OGRE;OGRE_MAGE;OGRE_MAGE;BPOGMA01;;5;NIETHER;MALE;ENEMY;BPSIGHT;None;None;BPASIGHT;dw#mg30;;;;;;;;;;0;bg1;Ogre Mage
BPOGRE01;GIANTHUMANOID;OGRE;OGRE;OGRE;Ogre;;4;NIETHER;MALE;ENEMY;BPSIGHT;None;;BPASIGHT;dw1melge;;;;;;B1-2;;;;0;bg1;Ogre
BPORTAL1;HUMANOID;HUMAN;MAGE;BLOB_MIST_CREATURE;BPORTAL;None;0;MALE;MALE;ENEMY;;BPPORTL;None;None;None;;;;;;;;;;0;bg1;Mysterious Portal
BPORTAL2;HUMANOID;HUMAN;MAGE;DOOM_GUARD;BPORTAL;None;0;MALE;MALE;ENEMY;BPSIGHT;BPPORTL;None;None;None;;;;;;;;;;0;bg1;Mysterious Portal
BPORTAL3;HUMANOID;HUMAN;MAGE;DOOM_GUARD;BPORTAL;None;0;MALE;MALE;ENEMY;BPSIGHT;BPPORTL;None;None;None;;;;;;;;;;0;bg1;Mysterious Portal
BPORTAL4;HUMANOID;HUMAN;MAGE;DOOM_GUARD;BPORTAL;None;0;MALE;MALE;ENEMY;BPSIGHT;BPPORTL;None;None;None;;;;;;;;;;0;bg1;Mysterious Portal
BPORTAL5;HUMANOID;HUMAN;MAGE;DOOM_GUARD;BPORTAL;None;0;MALE;MALE;ENEMY;BPSIGHT;BPPORTL;None;None;None;;;;;;;;;;0;bg1;Mysterious Portal
BPOWY2;HUMANOID;GNOME;CLERIC;CLERIC_MALE_GNOME;BPOWYN;BPOWYN;7;MALE;MALE;ENEMY;BPSIGHT;OHGN01;OHPRDD01;None;None;;;;;;BLUN04;;;;0;bg1;Owyn
BPOWYN;HUMANOID;GNOME;CLERIC;CLERIC_MALE_GNOME;BPOWYN;BPOWYN;7;MALE;MALE;NEUTRAL;;;;None;None;;;;;;BLUN04;;;;0;bg1;Owyn
BPREFF01;HUMANOID;PLATE;LONG_SWORD;BIRD;BPREFF01;None;1;NIETHER;MALE;ALLY;BPGARB;None;None;None;None;;;;MAGE01;IMOENHP1;;;;;0;bg1;Referee
BPREGINA;HUMANOID;HUMAN;FIGHTER;FIGHTER_MALE_HUMAN;BPREGINA;;3;MALE;MALE;ENEMY;BPSIGHT;OHGN01;BPFGTK01;;None;HELM01;SW1H43;;;;SW1H43;;;;0;bg1;Reginald
BPREVE01;UNDEAD;GHOUL;GHOUL_REVEANT;REVENANT;BPREVE01;;8;NIETHER;MALE;NEUTRAL;BPSIGHT;;None;None;BPSKEL;;;IMMUNE1;RING95;;REVENT1;REVENT2;;;0;bg1;Revenant
BPSAMJO2;HUMANOID;ELF;THIEF;THIEF_MALE_ELF;BPSAMJOH;;8;MALE;MALE;ENEMY;BPSIGHT;OHGN01;BPFGBA01;;None;;;;;;SW1H44;;;;0;bg1;SamJohn BrightWalker
BPSAMJOH;HUMANOID;ELF;THIEF;THIEF_MALE_ELF;BPSAMJOH;BPSAMJOH;8;MALE;MALE;NEUTRAL;;;;None;None;;;;;;SW1H44;;;;0;bg1;SamJohn BrightWalker
BPSHADOW;UNDEAD;SHADOW;SHADOW;SHADOW;BPSHADOW;None;4;NIETHER;NIETHER;ENEMY;BPSIGHT;None;None;None;BPASIGHT;;;IMMUNE1;RING95;;S1-8;;;;0;bg1;Shadow
BPSHAMB;MONSTER;SHAMBLING_MOUND;NO_CLASS;SHAMBLING_MOUND;BPENEMY ;;12;SUMMONED;MALE;ENEMY;BPSIGHT;None;BPFHT;None;None;;;IMMUNE2;;;B4-32M4;;;;0;bg1;Shambling Mound
BPSKEL;UNDEAD;SKELETON;SKELETON;SKELETON;BPSKEL;;1;MALE;MALE;NEUTRAL;BPSIGHT;BPSKEL;None;None;;;;RING99;;;SW1H04;;;;0;bg1;Crumbling Skeleton
BPSLFS01;MONSTER;HUMAN;MUSTARD_JELLY;SLIME_MUSTARD;BPSLFS01;;7;MALE;MALE;ENEMY;BPSIGHT;BPSLIFIS;;None;BPASIGHT;;;IMMUNE1;RING95;;JELLMU2;;;;0;bg1;Fission Slime
BPSLFS02;MONSTER;HUMAN;MUSTARD_JELLY;SLIME_MUSTARD;BPSLFS01;;7;MALE;MALE;ENEMY;BPSIGHT;BPSLIFIS;;None;BPASIGHT;;;IMMUNE1;RING95;;JELLMU2;;;;0;bg1;Fission Slime
BPSPID01;MONSTER;SPIDER;SPIDER_HUGE;SPIDER_SMALL;BPSPID01;;5;NIETHER;MALE;ENEMY;BPSIGHT;None;None;None;BPASIGHT;;;;;ANTIWEB;SPIDSW1;;;;0;bg1;Spider
BPSPID02;MONSTER;SPIDER;SPIDER_GIANT;SPIDER_GIANT;BPSPID02;;4;NIETHER;MALE;ENEMY;BPSIGHT;None;BPASIGHT;;None;;;;;ANTIWEB;SPIDGI1;;;;0;bg1;Giant Spider
BPSPID03;MONSTER;SPIDER;SPIDER_SWORD;SPIDER_SWORD;BPSPID03;;5;NIETHER;MALE;ENEMY;BPSIGHT;None;None;None;BPASIGHT;;;;;ANTIWEB;SPIDSW1;;;;0;bg1;Sword Spider
BPSPY01;HUMANOID;PLATE;LONG_SWORD;BIRD;BPSPY01;None;1;NIETHER;MALE;NEUTRAL;;None;None;None;None;;;;MAGE01;IMOENHP1;;;;;0;bg1;
BPSPY02;HUMANOID;PLATE;LONG_SWORD;BIRD;BPSPY02;None;1;NIETHER;MALE;NEUTRAL;;None;None;None;None;;;;MAGE01;IMOENHP1;;;;;0;bg1;
BPTASL01;HUMANOID;KOBOLD;KOBOLD_TASLOI;KOBOLD_TASLOI;BPTASL01;;1;MALE;MALE;ENEMY;BPSIGHT;None;None;None;BPASIGHT;;;;;;S1-2;;;;0;bg1;Tasloi
BPTASL02;HUMANOID;KOBOLD;KOBOLD_TASLOI;KOBOLD_TASLOI;BPTASL02;;1;MALE;MALE;ENEMY;BPSIGHT;None;None;None;BPASIGHT;;;;;;S1-2;;;;0;bg1;Tasloi
BPTASL03;HUMANOID;KOBOLD;KOBOLD_TASLOI;KOBOLD_TASLOI;BPTASL03;;1;MALE;MALE;ENEMY;BPSIGHT;None;None;None;BPASIGHT;;;;;;S1-2;;;;0;bg1;Tasloi
BPTAVE01;HUMANOID;HUMAN;FIGHTER;FIGHTER_FEMALE_HUMAN;BPTAVE01;;1;FEMALE;FEMALE;ALLY;None;None;None;None;OHFGTK01;;;;;;DAGG01;;;;0;bg1;Tavern Patron
BPTAVE02;HUMANOID;HUMAN;FIGHTER;PEASANT_MAN;BPTAVE02;;1;MALE;MALE;ALLY;None;None;None;None;OHFGTK01;;;;;;BLUN01;;;;0;bg1;Tavern Bully
BPTAVE03;HUMANOID;DWARF;FIGHTER;FIGHTER_MALE_DWARF;BPTAVE03;;1;MALE;MALE;ALLY;None;None;None;None;OHFGTK01;;;;;;SW1H07;;;;0;bg1;Tavern Bouncer
BPTAVE04;HUMANOID;HUMAN;FIGHTER;PEASANT_MAN;BPTAVE04;;1;MALE;MALE;ALLY;None;None;None;None;OHFGTK01;;;;;;DAGG01;;;;0;bg1;Tavern Bully
BPTAVE05;HUMANOID;HUMAN;FIGHTER;PEASANT_MAN;BPTAVE05;;1;MALE;MALE;ALLY;None;None;None;None;OHFGTK01;;;;;;STAF01;;;;0;bg1;Tavern Bully
BPTAVE06;HUMANOID;HUMAN;FIGHTER;PEASANT_MAN;BPTAVE06;;1;MALE;MALE;ALLY;None;None;None;None;OHFGTK01;;;;;;BOW05;;;;0;bg1;Tavern Bully
BPTHARDE;GIANTHUMANOID;DUERGAR;FIGHTER;THIEF_MALE_DWARF;BPTHARDE;BPTHARDE;10;MALE;MALE;NEUTRAL;BPHUBA;None;None;None;BPASIGHT;;;RING02;RING27;;SW2H07;;;;0;bg1;Thardek
BPTHBARB;HUMANOID;HALFORC;FIGHTER;FIGHTER_FEMALE_HALFORC;BPTHBARB;;8;FEMALE;FEMALE;ENEMY;BPSIGHT;OHGN01;BPFGBA01;;;HELM01;SHLD03;;RING02;;HAMM03;;;;0;bg1;Voadikka
BPTHBKGD;HUMANOID;HUMAN;PALADIN;FIGHTER_FEMALE_HUMAN;BPTHBKGD;;8;FEMALE;FEMALE;ENEMY;BPSIGHT;OHGN01;BPFGTK01;;;HELM06;SHLD15;;RING02;;;;SW1H34;;0;bg1;Lucille
BPTHCL;HUMANOID;ELF;CLERIC;CLERIC_MALE_ELF;BPTHCL;;8;MALE;MALE;ENEMY;BPSIGHT;OHGN01;OHPRDD01;None;None;HELM01;SHLD05;;RING02;;BLUN04;;;;0;bg1;Lucius
BPTHF1;HUMANOID;HUMAN;THIEF;THIEF_MALE_HUMAN;BPTHF1;;1;MALE;MALE;ENEMY;BPSIGHT;OHGN01;BPFGBA01;;;;;;;;SW1H07;COMPB05;;;0;bg1;Dead Goblin Gang
BPTHF2;HUMANOID;HUMAN;THIEF;THIEF_FEMALE_ELF;BPTHF2;;1;FEMALE;FEMALE;ENEMY;BPSIGHT;OHGN01;BPFGBA01;;;;;;;;SW1H07;COMPB05;;;0;bg1;Dead Goblin Gang
BPTHTHF;HUMANOID;HALFLING;THIEF;THIEF_MALE_HALFLING;BPTHTHF;;8;MALE;MALE;ENEMY;BPSIGHT;OHGN01;BPFGBA01;;;;SHLD08;;RING02;;DART03;DART01;;;0;bg1;Red Tom
BPTIM;HUMANOID;HALFLING;THIEF;THIEF_MALE_HALFLING;BPTIM;;3;MALE;MALE;ENEMY;BPSIGHT;OHGN01;BPFGBA01;;;;;;;;DAGG01;BOW05;;;0;bg1;Tim
BPTNAT;HUMANOID;DWARF;FIGHTER;FIGHTER_MALE_DWARF;BPTNAT;;3;MALE;MALE;NEUTRAL;BPSIGHT;OHGN01;BPFGBA01;;;;SHLD03;;;;;;;HAMM02;0;bg1;Ant
BPTROLL;MONSTER;TROLL;FIGHTER;TROLL;BPTROLL;;6;NIETHER;MALE;ENEMY;TROLL01;BPSIGHT;BPTROL01;None;BPASIGHT;;;TROLLREG;TROLLIMM;MONHP1;TROLL02;;;;0;bg1;Troll
BPTSOCT;HUMANOID;HUMAN;CLERIC;CLERIC_MALE_HUMAN;BPTSOCT;;3;MALE;MALE;NEUTRAL;BPSIGHT;OHGN01;OHPRDD01;;;;SHLD07;RING22;;;;BLUN03;;;0;bg1;Tsoct
BPVAMPMI;MONSTER;MIST;MIST;BLOB_MIST_CREATURE;BPVAMPMI;None;1;MALE;MALE;NEUTRAL;BPVAMPMI;None;None;None;None;;;;;;;;;;1;bg1;Night Knives Thief
BPWRAI01;UNDEAD;WRAITH;WRAITH;SHADOW;BPWRAI01;None;6;MALE;MALE;ENEMY;BPSIGHT;None;None;None;BPASIGHT;;;IMMUNE1;IMMCHS;;WRAITH1;;;;0;bg1;Wraith
BPWYLLI2;HUMANOID;HUMAN;MAGE;MAGE_MALE_HUMAN;BPWYLLIA;BPWYLLIA;7;MALE;MALE;ENEMY;BPSIGHT;OHGN01;OHMADD01;None;;;;RING02;RING06;;STAF18;;;;0;bg1;Wylliam Brand
BPWYLLIA;HUMANOID;HUMAN;MAGE;MAGE_MALE_HUMAN;BPWYLLIA;BPWYLLIA;7;MALE;MALE;NEUTRAL;;;;None;;;;;;;STAF18;;;;0;bg1;Wylliam Brand
BPXITHIS;GIANTHUMANOID;MIND_FLAYER;MIND_FLAYER;MINDFLAYER;BPXITHIS;BPXITHIS;5;MALE;MALE;NEUTRAL;BPHUBA;None;None;None;BPASIGHT;;;;;;;;;;5000;bg1;Xithiss
BRAGE;HUMANOID;HUMAN;FIGHTER;FIGHTER_MALE_HUMAN;Brage;BRAGE;7;MALE;MALE;NEUTRAL;brage;;None;None;dw1melge;;;;;;SW2H03;;;;1400;bg1;Brage
BRAGE2;HUMANOID;HUMAN;FIGHTER;FIGHTER_MALE_HUMAN;Brage;brage;7;MALE;MALE;NEUTRAL;dw#urbhl;None;None;None;dw1melge;;;;;;;;;;1400;bg1;Brage
BRAN;HUMANOID;HUMAN;CLERIC;CLERIC_MALE_HUMAN;None;BRAN;5;MALE;MALE;NEUTRAL;dw#urbhl;;None;None;dw#pr9;;;;;;;;;;300;bg1;Dawn Priest Bram
BRANDI;HUMANOID;HUMAN;FIGHTER;FIGHTER_MALE_HUMAN;brandi;brandi;7;MALE;MALE;NEUTRAL;dw#urbhl;SEEENEMY;None;None;dw1melge;;SHLD03;;;;BLUN04;;;;1400;bg1;Brandilar
BRANWE;HUMANOID;STATUE;CLERIC;CLERIC_FEMALE_HUMAN;BRANWEN;branwe;2;FEMALE;FEMALE;NEUTRAL;BRANWEN;PRIEST2;WTASIGHT;None;DPLAYER;;;;;;;;;;0;bg1;Statue
BRANWE5;HUMANOID;STATUE;CLERIC;CLERIC_FEMALE_HUMAN;BRANWEN;branwe;5;FEMALE;FEMALE;NEUTRAL;BRANWEN;PRIEST2;WTASIGHT;None;DPLAYER;;;;;;;;;;0;bg1;Statue
BRATHL;HUMANOID;HUMAN;CLERIC;CLERIC_MALE_HUMAN;None;brathl;1;MALE;MALE;NEUTRAL;dw#urbhl;FLAM6;;None;dw#pr10;;;;;;HAMM13;;;;125;bg1;Brathlen
BRENDA;HUMANOID;HUMAN;MAGE;MAGE_MALE_HUMAN;BRENDAN;None;7;MALE;MALE;NEUTRAL;dw#gpsht;;None;;dw#mg165;;;;;;STAF01;;;;300;bg1;Brendan
BRENNA;HUMANOID;HUMAN;INNOCENT;PEASANT_MAN;brenna;brenna;1;MALE;MALE;NEUTRAL;dw#innhl;INITDLG;None;None;WDRUNSGT;;;;;;;;;;15;bg1;Brennan Risling
BREVLI;HUMANOID;DWARF;INNOCENT;THIEF_MALE_DWARF;Brevlik;BREVLI;2;MALE;MALE;NEUTRAL;RR#PICKP;None;None;None;dw1melge;;;;;;DAGG01;;;;120;bg1;Brevlik
BRIELB;HUMANOID;HUMAN;INNOCENT;MAGE_FEMALE_HUMAN;Brielbara;brielb;6;FEMALE;FEMALE;NEUTRAL;X#GOBRI;;None;None;dw#mg2;;;;;AMUL10;DAGG01;;;;975;bg1;Brielbara
BRILLA;HUMANOID;HUMAN;MAGE;NOBLE_WOMAN;brilla;brilla;0;FEMALE;FEMALE;NEUTRAL;brilla;INITDLG;;None;wtrunsgt;;;RING10;;;;;;;7;bg1;Brilla
BRITIK;HUMANOID;GNOLL;FIGHTER;GNOLL;BRITIK;;5;MALE;MALE;NEUTRAL;dw#c3hst;;dw#gpsht;None;dw1melge;;;;;;HALB01;;;;900;bg1;Britik
BRUNOS;HUMANOID;HUMAN;FIGHTER;FIGHTER_MALE_HUMAN;Bruno;bruno;9;MALE;MALE;NEUTRAL;dw#gpsht;None;None;None;dw1melge;;SHLD04;;;;BLUN07;;;;1400;bg1;Brunos
BUB;HUMANOID;HUMAN;FIGHTER;FIGHTER_MALE_HUMAN;BUB;bub;6;MALE;MALE;NEUTRAL;INITDLG;;None;None;dw1range;;;;;;BOW03;SW1H07;;;300;bg1;Bub Snikt
BULLRUSH;HUMANOID;HOBGOBLIN;HOBGOBLIN;HOBGOBLIN;BULLRUSH;BULLRUSH;3;MALE;MALE;ALLY;None;INITDLG;;None;dw1range;;;;;;COMPB05;COMPS01;;;950;bg1;Bullrush
CADDER;HUMANOID;HUMAN;INNOCENT;MAGE_MALE_HUMAN;None;CADDER;20;MALE;MALE;NEUTRAL;dw#urbhl;INITMAIN;PRIEST5;None;dw1melge;;;;;;STAF01;;;;10000;bg1;Cadderly
CAEDMO;HUMANOID;HUMAN;FLAMING_FIST;CLERIC_MALE_HUMAN;caedmo;caedmo;1;MALE;MALE;NEUTRAL;dw#urbhl;INITDLG;MTOWBAZ;None;dw1melge;HELM09;SHLD01;;;;SW1H04;;;;15;bg1;Caedmon
CAILAN;HUMANOID;STATUE;FIGHTER;FIGHTER_MALE_HUMAN;CAILAN;CAILAN;6;MALE;MALE;NEUTRAL;;None;None;None;WTASIGHT;;SHLD01;;;;SW1H04;;;;1200;bg1;Statue
CALAHA;HUMANOID;HUMAN;THIEF;THIEF_MALE_HUMAN;calahan;calaha;7;MALE;MALE;NEUTRAL;dw#urbhl;initdlg;None;None;dw1melth;;SHLD08;;RING10;;SW1H08;;;;70;bg1;Calahan
CALDO;HUMANOID;HUMAN;FIGHTER;FIGHTER_MALE_HUMAN;Caldo;caldo;3;MALE;MALE;NEUTRAL;dw#gpsht;RR#PICKP;None;None;dw1melge;;SHLD03;;;;BLUN02;;;;175;bg1;Caldo
CANDER;HUMANOID;HUMAN;CLERIC;CLERIC_MALE_HUMAN;CANDEROUS;None;2;MALE;MALE;NEUTRAL;None;None;None;None;None;IHELM01;ISHLD02;;;;IBLUN04;;;;0;bg1;Canderous
CANTIC;HUMANOID;HUMAN;INNOCENT;SLAVE;CANTICLE;cantic;1;MALE;MALE;NEUTRAL;RR#PICKP;SLAVE;None;None;wtrunsgt;;;;;;;;;;2;bg1;Canticle
CANTO;HUMANOID;HUMAN;FIGHTER;FIGHTER_MALE_HUMAN;CANTO;canto;6;MALE;MALE;NEUTRAL;dw#gpsht;CANTO;None;None;dw1melge;;;;;;SW1H04;;;;300;bg1;Ioin Gallchobhair
CARBOS;HUMANOID;HUMAN;FIGHTER;FIGHTER_MALE_HUMAN;carbos;Carbos;1;MALE;MALE;NEUTRAL;INITDLG;None;None;None;dw1melge;;;;;;DAGGSHIT;;;;20;bg1;Carbos
CARRIO;MONSTER;CARRIONCRAWLER;CARRIONCRAWLER;CARRION_CRAWLER;carrio;;3;NIETHER;MALE;ENEMY;dw#gpshm;CCRAWLER;None;None;none;;;;;;CARRIO1;;;;420;bg1;Carrion Crawler
CARRIOSU;MONSTER;CARRIONCRAWLER;CARRIONCRAWLER;CARRION_CRAWLER;None;;5;SUMMONED;SUMMONED;CONTROLLED;None;CCRAWLER;None;None;none;;;;;;CARRIO1;;;;0;bg1;Mutated Crawler
CARSA;HUMANOID;HUMAN;MAGE;MAGE_FEMALE_HUMAN;CARSA;carsa;6;FEMALE;FEMALE;NEUTRAL;;CARSA;;None;dw#mg42;;;;;;DAGG01;;;;275;bg1;Carsa
CARSTO;HUMANOID;HUMAN;FIGHTER;FIGHTER_MALE_HUMAN;CARSTON;None;9;MALE;MALE;NEUTRAL;dw#gpsht;RR#PICKP;;None;dw1range;HELM01;;;;;BOW01;COMPS01;;;2400;bg1;Carston
CASSON;HUMANOID;HUMAN;INNOCENT;BOY;Casson;casson;0;MALE;MALE;NEUTRAL;RR#PICKP;None;None;None;wtrunsgt;;;;;;;;;;7;bg1;Casson Belde'ar
CAT;ANIMAL;CAT;CAT;CAT;None;None;1;MALE;MALE;NEUTRAL;None;None;None;None;WDRUNSGT;;;;;;;;;;1;bg1;Cat
CATDEAD;ANIMAL;CAT;CAT;CAT;None;None;1;MALE;MALE;NEUTRAL;None;None;None;None;WDRUNSGT;;;;;;;;;;1;bg1;Cat
CATJAG01;ANIMAL;CAT;HUNTER_CREATURE;GREATCAT_PANTHER;CATJAG01;;4;MALE;MALE;NEUTRAL;;BDGRSHTV;HUNTER;BDANIMN;BDNONIN;;;;;;CATJAG;;;;420;bg1;Panther
CATJAGSU;ANIMAL;CAT;CAT;GREATCAT_LEOPARD;None;;4;SUMMONED;MALE;ALLY;CATJAGSU;None;None;None;;;;;;;CATJAGSU;;;;0;bg1;Leopard
CATLIM01;ANIMAL;CAT;HUNTER_CREATURE;GREATCAT_LEOPARD;CATLIM01;;4;MALE;MALE;NEUTRAL;;BDGRSHTV;HUNTER;BDANIMN;BDNONIN;;;;;;P1-6;;;;270;bg1;Mountain Lion
CATLIOSU;ANIMAL;CAT;CAT;GREATCAT_LEOPARD;SUMSHT01;;4;SUMMONED;SUMMONED;CONTROLLED;None;None;None;None;BDSUM00;;;;;;CATLIO;;;;0;bg1;Lion
CATLIOWP;ANIMAL;CAT;CAT;GREATCAT_LEOPARD;catliowp;;5;SUMMONED;FEMALE;CONTROLLED;None;None;None;None;BDSUM00;;;FIGRING1;IMMUNE1;;CATLIO;;;;650;bg1;Joolon
CATP;ANIMAL;CAT;CAT;CAT;PetrinesCat;None;1;MALE;MALE;NEUTRAL;None;None;None;None;WTRUNSGT;;;;;;;;;;1;bg1;Angel the Cat
CATTAC;HUMANOID;HOBGOBLIN;HOBGOBLIN;HOBGOBLIN;CATTACK;cattac;6;MALE;MALE;NEUTRAL;RR#PICKP;shoutdlg;None;None;WTATTWAT;HELM01;;;;;CATTAC1;;;;120;bg1;Cattack
CATURA;HUMANOID;HUMAN;RANGER;FIGHTER_MALE_HUMAN;CATURAK;None;6;MALE;MALE;NEUTRAL;dw#gpsht;gretek;;gretek;dw1range;;;;;;BOW01;SW1H07;;;750;bg1;Caturak
CAUTER;HUMANOID;HUMAN;INNOCENT;PEASANT_MAN;CAUTERNUS;CAUTER;1;MALE;MALE;NEUTRAL;dw#innhl;INITDLG;None;None;WTRUNSGT;;;;;;;;;;15;bg1;Cauternus
CAVENE;ANIMAL;BEAR;BEAR_CAVE;BEAR_CAVE;CAVENE;none;1;MALE;MALE;ENEMY;dw#gpsht;None;CBEAR;None;dw1melmo;;;;;;B1-10;;;;650;bg1;Cave Bear
CDGTLBTR;ANIMAL;NO_RACE;NO_CLASS;BIRD;cdgtlbtr;None;1;MALE;MALE;NEUTRAL;cdgtlb;None;;None;None;;;;MAGE01;;;;;;0;bg1;
CDGTLBWI;ANIMAL;NO_RACE;NO_CLASS;BIRD;cdgtlbwi;None;1;MALE;MALE;NEUTRAL;cdgtlb;None;;None;None;;;;MAGE01;;;;;;0;bg1;
CDMHKOBO;HUMANOID;KOBOLD;KOBOLD;KOBOLD;None;;1;MALE;MALE;ENEMY;cdmhkobo;None;KOBOLDF;None;dw1melge;;;;;;SW1H07;;;;7;bg1;Kobold
CDMHSKEL;UNDEAD;SKELETON;SKELETON;SKELETON;None;None;1;NIETHER;158;ENEMY;cdmhkobo;None;None;None;dw1melmo;;;RING99;;;B1-6;;;;0;bg1;Skeleton
CENTEO;HUMANOID;SPIDER;SPIDER_CENTEOL;STATIC_SPIDER_WOMAN;CENTEOL;CENTEO;11;FEMALE;FEMALE;NEUTRAL;CENTEOL;None;None;None;dw1melge;;;;;ANTIWEB;;;;;1000;bg1;Centeol
CHANTE;HUMANOID;HUMAN;INNOCENT;MAGE_MALE_HUMAN;None;None;4;MALE;MALE;NEUTRAL;RR#PICKP;RUNENEMY;None;None;WTRUNSGT;;;;;;STAF01;;;;420;bg1;Chanter
CHANTE2;HUMANOID;HUMAN;INNOCENT;MAGE_MALE_HUMAN;None;chante2;4;MALE;MALE;NEUTRAL;INITMAIN;RUNENEMY;None;None;WTRUNSGT;;;;;;STAF01;;;;35;bg1;Chanter
CHANTH;HUMANOID;HUMAN;INNOCENT;CLERIC_MALE_HUMAN;None;chanth;8;MALE;MALE;NEUTRAL;dw#urbhl;PRIEST4;None;None;dw1melge;;;;;;BLUN06;;;;1400;bg1;Chanthalas Ulbright
CHARBASE;HUMANOID;HUMAN;MAGE;SIRINE;None;None;1;MALE;MALE;PC;None;None;None;None;None;;;;;;;;;;0;bg1;
CHARLE;HUMANOID;HUMAN;INNOCENT;PEASANT_MAN;Charleston;charle;0;MALE;MALE;NEUTRAL;DIGSHOUT;None;None;None;wtrunsgt;;;;;;;;;;7;bg1;Charleston Nib
CHASE;HUMANOID;HUMAN;INNOCENT;NOBLE_MAN;None;CHASE;1;MALE;MALE;NEUTRAL;dw#innhl;WTRUNWAT;None;None;WTRUNSGT;;;;;;;;;;15;bg1;Chase
CHELAN;HUMANOID;HUMAN;INNOCENT;PEASANT_MAN;chelan;chelan;0;MALE;MALE;NEUTRAL;dw#innhl;None;None;None;wtrunsgt;;;;;;;;;;7;bg1;Chelan
CHESS;MONSTER;NO_RACE;NO_CLASS;DOOM_GUARD;None;chess;8;NIETHER;MALE;NEUTRAL;CHESS;None;None;None;None;;;RING95;MAGE01;;S2-16;;;;3000;bg1;Ethereal Voice
CHHERD;ANIMAL;NO_RACE;NO_CLASS;CHICKEN;None;None;1;MALE;MALE;NEUTRAL;None;None;None;None;WDRUNSGT;;;;;;;;;;1;bg1;Chicken
CHICKDEF;ANIMAL;NO_RACE;FOOD_CREATURE;CHICKEN;None;None;1;MALE;MALE;PC;None;SEEENEMY;None;None;dw1melmo;;;;;;S1-2;;;;1;bg1;Rabid Chicken
CHICKE;ANIMAL;NO_RACE;FOOD_CREATURE;CHICKEN;None;None;1;MALE;MALE;NEUTRAL;None;None;None;None;WDRUNSGT;;;;;;;;;;1;bg1;Chicken
CHICKER;ANIMAL;NO_RACE;FOOD_CREATURE;CHICKEN;None;None;1;MALE;MALE;ENEMY;None;None;None;None;dw1melmo;;;;;;S1-2;;;;1;bg1;Rabid Chicken
CHILDULG;HUMANOID;HUMAN;INNOCENT;BOY;None;CHILDULG;1;MALE;MALE;NEUTRAL;dw#innhl;None;RUNENEMY;None;WDRUNSGT;;;;;;;;;;7;bg1;Ulgoth Boy
CHILNA;HUMANOID;HUMAN;INNOCENT;STATIC_BOY;None;chilna;0;MALE;MALE;NEUTRAL;dw#innhl;None;None;None;None;;;;;;;;;;7;bg1;Boy
CHILNA_A;HUMANOID;HUMAN;INNOCENT;STATIC_BOY;None;chilna;0;MALE;MALE;NEUTRAL;dw#innhl;None;None;None;None;;;;;;;;;;7;bg1;Boy
CHILNA_B;HUMANOID;HUMAN;INNOCENT;STATIC_BOY;None;chilna;0;MALE;MALE;NEUTRAL;dw#innhl;None;None;None;None;;;;;;;;;;7;bg1;Boy
CHILNA_C;HUMANOID;HUMAN;INNOCENT;STATIC_BOY;None;chilna;0;MALE;MALE;NEUTRAL;dw#innhl;None;None;None;None;;;;;;;;;;7;bg1;Boy
CHILNA_D;HUMANOID;HUMAN;INNOCENT;STATIC_BOY;None;chilna;0;MALE;MALE;NEUTRAL;dw#innhl;None;None;None;None;;;;;;;;;;7;bg1;Boy
CHIMP5;HUMANOID;HUMAN;FLAMING_FIST;CLERIC_MALE_HUMAN;chimp5;chimp5;1;MALE;MALE;NEUTRAL;dw#urbhl;None;chimp5;None;dw1melge;HELM09;SHLD01;;;;SW1H04;;;;15;bg1;Flaming Fist Mercenary
CHLOE;HUMANOID;HUMAN;INNOCENT;GIRL;Chloe;chloe;1;FEMALE;FEMALE;NEUTRAL;dw#innhl;INITDLG;None;None;wtrunsgt;;;;;;;;;;7;bg1;Chloe
CLAIRD;HUMANOID;HUMAN;FIGHTER_MAGE;FIGHTER_FEMALE_HUMAN;ClairD;CLAIRD;6;FEMALE;FEMALE;NEUTRAL;RR#PICKP;CLAIRD;None;None;dw1range;;;;;;BOW04;SW1H05;;;900;bg1;Clair De'Lain
CLERIC2;HUMANOID;DWARF;CLERIC;CLERIC_MALE_DWARF;None;;1;MALE;MALE;PC;None;None;None;None;DPLAYER3;;;;;;STAF01;;;;0;bg1;
COKSMTH;HUMANOID;HUMAN;FIGHTER;FIGHTER_MALE_HUMAN;peter;coksmth;7;MALE;MALE;NEUTRAL;dw#gpshm;shoutdlg;;None;dw1range;;;;;;BOW03;SW1H04;;;240;bg1;Peter of the North
CONNOL;HUMANOID;HUMAN;INNOCENT;PEASANT_MAN;CONNOLY;CONNOL;1;MALE;MALE;NEUTRAL;INITDLG;dw#innhl;WTRUNSGT;None;None;;;;;;;;;;15;bg1;Connoly Finn
COOKGE;HUMANOID;HUMAN;INNOCENT;STATIC_PEASANT_WOMAN;None;cookge;0;FEMALE;FEMALE;NEUTRAL;dw#innhl;None;None;None;None;;;;;;;;;;5;bg1;Cook
CORAN;HUMANOID;ELF;FIGHTER_THIEF;FIGHTER_MALE_ELF;CORAN;coran;3;MALE;MALE;NEUTRAL;Coran;None;None;WTARSGT;DPLAYER;;;;;;BOW03;SW1H04;;;0;bg1;Coran
CORAN5;HUMANOID;ELF;FIGHTER_THIEF;FIGHTER_MALE_ELF;CORAN;coran;5;MALE;MALE;NEUTRAL;Coran;None;None;WTARSGT;DPLAYER;;;;;;BOW03;SW1H04;;;0;bg1;Coran
CORDYR;HUMANOID;ELF;INNOCENT;THIEF_MALE_ELF;cordyr;CORDYR;1;MALE;MALE;NEUTRAL;RR#PICKP;dw#innhl;None;None;WDRUNSGT;;;;;;DAGG01;;;;15;bg1;Cordyr
CORPSE1;DEAD;HUMAN;MAGE;FIGHTER_MALE_HUMAN;None;None;1;MALE;MALE;127;None;None;None;None;None;HELM01;SHLD01;;;;DAGG01;;;;0;bg1;Corpse
CORPSE2;DEAD;ELF;MAGE;MAGE_FEMALE_ELF;None;None;1;FEMALE;FEMALE;127;None;None;None;None;None;;;;;;DART01;;;;0;bg1;Corpse
CORPSE3;DEAD;HUMAN;MAGE;MAGE_FEMALE_HUMAN;None;None;1;FEMALE;FEMALE;127;None;None;None;None;None;;;;;;DART01;;;;0;bg1;Corpse
CORSONE;HUMANOID;HUMAN;DRUID;CLERIC_MALE_HUMAN;CORSONE;corson;9;MALE;MALE;NEUTRAL;dw#corso;None;;None;dw#pr85;;;;;;STAF01;DW#SHNBR;;;1000;bg1;Corsone
CORWIN7;HUMANOID;HUMAN;RANGER;FIGHTER_FEMALE_HUMAN;CORWIN;BDCORWIN;6;FEMALE;FEMALE;NEUTRAL;BDCORWIN;BDFIST;BDSHOUT;BDFIGH01;;BDHELM08;;;;;BDBOW06;HALB02;;;0;bg1;Corwin
CORWYVRN;MONSTER;WYVERN;WYVERN;WYVERN_BIG;CORWYVRN;;7;NIETHER;MALE;ENEMY;None;None;WYVERN;None;wtasight;;;RING97;;;WYVERN1;WYVERN2;;;1400;bg1;Wyvern
CORY;HUMANOID;HUMAN;INNOCENT;SLAVE;CORY;cory;1;MALE;MALE;NEUTRAL;dw#innhl;None;RUNENEMY;None;wtrunsgt;;;;;;;;;;2;bg1;Miner Cory
COW;ANIMAL;NO_RACE;FOOD_CREATURE;COW;None;None;1;FEMALE;FEMALE;NEUTRAL;None;None;None;None;None;;;;;;;;;;1;bg1;Cow
COWH;ANIMAL;NO_RACE;FOOD_CREATURE;COW;HulriksCow;None;1;FEMALE;FEMALE;NEUTRAL;dw#urbhl;None;None;None;None;;;;;;;;;;1;bg1;Cow
COWLED;HUMANOID;HUMAN;MAGE;MAGE_MALE_HUMAN;None;None;10;MALE;MALE;ENEMY;SHOUT;None;;;dw#mg43;;;;;;STAF01;;;;1800;bg1;Cowled Wizard
CREDUS;HUMANOID;HUMAN;FIGHTER;FIGHTER_MALE_HUMAN;Bandit;Credus;1;MALE;MALE;NEUTRAL;bandit;dw#prsht;dw#credu;None;dw1range;;;;;;SW1H04;BOW01;;;65;bg1;Credus
CREW1;HUMANOID;HUMAN;FIGHTER;FIGHTER_MALE_HUMAN;crew1;crew;6;MALE;MALE;NEUTRAL;dw#urbhl;None;None;;dw1melge;;;;;;SW1H04;;;;15;bg1;Crewmate
CREW2;HUMANOID;HUMAN;THIEF;FIGHTER_FEMALE_HUMAN;crew2;CREW;6;FEMALE;FEMALE;NEUTRAL;dw#urbhl;None;None;;dw1melth;;;;;;SW1H04;;;;15;bg1;Crewmate
CREW3;HUMANOID;HUMAN;FIGHTER;FIGHTER_FEMALE_HUMAN;crew3;CREW;6;FEMALE;FEMALE;NEUTRAL;dw#urbhl;None;None;;dw1melge;;;;;;SW1H04;;;;15;bg1;Crewmate
CREW4;HUMANOID;HUMAN;THIEF;FIGHTER_MALE_HUMAN;crew4;crew;6;MALE;MALE;NEUTRAL;dw#urbhl;None;None;;dw1melth;;;;;;SW1H04;;;;15;bg1;Crewmate
CREW5;HUMANOID;HUMAN;FIGHTER;FIGHTER_MALE_HUMAN;crew5;crew;6;MALE;MALE;NEUTRAL;dw#urbhl;None;None;;dw1melge;;;;;;SW1H04;;;;15;bg1;Crewmate
CREW6;HUMANOID;HUMAN;FIGHTER;FIGHTER_FEMALE_HUMAN;crew6;CREW;6;FEMALE;FEMALE;NEUTRAL;dw#urbhl;None;None;;dw1melge;;;;;;SW1H04;;;;15;bg1;Crewmate
CREW7;HUMANOID;HUMAN;THIEF;FIGHTER_MALE_HUMAN;crew7;crew;6;MALE;MALE;NEUTRAL;dw#urbhl;None;None;;dw1melth;;;;;;SW1H04;;;;15;bg1;Crewmate
CRYPTCRA;MONSTER;CARRIONCRAWLER;CARRIONCRAWLER;CARRION_CRAWLER;None;;3;NIETHER;158;ENEMY;None;CCRAWLER;None;None;;;;;;;CARRIO1;;;;420;bg1;Crypt Crawler
CUCHOL;HUMANOID;HALF_ELF;MAGE;CLERIC_MALE_ELF;cuchol;CUCHOL;7;MALE;158;NEUTRAL;SHOUTDLG;;None;None;dw#mg44;;;;;;;;;;1800;bg1;Cuchol
CULT1;HUMANOID;HUMAN;FIGHTER;FIGHTER_MALE_HUMAN;CultGuard1;cult1;8;MALE;MALE;NEUTRAL;dw#gpsht;None;;None;dw1melge;HELM01;SHLD05;;;;SW1H01;;;;300;bg1;Cult Guard
CULT2;HUMANOID;HUMAN;MAGE;MAGE_MALE_HUMAN;CultWizard1;CULT2;15;MALE;158;NEUTRAL;dw#gpsht;SHOUTDLG;;;dw#mg45;;;;;;STAF02;;;;1800;bg1;Cult Wizard
CULT3;HUMANOID;HUMAN;FIGHTER_MAGE;MAGE_MALE_HUMAN;CultWizard2;cult3;15;MALE;MALE;NEUTRAL;dw#gpsht;SHOUTDLG;;None;dw1melge;;;RING18;;;SW1H05;;;;1800;bg1;Cult Enforcer
CULT4;HUMANOID;HUMAN;FIGHTER;FIGHTER_MALE_HUMAN;CultFodder;None;1;MALE;MALE;ENEMY;None;None;None;None;dw1melge;;;;;;;;;;0;bg1;Cult Archer
CULTASS;HUMANOID;HUMAN;FIGHTER_THIEF;THIEF_MALE_HUMAN;CultAssassin;None;7;MALE;MALE;ENEMY;None;None;None;None;dw1melth;;;MAGE01;;;SW1H07;;;;300;bg1;Cult Assassin
CULTD1;HUMANOID;HUMAN;FIGHTER;MONK;Cultd1;None;8;MALE;MALE;NEUTRAL;;None;None;None;dw1melge;HELM09;SHLD05;FREERING;;;SW1H01;;;;500;bg1;Cult Guard
CULTD2;HUMANOID;HUMAN;FIGHTER;MONK;Cultd2;None;8;MALE;MALE;NEUTRAL;;None;None;None;dw1melge;HELM09;SHLD05;FREERING;;;SW1H01;;;;500;bg1;Cult Guard
CULTD3;HUMANOID;HUMAN;FIGHTER;MONK;Cultd3;None;8;MALE;MALE;NEUTRAL;;None;None;None;dw1melge;HELM09;SHLD05;FREERING;;;SW1H01;;;;500;bg1;Cult Guard
CULTD4;HUMANOID;HUMAN;FIGHTER;MONK;Cultd4;None;8;MALE;MALE;NEUTRAL;;None;None;None;dw1melge;HELM09;SHLD05;FREERING;;;SW1H01;;;;500;bg1;Cult Guard
CULTD5;HUMANOID;HUMAN;FIGHTER;MONK;Cultd5;None;8;MALE;MALE;NEUTRAL;;None;None;None;dw1melge;HELM09;SHLD05;FREERING;;;SW1H01;;;;500;bg1;Cult Guard
CULTD6;HUMANOID;HUMAN;FIGHTER;MONK;Cultd6;None;8;MALE;MALE;NEUTRAL;;None;None;None;dw1melge;HELM09;SHLD05;FREERING;;;SW1H01;;;;500;bg1;Cult Guard
CULTT1;HUMANOID;HUMAN;FIGHTER_MAGE;MAGE_MALE_HUMAN;CultWizard;None;10;MALE;MALE;ENEMY;dw#gpsht;CULTMAGE;;None;dw#mg161;HELM01;;RING18;;;SW1H05;;;;1000;bg1;Cult Enforcer
CULTT2;HUMANOID;HUMAN;FIGHTER;FIGHTER_MALE_HUMAN;CultGuard;None;8;MALE;MALE;ENEMY;dw#gpsht;None;;None;dw1melge;HELM09;SHLD05;;;;SW1H01;;;;500;bg1;Cult Guard
CULTT2A;HUMANOID;HUMAN;FIGHTER;FIGHTER_MALE_HUMAN;CULTT2A;None;8;MALE;MALE;ENEMY;cultsht;None;;None;dw1melge;HELM09;SHLD05;;;;SW1H01;;;;500;bg1;Cult Guard
CULTT3;HUMANOID;HUMAN;FIGHTER_THIEF;FIGHTER_FEMALE_HUMAN;CultAssassin;None;8;FEMALE;FEMALE;ENEMY;dw#gpsht;CULTTHF;None;None;dw1melas;;;MAGE01;;;SW1H07;;;;300;bg1;Cult Assassin
CULTT3A;HUMANOID;HUMAN;FIGHTER_THIEF;FIGHTER_FEMALE_HUMAN;CULTT3A;None;8;FEMALE;FEMALE;ENEMY;CULTSHT;CULTTHF;None;None;dw1melth;;;MAGE01;;;SW1H07;;;;300;bg1;Cult Assassin
CULTT4;HUMANOID;HUMAN;FIGHTER;THIEF_FEMALE_HUMAN;CultArcher;None;8;FEMALE;FEMALE;ENEMY;dw#gpsht;None;None;None;dw1range;;;;;;BOW03;AX1H01;;;300;bg1;Cult Archer
CUTSPY;HUMANOID;NO_RACE;NO_CLASS;BIRD;cutspy;None;1;NIETHER;MALE;NEUTRAL;None;None;None;None;None;;;;MAGE01;IMOENHP1;;;;;0;bg1;
CUTSPY2;HUMANOID;NO_RACE;NO_CLASS;BIRD;CUTSPY2;NONE;1;NIETHER;MALE;NEUTRAL;NONE;NONE;NONE;NONE;NONE;;;;MAGE01;IMOENHP1;;;;;0;bg1;
CYDERM;HUMANOID;HUMAN;FIGHTER;FIGHTER_MALE_HUMAN;Cyrdemac;cyderm;6;MALE;MALE;NEUTRAL;banditcy;None;None;None;dw1melge;;SHLD03;;;;SW1H02;;;;975;bg1;Cyrdemac
CYTHAN;HUMANOID;HALF_ELF;MAGE;MAGE_FEMALE_ELF;Cythan;CYTHAN;11;FEMALE;FEMALE;NEUTRAL;CYTHANDR;CYTHAN;;None;dw#mg46;;;;;;DAGG01;;;;2000;bg1;Cythandria
D2DOP;MONSTER;DOPPLEGANGER;DOPPLEGANGER_GREATER;DOPPLEGANGER_GREATER;Dopdop;;9;NIETHER;MALE;ENEMY;DOPDOP;;None;None;dw1melge;;;;;;S1-12;;;;4000;bg1;Greater Doppelganger
D2DUR;MONSTER;DOPPLEGANGER;FIGHTER;FIGHTER_MALE_DWARF;DOPDUR;None;18;MALE;MALE;ENEMY;DOPDUR;;None;None;dw1melge;;SHLD03;;;;AX1H01;;;;4000;bg1;Durlag Trollkiller
D2FUE;MONSTER;DOPPLEGANGER;BARD;THIEF_MALE_DWARF;DOPFUE;None;3;MALE;MALE;ENEMY;DOPFUE;;;None;dw#mg47;;;;;;BOW01;SW1H07;;;4000;bg1;Fuernebol
D2ISL;MONSTER;DOPPLEGANGER;MAGE;MAGE_FEMALE_DWARF;DOPISL;None;10;FEMALE;FEMALE;ENEMY;DOPISL;;None;None;dw1melge;;;;;;STAF01;;;;4000;bg1;Islanne
D2KIE;MONSTER;DOPPLEGANGER;CLERIC;CLERIC_MALE_DWARF;DOPKIE;None;8;MALE;MALE;ENEMY;DOPKIE;;None;None;dw1melge;;SHLD09;;;;BLUN02;;;;4000;bg1;Kiel the Legion Killer
DABRON;HUMANOID;HUMAN;FIGHTER;FIGHTER_MALE_HUMAN;Dabron;dabron;9;MALE;MALE;NEUTRAL;RR#PICKP;DABRON;None;None;dw1range;HELM01;;;;;XBOW03;BLUN07;;;1200;bg1;Dabron Sashenstar
DAERRAGH;HUMANOID;HUMAN;MAGE;MAGE_MALE_HUMAN;DAERRAGH;DAERRAGH;9;MALE;MALE;NEUTRAL;shoutdlg;;None;None;dw#mg48;;;RINGITF;;;;;;;100;bg1;Daer'Ragh
DAESE;MONSTER;LYCANTHROPE;MAGE;MAGE_FEMALE_HUMAN;Daese;None;8;FEMALE;FEMALE;NEUTRAL;daese;;;;dw#mg155;;;IMMUNE1;IMMUNE1;MINHP1;STAF01;;;;3000;bg1;Daese
DAESEWLF;MONSTER;LYCANTHROPE;WOLFWERE;WEREWOLF;daesewlf;None;7;FEMALE;FEMALE;ENEMY;dw#gpsht;;None;None;dw1melge;;;IMMUNE1;;;S1-12;;;;1700;bg1;Daese
DAITEL;HUMANOID;SPECTRE;MAGE;MAGE_MALE_HUMAN;DAITEL;DAITEL;12;MALE;MALE;NEUTRAL;SHOUTDL2;None;;None;dw#mg49;HELM15;;GHOST;RING94;IMMUNE1;;;;;3750;bg1;Ghost
DALTON;HUMANOID;HUMAN;FIGHTER;FIGHTER_MALE_HUMAN;Dalton;dalton;6;MALE;MALE;NEUTRAL;RR#PICKP;None;None;None;dw1range;;;;;;SW1H04;COMPB05;;;110;bg1;Dalton
DANDAL;HUMANOID;HUMAN;INNOCENT;CLERIC_MALE_HUMAN;DANDAL;dandal;2;MALE;MALE;NEUTRAL;dw#urbhl;INITDLG;SEEENEMY;AMNISE;dw1range;HELM08;;;;;BOW03;SW1H04;;;65;bg1;Dandal
DARRYL;HUMANOID;KOBOLD;KOBOLD_XVART;KOBOLD_XVART;DARRYL;DARRYL;1;MALE;MALE;NEUTRAL;dw#gpsht;None;None;None;dw1melge;;;;;;SW1H07;;;;35;bg1;Darryl
DARRYL2;HUMANOID;KOBOLD;KOBOLD_TASLOI;KOBOLD_TASLOI;DARRYL2;darryl;1;MALE;MALE;NEUTRAL;dw#gpsht;None;None;None;dw1melge;;;;;;SPER01;;;;35;bg1;Darryl
DARYL;HUMANOID;HUMAN;INNOCENT;THIEF_MALE_HUMAN;DARYL;;1;MALE;MALE;NEUTRAL;RR#PICKP;WTRUNSGT;None;None;;;;;;;;;;;15;bg1;Daryl
DAVAEO;HUMANOID;HUMAN;MAGE;MAGE_MALE_HUMAN;Davaeorn;DAVAEO;11;MALE;MALE;NEUTRAL;davaeorn;RR#PICKP;None;None;dw#mg50;;;;;;STAF01;DART01;;;6000;bg1;Davaeorn
DEAD;HUMANOID;HUMAN;MAGE;PEASANT_MAN;None;Minern;1;MALE;MALE;NEUTRAL;None;None;None;None;None;;;;;;;;;;2;bg1;Miner
DEAD1;HUMANOID;HUMAN;MAGE;PEASANT_MAN;None;Minern;1;MALE;MALE;NEUTRAL;None;None;None;None;None;;;;;;;;;;2;bg1;Miner
DEAD2;HUMANOID;HUMAN;FIGHTER;CLERIC_MALE_HUMAN;None;AMNIS;2;MALE;MALE;NEUTRAL;None;None;None;None;None;;;;;;SW1H04;BOW03;;;65;bg1;Amnian Soldier
DEADBAN;HUMANOID;HUMAN;FIGHTER;FIGHTER_MALE_HUMAN;DEADBAN;BANDIT;1;MALE;MALE;ENEMY;;BANDIT;None;None;dw1range;;;;;;SW1H04;COMPB05;;;65;bg1;Bandit
DEADFUCK;HUMANOID;HUMAN;FIGHTER;CLERIC_MALE_HUMAN;None;AMNIS;2;MALE;MALE;NEUTRAL;None;None;None;None;None;;;RING14;;;SW1H04;BOW03;;;65;bg1;Amnian Soldier
DEAGAN;HUMANOID;HUMAN;FIGHTER;FIGHTER_MALE_HUMAN;None;deagan;2;MALE;MALE;NEUTRAL;INITDLG;None;None;None;dw1melge;;SHLD08;;;;SW1H07;;;;175;bg1;Deagan
DEAN;HUMANOID;HUMAN;INNOCENT;NOBLE_MAN;None;dean;1;MALE;MALE;NEUTRAL;dw#innhl;None;None;None;WTRUNSGT;;;;;;;;;;15;bg1;Deaner Andarrson
DEATHK;HUMANOID;HUMAN;FIGHTER_MAGE;DEATH_KNIGHT;DEATHK;death2;18;MALE;MALE;ENEMY;dw#death;;None;None;;HELM02;SHLD06;ringdemn;;;SW2H05;;;;15000;bg1;Demon Knight
DEATHK1;HUMANOID;HUMAN;MAGE;DEATH_KNIGHT;DEATHK1;death1;15;MALE;MALE;ENEMY;None;None;DEATHINI;DEATHKN2;None;HELM02;SHLD06;MINHP1;;;SW2H05;;;;0;bg1;Demon Knight
DECK;HUMANOID;HUMAN;NO_CLASS;BIRD;domt;domt;1;MALE;MALE;ENEMY;deckinit;None;None;None;None;;;IMPINVIS;NOCIRC;;;;;;15;bg1;Deck of Many Things
DECK615;HUMANOID;DEMONIC;FIGHTER_MAGE;DEATH_KNIGHT;None;None;18;MALE;MALE;ENEMY;uddeath;None;None;None;dw1melge;;;;;;SW2HDEAT;;;;16000;bg1;Demon Knight
DECK622;UNDEAD;SKELETON;SKELETON_WARRIOR;SKELETON_FIEND;deck622;deck622;20;NIETHER;MALE;ENEMY;deck622;None;None;None;dw1melge;;;RING95;;;DECK622;;;;20000;bg1;Death Shade
DECKASS1;HUMANOID;HALFLING;THIEF;SHADOW_THIEF;deckass1;None;20;MALE;MALE;ENEMY;None;None;None;None;;;DAGG15;;;;SW1H09;;;;6000;bg1;Thief
DECKFELE;GIANTHUMANOID;ELEMENTAL;ELEMENTAL_FIRE;ELEMENTAL_FIRE;None;;16;SUMMONED;MALE;ENEMY;None;None;None;None;dw1melge;;;IMMUNE2;;;FIREELEM;;;;12000;bg1;Fire Elemental
DECKWAR1;HUMANOID;HUMAN;FIGHTER;FIGHTER_MALE_HUMAN;deckwar1;None;20;MALE;MALE;NEUTRAL;RR#PICKP;None;None;None;;;SW1H09;;;;SW1H09;;;;6000;bg1;Fighter
DEDER;HUMANOID;HALFLING;FIGHTER_THIEF;THIEF_MALE_HALFLING;DEEDER;None;1;MALE;MALE;NEUTRAL;None;None;None;None;None;;;;;;ISW1H07;;;;0;bg1;Deder
DEDER3;HUMANOID;HALFLING;FIGHTER_THIEF;THIEF_MALE_HALFLING;DEDER;None;3;MALE;MALE;NEUTRAL;dw#urbhl;murder1;SEEENEMY;FOLLOW;dw1ranth;;;;;;SW1H07Q;BOW05;;;60;bg1;Deder
DEGROD;HUMANOID;HUMAN;MAGE;MAGE_MALE_HUMAN;DEGROD;degrod;10;MALE;MALE;NEUTRAL;;None;;;dw#mg51;;;;;;STAF01;;;;1800;bg1;Degrodel
DELAIN;MONSTER;LYCANTHROPE;INNOCENT;CLERIC_FEMALE_ELF;DELAINY;DELAINY1;6;FEMALE;FEMALE;NEUTRAL;RR#PICKP;werewolf;None;None;dw1melge;;;IMMUNE1;;;;;;;600;bg1;Delainy
DELAIN2;MONSTER;LYCANTHROPE;WEREWOLF;CLERIC_FEMALE_ELF;DELAINY;DELAINY2;6;FEMALE;FEMALE;NEUTRAL;INITDLG;None;None;None;dw1melge;;;IMMUNE1;;;;;;;600;bg1;Delainy
DELGOD;HUMANOID;HUMAN;FIGHTER;FIGHTER_MALE_HUMAN;DELGOD;None;6;MALE;MALE;NEUTRAL;dw#gpsht;;None;None;dw1range;;;;;;BOW03;HAMM01;;;300;bg1;Delgod
DELORN;HUMANOID;HUMAN;MAGE;MAGE_FEMALE_HUMAN;Delorna;delorn;9;FEMALE;FEMALE;NEUTRAL;dw#gpsht;INITDLG;DELORNA;;dw#mg52;;;;;AMUL01;DAGG01;;;;1400;bg1;Delorna
DELSVIR;HUMANOID;GNOME;INNOCENT;THIEF_MALE_GNOME;delsvir;DELSVIR;6;MALE;MALE;NEUTRAL;dw#urbhl;RR#PICKP;mage6;;dw1melge;;;;;;DAGG02;;;;976;bg1;Delsvirftanyon
DELTAN;HUMANOID;HUMAN;FIGHTER;FIGHTER_MALE_HUMAN;Eltan;deltan;20;MALE;MALE;NEUTRAL;None;None;None;None;None;;;;MINHP1;AMUL17;SW1H41;;;;12000;bg1;Duke Eltan
DELTAN2;HUMANOID;HUMAN;INNOCENT;SLEEPING_MAN_HUMAN;Eltan2;DELTAN2;16;MALE;MALE;NEUTRAL;RR#PICKP;None;None;None;WTRUNSGT;;;;;;;;;;35;bg1;Duke Eltan
DELTHY;HUMANOID;HUMAN;BARD;THIEF_MALE_HUMAN;Delthyr;delthy;5;MALE;MALE;NEUTRAL;dw#urbhl;INITDLG;None;None;dw1melge;;;;;;SW1H07;;;;400;bg1;Delthyr
DEMGLASU;MONSTER;DEMONIC;FIGHTER_MAGE_CLERIC;GLABREZU;DEMGLAB;;15;SUMMONED_DEMON;MALE;ALLY;DVGLABRE;;;;;;;IMMUNE2;;;DEMGLASU;;;;0;bg1;Glabrezu
DEMNABSU;MONSTER;DEMONIC;TANARI;TANARRI;demnabsu;None;10;SUMMONED_DEMON;SUMMONED;GOODBUTRED;demnabsu;none;None;None;dw1melge;;;REGHP2;RINGDEMN;;BL3-12M4;;;;0;bg1;Nabassu
DEMOSUM1;MONSTER;DEMONIC;TANARI;MARILITH;Demosum1;demosum1;14;FEMALE;FEMALE;ENEMY;GRPSHT01;None;None;None;marilith;HELMNOAN;;RINGDEMN;IMMUNE2;;MARILI;;;;23000;bg1;Marilith
DEMOSUM2;MONSTER;DEMONIC;TANARI;TANARRI;demosum2;demosum2;14;MALE;MALE;ENEMY;GRPSHT01;None;None;None;demosum2;HELMNOAN;;RINGDEMN;IMMUNE3;;BALOR;;;;26000;bg1;Balor
DEMOSUM3;MONSTER;DEMONIC;TANARI;GLABREZU;demosum3;demosum3;10;MALE;MALE;ENEMY;GRPSHT01;None;None;None;glabrez;HELMNOAN;;RINGDEMN;IMMUNE2;;BL3-12M4;;;;12000;bg1;Glabrezu
DEMOSUM4;GIANTHUMANOID;DEMONIC;FIGHTER_MAGE;DEATH_KNIGHT;demosum4;demosum4;20;SUMMONED_DEMON;MALE;ENEMY;GRPSHT01;None;None;None;aesgar;HELMNOAN;;RNGDEMN;IMMUNE2;;DEMOSUM4;;;;18000;bg1;Cambion
DEMPIT01;MONSTER;DEMONIC;TANARI;TANARRI;dempit01;None;13;MALE;MALE;ENEMY;;;None;None;dw1melge;;;IMMUNE3;RINGDEMN;REGHP2R;P3-12M4;;;;9000;bg1;Pit Fiend
DEMPITSU;MONSTER;DEMONIC;FIGHTER_MAGE_CLERIC;TANARRI;dempit;None;20;SUMMONED_DEMON;MALE;ALLY;DVPITSU;;None;None;;;;;IMMUNE3;REGHP2R;DEMPITSU;;;;0;bg1;Pit Fiend
DEMSUC01;MONSTER;DEMONIC;TANARI;SIRINE;demsuc01;None;6;FEMALE;FEMALE;ENEMY;None;None;None;None;demsuc;HELMNOAN;;RINGDEMN;IMMUNE2;;DEMSUC01;;;;14000;bg1;Succubus
DENAK;HUMANOID;HUMAN;MAGE;MAGE_MALE_HUMAN;DENAK;denak;9;MALE;MALE;NEUTRAL;dw#gpsht;DENAK;;;dw#mg164;;;RING20;;;STAF01;DART01;;;1200;bg1;Denak
DENKOD;HUMANOID;HUMAN;THIEF;THIEF_MALE_HUMAN;DENKOD;denkod;14;MALE;MALE;NEUTRAL;dw#gpsht;INITDLG;;None;dw1melth;;;;;;SW1H04;;;;900;bg1;Denkod
DESRET;HUMANOID;HUMAN;FIGHTER_THIEF;THIEF_FEMALE_HUMAN;DESRET;DESRET;10;FEMALE;FEMALE;NEUTRAL;RR#PICKP;INITDLG;None;None;dw1melth;;;;;;SW1H05;;;;1600;bg1;Desreta
DESSLO;HUMANOID;HUMAN;INNOCENT;FAT_MAN;NONE;DESSLO;1;MALE;MALE;NEUTRAL;LEAVEFAI;INITDLG;dw#innhl;WTRUNSGT;NONE;;;;;;;;;;15;bg1;Kolssed
DESTUS;HUMANOID;KOBOLD;KOBOLD_XVART;KOBOLD_XVART;None;DESTUS;1;MALE;MALE;NEUTRAL;dw#gpsht;INITDLG;RUNENEMY;LEAVECH7;WTRUNSGT;;;;;;;;;;15;bg1;Destus Gurn
DETRAN;HUMANOID;HUMAN;INNOCENT;FAT_MAN;Detranion;detran;1;MALE;MALE;NEUTRAL;dw#innhl;None;RUNENEMY;WTRUNSGT;None;;;;;;;;;;15;bg1;De'Tranion
DEVAEVIL;HUMANOID;DARKPLANATAR;FIGHTER_CLERIC;CLERIC_FEMALE_ELF;devaevil;DEVAEVIL;14;NIETHER;MALE;ALLY;DVDEVAE;None;None;None;DVMELEE;DVWINGS;;IMMUNE2;DVDEVAER;;DVDEVAEW;;;;0;bg1;Fallen Deva
DEVAGOOD;HUMANOID;PLANATAR;FIGHTER_CLERIC;CLERIC_MALE_ELF;devagood;DEVAGOOD;14;NIETHER;FEMALE;ALLY;DVDEVAG;None;None;None;DVMELEE;DVWINGS;;IMMUNE2;DVDEVAGR;;DVDEVAGW;;;;0;bg1;Deva
DEZKIE;HUMANOID;HUMAN;MAGE;FIGHTER_MALE_HUMAN;dezkiel;dezkiel;7;MALE;MALE;NEUTRAL;UBDEZOVR;;None;None;dw#mg54;;;;;;STAF01;DAGG05;;;1800;bg1;Dezkiel
DHANIA;HUMANOID;HUMAN;THIEF;THIEF_FEMALE_HUMAN;DHANIAL;dhania;5;FEMALE;FEMALE;NEUTRAL;dw#gpsht;INITDLG;None;None;wtrunsgt;;;;;;SW1H07;;;;420;bg1;Dhanial
DIALOGMO;HUMANOID;HUMAN;FIGHTER;FIGHTER_MALE_HUMAN;None;None;1;MALE;MALE;127;None;None;None;None;None;;;;;;;;;;0;bg1;Biff The Understudy
DIANA;HUMANOID;HUMAN;MAGE;MAGE_FEMALE_HUMAN;DIANA;None;8;FEMALE;FEMALE;NEUTRAL;dw#gpsht;;None;;dw#mg167;;;;;;STAF01;;;;600;bg1;Diana
DIARMID;HUMANOID;HUMAN;FIGHTER;FIGHTER_MALE_HUMAN;None;diarmid;4;MALE;MALE;NEUTRAL;INITDLG;;None;None;dw1range;HELM10;;MAGE05;DW#DIARM;MINHP1;BOW01;HALB02;;;240;bg1;Diarmid
DIGGER;HUMANOID;HALF_ELF;FIGHTER;FIGHTER_MALE_ELF;CharleDig;DIGGER;1;MALE;MALE;NEUTRAL;dw#urbhl;DIGSHOUT;DIGGER;None;dw1melge;;;;;;SPER01;;;;7;bg1;Digger
DIGGER_A;HUMANOID;HUMAN;MAGE;FIGHTER_MALE_ELF;Digger;digger;6;MALE;MALE;NEUTRAL;dw#urbhl;DIGGER;None;None;dw1melge;;;;;;SPER01;;;;7;bg1;Digger
DIGGER_B;HUMANOID;HUMAN;MAGE;FIGHTER_MALE_ELF;Digger;digger;6;MALE;MALE;NEUTRAL;dw#urbhl;DIGGER;None;None;dw1melge;;;;;;SPER01;;;;7;bg1;Digger
DIGGER_C;HUMANOID;HUMAN;MAGE;FIGHTER_MALE_ELF;Digger;digger;6;MALE;MALE;NEUTRAL;dw#urbhl;DIGGER;None;None;dw1melge;;;;;;SPER01;;;;7;bg1;Digger
DIGGER_D;HUMANOID;HUMAN;MAGE;FIGHTER_MALE_ELF;Digger;digger;6;MALE;MALE;NEUTRAL;dw#urbhl;DIGGER;None;None;dw1melge;;;;;;SPER01;;;;7;bg1;Digger
DIGGER_E;HUMANOID;HUMAN;MAGE;FIGHTER_MALE_ELF;Digger;digger;6;MALE;MALE;NEUTRAL;dw#urbhl;DIGGER;None;None;dw1melge;;;;;;SPER01;;;;7;bg1;Digger
DILAK;HUMANOID;HUMAN;INNOCENT;SLAVE;DILAK;dilok;1;MALE;MALE;NEUTRAL;dw#innhl;None;RUNENEMY;None;wtrunsgt;;;;;;;;;;2;bg1;Miner Dilak
DILLAR;HUMANOID;HUMAN;INNOCENT;PEASANT_MAN;dillar;dillar;0;MALE;MALE;NEUTRAL;dw#innhl;DILLAR;None;None;wtrunsgt;;;;;;;;;;7;bg1;Dillar
DINK;HUMANOID;HUMAN;INNOCENT;SLAVE;DINK;dink;1;MALE;MALE;NEUTRAL;dw#innhl;INITDLG;RUNENEMY;None;wtrunsgt;;;;;;;;;;2;bg1;Miner Dink
DIRK;HUMANOID;HUMAN;FIGHTER;THIEF_MALE_HUMAN;DIRK;None;6;MALE;MALE;ENEMY;dw#gpsht;;None;None;dw1range;;;;;;BOW03;BLUN02;;;300;bg1;Dirk
DIVINE;HUMANOID;HUMAN;MAGE;MAGE_MALE_HUMAN;None;divine;1;MALE;MALE;NEUTRAL;RR#PICKP;None;None;None;wtrunsgt;;;;;;DAGG01;;;;7;bg1;Diviner
DIYAB;HUMANOID;HUMAN;CLERIC_THIEF;THIEF_MALE_HUMAN;DIYAB;diyab;9;MALE;MALE;NEUTRAL;dw#gpsht;;None;LEAVECH7;dw#pr16;;SHLD01;;;;HAMM02;;;;1600;bg1;Diyab
DJINNISU;GIANTHUMANOID;GENIE;GENIE_DJINNI;DJINNI_LEGS;None;;5;SUMMONED;SUMMONED;CONTROLLED;None;None;None;DJINNI01;BDSUM00;;;;;;B2-16;;;;0;bg1;Djinni
DOGBLINK;ANIMAL;DOG;DOG_WILD;DOG_WILD;None;;1;MALE;MALE;ENEMY;PSPIDER;None;None;None;dw1melmo;;;;;;P1-6;;;;270;bg1;Blink Dog
DOGWA;ANIMAL;DOG;DOG_WAR;DOG_WAR;None;;2;MALE;MALE;ENEMY;dw#gpshm;WARDOG;None;None;dw1melmo;;;;;;P1-8;;;;65;bg1;War Dog
DOGWASU;ANIMAL;DOG;DOG_WAR;DOG_WAR;None;;2;SUMMONED;MALE;ALLY;None;None;;None;DVMELEE;;;;;;DOGWASU;;;;0;bg1;War Dog
DOGWAWP;ANIMAL;DOG;DOG_WAR;DOG_WAR;None;;3;SUMMONED;MALE;CONTROLLED;WARDOG;None;None;None;BDSUM00;;;;FIGRING3;;DOGWAWP;;;;0;bg1;Astral Hound
DOGWI;ANIMAL;DOG;DOG_WILD;DOG_WILD;None;;1;MALE;MALE;ENEMY;dw#gpshm;WILDDOG;None;None;dw1melmo;;;;;;P1-4;;;;35;bg1;Wild Dog
DOGWISU;ANIMAL;DOG;DOG_WILD;DOG_WILD;None;;1;SUMMONED;SUMMONED;CONTROLLED;WILDDOG;None;None;None;BDSUM00;;;;;;P1-4;;;;0;bg1;Wild Dog
DOOMDUR;MONSTER;GOLEM;NO_CLASS;FIGHTER_MALE_DWARF;None;None;8;MALE;158;NEUTRAL;dw#gpsht;DOOMDUR;None;;dw1melmo;HELM13;SHLD18;RING95;;;SW1H11;;;;2000;bg1;Dwarven Doom Guard
DOOMGU;MONSTER;GOLEM;GOLEM_IRON;FIGHTER_MALE_HUMAN;None;None;8;MALE;MALE;ENEMY;None;None;None;None;dw1melmo;HELM13;SHLD18;RING95;;;SW1H11;;;;2000;bg1;Doom Guard
DOOMSA;MONSTER;GOLEM;GOLEM_IRON;FIGHTER_MALE_HUMAN;Doomsayer;DOOMSAY;6;MALE;MALE;NEUTRAL;REDBAKE;initdlg;None;None;dw1melmo;HELM13;;RING95;;;FBLADE;;;;4000;bg1;Doomsayer
DOPALD;MONSTER;DOPPLEGANGER;DOPPLEGANGER;FAT_MAN;dopald;;1;MALE;MALE;NEUTRAL;dopald;;None;None;WTRUNSGT;;;;;;;;;;15;bg1;Merchant
DOPDOP;MONSTER;DOPPLEGANGER;DOPPLEGANGER_GREATER;DOPPLEGANGER_GREATER;Dopdop;;9;NIETHER;MALE;ENEMY;DOPDOP;;MOVEP1;None;dw1melge;;;;;;S1-12;;;;4000;bg1;Greater Doppelganger
DOPDUR;MONSTER;DOPPLEGANGER;FIGHTER;FIGHTER_MALE_DWARF;DOPDUR;None;18;MALE;MALE;ENEMY;DOPDUR;;MOVEP1;None;dw1melge;;SHLD03;;;;AX1H01;;;;4000;bg1;Durlag Trollkiller
DOPDUR1;MONSTER;DOPPLEGANGER;DOPPLEGANGER_GREATER;FIGHTER_MALE_DWARF;DOPDUR1;DOPDUR1;9;MALE;MALE;NEUTRAL;RR#PICKP;DOPDUR1;None;None;None;;SHLD03;RING92;;;AX1H01;;;;4000;bg1;Durlag Trollkiller
DOPDUR2;MONSTER;DOPPLEGANGER;DOPPLEGANGER_GREATER;FIGHTER_MALE_DWARF;DOPDUR2;DOPDUR2;18;MALE;MALE;NEUTRAL;RR#PICKP;DOPDUR2;None;None;None;;SHLD03;;;;AX1H01;;;;4000;bg1;Durlag Trollkiller
DOPDUR3;MONSTER;DOPPLEGANGER;DOPPLEGANGER_GREATER;FIGHTER_MALE_DWARF;DOPDUR3;DOPDUR3;18;MALE;MALE;NEUTRAL;RR#PICKP;DOPDUR3;None;None;None;;SHLD03;RING93;;;AX1H01;;;;4000;bg1;Durlag Trollkiller
DOPFUE;MONSTER;DOPPLEGANGER;BARD;THIEF_MALE_DWARF;DOPFUE;None;3;MALE;MALE;ENEMY;DOPFUE;;;MOVEP1;dw#mg56;;;;;;BOW01;SW1H07;;;4000;bg1;Fuernebol
DOPISL;MONSTER;DOPPLEGANGER;MAGE;MAGE_FEMALE_DWARF;DOPISL;None;10;FEMALE;FEMALE;ENEMY;DOPISL;;;None;dw#mg157;;;;;;STAF01;;;;4000;bg1;Islanne
DOPKIE;MONSTER;DOPPLEGANGER;DOPPLEGANGER;CLERIC_MALE_DWARF;DOPKIE;None;8;MALE;MALE;ENEMY;DOPKIE;;priest5;None;dw1melge;;SHLD09;;;;BLUN02;;;;4000;bg1;Kiel the Legion Killer
DOPMER;MONSTER;DOPPLEGANGER;DOPPLEGANGER;FAT_MAN;SSDopple;Dopmer;1;MALE;MALE;NEUTRAL;RR#PICKP;DOPPSS;None;None;WTRUNSGT;;;;;;;;;;15;bg1;Merchant
DOPPGR;MONSTER;DOPPLEGANGER;DOPPLEGANGER_GREATER;DOPPLEGANGER_GREATER;None;;9;NIETHER;MALE;ENEMY;DOPSPELL;None;None;None;dw1melge;;;;;;S1-12;;;;4000;bg1;Greater Doppelganger
DOPPL7;MONSTER;DOPPLEGANGER;DOPPLEGANGER;DOPPLEGANGER;None;;1;NIETHER;MALE;ENEMY;None;None;None;None;dw1melge;;;;;;S1-12;;;;420;bg1;Doppelganger
DOPPLE;MONSTER;DOPPLEGANGER;DOPPLEGANGER;DOPPLEGANGER;None;;4;NIETHER;MALE;ENEMY;None;None;None;None;dw1melge;;;;;;S1-12;;;;420;bg1;Doppelganger
DOPPSM;HUMANOID;HUMAN;INNOCENT;FAT_MAN;None;Doppsm;1;MALE;MALE;NEUTRAL;INITDLG;None;None;None;WTRUNSGT;;;;;;;;;;15;bg1;Merchant
DOPPSS;MONSTER;DOPPLEGANGER;DOPPLEGANGER;DOPPLEGANGER;SSDopple;;1;NIETHER;MALE;ENEMY;None;DOPPLE;None;None;dw1melge;;;;;;S1-12;;;;420;bg1;Doppelganger
DOPZORL;MONSTER;DOPPLEGANGER;DOPPLEGANGER;DOPPLEGANGER;dopzorl;;1;NIETHER;MALE;ENEMY;None;DOPZORL;None;None;dw1melge;;;;;;S1-12;;;;420;bg1;Doppelganger
DORN;HUMANOID;HALFORC;PALADIN;FIGHTER_MALE_HALFORC;DORN;DORN;1;MALE;MALE;NEUTRAL;dorn;None;None;WTASIGHT;DPLAYER;;;;;;;;SW2HD1;;0;bg1;Dorn
DORN2;HUMANOID;HALFORC;PALADIN;FIGHTER_MALE_HALFORC;DORN;DORN;2;MALE;MALE;NEUTRAL;dorn;None;None;WTASIGHT;DPLAYER;;;;;;;;SW2HD1;;0;bg1;Dorn
DORN4;HUMANOID;HALFORC;PALADIN;FIGHTER_MALE_HALFORC;DORN;DORN;4;MALE;MALE;NEUTRAL;dorn;None;None;WTASIGHT;DPLAYER;HELM01;;;;;;;SW2HD1;;0;bg1;Dorn
DORN6;HUMANOID;HALFORC;PALADIN;FIGHTER_MALE_HALFORC;DORN;DORN;6;MALE;MALE;NEUTRAL;dorn;None;None;WTASIGHT;DPLAYER;HELM01;;;;;;;SW2HD1;;0;bg1;Dorn
DORN7;HUMANOID;HALFORC;PALADIN;FIGHTER_MALE_HALFORC;DORN;BDDORN;6;MALE;MALE;NEUTRAL;BDDORN;BDDORNC;;;;HELM01;;BDRING06;;;SW2HD1;XBOW01;;;0;bg1;Dorn
DOROTEA;HUMANOID;ELF;CLERIC;CLERIC_FEMALE_ELF;DOROTEA;DOROTEA;4;FEMALE;FEMALE;NEUTRAL;DOROTEA;;None;None;dw#pr17;;SHLD02;;;;;BLUN02;;;200;bg1;Dorotea
DRADEE;HUMANOID;ELF;MAGE;MAGE_MALE_ELF;dradeel;DRADEE;20;MALE;158;NEUTRAL;INITDLG;DRADEEL;None;None;dw1melge;;;;;AMUL18;;;;;3000;bg1;Dradeel
DRADEE2;HUMANOID;ELF;MAGE;MAGE_MALE_ELF;dradeel;DRADEE2;20;MALE;158;NEUTRAL;INITDLG;DRADEEL;None;None;dw1melge;;;;;AMUL18;;;;;3000;bg1;Dradeel
DRAKAR;HUMANOID;HUMAN;FIGHTER_CLERIC;FIGHTER_MALE_HUMAN;DRAKAR;None;5;MALE;MALE;ENEMY;dw#c3as1;;None;None;dw#pr18;HELM01;SHLD03;;;;BLUN07;;;;1200;bg1;Drakar
DRASUS;HUMANOID;HUMAN;FIGHTER;FIGHTER_MALE_HUMAN;DRASUS;drasus;10;MALE;MALE;NEUTRAL;dw#gpsht;DRASUS;None;None;dw1melbe;;SHLD03;;;;BLUN07;;;;1400;bg1;Drasus
DRATAN;HUMANOID;HUMAN;FIGHTER;FIGHTER_MALE_HUMAN;None;dratan;3;MALE;MALE;NEUTRAL;dw#gpsht;INITDLG;;LEAVECH7;dw1range;;;;;;BOW03;DAGG01;;;240;bg1;Dra'tan
DRELIK;HUMANOID;HALF_ELF;MAGE_THIEF;THIEF_MALE_ELF;DRELIK;DRELIK;9;MALE;MALE;NEUTRAL;;INITDLG;;;dw#mg57;;;;;;SW1H08;;;;1200;bg1;Drelik
DREPPI;HUMANOID;HUMAN;INNOCENT;CLERIC_MALE_HUMAN;None;dreppi;3;MALE;MALE;NEUTRAL;dw#urbhl;None;None;None;dw1melge;;;;;;STAF01;;;;120;bg1;Dreppin
DREPPI2;HUMANOID;HUMAN;INNOCENT;CLERIC_MALE_HUMAN;None;dreppi2;3;MALE;MALE;NEUTRAL;dw#urbhl;None;None;None;dw1melge;;;;;;STAF01;;;;120;bg1;Dreppin
DREPPI3;MONSTER;DOPPLEGANGER;DOPPLEGANGER;CLERIC_MALE_HUMAN;None;dreppi3;3;NIETHER;MALE;NEUTRAL;None;INITDLG;LDCHANGE;None;dw1melge;;;;;;STAF01;;;;420;bg1;Dreppin
DRIBBE;HUMANOID;HUMAN;FIGHTER;FIGHTER_MALE_HUMAN;DRIBBEN;None;6;MALE;MALE;NEUTRAL;dw#gpsht;;None;None;dw1range;;;;;;BOW03;SW1H07;;;150;bg1;Dribben
DRIENN;HUMANOID;HUMAN;INNOCENT;STATIC_GIRL;drienn;drienn;0;FEMALE;FEMALE;NEUTRAL;RR#PICKP;dw#innhl;None;None;None;;;;;;;;;;7;bg1;Drienne
DRIZZATT;HUMANOID;ELF;INNOCENT;DRIZZT;None;None;16;MALE;MALE;ENEMY;None;None;None;None;dw1melge;HELMNOAN;SW1H15;;;;SW1H16;;;;0;bg1;Drizzt
DRIZZDEF;HUMANOID;ELF;INNOCENT;DRIZZT;None;None;16;MALE;MALE;PC;None;Seeenemy;None;None;dw1melge;HELMNOAN;SW1H15;;;GOBOOM3;SW1H16;;;;0;bg1;Drizzt
DRIZZT;HUMANOID;ELF;INNOCENT;DRIZZT;DRIZZT;DRIZZT;16;MALE;MALE;NEUTRAL;SHOUTDLG;DRIZZT;None;;dw1melge;HELMNOAN;SW1H15;;;;SW1H16;;;;12000;bg1;Drizzt
DROTH;HUMANOID;OGRE;OGRE_MAGE;OGRE_MAGE;Droth;DROTH;5;MALE;MALE;NEUTRAL;RR#PICKP;dw#shdlg;;None;dw#mg58;HELM04;;;;;SW1H43;;;;975;bg1;Droth
DRUID2;HUMANOID;HUMAN;DRUID;CLERIC_MALE_HUMAN;None;DRUID2;3;MALE;MALE;NEUTRAL;RR#PICKP;None;None;None;dw1melge;;;;;;STAF01;;;;120;bg1;Druid
DRUID3;HUMANOID;HUMAN;DRUID;CLERIC_MALE_HUMAN;Druid3;r2;3;MALE;MALE;NEUTRAL;RR#PICKP;DRUID3;None;None;dw#pr19;;;;;;STAF01;;;;120;bg1;Druid
DRUIDC;HUMANOID;HUMAN;DRUID;CLERIC_MALE_HUMAN;None;DRUIDC;3;MALE;MALE;NEUTRAL;RR#PICKP;None;None;None;dw1melge;;;;;;STAF01;;;;120;bg1;Druid
DRUNK;HUMANOID;HUMAN;INNOCENT;PEASANT_MAN;drunk;DRUNK;0;MALE;MALE;NEUTRAL;dw#innhl;None;RUNENEMY;None;WTRUNSGT;;;;;;DAGG01;;;;3;bg1;Drunk
DRUNK2;HUMANOID;HUMAN;INNOCENT;PEASANT_MAN;None;drunk2;0;MALE;MALE;NEUTRAL;dw#innhl;None;RUNENEMY;None;WTRUNSGT;;;;;;;;;;3;bg1;Drunk
DRYAD;HUMANOID;FAIRY;INNOCENT;SIRINE;CDryad;dryad;2;FEMALE;FEMALE;NEUTRAL;INITDLG;;None;None;dw1melge;;;;;;DAGG01;;;;975;bg1;Dryad of the Cloud Peaks
DRYADHA;HUMANOID;FAIRY;FIGHTER;SIRINE;None;none;8;FEMALE;FEMALE;ENEMY;HAMA;None;None;None;dw1melge;;;;;ANTIWEB;DAGG01;;;;650;bg1;Hamadryad
DUMFUE;HUMANOID;GOLEM;GOLEM_IRON;DOOM_GUARD;dumfue;None;30;MALE;158;NOTEVIL;DUMFUE;None;None;None;None;;;;;;;;;;0;bg1;Sparring Dummy
DUMISL;HUMANOID;GOLEM;GOLEM_IRON;DOOM_GUARD;dumisl;None;30;FEMALE;FEMALE;NOTEVIL;DUMISL;None;None;None;None;;;;;;;;;;0;bg1;Sparring Dummy
DUMKIE;HUMANOID;GOLEM;GOLEM_IRON;DOOM_GUARD;dumkie;None;30;MALE;158;NOTEVIL;DUMKIE;None;None;None;None;;;;;;;;;;0;bg1;Sparring Dummy
DUN;HUMANOID;HUMAN;INNOCENT;FAT_MAN;DUN;dun;1;MALE;MALE;NEUTRAL;dw#innhl;INITDLG;None;WTRUNSGT;None;;;;;;;;;;15;bg1;Dun
DUNKIN;HUMANOID;HUMAN;INNOCENT;FIGHTER_MALE_HUMAN;Dunkin;dunkin;2;MALE;MALE;NEUTRAL;RR#PICKP;None;None;None;dw1melge;;;;;;;;;;15;bg1;Dunkin
DUPLICA1;HUMANOID;GOLEM;GOLEM_FLESH;OGRILLON;duplica1;None;15;MALE;MALE;ENEMY;None;;None;None;dw1melmo;;;;;;SW2H01;;;;0;bg1;Mirror Fiend
DUPLICA2;MONSTER;ETTERCAP;ETTERCAP;ETTERCAP;duplica2;None;5;NIETHER;MALE;ENEMY;None;None;ETTERCAP;None;None;;;;;ANTIWEB;ETTERC1;ETTERC2;;;650;bg1;Mirror Fiend
DUPLICA3;MONSTER;DOPPLEGANGER;MAGE;DOPPLEGANGER_GREATER;Duplica3;None;9;NIETHER;MALE;ENEMY;;None;None;None;dw#mg59;;;;;;S1-12;;;;4000;bg1;Mirror Fiend
DUPLICA4;MONSTER;ETTERCAP;ETTERCAP;ETTERCAP;duplica4;None;5;NIETHER;MALE;ENEMY;None;None;ETTERCAP;None;None;;;;;ANTIWEB;ETTERC1;ETTERC2;;;650;bg1;Mirror Fiend
DUPLICA5;MONSTER;ETTERCAP;ETTERCAP;ETTERCAP;duplica5;None;5;NIETHER;MALE;ENEMY;None;None;ETTERCAP;None;None;;;;;ANTIWEB;ETTERC1;ETTERC2;;;650;bg1;Mirror Fiend
DUPLICA6;MONSTER;DOPPLEGANGER;MAGE;DOPPLEGANGER_GREATER;Duplica6;None;9;NIETHER;MALE;ENEMY;;None;None;None;dw#mg60;;;;;;S1-12;;;;4000;bg1;Mirror Fiend
DURLAGT;HUMANOID;SPECTRE;INNOCENT;FIGHTER_MALE_DWARF_LOW;DurlagT;DURLAGT;14;MALE;MALE;NEUTRAL;SHOUTDLG;None;None;None;None;;;GHOST2;;;;;;;175;bg1;Durlag Trollkiller
DURLYL;MONSTER;LYCANTHROPE;INNOCENT;FIGHTER_MALE_HUMAN;DURLYLE;durlyle1;6;MALE;MALE;NEUTRAL;WEREWOLF;None;None;None;dw1melge;;;;;;;;;;900;bg1;Durlyle
DURLYL2;MONSTER;LYCANTHROPE;FIGHTER;FIGHTER_MALE_HUMAN;DURLYLE;durlyle2;6;MALE;MALE;NEUTRAL;INITDLG;None;None;None;dw1melge;;;;;;;;;;1200;bg1;Durlyle
DURSWORD;HUMANOID;SWORD;LONG_SWORD;DOOM_GUARD;DURSWORD;DURSWORD;1;NIETHER;MALE;NEUTRAL;DURSWORD;None;None;None;None;;;;;;;;;;0;bg1;Durlag's Pride
DUSHAI;HUMANOID;GNOME;INNOCENT;CLERIC_FEMALE_GNOME;Dushai;DUSHAI;9;FEMALE;FEMALE;NEUTRAL;dw#urbhl;RR#PICKP;x#mag10c;x#prs10b;dw1melge;;;RING09;;;BLUN04;;;;2001;bg1;Dushai
DYNAHE;HUMANOID;HUMAN;MAGE;MAGE_FEMALE_HUMAN;Dynaheir;dynahe;1;FEMALE;FEMALE;NEUTRAL;DYNAHEIR;None;None;WTRUNSGT;DPLAYER;;;;;;;;;;0;bg1;Dynaheir
DYNAHE2;HUMANOID;HUMAN;MAGE;MAGE_FEMALE_HUMAN;Dynaheir;dynahe;2;FEMALE;FEMALE;NEUTRAL;DYNAHEIR;None;None;WTRUNSGT;DPLAYER;;;;;;;;;;0;bg1;Dynaheir
DYNAHE4;HUMANOID;HUMAN;MAGE;MAGE_FEMALE_HUMAN;Dynaheir;dynahe;4;FEMALE;FEMALE;NEUTRAL;DYNAHEIR;None;None;WTRUNSGT;DPLAYER;;;;;;;;;;0;bg1;Dynaheir
DYNAHE6;HUMANOID;HUMAN;MAGE;MAGE_FEMALE_HUMAN;Dynaheir;dynahe;6;FEMALE;FEMALE;NEUTRAL;DYNAHEIR;None;None;WTRUNSGT;DPLAYER;;;;;;;;;;0;bg1;Dynaheir
DYNAHE7;HUMANOID;HUMAN;MAGE;MAGE_FEMALE_HUMAN;DYNAHEIR;BDDYNAHE;7;FEMALE;FEMALE;NEUTRAL;BDDYNAHE;BDDYNAC;;;;;;;;AMUL15;STAF02;SLNG02;;;0;bg1;Dynaheir
E31;HUMANOID;HALFLING;THIEF;THIEF_FEMALE_HALFLING;alora;alora;6;FEMALE;FEMALE;PC;None;None;None;None;WTATTWAT;;;;;;DAGG01;;;;0;bg1;Alora
E32;HUMANOID;HUMAN;RANGER;FIGHTER_MALE_HUMAN;Minsc;minsc;6;MALE;MALE;PC;None;None;None;None;WTATTWAT;;;RING06;;;SW2H02;BOW02;;;0;bg1;Minsc
E33;HUMANOID;HALFLING;THIEF;THIEF_FEMALE_HALFLING;alora;None;6;FEMALE;FEMALE;PC;None;None;None;None;None;;;;;AMUL01;DART02;SW1H10;;;0;bg1;Alora
E34;HUMANOID;ELF;FIGHTER_THIEF;FIGHTER_MALE_ELF;Coran;coran;5;MALE;MALE;PC;None;None;None;None;WTATTWAT;;;;;;BOW07;SW1H06;;;0;bg1;Coran
E35;HUMANOID;HUMAN;MAGE;MAGE_MALE_HUMAN;Edwin;edwin;6;MALE;MALE;PC;None;None;None;None;WTATTWAT;;;RING06;;;STAF01;;;;0;bg1;Edwin
E36;HUMANOID;HALF_ELF;FIGHTER_DRUID;FIGHTER_FEMALE_ELF;jaheira;jaheir;5;FEMALE;FEMALE;PC;None;None;None;None;WTATTWAT;HELM04;;;;;STAF02;;;;0;bg1;Jaheira
EAGLE;ANIMAL;NO_RACE;INNOCENT;EAGLE;None;None;1;MALE;MALE;NEUTRAL;None;None;RANDFLY;None;None;;;;;;;;;;1;bg1;Eagle
EDIE;HUMANOID;HUMAN;INNOCENT;STATIC_PEASANT_WOMAN;Edie;UBEDIE;1;FEMALE;FEMALE;NEUTRAL;dw#innhl;None;None;None;None;;;;;;;;;;15;bg1;Edie
EDWIN;HUMANOID;HUMAN;MAGE;MAGE_MALE_HUMAN;Edwin;edwin;1;MALE;MALE;NEUTRAL;Edwin;MAGE1;None;WTASIGHT;DPLAYER;;;;;MISC89;STAF01;;;;0;bg1;Edwin
EDWIN2;HUMANOID;HUMAN;MAGE;MAGE_MALE_HUMAN;Edwin;edwin;2;MALE;MALE;NEUTRAL;Edwin;MAGE1;None;WTASIGHT;DPLAYER;;;;;MISC89;STAF01;;;;0;bg1;Edwin
EDWIN4;HUMANOID;HUMAN;MAGE;MAGE_MALE_HUMAN;Edwin;edwin;4;MALE;MALE;NEUTRAL;Edwin;MAGE5;None;WTASIGHT;DPLAYER;;;;;MISC89;STAF01;;;;0;bg1;Edwin
EDWIN6;HUMANOID;HUMAN;MAGE;MAGE_MALE_HUMAN;Edwin;edwin;6;MALE;MALE;NEUTRAL;Edwin;MAGE5;None;WTARSGT;DPLAYER;;;;;MISC89;STAF01;;;;0;bg1;Edwin
EDWIN7;HUMANOID;HUMAN;MAGE;MAGE_MALE_HUMAN;EDWIN;BDEDWIN;7;MALE;MALE;NEUTRAL;BDEDWIN;;BDSHOUT;BDMAGE01;;;;;;MISC89;STAF02;BDDAGG04;;;0;bg1;Edwin
EFREETSU;GIANTHUMANOID;GENIE;GENIE_EFREETI;DJINNI_LEGS;None;;5;SUMMONED;SUMMONED;CONTROLLED;None;None;None;EFREET01;BDSUM00;;;;;;B3-24;;;;0;bg1;Efreeti
ELAIRSU1;MONSTER;ELEMENTAL;ELEMENTAL_AIR;ELEMENTAL_AIR_SMALL;NONE;;8;SUMMONED;MALE;ALLY;;;;;DVMELEE;;;IMMUNE1;ELEMTYPE;;ELAIRSU1;;;;0;bg1;Lesser Air Elemental
ELAIRSU2;MONSTER;ELEMENTAL;ELEMENTAL_AIR;ELEMENTAL_AIR;NONE;;12;SUMMONED;MALE;ALLY;;;;;DVMELEE;;;IMMUNE1;ELEMTYPE;;ELAIRSU2;;;;0;bg1;Air Elemental
ELAIRSU3;MONSTER;ELEMENTAL;ELEMENTAL_AIR;ELEMENTAL_AIR;NONE;;16;SUMMONED;MALE;ALLY;;;;;DVMELEE;;;IMMUNE1;ELEMTYPE;;ELAIRSU3;;;;0;bg1;Greater Air Elemental
ELAIRSU4;GIANTHUMANOID;ELEMENTAL;ELEMENTAL_AIR;ELEMENTAL_AIR;None;;24;SUMMONED;MALE;CONTROLLED;WIZELSU2;None;None;None;BDSUM00;;;IMMUNE2;;;B1-20M4;;;;0;bg1;Elder Air Elemental
ELAIRSUW;MONSTER;ELEMENTAL;ELEMENTAL_AIR;ELEMENTAL_AIR_SMALL;None;;8;SUMMONED;SUMMONED;CONTROLLED;WIZELSU2;None;None;None;BDSUM00;;;IMMUNE2;;;B1-20M4;;;;0;bg1;Air Elemental
ELDOTD;HUMANOID;HUMAN;BARD;THIEF_MALE_HUMAN;None;eldotd;4;MALE;MALE;PC;None;None;None;None;dw1melge;;;;;;DAGG01;;;;0;bg1;Eldoth
ELDOTH;HUMANOID;HUMAN;BARD;THIEF_MALE_HUMAN;ELDOTH;eldoth;3;MALE;MALE;NEUTRAL;ELDOTH;None;MAGE5;WTASIGHT;DPLAYER;;;;;;SW1H20;;;;0;bg1;Eldoth
ELDOTH5;HUMANOID;HUMAN;BARD;THIEF_MALE_HUMAN;ELDOTH;eldoth;5;MALE;MALE;NEUTRAL;Eldoth;None;MAGE5;WTARSGT;DPLAYER;;;;;;BOW03;;;;0;bg1;Eldoth
ELEARG01;GIANTHUMANOID;ELEMENTAL;ELEMENTAL_EARTH;ELEMENTAL_EARTH;None;;10;SUMMONED;SUMMONED;ENEMY;GENSHT01;None;None;None;dw1melge;;;IMMUNE2;;;ELEAR;;;;0;bg1;Greater Earth Elemental
ELEARPR;MONSTER;ELEMENTAL;ELEMENTAL_EARTH;ELEMENTAL_EARTH;None;;12;SUMMONED;SUMMONED;CONTROLLED;None;None;None;None;BDSUM00;;;IMMUNE2;;;B4-32M4;;;;0;bg1;Earth Elemental
ELEARPR2;MONSTER;ELEMENTAL;ELEMENTAL_EARTH;ELEMENTAL_EARTH;None;;16;SUMMONED;SUMMONED;CONTROLLED;None;None;None;None;BDSUM00;;;IMMUNE2;;;B4-32M4;;;;0;bg1;Greater Earth Elemental
ELEARPR3;MONSTER;ELEMENTAL;ELEMENTAL_EARTH;ELEMENTAL_EARTH;None;;24;SUMMONED;SUMMONED;CONTROLLED;None;None;None;None;BDSUM00;;;IMMUNE2;;;B4-32M4;;;;0;bg1;Elder Earth Elemental
ELEARSU2;MONSTER;ELEMENTAL;ELEMENTAL_EARTH;ELEMENTAL_EARTH;NONE;;12;SUMMONED;MALE;ALLY;;;;;DVMELEE;;;IMMUNE1;ELEMTYPE;;ELEARSU2;;;;0;bg1;Earth Elemental
ELEARSU3;MONSTER;ELEMENTAL;ELEMENTAL_EARTH;ELEMENTAL_EARTH;NONE;;16;SUMMONED;MALE;ALLY;;;;;DVMELEE;;;IMMUNE1;ELEMTYPE;;ELEARSU3;;;;0;bg1;Greater Earth Elemental
ELEARSU4;MONSTER;ELEMENTAL;ELEMENTAL_EARTH;ELEMENTAL_EARTH;None;;24;SUMMONED;SUMMONED;CONTROLLED;WIZELSU2;None;None;None;BDSUM00;;;IMMUNE2;;;B4-32M4;;;;0;bg1;Elder Earth Elemental
ELEARSUW;MONSTER;ELEMENTAL;ELEMENTAL_EARTH;ELEMENTAL_EARTH_SMALL;None;;8;SUMMONED;SUMMONED;CONTROLLED;WIZELSUM;None;None;None;BDSUM00;;;IMMUNE2;;;B4-32;;;;0;bg1;Lesser Earth Elemental
ELEMCHAN;GIANTHUMANOID;ELEMENTAL;ELEMENTAL_AIR;ELEMENTAL_AIR;elemchan;;20;MALE;MALE;CONTROLLED;ELEMCHAN;None;None;None;DVMELEE;;;ELEMTYPE;;;ELEMCHAN;;;;56000;bg1;Chan
ELEMSUNN;GIANTHUMANOID;ELEMENTAL;ELEMENTAL_EARTH;ELEMENTAL_EARTH;elemsunn;;20;FEMALE;MALE;CONTROLLED;ELEMSUNN;None;None;None;DVMELEE;;;ELEMTYPE;;;ELEMSUNN;;;;58000;bg1;Sunnis
ELEMZAAM;GIANTHUMANOID;ELEMENTAL;ELEMENTAL_FIRE;ELEMENTAL_FIRE;elemzaam;;20;MALE;MALE;CONTROLLED;ELEMZAAM;None;None;None;DVMELEE;;;ELEMTYPE;;;ELEMZAAM;;;;46000;bg1;Zaaman Rul
ELFIRPR;GIANTHUMANOID;ELEMENTAL;ELEMENTAL_FIRE;ELEMENTAL_FIRE_SMALL;None;;12;SUMMONED;SUMMONED;CONTROLLED;None;None;None;None;BDSUM00;;;IMMUNE2;;;FIREELEM;;;;0;bg1;Fire Elemental
ELFIRPR2;GIANTHUMANOID;ELEMENTAL;ELEMENTAL_FIRE;ELEMENTAL_FIRE;None;;16;SUMMONED;SUMMONED;CONTROLLED;None;None;None;None;BDSUM00;;;IMMUNE2;;;FIREELEM;;;;0;bg1;Greater Fire Elemental
ELFIRPR3;GIANTHUMANOID;ELEMENTAL;ELEMENTAL_FIRE;ELEMENTAL_FIRE;None;;24;SUMMONED;SUMMONED;CONTROLLED;None;None;None;None;BDSUM00;;;IMMUNE2;;;FIREELEM;;;;0;bg1;Elder Fire Elemental
ELFIRSU1;GIANTHUMANOID;ELEMENTAL;ELEMENTAL_FIRE;ELEMENTAL_FIRE_SMALL;NONE;;8;SUMMONED;MALE;ALLY;;;;;DVMELEE;;;IMMUNE1;ELEMTYPE;;ELFIRSU1;;;;0;bg1;Lesser Fire Elemental
ELFIRSU2;GIANTHUMANOID;ELEMENTAL;ELEMENTAL_FIRE;ELEMENTAL_FIRE;NONE;;12;SUMMONED;MALE;ALLY;;;;;DVMELEE;;;IMMUNE1;ELEMTYPE;;ELFIRSU2;;;;0;bg1;Fire Elemental
ELFIRSU3;GIANTHUMANOID;ELEMENTAL;ELEMENTAL_FIRE;ELEMENTAL_FIRE;NONE;;16;SUMMONED;MALE;ALLY;;;;;DVMELEE;;;IMMUNE1;ELEMTYPE;;ELFIRSU3;;;;0;bg1;Greater Fire Elemental
ELFIRSU4;GIANTHUMANOID;ELEMENTAL;ELEMENTAL_FIRE;ELEMENTAL_FIRE;None;;24;SUMMONED;SUMMONED;CONTROLLED;WIZELSU2;None;None;None;BDSUM00;;;IMMUNE2;;;FIREELEM;;;;0;bg1;Elder Fire Elemental
ELFIRSUW;GIANTHUMANOID;ELEMENTAL;ELEMENTAL_FIRE;ELEMENTAL_FIRE_SMALL;None;;12;SUMMONED;SUMMONED;CONTROLLED;WIZELSUM;None;None;None;BDSUM00;;;IMMUNE2;;;FIREELEM;;;;0;bg1;Lesser Fire Elemental
ELKART;HUMANOID;HUMAN;FIGHTER;FIGHTER_MALE_HUMAN;Elkart;ELKART;1;MALE;MALE;NEUTRAL;dw#urbhl;None;None;None;dw1range;;;;;;SW1H79;BOW01;;;65;bg1;Elkart
ELMIN1;HUMANOID;HUMAN;INNOCENT;ELMINSTER;None;elmin1;29;MALE;MALE;NEUTRAL;dw#urbhl;INITDLG;None;ELMIN;dw1melge;;;;;;STAF01;;;;26000;bg1;Old Man
ELMIN2;HUMANOID;HUMAN;INNOCENT;ELMINSTER;None;elmin2;29;MALE;MALE;NEUTRAL;INITDLG;None;None;ELMIN;wtrunsgt;;;;;;STAF01;;;;26000;bg1;Elminster
ELMIN3;HUMANOID;HUMAN;INNOCENT;ELMINSTER;elmin3;ELMIN3;29;MALE;MALE;NEUTRAL;INITDLG;None;None;ELMIN;WTRUNSGT;;;;;;STAF01;;;;26000;bg1;Elminster
ELMIN5;HUMANOID;HUMAN;INNOCENT;ELMINSTER;elminster5;elmin5;29;MALE;MALE;NEUTRAL;INITDLG;None;None;ELMIN;wtrunsgt;;;;;;STAF01;;;;26000;bg1;Elminster
ELMINS;MONSTER;DOPPLEGANGER;DOPPLEGANGER_GREATER;ELMINSTER;None;elmins4;29;NIETHER;MALE;NEUTRAL;;INITDLG;None;None;dw1melge;;;;;;STAF01;;;;26000;bg1;Elminster
ELMINS4;MONSTER;DOPPLEGANGER;DOPPLEGANGER_GREATER;ELMINSTER;Elmins4;elmins4;29;NIETHER;MALE;NEUTRAL;None;ELMINS4;GDCHANGE;None;dw1melge;;;;;;STAF01;;;;1000;bg1;Elminster
EMERSO;HUMANOID;HUMAN;INNOCENT;FIGHTER_MALE_HUMAN;Emerson;emerso;3;MALE;MALE;NEUTRAL;dw#urbhl;EMERSON;None;None;dw1melge;;;;;;BLUN01;;;;175;bg1;Emerson
EMITAR;HUMANOID;HUMAN;INNOCENT;FAT_WOMAN;None;emitar;1;FEMALE;FEMALE;NEUTRAL;dw#innhl;EMITAR;LEAVECH7;RUNENEMY;WDRUNSGT;;;;;;;;;;15;bg1;Emissary Tar
EMITAR2;HUMANOID;HUMAN;INNOCENT;FAT_WOMAN;None;None;1;FEMALE;FEMALE;NEUTRAL;LEAVECH7;None;None;None;None;;;;;;;;;;15;bg1;Body of Emissary Tar
EMITAR3;MONSTER;DOPPLEGANGER;DOPPLEGANGER;FAT_WOMAN;EMITAR3;None;1;FEMALE;FEMALE;NEUTRAL;dw#gpsht;LEAVECH7;None;None;None;;;;;;;;;;15;bg1;Emissary Tar
ENDER;HUMANOID;ELF;INNOCENT;THIEF_MALE_ELF;ender;ENDER;4;MALE;MALE;NEUTRAL;RR#PICKP;None;None;None;dw1melge;;;;;;;;;;90;bg1;Ender Sai
ENNAHE;HUMANOID;HUMAN;INNOCENT;PEASANT_WOMAN;None;ennahe;1;FEMALE;FEMALE;NEUTRAL;RR#PICKP;WDRUNSGT;None;None;None;;;;;;;;;;15;bg1;Enna Hendrik
ENTAR;HUMANOID;HUMAN;FIGHTER;FIGHTER_MALE_HUMAN;Entar;entar;21;MALE;MALE;NEUTRAL;entar;None;None;None;dw1melge;;SHLD03;;;;SW1H05;;;;6500;bg1;Entar Silvershield
ENTILL;HUMANOID;ELF;INNOCENT;MAGE_MALE_ELF;ENTILLIS;entill;11;MALE;MALE;NEUTRAL;LEAVECH7;INITMAIN;;None;dw#mg3;;;;;;DAGG01;;;;2700;bg1;Entillis Fulsom
ERDANE;HUMANOID;HUMAN;THIEF;THIEF_MALE_HUMAN;erdane;erdane;7;MALE;MALE;NEUTRAL;dw#urbhl;None;RUNENEMY;None;WTRUNSGT;;;;;;;;;;70;bg1;Erdane
ERIK;HUMANOID;HUMAN;NO_CLASS;FIGHTER_MALE_HUMAN;erik;ERIK;3;MALE;MALE;NEUTRAL;ERIK;;None;None;dw1range;;;;;;BOW05;STAF04;;;175;bg1;Erik
ERIK3;MONSTER;DOPPLEGANGER;DOPPLEGANGER;FIGHTER_MALE_HUMAN;erik3;None;3;NIETHER;MALE;NEUTRAL;None;None;LDCHANGE;None;dw1range;;;;;;BOW03;;;;420;bg1;Erik
ERIM;HUMANOID;GNOME;THIEF;THIEF_MALE_GNOME;ERIM;MULTIG;8;MALE;MALE;NEUTRAL;None;None;None;None;;;;;;;;;;;0;bg1;Erim
ERLINH;HUMANOID;HUMAN;INNOCENT;PEASANT_MAN;None;erlinh;1;MALE;MALE;NEUTRAL;INITDLG;WDRUNWAT;None;None;WTRUNSGT;;;;;;;;;;15;bg1;Erlin Hendrik
ETTERC;MONSTER;ETTERCAP;ETTERCAP;ETTERCAP;None;;5;NIETHER;MALE;ENEMY;dw#gpshm;None;ETTERCAP;None;None;;;;;ANTIWEB;ETTERC1;ETTERC2;;;650;bg1;Ettercap
ETTERC1;MONSTER;ETTERCAP;ETTERCAP;ETTERCAP;None;;5;NIETHER;MALE;ENEMY;dw#gpshm;None;ETTERCAP;None;None;;;;;ANTIWEB;ETTERC1;ETTERC2;;;650;bg1;Ettercap
ETTERCSU;MONSTER;ETTERCAP;ETTERCAP;ETTERCAP;None;;5;SUMMONED;MALE;CONTROLLED;None;None;ETTERCAP;None;None;;;;;ANTIWEB;ETTERC1;ETTERC2;;;0;bg1;Ettercap
EURIC;HUMANOID;HUMAN;INNOCENT;STATIC_BOY;Euric;EURIC;1;MALE;MALE;NEUTRAL;dw#innhl;None;None;None;None;;;;;;;;;;7;bg1;Euric
EVALT;MONSTER;LYCANTHROPE;WEREWOLF;FIGHTER_MALE_HUMAN;evalt;evalt;5;MALE;MALE;NEUTRAL;RR#PICKP;WEREWOLF;None;None;dw1melge;;;RING13;IMMUNE1;;BLUN06;;;;500;bg1;Evalt
FABER;HUMANOID;HUMAN;NO_CLASS;SLAVE;FABER;faber;1;MALE;MALE;NEUTRAL;SLAVE;INITDLG;None;None;wtrunsgt;;;;;;;;;;2;bg1;Faber
FAFIGHT;HUMANOID;HUMAN;TOWN_GUARD;FIGHTER_MALE_HUMAN;None;Fafight;1;MALE;MALE;NEUTRAL;dw#urbhl;SEEENEMY;None;None;dw1melge;;;;;;SW1H04;;;;65;bg1;Guard
FAHRIN;HUMANOID;ELF;DRUID;CLERIC_MALE_ELF;fahrin;FAHRIN;3;MALE;MALE;NEUTRAL;RR#PICKP;;;None;dw#pr22;;;;;;STAF01;;;;60;bg1;Fahrington
FAIZAH;HUMANOID;STATUE;MAGE;MAGE_MALE_HUMAN;FAIZAH;FAIZAH;6;MALE;MALE;NEUTRAL;;None;MAGE5;WTARSGT;None;;;;;;STAF01;DART01;;;1200;bg1;Statue
FALDOR;HUMANOID;HUMAN;DRUID;CLERIC_FEMALE_HUMAN;FALDORN;faldor;3;FEMALE;FEMALE;NEUTRAL;FALDORN;PRIEST2;None;WTASIGHT;DPLAYER;;;;;;BLUN01;;;;0;bg1;Faldorn
FALDOR5;HUMANOID;HUMAN;DRUID;CLERIC_FEMALE_HUMAN;FALDORN;faldor;5;FEMALE;FEMALE;NEUTRAL;FALDORN;PRIEST1;None;WTASIGHT;DPLAYER;;;;;;BLUN01;;;;0;bg1;Faldorn
FAMCAT;ANIMAL;CAT;THIEF;CAT;FAMCAT;FAMIL3;3;NIETHER;MALE;ALLY;;NONE;NONE;NONE;;;;;FAMMY;IMMCLOUD;S1-3;S1-3;;;0;bg1;Cat
FAMDUST;HUMANOID;MEPHIT;MEPHIT;IMP;FAMDUST;FAMIL2;3;NIETHER;MALE;ALLY;;NONE;NONE;NONE;;;;REGHP1;MOVRAT10;IMMCLOUD;MEPFIR;MEPFIR;;;0;bg1;Dust Mephit
FAMFAIR;MONSTER;WYVERN;MAGE;WYVERN_FAMILIAR;FAMFAIR;FAMIL1;3;NIETHER;MALE;ALLY;;NONE;NONE;NONE;;;;FAMMY;;IMMCLOUD;MEPLIG;MEPLIG;;;0;bg1;Fairy Dragon
FAMFER;ANIMAL;NO_RACE;THIEF;GROUNDHOG;FAMFER;FAMIL3;3;NIETHER;MALE;ALLY;;NONE;NONE;NONE;;;;;FAMMY;IMMCLOUD;S1-3;S1-3;;;0;bg1;Ferret
FAMIMP;HUMANOID;IMP;IMP;IMP;FAMIMP;FAMIL2;3;NIETHER;MALE;ALLY;;NONE;NONE;NONE;;;;REGHP1;FAMMY;IMMCLOUD;IMPCLAW;IMPCLAW;;;0;bg1;Imp
FAMPSD;MONSTER;WYVERN;MAGE;WYVERN_FAMILIAR;FAMPSD;FAMIL1;3;NIETHER;MALE;ALLY;;NONE;NONE;NONE;;;;REGHP1;MOVRAT10;IMMCLOUD;PSDCLAW;PSDCLAW;;;0;bg1;Pseudo-dragon
FAMQUAS;MONSTER;IMP;MAGE;IMP;FAMQUAS;FAMIL2;3;NIETHER;MALE;ALLY;;;NONE;NONE;;;;REGHP1;FAMMY;;QUASCLAW;QUASCLAW;;;0;bg1;Quasit
FAMRAB;ANIMAL;RABBIT;THIEF;RABBIT;FAMRAB;FAMIL3;3;NIETHER;MALE;ALLY;;NONE;NONE;NONE;;;;;FAMMY;IMMCLOUD;S1-2;S1-2;;;0;bg1;Rabbit
FARLUC;HUMANOID;HALF_ELF;FIGHTER;FIGHTER_MALE_ELF;FARLUCK;FOOLS;5;MALE;MALE;NEUTRAL;GORPGANG;None;None;SEEENEMY;dw1range;;;;;;XBOW01;SW1H07;;;50;bg1;Farluck
FARM;HUMANOID;HUMAN;INNOCENT;PEASANT_MAN;None;FARMBE;1;MALE;MALE;NEUTRAL;dw#innhl;None;RUNENEMY;None;WDRUNSGT;;;;;;;;;;15;bg1;Farmer
FARM2;HUMANOID;HUMAN;INNOCENT;PEASANT_MAN;None;farm2;1;MALE;MALE;NEUTRAL;dw#innhl;None;RUNENEMY;None;WDRUNSGT;;;;;;;;;;15;bg1;Farmer
FARM3;HUMANOID;HUMAN;INNOCENT;PEASANT_MAN;None;FARM3;1;MALE;MALE;NEUTRAL;dw#innhl;INITDLG;RUNENEMY;None;WDRUNSGT;;;;;;;;;;15;bg1;Farmer
FARM4;HUMANOID;HUMAN;INNOCENT;PEASANT_MAN;farm4;FARM4;1;MALE;MALE;NEUTRAL;dw#innhl;INITDLG;RUNENEMY;None;WDRUNSGT;;;;;;;;;;15;bg1;Farmer
FARMBE;HUMANOID;HUMAN;INNOCENT;PEASANT_MAN;None;farmbe;1;MALE;MALE;NEUTRAL;dw#innhl;INITDLG;RUNENEMY;None;WDRUNSGT;;;;;;;;;;15;bg1;Farmer
FARMBR;HUMANOID;HUMAN;INNOCENT;PEASANT_MAN;Brun;farmbr;0;MALE;MALE;NEUTRAL;RR#PICKP;dw#innhl;RUNENEMY;None;wtrunsgt;;;;;;;;;;7;bg1;Farmer Brun
FARMER;HUMANOID;HUMAN;INNOCENT;PEASANT_MAN;None;FARMBE;1;MALE;MALE;NEUTRAL;dw#innhl;RUNENEMY;None;None;WDRUNSGT;;;;;;;;;;15;bg1;Farmer
FARMWE;MONSTER;LYCANTHROPE;WEREWOLF;FIGHTER_MALE_HUMAN;Farmwe;farmwe;1;MALE;MALE;NEUTRAL;RR#PICKP;WEREWOLF;RUNENEMY;None;WDRUNSGT;;;;;;;;;;15;bg1;Farmer
FARTHI;MONSTER;LYCANTHROPE;INNOCENT;GIRL;Farthing;FARTHI;0;FEMALE;FEMALE;NEUTRAL;RR#PICKP;None;WEREWOLF;None;WTRUNSGT;;;IMMUNE1;;;;;;;180;bg1;Farthing
FATMAN;HUMANOID;HUMAN;INNOCENT;STATIC_FAT_MAN;None;fatMBA;1;MALE;MALE;NEUTRAL;dw#innhl;None;None;None;None;;;;;;;;;;15;bg1;Commoner
FATWOM;HUMANOID;HUMAN;INNOCENT;STATIC_FAT_WOMAN;None;fatWBA;1;FEMALE;FEMALE;NEUTRAL;dw#innhl;None;None;None;None;;;;;;;;;;15;bg1;Commoner
FCOOK2;HUMANOID;HUMAN;INNOCENT;PEASANT_WOMAN;None;FCOOK2;0;FEMALE;FEMALE;NEUTRAL;RR#PICKP;None;;None;WTRUNSGT;;;;;;;;;;5;bg1;Cook
FCOOK3;HUMANOID;HUMAN;INNOCENT;PEASANT_WOMAN;None;FCOOK3;0;FEMALE;FEMALE;NEUTRAL;dw#innhl;None;RUNENEMY;None;WTRUNSGT;;;;;;;;;;5;bg1;Cook
FEAR;HUMANOID;GHOUL;GHOUL_REVEANT;FIGHTER_MALE_DWARF;fear;FEAR;1;NIETHER;MALE;NEUTRAL;None;None;None;None;None;;;;;;;;;;0;bg1;Warder
FEARM;UNDEAD;GHOUL;GHOUL_REVEANT;ZOMBIE;fearm;None;15;MALE;MALE;ENEMY;REDDEATH;fear;;None;dw1range;;;IMMUNE1;RING95;SPEC01;REVENT1;REVENT2;;;2200;bg1;Fear
FECOOK;HUMANOID;HUMAN;INNOCENT;PEASANT_WOMAN;None;FECOOK;0;FEMALE;FEMALE;NEUTRAL;dw#innhl;None;RUNENEMY;None;WTRUNSGT;;;;;;;;;;5;bg1;Cook
FELDAN;HUMANOID;HUMAN;INNOCENT;MONK;Feldane;UBFELDAN;1;MALE;MALE;NEUTRAL;dw#innhl;INITMAIN;WDRUNSGT;None;None;;;;;;;;;;15;bg1;Feldane
FELONI;HUMANOID;HUMAN;INNOCENT;NOBLE_MAN;None;FELONI;1;MALE;MALE;NEUTRAL;dw#innhl;None;RUNENEMY;None;WTRUNSGT;;;;;;;;;;15;bg1;Felonius Gist
FENRUS;HUMANOID;HUMAN;INNOCENT;NOBLE_MAN;fenrus;FENRUS;0;MALE;MALE;NEUTRAL;dw#innhl;None;None;None;wtrunsgt;;;;RING12;AMUL07;;;;;50;bg1;Fenrus
FENTEN;HUMANOID;DWARF;FIGHTER;FIGHTER_MALE_DWARF;Fenten;FENTEN;5;MALE;MALE;NEUTRAL;dw#urbhl;RR#PICKP;None;None;dw1melge;;;;;;AX1H19;;;;270;bg1;Fenten
FENWIC;HUMANOID;DWARF;INNOCENT;THIEF_MALE_DWARF;None;fenwic;6;MALE;MALE;NEUTRAL;dw#urbhl;None;None;None;wdrunsgt;;;;;;SW1H07;;;;90;bg1;Fenwick
FERGUS;HUMANOID;HUMAN;FLAMING_FIST;CLERIC_MALE_HUMAN;fergus;fergus;1;MALE;MALE;NEUTRAL;dw#urbhl;SEEENEMY;FERGUS;None;dw1melge;;SHLD01;;;;SW1H04;;;;420;bg1;Fergus
FFHUNT;HUMANOID;HUMAN;FLAMING_FIST;CLERIC_MALE_HUMAN;FFHUNT;FFhunt;2;MALE;MALE;NEUTRAL;dw#urbhl;FFHUNT;None;None;dw1melge;HELM09;SHLD01;;;;SW1H04;;;;15;bg1;Flaming Fist Enforcer
FFHUNT1;HUMANOID;HUMAN;FLAMING_FIST;CLERIC_MALE_HUMAN;ffhunt1;;2;MALE;MALE;NEUTRAL;dw#urbhl;flamal;None;None;dw1melge;HELM09;SHLD01;;;;SW1H04;;;;15;bg1;Flaming Fist Enforcer
FFHUNT2;HUMANOID;HUMAN;FLAMING_FIST;CLERIC_MALE_HUMAN;ffhunt2;;2;MALE;MALE;NEUTRAL;dw#urbhl;flamal;None;None;dw1melge;HELM09;SHLD01;;;;SW1H04;;;;15;bg1;Flaming Fist Enforcer
FFHUNT3;HUMANOID;HUMAN;FLAMING_FIST;CLERIC_MALE_HUMAN;ffhunt3;;2;MALE;MALE;NEUTRAL;dw#urbhl;flamal;None;None;dw1melge;HELM09;SHLD01;;;;SW1H04;;;;15;bg1;Flaming Fist Enforcer
FFOWB3;HUMANOID;HUMAN;INNOCENT;PEASANT_WOMAN;None;ftowb3;1;FEMALE;FEMALE;NEUTRAL;dw#innhl;RUNENEMY;None;None;WDRUNSGT;;;;;;;;;;15;bg1;Commoner
FFSLEEP;HUMANOID;HUMAN;FLAMING_FIST;CLERIC_MALE_HUMAN;FFsleep;ffsleep;1;MALE;MALE;NEUTRAL;dw#urbhl;INITDLG;None;None;dw1melge;HELM09;SHLD01;;;;SW1H04;;;;15;bg1;Flaming Fist Mercenary
FGOLEM;GIANTHUMANOID;GOLEM;GOLEM_FLESH;OGRILLON;None;None;9;MALE;MALE;ENEMY;None;FGOLEM;;None;dw1melmo;;;IMMUNE1;;;GOLFLE;;;;2000;bg1;Flesh Golem
FIGHTER2;HUMANOID;HUMAN;FIGHTER;FIGHTER_MALE_HUMAN;None;;1;MALE;MALE;PC;None;None;None;None;DPLAYER3;;;;;;STAF01;;;;0;bg1;
FIREB1;HUMANOID;ELF;MAGE;MAGE_MALE_ELF;FIREB1;FIREB1;11;MALE;MALE;NEUTRAL;RR#PICKP;GG300;;None;dw#mg61;;;;;;DAGG01;;;;2700;bg1;Firebead Elvenhair
FIREBE;HUMANOID;ELF;MAGE;MAGE_MALE_ELF;FIREBE;FIREBE;11;MALE;MALE;NEUTRAL;INITDLG;GG300;;None;dw#mg62;;;;;;DAGG01;;;;2700;bg1;Firebead Elvenhair
FLAM;HUMANOID;HUMAN;FLAMING_FIST;CLERIC_MALE_HUMAN;None;flam;1;MALE;MALE;ENEMY;dw#urbhl;SEEENEMY;None;None;dw1melge;HELM09;SHLD01;;;;SW1H04;;;;15;bg1;Flaming Fist Mercenary
FLAM10;HUMANOID;HUMAN;FLAMING_FIST;CLERIC_MALE_HUMAN;FlamingFist10;flam10;1;MALE;MALE;GOODBUTBLUE;dw#urbhl;FLAM10;SEEENEMY;None;dw1melge;HELM09;SHLD01;;;;SW1H04;;;;15;bg1;Flaming Fist Mercenary
FLAM11;HUMANOID;HUMAN;FLAMING_FIST;CLERIC_MALE_HUMAN;None;flam11;1;MALE;MALE;NEUTRAL;dw#urbhl;INITDLG;SEEENEMY;;dw1melge;HELM09;SHLD01;;;;SW1H04;;;;15;bg1;Flaming Fist Mercenary
FLAM12;HUMANOID;HUMAN;FLAMING_FIST;CLERIC_MALE_HUMAN;Flam12;flam11;1;MALE;MALE;NEUTRAL;dw#urbhl;SEEENEMY;None;flam12;dw1melge;HELM09;SHLD01;;;;SW1H04;;;;15;bg1;Flaming Fist Mercenary
FLAM13;HUMANOID;HUMAN;FIGHTER;CLERIC_MALE_HUMAN;DICKSMOK;flambg;1;MALE;MALE;NEUTRAL;dw#urbhl;INITDLG;None;None;dw1melge;;SHLD01;;;;SW1H04;;;;15;bg1;Dilos
FLAM2;HUMANOID;HUMAN;FIGHTER_CLERIC;CLERIC_MALE_HUMAN;FlamingFist2;FLAM2;4;MALE;MALE;NEUTRAL;dw#urbhl;FLAM2;;SEEENEMY;dw#pr23;HELM09;SHLD01;;;;SW1H04;;;;250;bg1;Flaming Fist Mercenary
FLAM4;HUMANOID;HUMAN;FLAMING_FIST;CLERIC_MALE_HUMAN;None;flam4;1;MALE;MALE;NEUTRAL;dw#urbhl;INITDLG;SEEENEMY;None;dw1melge;HELM09;SHLD01;;;;SW1H04;;;;15;bg1;Flaming Fist Mercenary
FLAM5;HUMANOID;HUMAN;FIGHTER;CLERIC_MALE_HUMAN;flam5;flam5;1;MALE;MALE;NEUTRAL;dw#urbhl;INITDLG;SEEENEMY;None;dw1melge;HELM09;SHLD01;;;;SW1H04;;;;15;bg1;Flaming Fist Mercenary
FLAM5A;HUMANOID;HUMAN;FIGHTER;CLERIC_MALE_HUMAN;flam5a;;1;MALE;MALE;NEUTRAL;dw#urbhl;flam5;SEEENEMY;None;dw1melge;HELM09;SHLD01;;;;SW1H04;;;;15;bg1;Flaming Fist Mercenary
FLAM5B;HUMANOID;HUMAN;FIGHTER;CLERIC_MALE_HUMAN;flam5b;;1;MALE;MALE;NEUTRAL;dw#urbhl;flam5;SEEENEMY;None;dw1melge;HELM09;SHLD01;;;;SW1H04;;;;15;bg1;Flaming Fist Mercenary
FLAM6;HUMANOID;HUMAN;FLAMING_FIST;CLERIC_MALE_HUMAN;None;flam6;1;MALE;MALE;NEUTRAL;dw#urbhl;FLAM6;SEEENEMY;None;dw1melge;HELM09;SHLD01;;;;SW1H04;;;;15;bg1;Flaming Fist Mercenary
FLAM7;HUMANOID;HUMAN;FLAMING_FIST;CLERIC_MALE_HUMAN;FlamingFist7;flam7;1;MALE;MALE;NEUTRAL;dw#urbhl;FLAM7;SEEENEMY;None;dw1melge;HELM09;SHLD01;;;;SW1H04;;;;15;bg1;Flaming Fist Mercenary
FLAM8;HUMANOID;HUMAN;FLAMING_FIST;CLERIC_MALE_HUMAN;None;flam8;1;MALE;MALE;NEUTRAL;dw#urbhl;INITDLG;SEEENEMY;None;dw1melge;HELM09;SHLD01;;;;SW1H04;;;;15;bg1;Flaming Fist Mercenary
FLAM9;HUMANOID;HUMAN;FLAMING_FIST;CLERIC_MALE_HUMAN;None;flam9;1;MALE;MALE;NEUTRAL;dw#urbhl;INITDLG;SEEENEMY;None;dw1melge;HELM09;SHLD01;;;;SW1H04;;;;15;bg1;Flaming Fist Mercenary
FLAMAL;HUMANOID;HUMAN;FLAMING_FIST;CLERIC_MALE_HUMAN;flamal;flamal;2;MALE;MALE;NEUTRAL;dw#urbhl;flamal;None;None;dw1melge;HELM09;SHLD01;;;;SW1H04;;;;15;bg1;Flaming Fist Enforcer
FLAMANG;HUMANOID;HUMAN;FIGHTER_CLERIC;FIGHTER_MALE_HUMAN;None;None;6;MALE;MALE;ENEMY;dw#urbhl;None;;c#stdst2;dw#pr24;;SHLD01;;;;SW1H04;;;;15;bg1;Mercenary
FLAMBRID;HUMANOID;HUMAN;FLAMING_FIST;CLERIC_MALE_HUMAN;FLAMBRID;flambrid;1;MALE;MALE;NEUTRAL;dw#urbhl;SEEENEMY;None;None;dw1melge;HELM09;SHLD01;;;;SW1H04;;;;15;bg1;Flaming Fist Mercenary
FLAMC7;HUMANOID;HUMAN;FLAMING_FIST;CLERIC_MALE_HUMAN;None;flamc7;1;MALE;MALE;NEUTRAL;dw#urbhl;FLAMC7;SEEENEMY;None;dw1melge;HELM09;SHLD01;;;;SW1H04;;;;15;bg1;Flaming Fist Mercenary
FLAME;HUMANOID;HUMAN;FLAMING_FIST;CLERIC_MALE_HUMAN;None;None;2;MALE;MALE;ENEMY;dw#urbhl;None;SEEENEMY;None;dw1melge;HELM09;SHLD01;;;;SW1H04;;;;15;bg1;Flaming Fist Enforcer
FLAME1;HUMANOID;HUMAN;FLAMING_FIST;CLERIC_MALE_HUMAN;flame1;;1;MALE;MALE;NEUTRAL;dw#urbhl;;None;None;dw1melge;HELM09;SHLD01;;;;SW1H04;;;;15;bg1;Flaming Fist Mercenary
FLAME2;HUMANOID;HUMAN;FLAMING_FIST;CLERIC_MALE_HUMAN;flame2;;1;MALE;MALE;NEUTRAL;dw#urbhl;;None;None;dw1melge;HELM09;SHLD01;;;;SW1H04;;;;15;bg1;Flaming Fist Mercenary
FLAME3;HUMANOID;HUMAN;FLAMING_FIST;CLERIC_MALE_HUMAN;flame3;;1;MALE;MALE;NEUTRAL;dw#urbhl;;None;None;dw1melge;HELM09;SHLD01;;;;SW1H04;;;;15;bg1;Flaming Fist Mercenary
FLAME4;HUMANOID;HUMAN;FLAMING_FIST;CLERIC_MALE_HUMAN;flame4;;1;MALE;MALE;NEUTRAL;dw#urbhl;;None;None;dw1melge;HELM09;SHLD01;;;;SW1H04;;;;15;bg1;Flaming Fist Mercenary
FLAMEN;HUMANOID;HUMAN;FLAMING_FIST;CLERIC_MALE_HUMAN;FlamingEnforcer;flamen;4;MALE;MALE;NEUTRAL;dw#urbhl;RR#PICKP;None;INITINV;dw1melge;HELM09;SHLD01;;;;SW1H04;;;;15;bg1;Flaming Fist Enforcer
FLAMEN2;HUMANOID;HUMAN;FLAMING_FIST;CLERIC_MALE_HUMAN;FlamingEnforcer;flamen;4;MALE;MALE;NEUTRAL;dw#urbhl;RR#PICKP;None;None;dw1melge;HELM09;SHLD01;;;;SW1H04;;;;15;bg1;Flaming Fist Enforcer
FLAMGATE;HUMANOID;HUMAN;FLAMING_FIST;CLERIC_MALE_HUMAN;FlamingEnforcer;FLAMGATE;4;MALE;MALE;NEUTRAL;dw#urbhl;;None;;dw1melge;HELM09;SHLD01;;;;SW1H04;;;;15;bg1;Flaming Fist Enforcer
FLAMGG;HUMANOID;HUMAN;FLAMING_FIST;CLERIC_MALE_HUMAN;flamgg;flamgg;1;MALE;MALE;NEUTRAL;dw#urbhl;INITDLG;SEEENEMY;None;dw1melge;HELM09;SHLD01;;;;SW1H04;;;;15;bg1;Flaming Fist Mercenary
FLAMHUSB;HUMANOID;HUMAN;FLAMING_FIST;CLERIC_MALE_HUMAN;FlamingE;flamhusb;2;MALE;MALE;NEUTRAL;dw#urbhl;INITDLG;SEEENEMY;None;dw1melge;HELM09;SHLD01;;;;SW1H04;;;;15;bg1;Flaming Fist Enforcer
FLAMPUN;HUMANOID;HUMAN;FLAMING_FIST;CLERIC_MALE_HUMAN;BountyHunter;FLAMPUN;6;MALE;MALE;NEUTRAL;dw#urbhl;RR#PICKP;FLAMPUN;INITDLG;dw#pr25;HELM09;SHLD01;;;;BLUN02;;;;650;bg1;Flaming Fist Enforcer
FLAMPUN2;HUMANOID;HUMAN;FLAMING_FIST;CLERIC_MALE_HUMAN;BountyHunter;None;6;MALE;MALE;ENEMY;dw#urbhl;;None;None;dw1range;HELM09;;;;;BOW01;BLUN02;;;300;bg1;Flaming Fist Enforcer
FLAMSCO;HUMANOID;HUMAN;FLAMING_FIST;CLERIC_MALE_HUMAN;BountyHunter;None;7;MALE;MALE;ENEMY;dw#urbhl;;FLAMPUN;None;dw1melge;;;;MAGE01;;SW1H07;;;;300;bg1;Flaming Fist Scout
FLAMVAI;HUMANOID;HUMAN;FLAMING_FIST;CLERIC_MALE_HUMAN;None;flamvai;1;MALE;MALE;NEUTRAL;dw#urbhl;SEEENEMY;None;FLAMVAI;dw1melge;HELM09;SHLD01;;;;SW1H04;;;;15;bg1;Flaming Fist Mercenary
FLAMWIZ;HUMANOID;HUMAN;FLAMING_FIST;CLERIC_MALE_HUMAN;BountyHunter;None;7;MALE;MALE;ENEMY;dw#urbhl;;FLAMPUN;FLAMSPEL;dw1melge;;;;;;;;;;300;bg1;Flaming Fist Battle Wizard
FLIND;HUMANOID;GNOLL;GNOLL;GNOLL;None;;2;MALE;MALE;ENEMY;dw#gpsht;None;;None;dw1melge;;;;;;FLIND1;;;;120;bg1;Flind
FLINDB;HUMANOID;GNOLL;GNOLL;GNOLL;flindb;;2;MALE;MALE;NEUTRAL;dw#prsht;GNOLLFB;;None;dw1melge;;;;;;FLIND1;;;;120;bg1;Flind
FLIND_A;HUMANOID;GNOLL;GNOLL;GNOLL;None;;2;MALE;MALE;ENEMY;GNOLLF;None;;None;dw1melge;;;;;;FLIND1;;;;120;bg1;Flind
FLIND_B;HUMANOID;GNOLL;GNOLL;GNOLL;None;;2;MALE;MALE;ENEMY;GNOLLF;None;;None;dw1melge;;;;;;FLIND1;;;;120;bg1;Flind
FLIND_C;HUMANOID;GNOLL;GNOLL;GNOLL;None;;2;MALE;MALE;ENEMY;GNOLLF;None;;None;dw1melge;;;;;;FLIND1;;;;120;bg1;Flind
FLINTAL1;HUMANOID;GNOLL;GNOLL;GNOLL;None;;2;MALE;MALE;ENEMY;GNOLLF;None;;None;dw1melge;;;;;;FLIND1;;;;120;bg1;Flind
FOOTY;HUMANOID;HUMAN;INNOCENT;BOY;FOOTY;footy;1;MALE;MALE;NEUTRAL;dw#innhl;INITDLG;RUNENEMY;None;WTRUNSGT;;;;;;;;;;7;bg1;Footy
FORESH;HUMANOID;HUMAN;INNOCENT;NOBLE_MAN;None;FORESH;1;MALE;MALE;NEUTRAL;dw#innhl;INITDLG;None;None;WTRUNSGT;;;;;;;;;;15;bg1;Lord Foreshadow
FORTHE;HUMANOID;HUMAN;BARD;THIEF_MALE_HUMAN;FORTHEL;forthe;4;MALE;MALE;NEUTRAL;INITDLG;None;None;;dw1range;;;;;;SW1H07;XBOW04;;;15;bg1;Forthel August
FRIEND;HUMANOID;HUMAN;TOWN_GUARD;FIGHTER_MALE_HUMAN;None;friend;1;MALE;MALE;NEUTRAL;dw#urbhl;SEEENEMY;None;None;dw1melge;;;;;;SW1H04;;;;65;bg1;Guard
FRIWEN;HUMANOID;HUMAN;INNOCENT;PEASANT_WOMAN;FRIWEN;FRIWEN;0;FEMALE;FEMALE;NEUTRAL;dw#innhl;RUNENEMY;None;None;WDRUNSGT;;;;;;;;;;7;bg1;Serving Wench
FTOBE2;HUMANOID;HUMAN;INNOCENT;PEASANT_WOMAN;None;ftobe2;1;FEMALE;FEMALE;NEUTRAL;dw#innhl;RUNENEMY;None;None;WDRUNSGT;;;;;;;;;;15;bg1;Kaitlin
FTOBE3;HUMANOID;HUMAN;INNOCENT;PEASANT_WOMAN;None;ftobe3;1;FEMALE;FEMALE;NEUTRAL;dw#innhl;RUNENEMY;None;None;WDRUNSGT;;;;;;;;;;15;bg1;Malicia
FTOBE4;HUMANOID;HUMAN;INNOCENT;PEASANT_WOMAN;None;ftobe4;1;FEMALE;FEMALE;NEUTRAL;dw#innhl;RUNENEMY;None;None;WDRUNSGT;;;;;;;;;;15;bg1;Henrette
FTOBE5;HUMANOID;HUMAN;INNOCENT;PEASANT_WOMAN;None;ftobe5;1;FEMALE;FEMALE;NEUTRAL;dw#innhl;RUNENEMY;None;None;WDRUNSGT;;;RING11;RING01;;;;;;15;bg1;Commoner
FTOBE6;HUMANOID;HUMAN;INNOCENT;PEASANT_WOMAN;None;ftobe6;1;FEMALE;FEMALE;NEUTRAL;dw#innhl;RUNENEMY;None;None;WDRUNSGT;;;;;;;;;;15;bg1;Commoner
FTOBE7;HUMANOID;HUMAN;INNOCENT;PEASANT_WOMAN;None;ftobe7;1;FEMALE;FEMALE;NEUTRAL;dw#innhl;RUNENEMY;None;None;WDRUNSGT;;;;;;;;;;15;bg1;Commoner
FTOBE8;HUMANOID;HUMAN;INNOCENT;PEASANT_WOMAN;None;ftobe8;1;FEMALE;FEMALE;NEUTRAL;dw#innhl;RUNENEMY;None;None;WDRUNSGT;;;;;;;;;;15;bg1;Commoner
FTOBE9;HUMANOID;HUMAN;INNOCENT;PEASANT_WOMAN;None;ftobe9;1;FEMALE;FEMALE;NEUTRAL;dw#innhl;RUNENEMY;None;None;WDRUNSGT;;;;;;;;;;15;bg1;Sari
FTOWB1;HUMANOID;HUMAN;INNOCENT;PEASANT_WOMAN;None;ftowb1;1;FEMALE;FEMALE;NEUTRAL;dw#innhl;RUNENEMY;None;None;WDRUNSGT;;;;;;;;;;15;bg1;Commoner
FTOWB2;HUMANOID;HUMAN;INNOCENT;PEASANT_WOMAN;None;ftowb2;1;FEMALE;FEMALE;NEUTRAL;dw#innhl;RUNENEMY;None;None;WDRUNSGT;;;;;;;;;;15;bg1;Commoner
FTOWB3;HUMANOID;HUMAN;INNOCENT;PEASANT_WOMAN;None;ftowb3;1;FEMALE;FEMALE;NEUTRAL;dw#innhl;RUNENEMY;None;None;WDRUNSGT;;;;;;;;;;15;bg1;Commoner
FTOWB4;HUMANOID;HUMAN;INNOCENT;PEASANT_WOMAN;None;ftowb4;1;FEMALE;FEMALE;NEUTRAL;dw#innhl;RUNENEMY;None;None;WDRUNSGT;;;;;;;;;;15;bg1;Commoner
FTOWB5;HUMANOID;HUMAN;INNOCENT;PEASANT_WOMAN;FTOWB5;ftowb5;1;FEMALE;FEMALE;NEUTRAL;dw#innhl;RUNENEMY;None;None;WDRUNSGT;;;;;;;;;;15;bg1;Commoner
FTOWB6;HUMANOID;HUMAN;INNOCENT;PEASANT_WOMAN;None;ftowb6;1;FEMALE;FEMALE;NEUTRAL;dw#innhl;RUNENEMY;None;None;WDRUNSGT;;;;;;;;;;15;bg1;Commoner
FTOWB7;HUMANOID;HUMAN;INNOCENT;PEASANT_WOMAN;None;ftowb7;1;FEMALE;FEMALE;NEUTRAL;dw#innhl;RUNENEMY;None;None;WDRUNSGT;;;;;;;;;;15;bg1;Commoner
FTOWBA;HUMANOID;HUMAN;INNOCENT;PEASANT_WOMAN;None;ftowba;1;FEMALE;FEMALE;NEUTRAL;dw#innhl;FTOWBAZ;RUNENEMY;None;WDRUNSGT;;;;;;;;;;15;bg1;Commoner
FTOWBASC;HUMANOID;HUMAN;INNOCENT;STATIC_PEASANT_WOMAN_CHAIR;None;FTOWBA;1;FEMALE;FEMALE;NEUTRAL;dw#innhl;FTOWBAZ;None;None;None;;;;;;;;;;15;bg1;Commoner
FTOWBASN;HUMANOID;HUMAN;INNOCENT;STATIC_PEASANT_WOMAN_MATTE;None;FTOWBA;1;FEMALE;FEMALE;NEUTRAL;dw#innhl;FTOWBAZ;None;None;None;;;;;;;;;;15;bg1;Commoner
FTOWBAX;HUMANOID;HUMAN;INNOCENT;STATIC_PEASANT_WOMAN;None;FTOWBA;1;FEMALE;FEMALE;NEUTRAL;dw#innhl;FTOWBAZ;None;None;None;;;;;;;;;;15;bg1;Commoner
FTOWBA_A;HUMANOID;HUMAN;INNOCENT;PEASANT_WOMAN;None;ftowba;1;FEMALE;FEMALE;NEUTRAL;dw#innhl;FTOWBAZ;RUNENEMY;None;WDRUNSGT;;;;;;;;;;15;bg1;Commoner
FTOWBA_B;HUMANOID;HUMAN;INNOCENT;PEASANT_WOMAN;None;ftowba;1;FEMALE;FEMALE;NEUTRAL;dw#innhl;FTOWBAZ;RUNENEMY;None;WDRUNSGT;;;;;;;;;;15;bg1;Commoner
FTOWBA_C;HUMANOID;HUMAN;INNOCENT;PEASANT_WOMAN;None;FTOWBA;1;FEMALE;FEMALE;NEUTRAL;dw#innhl;FTOWBAZ;RUNENEMY;None;WDRUNSGT;;;;;;;;;;15;bg1;Commoner
FTOWBA_D;HUMANOID;HUMAN;INNOCENT;PEASANT_WOMAN;None;ftowba;1;FEMALE;FEMALE;NEUTRAL;dw#innhl;FTOWBAZ;RUNENEMY;None;WDRUNSGT;;;;;;;;;;15;bg1;Commoner
FTOWBA_E;HUMANOID;HUMAN;INNOCENT;PEASANT_WOMAN;None;ftowba;1;FEMALE;FEMALE;NEUTRAL;dw#innhl;FTOWBAZ;RUNENEMY;None;WDRUNSGT;;;;;;;;;;15;bg1;Commoner
FTOWBE;HUMANOID;HUMAN;INNOCENT;PEASANT_WOMAN;None;ftowbe;1;FEMALE;FEMALE;NEUTRAL;dw#innhl;FTOWBEZ;RUNENEMY;None;WDRUNSGT;;;;;;;;;;15;bg1;Commoner
FTOWBESC;HUMANOID;HUMAN;INNOCENT;STATIC_PEASANT_WOMAN_CHAIR;None;FTOWBE;1;FEMALE;FEMALE;NEUTRAL;dw#innhl;FTOWBEZ;None;None;None;;;;;;;;;;15;bg1;Commoner
FTOWBESN;HUMANOID;HUMAN;INNOCENT;STATIC_PEASANT_WOMAN_MATTE;None;ftowbe;1;FEMALE;FEMALE;NEUTRAL;dw#innhl;FTOWBEZ;None;None;None;;;;;;;;;;15;bg1;Commoner
FTOWBEX;HUMANOID;HUMAN;INNOCENT;STATIC_PEASANT_WOMAN;None;FTOWBE;1;FEMALE;FEMALE;NEUTRAL;dw#innhl;FTOWBEZ;None;None;None;;;;;;;;;;15;bg1;Commoner
FTOWBE_A;HUMANOID;HUMAN;INNOCENT;PEASANT_WOMAN;None;ftowbe;1;FEMALE;FEMALE;NEUTRAL;dw#innhl;FTOWBEZ;RUNENEMY;None;WDRUNSGT;;;;;;;;;;15;bg1;Commoner
FTOWBE_B;HUMANOID;HUMAN;INNOCENT;PEASANT_WOMAN;None;ftowbe;1;FEMALE;FEMALE;NEUTRAL;dw#innhl;FTOWBEZ;RUNENEMY;None;WDRUNSGT;;;;;;;;;;15;bg1;Commoner
FTOWBE_C;HUMANOID;HUMAN;INNOCENT;PEASANT_WOMAN;None;ftowbe;1;FEMALE;FEMALE;NEUTRAL;dw#innhl;FTOWBEZ;RUNENEMY;None;WDRUNSGT;;;;;;;;;;15;bg1;Commoner
FTOWBE_D;HUMANOID;HUMAN;INNOCENT;PEASANT_WOMAN;None;ftowbe;1;FEMALE;FEMALE;NEUTRAL;dw#innhl;FTOWBEZ;RUNENEMY;None;WDRUNSGT;;;;;;;;;;15;bg1;Commoner
FTOWBE_E;HUMANOID;HUMAN;INNOCENT;PEASANT_WOMAN;None;ftowbe;1;FEMALE;FEMALE;NEUTRAL;dw#innhl;FTOWBEZ;RUNENEMY;None;WDRUNSGT;;;;;;;;;;15;bg1;Commoner
FTOWFR;HUMANOID;HUMAN;INNOCENT;PEASANT_WOMAN;None;ftowfr;1;FEMALE;FEMALE;NEUTRAL;dw#innhl;RUNENEMY;None;None;WDRUNSGT;;;;;;;;;;15;bg1;Commoner
FTOWFRSC;HUMANOID;HUMAN;INNOCENT;STATIC_PEASANT_WOMAN_CHAIR;None;FTOWFR;1;FEMALE;FEMALE;NEUTRAL;dw#innhl;None;None;None;None;;;;;;;;;;15;bg1;Commoner
FTOWFRSN;HUMANOID;HUMAN;INNOCENT;STATIC_PEASANT_WOMAN_MATTE;None;ftowfr;1;FEMALE;FEMALE;NEUTRAL;dw#innhl;None;None;None;None;;;;;;;;;;15;bg1;Commoner
FTOWFR_A;HUMANOID;HUMAN;INNOCENT;PEASANT_WOMAN;None;ftowfr;1;FEMALE;FEMALE;NEUTRAL;dw#innhl;RUNENEMY;None;None;WDRUNSGT;;;;;;;;;;15;bg1;Commoner
FTOWFR_B;HUMANOID;HUMAN;INNOCENT;PEASANT_WOMAN;None;ftowfr;1;FEMALE;FEMALE;NEUTRAL;dw#innhl;RUNENEMY;None;None;WDRUNSGT;;;;;;;;;;15;bg1;Commoner
FTOWFR_C;HUMANOID;HUMAN;INNOCENT;PEASANT_WOMAN;None;ftowfr;1;FEMALE;FEMALE;NEUTRAL;dw#innhl;RUNENEMY;None;None;WDRUNSGT;;;;;;;;;;15;bg1;Commoner
FTOWFR_D;HUMANOID;HUMAN;INNOCENT;PEASANT_WOMAN;None;ftowfr;1;FEMALE;FEMALE;NEUTRAL;dw#innhl;RUNENEMY;None;None;WDRUNSGT;;;;;;;;;;15;bg1;Commoner
FTOWFR_E;HUMANOID;HUMAN;INNOCENT;PEASANT_WOMAN;None;ftowfr;1;FEMALE;FEMALE;NEUTRAL;dw#innhl;RUNENEMY;None;None;WDRUNSGT;;;;;;;;;;15;bg1;Commoner
FTOWN2;HUMANOID;HUMAN;INNOCENT;PEASANT_WOMAN;FTOWN2;ftown2;1;FEMALE;FEMALE;NEUTRAL;dw#innhl;RUNENEMY;None;None;WDRUNSGT;;;;;;;;;;15;bg1;Commoner
FTOWN3;HUMANOID;HUMAN;INNOCENT;PEASANT_WOMAN;FTownNash3;ftown3;1;FEMALE;FEMALE;NEUTRAL;dw#innhl;FTOWNA3;RUNENEMY;None;WDRUNSGT;;;;;;;;;;15;bg1;Commoner
FTOWN4;HUMANOID;HUMAN;INNOCENT;PEASANT_WOMAN;None;ftown4;1;FEMALE;FEMALE;NEUTRAL;dw#innhl;RUNENEMY;None;None;WDRUNSGT;;;;;;;;;;15;bg1;Commoner
FTOWNA;HUMANOID;HUMAN;INNOCENT;PEASANT_WOMAN;None;ftowna;1;FEMALE;FEMALE;NEUTRAL;dw#innhl;FTOWNAZ;RUNENEMY;None;WDRUNSGT;;;;;;;;;;15;bg1;Commoner
FTOWNASC;HUMANOID;HUMAN;INNOCENT;STATIC_PEASANT_WOMAN_MATTE;None;ftowna;1;FEMALE;FEMALE;NEUTRAL;dw#innhl;FTOWNAZ;None;None;None;;;;;;;;;;15;bg1;Commoner
FTOWNA_A;HUMANOID;HUMAN;INNOCENT;PEASANT_WOMAN;None;ftowna;1;FEMALE;FEMALE;NEUTRAL;dw#innhl;FTOWNAZ;RUNENEMY;None;WDRUNSGT;;;;;;;;;;15;bg1;Commoner
FTOWNA_B;HUMANOID;HUMAN;INNOCENT;PEASANT_WOMAN;None;ftowna;1;FEMALE;FEMALE;NEUTRAL;dw#innhl;FTOWNAZ;RUNENEMY;None;WDRUNSGT;;;;;;;;;;15;bg1;Commoner
FTOWNA_C;HUMANOID;HUMAN;INNOCENT;PEASANT_WOMAN;None;ftowna;1;FEMALE;FEMALE;NEUTRAL;dw#innhl;FTOWNAZ;RUNENEMY;None;WDRUNSGT;;;;;;;;;;15;bg1;Commoner
FTOWNA_D;HUMANOID;HUMAN;INNOCENT;PEASANT_WOMAN;None;ftowna;1;FEMALE;FEMALE;NEUTRAL;dw#innhl;FTOWNAZ;RUNENEMY;None;WDRUNSGT;;;;;;;;;;15;bg1;Commoner
FTOWNA_E;HUMANOID;HUMAN;INNOCENT;PEASANT_WOMAN;None;ftowna;1;FEMALE;FEMALE;NEUTRAL;dw#innhl;FTOWNAZ;RUNENEMY;None;WDRUNSGT;;;;;;;;;;15;bg1;Commoner
FTOWUB;HUMANOID;HUMAN;INNOCENT;PEASANT_WOMAN;None;FTOWUB;1;FEMALE;FEMALE;NEUTRAL;dw#innhl;;RUNENEMY;None;WDRUNSGT;;;;;;;;;;15;bg1;Commoner
FTOWUBSC;HUMANOID;HUMAN;INNOCENT;STATIC_PEASANT_WOMAN_CHAIR;None;FTOWUB;1;FEMALE;FEMALE;NEUTRAL;dw#innhl;;None;None;None;;;;;;;;;;15;bg1;Commoner
FTOWUBSN;HUMANOID;HUMAN;INNOCENT;STATIC_PEASANT_WOMAN_MATTE;None;FTOWUB;1;FEMALE;FEMALE;NEUTRAL;dw#innhl;;None;None;None;;;;;;;;;;15;bg1;Commoner
FTOWUBX;HUMANOID;HUMAN;INNOCENT;STATIC_PEASANT_WOMAN;None;FTOWUB;1;FEMALE;FEMALE;NEUTRAL;dw#innhl;;None;None;None;;;;;;;;;;15;bg1;Commoner
FTOWUB_A;HUMANOID;HUMAN;INNOCENT;PEASANT_WOMAN;None;FTOWUB;1;FEMALE;FEMALE;NEUTRAL;dw#innhl;;RUNENEMY;None;WDRUNSGT;;;;;;;;;;15;bg1;Commoner
FTOWUB_B;HUMANOID;HUMAN;INNOCENT;PEASANT_WOMAN;None;FTOWUB;1;FEMALE;FEMALE;NEUTRAL;dw#innhl;;RUNENEMY;None;WDRUNSGT;;;;;;;;;;15;bg1;Commoner
FTOWUB_C;MONSTER;LYCANTHROPE;INNOCENT;PEASANT_WOMAN;None;FTOWUB;1;FEMALE;FEMALE;NEUTRAL;dw#innhl;;RUNENEMY;None;WDRUNSGT;;;;;;;;;;15;bg1;Commoner
FTOWUB_D;MONSTER;LYCANTHROPE;INNOCENT;PEASANT_WOMAN;None;FTOWUB;1;FEMALE;FEMALE;NEUTRAL;dw#innhl;;RUNENEMY;None;WDRUNSGT;;;;;;;;;;15;bg1;Commoner
FTOWUB_E;HUMANOID;HUMAN;INNOCENT;PEASANT_WOMAN;None;FTOWUB;1;FEMALE;FEMALE;NEUTRAL;dw#innhl;;RUNENEMY;None;WDRUNSGT;;;;;;;;;;15;bg1;Commoner
FTOWWI;MONSTER;LYCANTHROPE;INNOCENT;CLERIC_FEMALE_HUMAN;None;FTOWWI;1;FEMALE;FEMALE;NEUTRAL;RR#PICKP;WEREWOLF;RUNENEMY;None;WDRUNSGT;;;IMMUNE1;;;;;;;15;bg1;Commoner
FTOWWI_A;MONSTER;LYCANTHROPE;INNOCENT;CLERIC_FEMALE_HUMAN;None;FTOWWI;1;FEMALE;FEMALE;NEUTRAL;RR#PICKP;WEREWOLF;RUNENEMY;None;WDRUNSGT;;;IMMUNE1;;;;;;;15;bg1;Commoner
FTOWWI_B;MONSTER;LYCANTHROPE;INNOCENT;CLERIC_FEMALE_HUMAN;None;FTOWWI;1;FEMALE;FEMALE;NEUTRAL;RR#PICKP;WEREWOLF;RUNENEMY;None;WDRUNSGT;;;IMMUNE1;;;;;;;15;bg1;Commoner
FTOWWI_C;MONSTER;LYCANTHROPE;INNOCENT;CLERIC_FEMALE_HUMAN;None;FTOWWI;1;FEMALE;FEMALE;NEUTRAL;RR#PICKP;WEREWOLF;RUNENEMY;None;WDRUNSGT;;;IMMUNE1;;;;;;;15;bg1;Commoner
FTOWWI_D;MONSTER;LYCANTHROPE;INNOCENT;CLERIC_FEMALE_HUMAN;None;FTOWWI;1;FEMALE;FEMALE;NEUTRAL;RR#PICKP;WEREWOLF;RUNENEMY;None;WDRUNSGT;;;IMMUNE1;;;;;;;15;bg1;Commoner
FTOWWI_E;MONSTER;LYCANTHROPE;INNOCENT;CLERIC_FEMALE_HUMAN;None;FTOWWI;1;FEMALE;FEMALE;NEUTRAL;RR#PICKP;WEREWOLF;RUNENEMY;None;WDRUNSGT;;;IMMUNE1;;;;;;;15;bg1;Commoner
FTWBAX;HUMANOID;HUMAN;INNOCENT;STATIC_PEASANT_WOMAN;None;ftowba;1;FEMALE;FEMALE;NEUTRAL;dw#innhl;None;None;None;None;;;;;;;;;;15;bg1;Commoner
FTWBAX_A;HUMANOID;HUMAN;INNOCENT;STATIC_PEASANT_WOMAN;None;X#RUMOR;1;FEMALE;FEMALE;NEUTRAL;dw#innhl;FTOWBAZ;None;None;None;;;;;;;;;;15;bg1;Commoner
FTWBAX_B;HUMANOID;HUMAN;INNOCENT;STATIC_PEASANT_WOMAN;None;X#RUMOR;1;FEMALE;FEMALE;NEUTRAL;dw#innhl;FTOWBAZ;None;None;None;;;;;;;;;;15;bg1;Commoner
FTWBAX_C;HUMANOID;HUMAN;INNOCENT;STATIC_PEASANT_WOMAN;None;X#RUMOR;1;FEMALE;FEMALE;NEUTRAL;dw#innhl;FTOWBAZ;None;None;None;;;;;;;;;;15;bg1;Commoner
FTWBAX_D;HUMANOID;HUMAN;INNOCENT;STATIC_PEASANT_WOMAN;None;X#RUMOR;1;FEMALE;FEMALE;NEUTRAL;dw#innhl;FTOWBAZ;None;None;None;;;;;;;;;;15;bg1;Commoner
FTWBAX_E;HUMANOID;HUMAN;INNOCENT;STATIC_PEASANT_WOMAN;None;X#RUMOR;1;FEMALE;FEMALE;NEUTRAL;dw#innhl;FTOWBAZ;None;None;None;;;;;;;;;;15;bg1;Commoner
FUERNE;MONSTER;DOPPLEGANGER;BARD;THIEF_MALE_DWARF;FUERNEBOL;None;3;MALE;MALE;NEUTRAL;dw#fuern;RR#PICKP;;None;dw#mg63;;;RING93;;;BOW01;SW1H07;;;4000;bg1;Fuernebol
FULLER;HUMANOID;HUMAN;INNOCENT;FIGHTER_MALE_HUMAN;None;fuller;3;MALE;MALE;NEUTRAL;dw#urbhl;;None;None;dw1melge;;;;;;STAF01;;;;175;bg1;Fuller
FULLER2;HUMANOID;HUMAN;INNOCENT;FIGHTER_MALE_HUMAN;None;fuller2;3;MALE;MALE;NEUTRAL;dw#urbhl;;None;None;dw1melge;;;;;;STAF01;;;;175;bg1;Fuller
FULLER3;MONSTER;DOPPLEGANGER;DOPPLEGANGER;FIGHTER_MALE_HUMAN;None;fuller3;3;NIETHER;MALE;NEUTRAL;None;INITDLG;LDCHANGE;None;dw1melge;;;;;;STAF01;;;;420;bg1;Fuller
FURNEL;HUMANOID;ELF;INNOCENT;FIGHTER_MALE_ELF;None;furnel;6;MALE;MALE;NEUTRAL;dw#urbhl;None;None;None;dw1range;;;;;;SW1H04;COMPB05;;;420;bg1;Furnelaine
GALDOR;HUMANOID;HUMAN;FIGHTER_MAGE;FIGHTER_MALE_HUMAN;GALDOR;None;12;MALE;MALE;ENEMY;dw#angel;dw#gpsht;None;None;dw#mg64;;;;MAGE01;;BOW04;SW1H04;;;9800;bg1;Angelo
GALILE;HUMANOID;HUMAN;MAGE;MONK;GALILEUS;GALILE;3;MALE;MALE;NEUTRAL;dw#urbhl;None;PRIEST2;None;dw1melge;;;;;;STAF01;;;;120;bg1;Galileus
GALKEN;HUMANOID;HUMAN;MAGE;PEASANT_MAN;GALKEN;galken;0;MALE;MALE;NEUTRAL;RR#PICKP;None;None;None;wtrunsgt;;;;;;SPER01;;;;35;bg1;Galken
GALKIN;HUMANOID;HUMAN;INNOCENT;PEASANT_MAN;None;galkin;0;MALE;MALE;NEUTRAL;dw#innhl;None;None;None;wtrunsgt;;;;;;SPER01;;;;35;bg1;Galken
GALLOR;HUMANOID;HUMAN;FIGHTER;FIGHTER_MALE_HUMAN;Gallor;gallor;3;MALE;MALE;NEUTRAL;RR#PICKP;INITDLG;None;None;wtrunsgt;;;;;;BLUN06;;;;120;bg1;Gallor
GALTOK;HUMANOID;GNOME;INNOCENT;MAGE_MALE_GNOME;GALTOK;galtok;6;MALE;MALE;NEUTRAL;;INITDLG;mage3;mage2;dw1range;HELM01;SHLD13;;;;DAGG01;DAGG05;;;176;bg1;Galtok
GAMES;HUMANOID;HUMAN;INNOCENT;THIEF_MALE_HUMAN;None;games;1;MALE;MALE;NEUTRAL;dw#innhl;WTRUNSGT;None;None;None;;;;;;;;;;15;bg1;Gamesman
GAMES2;HUMANOID;HUMAN;INNOCENT;THIEF_MALE_HUMAN;None;games2;1;MALE;MALE;NEUTRAL;dw#innhl;WTRUNSGT;None;None;None;;;;;;;;;;15;bg1;Gamesman
GAMES3;HUMANOID;HUMAN;INNOCENT;THIEF_MALE_HUMAN;None;games3;1;MALE;MALE;NEUTRAL;dw#innhl;RUNENEMY;None;None;WTRUNSGT;;;;;;;;;;15;bg1;Gamesman
GAMES4;HUMANOID;HUMAN;INNOCENT;THIEF_MALE_HUMAN;None;games4;1;MALE;MALE;NEUTRAL;dw#innhl;RUNENEMY;None;None;WTRUNSGT;;;;;;;;;;15;bg1;Gamesman
GAMES5;HUMANOID;HUMAN;INNOCENT;THIEF_MALE_HUMAN;None;games5;1;MALE;MALE;NEUTRAL;dw#innhl;RUNENEMY;None;None;WTRUNSGT;;;;;;;;;;15;bg1;Gamesman
GANDOL;HUMANOID;HALFLING;FIGHTER_THIEF;FIGHTER_MALE_HALFLING;None;gandol;7;MALE;MALE;NEUTRAL;dw#urbhl;None;None;None;dw1ranth;;;;;;AX1H04;AX1H01;;;1400;bg1;Gandolar Luckyfoot
GANTOL;HUMANOID;HUMAN;FIGHTER;FIGHTER_MALE_HUMAN;None;gantol;4;MALE;MALE;NEUTRAL;dw#urbhl;None;None;None;dw1melge;;SHLD03;;;SLEEP;SW1H04;;;;120;bg1;Gantolandan
GANTOL1;HUMANOID;HUMAN;INNOCENT;SLEEPING_MAN_HUMAN;None;GANTOL;1;MALE;MALE;NEUTRAL;GANTOL;None;None;None;None;;;;;;;;;;0;bg1;Gantolandan
GANTOL2;HUMANOID;HUMAN;FIGHTER;FIGHTER_MALE_HUMAN;GANTOL;None;10;MALE;MALE;ENEMY;None;None;None;None;dw1melge;;;;;;SW1H05;;;;1200;bg1;Gantolandan
GARAN;HUMANOID;HUMAN;MAGE;THIEF_MALE_HUMAN_LOW;Garan;GARAN;9;MALE;158;NEUTRAL;SHOUTDLG;;None;None;dw#mg65;;;;;;;;;;2000;bg1;Garan
GARDEN;HUMANOID;HUMAN;INNOCENT;PEASANT_MAN;None;garden;1;MALE;MALE;NEUTRAL;dw#innhl;None;RUNENEMY;WTRUNSGT;None;;;;;;;;;;15;bg1;Gardener
GARDUS;HUMANOID;HUMAN;FIGHTER;FIGHTER_MALE_HUMAN;GARDUSH;gardus;10;MALE;MALE;NEUTRAL;dw#gpsht;None;None;LEAVECH7;dw1melbe;;SW1H04;;;;SW1H04;;;;1800;bg1;Gardush
GARKLA;HUMANOID;GNOLL;GNOLL;GNOLL;GARCLAX;GARKLA;4;MALE;MALE;NEUTRAL;shoutdlg;None;;None;dw1melge;;;;;;HALB01;;;;120;bg1;Garclax
GARRIC;HUMANOID;HUMAN;BARD;THIEF_MALE_HUMAN;GARRICK;garric;1;MALE;MALE;NEUTRAL;GARRICK;None;None;WTASIGHT;DPLAYER;;;;;;SW1H07;;;;0;bg1;Garrick
GARRIC2;HUMANOID;HUMAN;BARD;THIEF_MALE_HUMAN;GARRICK;garric;2;MALE;MALE;NEUTRAL;GARRICK;MAGE1;None;WTASIGHT;DPLAYER;;;;;;SW1H07;;;;0;bg1;Garrick
GARRIC4;HUMANOID;HUMAN;BARD;THIEF_MALE_HUMAN;GARRICK;garric;4;MALE;MALE;NEUTRAL;GARRICK;MAGE2;None;WTASIGHT;DPLAYER;;;;;;SW1H07;;;;0;bg1;Garrick
GARRIC6;HUMANOID;HUMAN;BARD;THIEF_MALE_HUMAN;GARRICK;garric;6;MALE;MALE;NEUTRAL;GARRICK;MAGE2;None;WTASIGHT;DPLAYER;;;;;;SW1H07;;;;0;bg1;Garrick
GASFORM4;MONSTER;NO_RACE;NO_CLASS;BLOB_MIST_CREATURE;gasform4;None;1;MALE;MALE;NEUTRAL;ESCAPE;None;None;None;WDRUNSGT;;;;;;;;;;1;bg1;Gaseous Form
GATEKE;HUMANOID;WOLF;WOLF;FIGHTER_MALE_HUMAN;Gatekeeper;gatewere;4;MALE;MALE;NEUTRAL;INITDLG;WEREWOLF;None;None;dw1range;HELM01;;;;;SPER01;XBOW01;;;420;bg1;Gatekeeper
GATEWA;HUMANOID;HUMAN;INNOCENT;FIGHTER_MALE_HUMAN;None;gateward;4;MALE;MALE;NEUTRAL;dw#urbhl;INITDLG;None;None;dw1melge;;SHLD08;;;;BLUN01;;;;975;bg1;Gatewarden
GATEWA2;HUMANOID;HUMAN;INNOCENT;FIGHTER_MALE_HUMAN;GATEWA2;gatewa2;4;MALE;MALE;NEUTRAL;dw#urbhl;INITDLG;WTATTWAT;None;None;;SHLD08;;;;BLUN01;;;;975;bg1;Gatewarden
GATEWERE;MONSTER;LYCANTHROPE;WEREWOLF;FIGHTER_MALE_HUMAN;Gatekeeper;gatewere;4;MALE;MALE;NEUTRAL;RR#PICKP;None;WEREWOLF;;dw1range;HELM01;;IMMUNE1;;;SPER01;XBOW01;;;420;bg1;Gatekeeper
GAXIR;HUMANOID;HALF_ELF;INNOCENT;CLERIC_MALE_ELF;gaxir;gaxir;3;MALE;MALE;NEUTRAL;dw#urbhl;RR#PICKP;priest2;None;dw1melge;;;;;;STAF01;;;;120;bg1;G'axir the Seer
GAZIB;HUMANOID;HUMAN;INNOCENT;MAGE_MALE_HUMAN;GAZIB;gazib;5;MALE;MALE;NEUTRAL;dw#urbhl;MAGE3;None;;dw1melge;;;;;;STAF01;;;;300;bg1;The Great Gazib
GDOPP7;MONSTER;DOPPLEGANGER;DOPPLEGANGER_GREATER;DOPPLEGANGER_GREATER;GDOPP7;;1;NIETHER;MALE;ENEMY;None;SARDOPP;None;None;dw1melge;;;;;;S1-12;;;;4000;bg1;Greater Doppelganger
GDOPP71;MONSTER;DOPPLEGANGER;DOPPLEGANGER_GREATER;DOPPLEGANGER_GREATER;GDOPP71;;1;NIETHER;MALE;ENEMY;None;SARDOPP;None;None;dw1melge;;;;;;S1-12;;;;4000;bg1;Greater Doppelganger
GDOPP72;MONSTER;DOPPLEGANGER;DOPPLEGANGER_GREATER;DOPPLEGANGER_GREATER;GDOPP72;;1;NIETHER;MALE;ENEMY;None;SARDOPP;None;None;dw1melge;;;;;;S1-12;;;;4000;bg1;Greater Doppelganger
GDOPP73;MONSTER;DOPPLEGANGER;DOPPLEGANGER_GREATER;DOPPLEGANGER_GREATER;GDOPP73;;1;NIETHER;MALE;ENEMY;None;SARDOPP;None;None;dw1melge;;;;;;S1-12;;;;4000;bg1;Greater Doppelganger
GDOPP74;MONSTER;DOPPLEGANGER;DOPPLEGANGER_GREATER;DOPPLEGANGER_GREATER;GDOPP74;;1;NIETHER;MALE;ENEMY;None;SARDOPP;None;None;dw1melge;;;;;;S1-12;;;;4000;bg1;Greater Doppelganger
GDOPP75;MONSTER;DOPPLEGANGER;DOPPLEGANGER_GREATER;DOPPLEGANGER_GREATER;GDOPP75;;1;NIETHER;MALE;ENEMY;None;SARDOPP;None;None;dw1melge;;;;;;S1-12;;;;4000;bg1;Greater Doppelganger
GELLAN;HUMANOID;GNOME;INNOCENT;CLERIC_FEMALE_GNOME;gellan;gellan;10;FEMALE;FEMALE;NEUTRAL;dw#urbhl;INITDLG;PRIEST4;None;dw1melge;;;;;;BLUN01;;;;2000;bg1;Gellana Mirrorshade
GELTIK;HUMANOID;HOBGOBLIN;HOBGOBLIN;HOBGOBLIN;GELTIK;None;3;MALE;MALE;NEUTRAL;dw#gpsht;RR#PICKP;;None;dw1range;HELM01;;;;;BOW01;COMPS01;;;165;bg1;Geltik
GENTHO;HUMANOID;HUMAN;FIGHTER;FIGHTER_MALE_HUMAN;GENTHORE;gentho;9;MALE;MALE;NEUTRAL;dw#gpsht;None;None;None;dw1range;;SHLD15;;;;AX1H04;AX1H04;AX1H01;;1600;bg1;Genthore
GERDE;HUMANOID;HUMAN;INNOCENT;FIGHTER_FEMALE_HUMAN;Gerde;GERDE;8;FEMALE;FEMALE;NEUTRAL;dw#urbhl;RR#PICKP;seeenemy;None;dw1melge;;;;;;SPER01;;;;420;bg1;Gerde
GERVIS;HUMANOID;ELF;MAGE;MAGE_MALE_ELF;Gervisse;gervis;8;MALE;MALE;NEUTRAL;INITDLG;GERVISSE;;None;dw#mg66;;;;;;DAGG01;;;;900;bg1;Gervisse
GHAST;UNDEAD;GHOUL;GHOUL_GHAST;GHAST;None;;4;NIETHER;MALE;ENEMY;dw#gpshm;;None;None;dw1melge;;;RING95;;;GHAST1;;;;650;bg1;Ghast
GHASTD;UNDEAD;GHOUL;GHOUL_GHAST;GHAST;None;;4;NIETHER;158;ENEMY;GHASTD;;MOVEP1;None;dw1melge;;;RING95;;;GHAST1;;;;650;bg1;Ghast
GHASTS;UNDEAD;GHOUL;GHOUL_GHAST;GHAST;None;;4;SUMMONED;MALE;CONTROLLED;;BDSUM00;None;None;dw1melge;;;RING95;;;GHAST1;;;;0;bg1;Ghast
GHASTSU;UNDEAD;SKELETON;SKELETON;SKELETON;None;;3;SUMMONED;SUMMONED;CONTROLLED;BornWait;BDSUM00;None;None;None;;SKELSHLD;RING99;;;SKELCLUB;;;;0;bg1;Skeleton
GHORAK;HUMANOID;HUMAN;INNOCENT;ZOMBIE;None;GHORAK;1;MALE;MALE;NEUTRAL;dw#innhl;RUNENEMY;None;None;WDRUNSGT;;;;;;;;;;65;bg1;Ghorak
GHOUL;UNDEAD;GHOUL;GHOUL;GHOUL;None;;2;NIETHER;MALE;ENEMY;dw#gpshm;None;None;None;dw1melge;;;RING95;;;GHOUL1;;;;175;bg1;Ghoul
GHOULLOR;UNDEAD;GHOUL;GHOUL_GHAST;GHAST;None;;4;MALE;MALE;ENEMY;dw#gpshm;None;;None;dw1melge;;;RING95;;;GHAST1;;;;1000;bg1;Greater Ghoul
GHOULSU;UNDEAD;GHOUL;GHOUL;GHOUL;None;;2;SUMMONED;SUMMONED;ENEMY;None;None;;None;dw1melge;;;RING95;;;GHOUL1;;;;0;bg1;Ghoul
GIBBER;HUMANOID;GIBBERLING;GIBBERLING;GIBBERLING;gibber;;1;MALE;MALE;ENEMY;GIBBER;None;None;None;dw1melmo;;;;;;S1-8;;;;35;bg1;Gibberling
GIBBER02;HUMANOID;GIBBERLING;GIBBERLING;GIBBERLING;None;;1;MALE;MALE;ENEMY;GIBBER;None;None;None;dw1melmo;;;;;;S1-2;;;;35;bg1;Diseased Gibberling
GIBBER2;HUMANOID;GIBBERLING;GIBBERLING;GIBBERLING;None;;1;MALE;MALE;ENEMY;GIBBER;None;None;None;dw1melmo;;;;;;S1-2;;;;35;bg1;Diseased Gibberling
GIBBERSU;HUMANOID;GIBBERLING;GIBBERLING;GIBBERLING;None;;1;SUMMONED;MALE;ALLY;None;None;None;None;DVMELEE;;;;;;GIBBERSU;;;;0;bg1;Gibberling
GIBBLAUR;HUMANOID;GIBBERLING;GIBBERLING;GIBBERLING;gibblaur;;1;MALE;MALE;ENEMY;gibblaur;None;None;None;dw1melmo;;;;;;S1-8;;;;35;bg1;Gibberling
GIRBA1;HUMANOID;HUMAN;INNOCENT;GIRL;None;girba1;1;FEMALE;FEMALE;NEUTRAL;dw#innhl;None;None;None;wdrunsgt;;;;;;;;;;7;bg1;Girl
GIRBA2;HUMANOID;HUMAN;INNOCENT;GIRL;None;girba2;1;FEMALE;FEMALE;NEUTRAL;dw#innhl;None;None;None;wdrunsgt;;;;;;;;;;7;bg1;Girl
GIRBA3;HUMANOID;HUMAN;INNOCENT;GIRL;None;girba3;1;FEMALE;FEMALE;NEUTRAL;dw#innhl;None;None;None;wdrunsgt;;;;;;;;;;7;bg1;Girl
GIRBA3_A;HUMANOID;HUMAN;INNOCENT;GIRL;None;GIRBA3;1;FEMALE;FEMALE;NEUTRAL;dw#innhl;None;None;None;WDRUNSGT;;;;;;;;;;7;bg1;Girl
GIRBA3_B;HUMANOID;HUMAN;INNOCENT;GIRL;None;girba3;1;FEMALE;FEMALE;NEUTRAL;dw#innhl;None;None;None;wdrunsgt;;;;;;;;;;7;bg1;Girl
GIRBA3_C;HUMANOID;HUMAN;INNOCENT;GIRL;None;girba3;1;FEMALE;FEMALE;NEUTRAL;dw#innhl;None;None;None;wdrunsgt;;;;;;;;;;7;bg1;Girl
GIRBA3_D;HUMANOID;HUMAN;INNOCENT;GIRL;None;girba3;1;FEMALE;FEMALE;NEUTRAL;dw#innhl;None;None;None;wdrunsgt;;;;;;;;;;7;bg1;Girl
GIRBA3_E;HUMANOID;HUMAN;INNOCENT;GIRL;None;girba3;1;FEMALE;FEMALE;NEUTRAL;dw#innhl;None;None;None;wdrunsgt;;;;;;;;;;7;bg1;Girl
GIRBAX_A;HUMANOID;HUMAN;INNOCENT;STATIC_GIRL;None;GIRBA3;1;FEMALE;FEMALE;NEUTRAL;dw#innhl;None;None;None;None;;;;;;;;;;7;bg1;Girl
GIRBAX_B;HUMANOID;HUMAN;INNOCENT;STATIC_GIRL;None;GIRBA3;1;FEMALE;FEMALE;NEUTRAL;dw#innhl;None;None;None;None;;;;;;;;;;7;bg1;Girl
GIRBAX_C;HUMANOID;HUMAN;INNOCENT;STATIC_GIRL;None;GIRBA3;1;FEMALE;FEMALE;NEUTRAL;dw#innhl;None;None;None;None;;;;;;;;;;7;bg1;Girl
GIRBAX_D;HUMANOID;HUMAN;INNOCENT;STATIC_GIRL;None;GIRBA3;1;FEMALE;FEMALE;NEUTRAL;dw#innhl;None;None;None;None;;;;;;;;;;7;bg1;Girl
GIRBAX_E;HUMANOID;HUMAN;INNOCENT;STATIC_GIRL;None;GIRBA3;1;FEMALE;FEMALE;NEUTRAL;dw#innhl;None;None;None;None;;;;;;;;;;7;bg1;Girl
GIRLBAX;HUMANOID;HUMAN;INNOCENT;STATIC_GIRL;None;girlba3;1;FEMALE;FEMALE;NEUTRAL;dw#innhl;None;None;None;None;;;;;;;;;;7;bg1;Girl
GIRLBE;HUMANOID;HUMAN;INNOCENT;GIRL;None;girlbe;1;FEMALE;FEMALE;NEUTRAL;dw#innhl;None;RUNENEMY;None;wdrunsgt;;;;;;;;;;7;bg1;Girl
GLANMA;HUMANOID;HUMAN;THIEF;FAT_WOMAN;Glanmarie;glanma;5;FEMALE;FEMALE;NEUTRAL;RR#PICKP;None;None;None;wtrunsgt;;;;;;DAGG01;;;;420;bg1;Glanmarie
GLART;HUMANOID;HOBGOBLIN;HOBGOBLIN;HOBGOBLIN;CampHobg;GLART;1;MALE;MALE;NEUTRAL;dw#prsht;HOBGOBC;None;None;dw1melge;HELM01;;;;;COMPS01;;;;35;bg1;Hobgoblin
GLENN;HUMANOID;HUMAN;INNOCENT;PEASANT_MAN;GLENN;;1;MALE;MALE;NEUTRAL;RR#PICKP;WTRUNSGT;None;None;;;;;;;;;;;15;bg1;Glenn
GLINT7;HUMANOID;GNOME;CLERIC_THIEF;THIEF_MALE_GNOME;GLINT;BDGLINT;6;MALE;MALE;NEUTRAL;BDGLINT;BDGLINTC;;;;;SHLD17;;;;SLNG02;BLUN07;;;0;bg1;Glint
GLOBSHAM;PLANT;SHAMBLING_MOUND;NO_CLASS;SHAMBLING_MOUND;None;;12;SUMMONED;MALE;CONTROLLED;None;None;None;None;BDSUM00;;;IMMUNE2;;;B4-32M4;;;;0;bg1;Shambling Mound
GLOWTES2;MONSTER;NO_RACE;NO_CLASS;FIGHTER_FEMALE_HUMAN;None;None;8;NIETHER;MALE;ENEMY;None;None;None;None;dw1melmo;;;RING98;MAGE01;;S2-16;;;;3000;bg1;Invisible Stalker
GLOWTEST;MONSTER;NO_RACE;NO_CLASS;FIGHTER_MALE_ELF;None;None;6;NIETHER;MALE;ENEMY;REDDEATH;None;None;None;dw1melmo;HELM01;;RING98;;;;;;;2000;bg1;Helmed Horror
GNARL;HUMANOID;OGRE;OGRE_OGRILLON;OGRILLON;Gnarl;gnarl;5;MALE;MALE;NEUTRAL;dw#gpsht;GNARL;None;None;dw1melge;;;;;;SW1H01;;;;175;bg1;Gnarl
GNOLL;HUMANOID;GNOLL;GNOLL;GNOLL;None;;2;MALE;MALE;ENEMY;dw#gpsht;None;;None;dw1melge;;;;;;HALB01;;;;35;bg1;Gnoll
GNOLL02;HUMANOID;GNOLL;GNOLL;GNOLL;None;;2;MALE;MALE;ENEMY;None;None;None;None;dw1melge;;;;;;HALB02;;;;35;bg1;Gnoll
GNOLL03;HUMANOID;GNOLL;GNOLL;GNOLL;None;;2;MALE;MALE;ENEMY;None;None;None;None;dw1melge;;;;;;HALB02;;;;35;bg1;Gnoll
GNOLL04;HUMANOID;GNOLL;GNOLL;GNOLL;None;;2;MALE;MALE;ENEMY;None;None;None;None;dw1melge;;;;;;HALB02;;;;35;bg1;Gnoll
GNOLL05;HUMANOID;GNOLL;GNOLL;GNOLL;None;;2;MALE;MALE;ENEMY;None;None;None;None;dw1melge;;;;;;HALB02;;;;35;bg1;Gnoll
GNOLL2;HUMANOID;GNOLL;GNOLL;GNOLL;None;;2;MALE;MALE;ENEMY;None;None;None;None;dw1melge;;;;;;HALB01;;;;35;bg1;Gnoll
GNOLL3;HUMANOID;GNOLL;GNOLL;GNOLL;None;;2;MALE;MALE;ENEMY;None;None;None;None;dw1melge;;;;;;HALB01;;;;35;bg1;Gnoll
GNOLL5;HUMANOID;GNOLL;GNOLL;GNOLL;Gnoll5;GNOLL5;2;MALE;MALE;NEUTRAL;GNOLL5;None;None;None;dw1melge;;;;;;HALB01;;;;35;bg1;Ludrug
GNOLL5A;HUMANOID;GNOLL;GNOLL;GNOLL;Gnoll5a;GNOLL5A;2;MALE;MALE;NEUTRAL;RR#PICKP;GNOLL5A;None;None;dw1melge;;;;;;HALB01;;;;35;bg1;Gnoll
GNOLLD;HUMANOID;GNOLL;GNOLL;GNOLL;None;;2;MALE;MALE;ENEMY;None;None;GNOLLDR;None;None;;;;;;HALB01;;;;35;bg1;Gnoll
GNOLLPER;HUMANOID;GNOLL;GNOLL;GNOLL;None;;2;MALE;MALE;ENEMY;dw#gpsht;None;;None;dw1melge;;;;;;HALB01;;;;35;bg1;Gnoll
GNOLLSU;HUMANOID;GNOLL;GNOLL;GNOLL;None;;4;SUMMONED;MALE;ALLY;;None;None;;DVMELEE;HELM01;;;;;GNOLLSU;;;;35;bg1;Gnoll Elite
GNOLL_A;HUMANOID;GNOLL;GNOLL;GNOLL;None;;2;MALE;MALE;ENEMY;dw#gpsht;None;;None;dw1melge;;;;;;HALB01;;;;65;bg1;Gnoll Elite
GNOLL_B;HUMANOID;GNOLL;GNOLL;GNOLL;None;;2;MALE;MALE;ENEMY;dw#gpsht;None;;None;dw1melge;;;;;;HALB01;;;;35;bg1;Gnoll
GNOLL_BB;HUMANOID;GNOLL;GNOLL;GNOLL;gnoll_bb;;2;MALE;MALE;NEUTRAL;dw#prsht;GNOLLFB;;None;dw1melge;;;;;;HALB01;;;;35;bg1;Gnoll
GNOLL_C;HUMANOID;GNOLL;GNOLL;GNOLL;None;;4;MALE;MALE;ENEMY;dw#gpsht;None;;None;dw1melge;;;;;;HALB01;;;;120;bg1;Gnoll Chieftain
GNOLL_D;HUMANOID;GNOLL;GNOLL;GNOLL;None;;2;MALE;MALE;ENEMY;dw#gpsht;None;;None;dw1melge;;;;;;HALB01;;;;65;bg1;Gnoll Slasher
GNOLL_E;HUMANOID;GNOLL;GNOLL;GNOLL;None;;2;MALE;MALE;ENEMY;dw#gpsht;None;;None;dw1melge;;;;;;HALB01;;;;65;bg1;Gnoll Veteran
GNOLL_EB;HUMANOID;GNOLL;GNOLL;GNOLL;gnoll_eb;;2;MALE;MALE;NEUTRAL;dw#prsht;GNOLLFB;;None;dw1melge;;;;;;HALB01;;;;65;bg1;Gnoll Veteran
GNOLTAL1;HUMANOID;GNOLL;GNOLL;GNOLL;None;;2;MALE;MALE;ENEMY;GNOLLF;None;;None;dw1melge;;;;;;HALB01;;;;65;bg1;Gnoll Elite
GNOLTAL2;HUMANOID;GNOLL;GNOLL;GNOLL;None;;2;MALE;MALE;ENEMY;GNOLLF;None;;None;dw1melge;;;;;;HALB01;;;;35;bg1;Gnoll
GNOLTAL3;HUMANOID;GNOLL;GNOLL;GNOLL;None;;2;MALE;MALE;ENEMY;GNOLLF;None;;None;dw1melge;;;;;;HALB01;;;;65;bg1;Gnoll Slasher
GNOLTAL4;HUMANOID;GNOLL;GNOLL;GNOLL;None;;2;MALE;MALE;ENEMY;GNOLLF;None;;None;dw1melge;;;;;;HALB01;;;;65;bg1;Gnoll Veteran
GOLEMF;GIANTHUMANOID;GOLEM;GOLEM_FLESH;OGRILLON;None;;9;NIETHER;MALE;ENEMY;;None;None;None;dw1melmo;;;IMMUNE1;;;GOLFLE;;;;2000;bg1;Flesh Golem
GOLEMF2;GIANTHUMANOID;GOLEM;GOLEM_FLESH;OGRILLON;None;;9;NIETHER;MALE;ENEMY;;None;None;None;dw1melmo;;;IMMUNE1;;;GOLFLE;;;;2000;bg1;Flesh Golem
GOLINV;HUMANOID;HUMAN;INNOCENT;PEASANT_MAN;None;GOLINV;1;MALE;MALE;NEUTRAL;INITDLG;dw#innhl;RUNENEMY;None;WTRUNSGT;;;;;;;;;;15;bg1;Golin Vend
GOODDEAT;HUMANOID;HUMAN;FIGHTER_MAGE;DEATH_KNIGHT;Gooddeat;None;18;MALE;MALE;ENEMY;Gooddeat;None;None;None;None;HELM15;SHLD06;ringdemn;;;SW2H05;;;;0;bg1;Mirror Fiend
GORD;HUMANOID;HUMAN;INNOCENT;SLAVE;GORD;gord;1;MALE;MALE;NEUTRAL;dw#innhl;INITDLG;RUNENEMY;None;wtrunsgt;;;;;;;;;;2;bg1;Miner Gord
GORF;GIANTHUMANOID;OGRE;OGRE;OGRE;GORF;None;9;NIETHER;MALE;NEUTRAL;dw#gpsht;None;;None;dw1melge;;;;;;OGRE1;;;;2000;bg1;Gorf
GORION;HUMANOID;HUMAN;INNOCENT;MAGE_MALE_HUMAN;Gorion;GORION;9;MALE;MALE;NEUTRAL;RR#PICKP;GORION;None;None;None;;;;;;DAGG01;;;;4000;bg1;Gorion
GORION3;MONSTER;DOPPLEGANGER;DOPPLEGANGER_GREATER;MAGE_MALE_HUMAN;Gorion3;gorion3;9;NIETHER;MALE;NEUTRAL;;None;GDCHANGE;None;dw1melge;;;;;;DAGG01;;;;500;bg1;Gorion
GORPEL;HUMANOID;HUMAN;FIGHTER;FIGHTER_MALE_HUMAN;GORPEL;GORPEL;6;MALE;MALE;NEUTRAL;GORPGANG;;;SEEENEMY;dw1melge;;;;;;SW1H04;;;;50;bg1;Gorpel Hind
GOVERN;HUMANOID;HUMAN;INNOCENT;NOBLE_MAN;None;govern;1;MALE;MALE;NEUTRAL;RR#PICKP;WDRUNWAT;None;None;None;;;;;;;;;;15;bg1;Administrative Worker
GRAEL;UNDEAD;GHOUL;GHOUL_GHAST;GHAST;None;GRAEL;4;NIETHER;158;ENEMY;SHOUTDLG;None;;None;dw1melge;;;RING95;;;GHAST1;;;;5000;bg1;Grael
GREGOR;HUMANOID;HUMAN;THIEF;THIEF_MALE_HUMAN;GREGOR;gregor;6;MALE;MALE;NEUTRAL;dw#gpsht;INITDLG;None;None;dw1melth;;;;;;SW1H08;;;;650;bg1;Gregor
GRETEK;HUMANOID;HUMAN;FIGHTER;FIGHTER_MALE_HUMAN;GRETEK;gretek;9;MALE;MALE;NEUTRAL;dw#gpsht;;INITDLG;gretek;dw1melge;;AX1H01;;;;AX1H03;;;;1200;bg1;Gretek
GREYWO;HUMANOID;HUMAN;FIGHTER;FIGHTER_MALE_HUMAN;Greywolf;GREYWO;7;MALE;MALE;NEUTRAL;RR#PICKP;GREYWOLF;;None;dw1melge;;SW1H04;;;;SW1H06;;;;1400;bg1;Greywolf
GRHOG01;ANIMAL;NO_RACE;FOOD_CREATURE;GROUNDHOG;;;1;MALE;MALE;NEUTRAL;;PREY;;;WDRUNSGT;;;;;;;;;;1;bg1;Groundhog
GSARCH01;HUMANOID;HUMAN;FIGHTER;FIGHTER_MALE_HUMAN;gsarch01;None;4;MALE;MALE;ENEMY;;;None;None;dw1range;;;;;;BOW05;SW1H04;;;240;bg1;Thug
GSARCH02;HUMANOID;HUMAN;FIGHTER;FIGHTER_MALE_HUMAN;gsarch02;None;4;MALE;MALE;ENEMY;;;None;None;dw1range;;;;;;BOW03;SW1H04;;;240;bg1;Thug
GUARBE;HUMANOID;HUMAN;AMNISH_SOLDIER;FIGHTER_MALE_HUMAN;Guard;guarbe;1;MALE;MALE;NEUTRAL;dw#urbhl;SEEENEMY;None;None;dw1melge;;;;;;SW1H04;;;;35;bg1;Guard
GUARCA;HUMANOID;HUMAN;AMNISH_SOLDIER;FIGHTER_MALE_HUMAN;Guard;guarca;1;MALE;MALE;NEUTRAL;dw#urbhl;SEEENEMY;None;None;dw1melge;;;;;;SW1H04;;;;35;bg1;Guard
GUARD;HUMANOID;HUMAN;AMNISH_SOLDIER;CLERIC_MALE_HUMAN;Guard;None;1;MALE;MALE;ENEMY;dw#urbhl;None;guard;None;dw1melge;;SHLD01;;;;SW1H04;;;;420;bg1;Guard
GURKE;HUMANOID;DWARF;INNOCENT;FIGHTER_MALE_DWARF;None;GURKE;8;MALE;MALE;NEUTRAL;dw#urbhl;INITDLG;None;None;WDRUNSGT;;;;;;BLUN06;;;;600;bg1;Gurke
GYLLIA;HUMANOID;HUMAN;INNOCENT;NOBLE_WOMAN;None;gyllia;1;FEMALE;FEMALE;NEUTRAL;dw#innhl;WDRUNSGT;None;None;None;;;;;;;;;;15;bg1;Gyllian
HACK;GIANTHUMANOID;OGRE;OGRE;OGRE;HACK;HACK;11;NIETHER;158;ALLY;INITDLG;None;None;None;dw1melge;;;;;;OGRE1;;;;2000;bg1;Hack
HAFFG2;HUMANOID;HALFLING;INNOCENT;THIEF_FEMALE_HALFLING;HAFFG2;haffg2;0;FEMALE;FEMALE;NEUTRAL;dw#innhl;None;RUNENEMY;None;wdrunsgt;;;;;;;;;;7;bg1;Mabledale
HAFIZ;HUMANOID;GNOME;FIGHTER_MAGE;MAGE_MALE_GNOME;HAFIZ;HAFIZ;6;MALE;MALE;NEUTRAL;;INITMAIN;;;dw#mg67;HELM01;;;;;SW1H07;;;;176;bg1;Hafiz
HAGAR;HUMANOID;HUMAN;INNOCENT;NOBLE_MAN;HAGAR;;1;MALE;MALE;NEUTRAL;RR#PICKP;WTRUNSGT;None;None;;;;;;;;;;;15;bg1;Hagar
HAIRTO;HUMANOID;OGRE;OGRE_OGRILLON;OGRILLON;Hairtooth;hairto;5;MALE;MALE;NEUTRAL;dw#gpsht;HAIRTOTH;None;None;dw1melge;;;;;;B1-8;;;;175;bg1;Hairtooth
HAKSU;MONSTER;MIST;MIST;MIST_CREATURE;None;;12;SUMMONED;MALE;ENEMY;NISHRU01;None;None;None;None;;;;IMMUNE1;;HAKSU;;;;0;bg1;Hakeashar
HAKT;HUMANOID;HOBGOBLIN;HOBGOBLIN;HOBGOBLIN;HAKT;None;5;MALE;MALE;NEUTRAL;dw#c3hst;dw#prsht;dw#gpsht;None;dw1range;;;;;;BOW07;COMPS01;;;750;bg1;Hakt
HALACA;HUMANOID;GNOME;FIGHTER_MAGE;FIGHTER_MALE_GNOME;HALACAN;None;6;MALE;MALE;ENEMY;dw#c3as1;;None;;dw#mg68;HELM01;;;;;AX1H01;HAMM01;;;176;bg1;Halacan
HALBAZ;HUMANOID;HUMAN;MAGE;MAGE_MALE_HUMAN;halbaz;halbaz;18;MALE;MALE;NEUTRAL;dw#urbhl;;None;None;dw#mg69;;;;;;DAGG01;;;;4000;bg1;Halbazzer Drin
HALFEN;HUMANOID;HALFLING;FLAMING_FIST;FIGHTER_MALE_HALFLING;Guard;HALFEN;4;MALE;MALE;NEUTRAL;dw#urbhl;GUARDS;None;initinv;dw1melge;;SHLD08;;;;SW1H07;;;;35;bg1;Halfling Enforcer
HALFEN2;HUMANOID;HALFLING;FLAMING_FIST;FIGHTER_MALE_HALFLING;Guard;HALFEN;4;MALE;MALE;NEUTRAL;dw#urbhl;GUARDS;None;None;dw1melge;;SHLD08;;;;SW1H07;;;;35;bg1;Halfling Enforcer
HALFFG;HUMANOID;HALFLING;INNOCENT;THIEF_FEMALE_HALFLING;None;HALFFG;0;FEMALE;FEMALE;NEUTRAL;dw#innhl;None;RUNENEMY;None;WDRUNSGT;;;;;;;;;;7;bg1;Halfling Woman
HALFG2;HUMANOID;HALFLING;INNOCENT;THIEF_MALE_HALFLING;HALFG2;halfg2;0;MALE;MALE;NEUTRAL;dw#innhl;None;RUNENEMY;None;wdrunsgt;;;;;;;;;;7;bg1;Bunsen
HALFG3;HUMANOID;HALFLING;INNOCENT;THIEF_MALE_HALFLING;None;HALFG3;0;MALE;MALE;NEUTRAL;dw#innhl;None;RUNENEMY;None;WDRUNSGT;;;;;;;;;;7;bg1;Farthendell
HALFG4;HUMANOID;HALFLING;INNOCENT;THIEF_MALE_HALFLING;None;HALFG4;0;MALE;MALE;NEUTRAL;dw#innhl;None;RUNENEMY;None;WDRUNSGT;;;;;;;;;;7;bg1;Arlond
HALFG5;HUMANOID;HALFLING;INNOCENT;THIEF_MALE_HALFLING;None;HALFG5;0;MALE;MALE;NEUTRAL;dw#innhl;None;RUNENEMY;None;WDRUNSGT;;;;;;;;;;7;bg1;Joldenan
HALFG6;HUMANOID;HALFLING;INNOCENT;THIEF_MALE_HALFLING;None;HALFG6;0;MALE;MALE;NEUTRAL;dw#innhl;None;RUNENEMY;None;WDRUNSGT;;;;;;SLNG01;SLNG02;;;7;bg1;Halfling Man
HALFGU;HUMANOID;HALFLING;INNOCENT;THIEF_MALE_HALFLING;None;HALFGU;0;MALE;MALE;NEUTRAL;dw#innhl;None;RUNENEMY;None;WDRUNSGT;;;;;;;;;;7;bg1;Halfling Man
HALFMIRI;HUMANOID;HALFLING;FIGHTER;FIGHTER_MALE_HALFLING_LOW;Guard;HALFEN;1;MALE;MALE;NEUTRAL;None;None;None;None;None;;;;;;SW1H07;;;;35;bg1;Dead Halfling Messenger
HALFTR;HUMANOID;HALFLING;THIEF;THIEF_MALE_HALFLING;None;HALFTR;0;MALE;MALE;NEUTRAL;;None;None;None;WDRUNSGT;;;;;;DAGG01;;;;7;bg1;Furret
HANNAH;HUMANOID;HUMAN;INNOCENT;NOBLE_WOMAN;Hannah;hannah;1;FEMALE;FEMALE;NEUTRAL;dw#innhl;INITDLG;WDRUNSGT;None;None;;;;;;;;;;15;bg1;Lady Hannah
HARBOR;HUMANOID;HALFLING;INNOCENT;THIEF_MALE_HALFLING;None;HARBOR;0;MALE;MALE;NEUTRAL;RR#PICKP;None;None;None;WTRUNSGT;;;;;;DAGG01;;;;7;bg1;Harbor Master
HAREIS;HUMANOID;HUMAN;MAGE;MAGE_FEMALE_HUMAN;HAREIS;None;9;FEMALE;FEMALE;ENEMY;dw#gpsht;;None;None;dw#mg70;;;;;;STAF01;;;;1200;bg1;Hareishan
HASEO;HUMANOID;HUMAN;FIGHTER;FIGHTER_MALE_HUMAN;HASEO;None;11;MALE;MALE;NEUTRAL;dw#gpsht;None;None;None;dw1melke;;SW1H04;RING06;;;SW1H05;;;;1500;bg1;Haseo
HASTEN;HUMANOID;HUMAN;CLERIC;CLERIC_MALE_HUMAN;None;hasten;3;MALE;MALE;NEUTRAL;RR#PICKP;;None;None;dw#pr30;;;;;;BLUN04;;;;7;bg1;Hastenback
HECITO;HUMANOID;HUMAN;INNOCENT;PEASANT_MAN;HECITO;HECITO;1;MALE;MALE;NEUTRAL;dw#innhl;INITDLG;None;None;WDRUNSGT;;;;;;;;;;15;bg1;Hecito
HELMHO;MONSTER;GOLEM;GOLEM_IRON;DOOM_GUARD;None;None;6;MALE;MALE;ENEMY;REDDEATH;None;None;None;dw1melmo;HELM08;SHLD18;RING95;;;BLUN08;;;;2000;bg1;Helmed Horror
HELSHA;HUMANOID;HUMAN;MAGE;MAGE_FEMALE_HUMAN;Helshara;helsha;6;FEMALE;FEMALE;NEUTRAL;dw#gpsht;INITDLG;HELSHARA;;dw#mg71;;;;;;DAGG01;;;;975;bg1;Helshara
HENTOL;HUMANOID;HUMAN;INNOCENT;THIEF_MALE_HUMAN;None;hentol;2;MALE;MALE;NEUTRAL;dw#urbhl;INITDLG;None;None;wtrunsgt;;;;;;;;;;35;bg1;Hentold
HENTOLD;HUMANOID;HUMAN;INNOCENT;THIEF_MALE_HUMAN;None;hentol;2;MALE;MALE;NEUTRAL;INITDLG;None;None;None;wtrunsgt;;;;;;;;;;35;bg1;Hentold
HEPHIS;HUMANOID;HUMAN;INNOCENT;PEASANT_MAN;None;HEPHIS;1;MALE;MALE;NEUTRAL;dw#innhl;WDRUNSGT;None;None;None;;;;;;;;;;15;bg1;Hephis
HERSCH;HUMANOID;HUMAN;INNOCENT;NOBLE_MAN;HERSCHEL;HERSCH;1;MALE;MALE;NEUTRAL;INITDLG;dw#innhl;None;None;WTRUNSGT;;;;;;;;;;15;bg1;Herschel
HICK;HUMANOID;HUMAN;FLAMING_FIST;CLERIC_MALE_HUMAN;HICK;hick;2;MALE;MALE;NEUTRAL;dw#urbhl;INITDLG;None;None;dw1range;HELM08;;;;;BOW03;SW1H04;;;65;bg1;Hick
HOBCHIL1;HUMANOID;HOBGOBLIN;HOBGOBLIN;HOBGOBLIN;None;;1;MALE;MALE;ENEMY;HOBGOBF;None;;None;dw1melge;HELM01;;;;;COMPS01;;;;35;bg1;Hobgoblin
HOBCHIL2;HUMANOID;HOBGOBLIN;HOBGOBLIN;HOBGOBLIN;None;None;3;MALE;MALE;ENEMY;None;None;;None;dw1range;;;;;;COMPB05;COMPS01;;;95;bg1;Hobgoblin Elite
HOBELITE;HUMANOID;HOBGOBLIN;FIGHTER;HOBGOBLIN;None;None;3;MALE;MALE;ENEMY;dw#gpsht;None;;None;dw1range;;;;;;COMPB05;COMPS01;;;95;bg1;Hobgoblin Elite
HOBGBEG1;HUMANOID;HOBGOBLIN;HOBGOBLIN;HOBGOBLIN;None;;1;MALE;MALE;ENEMY;None;None;;None;dw1range;HELM01;;;;;COMPB05;COMPS01;;;35;bg1;Hobgoblin
HOBGBEG2;HUMANOID;HOBGOBLIN;HOBGOBLIN;HOBGOBLIN;None;;1;MALE;MALE;ENEMY;None;None;;None;dw1range;HELM01;;;;;COMPB05;COMPS01;;;35;bg1;Hobgoblin
HOBGBEG3;HUMANOID;HOBGOBLIN;HOBGOBLIN;HOBGOBLIN;None;;1;MALE;MALE;ENEMY;None;None;;None;dw1range;HELM01;;;;;COMPB05;COMPS01;;;35;bg1;Hobgoblin
HOBGBEG4;HUMANOID;HOBGOBLIN;HOBGOBLIN;HOBGOBLIN;None;;1;MALE;MALE;ENEMY;None;None;;None;dw1range;HELM01;;;;;COMPB05;COMPS01;;;35;bg1;Hobgoblin
HOBGBEG5;HUMANOID;HOBGOBLIN;HOBGOBLIN;HOBGOBLIN;None;;1;MALE;MALE;ENEMY;HOBGOBF;None;;None;dw1melge;HELM01;;;;;COMPS01;;;;35;bg1;Hobgoblin
HOBGBEG6;HUMANOID;HOBGOBLIN;HOBGOBLIN;HOBGOBLIN;None;;1;MALE;MALE;ENEMY;HOBGOBF;None;;None;dw1melge;HELM01;;;;;COMPS01;;;;35;bg1;Hobgoblin
HOBGBEG7;HUMANOID;HOBGOBLIN;HOBGOBLIN;HOBGOBLIN;None;;1;MALE;MALE;ENEMY;HOBGOBF;None;;None;dw1melge;HELM01;;;;;COMPS01;;;;35;bg1;Hobgoblin
HOBGBEG8;HUMANOID;HOBGOBLIN;HOBGOBLIN;HOBGOBLIN;None;;1;MALE;MALE;ENEMY;HOBGOBF;None;;None;dw1melge;HELM01;;;;;COMPS01;;;;35;bg1;Hobgoblin
HOBGBEG9;HUMANOID;HOBGOBLIN;HOBGOBLIN;HOBGOBLIN;None;None;3;MALE;MALE;ENEMY;None;None;;None;dw1range;;;;;;COMPB05;COMPS01;;;95;bg1;Hobgoblin Elite
HOBGO2;HUMANOID;HOBGOBLIN;HOBGOBLIN;HOBGOBLIN;None;;1;MALE;MALE;ENEMY;None;None;None;None;dw1melge;HELM01;;;;;COMPS01;;;;35;bg1;Hobgoblin
HOBGO3;HUMANOID;HOBGOBLIN;HOBGOBLIN;HOBGOBLIN;None;;1;MALE;MALE;ENEMY;None;None;None;None;dw1melge;HELM01;;;;;COMPS01;;;;35;bg1;Hobgoblin
HOBGO4;HUMANOID;HOBGOBLIN;HOBGOBLIN;HOBGOBLIN;None;;1;MALE;MALE;ENEMY;None;None;None;None;dw1melge;HELM01;;;;;COMPS01;;;;35;bg1;Hobgoblin
HOBGO5;HUMANOID;HOBGOBLIN;HOBGOBLIN;HOBGOBLIN;None;HOBGO5;1;MALE;MALE;NEUTRAL;dw#gpsht;UBHOBGO5;None;None;dw1melge;HELM01;;;;;COMPS01;;;;35;bg1;Hobgoblin
HOBGO6;HUMANOID;HOBGOBLIN;HOBGOBLIN;HOBGOBLIN;None;;1;MALE;MALE;ENEMY;None;None;None;None;dw1melge;HELM01;;;;;COMPS01;;;;35;bg1;Hobgoblin
HOBGOA_A;HUMANOID;HOBGOBLIN;HOBGOBLIN;HOBGOBLIN;None;;1;MALE;MALE;ENEMY;dw#gpsht;None;;None;dw1range;HELM01;;;;;COMPB05;COMPS01;;;35;bg1;Hobgoblin
HOBGOA_B;HUMANOID;HOBGOBLIN;HOBGOBLIN;HOBGOBLIN;None;;1;MALE;MALE;ENEMY;dw#gpsht;None;;None;dw1range;HELM01;;;;;COMPB05;COMPS01;;;35;bg1;Hobgoblin
HOBGOA_C;HUMANOID;HOBGOBLIN;HOBGOBLIN;HOBGOBLIN;None;;1;MALE;MALE;ENEMY;dw#gpsht;None;;None;dw1range;HELM01;;;;;COMPB05;COMPS01;;;35;bg1;Hobgoblin
HOBGOA_D;HUMANOID;HOBGOBLIN;HOBGOBLIN;HOBGOBLIN;None;;1;MALE;MALE;ENEMY;dw#gpsht;None;;None;dw1range;HELM01;;;;;COMPB05;COMPS01;;;35;bg1;Hobgoblin
HOBGOA_E;HUMANOID;HOBGOBLIN;HOBGOBLIN;HOBGOBLIN;None;;1;MALE;MALE;ENEMY;dw#gpsht;None;;None;dw1range;HELM01;;;;;COMPB05;COMPS01;;;35;bg1;Hobgoblin
HOBGOB;HUMANOID;HOBGOBLIN;HOBGOBLIN;HOBGOBLIN;None;;1;MALE;MALE;ENEMY;dw#gpsht;None;;None;dw1melge;HELM01;;;;;COMPS01;;;;35;bg1;Hobgoblin
HOBGOB03;HUMANOID;HOBGOBLIN;HOBGOBLIN;HOBGOBLIN;None;;1;MALE;MALE;ENEMY;None;None;None;None;dw1melge;HELM01;;;;;COMPS01;;;;35;bg1;Hobgoblin
HOBGOB04;HUMANOID;HOBGOBLIN;HOBGOBLIN;HOBGOBLIN;None;;1;MALE;MALE;ENEMY;None;None;None;None;dw1melge;HELM01;;;;;COMPS01;;;;35;bg1;Hobgoblin
HOBGOB05;HUMANOID;HOBGOBLIN;HOBGOBLIN;HOBGOBLIN;None;;1;MALE;MALE;ENEMY;None;None;None;None;dw1melge;HELM01;;;;;COMPS01;;;;35;bg1;Hobgoblin
HOBGOBA;HUMANOID;HOBGOBLIN;HOBGOBLIN;HOBGOBLIN;None;;1;MALE;MALE;ENEMY;dw#gpsht;None;;None;dw1range;HELM01;;;;;COMPB05;COMPS01;;;35;bg1;Hobgoblin
HOBGOBC;HUMANOID;HOBGOBLIN;HOBGOBLIN;HOBGOBLIN;CampHobgoblin;dw#hobgc;4;MALE;MALE;NEUTRAL;dw#prsht;HOBGOBC;None;None;dw1melge;HELM01;;;;;COMPS01;;;;35;bg1;Chill Hobgoblin
HOBGOBSU;HUMANOID;HOBGOBLIN;HOBGOBLIN;HOBGOBLIN;None;;1;SUMMONED;SUMMONED;CONTROLLED;HOBGOBA;None;HOBGOBSU;None;None;;;;;;COMPB05;COMPS01;;;0;bg1;Hobgoblin Elite
HOBGOB_A;HUMANOID;HOBGOBLIN;HOBGOBLIN;HOBGOBLIN;None;;1;MALE;MALE;ENEMY;dw#gpsht;None;;None;dw1melge;HELM01;;;;;COMPS01;;;;35;bg1;Hobgoblin
HOBGOB_B;HUMANOID;HOBGOBLIN;HOBGOBLIN;HOBGOBLIN;None;;1;MALE;MALE;ENEMY;dw#gpsht;None;;None;dw1melge;HELM01;;;;;COMPS01;;;;35;bg1;Hobgoblin
HOBGOB_C;HUMANOID;HOBGOBLIN;HOBGOBLIN;HOBGOBLIN;None;;1;MALE;MALE;ENEMY;dw#gpsht;None;;None;dw1melge;HELM01;;;;;COMPS01;;;;35;bg1;Hobgoblin
HOBGOB_D;HUMANOID;HOBGOBLIN;HOBGOBLIN;HOBGOBLIN;None;;1;MALE;MALE;ENEMY;dw#gpsht;None;;None;dw1melge;HELM01;;;;;COMPS01;;;;35;bg1;Hobgoblin
HOBGOB_E;HUMANOID;HOBGOBLIN;HOBGOBLIN;HOBGOBLIN;None;;1;MALE;MALE;ENEMY;dw#gpsht;None;;None;dw1melge;HELM01;;;;;COMPS01;;;;35;bg1;Hobgoblin
HOBGOD;HUMANOID;HOBGOBLIN;HOBGOBLIN;HOBGOBLIN;None;HOBGOD;1;MALE;MALE;ENEMY;HOBGOBF;None;;None;dw1melge;HELM01;;;;;COMPS01;;;;35;bg1;Hobgoblin
HOBGZHUR;HUMANOID;HOBGOBLIN;HOBGOBLIN;HOBGOBLIN;hobgzhur;;1;MALE;MALE;ENEMY;dw#gpsht;None;;None;dw1melge;HELM01;;;;;COMPS01;;;;35;bg1;Hobgoblin
HOBJOIA;HUMANOID;HOBGOBLIN;HOBGOBLIN;HOBGOBLIN;None;;1;MALE;MALE;ENEMY;dw#gpsht;None;;None;dw1melge;HELM01;;;;;COMPS01;;;;35;bg1;Hobgoblin
HORSE;ANIMAL;NO_RACE;NO_CLASS;HORSE;None;None;1;MALE;MALE;NEUTRAL;None;None;None;None;None;;;;;;;;;;1;bg1;Horse
HOUSEN;HUMANOID;HUMAN;TOWN_GUARD;FIGHTER_MALE_HUMAN;HouseEnforcer;HOUSEN;3;MALE;MALE;NEUTRAL;dw#urbhl;INITDLG;None;None;dw1melge;;;;;;SW1H01;;;;90;bg1;Guard Enforcer
HOUSEN2;HUMANOID;HUMAN;TOWN_GUARD;FIGHTER_MALE_HUMAN;HOUSEN2;None;3;MALE;MALE;NEUTRAL;dw#urbhl;HOUSEN2;None;None;dw1melge;;;;;;SW1H01;;;;90;bg1;Guard Enforcer
HOUSEN3;HUMANOID;HUMAN;TOWN_GUARD;FIGHTER_MALE_HUMAN;HOUSEN3;None;3;MALE;MALE;NEUTRAL;SHOUT;HOUSEN2;None;None;dw1melge;;;;;;SW1H01;;;;90;bg1;Guard Enforcer
HOUSEN4;HUMANOID;HUMAN;TOWN_GUARD;FIGHTER_MALE_HUMAN;HouseEnforcer;HOUSEN;3;MALE;MALE;NEUTRAL;SHOUT;INITDLG;None;None;dw1melge;;;;;;SW1H01;;;;90;bg1;Guard Enforcer
HOUSEN5;HUMANOID;HUMAN;TOWN_GUARD;FIGHTER_MALE_HUMAN;HOUSEN2;None;3;MALE;MALE;NEUTRAL;SHOUT;HOUSEN2;None;None;dw1melge;;;;;;SW1H01;;;;90;bg1;Guard Enforcer
HOUSEN6;HUMANOID;HUMAN;TOWN_GUARD;FIGHTER_MALE_HUMAN;HOUSEN3;None;3;MALE;MALE;NEUTRAL;SHOUT;HOUSEN2;None;None;dw1melge;;;;;;SW1H01;;;;90;bg1;Guard Enforcer
HOUSG1;HUMANOID;HUMAN;FIGHTER;FIGHTER_MALE_HUMAN;housg1;HOUSG1;1;MALE;MALE;NEUTRAL;dw#urbhl;;None;h_guards;dw1melge;;;;;;SW1H04;;;;65;bg1;Carl
HOUSG2;HUMANOID;HUMAN;FIGHTER;FIGHTER_MALE_HUMAN;housg2;HOUSG2;1;MALE;MALE;NEUTRAL;dw#urbhl;;None;h_guards;dw1melge;;;;;;SW1H04;;;;65;bg1;Jurgen
HOUSG3;HUMANOID;HUMAN;FIGHTER;FIGHTER_MALE_HUMAN;HouseGuard3;housg3;1;MALE;MALE;NEUTRAL;dw#urbhl;brilla;;GUARD3;dw1melge;;;;;;SW1H04;;;;65;bg1;Guard
HOUSG4;HUMANOID;HUMAN;FIGHTER;FIGHTER_MALE_HUMAN;None;housg4;1;MALE;MALE;NEUTRAL;dw#urbhl;INITDLG;;None;dw1melge;;;;;;SW1H04;;;;65;bg1;Guard
HOUSG5;HUMANOID;HUMAN;FIGHTER;FIGHTER_MALE_HUMAN;None;housg5;1;MALE;MALE;NEUTRAL;dw#urbhl;;None;None;dw1melge;;;;;;SW1H04;;;;65;bg1;Guard
HOUSG6;HUMANOID;HUMAN;FIGHTER;FIGHTER_MALE_HUMAN;HOUSG6;HOUSG6;1;MALE;MALE;NEUTRAL;dw#urbhl;None;None;None;dw1melge;;;;;;SW1H04;;;;65;bg1;Guard
HULL;HUMANOID;HUMAN;INNOCENT;FIGHTER_MALE_HUMAN;Hull;hull;3;MALE;MALE;NEUTRAL;dw#urbhl;HULL;None;None;dw1melge;HELM10;;;;;STAF01;;;;175;bg1;Hull
HULL2;HUMANOID;HUMAN;INNOCENT;FIGHTER_MALE_HUMAN;Hull;hull2;3;MALE;MALE;NEUTRAL;dw#urbhl;HULL;None;None;dw1melge;HELM10;;;;;STAF01;;;;175;bg1;Hull
HULL3;MONSTER;DOPPLEGANGER;DOPPLEGANGER;FIGHTER_MALE_HUMAN;Hull;hull3;3;MALE;MALE;NEUTRAL;INITDLG;LDCHANGE;None;None;dw1melge;HELM10;;;;;STAF01;;;;200;bg1;Hull
HULRIK;HUMANOID;HUMAN;INNOCENT;PEASANT_MAN;None;HULRIK;1;MALE;MALE;NEUTRAL;dw#innhl;INITDLG;None;None;WTRUNSGT;;;;;;;;;;15;bg1;Hulrik
HUNTER;HUMANOID;HUMAN;FIGHTER;FIGHTER_MALE_HUMAN;None;hunter;3;MALE;MALE;NEUTRAL;;None;None;None;dw1range;;;;;;BOW03;SW1H07;;;270;bg1;Ted
HUNTER1;HUMANOID;HUMAN;FIGHTER;FIGHTER_MALE_HUMAN;Hunter1;nhuntd;5;MALE;MALE;NEUTRAL;dw#gpsht;None;None;HUNTERS;dw1range;;;;;;BOW03;SW1H07;;;600;bg1;Balquo
HUNTER2;HUMANOID;HUMAN;FIGHTER;FIGHTER_MALE_HUMAN;Hunter2;nhuntc;5;MALE;MALE;NEUTRAL;dw#gpsht;None;None;HUNTERS;dw1range;;;;;;BOW03;SW1H07;;;600;bg1;Palin
HURGAN;HUMANOID;DWARF;INNOCENT;FIGHTER_MALE_DWARF;hurgan;hurgan;9;MALE;MALE;NEUTRAL;dw#urbhl;initdlg;None;None;dw1melge;HELM01;SHLD04;;;;AX1H02;;;;5000;bg1;Hurgan Stoneblade
HUSAM;HUMANOID;HUMAN;THIEF;THIEF_MALE_HUMAN;Husam;husam;9;MALE;MALE;NEUTRAL;RR#PICKP;LEAVECH7;None;None;dw1melth;;;;;;SW1H08;;;;2000;bg1;Husam
HUSAM2;HUMANOID;HUMAN;THIEF;THIEF_MALE_HUMAN;Husam2;husam2;9;MALE;MALE;NEUTRAL;dw#urbhl;Husam2;None;None;dw1melth;;;;;;SW1H08;;;;2000;bg1;Husam
ICHARY;UNDEAD;SKELETON;SKELETON_WARRIOR;SKELETON;ICHARYD;ichary;15;MALE;MALE;NEUTRAL;None;dw#ichar;;None;dw1melge;HELM08;SHLD03;RING99;IMMUNE1;MINHP1;BLUN03;;;;1500;bg1;Icharyd
ICMYC01;MONSTER;MYCONID;NO_CLASS;MYCONID_RED;icmyc01;;6;MALE;MALE;ENEMY;None;icmyc01;GenSht01;UMBHUL01;dw1melmo;;;;;;UMBER01;;;;420;bg1;Myconid
IGIBBER;HUMANOID;GIBBERLING;GIBBERLING;GIBBERLING;None;;1;MALE;MALE;ENEMY;GIBBER;None;None;None;dw1melmo;;;;;GOPOOF;GIBBERIL;;;;0;bg1;Gibberling
IGNATI;HUMANOID;HUMAN;INNOCENT;FAT_MAN;Ignatio;ignati;1;MALE;MALE;NEUTRAL;MERCHA;WTRUNSGT;None;None;None;;;;;;;;;;15;bg1;Ignatio Phleed
IHOBGOB;HUMANOID;HOBGOBLIN;HOBGOBLIN;HOBGOBLIN;None;;1;MALE;MALE;ENEMY;dw#gpsht;None;;None;dw1range;HELM01;;;;GOPOOF;BOWNON;XVARTIL;;;0;bg1;Hobgoblin
IKE;HUMANOID;HUMAN;INNOCENT;THIEF_MALE_HUMAN;IKE;IKE;1;MALE;158;NEUTRAL;RR#PICKP;None;None;None;WTRUNSGT;;;;;;DAGG01;;;;65;bg1;Ike
IKE2;HUMANOID;HUMAN;INNOCENT;THIEF_MALE_HUMAN;IKE;ike2;1;MALE;MALE;NEUTRAL;RR#PICKP;None;None;None;wtrunsgt;;;;;;DAGG01;;;;65;bg1;Ike
IKOBOLD;HUMANOID;KOBOLD;KOBOLD;KOBOLD;None;;1;MALE;MALE;ENEMY;dw#gpsht;None;;;dw1range;;;;;GOPOOF;BOWNON;XVARTIL;;;0;bg1;Kobold
IMOEN;HUMANOID;HUMAN;MAGE;THIEF_FEMALE_HUMAN;Imoen;IMOEN;1;FEMALE;FEMALE;NEUTRAL;None;IMOEN;None;None;WTRUNSGT;;;;;;;;;;20;bg1;Imoen
IMOEN1;HUMANOID;HUMAN;THIEF;THIEF_FEMALE_HUMAN;Imoen;Imoen2;1;FEMALE;FEMALE;NEUTRAL;IMOEN;INITDLG;None;WTRUNSGT;WTARSGT;;;;;;BOW05;;;;0;bg1;Imoen
IMOEN2;HUMANOID;HUMAN;THIEF;THIEF_FEMALE_HUMAN;Imoen;Imoen2;2;FEMALE;FEMALE;NEUTRAL;IMOEN;INITDLG;None;WTRUNSGT;WTARSGT;;;;;;BOW05;SW1H07;;;0;bg1;Imoen
IMOEN4;HUMANOID;HUMAN;THIEF;THIEF_FEMALE_HUMAN;Imoen;Imoen2;4;FEMALE;FEMALE;NEUTRAL;IMOEN;INITDLG;None;None;WTARSGT;;;;;;BOW05;SW1H07;;;0;bg1;Imoen
IMOEN6;HUMANOID;HUMAN;THIEF;THIEF_FEMALE_HUMAN;Imoen;Imoen2;6;FEMALE;FEMALE;NEUTRAL;IMOEN;INITDLG;None;None;WTARSGT;;;;;;BOW05;SW1H07;;;0;bg1;Imoen
INGOT;HUMANOID;GNOLL;GNOLL;GNOLL;INGOT;INGOT;2;MALE;MALE;NEUTRAL;dw#gpsht;INGOT;;None;dw1melge;;;;;;HALB13;;;;235;bg1;Ingot
INNKE2;HUMANOID;HUMAN;INNOCENT;FAT_MAN;None;innke2;1;MALE;MALE;NEUTRAL;dw#innhl;RUNENEMY;None;None;WTRUNSGT;;;;;;;;;;15;bg1;Winthrop
INNKE3;HUMANOID;HUMAN;INNOCENT;FAT_MAN;None;innke3;1;MALE;MALE;NEUTRAL;dw#innhl;RUNENEMY;INNKE3;None;WTRUNSGT;;;;;;;;;;15;bg1;Innkeeper
INNKN2;HUMANOID;HUMAN;INNOCENT;FAT_MAN;None;innkn2;1;MALE;MALE;NEUTRAL;dw#innhl;None;None;None;WTRUNSGT;;;;;;;;;;15;bg1;Innkeeper
IRLENT;HUMANOID;HUMAN;FIGHTER;FIGHTER_MALE_HUMAN;Irlentre;irlent;3;MALE;MALE;NEUTRAL;RR#PICKP;IRLENTRE;None;None;dw1melge;;;;;;SW1H07;;;;420;bg1;Irlentree
IRON10;HUMANOID;HUMAN;FIGHTER;FIGHTER_MALE_HUMAN;iron10;iron10;1;MALE;MALE;NEUTRAL;dw#gpsht;INITDLG;;iron10;dw1melge;;;;;;SW1H04;;;;65;bg1;Guard
IRON11;HUMANOID;HUMAN;FIGHTER;FIGHTER_MALE_HUMAN;iron11;iron11;1;MALE;MALE;NEUTRAL;dw#gpsht;INITDLG;;None;dw1melge;;;;;;SW1H04;;;;65;bg1;Guard
IRON12;HUMANOID;HUMAN;FIGHTER;FIGHTER_MALE_HUMAN;None;iron12;1;MALE;MALE;NEUTRAL;dw#gpsht;INITDLG;;None;dw1melge;;;;;;SW1H04;;;;65;bg1;Guard
IRON13;HUMANOID;HUMAN;FIGHTER;FIGHTER_MALE_HUMAN;None;iron13;1;MALE;MALE;NEUTRAL;dw#gpsht;INITDLG;;None;dw1melge;;;;;;SW1H04;;;;65;bg1;Guard
IRON14;HUMANOID;HUMAN;FIGHTER;FIGHTER_MALE_HUMAN;None;iron14;1;MALE;MALE;NEUTRAL;dw#gpsht;INITDLG;;None;dw1melge;;;;;;SW1H04;;;;65;bg1;Guard
IRON2;HUMANOID;HUMAN;FIGHTER;FIGHTER_MALE_HUMAN;None;iron2;3;MALE;MALE;NEUTRAL;dw#gpsht;INITDLG;;None;dw1melge;;;;;;SW1H04;;;;65;bg1;Guard
IRON3;HUMANOID;HUMAN;FIGHTER;FIGHTER_MALE_HUMAN;None;iron3;3;MALE;MALE;NEUTRAL;dw#gpsht;INITDLG;;None;dw1melge;;;;;;SW1H04;;;;120;bg1;Guard
IRON4;HUMANOID;HUMAN;FIGHTER;FIGHTER_MALE_HUMAN;None;iron4;1;MALE;MALE;NEUTRAL;dw#gpsht;INITDLG;;None;dw1melge;;;;;;SW1H04;;;;65;bg1;Guard
IRON5;HUMANOID;HUMAN;FIGHTER;FIGHTER_MALE_HUMAN;None;iron5;5;MALE;MALE;NEUTRAL;dw#gpsht;INITDLG;;None;dw1melge;;SHLD15;;;;SW1H04;;;;650;bg1;Guard
IRON6;HUMANOID;HUMAN;FIGHTER;FIGHTER_MALE_HUMAN;IRON6;iron6;1;MALE;MALE;NEUTRAL;dw#gpsht;INITDLG;;None;dw1melge;;;;;;SW1H04;;;;65;bg1;Guard
IRON7;HUMANOID;HUMAN;FIGHTER;FIGHTER_MALE_HUMAN;None;iron7;1;MALE;MALE;NEUTRAL;dw#gpsht;INITDLG;;None;dw1melge;;;;;;SW1H04;;;;65;bg1;Guard
IRON8;HUMANOID;HUMAN;FIGHTER;FIGHTER_MALE_HUMAN;None;iron8;1;MALE;MALE;NEUTRAL;dw#gpsht;INITDLG;;None;dw1melge;;;;;;SW1H04;;;;65;bg1;Guard
IRON9;HUMANOID;HUMAN;FIGHTER;FIGHTER_MALE_HUMAN;None;iron9;1;MALE;MALE;NEUTRAL;dw#gpsht;INITDLG;;None;dw1melge;;;;;;SW1H04;;;;65;bg1;Guard
IRONELIT;HUMANOID;HUMAN;FIGHTER;FIGHTER_MALE_HUMAN;ironelit;None;5;MALE;MALE;ENEMY;dw#gpsht;;None;None;dw1range;;;;;;BOW03;SW1H04;;;420;bg1;Blacktalon Elite
IRONGU;HUMANOID;HUMAN;FIGHTER;FIGHTER_MALE_HUMAN;irongu;IRONGU;5;MALE;MALE;ENEMY;dw#gpsht;;None;None;dw1melge;;SHLD03;;;;SW1H04;;;;270;bg1;Guard
IRONGU01;HUMANOID;HUMAN;FIGHTER;FIGHTER_MALE_HUMAN;irongu01;IRONGU;1;MALE;MALE;ENEMY;dw#gpsht;;None;irongu;dw1melge;;SHLD03;;;;SW1H04;;;;120;bg1;Guard
IRONGU02;HUMANOID;HUMAN;FIGHTER;FIGHTER_MALE_HUMAN;irongu02;IRONGU;1;MALE;MALE;ENEMY;dw#gpsht;;None;irongu;dw1melge;;SHLD03;;;;SW1H04;;;;120;bg1;Guard
IRONGU03;HUMANOID;HUMAN;FIGHTER;FIGHTER_MALE_HUMAN;irongu03;IRONGU;1;MALE;MALE;ENEMY;dw#gpsht;;None;irongu;dw1melge;;SHLD03;;;;SW1H04;;;;120;bg1;Guard
IRONGUAR;HUMANOID;HUMAN;FIGHTER;FIGHTER_MALE_HUMAN;ironguar;irongu;5;MALE;MALE;ENEMY;dw#gpsht;;None;None;dw1range;;;;;;BOW03;SW1H04;;;420;bg1;Guard
IRONHO;HUMANOID;HUMAN;FIGHTER;FIGHTER_MALE_HUMAN;None;ironho;1;MALE;MALE;NEUTRAL;dw#gpsht;;None;None;dw1melge;;;;;;SW1H04;;;;65;bg1;Guard
IRONM2;HUMANOID;HUMAN;MAGE;FAT_MAN;None;ironm2;1;MALE;MALE;NEUTRAL;dw#gpsht;WTRUNSGT;None;LEAVECH7;None;;;;;;;;;;15;bg1;Merchant
IRONM3;HUMANOID;HUMAN;MAGE;FAT_MAN;None;ironm3;1;MALE;MALE;NEUTRAL;dw#gpsht;WTRUNSGT;None;LEAVECH7;None;;;;;;;;;;15;bg1;Merchant
IRONM4;HUMANOID;HUMAN;MAGE;FAT_MAN;None;ironm4;1;MALE;MALE;NEUTRAL;dw#gpsht;WTRUNSGT;None;LEAVECH7;None;;;;;;;;;;15;bg1;Merchant
IRONME;HUMANOID;HUMAN;MAGE;FAT_MAN;None;ironme;1;MALE;MALE;NEUTRAL;dw#gpsht;WTRUNSGT;None;LEAVECH7;None;;;;;;;;;;15;bg1;Merchant
ISKELET;UNDEAD;SKELETON;SKELETON;SKELETON;Skeleton;;1;NIETHER;MALE;ENEMY;dw#gpshm;None;None;None;dw1melmo;;SHLD18;RING99;;GOPOOF;XVARTIL;;;;0;bg1;Skeleton
ISLA;HUMANOID;SPECTRE;INNOCENT;MAGE_FEMALE_DWARF_LOW;ISLA;ISLANNE;14;FEMALE;FEMALE;NEUTRAL;None;;None;None;None;;;GHOST2;;;;;;;175;bg1;Islanne
ISLANN;MONSTER;DOPPLEGANGER;MAGE;MAGE_FEMALE_DWARF;ISLANNE;None;10;FEMALE;FEMALE;NEUTRAL;dw#islan;RR#PICKP;;None;dw#mg77;;;RING93;;;STAF01;;;;4000;bg1;Islanne
ISLSIR;HUMANOID;FAIRY;MAGE;SIRINE;islsir;ISLSIR;11;FEMALE;FEMALE;NEUTRAL;dw#gpsht;dw#shdlg;SIRSPELL;;dw1range;;;;;AMUL11;BOW01;SIRINE1;;;6000;bg1;Sirine Queen
ITASLOI;HUMANOID;KOBOLD;KOBOLD_TASLOI;KOBOLD_TASLOI;None;;1;MALE;MALE;ENEMY;None;None;None;None;dw1melge;;;;;GOPOOF;TASLOIIL;;;;0;bg1;Tasloi
ITHMEE;HUMANOID;HUMAN;MAGE;MAGE_FEMALE_HUMAN;Ithmeera;ithmee;5;FEMALE;FEMALE;NEUTRAL;dw#gpsht;RR#PICKP;ITHMEERA;;dw#mg78;;;RING16;;;STAF01;;;;650;bg1;Ithmeera
ITHTYL;HUMANOID;HUMAN;SORCERER;HARLOT_FIGHTER;ithtyl;ithtyl;12;FEMALE;FEMALE;NEUTRAL;RR#PICKP;None;None;None;dw1range;;;;;;DART01;DAGG01;;;1000;bg1;Ithtyl Calantryn
IVANNE;HUMANOID;DWARF;BARD;THIEF_MALE_DWARF;ivanne;ivanne;5;MALE;MALE;NEUTRAL;dw#urbhl;INITDLG;None;None;dw1melge;;SHLD08;;;;DAGG01;;;;120;bg1;Ivanne
IXVART;HUMANOID;KOBOLD;KOBOLD_XVART;KOBOLD_XVART;None;;1;MALE;MALE;ENEMY;dw#prsht;None;XVART;None;dw1melge;;;;;GOPOOF;XVARTIL;;;;0;bg1;Xvart
IZEFIA;HUMANOID;HUMAN;DRUID;CLERIC_MALE_HUMAN;izefia;IZEFIA;9;MALE;MALE;NEUTRAL;dw#izefi;dw#gpsht;dw#shdlg;None;dw#pr83;;;;;;STAF01;DW#SHNBR;;;120;bg1;Izefia
JACIL;HUMANOID;HUMAN;FIGHTER;FIGHTER_MALE_HUMAN;JACIL;jacil;8;MALE;MALE;NEUTRAL;INITDLG;;None;None;dw1range;HELM01;;;;;BOW03;SPER05;;;600;bg1;Jacil
JAHEIR;HUMANOID;HALF_ELF;FIGHTER_DRUID;FIGHTER_FEMALE_ELF;Jaheira;jaheir;1;FEMALE;FEMALE;NEUTRAL;Jaheira;dw#urbhl;PRIEST1;WTASIGHT;DPLAYER;;;;;;STAF01;;;;0;bg1;Jaheira
JAHEIR2;HUMANOID;HALF_ELF;FIGHTER_DRUID;FIGHTER_FEMALE_ELF;jaheira;jaheir;2;FEMALE;FEMALE;NEUTRAL;jaheira;dw#urbhl;PRIEST1;WTASIGHT;DPLAYER;;;;;;STAF01;;;;0;bg1;Jaheira
JAHEIR4;HUMANOID;HALF_ELF;FIGHTER_DRUID;FIGHTER_FEMALE_ELF;jaheira;JAHEIR;4;FEMALE;FEMALE;NEUTRAL;JAHEIRA;dw#urbhl;PRIEST2;WTARSGT;DPLAYER;;;;;;STAF01;SLNG01;;;0;bg1;Jaheira
JAHEIR6;HUMANOID;HALF_ELF;FIGHTER_DRUID;FIGHTER_FEMALE_ELF;jaheira;JAHEIR;5;FEMALE;FEMALE;NEUTRAL;JAHEIRA;dw#urbhl;PRIEST2;WTARSGT;DPLAYER;;;;;;STAF01;SLNG01;;;0;bg1;Jaheira
JAHEIR7;HUMANOID;HALF_ELF;FIGHTER_DRUID;FIGHTER_FEMALE_ELF;JAHEIRA;BDJAHEIR;6;FEMALE;FEMALE;NEUTRAL;BDJAHEIR;;BDSHOUT;BDCLER01;;HELM03;SHLD04;BDRING06;;;BLUN36;SLNG02;;;0;bg1;Jaheira
JALANT;HUMANOID;HUMAN;CLERIC_THIEF;THIEF_FEMALE_HUMAN;Jalantha;jalant;9;FEMALE;FEMALE;NEUTRAL;dw#gpsht;INITDLG;;None;dw#pr35;;;;;;BLUN02;;;;6000;bg1;Jalantha Mistmyr
JAMIE;HUMANOID;HUMAN;NO_CLASS;SLAVE;JAMIE;JAMIE;2;MALE;MALE;NEUTRAL;dw#urbhl;INITDLG;None;None;dw1melge;;;;;;B1-8;;;;65;bg1;Jamie
JARDAK;HUMANOID;HUMAN;FIGHTER;FIGHTER_MALE_HUMAN;JARDAK;jardak;11;MALE;MALE;NEUTRAL;dw#urbhl;INITDLG;None;None;dw1melge;HELM03;SHLD03;;;;SW1H05;;;;3600;bg1;Jardak
JARED;HUMANOID;HUMAN;INNOCENT;NOBLE_MAN;JARED;jared;1;MALE;MALE;NEUTRAL;RR#PICKP;INITDLG;RUNENEMY;None;WTRUNSGT;;;;;;;;;;15;bg1;Jared
JASE;HUMANOID;HUMAN;INNOCENT;BOY;None;Jase;1;MALE;MALE;NEUTRAL;dw#innhl;None;None;None;wdrunsgt;;;;;;;;;;7;bg1;Jase
JEB;HUMANOID;HUMAN;INNOCENT;PEASANT_MAN;None;jeb;1;MALE;MALE;NEUTRAL;RR#PICKP;WDRUNWAT;None;None;None;;;;;;;;;;15;bg1;Jeb
JEBADO;HUMANOID;HUMAN;NO_CLASS;PEASANT_MAN;Jebadoh;jebado;0;MALE;MALE;NEUTRAL;FISHER;;None;None;wtrunsgt;;;;;;SPER01;;;;35;bg1;Jebadoh
JELLGR;MONSTER;SLIME;GREY_OOZE;GRAY_OOZE;None;;3;NIETHER;MALE;ENEMY;None;None;None;None;dw1ranmo;;;RING95;;;OOZEGR1;DW#OOZEG;;;275;bg1;Gray Ooze
JELLMU;MONSTER;SLIME;MUSTARD_JELLY;SLIME_MUSTARD;None;;7;NIETHER;MALE;ENEMY;None;None;None;None;dw1ranmo;;;IMMUNE1;RING95;;JELLMU1;DW#JELMU;;;2000;bg1;Mustard Jelly
JELLMUL;MONSTER;SLIME;MUSTARD_JELLY;SLIME_MUSTARD;Jellmul;;7;NIETHER;MALE;ENEMY;None;None;None;None;dw1ranmo;;;RING95;IMMUNE1;;JELLMU1;DW#JELMU;;;2000;bg1;Mustard Jelly
JELLMUSU;MONSTER;SLIME;MUSTARD_JELLY;SLIME_MUSTARD;None;;7;SUMMONED;SUMMONED;CONTROLLED;None;None;None;None;dw1ranmo;;;IMMUNE1;RING95;;JELLMU1;;;;0;bg1;Mustard Jelly
JELLOC;MONSTER;SLIME;OCRE_JELLY;SLIME_OCHRE;None;;6;NIETHER;MALE;ENEMY;None;None;;None;dw1ranmo;;;RING95;;;JELLOC1;DW#JELOC;;;270;bg1;Ochre Jelly
JELLSPA;MONSTER;SLIME;MUSTARD_JELLY;SLIME_MUSTARD;JELLSPA;;7;MALE;MALE;ENEMY;JELLSPA;None;None;None;dw1ranmo;;;IMMUNE1;RING95;;JELLMU2;DW#JELM2;;;3000;bg1;Fission Slime
JELLYCO;MONSTER;SLIME;OCRE_JELLY;SLIME_OCHRE;None;;6;NIETHER;MALE;ENEMY;None;None;;None;dw1ranmo;;;RING95;;;JELLOC1;DW#JELOC;;;270;bg1;Ochre Jelly
JELLYGR;MONSTER;SLIME;GREEN_SLIME;SLIME_OLIVE;None;;2;NIETHER;MALE;ENEMY;None;None;None;None;dw1melmo;;;RING95;;;JELLGR1;;;;65;bg1;Green Slime
JELLYGR2;MONSTER;SLIME;GREEN_SLIME;SLIME_OLIVE;None;;2;NIETHER;MALE;ENEMY;ATTKALLY;None;None;None;dw1melmo;;;RING95;;;JELLGR1;;;;65;bg1;Green Slime
JELLYMU;MONSTER;SLIME;MUSTARD_JELLY;SLIME_MUSTARD;None;;7;NIETHER;MALE;ENEMY;None;None;None;None;dw1ranmo;;;IMMUNE1;RING95;;JELLMU1;DW#JELMU;;;2000;bg1;Mustard Jelly
JEMBY;HUMANOID;HUMAN;MAGE;MAGE_FEMALE_HUMAN;JEMBY;None;5;FEMALE;FEMALE;NEUTRAL;dw#gpsht;None;;None;dw#mg79;;;;;;STAF01;;;;350;bg1;Jemby
JENKAL;HUMANOID;HALFLING;FIGHTER_THIEF;THIEF_MALE_HALFLING;JENKAL;jenkal;6;MALE;MALE;NEUTRAL;dw#jenka;;;None;dw1melth;HELM01;SHLD01;;;;SW1H07;;;;650;bg1;Jenkal
JESSUP;HUMANOID;HUMAN;INNOCENT;MONK;JESSUP;Jessup;1;MALE;MALE;NEUTRAL;dw#innhl;None;WTRUNSGT;None;None;;;;;;;;;;15;bg1;Jessup
JHASSO;HUMANOID;HUMAN;FIGHTER;FIGHTER_MALE_HUMAN;jhasso;jhasso;3;MALE;MALE;NEUTRAL;RR#PICKP;None;None;None;dw1melge;;;;;;;;;;175;bg1;Jhasso
JOIA;HUMANOID;HUMAN;MAGE;FIGHTER_FEMALE_HUMAN;JOIA;JOIA;5;FEMALE;FEMALE;NEUTRAL;dw#urbhl;None;None;None;dw1melge;;;;;;;;;;900;bg1;Joia
JONAVI;HUMANOID;HUMAN;FLAMING_FIST;CLERIC_MALE_HUMAN;jonavi;jonavi;1;MALE;MALE;NEUTRAL;dw#urbhl;INITDLG;SEEENEMY;None;dw1melge;HELM09;SHLD01;;;;SW1H04;;;;420;bg1;Jonavin
JONDAL;HUMANOID;HUMAN;MAGE;FIGHTER_MALE_HUMAN;jondal;JONDAL;3;MALE;158;NEUTRAL;RR#PICKP;JONDALAR;WATCHER;;dw1melge;;;;;;STAF04;;;;175;bg1;Jondalar
JONDAL3;MONSTER;DOPPLEGANGER;DOPPLEGANGER;FIGHTER_MALE_HUMAN;None;JONDAL3;3;NIETHER;MALE;NEUTRAL;None;INITDLG;LDCHANGE;;dw1melge;;;;;;STAF01;;;;420;bg1;Jondalar
JONDALW;MONSTER;LYCANTHROPE;WOLFWERE;WEREWOLF;None;None;7;MALE;MALE;ENEMY;None;;None;None;dw1melge;;;IMMUNE1;;;S1-12;;;;1500;bg1;Jondal
JOPI;HUMANOID;HUMAN;INNOCENT;PEASANT_MAN;JOPI;JOPI;1;MALE;MALE;NEUTRAL;dw#innhl;INITDLG;None;None;WDRUNSGT;;;;;;;;;;15;bg1;Jopi
JORIN;MONSTER;LYCANTHROPE;WEREWOLF;FIGHTER_MALE_HUMAN;Jorin;jorin;4;MALE;MALE;NEUTRAL;RR#PICKP;WEREWOLF;None;None;dw1range;HELM01;;IMMUNE1;;;SPER01;XBOW01;;;420;bg1;Jorin
JOULAR;HUMANOID;HUMAN;FIGHTER;FIGHTER_MALE_HUMAN;JOULAR;None;6;MALE;MALE;ENEMY;dw#gpsht;None;None;None;dw1melge;;;;;;SW1H05;;;;1200;bg1;Joular
KAELLA;HUMANOID;HUMAN;INNOCENT;NOBLE_WOMAN;kaella;kaella;1;FEMALE;FEMALE;NEUTRAL;INITDLG;WTRUNSGT;None;None;None;;;;;;;;;;15;bg1;Kaella
KAGAIN;HUMANOID;DWARF;FIGHTER;FIGHTER_MALE_DWARF;KAGAIN;kagain;1;MALE;MALE;NEUTRAL;Kagain;None;None;WTASIGHT;DPLAYER;HELM12;SHLD03;;;;AX1H01;;;;0;bg1;Kagain
KAGAIN2;HUMANOID;DWARF;FIGHTER;FIGHTER_MALE_DWARF;KAGAIN;kagain;2;MALE;MALE;NEUTRAL;Kagain;None;None;WTARSGT;DPLAYER;HELM12;SHLD03;;;;AX1H01;AX1H04;;;0;bg1;Kagain
KAGAIN4;HUMANOID;DWARF;FIGHTER;FIGHTER_MALE_DWARF;KAGAIN;kagain;4;MALE;MALE;NEUTRAL;Kagain;None;None;WTARSGT;DPLAYER;HELM12;SHLD03;;;;AX1H01;AX1H04;;;0;bg1;Kagain
KAGAIN6;HUMANOID;DWARF;FIGHTER;FIGHTER_MALE_DWARF;KAGAIN;kagain;6;MALE;MALE;NEUTRAL;Kagain;None;None;WTARSGT;DPLAYER;HELM12;SHLD03;;;;AX1H01;AX1H04;;;0;bg1;Kagain
KAHRK;HUMANOID;OGRE;OGRE_MAGE;OGRE_MAGE;KAHRK;kahrk;12;MALE;MALE;NEUTRAL;dw#shdlg;None;;;dw#mg80;;;;;;DW#UDKAK;;;;3500;bg1;Kahrk
KAISH2;MONSTER;LYCANTHROPE;WEREWOLF;CLERIC_FEMALE_HUMAN_LOW;KAISH2;KAISH2;5;FEMALE;FEMALE;NEUTRAL;SHOUTDLG;KAISHA;None;None;dw1melge;;;IMMUNE1;;;;;;;1800;bg1;Kaishas Gan
KAISHA;MONSTER;LYCANTHROPE;WEREWOLF;CLERIC_FEMALE_HUMAN_LOW;KAISHA;KAISH;5;FEMALE;FEMALE;NEUTRAL;KESCAPE;None;None;None;dw1melge;;;IMMUNE1;;;;;;;1800;bg1;Kaishas Gan
KAISHWLF;MONSTER;LYCANTHROPE;WEREWOLF;WEREWOLF_GREATER;kaishwlf;None;7;FEMALE;FEMALE;ENEMY;None;;None;None;dw1melge;;;IMMUNE1;RINGWOLF;;S1-12;;;;1800;bg1;Kaishas Gan
KALDRAN;ANIMAL;BEAR;BEAR_POLAR;BEAR_POLAR;kaldran;;8;MALE;MALE;ENEMY;None;None;Kaldran;None;dw1ranmo;;;;;;KALDW1;B1-12;;;3000;bg1;Kaldran the Bear
KALESS;HUMANOID;HUMAN;MAGE;MAGE_FEMALE_HUMAN;KALESSIA;kaless;5;FEMALE;FEMALE;NEUTRAL;dw#gpsht;INITDLG;;None;dw#mg81;;;;;;STAF01;;;;650;bg1;Kalessia
KARAN;HUMANOID;HUMAN;INNOCENT;MONK;None;KARAN;1;MALE;MALE;NEUTRAL;INITMAIN;None;None;None;WTRUNSGT;;;;;;;;;;15;bg1;Karan
KARAN1;HUMANOID;HUMAN;INNOCENT;MONK;karan1;KARAN1;1;MALE;MALE;NEUTRAL;waithstl;INITMAIN;None;None;WTRUNSGT;;;;;;;;;;15;bg1;Karan
KARAN3;MONSTER;DOPPLEGANGER;DOPPLEGANGER;MONK;None;KARAN3;1;NIETHER;MALE;NEUTRAL;INITDLG;LDCHANGE;None;None;dw1melge;;;;;;;;;;420;bg1;Karan
KARLAT;HUMANOID;DWARF;FIGHTER;FIGHTER_MALE_DWARF;KARLAT;KARLAT;5;MALE;MALE;NEUTRAL;INITDLG;None;None;None;dw1melge;;SHLD03;;;;AX1H01;;;;270;bg1;Karlat
KAROUG;MONSTER;LYCANTHROPE;WOLFWERE;FIGHTER_MALE_HUMAN;karoug;karoug;11;MALE;MALE;NEUTRAL;INITINV2;None;;None;None;;;IMMUNE1;;AMUL15;;;;;8000;bg1;Karoug
KARP;HUMANOID;HUMAN;INNOCENT;PEASANT_WOMAN;None;karp;1;FEMALE;FEMALE;NEUTRAL;dw#innhl;None;WDRUNSGT;None;None;;;;;;;;;;15;bg1;Karp
KEELOR;HUMANOID;DWARF;INNOCENT;FIGHTER_MALE_DWARF;None;KEELOR;5;MALE;MALE;NEUTRAL;RR#PICKP;None;None;None;WDRUNSGT;;;;;;AX1H01;;;;270;bg1;Keelor
KEEPER;HUMANOID;HUMAN;INNOCENT;FIGHTER_MALE_HUMAN;None;keeper;7;MALE;MALE;NEUTRAL;RR#PICKP;WTRUNSGT;None;None;None;;SHLD01;;;;SW1H04;;;;1400;bg1;Keeper of the Portal
KELDDA;HUMANOID;HUMAN;CLERIC;CLERIC_MALE_HUMAN;keldda;KELDDA;16;MALE;MALE;NEUTRAL;dw#gpsht;RR#PICKP;;None;dw#pr36;;;;;;BLUN04;;;;5000;bg1;Kelddath Ormlyr
KENT;HUMANOID;HUMAN;FLAMING_FIST;CLERIC_MALE_HUMAN;KENT;KENT;6;MALE;MALE;NEUTRAL;dw#urbhl;INITDLG;SEEENEMY;;dw#pr37;HELM09;SHLD01;;;;BLUN02;;;;15;bg1;Kent
KERRAC;HUMANOID;HUMAN;INNOCENT;PEASANT_MAN;KERRACHUS;KERRAC;1;MALE;MALE;NEUTRAL;dw#innhl;INITDLG;None;None;WDRUNSGT;;;;;;;;;;15;bg1;Kerrachus
KESHEE;HUMANOID;HUMAN;INNOCENT;PEASANT_MAN;KESHEEL;KESHEE;1;MALE;MALE;NEUTRAL;INITDLG;dw#innhl;WDRUNSGT;None;None;;;;;;;;;;15;bg1;Kesheel
KESTOR;HUMANOID;HUMAN;THIEF;THIEF_MALE_HUMAN;Kestor;kestor;8;MALE;MALE;NEUTRAL;dw#gpsht;None;None;None;dw1range;;;;;;DART03;DART01;SW1H07;;1200;bg1;Kestor
KHALID;HUMANOID;HALF_ELF;FIGHTER;FIGHTER_MALE_ELF;Khalid;khalid;1;MALE;MALE;NEUTRAL;Khalid;dw#urbhl;None;wtasight;DPLAYER;HELM01;SHLD03;;;;SW1H04;;;;0;bg1;Khalid
KHALID2;HUMANOID;HALF_ELF;FIGHTER;FIGHTER_MALE_ELF;Khalid;KHALID;2;MALE;MALE;NEUTRAL;KHALID;dw#urbhl;None;WTASIGHT;DPLAYER;HELM01;SHLD03;;;;SW1H04;;;;0;bg1;Khalid
KHALID4;HUMANOID;HALF_ELF;FIGHTER;FIGHTER_MALE_ELF;Khalid;KHALID;4;MALE;MALE;NEUTRAL;KHALID;dw#urbhl;None;WTASIGHT;DPLAYER;HELM01;SHLD03;;;;SW1H04;;;;0;bg1;Khalid
KHALID6;HUMANOID;HALF_ELF;FIGHTER;FIGHTER_MALE_ELF;Khalid;khalid;6;MALE;MALE;NEUTRAL;Khalid;dw#urbhl;None;wtarsgt;DPLAYER;HELM01;SHLD03;;;;SW1H04;;;;0;bg1;Khalid
KHALID7;HUMANOID;HALF_ELF;FIGHTER;FIGHTER_MALE_ELF;KHALID;BDKHALID;7;MALE;MALE;NEUTRAL;BDKHALID;BDKHALIC;BDFORT;BDSHOUT;BDFIGH01;HELM04;SHLD04;BDRING06;;;SW1H05;BOW04;;;0;bg1;Khalid
KIEL;UNDEAD;DWARF;CLERIC;CLERIC_MALE_DWARF;KIEL;kiel;5;MALE;MALE;NEUTRAL;None;;None;None;dw1melge;;SHLD09;KIEL2;;;KIEL1;;;;2000;bg1;Kiel the Legion Killer
KIEL2;UNDEAD;DWARF;CLERIC;CLERIC_MALE_DWARF;KIEL2;None;5;MALE;MALE;NEUTRAL;None;;None;None;dw1melge;;SHLD09;KIEL2;;;KIEL1;;;;2000;bg1;Kiel the Legion Killer
KIERES;HUMANOID;HUMAN;FIGHTER;FIGHTER_MALE_HUMAN;Kieres;kieres;7;MALE;MALE;NEUTRAL;dw#urbhl;SHOUTDLG;None;;dw1melge;;;;;;SW1H04;;;;15;bg1;Captain Tollar Kieres
KING;HUMANOID;GOLEM;FIGHTER_MAGE;CLERIC_MALE_HUMAN;KING;None;9;MALE;158;ENEMY;None;None;;;dw#mg158;;;;;;;;;;2000;bg1;King
KIRIAN;HUMANOID;HUMAN;FIGHTER_MAGE;FIGHTER_FEMALE_HUMAN;KIRIAN;KIRIAN;5;FEMALE;FEMALE;NEUTRAL;dw#gpsht;KIRIAN;;None;dw#mg82;;;;;;SW1H05;;;;900;bg1;Kirian
KIRINH;HUMANOID;DEMONIC;MAGE;SIRINE;KIRINHALE;KIRINHAL;0;FEMALE;FEMALE;NEUTRAL;INITDLG;KIRINH;None;None;dw1melge;;;RINGDEMN;;;B1-3;;;;3000;bg1;Kirinhale
KISSIQ;HUMANOID;HUMAN;INNOCENT;PEASANT_MAN;KISSIQ;kissiq;1;MALE;MALE;NEUTRAL;dw#innhl;INITDLG;WTRUNSGT;None;None;;;;;;;;;;15;bg1;Kissiq
KIVAN;HUMANOID;ELF;RANGER;FIGHTER_MALE_ELF;KIVAN;kivan;2;MALE;MALE;NEUTRAL;KIVAN;None;None;WTARSGT;DPLAYER;;;;;;SPER01;BOW03;;;0;bg1;Kivan
KIVAN4;HUMANOID;ELF;RANGER;FIGHTER_MALE_ELF;KIVAN;kivan;4;MALE;MALE;NEUTRAL;KIVAN;None;None;WTARSGT;DPLAYER;;;;;;SPER01;BOW03;;;0;bg1;Kivan
KIVAN6;HUMANOID;ELF;RANGER;FIGHTER_MALE_ELF;KIVAN;kivan;6;MALE;MALE;NEUTRAL;KIVAN;None;None;WTARSGT;DPLAYER;;;;;;SPER01;BOW03;;;0;bg1;Kivan
KNIGHT;MONSTER;GOLEM;GOLEM_CLAY;FIGHTER_MALE_HUMAN;KNIGHT;None;8;MALE;MALE;ENEMY;None;kingdead;dw#ches1;None;dw1melmo;HELM10;SHLD04;IMMUNE1;;RING95;SW1H04;SW1H04;;;2000;bg1;Knight
KNIGHT1;HUMANOID;SPECTRE;SPECTRE;FIGHTER_MALE_HUMAN;Knight1;KNIGHT;30;MALE;MALE;NEUTRAL;None;None;None;None;None;HELM06;SHLD06;GHOST;;;SW1H01;;;;175;bg1;Ghost Knight
KNIGHT2;HUMANOID;SPECTRE;SPECTRE;FIGHTER_FEMALE_ELF;Knight2;KNIGHT;30;FEMALE;FEMALE;NEUTRAL;None;None;None;None;None;HELM06;SHLD08;GHOST;;;BLUN03;;;;175;bg1;Ghost Knight
KNIGHT3;HUMANOID;SPECTRE;SPECTRE;FIGHTER_MALE_ELF;Knight3;KNIGHT;30;MALE;MALE;NEUTRAL;None;None;None;None;None;HELM06;SHLD14;GHOST;;;AX1H01;;;;175;bg1;Ghost Knight
KNIGHT4;HUMANOID;SPECTRE;SPECTRE;FIGHTER_MALE_HUMAN;Knight4;KNIGHT;30;MALE;MALE;NEUTRAL;None;None;None;None;None;HELM06;SHLD04;GHOST;;;BLUN06;;;;175;bg1;Ghost Knight
KNIGHT5;HUMANOID;SPECTRE;SPECTRE;FIGHTER_FEMALE_HUMAN;Knight5;KNIGHT;30;FEMALE;FEMALE;NEUTRAL;None;None;None;None;None;HELM06;;GHOST;;;HALB02;;;;175;bg1;Ghost Knight
KNIGHT6;HUMANOID;SPECTRE;SPECTRE;FIGHTER_MALE_HUMAN;Knight6;KNIGHT;30;MALE;MALE;NEUTRAL;None;None;None;None;None;HELM06;;GHOST;;;BOW07;;;;175;bg1;Ghost Knight
KNIGHTSK;UNDEAD;SKELETON;SKELETON;SKELETON;None;KNIGHTSK;1;NIETHER;MALE;NEUTRAL;INITDLG;None;None;None;dw1melmo;;;;;;SPER01;;;;65;bg1;Undead Knight
KNOTT;HUMANOID;HUMAN;FIGHTER;FIGHTER_MALE_HUMAN;Knott;knott;1;MALE;MALE;NEUTRAL;dw#prsht;INITDLG;None;None;dw1melge;;;;;;SW1H04;;;;65;bg1;Knott
KOBBEG1;HUMANOID;KOBOLD;KOBOLD;KOBOLD;None;;1;MALE;MALE;ENEMY;None;None;None;None;dw1range;;;;;;COMPB05;SW1H07;;;7;bg1;Kobold
KOBBEG2;HUMANOID;KOBOLD;KOBOLD;KOBOLD;None;;1;MALE;MALE;ENEMY;None;None;None;;dw1range;;;;;;COMPB05;SW1H07;;;7;bg1;Kobold
KOBBEG3;HUMANOID;KOBOLD;KOBOLD;KOBOLD;None;;1;MALE;MALE;ENEMY;None;None;KOBOLDF;None;None;;;;;;SW1H07;;;;7;bg1;Kobold
KOBCAP01;HUMANOID;KOBOLD;PALADIN;KOBOLD;None;;5;MALE;MALE;ENEMY;GENSHT01;None;None;;dw1ranpa;;;;;;SW1H07;BOW01;;;15;bg1;Kobold Captain
KOBCOMM;HUMANOID;KOBOLD;KOBOLD;KOBOLD;None;;1;MALE;MALE;ENEMY;dw#gpsht;None;None;None;dw1range;;;;;;COMPB05;SW1H07;;;35;bg1;Kobold Commando
KOBOLA_A;HUMANOID;KOBOLD;KOBOLD;KOBOLD;None;;1;MALE;MALE;ENEMY;dw#kobsp;dw#gpsht;None;;dw1range;;;;;;COMPB05;SW1H07;;;7;bg1;Kobold
KOBOLA_B;HUMANOID;KOBOLD;KOBOLD;KOBOLD;None;;1;MALE;MALE;ENEMY;dw#gpsht;None;None;None;dw1range;;;;;;COMPB05;SW1H07;;;7;bg1;Kobold
KOBOLA_C;HUMANOID;KOBOLD;KOBOLD;KOBOLD;None;;1;MALE;MALE;ENEMY;dw#kobsp;dw#gpsht;None;None;dw1range;;;;;;COMPB05;SW1H07;;;7;bg1;Kobold
KOBOLA_D;HUMANOID;KOBOLD;KOBOLD;KOBOLD;None;;1;MALE;MALE;ENEMY;dw#gpsht;None;None;None;dw1range;;;;;;COMPB05;SW1H07;;;7;bg1;Kobold
KOBOLA_E;HUMANOID;KOBOLD;KOBOLD;KOBOLD;None;;1;MALE;MALE;ENEMY;dw#kobsp;dw#gpsht;None;;dw1range;;;;;;COMPB05;SW1H07;;;7;bg1;Kobold
KOBOLD;HUMANOID;KOBOLD;KOBOLD;KOBOLD;None;;1;MALE;MALE;ENEMY;dw#gpsht;None;;None;dw1melge;;;;;;SW1H07;;;;7;bg1;Kobold
KOBOLD02;HUMANOID;KOBOLD;KOBOLD;KOBOLD;None;;1;MALE;MALE;ENEMY;None;None;None;None;dw1melge;;;;;;SW1H07;;;;7;bg1;Kobold
KOBOLD03;HUMANOID;KOBOLD;KOBOLD;KOBOLD;None;;1;MALE;MALE;ENEMY;None;None;None;None;dw1melge;;;;;;SW1H07;;;;7;bg1;Kobold
KOBOLD10;HUMANOID;KOBOLD;KOBOLD;KOBOLD;None;;1;MALE;MALE;ENEMY;None;None;koboldf;None;None;;;;;;SW1H07;;;;7;bg1;Kobold
KOBOLD11;HUMANOID;KOBOLD;KOBOLD;KOBOLD;None;;1;MALE;MALE;ENEMY;None;None;koboldf;None;None;;;;;;SW1H07;;;;7;bg1;Kobold
KOBOLD12;HUMANOID;KOBOLD;KOBOLD;KOBOLD;None;;1;MALE;MALE;ENEMY;None;None;koboldf;None;None;;;;;;SW1H07;;;;7;bg1;Kobold
KOBOLD2;HUMANOID;KOBOLD;KOBOLD;KOBOLD;None;;1;MALE;MALE;ENEMY;None;None;koboldf;None;None;;;;;;SW1H07;;;;7;bg1;Kobold
KOBOLD3;HUMANOID;KOBOLD;KOBOLD;KOBOLD;None;;1;MALE;MALE;ENEMY;dw#gpsht;None;;None;dw1melge;;;;;;SW1H07;;;;7;bg1;Kobold
KOBOLD4;HUMANOID;KOBOLD;KOBOLD;KOBOLD;None;;1;MALE;MALE;ENEMY;None;None;koboldf;None;None;;;;;;SW1H07;;;;7;bg1;Kobold
KOBOLD5;HUMANOID;KOBOLD;KOBOLD;KOBOLD;None;;1;MALE;MALE;ENEMY;None;None;koboldf;None;None;;;;;;SW1H07;;;;7;bg1;Kobold
KOBOLD6;HUMANOID;KOBOLD;KOBOLD;KOBOLD;None;;1;MALE;MALE;ENEMY;None;None;koboldf;None;None;;;;;;SW1H07;;;;7;bg1;Kobold
KOBOLD7;HUMANOID;KOBOLD;KOBOLD;KOBOLD;None;;4;MALE;MALE;NEUTRAL;helpmul;dw#gpsht;;None;dw1melge;;;;;;SW1H07;;;;7;bg1;Kobold
KOBOLD8;HUMANOID;KOBOLD;KOBOLD;KOBOLD;None;;1;MALE;MALE;ENEMY;None;None;koboldf;None;None;;;;;;SW1H07;;;;7;bg1;Kobold
KOBOLD9;HUMANOID;KOBOLD;KOBOLD;KOBOLD;None;;1;MALE;MALE;ENEMY;None;None;koboldf;None;None;;;;;;SW1H07;;;;7;bg1;Kobold
KOBOLDA;HUMANOID;KOBOLD;KOBOLD;KOBOLD;None;;1;MALE;MALE;ENEMY;dw#kobsp;dw#gpsht;None;;dw1range;;;;;;COMPB05;SW1H07;;;7;bg1;Kobold
KOBOLDAB;HUMANOID;KOBOLD;KOBOLD;KOBOLD;Koboldab;;1;MALE;MALE;ENEMY;ATTKALLY;None;None;None;dw1range;;;;;;COMPB05;SW1H07;;;7;bg1;Kobold
KOBOLDAL;HUMANOID;KOBOLD;KOBOLD;KOBOLD;None;;1;MALE;MALE;ENEMY;dw#kobsp;dw#gpsht;None;;dw1range;;;;;;COMPB05;SW1H07;;;7;bg1;Kobold
KOBOLDFL;HUMANOID;KOBOLD;KOBOLD;KOBOLD;None;;1;MALE;MALE;ENEMY;dw#gpsht;None;KOBOLDFL;None;None;;;;;;SW1H07;;;;7;bg1;Kobold
KOBOLDSU;HUMANOID;KOBOLD;KOBOLD;KOBOLD;None;;1;SUMMONED;SUMMONED;CONTROLLED;KOBOLDAL;None;BDSUM00;None;;;;;;;COMPB05;SW1H07;;;0;bg1;Kobold Commando
KOBOLD_A;HUMANOID;KOBOLD;KOBOLD;KOBOLD;None;;1;MALE;MALE;ENEMY;dw#kobsp;dw#gpsht;;None;dw1melge;;;;;;SW1H07;;;;7;bg1;Kobold
KOBOLD_B;HUMANOID;KOBOLD;KOBOLD;KOBOLD;None;;1;MALE;MALE;ENEMY;dw#gpsht;None;;None;dw1melge;;;;;;SW1H07;;;;7;bg1;Kobold
KOBOLD_C;HUMANOID;KOBOLD;KOBOLD;KOBOLD;None;;1;MALE;MALE;ENEMY;dw#kobsp;dw#gpsht;;None;dw1melge;;;;;;SW1H07;;;;7;bg1;Kobold
KOBOLD_D;HUMANOID;KOBOLD;KOBOLD;KOBOLD;None;;1;MALE;MALE;ENEMY;dw#gpsht;None;;None;dw1melge;;;;;;SW1H07;;;;7;bg1;Kobold
KOBOLD_E;HUMANOID;KOBOLD;KOBOLD;KOBOLD;None;;1;MALE;MALE;ENEMY;dw#kobsp;dw#gpsht;;None;dw1melge;;;;;;SW1H07;;;;7;bg1;Kobold
KOLVAR;HUMANOID;HUMAN;THIEF;THIEF_MALE_HUMAN;Kolvar;KOLVAR;5;MALE;MALE;NEUTRAL;RR#PICKP;KOLVAR;None;None;dw1melth;;SHLD01;;;;SW1H07;;;;420;bg1;Kolvar
KORAX;UNDEAD;GHOUL;GHOUL_REVEANT;GHOUL;korax;KORAX;2;MALE;MALE;NEUTRAL;KORAX;initdlg;None;None;dw1melge;;;RINGKORA;;;GHOUL1;;;;175;bg1;Korax the Ghoul
KOVERA;HUMANOID;HUMAN;SAREVOK;FIGHTER_MALE_HUMAN;None;KOVERA;13;MALE;MALE;NEUTRAL;INITMAIN;None;None;None;WTRUNSGT;;;;;;SAREVO;;;;15000;bg1;Koveras
KROTAN;HUMANOID;OGRE;OGRE_MAGE;OGRE;None;krotan;0;MALE;MALE;NEUTRAL;RR#PICKP;None;None;None;dw1melge;;;;;;SW1H05;;;;650;bg1;Krotan
KRUMM;HUMANOID;HUMAN;FIGHTER;FIGHTER_MALE_HUMAN;Krumm;KRUMM;3;MALE;MALE;NEUTRAL;dw#gpsht;x#krumm;krumm;None;dw1melge;;;;;;BLUN36;;;;175;bg1;Krumm
KRYLA;MONSTER;LYCANTHROPE;WEREWOLF;PEASANT_WOMAN;Maiden;KRYLA;5;FEMALE;FEMALE;NEUTRAL;INITDLG;KRYLA;;None;dw1melge;;;IMMUNE1;;;DAGG01;;;;1400;bg1;Kryla
KRYLL;HUMANOID;HUMAN;MAGE;MAGE_FEMALE_HUMAN;KRYLL;KRYLL;8;FEMALE;FEMALE;NEUTRAL;KRYLL;None;None;None;;;;RING06;;AMUL25;STAF01;;;;1000;bg1;Kryll
KRYSKEL;UNDEAD;SKELETON;SKELETON;SKELETON;KRYSKEL;KRYSKEL;1;MALE;MALE;ENEMY;KRYSKEL;None;None;None;;;;RING99;;B1-6;SW1H04;;;;65;bg1;Skeleton
KRYSKEL1;UNDEAD;SKELETON;SKELETON;SKELETON;KRYSKEL1;None;1;MALE;MALE;NEUTRAL;KRYSKEL;None;None;None;;;;RING99;;B1-6;SW1H04;;;;65;bg1;Rick
KRYSKEL2;UNDEAD;SKELETON;SKELETON;SKELETON;KRYSKEL2;None;1;MALE;MALE;NEUTRAL;KRYSKEL;None;None;None;;;;RING99;;B1-6;SW1H04;;;;65;bg1;Shane
KRYSKEL3;UNDEAD;SKELETON;SKELETON;SKELETON;KRYSKEL3;None;1;MALE;MALE;NEUTRAL;KRYSKEL;None;None;None;;;;RING99;;B1-6;SW1H04;;;;65;bg1;Daryl
KRYSKEL4;UNDEAD;SKELETON;SKELETON;SKELETON;KRYSKEL4;None;1;MALE;MALE;NEUTRAL;KRYSKEL;None;None;None;;;;RING99;;B1-6;SW1H04;;;;65;bg1;Glenn
KRYSKEL5;UNDEAD;SKELETON;SKELETON;SKELETON;KRYSKEL5;None;1;MALE;MALE;NEUTRAL;KRYSKEL;None;None;None;;;;RING99;;B1-6;SW1H04;;;;65;bg1;Lori
KRYSKEL6;UNDEAD;SKELETON;SKELETON;SKELETON;KRYSKEL6;None;1;MALE;MALE;NEUTRAL;KRYSKEL;None;None;None;;;;RING99;;B1-6;SW1H04;;;;65;bg1;Hagar
KRYSTI;HUMANOID;HUMAN;MAGE;THIEF_FEMALE_HUMAN;krystin;krysti;13;FEMALE;FEMALE;NEUTRAL;dw#gpsht;RR#PICKP;;None;dw#mg83;;;MAGE01;;;DAGG04;SLNG02;;;3000;bg1;Krystin
KYLEE;HUMANOID;HUMAN;INNOCENT;SLAVE;KYLEE;kylee;1;MALE;MALE;NEUTRAL;dw#innhl;None;RUNENEMY;None;wtrunsgt;;;;;;;;;;2;bg1;Miner Kylee
KYSUS;HUMANOID;HUMAN;MAGE;MAGE_MALE_HUMAN;KYSUS;kysus;11;MALE;MALE;NEUTRAL;dw#gpsht;;None;None;dw#mg162;;;;;;DAGG01;DAGG05;DAGG05;;1400;bg1;Kysus
LACHLU;HUMANOID;HUMAN;INNOCENT;PEASANT_MAN;None;LACHLU;1;MALE;MALE;NEUTRAL;dw#innhl;WDRUNSGT;None;None;None;;;;;;;;;;15;bg1;Lachluger
LAERTA;HUMANOID;HUMAN;INNOCENT;GIRL;Laerta;laerta;1;FEMALE;FEMALE;NEUTRAL;dw#innhl;None;RUNENEMY;None;wdrunsgt;;;;;;;;;;7;bg1;Laerta
LAHL;MONSTER;LYCANTHROPE;WEREWOLF;FIGHTER_MALE_HUMAN;lahl;LAHL;1;MALE;MALE;NEUTRAL;RR#PICKP;WEREWOLF;RUNENEMY;None;WDRUNSGT;;;IMMUNE1;;;;;;;15;bg1;Lahl
LAKADA;HUMANOID;HUMAN;FIGHTER;FIGHTER_MALE_HUMAN;LAKADAAR;lakada;1;MALE;MALE;NEUTRAL;dw#gpsht;LAKADA;;None;dw1melge;;SHLD03;;;;SW1H04;;;;120;bg1;Lakadaar
LAMALH;HUMANOID;HUMAN;CLERIC;CLERIC_FEMALE_HUMAN;LAMALH;lamalh;5;FEMALE;FEMALE;NEUTRAL;;lamalha;dw#c3as2;None;dw#pr39;HELM01;SHLD03;;;;BLUN04;;;;1200;bg1;Lamalha
LANDRI;HUMANOID;GNOME;INNOCENT;THIEF_FEMALE_GNOME;None;landri;3;FEMALE;FEMALE;NEUTRAL;dw#urbhl;;;None;dw#mg4;;;;;;STAF01;;;;60;bg1;Landrin
LANTAN;HUMANOID;HUMAN;INNOCENT;PEASANT_WOMAN;LANTANARA;lantan;1;FEMALE;FEMALE;NEUTRAL;dw#innhl;INITDLG;WTRUNSGT;None;None;;;;;;;;;;15;bg1;Lantanara
LAOLA;HUMANOID;HUMAN;FLAMING_FIST;CLERIC_FEMALE_HUMAN;LAOLA;laola;1;FEMALE;FEMALE;NEUTRAL;dw#urbhl;INITDLG;None;None;dw1melge;HELM09;SHLD01;;;;SW1H04;;;;15;bg1;Laola Axehand
LARRIA;MONSTER;FAIRY;MAGE;SIRINE;LARRIA;larria;6;FEMALE;FEMALE;NEUTRAL;INITDLG;;None;None;dw#mg86;;;;;;;;;;30;bg1;Larriaz
LARRY;HUMANOID;KOBOLD;KOBOLD;KOBOLD;LARRY;larry;1;MALE;MALE;NEUTRAL;dw#gpsht;None;None;None;dw1melge;;;;;;SW1H07;;;;7;bg1;Larry
LARYSS;HUMANOID;HUMAN;CLERIC;CLERIC_FEMALE_HUMAN;LARYSSA;laryss;5;FEMALE;FEMALE;NEUTRAL;dw#urbhl;LARYS;;None;dw#pr40;;SHLD02;;;;BLUN02;;;;600;bg1;Laryssa
LARZE;GIANTHUMANOID;OGRE;OGRE;OGRE;LARZE;larze;11;NIETHER;MALE;NEUTRAL;INITDLG;None;;None;dw1melge;;;;;;OGRE1;;;;2000;bg1;Larze
LASALA;HUMANOID;HUMAN;MAGE;MAGE_FEMALE_HUMAN;LASALA;None;6;FEMALE;FEMALE;NEUTRAL;dw#gpsht;;None;;dw#mg166;;;;;;STAF01;;;;300;bg1;Lasala
LASKAL;HUMANOID;HUMAN;INNOCENT;CLERIC_MALE_HUMAN;LASKAL;LASKAL;7;MALE;MALE;NEUTRAL;;INITDLG;;None;dw#pr41;;;;;;STAF18;DW#SHNBR;;;1000;bg1;Laskal
LAUREL;HUMANOID;HUMAN;PALADIN;FIGHTER_FEMALE_HUMAN;laurel;laurel;4;FEMALE;FEMALE;NEUTRAL;LAUREL;;None;None;dw1melpa;;SHLD13;;;;SW1H01;;;;60;bg1;Laurel
LEAGGU1;HUMANOID;HUMAN;FIGHTER;FIGHTER_MALE_HUMAN;leaggu1;LEAGGU;6;MALE;158;NEUTRAL;dw#gpsht;None;None;None;dw1range;;;;;;SW1H04;COMPB05;;;110;bg1;Merchants' League Counting House Guard
LEAGGU2;HUMANOID;HUMAN;FIGHTER;FIGHTER_FEMALE_HUMAN;leaggu2;LEAGGU;6;FEMALE;FEMALE;NEUTRAL;dw#gpsht;None;None;None;dw1range;;;;;;SW1H04;COMPB05;;;110;bg1;Merchants' League Counting House Guard
LEAGGU3;HUMANOID;HUMAN;FIGHTER;FIGHTER_FEMALE_HUMAN;leaggu3;LEAGGU;6;FEMALE;FEMALE;NEUTRAL;dw#gpsht;None;None;None;dw1range;HELM08;;;;;SW1H04;COMPB05;;;110;bg1;Merchants' League Counting House Guard
LEAGGU4;HUMANOID;HUMAN;FIGHTER;FIGHTER_MALE_HUMAN;leaggu4;LEAGGU;6;MALE;158;NEUTRAL;dw#gpsht;None;None;None;dw1range;HELM08;;;;;SW1H04;COMPB05;;;110;bg1;Merchants' League Counting House Guard
LEAGGU5;HUMANOID;HUMAN;FIGHTER;FIGHTER_MALE_HUMAN;leaggu5;LEAGGU;6;MALE;158;NEUTRAL;dw#gpsht;None;None;None;dw1range;;;;;;SW1H04;COMPB05;;;110;bg1;Merchants' League Counting House Guard
LEAGGU6;HUMANOID;HUMAN;FIGHTER;FIGHTER_MALE_HUMAN;leaggu6;LEAGGU;6;MALE;158;NEUTRAL;dw#gpsht;None;None;None;dw1range;;;;;;SW1H04;COMPB05;;;110;bg1;Merchants' League Counting House Guard
LEAGGU7;HUMANOID;HUMAN;FIGHTER;FIGHTER_MALE_HUMAN;leaggu7;LEAGGU;6;MALE;158;NEUTRAL;dw#gpsht;None;None;None;dw1range;HELM08;;;;;SW1H04;COMPB05;;;110;bg1;Merchants' League Counting House Guard
LENA;HUMANOID;HUMAN;INNOCENT;NOBLE_WOMAN;None;lena;0;FEMALE;FEMALE;NEUTRAL;RR#PICKP;None;None;None;wtrunsgt;;;;;;;;;;7;bg1;Lena
LENDAR;HUMANOID;HUMAN;MAGE;MAGE_MALE_HUMAN;None;None;7;MALE;MALE;ENEMY;lendarn;;None;None;dw#mg88;;;;;;STAF01;;;;1400;bg1;Lendarn
LENORE;HUMANOID;HUMAN;INNOCENT;CLERIC_FEMALE_HUMAN;None;lenore;3;FEMALE;FEMALE;NEUTRAL;RR#PICKP;None;None;None;dw1melge;;;;;;BLUN04;;;;120;bg1;Lenore
LESLEY;HUMANOID;HUMAN;INNOCENT;SLAVE;LESLEY;lesley;1;MALE;MALE;NEUTRAL;dw#innhl;None;RUNENEMY;None;wtrunsgt;;;;;;;;;;7;bg1;Miner Lesley
LESTOR;HUMANOID;HUMAN;INNOCENT;PEASANT_MAN;LESTOR;lestor;1;MALE;MALE;NEUTRAL;dw#innhl;INITDLG;None;None;wtrunsgt;;;;;;;;;;7;bg1;Lestor
LIIA;HUMANOID;HUMAN;MAGE;MAGE_FEMALE_HUMAN;Liia;liia;16;FEMALE;FEMALE;GOODBUTBLUE;dw#urbhl;LIIA;;None;dw#mg89;;;RING05;;;DAGG01;;;;6000;bg1;Liia Jannath
LINDIN;HUMANOID;HUMAN;FIGHTER;FIGHTER_MALE_HUMAN;LINDIN;None;6;MALE;MALE;NEUTRAL;dw#gpsht;None;None;None;dw1melge;;SHLD03;;;;SW1H05;;;;600;bg1;Lindin
LLINDE;HUMANOID;ELF;INNOCENT;FIGHTER_MALE_ELF;None;llinde;8;MALE;MALE;NEUTRAL;RR#PICKP;None;None;None;dw1range;;;;;;SW1H04;COMPB05;;;900;bg1;Llindellyn
LOBAR;HUMANOID;HUMAN;FIGHTER;FIGHTER_MALE_HUMAN;None;lobar;4;MALE;MALE;NEUTRAL;dw#urbhl;None;None;None;dw1melge;;SHLD08;;;;SW1H01;;;;120;bg1;Lobar
LORI;HUMANOID;HUMAN;INNOCENT;PEASANT_WOMAN;LORI;;1;FEMALE;FEMALE;NEUTRAL;RR#PICKP;WTRUNSGT;;None;;;;;;;;;;;15;bg1;Lori
LOTHAN;HUMANOID;HUMAN;THIEF;THIEF_MALE_HUMAN;Lothander;LOTHAN;9;MALE;MALE;NEUTRAL;RR#PICKP;None;None;None;dw1ranas;;;;;;SW1H08;XBOW04;;;4000;bg1;Lothander
LOUISE;HUMANOID;HUMAN;INNOCENT;GIRL;None;louise;1;FEMALE;FEMALE;NEUTRAL;dw#innhl;None;RUNENEMY;None;wdrunsgt;;;;;;;;;;7;bg1;Louise
LOUPGAR;MONSTER;LYCANTHROPE;WEREWOLF;WEREWOLF_GREATER;loupgar;None;7;MALE;MALE;ENEMY;None;;None;None;dw1melge;;;RINGLOUP;;;S1-12;;;;2200;bg1;Selaad Gan
LOVE;HUMANOID;GOLEM;GOLEM_IRON;FIGHTER_MALE_DWARF;love;LOVE;1;FEMALE;FEMALE;NEUTRAL;None;None;None;None;None;;;;;;;;;;0;bg1;Warder
LOVEM;HUMANOID;GOLEM;GOLEM_IRON;FIGHTER_FEMALE_DWARF;lovem;None;12;FEMALE;FEMALE;ENEMY;REDDEATH;LOVE;;;dw1melmo;;;IMMUNE1;RING95;;SW1H01;;;;3000;bg1;Love
LOWLGU;HUMANOID;HUMAN;FIGHTER;FIGHTER_MALE_HUMAN;None;lowlgu;1;MALE;MALE;NEUTRAL;dw#urbhl;;None;None;dw1melge;;;;;;SW1H04;;;;65;bg1;Guard
LUCKY;HUMANOID;HUMAN;INNOCENT;STATIC_FAT_MAN;None;LUCKY;1;MALE;MALE;NEUTRAL;dw#innhl;SHOPLU;None;None;None;;;;;;;;;;15;bg1;Lucky Aello
LUSSEL;HUMANOID;HUMAN;INNOCENT;FIGHTER_MALE_HUMAN;Lusselyn;LUSSEL;6;MALE;MALE;NEUTRAL;RR#PICKP;None;None;None;WDRUNSGT;;SHLD14;;;;SW1H01;;;;420;bg1;Lusselyn
MADARC;HUMANOID;GNOME;INNOCENT;CLERIC_MALE_GNOME;madarc;arcand;11;MALE;MALE;NEUTRAL;RR#PICKP;mage7;priest4;None;dw1melge;;;;;;STAF01;;;;2000;bg1;Mad Arcand
MAGE2;HUMANOID;ELF;MAGE;MAGE_FEMALE_ELF;None;;1;FEMALE;FEMALE;PC;None;None;None;None;DPLAYER3;;;;;;STAF01;;;;0;bg1;
MAKA;HUMANOID;HUMAN;FIGHTER;FIGHTER_MALE_HUMAN;MAKA;None;7;MALE;MALE;ENEMY;dw#gpsht;;None;None;dw1range;;;;;;BOW03;SPER01;;;1300;bg1;Maka
MALKAL;UNDEAD;GHOUL;GHOUL_REVEANT;GHOUL;None;malkal;0;MALE;MALE;ENEMY;None;None;None;None;dw1melge;;;;;;GHAST1;;;;2000;bg1;Mal-Kalen
MALKAX;HUMANOID;HOBGOBLIN;HOBGOBLIN;HOBGOBLIN;MALKAX;None;3;MALE;MALE;NEUTRAL;dw#gpsht;RR#PICKP;;None;dw1range;HELM01;;;;;BOW01;COMPS01;;;165;bg1;Malkax
MALTZ;HUMANOID;HUMAN;INNOCENT;FAT_MAN;None;MALTZ;1;MALE;MALE;NEUTRAL;dw#innhl;RUNENEMY;None;MALTZ;WTRUNSGT;;;;;;;;;;15;bg1;Maltz
MANEIR;HUMANOID;HUMAN;FIGHTER_THIEF;THIEF_FEMALE_HUMAN;MANEIRA;None;5;FEMALE;FEMALE;ENEMY;dw#c3as2;;None;None;dw1ranth;;;;;;DART04;SW1H07;;;600;bg1;Maneira
MAPLE;HUMANOID;HUMAN;INNOCENT;PEASANT_WOMAN;None;maple;1;FEMALE;FEMALE;NEUTRAL;dw#innhl;None;RUNENEMY;None;WTRUNSGT;;;;;;;;;;15;bg1;Maple Willow Aspen
MARALE;MONSTER;LYCANTHROPE;INNOCENT;CLERIC_FEMALE_HUMAN;Maralee;MARALE;2;FEMALE;FEMALE;NEUTRAL;SHOUTDLG;MARALE;WEREWOLF;None;WTRUNSGT;;;IMMUNE1;;;;;;;420;bg1;Maralee
MARALE2;MONSTER;LYCANTHROPE;INNOCENT;CLERIC_FEMALE_HUMAN;Maralee;MARALE2;2;FEMALE;FEMALE;NEUTRAL;SHOUTDLG;None;None;None;WTRUNSGT;;;;;;;;;;420;bg1;Maralee
MARCEL;HUMANOID;HUMAN;MAGE;MAGE_MALE_HUMAN;Marcel;None;6;MALE;158;NEUTRAL;RR#PICKP;None;;;dw#mg90;;;;;;STAF01;;;;2000;bg1;Marcellus
MAREK;HUMANOID;HUMAN;MAGE_THIEF;THIEF_MALE_HUMAN;Marek;marek;7;MALE;MALE;NEUTRAL;dw#marek;RR#PICKP;INITDLG;;dw#mg91;;;;;;DAGG03;COMPB08;;;650;bg1;Marek
MAREK1;HUMANOID;HUMAN;MAGE_THIEF;THIEF_MALE_HUMAN;Marek;marek;7;MALE;MALE;NEUTRAL;RR#PICKP;INITDLG;;None;dw#mg92;;;;;POTN47;DAGG03;COMPB08;;;650;bg1;Marek
MARL;HUMANOID;HUMAN;FIGHTER;FIGHTER_MALE_HUMAN;Marl;marl;4;MALE;MALE;NEUTRAL;RR#PICKP;MARL;None;None;dw1melge;;;;;;;;;;650;bg1;Marl
MARVIN;HUMANOID;HUMAN;INNOCENT;SLAVE;MARVIN;marvin;1;MALE;MALE;NEUTRAL;dw#innhl;None;None;None;wdrunsgt;;;;;;;;;;7;bg1;Miner Marvin
MCOOK;HUMANOID;HUMAN;INNOCENT;PEASANT_MAN;None;MCOOK;0;MALE;MALE;NEUTRAL;dw#innhl;None;RUNENEMY;None;WTRUNSGT;;;;;;;;;;5;bg1;Cook
MCOOK2;HUMANOID;HUMAN;INNOCENT;PEASANT_MAN;None;MCOOK2;0;MALE;MALE;NEUTRAL;dw#innhl;None;RUNENEMY;None;WTRUNSGT;;;;;;;;;;5;bg1;Cook
MCOOK3;HUMANOID;HUMAN;INNOCENT;PEASANT_MAN;mcook3;MCOOK3;0;MALE;MALE;NEUTRAL;brilla;dw#innhl;RUNENEMY;None;WTRUNSGT;;;;;;;;;;5;bg1;Cook
MCOOK4;HUMANOID;HUMAN;INNOCENT;PEASANT_MAN;None;MCOOK4;0;MALE;MALE;NEUTRAL;dw#innhl;None;RUNENEMY;None;WTRUNSGT;;;;;;;;;;5;bg1;Cook
MCOOK5;HUMANOID;HUMAN;INNOCENT;PEASANT_MAN;None;MCOOK5;0;MALE;MALE;NEUTRAL;dw#innhl;None;RUNENEMY;None;WTRUNSGT;;;;;;;;;;5;bg1;Cook
MCOOK6;HUMANOID;HUMAN;INNOCENT;PEASANT_MAN;None;MCOOK6;0;MALE;MALE;NEUTRAL;dw#innhl;None;RUNENEMY;None;WTRUNSGT;;;;;;;;;;5;bg1;Cook
MEAKIN;HUMANOID;HUMAN;FIGHTER;THIEF_MALE_HUMAN;MEAKIN;None;6;MALE;MALE;ENEMY;dw#gpsht;;None;None;dw1range;;;;;;BOW03;SW1H07;;;300;bg1;Meakin
MEIALA;HUMANOID;FAIRY;MAGE;SIRINE;Meiala;meiala;11;FEMALE;FEMALE;ALLY;None;INITDLG;SIRSPELL;;dw1range;;;;;AMUL11;BOW01;SIRINE1;;;4000;bg1;Meiala the Sirine
MEILUM;HUMANOID;HUMAN;FIGHTER;FIGHTER_MALE_HUMAN;MEILUM;meilum;6;MALE;MALE;NEUTRAL;;INITDLG;None;None;dw1melge;;;;;;SW1H05;;;;1200;bg1;Meilum
MELICA;HUMANOID;HUMAN;INNOCENT;CHICKEN;MELICAMP;melica;4;MALE;MALE;NEUTRAL;RR#PICKP;MELICAMP;None;None;dw1melge;;;;;;;;;;7;bg1;Melicamp
MEMNIS;HUMANOID;WOLF;WOLF;THIEF_MALE_HUMAN;Memnis;memnis;3;MALE;MALE;NEUTRAL;INITDLG;None;;None;dw1range;;;;;;BOW05;;;;1400;bg1;Meym
MENDAS;MONSTER;LYCANTHROPE;WEREWOLF;MAGE_MALE_HUMAN;mendas;menda1;20;MALE;MALE;NEUTRAL;RR#PICKP;initdlg;LOUPGAR;None;dw1melge;;;IMMUNE1;;;;;;;2200;bg1;Mendas
MENDAS2;MONSTER;LYCANTHROPE;WEREWOLF;MAGE_MALE_HUMAN;mendas;menda2;20;MALE;MALE;NEUTRAL;MENDAS2;initdlg;LOUPGAR;None;dw1melge;;;IMMUNE1;;;;;;;2200;bg1;Mendas
MENDAS3;MONSTER;LYCANTHROPE;MAGE;MAGE_MALE_HUMAN;mendas3;menda4;10;MALE;MALE;NEUTRAL;dw#selaa;;;;dw#mg156;;;IMMUNE1;IMMUNE1;MINHP1;STAF01;;;;2200;bg1;Mendas
MEPEAR01;HUMANOID;MEPHIT;MEPHIT;IMP;NONE;;3;NIETHER;MALE;ENEMY;MEPEAR;GENSHT01;;;dw1melge;;;;;IMMCLOUD;B1-4;;;;420;bg1;Earth Mephit
MEPMAG01;HUMANOID;MEPHIT;MEPHIT;IMP;MEPMAG01;;3;MALE;MALE;ENEMY;;BDENSHTV;MEPMAG;;BDFIG00;;;;;IMMCLOUD;MEPMAG;;;;420;bg1;Magma Mephit
MERC;HUMANOID;HUMAN;INNOCENT;FIGHTER_MALE_HUMAN;Merc;None;1;MALE;MALE;ENEMY;dw#innhl;SEEENEMY;None;None;dw1melge;;;;;;SW1H04;;;;65;bg1;Guard
MERC0706;HUMANOID;HUMAN;INNOCENT;FAT_MAN;None;MERC0706;1;MALE;MALE;NEUTRAL;dw#innhl;MERCH4;RUNENEMY;None;WTRUNSGT;;;;;;;;;;15;bg1;Merchant
MERCH2;HUMANOID;HUMAN;INNOCENT;FAT_MAN;MERCH2;merch2;1;MALE;MALE;NEUTRAL;dw#innhl;MERCH2;RUNENEMY;None;WTRUNSGT;;;;;;;;;;15;bg1;Merchant
MERCH3;HUMANOID;HUMAN;INNOCENT;FAT_MAN;None;MERCH3;1;MALE;MALE;NEUTRAL;dw#innhl;RUNENEMY;None;None;WTRUNSGT;;;;;;;;;;15;bg1;Merchant
MERCH4;HUMANOID;HUMAN;INNOCENT;FAT_MAN;None;MERCH4;1;MALE;MALE;NEUTRAL;dw#innhl;MERCH4;RUNENEMY;None;WTRUNSGT;;;;;;;;;;15;bg1;Merchant
MERCH5;HUMANOID;HUMAN;INNOCENT;FAT_MAN;None;merch5;1;MALE;MALE;NEUTRAL;dw#innhl;MERCH5;RUNENEMY;None;WTRUNSGT;;;;;;;;;;15;bg1;Merchant
MERCH6;HUMANOID;HUMAN;INNOCENT;FAT_MAN;None;merch6;1;MALE;MALE;NEUTRAL;dw#innhl;MERCH6;RUNENEMY;None;WTRUNSGT;;;;;;;;;;15;bg1;Merchant
MERCHA;HUMANOID;HUMAN;INNOCENT;FAT_MAN;None;mercha;1;MALE;MALE;NEUTRAL;dw#innhl;MERCHA;RUNENEMY;None;WTRUNSGT;;;;;;;;;;15;bg1;Merchant
MERCHG;HUMANOID;HUMAN;FIGHTER;FIGHTER_MALE_HUMAN;None;merchg;1;MALE;MALE;NEUTRAL;dw#urbhl;SEEENEMY;merchg;None;dw1melge;;;;;;SW1H04;;;;65;bg1;Guard
MERGEN;HUMANOID;HUMAN;INNOCENT;FAT_MAN;None;mergen;1;MALE;MALE;NEUTRAL;dw#innhl;WTRUNSGT;None;None;None;;;;;;;;;;15;bg1;Merchant
MERLEA;HUMANOID;HUMAN;INNOCENT;FAT_MAN;None;merlea;1;MALE;MALE;NEUTRAL;dw#innhl;RUNENEMY;WTRUNSGT;None;None;;;;;;;;;;15;bg1;Merchant
MERLIN;HUMANOID;HUMAN;CLERIC_MAGE;MAGE_MALE_HUMAN;MERLIN;NONE;6;MALE;MALE;PC;None;None;None;None;None;;;;RING07;AMUL14;BLUN05;;;;0;bg1;Elminster
MERSIL;HUMANOID;HUMAN;THIEF;THIEF_MALE_HUMAN;Merchant1;mersil;1;MALE;MALE;NEUTRAL;MERSIL;WTRUNSGT;None;None;None;;;;;;;;;;15;bg1;Faltis
MERSIL2;HUMANOID;HUMAN;THIEF;THIEF_MALE_HUMAN;Merchant2;mersil;1;MALE;MALE;NEUTRAL;MERSIL;WTRUNSGT;None;None;None;;;;;;;;;;15;bg1;Glayde
MERSIL3;HUMANOID;HUMAN;THIEF;THIEF_MALE_HUMAN;Merchant3;mersil;1;MALE;MALE;NEUTRAL;MERSIL;WTRUNSGT;None;None;None;;;;;;;;;;15;bg1;Tessilan
MESSED;HUMANOID;HUMAN;INNOCENT;THIEF_MALE_HUMAN;None;messed;1;MALE;MALE;NEUTRAL;RR#PICKP;None;None;None;wtrunsgt;;;;;;SW1H07;;;;15;bg1;Messenger
MEYM;MONSTER;LYCANTHROPE;WOLFWERE;THIEF_MALE_HUMAN;meym;meym;6;MALE;MALE;NEUTRAL;INITDLG;None;MEYM;None;dw1range;;;;;;BOW05;;;;1400;bg1;Meym
MICHAE;HUMANOID;HUMAN;FIGHTER;THIEF_MALE_HUMAN;MICHAEL;None;6;MALE;MALE;NEUTRAL;dw#gpsht;;None;None;dw1range;;;;;;BOW03;DAGG01;;;300;bg1;Michael
MICK;HUMANOID;HUMAN;INNOCENT;PEASANT_MAN;None;mick;1;MALE;MALE;NEUTRAL;dw#innhl;WDRUNSGT;None;None;None;;;;;;;;;;15;bg1;Mick Feelie
MINDFL01;HUMANOID;MIND_FLAYER;MIND_FLAYER;MINDFLAYER;mindfl01;None;8;MALE;MALE;ENEMY;GENSHT01;None;None;FLAYER01;dw1melge;;;;;;MINDFLAY;;;;9000;bg1;Mind Flayer
MINEC2;HUMANOID;HUMAN;INNOCENT;SLAVE;None;Minec2;1;MALE;MALE;NEUTRAL;RR#PICKP;None;RUNENEMY;None;wtrunsgt;;;;;;;;;;2;bg1;Miner
MINEC3;HUMANOID;HUMAN;INNOCENT;SLAVE;None;Minec3;1;MALE;MALE;NEUTRAL;RR#PICKP;SLAVE;RUNENEMY;None;wdrunsgt;;;;;;;;;;2;bg1;Miner
MINEC4;HUMANOID;HUMAN;INNOCENT;SLAVE;MINEC4;Minec4;1;MALE;MALE;NEUTRAL;RR#PICKP;SLAVE;RUNENEMY;None;wdrunsgt;;;;;;;;;;2;bg1;Miner
MINEC5;HUMANOID;HUMAN;INNOCENT;SLAVE;None;Minec5;1;MALE;MALE;NEUTRAL;RR#PICKP;SLAVE;RUNENEMY;None;wdrunsgt;;;;;;;;;;2;bg1;Miner
MINERC;HUMANOID;HUMAN;INNOCENT;SLAVE;None;Minerc;1;MALE;MALE;NEUTRAL;RR#PICKP;SLAVE;RUNENEMY;None;wdrunsgt;;;;;;;;;;2;bg1;Miner
MINERN;HUMANOID;HUMAN;INNOCENT;SLAVE;None;Minern;1;MALE;MALE;NEUTRAL;dw#innhl;None;RUNENEMY;None;wdrunsgt;;;;;;;;;;2;bg1;Miner
MINSC;HUMANOID;HUMAN;RANGER;FIGHTER_MALE_HUMAN;Minsc;minsc;1;MALE;MALE;NEUTRAL;Minsc;None;None;WTASIGHT;DPLAYER;;;;;;SW2H01;;;;0;bg1;Minsc
MINSC2;HUMANOID;HUMAN;RANGER;FIGHTER_MALE_HUMAN;Minsc;minsc;2;MALE;MALE;NEUTRAL;Minsc;None;None;WTASIGHT;DPLAYER;;;;;;SW2H01;;;;0;bg1;Minsc
MINSC4;HUMANOID;HUMAN;RANGER;FIGHTER_MALE_HUMAN;Minsc;minsc;4;MALE;MALE;NEUTRAL;Minsc;None;None;WTASIGHT;DPLAYER;;;;;;SW2H01;;;;0;bg1;Minsc
MINSC6;HUMANOID;HUMAN;RANGER;FIGHTER_MALE_HUMAN;Minsc;minsc;6;MALE;MALE;NEUTRAL;Minsc;None;None;WTASIGHT;DPLAYER;;;;;;SW2H01;;;;0;bg1;Minsc
MINSC7;HUMANOID;HUMAN;RANGER;FIGHTER_MALE_HUMAN;MINSC;BDMINSC;6;MALE;MALE;NEUTRAL;BDMINSC;BDMINSCC;;;;HELM14;;RING21;;AMUL17;SW2H02;BOW02;;;0;bg1;Minsc
MIRIAN;HUMANOID;ELF;INNOCENT;CLERIC_FEMALE_ELF;None;mirian;0;FEMALE;FEMALE;NEUTRAL;WDRUNBE;WDRUNSGT;None;None;None;;;;;;;;;;15;bg1;Mirianne
MISTPO01;MONSTER;MIST;MIST;MIST_CREATURE;mistpo01;None;6;NIETHER;MALE;ENEMY;None;None;None;None;dw1melmo;;;;;;MISTPO;;;;3500;bg1;Poison Mist
MISTPOSU;MONSTER;MIST;MIST;MIST_CREATURE;mistpo01;None;6;SUMMONED;MALE;ENEMY;None;None;None;None;dw1melmo;;;;;;MISTPO;;;;3500;bg1;Poison Mist
MOLKAR;HUMANOID;HUMAN;FIGHTER;FIGHTER_MALE_HUMAN;MOLKAR;molkar;6;MALE;MALE;NEUTRAL;;molkar;dw#c3as1;None;dw1melge;HELM01;SW1H04;;;;SW1H05;;;;1200;bg1;Molkar
MONGO;HUMANOID;HUMAN;FIGHTER;FIGHTER_MALE_HUMAN;mongo;None;4;MALE;MALE;ENEMY;SHOUT;None;None;None;dw1melge;;SHLD01;;;;SW1H04;;;;420;bg1;Mongo
MONK;HUMANOID;HUMAN;INNOCENT;CLERIC_MALE_HUMAN;None;monk;3;MALE;MALE;NEUTRAL;dw#urbhl;PRIEST2;None;None;dw1melge;;;;;;STAF01;;;;120;bg1;Monk
MONKD2;HUMANOID;HUMAN;INNOCENT;CLERIC_MALE_HUMAN;None;monkd2;3;MALE;MALE;NEUTRAL;dw#urbhl;PRIEST1;None;None;dw1melge;;;;;;STAF01;;;;120;bg1;Monk
MONKDE;HUMANOID;HUMAN;INNOCENT;CLERIC_MALE_HUMAN;None;monkde;3;MALE;MALE;NEUTRAL;dw#urbhl;PRIEST3;None;None;dw1melge;;;;;;STAF01;;;;120;bg1;Monk
MONKEN;HUMANOID;HUMAN;INNOCENT;CLERIC_MALE_HUMAN;None;monken;4;MALE;MALE;NEUTRAL;dw#urbhl;GUARDS;None;PRIEST2;dw1melge;;;;;;STAF01;;;;270;bg1;Monk
MONKTU1;HUMANOID;HUMAN;INNOCENT;MONK;MONKTU1;MONKTU1;1;MALE;MALE;NEUTRAL;RR#PICKP;WTRUNSGT;None;None;None;;;;;;;;;;15;bg1;Tutor
MONKTU10;HUMANOID;HUMAN;INNOCENT;MONK;MONKTU10;MONKTU10;1;MALE;MALE;NEUTRAL;RR#PICKP;WTRUNSGT;None;None;None;;;;;;;;;;15;bg1;Tutor
MONKTU11;HUMANOID;HUMAN;INNOCENT;MONK;MONKTU11;MONKTU11;1;MALE;MALE;NEUTRAL;RR#PICKP;WTRUNSGT;None;None;None;;;;;;;;;;15;bg1;Tutor
MONKTU12;HUMANOID;HUMAN;INNOCENT;MONK;MONKTU12;MONKTU12;1;MALE;MALE;NEUTRAL;RR#PICKP;WTRUNSGT;None;None;None;;;;;;;;;;15;bg1;Tutor
MONKTU13;HUMANOID;HUMAN;INNOCENT;MONK;MONKTU13;MONKTU13;1;MALE;MALE;NEUTRAL;RR#PICKP;WTRUNSGT;None;None;None;;;;;;;;;;15;bg1;Tutor
MONKTU14;HUMANOID;HUMAN;INNOCENT;MONK;MONKTU14;MONKTU14;1;MALE;MALE;NEUTRAL;RR#PICKP;WTRUNSGT;None;None;None;;;;;;;;;;15;bg1;Tutor
MONKTU15;HUMANOID;HUMAN;INNOCENT;MONK;None;MONKTU15;1;MALE;MALE;NEUTRAL;RR#PICKP;WTRUNSGT;None;None;None;;;;;;;;;;15;bg1;Tutor
MONKTU16;HUMANOID;HUMAN;INNOCENT;MONK;None;MONKTU16;1;MALE;MALE;NEUTRAL;RR#PICKP;WTRUNSGT;None;None;None;;;;;;;;;;15;bg1;Tutor
MONKTU17;HUMANOID;HUMAN;INNOCENT;MONK;None;MONKTU17;1;MALE;MALE;NEUTRAL;RR#PICKP;WTRUNSGT;None;None;None;;;;;;;;;;15;bg1;Tutor
MONKTU18;HUMANOID;HUMAN;INNOCENT;MONK;None;MONKTU18;1;MALE;MALE;NEUTRAL;RR#PICKP;WTRUNSGT;None;None;None;;;;;;;;;;15;bg1;Tutor
MONKTU19;HUMANOID;HUMAN;INNOCENT;MONK;None;MONKTU19;1;MALE;MALE;NEUTRAL;RR#PICKP;WTRUNSGT;None;None;None;;;;;;;;;;15;bg1;Tutor
MONKTU2;HUMANOID;HUMAN;INNOCENT;MONK;MONKTU2;MONKTU2;1;MALE;MALE;NEUTRAL;RR#PICKP;WTRUNSGT;None;None;None;;;;;;;;;;15;bg1;Tutor
MONKTU20;HUMANOID;HUMAN;INNOCENT;MONK;None;MONKTU20;1;MALE;MALE;NEUTRAL;RR#PICKP;WTRUNSGT;None;None;None;;;;;;;;;;15;bg1;Tutor
MONKTU3;HUMANOID;HUMAN;INNOCENT;MONK;MONKTU3;MONKTU3;1;MALE;MALE;NEUTRAL;RR#PICKP;WTRUNSGT;None;None;None;;;;;;;;;;15;bg1;Tutor
MONKTU4;HUMANOID;HUMAN;INNOCENT;MONK;MONKTU4;MONKTU4;1;MALE;MALE;NEUTRAL;RR#PICKP;WTRUNSGT;None;None;None;;;;;;;;;;15;bg1;Tutor
MONKTU5;HUMANOID;HUMAN;INNOCENT;MONK;MONKTU5;MONKTU5;1;MALE;MALE;NEUTRAL;RR#PICKP;WTRUNSGT;None;None;None;;;;;;;;;;15;bg1;Tutor
MONKTU6;HUMANOID;HUMAN;INNOCENT;MONK;MONKTU6;MONKTU6;1;MALE;MALE;NEUTRAL;RR#PICKP;WTRUNSGT;None;None;None;;;;;;;;;;15;bg1;Tutor
MONKTU7;HUMANOID;HUMAN;INNOCENT;MONK;MONKTU7;MONKTU7;1;MALE;MALE;NEUTRAL;RR#PICKP;WTRUNSGT;None;None;None;;;;;;;;;;15;bg1;Tutor
MONKTU8;HUMANOID;HUMAN;INNOCENT;MONK;MONKTU8;MONKTU8;1;MALE;MALE;NEUTRAL;RR#PICKP;WTRUNSGT;None;None;None;;;;;;;;;;15;bg1;Tutor
MONKTU9;HUMANOID;HUMAN;INNOCENT;MONK;MONKTU9;MONKTU9;1;MALE;MALE;NEUTRAL;RR#PICKP;WTRUNSGT;None;None;None;;;;;;;;;;15;bg1;Tutor
MONTAR;HUMANOID;HALFLING;THIEF;THIEF_MALE_HALFLING;montaron;montar;1;MALE;MALE;NEUTRAL;Montaron;dw#urbhl;None;WTASIGHT;DPLAYER;;;;;;SW1H07;;;;0;bg1;Montaron
MONTAR2;HUMANOID;HALFLING;THIEF;THIEF_MALE_HALFLING;montaron;montar;2;MALE;MALE;NEUTRAL;Montaron;dw#urbhl;None;WTASIGHT;DPLAYER;;;;;;SW1H07;;;;0;bg1;Montaron
MONTAR4;HUMANOID;HALFLING;THIEF;THIEF_MALE_HALFLING;montaron;montar;4;MALE;MALE;NEUTRAL;Montaron;dw#urbhl;None;WTASIGHT;DPLAYER;;;;;;SW1H07;;;;0;bg1;Montaron
MONTAR6;HUMANOID;HALFLING;THIEF;THIEF_MALE_HALFLING;montaron;montar;6;MALE;MALE;NEUTRAL;Montaron;dw#urbhl;None;WTASIGHT;DPLAYER;;;;;;SW1H07;;;;0;bg1;Montaron
MOORLOCK;HUMANOID;HUMAN;FIGHTER;FIGHTER_MALE_HUMAN;MOORLOCK;moorlock;8;MALE;MALE;ALLY;None;INITDLG;None;None;dw1melge;;;;;;SW1H05;;;;1900;bg1;Moorlock
MOOSE01;ANIMAL;NO_RACE;FOOD_CREATURE;MOOSE;MOOSE01;;1;MALE;MALE;NEUTRAL;;;PREY;;WDRUNSGT;;;;;;P1-10;;;;65;bg1;Moose
MORDAI;HUMANOID;ELF;MAGE;MAGE_FEMALE_ELF;MORDAINE;None;2;FEMALE;FEMALE;NEUTRAL;None;None;None;None;None;;;;;;IDART01;;;;0;bg1;Mordaine
MORVIN;HUMANOID;DWARF;FIGHTER;FIGHTER_MALE_DWARF;MORVIN;None;5;MALE;MALE;ENEMY;dw#c3as1;;None;None;dw1melge;HELM01;;;;;AX1H01;;;;650;bg1;Morvin
MRCOLBOY;HUMANOID;HUMAN;INNOCENT;BOY;None;boyba1;1;MALE;MALE;NEUTRAL;dw#innhl;None;RUNENEMY;None;wdrunsgt;;;;;;;;;;7;bg1;Boy
MRCOLSON;HUMANOID;HUMAN;INNOCENT;PEASANT_MAN;mrcolson;mtbe2;1;MALE;MALE;NEUTRAL;dw#innhl;RUNENEMY;None;WDRUNSGT;None;;;;;;;;;;15;bg1;Commoner
MRCOLWIF;HUMANOID;HUMAN;INNOCENT;PEASANT_WOMAN;None;ftobe2;1;FEMALE;FEMALE;NEUTRAL;dw#innhl;RUNENEMY;None;None;WDRUNSGT;;;;;;;;;;15;bg1;Commoner
MRSHADE;HUMANOID;HUMAN;THIEF;THIEF_MALE_HUMAN;None;mrshade;1;MALE;MALE;NEUTRAL;;;None;None;dw1melth;;;;;;SW1H04;;;;15;bg1;Mr. Shade
MTBE10;HUMANOID;HUMAN;INNOCENT;PEASANT_MAN;None;mtbe10;1;MALE;MALE;NEUTRAL;dw#innhl;RUNENEMY;None;WDRUNSGT;None;;;;;;;;;;15;bg1;Butler
MTBE11;HUMANOID;HUMAN;INNOCENT;PEASANT_MAN;None;mtbe11;1;MALE;MALE;NEUTRAL;dw#innhl;RUNENEMY;None;WDRUNSGT;None;;;;;;;;;;15;bg1;Mr. Colquetle
MTBE12;HUMANOID;HUMAN;INNOCENT;PEASANT_MAN;None;mtbe2;1;MALE;MALE;NEUTRAL;dw#innhl;RUNENEMY;None;WDRUNSGT;None;;;;;;;;;;15;bg1;Commoner
MTBE2;HUMANOID;HUMAN;INNOCENT;PEASANT_MAN;None;mtbe2;1;MALE;MALE;NEUTRAL;dw#innhl;RUNENEMY;None;WDRUNSGT;None;;;;;;;;;;15;bg1;Berden
MTBE3;HUMANOID;HUMAN;INNOCENT;PEASANT_MAN;None;MTBE3;1;MALE;MALE;NEUTRAL;dw#innhl;RUNENEMY;None;WDRUNSGT;None;;;;;;;;;;15;bg1;Dath
MTBE4;HUMANOID;HUMAN;INNOCENT;PEASANT_MAN;None;mtbe4;1;MALE;MALE;NEUTRAL;dw#innhl;RUNENEMY;None;WTRUNSGT;None;;;;;;;;;;15;bg1;Solgen
MTBE5;HUMANOID;HUMAN;INNOCENT;PEASANT_MAN;None;mtbe5;1;MALE;MALE;NEUTRAL;dw#innhl;RUNENEMY;None;WTRUNSGT;None;;;;;;;;;;15;bg1;Borland
MTBE6;HUMANOID;HUMAN;INNOCENT;PEASANT_MAN;None;mtbe6;1;MALE;MALE;NEUTRAL;dw#innhl;RUNENEMY;None;WTRUNSGT;None;;;;;;;;;;15;bg1;Galteran
MTBE7;HUMANOID;HUMAN;INNOCENT;PEASANT_MAN;None;MTBE7;1;MALE;MALE;NEUTRAL;dw#innhl;RUNENEMY;None;WDRUNSGT;None;;;;;;;;;;15;bg1;Davis
MTBE8;HUMANOID;HUMAN;INNOCENT;PEASANT_MAN;None;mtbe8;1;MALE;MALE;NEUTRAL;dw#innhl;RUNENEMY;None;WTRUNSGT;None;;;;;;;;;;15;bg1;Commoner
MTBE9;HUMANOID;HUMAN;INNOCENT;PEASANT_MAN;None;MTBE9;1;MALE;MALE;NEUTRAL;dw#innhl;RUNENEMY;None;WDRUNSGT;None;;;;;;;;;;15;bg1;Alain
MTOB10;HUMANOID;HUMAN;INNOCENT;PEASANT_MAN;None;mtob10;1;MALE;MALE;NEUTRAL;dw#innhl;RUNENEMY;None;WDRUNSGT;None;;;;;;;;;;15;bg1;Commoner
MTOB2;HUMANOID;HUMAN;INNOCENT;PEASANT_MAN;None;mtob2;1;MALE;MALE;NEUTRAL;dw#innhl;RUNENEMY;None;WDRUNSGT;None;;;;;;;;;;15;bg1;Commoner
MTOB3;HUMANOID;HUMAN;INNOCENT;PEASANT_MAN;None;MTOB3;1;MALE;MALE;NEUTRAL;dw#innhl;RUNENEMY;None;WDRUNSGT;None;;;;;;;;;;15;bg1;Commoner
MTOB4;HUMANOID;HUMAN;INNOCENT;PEASANT_MAN;MTOB4;mtob4;1;MALE;MALE;NEUTRAL;dw#innhl;RUNENEMY;None;WDRUNSGT;None;;;;;;;;;;15;bg1;Commoner
MTOB5;HUMANOID;HUMAN;INNOCENT;PEASANT_MAN;MTOB5;mtob5;1;MALE;MALE;NEUTRAL;dw#innhl;RUNENEMY;None;WDRUNSGT;None;;;;;;;;;;15;bg1;Commoner
MTOB6;HUMANOID;HUMAN;INNOCENT;PEASANT_MAN;None;mtob6;1;MALE;MALE;NEUTRAL;dw#innhl;RUNENEMY;None;WDRUNSGT;None;;;;;;;;;;15;bg1;Commoner
MTOB7;HUMANOID;HUMAN;INNOCENT;PEASANT_MAN;None;MTOB7;1;MALE;MALE;NEUTRAL;dw#innhl;RUNENEMY;None;WDRUNSGT;None;;;;;;;;;;15;bg1;Commoner
MTOB8;HUMANOID;HUMAN;INNOCENT;PEASANT_MAN;None;mtob8;1;MALE;MALE;NEUTRAL;dw#innhl;RUNENEMY;None;WDRUNSGT;None;;;;;;;;;;15;bg1;Commoner
MTOB9;HUMANOID;HUMAN;INNOCENT;PEASANT_MAN;None;MTOB9;1;MALE;MALE;NEUTRAL;dw#innhl;RUNENEMY;None;WDRUNSGT;None;;;;;;;;;;15;bg1;Commoner
MTOWBA;HUMANOID;HUMAN;INNOCENT;PEASANT_MAN;None;mtowba;1;MALE;MALE;NEUTRAL;dw#innhl;MTOWBAZ;RUNENEMY;WDRUNSGT;None;;;;;;;;;;15;bg1;Commoner
MTOWBASC;HUMANOID;HUMAN;INNOCENT;STATIC_PEASANT_MAN_CHAIR;None;MTOWBA;1;MALE;MALE;NEUTRAL;dw#innhl;MTOWBAZ;None;None;None;;;;;;;;;;15;bg1;Commoner
MTOWBASN;HUMANOID;HUMAN;INNOCENT;STATIC_PEASANT_MAN_MATTE;None;MTOWBA;1;MALE;MALE;NEUTRAL;dw#innhl;MTOWBAZ;None;None;None;;;;;;;;;;15;bg1;Commoner
MTOWBAST;HUMANOID;HUMAN;INNOCENT;STATIC_PEASANT_MAN_STOOL;None;MTOWBA;1;MALE;MALE;NEUTRAL;dw#innhl;MTOWBAZ;None;None;None;;;;;;;;;;15;bg1;Commoner
MTOWBAX;HUMANOID;HUMAN;INNOCENT;STATIC_PEASANT_MAN;None;MTOWBA;1;MALE;MALE;NEUTRAL;dw#innhl;MTOWBAZ;None;None;None;;;;;;;;;;15;bg1;Commoner
MTOWBA_A;HUMANOID;HUMAN;INNOCENT;PEASANT_MAN;None;MTOWBA;1;MALE;MALE;NEUTRAL;MTOWBAZ;dw#innhl;RUNENEMY;WTRUNSGT;None;;;;;;;;;;15;bg1;Commoner
MTOWBA_B;HUMANOID;HUMAN;INNOCENT;PEASANT_MAN;None;MTOWBA;1;MALE;MALE;NEUTRAL;dw#innhl;MTOWBAZ;RUNENEMY;None;WDRUNSGT;;;;;;;;;;15;bg1;Commoner
MTOWBA_C;HUMANOID;HUMAN;INNOCENT;PEASANT_MAN;None;MTOWBA;1;MALE;MALE;NEUTRAL;dw#innhl;MTOWBAZ;RUNENEMY;None;WDRUNSGT;;;;;;;;;;15;bg1;Commoner
MTOWBA_D;HUMANOID;HUMAN;INNOCENT;PEASANT_MAN;None;MTOWBA;1;MALE;MALE;NEUTRAL;dw#innhl;MTOWBAZ;RUNENEMY;None;WDRUNSGT;;;;;;;;;;15;bg1;Commoner
MTOWBA_E;HUMANOID;HUMAN;INNOCENT;PEASANT_MAN;None;MTOWBA;1;MALE;MALE;NEUTRAL;dw#innhl;MTOWBAZ;RUNENEMY;None;WDRUNSGT;;;;;;;;;;15;bg1;Commoner
MTOWBE;HUMANOID;HUMAN;INNOCENT;PEASANT_MAN;None;MTOWBE;1;MALE;MALE;NEUTRAL;dw#innhl;MTOWBEZ;RUNENEMY;None;WDRUNSGT;;;;;;;;;;15;bg1;Commoner
MTOWBESC;HUMANOID;HUMAN;INNOCENT;STATIC_PEASANT_MAN_CHAIR;None;mtowbe;1;MALE;MALE;NEUTRAL;dw#innhl;MTOWBEZ;None;None;None;;;;;;;;;;15;bg1;Commoner
MTOWBESN;HUMANOID;HUMAN;INNOCENT;STATIC_PEASANT_MAN_MATTE;None;mtowbe;1;MALE;MALE;NEUTRAL;dw#innhl;MTOWBEZ;None;None;None;;;;;;;;;;15;bg1;Commoner
MTOWBEST;HUMANOID;HUMAN;INNOCENT;STATIC_PEASANT_MAN_STOOL;None;MTOWBE;1;MALE;MALE;NEUTRAL;dw#innhl;MTOWBEZ;None;None;None;;;;;;;;;;15;bg1;Commoner
MTOWBEX;HUMANOID;HUMAN;INNOCENT;STATIC_PEASANT_MAN;None;MTOWBE;1;MALE;MALE;NEUTRAL;dw#innhl;MTOWBEZ;None;None;None;;;;;;;;;;15;bg1;Commoner
MTOWBE_A;HUMANOID;HUMAN;INNOCENT;PEASANT_MAN;None;MTOWBE;1;MALE;MALE;NEUTRAL;dw#innhl;MTOWBEZ;RUNENEMY;None;WDRUNSGT;;;;;;;;;;15;bg1;Commoner
MTOWBE_B;HUMANOID;HUMAN;INNOCENT;PEASANT_MAN;None;MTOWBE;1;MALE;MALE;NEUTRAL;dw#innhl;MTOWBEZ;RUNENEMY;None;WDRUNSGT;;;;;;;;;;15;bg1;Commoner
MTOWBE_C;HUMANOID;HUMAN;INNOCENT;PEASANT_MAN;MTOWBE_C;MTOWBE;1;MALE;MALE;NEUTRAL;dw#innhl;MTOWBEZ;RUNENEMY;None;WDRUNSGT;;;;;;;;;;15;bg1;Commoner
MTOWBE_D;HUMANOID;HUMAN;INNOCENT;PEASANT_MAN;None;MTOWBE;1;MALE;MALE;NEUTRAL;dw#innhl;MTOWBEZ;RUNENEMY;None;WDRUNSGT;;;;;;;;;;15;bg1;Commoner
MTOWBE_E;HUMANOID;HUMAN;INNOCENT;PEASANT_MAN;None;MTOWBE;1;MALE;MALE;NEUTRAL;dw#innhl;MTOWBEZ;RUNENEMY;None;WDRUNSGT;;;;;;;;;;15;bg1;Commoner
MTOWF2;HUMANOID;HUMAN;INNOCENT;PEASANT_MAN;None;mtowf2;1;MALE;MALE;NEUTRAL;dw#innhl;RUNENEMY;None;None;WTRUNSGT;;;;;;;;;;15;bg1;Sherman
MTOWFR;HUMANOID;HUMAN;INNOCENT;PEASANT_MAN;None;MTOWFR;1;MALE;MALE;NEUTRAL;dw#innhl;RUNENEMY;None;WDRUNSGT;None;;;;;;;;;;15;bg1;Commoner
MTOWFRSC;HUMANOID;HUMAN;INNOCENT;STATIC_PEASANT_MAN_CHAIR;None;MTOWFR;1;MALE;MALE;NEUTRAL;dw#innhl;None;None;None;None;;;;;;;;;;15;bg1;Commoner
MTOWFRSN;HUMANOID;HUMAN;INNOCENT;STATIC_PEASANT_MAN_MATTE;None;MTOWFR;1;MALE;MALE;NEUTRAL;dw#innhl;None;None;None;None;;;;;;;;;;15;bg1;Commoner
MTOWFRST;HUMANOID;HUMAN;INNOCENT;STATIC_PEASANT_MAN_STOOL;None;MTOWFR;1;MALE;MALE;NEUTRAL;dw#innhl;None;None;None;None;;;;;;;;;;15;bg1;Commoner
MTOWFR_A;HUMANOID;HUMAN;INNOCENT;PEASANT_MAN;None;MTOWFR;1;MALE;MALE;NEUTRAL;dw#innhl;RUNENEMY;None;WDRUNSGT;None;;;;;;;;;;15;bg1;Commoner
MTOWFR_B;HUMANOID;HUMAN;INNOCENT;PEASANT_MAN;None;MTOWFR;1;MALE;MALE;NEUTRAL;dw#innhl;RUNENEMY;None;WDRUNSGT;None;;;;;;;;;;15;bg1;Commoner
MTOWFR_C;HUMANOID;HUMAN;INNOCENT;PEASANT_MAN;None;MTOWFR;1;MALE;MALE;NEUTRAL;dw#innhl;RUNENEMY;None;WDRUNSGT;None;;;;;;;;;;15;bg1;Commoner
MTOWFR_D;HUMANOID;HUMAN;INNOCENT;PEASANT_MAN;None;MTOWFR;1;MALE;MALE;NEUTRAL;dw#innhl;RUNENEMY;None;WDRUNSGT;None;;;;;;;;;;15;bg1;Commoner
MTOWFR_E;HUMANOID;HUMAN;INNOCENT;PEASANT_MAN;None;MTOWFR;1;MALE;MALE;NEUTRAL;dw#innhl;RUNENEMY;None;WDRUNSGT;None;;;;;;;;;;15;bg1;Commoner
MTOWN2;HUMANOID;HUMAN;INNOCENT;PEASANT_MAN;None;MTOWN2;1;MALE;MALE;NEUTRAL;dw#innhl;RUNENEMY;None;WDRUNSGT;None;;;;;;;;;;15;bg1;Commoner
MTOWN3;HUMANOID;HUMAN;INNOCENT;PEASANT_MAN;None;MTOWN3;1;MALE;MALE;NEUTRAL;dw#innhl;WDRUNSGT;None;None;None;;;;;;;;;;15;bg1;Commoner
MTOWN4;HUMANOID;HUMAN;INNOCENT;PEASANT_MAN;None;MTOWN4;1;MALE;MALE;NEUTRAL;dw#innhl;RUNENEMY;None;WDRUNSGT;None;;;;;;;;;;15;bg1;Commoner
MTOWN5;HUMANOID;HUMAN;INNOCENT;FAT_MAN;None;MTOWN5;1;MALE;MALE;NEUTRAL;dw#innhl;RUNENEMY;None;WDRUNSGT;None;;;;;;;;;;15;bg1;Commoner
MTOWNA;HUMANOID;HUMAN;INNOCENT;PEASANT_MAN;None;MTOWNA;1;MALE;MALE;NEUTRAL;dw#innhl;MTOWNAZ;RUNENEMY;None;WDRUNSGT;;;;;;;;;;15;bg1;Commoner
MTOWNASC;HUMANOID;HUMAN;INNOCENT;STATIC_PEASANT_MAN_CHAIR;None;MTOWNA;1;MALE;MALE;NEUTRAL;dw#innhl;MTOWNAZ;None;None;None;;;;;;;;;;15;bg1;Commoner
MTOWNASN;HUMANOID;HUMAN;INNOCENT;STATIC_PEASANT_MAN_MATTE;None;MTOWNA;1;MALE;MALE;NEUTRAL;dw#innhl;MTOWNAZ;None;None;None;;;;;;;;;;15;bg1;Commoner
MTOWNAST;HUMANOID;HUMAN;INNOCENT;STATIC_PEASANT_MAN_STOOL;None;MTOWNA;1;MALE;MALE;NEUTRAL;dw#innhl;MTOWNAZ;None;None;None;;;;;;;;;;15;bg1;Commoner
MTOWNA_A;HUMANOID;HUMAN;INNOCENT;PEASANT_MAN;None;MTOWNA;1;MALE;MALE;NEUTRAL;dw#innhl;MTOWNAZ;RUNENEMY;None;WDRUNSGT;;;;;;;;;;15;bg1;Commoner
MTOWNA_B;HUMANOID;HUMAN;INNOCENT;PEASANT_MAN;None;MTOWNA;1;MALE;MALE;NEUTRAL;dw#innhl;MTOWNAZ;RUNENEMY;None;WDRUNSGT;;;;;;;;;;15;bg1;Commoner
MTOWNA_C;HUMANOID;HUMAN;INNOCENT;PEASANT_MAN;None;MTOWNA;1;MALE;MALE;NEUTRAL;dw#innhl;MTOWNAZ;RUNENEMY;None;WDRUNSGT;;;;;;;;;;15;bg1;Commoner
MTOWNA_D;HUMANOID;HUMAN;INNOCENT;PEASANT_MAN;None;MTOWNA;1;MALE;MALE;NEUTRAL;dw#innhl;MTOWNAZ;RUNENEMY;None;WDRUNSGT;;;;;;;;;;15;bg1;Commoner
MTOWNA_E;HUMANOID;HUMAN;INNOCENT;PEASANT_MAN;None;MTOWNA;1;MALE;MALE;NEUTRAL;dw#innhl;MTOWNAZ;RUNENEMY;None;WDRUNSGT;;;;;;;;;;15;bg1;Commoner
MTOWUB;HUMANOID;HUMAN;INNOCENT;PEASANT_MAN;None;mtowub;1;MALE;MALE;NEUTRAL;dw#innhl;;RUNENEMY;WDRUNSGT;None;;;;;;;;;;15;bg1;Commoner
MTOWUBSC;HUMANOID;HUMAN;INNOCENT;STATIC_PEASANT_MAN_CHAIR;None;MTOWUB;1;MALE;158;NEUTRAL;dw#innhl;;None;None;None;;;;;;;;;;15;bg1;Commoner
MTOWUBSN;HUMANOID;HUMAN;INNOCENT;STATIC_PEASANT_MAN_MATTE;None;MTOWUB;1;MALE;158;NEUTRAL;dw#innhl;;None;None;None;;;;;;;;;;15;bg1;Commoner
MTOWUBST;HUMANOID;HUMAN;INNOCENT;STATIC_PEASANT_MAN_STOOL;None;MTOWUB;1;MALE;158;NEUTRAL;dw#innhl;;None;None;None;;;;;;;;;;15;bg1;Commoner
MTOWUBX;HUMANOID;HUMAN;INNOCENT;STATIC_PEASANT_MAN;None;MTOWUB;1;MALE;158;NEUTRAL;dw#innhl;;None;None;None;;;;;;;;;;15;bg1;Commoner
MTOWUB_A;HUMANOID;HUMAN;INNOCENT;PEASANT_MAN;None;MTOWUB;1;MALE;158;NEUTRAL;RR#PICKP;dw#innhl;RUNENEMY;WTRUNSGT;None;;;;;;;;;;15;bg1;Commoner
MTOWUB_B;HUMANOID;HUMAN;INNOCENT;PEASANT_MAN;None;MTOWUB;1;MALE;158;NEUTRAL;dw#innhl;;RUNENEMY;None;WDRUNSGT;;;;;;;;;;15;bg1;Commoner
MTOWUB_C;HUMANOID;HUMAN;INNOCENT;PEASANT_MAN;None;MTOWUB;1;MALE;158;NEUTRAL;dw#innhl;;RUNENEMY;None;WDRUNSGT;;;;;;;;;;15;bg1;Commoner
MTOWUB_D;HUMANOID;HUMAN;INNOCENT;PEASANT_MAN;None;MTOWUB;1;MALE;158;NEUTRAL;dw#innhl;;RUNENEMY;None;WDRUNSGT;;;;;;;;;;15;bg1;Commoner
MTOWUB_E;HUMANOID;HUMAN;INNOCENT;PEASANT_MAN;None;MTOWUB;1;MALE;158;NEUTRAL;dw#innhl;;RUNENEMY;None;WDRUNSGT;;;;;;;;;;15;bg1;Commoner
MTOWWI;MONSTER;LYCANTHROPE;INNOCENT;FIGHTER_MALE_HUMAN;None;MTOWWI;1;MALE;MALE;NEUTRAL;RR#PICKP;WEREWOLF;RUNENEMY;None;WDRUNSGT;;;IMMUNE1;;;;;;;15;bg1;Commoner
MTOWWI_A;MONSTER;LYCANTHROPE;INNOCENT;FIGHTER_MALE_HUMAN;None;MTOWWI;1;MALE;MALE;NEUTRAL;RR#PICKP;WEREWOLF;RUNENEMY;None;WDRUNSGT;;;IMMUNE1;;;;;;;15;bg1;Commoner
MTOWWI_B;MONSTER;LYCANTHROPE;INNOCENT;FIGHTER_MALE_HUMAN;None;MTOWWI;1;MALE;MALE;NEUTRAL;RR#PICKP;WEREWOLF;RUNENEMY;None;WDRUNSGT;;;IMMUNE1;;;;;;;15;bg1;Commoner
MTOWWI_C;MONSTER;LYCANTHROPE;INNOCENT;FIGHTER_MALE_HUMAN;None;MTOWWI;1;MALE;MALE;NEUTRAL;RR#PICKP;WEREWOLF;RUNENEMY;None;WDRUNSGT;;;IMMUNE1;;;;;;;15;bg1;Commoner
MTOWWI_D;MONSTER;LYCANTHROPE;INNOCENT;FIGHTER_MALE_HUMAN;None;MTOWWI;1;MALE;MALE;NEUTRAL;RR#PICKP;WEREWOLF;RUNENEMY;None;WDRUNSGT;;;IMMUNE1;;;;;;;15;bg1;Commoner
MTOWWI_E;MONSTER;LYCANTHROPE;INNOCENT;FIGHTER_MALE_HUMAN;None;MTOWWI;1;MALE;MALE;NEUTRAL;RR#PICKP;WEREWOLF;RUNENEMY;None;WDRUNSGT;;;IMMUNE1;;;;;;;15;bg1;Commoner
MTOWWON1;HUMANOID;HUMAN;INNOCENT;PEASANT_MAN;None;MTOWBA;1;MALE;MALE;NEUTRAL;dw#innhl;FLAM6;RUNENEMY;MTOWBAZ;WDRUNSGT;;;;;;;;;;15;bg1;Commoner
MTOWWON2;HUMANOID;HUMAN;INNOCENT;PEASANT_MAN;None;MTOWBA;1;MALE;MALE;NEUTRAL;dw#innhl;FLAM6;RUNENEMY;MTOWBAZ;WDRUNSGT;;;;;;;;;;15;bg1;Commoner
MTOWWON3;HUMANOID;HUMAN;INNOCENT;PEASANT_WOMAN;None;ftowba;1;FEMALE;FEMALE;NEUTRAL;dw#innhl;FLAM6;RUNENEMY;FTOWBAZ;WDRUNSGT;;;;;;;;;;15;bg1;Commoner
MTWBAX_A;HUMANOID;HUMAN;INNOCENT;STATIC_PEASANT_MAN;None;MTOWBA;1;MALE;MALE;NEUTRAL;dw#innhl;MTOWBAZ;None;None;None;;;;;;;;;;15;bg1;Commoner
MTWBAX_B;HUMANOID;HUMAN;INNOCENT;STATIC_PEASANT_MAN;None;MTOWBA;1;MALE;MALE;NEUTRAL;dw#innhl;MTOWBAZ;None;None;None;;;;;;;;;;15;bg1;Commoner
MTWBAX_C;HUMANOID;HUMAN;INNOCENT;STATIC_PEASANT_MAN;None;MTOWBA;1;MALE;MALE;NEUTRAL;dw#innhl;MTOWBAZ;None;None;None;;;;;;;;;;15;bg1;Commoner
MTWBAX_D;HUMANOID;HUMAN;INNOCENT;STATIC_PEASANT_MAN;None;MTOWBA;1;MALE;MALE;NEUTRAL;dw#innhl;MTOWBAZ;None;None;None;;;;;;;;;;15;bg1;Commoner
MTWBAX_E;HUMANOID;HUMAN;INNOCENT;STATIC_PEASANT_MAN;None;MTOWBA;1;MALE;MALE;NEUTRAL;dw#innhl;MTOWBAZ;None;None;None;;;;;;;;;;15;bg1;Commoner
MTWSLIM;HUMANOID;HUMAN;INNOCENT;PEASANT_MAN;MTWSLIM;DORK;1;MALE;MALE;NEUTRAL;dw#innhl;None;RUNENEMY;None;WDRUNSGT;;;;;;;;;;15;bg1;Commoner
MTWSLIM2;HUMANOID;HUMAN;INNOCENT;PEASANT_MAN;MTWSLIM2;None;1;MALE;MALE;NEUTRAL;dw#innhl;None;None;None;WDRUNSGT;;;;;;;;;;15;bg1;Commoner
MTWSLIM3;HUMANOID;HUMAN;INNOCENT;PEASANT_MAN;MTWSLIM3;None;1;MALE;MALE;NEUTRAL;dw#innhl;None;None;None;WDRUNSGT;;;;;;;;;;15;bg1;Commoner
MULAHE;HUMANOID;HALFORC;CLERIC;CLERIC_MALE_HALFORC;Mulahey;MULAHE;7;MALE;MALE;NEUTRAL;dw#mudep;RR#PICKP;MULAHEY;;dw#pr89;;SHLD16;RING22;;;BLUN06;;;;650;bg1;Mulahey
MULTI2;HUMANOID;ELF;FIGHTER_MAGE;MAGE_MALE_ELF;None;;1;MALE;MALE;PC;None;None;None;None;DPLAYER3;;;;;;STAF01;;;;0;bg1;
MUTAMI;HUMANOID;GNOME;MAGE;MAGE_MALE_GNOME;MUTAMIN;MUTAMI;6;MALE;MALE;NEUTRAL;dw#gpshm;shoutdlg;;;dw#mg93;;;;;;STAF01;DART01;;;976;bg1;Mutamin
MYSMER;HUMANOID;HUMAN;INNOCENT;NOBLE_MAN;None;mysmer;0;MALE;MALE;NEUTRAL;RR#PICKP;MYSMER;None;None;wtrunsgt;;;;;;;;;;35;bg1;Merchant
NAAMAN;HUMANOID;HUMAN;MAGE;THIEF_MALE_HUMAN;NAAMAN;naaman;9;MALE;MALE;NEUTRAL;dw#gpsht;;None;LEAVECH7;dw#mg94;;;;;;DAGG05;DAGG01;;;2000;bg1;Naaman
NADARI;HUMANOID;DWARF;INNOCENT;THIEF_MALE_DWARF;nadari;nadari;1;MALE;MALE;NEUTRAL;RR#PICKP;dw#innhl;None;None;WDRUNSGT;;SHLD09;;;;DAGG01;;;;15;bg1;Nadarin
NADER;HUMANOID;HALFLING;THIEF;THIEF_MALE_HALFLING;NADER;None;7;MALE;MALE;NEUTRAL;dw#gpsht;gretek;;gretek;dw1ranth;;;;;;BOW05;DAGG01;;;750;bg1;Nader
NADINE;HUMANOID;HALFLING;INNOCENT;THIEF_FEMALE_HALFLING_LOW;Nadine;NADIN;1;FEMALE;FEMALE;NEUTRAL;RR#PICKP;None;None;None;WTRUNSGT;;;;;;;;;;15;bg1;Nadine
NALIN;HUMANOID;HUMAN;CLERIC;CLERIC_MALE_HUMAN;NALIN;nalin;7;MALE;MALE;NEUTRAL;dw#urbhl;;None;None;dw#pr43;;;;;;BLUN05;;;;1400;bg1;Nalin
NANTRI;HUMANOID;HUMAN;FIGHTER;FIGHTER_MALE_HUMAN;None;NANTRI;8;MALE;MALE;NEUTRAL;RR#PICKP;None;None;None;dw1melge;;;;;;DAGG02;;;;920;bg1;Nantrin Bellowglyn
NARCIL;HUMANOID;ELF;MAGE;MAGE_MALE_ELF;NARCIL;NARCIL;7;MALE;MALE;NEUTRAL;;NARC;;None;dw#mg95;;;;;;DAGG01;;;;1400;bg1;Narcillicus Harwilliger Neen
NARLEN;HUMANOID;HUMAN;THIEF;THIEF_MALE_HUMAN;Narlen;narlen;7;MALE;MALE;NEUTRAL;dw#gpsht;RR#PICKP;NARLEN;None;dw1ranth;;;;;;BOW05;SW1H07;;;975;bg1;Narlen Darkwalk
NARRAT;HUMANOID;NO_RACE;NO_CLASS;DOOM_GUARD;NARRAT;narrat;8;NIETHER;MALE;NEUTRAL;Initdlg;None;None;None;None;;;;MAGE01;;;;;;0;bg1;Dradeel
NARRAT2;HUMANOID;NO_RACE;NO_CLASS;DOOM_GUARD;NARRAT2;narrat2;8;NIETHER;MALE;NEUTRAL;NARRAT2;None;None;None;None;;;;MAGE01;;;;;;0;bg1;Dradeel
NASHA;HUMANOID;DWARF;INNOCENT;CLERIC_FEMALE_DWARF;None;NASHA;8;FEMALE;FEMALE;NEUTRAL;RR#PICKP;PRIEST4;None;None;dw1melge;;;;;;BLUN06;;;;600;bg1;Nasha
NATASH;HUMANOID;HUMAN;MAGE;MAGE_FEMALE_HUMAN;NATASHA;None;9;FEMALE;FEMALE;ENEMY;dw#gpsht;;None;None;dw#mg96;;;;;;DAGG01;;;;1200;bg1;Natasha
NEADOY;HUMANOID;HUMAN;MAGE;FAT_MAN;NEADOY;NEADOY;1;MALE;MALE;NEUTRAL;NEADOY;None;None;None;;;;;MINHP1;;;;;;0;bg1;Adoy
NEB;HUMANOID;DWARF;THIEF;THIEF_MALE_GNOME;neb;neb;15;MALE;MALE;NEUTRAL;INITNEB;None;None;None;wtrunsgt;;;MINHP1;;;;;;;175;bg1;Neb
NECHICK1;ANIMAL;NO_RACE;FOOD_CREATURE;CHICKEN;None;None;1;MALE;MALE;NEUTRAL;None;None;None;None;wdrunsgt;;;;;;;;;;1;bg1;Chicken
NEDEER1;ANIMAL;NO_RACE;FOOD_CREATURE;DEER;None;None;1;MALE;MALE;NEUTRAL;genshy;prey;None;None;WDRUNSGT;;;;;;;;;;65;bg1;Deer
NEEKANDO;HUMANOID;HUMAN;MAGE;MAGE_MALE_HUMAN;NEEKANDO;NEEKANDO;10;MALE;MALE;NEUTRAL;RR#PICKP;OHMADD01;None;None;;;;;;;STAF01;;;;500;bg1;Ekandor
NEERA;HUMANOID;HALF_ELF;MAGE;MAGE_FEMALE_ELF;NEERA;NEERA;1;FEMALE;FEMALE;NEUTRAL;NEERA;None;None;;DPLAYER;;;;;;STAFN1;SLNG01;;;0;bg1;Neera
NEERA2;HUMANOID;HALF_ELF;MAGE;MAGE_FEMALE_ELF;NEERA;NEERA;2;FEMALE;FEMALE;NEUTRAL;NEERA;None;None;;DPLAYER;;;;;;STAFN1;SLNG01;;;0;bg1;Neera
NEERA4;HUMANOID;HALF_ELF;MAGE;MAGE_FEMALE_ELF;NEERA;NEERA;4;FEMALE;FEMALE;NEUTRAL;NEERA;None;None;;DPLAYER;;;;;;STAFN1;SLNG01;;;0;bg1;Neera
NEERA6;HUMANOID;HALF_ELF;MAGE;MAGE_FEMALE_ELF;NEERA;NEERA;6;FEMALE;FEMALE;NEUTRAL;NEERA;None;None;;DPLAYER;;;;;;STAFN1;SLNG01;;;0;bg1;Neera
NEERA7;HUMANOID;HALF_ELF;MAGE;MAGE_FEMALE_ELF;NEERA;BDNEERA;7;FEMALE;FEMALE;NEUTRAL;BDNEERA;BDNEERAC;BDFORT;;;;;;;;STAFN1;SLNG02;;;0;bg1;Neera
NEGOB01;HUMANOID;KOBOLD;THIEF;GOBLIN_BOW;NEGOB01;;1;MALE;MALE;NEUTRAL;NEGOBLIN;None;None;;dw1ranth;;;;;;BOW01;SW1H07;;;20;bg1;Goblin
NEGOB02;HUMANOID;HOBGOBLIN;HOBGOBLIN;GOBLIN_AXE;None;;1;MALE;MALE;ENEMY;None;None;KOBOLDF;None;dw1melge;;;;;;AX1H01;;;;20;bg1;Goblin
NEGOB03;HUMANOID;HOBGOBLIN;HOBGOBLIN;GOBLIN_AXE;None;;1;MALE;MALE;NEUTRAL;NEGOBLIN;None;KOBOLDF;None;dw1melge;;;;;;AX1H01;;;;20;bg1;Goblin
NEGUAR01;HUMANOID;KOBOLD;THIEF;GOBLIN_BOW;NEGUAR01;NEGOBB01;1;MALE;MALE;NEUTRAL;NEGOBLIN;INITDLG;None;;dw1ranth;;;;;;BOW01;SW1H07;;;20;bg1;Goblin
NEGUAR02;HUMANOID;KOBOLD;THIEF;GOBLIN_BOW;NEGUAR02;NEGOBB02;1;MALE;MALE;NEUTRAL;NEGOBLIN;None;None;;;;;;;;BOW01;;;;20;bg1;Goblin
NEINVI;MONSTER;NO_RACE;NO_CLASS;DOOM_GUARD;NEINVI;NERILSA;8;NIETHER;MALE;NEUTRAL;;;None;None;None;;;REF1;MINHP1;IMMUNE1;;;;;0;bg1;
NEIRA;HUMANOID;HUMAN;CLERIC;CLERIC_FEMALE_HUMAN;NEIRA;neira;5;FEMALE;FEMALE;NEUTRAL;dw#shdlg;None;;None;dw#pr44;HELM05;SHLD03;;;;BLUN01;;;;650;bg1;Neira
NELIK;HUMANOID;HALFLING;THIEF;THIEF_MALE_HALFLING;NELIK;FOOLS;5;MALE;MALE;NEUTRAL;GORPGANG;;None;SEEENEMY;dw1range;;;;;;DART01;DAGG05;DART01;DAGG01;50;bg1;Nelik
NELORI;HUMANOID;HUMAN;INNOCENT;STATIC_PEASANT_MAN;None;nelori;1;MALE;MALE;NEUTRAL;WDRUNBE;None;None;None;None;;;;;;;;;;15;bg1;Nelorin
NEMAGREB;HUMANOID;ELF;RANGER;FIGHTER_MALE_ELF;NEMAGREB;NEMAGREB;1;MALE;MALE;NEUTRAL;delquest;shout;None;;dw1range;;;;;;SW1H07;;BOW03;;65;bg1;Magreb
NEMEKLIN;HUMANOID;HALFLING;THIEF;THIEF_MALE_HALFLING;NEMEKLIN;NEMEKLIN;3;MALE;MALE;NEUTRAL;SHOUT;THIEF4;None;NEMEKLIN;dw1melth;;;;;;SW1H07;;;;200;bg1;Meklin
NEMOOSE1;ANIMAL;NO_RACE;NO_CLASS;MOOSE;moose01;;1;MALE;MALE;NEUTRAL;None;None;PREY;None;WDRUNSGT;;;;;;;;;;65;bg1;Moose
NEMPHR;HUMANOID;HUMAN;MAGE;MAGE_FEMALE_HUMAN;Nemphre;nemphr;9;FEMALE;FEMALE;NEUTRAL;RR#PICKP;;None;None;dw#mg97;;;;;;DAGG01;;;;1200;bg1;Nemphre
NEOGRE;GIANTHUMANOID;OGRE;OGRE;OGRE;NEOGRE;;4;NIETHER;MALE;ENEMY;None;None;;None;dw1melge;;;;;;SW2H01;;;;350;bg1;Ogre Berserker
NERABIT1;ANIMAL;RABBIT;NO_CLASS;RABBIT;rabbit01;None;1;MALE;MALE;NEUTRAL;None;None;PREY;None;WDRUNSGT;;;;;;;;;;7;bg1;Rabbit
NERILSA;HUMANOID;HUMAN;RANGER;FIGHTER_FEMALE_HUMAN;NERILSA;NERILSA;1;FEMALE;FEMALE;NEUTRAL;NERILSA;None;None;None;;HELM01;SW1H07;;;;;;SW1H07;;0;bg1;Rilsa
NEROGDOK;HUMANOID;HOBGOBLIN;THIEF;HOBGOBLIN;NEROGDOK;NEROGDOK;5;MALE;MALE;NEUTRAL;NEROGDOK;OHFGTK01;NONE;;NEGOBLIN;;;;;;COMPB06;COMPS02;;;400;bg1;Rogdok
NESQRL;ANIMAL;RABBIT;NO_CLASS;SQUIRREL;NESQRL;NESQRL;1;MALE;MALE;NEUTRAL;None;None;None;None;WDRUNSGT;;;;;;;;;;1;bg1;Squirrel
NESSIE;HUMANOID;HUMAN;INNOCENT;PEASANT_WOMAN;NESSIE;nessie;1;FEMALE;FEMALE;NEUTRAL;dw#innhl;WDRUNSGT;None;None;None;;;;;;;;;;15;bg1;Nessie
NESTOR;HUMANOID;ELF;RANGER;FIGHTER_MALE_ELF;NESTOR;nestor;6;MALE;MALE;NEUTRAL;dw#gpsht;INITDLG;None;;dw1range;;;;;;SPER01;BOW03;;;300;bg1;Nestor
NETHAY01;HUMANOID;HUMAN;MAGE;MAGE_MALE_HUMAN;NETHAY01;NETHAY01;5;MALE;MALE;NEUTRAL;RR#PICKP;OHMADD01;NONE;NONE;;;;;;;;;;;350;bg1;Thayan Wizard
NETHBARB;HUMANOID;HALFORC;FIGHTER;FIGHTER_MALE_HUMAN;NETHBARB;;5;MALE;MALE;ENEMY;;OHGN01;OHFGBA01;NONE;;;;;;;SPER01;;;;350;bg1;Thayan Bodyguard
NETHGUA1;HUMANOID;HUMAN;FIGHTER;FIGHTER_MALE_HUMAN;NETHGUA1;;1;MALE;MALE;NEUTRAL;SHOUT;SEEENEMY;None;None;dw1melge;;;;;;SW1H04;;;;65;bg1;Thayan Bodyguard
NETHGUA2;HUMANOID;HUMAN;FIGHTER;FIGHTER_MALE_HUMAN;NETHGUA2;;1;MALE;MALE;NEUTRAL;SHOUT;SEEENEMY;None;None;dw1melge;;;;;;SW1H04;;;;65;bg1;Thayan Bodyguard
NEUMBER;MONSTER;UMBERHULK;UMBERHULK;UMBER_HULK;NEUMBER;;6;MALE;MALE;ENEMY;GENSHT01;None;None;UMBHUL01;dw1melmo;;;;;;UMBER01;;;;4000;bg1;Umber Hulk
NEVILL;HUMANOID;HUMAN;FIGHTER;FIGHTER_MALE_HUMAN;NEVILLE;nevill;6;MALE;MALE;NEUTRAL;dw#gpsht;NEVILL;None;None;dw1melge;;;;;;SW1H05;;;;600;bg1;Neville
NEXLIT;HUMANOID;KOBOLD;KOBOLD_XVART;KOBOLD_XVART;Nexlit;NEXLIT;1;MALE;MALE;NEUTRAL;dw#prsht;shoutdlg;XVART;None;dw1melge;;;;;;SW1H07;;;;35;bg1;Nexlit the Xvart
NHUNTC;HUMANOID;HUMAN;FIGHTER;FIGHTER_MALE_HUMAN_LOW;None;nhuntc;2;MALE;MALE;NEUTRAL;RR#PICKP;None;None;None;dw1range;;;;;;BOW03;SW1H04;;;120;bg1;Palin
NIEMAI;HUMANOID;HUMAN;MAGE;MAGE_MALE_HUMAN;NIEMAIN;niemai;9;MALE;MALE;NEUTRAL;dw#gpsht;NIEMAIN;;;dw#mg98;;;;;;DAGG01;;;;1200;bg1;Niemain
NIKLOS;HUMANOID;HUMAN;THIEF;THIEF_MALE_HUMAN;niklos;niklos;7;MALE;MALE;NEUTRAL;RR#PICKP;niklos;None;None;dw1range;;;;;;DAGG05;SW1H07;;;1400;bg1;Niklos
NIKOLA;HUMANOID;HUMAN;INNOCENT;PEASANT_MAN;NIKOLAI;NIKOLA;1;MALE;MALE;NEUTRAL;dw#innhl;;RUNENEMY;None;WDRUNSGT;;;;;;;;;;15;bg1;Nikolai
NILA;HUMANOID;HUMAN;INNOCENT;THIEF_FEMALE_HUMAN;None;nila;2;FEMALE;FEMALE;NEUTRAL;RR#PICKP;None;None;c#stdstr;wtrunsgt;;;;;;SW1H07;;;;35;bg1;Nila
NIMBUL;HUMANOID;HUMAN;MAGE_THIEF;THIEF_MALE_HUMAN;NIMBUL;nimbul;7;MALE;MALE;NEUTRAL;shoutdlg;;None;None;dw#mg99;;;RING21;;;SW1H08;AX1H04;;;650;bg1;Nimbul
NIMFUR;HUMANOID;ELF;INNOCENT;FIGHTER_FEMALE_ELF;None;nimfur;6;FEMALE;FEMALE;NEUTRAL;RR#PICKP;None;None;None;dw1range;;;;;;BOW01;DAGG01;;;600;bg1;Nim Furlwing
NISHRUSU;MONSTER;MIST;MIST;MIST_CREATURE;NONE;;9;SUMMONED;MALE;ENEMY;NISHRU01;;;;;;;;;;NISHRUU;;;;0;bg1;Nishruu
NIVEK;HUMANOID;HUMAN;INNOCENT;PEASANT_MAN;NIVEK;kevin;1;MALE;MALE;NEUTRAL;dw#innhl;INITDLG;None;RUNENEMY;WDRUNSGT;;;;;;;;;;15;bg1;Nivek
NOBBAX_A;HUMANOID;HUMAN;INNOCENT;STATIC_NOBLE_MAN;None;NOBLBA;1;MALE;MALE;NEUTRAL;dw#innhl;None;None;NOBLBAZ;None;;;;;;;;;;15;bg1;Nobleman
NOBBAX_B;HUMANOID;HUMAN;INNOCENT;STATIC_NOBLE_MAN;None;NOBLBA;1;MALE;MALE;NEUTRAL;dw#innhl;NOBLBAZ;None;None;None;;;;;;;;;;15;bg1;Nobleman
NOBBAX_C;HUMANOID;HUMAN;INNOCENT;STATIC_NOBLE_MAN;None;NOBLBA;1;MALE;MALE;NEUTRAL;dw#innhl;NOBLBAZ;None;None;None;;;;;;;;;;15;bg1;Nobleman
NOBBAX_D;HUMANOID;HUMAN;INNOCENT;STATIC_NOBLE_MAN;None;NOBLBA;1;MALE;MALE;NEUTRAL;dw#innhl;NOBLBAZ;None;None;None;;;;;;;;;;15;bg1;Nobleman
NOBBAX_E;HUMANOID;HUMAN;INNOCENT;STATIC_NOBLE_MAN;None;NOBLBA;1;MALE;MALE;NEUTRAL;dw#innhl;NOBLBAZ;None;None;None;;;;;;;;;;15;bg1;Nobleman
NOBL10;HUMANOID;HUMAN;INNOCENT;NOBLE_MAN;NOBL10;nobl10;1;MALE;MALE;NEUTRAL;dw#innhl;RUNENEMY;None;None;WTRUNSGT;;;;;AMUL07;;;;;15;bg1;Gerard Travenhurst
NOBL11;HUMANOID;HUMAN;INNOCENT;NOBLE_MAN;None;nobl11;1;MALE;MALE;NEUTRAL;dw#innhl;RUNENEMY;None;None;WTRUNSGT;;;;;;;;;;15;bg1;Nobleman
NOBL12;HUMANOID;HUMAN;INNOCENT;NOBLE_MAN;None;nobl12;1;MALE;MALE;NEUTRAL;dw#innhl;RUNENEMY;None;None;WTRUNSGT;;;;;;;;;;15;bg1;Nobleman
NOBL13;HUMANOID;HUMAN;INNOCENT;NOBLE_MAN;None;nobl13;1;MALE;MALE;NEUTRAL;dw#innhl;RUNENEMY;None;None;WTRUNSGT;;;;;;;;;;15;bg1;Nobleman
NOBL14;HUMANOID;HUMAN;INNOCENT;NOBLE_MAN;None;nobl14;1;MALE;MALE;NEUTRAL;dw#innhl;RUNENEMY;None;None;WTRUNSGT;;;;;;;;;;15;bg1;Nobleman
NOBL15;HUMANOID;HUMAN;INNOCENT;NOBLE_MAN;None;nobl15;1;MALE;MALE;NEUTRAL;dw#innhl;RUNENEMY;None;None;WTRUNSGT;;;;;;;;;;15;bg1;Nobleman
NOBL2;HUMANOID;HUMAN;INNOCENT;NOBLE_MAN;None;nobl2;1;MALE;MALE;NEUTRAL;INITDLG;RUNENEMY;None;None;WTRUNSGT;;;;;;;;;;15;bg1;Nobleman
NOBL3;HUMANOID;HUMAN;INNOCENT;NOBLE_MAN;None;nobl3;1;MALE;MALE;NEUTRAL;dw#innhl;RUNENEMY;None;None;WTRUNSGT;;;;;;;;;;15;bg1;Nobleman
NOBL4;HUMANOID;HUMAN;INNOCENT;NOBLE_MAN;None;nobl4;1;MALE;MALE;NEUTRAL;dw#innhl;RUNENEMY;None;None;WTRUNSGT;;;;;;;;;;15;bg1;Thurston
NOBL5;HUMANOID;HUMAN;INNOCENT;NOBLE_MAN;None;nobl5;1;MALE;MALE;NEUTRAL;dw#innhl;RUNENEMY;None;None;WTRUNSGT;;;;;;;;;;15;bg1;Quincy
NOBL6;HUMANOID;HUMAN;INNOCENT;NOBLE_MAN;None;nobl6;1;MALE;MALE;NEUTRAL;dw#innhl;RUNENEMY;None;None;WTRUNSGT;;;;;;;;;;15;bg1;Christian
NOBL7;HUMANOID;HUMAN;INNOCENT;NOBLE_MAN;None;nobl7;1;MALE;MALE;NEUTRAL;dw#innhl;RUNENEMY;None;None;WTRUNSGT;;;;;;;;;;15;bg1;Marlon
NOBL8;HUMANOID;HUMAN;INNOCENT;NOBLE_MAN;None;nobl8;1;MALE;MALE;NEUTRAL;dw#innhl;RUNENEMY;None;None;WTRUNSGT;;;RING17;;;;;;;15;bg1;Nobleman
NOBL9;HUMANOID;HUMAN;INNOCENT;NOBLE_MAN;None;nobl9;1;MALE;MALE;NEUTRAL;dw#innhl;RUNENEMY;None;None;WTRUNSGT;;;;;;;;;;15;bg1;Nobleman
NOBLAY;HUMANOID;HUMAN;INNOCENT;SLEEPING_MAN_HUMAN;None;noblay;1;MALE;MALE;NEUTRAL;dw#innhl;None;None;None;None;;;;;;;;;;15;bg1;Nobleman
NOBLBA;HUMANOID;HUMAN;INNOCENT;NOBLE_MAN;None;NOBLBA;1;MALE;MALE;NEUTRAL;dw#innhl;NOBLBAZ;RUNENEMY;None;WDRUNSGT;;;;;;;;;;15;bg1;Nobleman
NOBLBAZ;HUMANOID;HUMAN;INNOCENT;STATIC_NOBLE_MAN;None;NOBLBA;1;MALE;MALE;NEUTRAL;dw#innhl;NOBLBAZ;None;None;None;;;;;;;;;;15;bg1;Nobleman
NOBLBA_A;HUMANOID;HUMAN;INNOCENT;NOBLE_MAN;None;NOBLBA;1;MALE;MALE;NEUTRAL;dw#innhl;NOBLBAZ;RUNENEMY;None;WDRUNSGT;;;;;;;;;;15;bg1;Nobleman
NOBLBA_B;HUMANOID;HUMAN;INNOCENT;NOBLE_MAN;None;NOBLBA;1;MALE;MALE;NEUTRAL;dw#innhl;NOBLBAZ;RUNENEMY;None;WDRUNSGT;;;;;;;;;;15;bg1;Nobleman
NOBLBA_C;HUMANOID;HUMAN;INNOCENT;NOBLE_MAN;None;NOBLBA;1;MALE;MALE;NEUTRAL;dw#innhl;NOBLBAZ;RUNENEMY;None;WDRUNSGT;;;;;;;;;;15;bg1;Nobleman
NOBLBA_D;HUMANOID;HUMAN;INNOCENT;NOBLE_MAN;None;NOBLBA;1;MALE;MALE;NEUTRAL;dw#innhl;NOBLBAZ;RUNENEMY;None;WDRUNSGT;;;;;;;;;;15;bg1;Nobleman
NOBLBA_E;HUMANOID;HUMAN;INNOCENT;NOBLE_MAN;None;NOBLBA;1;MALE;MALE;NEUTRAL;dw#innhl;NOBLBAZ;RUNENEMY;None;WDRUNSGT;;;;;;;;;;15;bg1;Nobleman
NOBLPA;HUMANOID;HUMAN;INNOCENT;NOBLE_MAN;None;None;1;MALE;MALE;NEUTRAL;dw#innhl;NOBLPA;RUNENEMY;None;WTRUNSGT;;;;;;;;;;15;bg1;Nobleman
NOBLPA1;HUMANOID;HUMAN;INNOCENT;NOBLE_MAN;None;NOBLPA1;1;MALE;MALE;NEUTRAL;dw#innhl;NOBLPA1;RUNENEMY;None;WTRUNSGT;;;;;;;;;;15;bg1;Nobleman
NOBLPA2;HUMANOID;HUMAN;INNOCENT;NOBLE_MAN;None;NOBLPA2;1;MALE;MALE;NEUTRAL;dw#innhl;NOBLPA2;RUNENEMY;None;WTRUNSGT;;;;;;;;;;15;bg1;Nobleman
NOBLPA3;HUMANOID;HUMAN;INNOCENT;NOBLE_MAN;None;NOBLPA3;1;MALE;MALE;NEUTRAL;dw#innhl;NOBLPA3;RUNENEMY;None;WTRUNSGT;;;;;;;;;;15;bg1;Nobleman
NOBLPA4;HUMANOID;HUMAN;INNOCENT;NOBLE_MAN;None;None;1;MALE;MALE;NEUTRAL;dw#innhl;NOBLPA4;RUNENEMY;None;WTRUNSGT;;;;;;;;;;15;bg1;Nobleman
NOBLPA5;HUMANOID;HUMAN;INNOCENT;NOBLE_MAN;None;None;1;MALE;MALE;NEUTRAL;dw#innhl;NOBLPA5;RUNENEMY;None;WTRUNSGT;;;;;;;;;;15;bg1;Nobleman
NOBLSN_A;HUMANOID;HUMAN;INNOCENT;STATIC_NOBLE_MAN_MATTE;None;noblba;1;MALE;MALE;NEUTRAL;dw#innhl;None;None;None;None;;;;;;;;;;15;bg1;Nobleman
NOBLSN_B;HUMANOID;HUMAN;INNOCENT;STATIC_NOBLE_MAN_MATTE;None;noblba;1;MALE;MALE;NEUTRAL;dw#innhl;None;None;None;None;;;;;;;;;;15;bg1;Nobleman
NOBW2;HUMANOID;HUMAN;INNOCENT;NOBLE_WOMAN;None;nobw2;1;FEMALE;FEMALE;NEUTRAL;dw#innhl;RUNENEMY;None;None;WDRUNSGT;;;;;;;;;;15;bg1;Noblewoman
NOBW3;HUMANOID;HUMAN;INNOCENT;NOBLE_WOMAN;None;nobw3;1;FEMALE;FEMALE;NEUTRAL;dw#innhl;RUNENEMY;None;None;WDRUNSGT;;;;;;;;;;15;bg1;Noblewoman
NOBW4;HUMANOID;HUMAN;INNOCENT;NOBLE_WOMAN;Noblewom;nobw4;1;FEMALE;FEMALE;NEUTRAL;dw#innhl;None;RUNENEMY;None;WTRUNSGT;;;;;;;;;;15;bg1;Noblewoman
NOBW5;HUMANOID;HUMAN;INNOCENT;NOBLE_WOMAN;None;nobw5;1;FEMALE;FEMALE;NEUTRAL;dw#innhl;RUNENEMY;None;None;WDRUNSGT;;;;;;;;;;15;bg1;Noblewoman
NOBW6;HUMANOID;HUMAN;INNOCENT;NOBLE_WOMAN;None;nobw6;1;FEMALE;FEMALE;NEUTRAL;dw#innhl;RUNENEMY;None;None;WDRUNSGT;;;;;;;;;;15;bg1;Noblewoman
NOBW7;HUMANOID;HUMAN;INNOCENT;NOBLE_WOMAN;None;nobw7;1;FEMALE;FEMALE;NEUTRAL;dw#innhl;RUNENEMY;None;None;WDRUNSGT;;;;;;;;;;15;bg1;Sarah
NOBW8;HUMANOID;HUMAN;INNOCENT;NOBLE_WOMAN;Areana;nobw8;1;FEMALE;FEMALE;NEUTRAL;RR#PICKP;dw#innhl;runenemy;None;wtrunsgt;;;;;;;;;;15;bg1;Lady Areana
NOBW9;HUMANOID;HUMAN;INNOCENT;NOBLE_WOMAN;None;nobw9;1;FEMALE;FEMALE;NEUTRAL;dw#innhl;RUNENEMY;None;None;WDRUNSGT;;;;;;;;;;15;bg1;Noblewoman
NOBWBA;HUMANOID;HUMAN;INNOCENT;NOBLE_WOMAN;None;nobwba;1;FEMALE;FEMALE;NEUTRAL;dw#innhl;NOBWBAZ;RUNENEMY;None;WDRUNSGT;;;;;;;;;;15;bg1;Noblewoman
NOBWBA_A;HUMANOID;HUMAN;INNOCENT;NOBLE_WOMAN;None;nobwba;1;FEMALE;FEMALE;NEUTRAL;dw#innhl;NOBWBAZ;RUNENEMY;None;WDRUNSGT;;;;;;;;;;15;bg1;Noblewoman
NOBWBA_B;HUMANOID;HUMAN;INNOCENT;NOBLE_WOMAN;None;nobwba;1;FEMALE;FEMALE;NEUTRAL;dw#innhl;NOBWBAZ;RUNENEMY;None;WDRUNSGT;;;;;;;;;;15;bg1;Noblewoman
NOBWBA_C;HUMANOID;HUMAN;INNOCENT;NOBLE_WOMAN;None;nobwba;1;FEMALE;FEMALE;NEUTRAL;dw#innhl;NOBWBAZ;RUNENEMY;None;WDRUNSGT;;;;;;;;;;15;bg1;Noblewoman
NOBWBA_D;HUMANOID;HUMAN;INNOCENT;NOBLE_WOMAN;None;nobwba;1;FEMALE;FEMALE;NEUTRAL;dw#innhl;NOBWBAZ;RUNENEMY;None;WDRUNSGT;;;;;;;;;;15;bg1;Noblewoman
NOBWBA_E;HUMANOID;HUMAN;INNOCENT;NOBLE_WOMAN;None;nobwba;1;FEMALE;FEMALE;NEUTRAL;dw#innhl;NOBWBAZ;RUNENEMY;None;WDRUNSGT;;;;;;;;;;15;bg1;Noblewoman
NOBWSN_A;HUMANOID;HUMAN;INNOCENT;STATIC_NOBLE_WOMAN_MATTE;None;nobwba;1;FEMALE;FEMALE;NEUTRAL;dw#innhl;None;None;None;None;;;;;;;;;;15;bg1;Noblewoman
NOBWSN_B;HUMANOID;HUMAN;INNOCENT;STATIC_NOBLE_WOMAN_MATTE;None;nobwba;1;FEMALE;FEMALE;NEUTRAL;dw#innhl;None;None;None;None;;;;;;;;;;15;bg1;Noblewoman
NOOBER;HUMANOID;HUMAN;NO_CLASS;PEASANT_MAN;NOOBER;noober;1;MALE;MALE;NEUTRAL;INITDLG2;RUNENEMY;None;None;WTRUNSGT;;;;;;;;;;15;bg1;Noober
NORALE;HUMANOID;HALF_ELF;INNOCENT;FIGHTER_FEMALE_ELF;None;NORALE;3;FEMALE;FEMALE;NEUTRAL;RR#PICKP;None;None;None;dw1range;;;;;;SW1H04;BOW01;;;90;bg1;Noralee
NORTUA;HUMANOID;HUMAN;MAGE_THIEF;THIEF_MALE_HUMAN;NORTUARY;nortua;7;MALE;MALE;NEUTRAL;dw#gpsht;INITDLG;;LEAVECH7;dw#mg100;;;;;;SW1H07;;;;975;bg1;Nortuary
NOSFER;HUMANOID;HUMAN;INNOCENT;PEASANT_MAN;NOSFERATU;NOSFER;0;MALE;MALE;NEUTRAL;dw#innhl;INITDLG;None;None;WTRUNSGT;;;;;;;;;;7;bg1;Performer
NOWBAX_A;HUMANOID;HUMAN;INNOCENT;NOBLE_WOMAN;None;nobwba;1;FEMALE;FEMALE;NEUTRAL;dw#innhl;NOBWBAZ;None;None;wtrunsgt;;;;;;;;;;15;bg1;Noblewoman
NOWBAX_B;HUMANOID;HUMAN;INNOCENT;NOBLE_WOMAN;None;nobwba;1;FEMALE;FEMALE;NEUTRAL;dw#innhl;NOBWBAZ;None;None;wtrunsgt;;;;;;;;;;15;bg1;Noblewoman
NOWBAX_C;HUMANOID;HUMAN;INNOCENT;NOBLE_WOMAN;None;nobwba;1;FEMALE;FEMALE;NEUTRAL;dw#innhl;NOBWBAZ;None;None;wtrunsgt;;;;;;;;;;15;bg1;Noblewoman
NOWBAX_D;HUMANOID;HUMAN;INNOCENT;NOBLE_WOMAN;None;nobwba;1;FEMALE;FEMALE;NEUTRAL;dw#innhl;NOBWBAZ;None;None;wtrunsgt;;;;;;;;;;15;bg1;Noblewoman
NOWBAX_E;HUMANOID;HUMAN;INNOCENT;NOBLE_WOMAN;None;nobwba;1;FEMALE;FEMALE;NEUTRAL;dw#innhl;NOBWBAZ;None;None;wtrunsgt;;;;;;;;;;15;bg1;Noblewoman
NYMPHSU;GENERAL_ITEM;FAIRY;FAIRY_NYMPH;SIRINE;nymphsu;None;5;SUMMONED;FEMALE;CONTROLLED;nymph;None;None;None;None;;;;;;B1-6;;;;0;bg1;Nymph
OBE;HUMANOID;HUMAN;MAGE;MAGE_MALE_HUMAN;OBE;OBE;2;MALE;MALE;NEUTRAL;INITOBE;None;None;None;None;;;;;;;;;;175;bg1;Obe
OBERAN;HUMANOID;HUMAN;MAGE;MAGE_MALE_HUMAN;Oberan;OBERAN;8;MALE;MALE;NEUTRAL;RR#PICKP;;None;None;dw#mg102;;;;;;DAGG01;;;;900;bg1;Oberan
OCELLI;HUMANOID;HUMAN;INNOCENT;PEASANT_MAN;OCELLI;OCELLI;1;MALE;MALE;NEUTRAL;dw#innhl;INITDLG;None;None;WTRUNSGT;;;;;;;;;;15;bg1;Ocellis
OGRE;GIANTHUMANOID;OGRE;OGRE;OGRE;Ogre;;4;NIETHER;MALE;ENEMY;dw#gpsht;None;;None;dw1melge;;;;;;OGRE1;;;;270;bg1;Ogre
OGRE02;GIANTHUMANOID;OGRE;OGRE;OGRE;Ogre02;;4;NIETHER;MALE;ENEMY;dw#gpsht;None;;None;dw1melge;;;;;;OGRE1;;;;270;bg1;Ogre
OGRE03;GIANTHUMANOID;OGRE;OGRE;OGRE;None;;4;NIETHER;MALE;ENEMY;None;None;None;None;dw1melge;;;;;;OGRE1;;;;270;bg1;Ogre
OGRE04;GIANTHUMANOID;OGRE;OGRE;OGRE;None;;4;NIETHER;MALE;ENEMY;None;None;None;None;dw1melge;;;;;;OGRE1;;;;270;bg1;Ogre
OGRE05;GIANTHUMANOID;OGRE;OGRE;OGRE;None;;4;NIETHER;MALE;ENEMY;None;None;None;None;dw1melge;;;;;;OGRE1;;;;270;bg1;Ogre
OGREBERZ;GIANTHUMANOID;OGRE;OGRE;OGRE;Ogre;;4;NIETHER;MALE;ENEMY;dw#gpsht;None;;None;dw1melbe;;;;;;SW2H01;;;;650;bg1;Ogre Berserker
OGREBJOR;GIANTHUMANOID;OGRE;OGRE_HALFOGRE;HALF_OGRE;None;;2;NIETHER;MALE;ENEMY;dw#gpsht;OGREBJOR;None;None;dw1melge;HELM01;;;;;SW1H01;;;;270;bg1;Half-Ogre
OGRECO;GIANTHUMANOID;OGRE;OGRE;OGRE;None;OGRECO;4;NIETHER;MALE;NEUTRAL;None;None;None;None;dw1melge;;;;;;OGRE1;;;;270;bg1;Ogre
OGRED;HUMANOID;OGRE;OGRE;OGRE;None;OGRED;4;MALE;MALE;NEUTRAL;RR#PICKP;None;None;None;dw1melge;;;;;;OGRE1;;;;420;bg1;Ogre
OGREGR;GIANTHUMANOID;OGRE;OGRE_OGRILLON;OGRILLON;None;;2;NIETHER;MALE;ENEMY;dw#gpsht;None;None;None;dw1melge;;;;;;B1-8;;;;175;bg1;Ogrillon
OGREGR1;GIANTHUMANOID;OGRE;OGRE_OGRILLON;OGRILLON;None;;2;NIETHER;MALE;ENEMY;None;None;None;None;dw1melge;;;;;;B1-8;;;;175;bg1;Ogrillon
OGREGR2;GIANTHUMANOID;OGRE;OGRE_OGRILLON;OGRILLON;None;;2;NIETHER;MALE;ENEMY;None;None;None;None;dw1melge;;;;;;B1-8;;;;175;bg1;Ogrillon
OGREGR3;GIANTHUMANOID;OGRE;OGRE_OGRILLON;OGRILLON;None;;2;NIETHER;MALE;ENEMY;None;None;None;None;dw1melge;;;;;;B1-8;;;;175;bg1;Ogrillon
OGREGR4;GIANTHUMANOID;OGRE;OGRE_OGRILLON;OGRILLON;None;;2;NIETHER;MALE;ENEMY;None;None;None;None;dw1melge;;;;;;B1-8;;;;175;bg1;Ogrillon
OGREGRSU;GIANTHUMANOID;OGRE;FIGHTER;OGRE;Ogre;;5;SUMMONED;MALE;ALLY;None;None;None;None;DVBRSKER;;;;;;OGREGRSU;;;;0;bg1;Ogre Berserker
OGREGR_A;GIANTHUMANOID;OGRE;OGRE_OGRILLON;OGRILLON;None;;2;NIETHER;MALE;ENEMY;None;None;None;None;dw1melge;;;;;;B1-8;;;;175;bg1;Ogrillon
OGREGR_B;GIANTHUMANOID;OGRE;OGRE_OGRILLON;OGRILLON;None;;2;NIETHER;MALE;ENEMY;dw#gpsht;None;None;None;dw1melge;;;;;;B1-8;;;;175;bg1;Ogrillon
OGREGR_C;GIANTHUMANOID;OGRE;OGRE_OGRILLON;OGRILLON;None;;2;NIETHER;MALE;ENEMY;dw#gpsht;None;None;None;dw1melge;;;;;;B1-8;;;;175;bg1;Ogrillon
OGREGR_D;GIANTHUMANOID;OGRE;OGRE_OGRILLON;OGRILLON;None;;2;NIETHER;MALE;ENEMY;dw#gpsht;None;None;None;dw1melge;;;;;;B1-8;;;;175;bg1;Ogrillon
OGREHA;GIANTHUMANOID;OGRE;OGRE_HALFOGRE;HALF_OGRE;None;;2;NIETHER;MALE;ENEMY;dw#gpsht;None;None;None;dw1melge;HELM01;;;;;SW1H01;;;;270;bg1;Half-Ogre
OGREHA1;GIANTHUMANOID;OGRE;OGRE_HALFOGRE;HALF_OGRE;None;;2;NIETHER;MALE;ENEMY;None;None;None;None;dw1melge;HELM01;;;;;SW1H01;;;;270;bg1;Half-Ogre
OGREHA2;GIANTHUMANOID;OGRE;OGRE_HALFOGRE;HALF_OGRE;None;;2;NIETHER;MALE;ENEMY;None;None;None;None;dw1melge;HELM01;;;;;SW1H01;;;;270;bg1;Half-Ogre
OGREHA3;GIANTHUMANOID;OGRE;OGRE_HALFOGRE;HALF_OGRE;None;;2;NIETHER;MALE;ENEMY;None;None;None;None;dw1melge;HELM01;;;;;SW1H01;;;;270;bg1;Half-Ogre
OGREHA4;GIANTHUMANOID;OGRE;OGRE_HALFOGRE;HALF_OGRE;None;;2;NIETHER;MALE;ENEMY;None;None;None;None;dw1melge;HELM01;;;;;SW1H01;;;;270;bg1;Half-Ogre
OGREHA5;GIANTHUMANOID;OGRE;OGRE_HALFOGRE;HALF_OGRE;None;;2;NIETHER;MALE;ENEMY;None;None;None;None;dw1melge;HELM01;;;;;SW1H01;;;;270;bg1;Half-Ogre
OGREHA_A;GIANTHUMANOID;OGRE;OGRE_HALFOGRE;HALF_OGRE;None;;2;NIETHER;MALE;ENEMY;None;None;None;None;dw1melge;HELM01;;;;;SW1H01;;;;270;bg1;Half-Ogre
OGREHA_B;GIANTHUMANOID;OGRE;OGRE_HALFOGRE;HALF_OGRE;None;;2;NIETHER;MALE;ENEMY;dw#gpsht;None;None;None;dw1melge;HELM01;;;;;SW1H01;;;;270;bg1;Half-Ogre
OGREHA_C;GIANTHUMANOID;OGRE;OGRE_HALFOGRE;HALF_OGRE;None;;2;NIETHER;MALE;ENEMY;None;None;None;None;dw1melge;HELM01;;;;;SW1H01;;;;270;bg1;Half-Ogre
OGREHA_D;GIANTHUMANOID;OGRE;OGRE_HALFOGRE;HALF_OGRE;None;;2;NIETHER;MALE;ENEMY;None;None;None;None;dw1melge;HELM01;;;;;SW1H01;;;;270;bg1;Half-Ogre
OGREHA_E;GIANTHUMANOID;OGRE;OGRE_HALFOGRE;HALF_OGRE;None;;2;NIETHER;MALE;ENEMY;None;None;None;None;dw1melge;HELM01;;;;;SW1H01;;;;270;bg1;Half-Ogre
OGRELESU;GIANTHUMANOID;OGRE;OGRE_OGRILLON;OGRILLON;None;;3;SUMMONED;MALE;CONTROLLED;None;None;None;None;BDSUM00;;;;;;B1-8;;;;0;bg1;Ogrillon
OGREMA;GIANTHUMANOID;OGRE;OGRE_MAGE;OGRE_MAGE;None;;5;NIETHER;MALE;ENEMY;None;None;;None;dw#mg103;;;;MAGE01;;COMPS01;;;;650;bg1;Ogre Mage
OGREMA02;GIANTHUMANOID;OGRE;OGRE_MAGE;OGRE_MAGE;DICK;ogrma3;5;NIETHER;MALE;NEUTRAL;dw#gpsht;shoutdlg;;None;dw#mg104;;;;;;COMPS01;;;;650;bg1;Ogre Mage
OGREMA03;GIANTHUMANOID;OGRE;OGRE_MAGE;OGRE_MAGE;cmogremage;ogrma2;5;NIETHER;MALE;NEUTRAL;dw#shdlg;None;;None;dw#mg105;;;MAGE01;;;SW1H44;;;;650;bg1;Ogre Mage
OGREMASU;GIANTHUMANOID;OGRE;FIGHTER_MAGE;OGRE_MAGE;None;;6;SUMMONED;MALE;ALLY;None;None;OGREMASU;None;;;;;;;OGREMASU;;;;0;bg1;Ogre Mage
OGREMA_A;GIANTHUMANOID;OGRE;OGRE_MAGE;OGRE_MAGE;None;;5;NIETHER;MALE;ENEMY;None;None;;None;dw#mg106;;;;;;COMPS01;;;;650;bg1;Ogre Mage
OGREMA_B;GIANTHUMANOID;OGRE;OGRE_MAGE;OGRE_MAGE;None;;5;NIETHER;MALE;ENEMY;None;None;;None;dw#mg107;;;MAGE01;;;COMPS01;;;;650;bg1;Ogre Mage
OGREMA_C;GIANTHUMANOID;OGRE;OGRE_MAGE;OGRE_MAGE;None;;5;NIETHER;MALE;ENEMY;None;None;;None;dw#mg108;;;;;;COMPS01;;;;650;bg1;Ogre Mage
OGREMA_D;GIANTHUMANOID;OGRE;OGRE_MAGE;OGRE_MAGE;None;ogrelead;5;NIETHER;MALE;NEUTRAL;shoutdlg;None;;None;dw#mg109;;;MAGE01;;;SW1H43;;;;650;bg1;Ogre Mage
OGREMBA;HUMANOID;OGRE;OGRE_MAGE;OGRE_MAGE;SewerOgre;OGRMBA;0;MALE;MALE;NEUTRAL;RR#PICKP;INITDLG;None;None;dw1melge;;;;;;COMPS02;;;;650;bg1;Ogre Mage
OGREMIRI;GIANTHUMANOID;OGRE;OGRE_OGRILLON;OGRILLON;None;;2;NIETHER;MALE;ENEMY;dw#gpsht;None;None;None;dw1melge;;;;;;B1-8;;;;175;bg1;Ogrillon
OGRES;GIANTHUMANOID;OGRE;OGRE;OGRE;Ogre;None;4;NIETHER;MALE;ENEMY;ogres;dw#gpsht;;None;dw1melge;;;;;;OGRE1;;;;270;bg1;Ogre
OGRESU;GIANTHUMANOID;OGRE;OGRE;OGRE;Ogre;;4;SUMMONED;MALE;CONTROLLED;None;None;None;None;BDSUM00;;;;;;OGRE1;;;;0;bg1;Ogre
OGREUNSH;GIANTHUMANOID;OGRE;OGRE;OGRE;Ogre;;4;NIETHER;MALE;ENEMY;None;None;;None;dw1melge;;;;;;OGRE1;;;;270;bg1;Ogre
OGRE_A;GIANTHUMANOID;OGRE;OGRE;OGRE;Ogre;;4;NIETHER;MALE;ENEMY;None;None;;None;dw1melge;;;;;;OGRE1;;;;270;bg1;Ogre
OGRE_B;GIANTHUMANOID;OGRE;OGRE;OGRE;Ogre;;4;NIETHER;MALE;ENEMY;None;None;;None;dw1melge;;;;;;OGRE1;;;;270;bg1;Ogre
OGRE_C;GIANTHUMANOID;OGRE;OGRE;OGRE;Ogre;;4;NIETHER;MALE;ENEMY;None;None;;None;dw1melge;;;;;;OGRE1;;;;270;bg1;Ogre
OGRE_D;GIANTHUMANOID;OGRE;OGRE;OGRE;Ogre;;4;NIETHER;MALE;ENEMY;None;None;;None;dw1melge;;;;;;OGRE1;;;;270;bg1;Ogre
OGRE_E;GIANTHUMANOID;OGRE;OGRE;OGRE;Ogre;;4;NIETHER;MALE;ENEMY;None;None;;None;dw1melge;;;;;;OGRE1;;;;270;bg1;Ogre
OGRMBA;HUMANOID;OGRE;OGRE_MAGE;OGRE_MAGE;SewerOgre;OGRMBA;5;MALE;MALE;NEUTRAL;RR#PICKP;shoutdlg;;None;dw#mg110;;;;;;COMPS02;;;;650;bg1;Ogre Mage
OLIVIA;HUMANOID;ELF;DRUID;CLERIC_FEMALE_ELF;None;OLIVIA;4;FEMALE;FEMALE;NEUTRAL;RR#PICKP;;None;None;dw#pr52;;;;;;STAF01;;;;270;bg1;Olivia
OOGIEW;HUMANOID;HUMAN;INNOCENT;PEASANT_MAN;None;OOGIEW;1;MALE;MALE;NEUTRAL;RR#PICKP;dw#innhl;RUNENEMY;WTRUNSGT;None;;;;;;;;;;15;bg1;Oogie Wisham
OOPAH;GIANTHUMANOID;OGRE;INNOCENT;OGRE;Ogre;None;4;NIETHER;MALE;NEUTRAL;dw#urbhl;None;;None;dw1melge;;;;;GOBOOM;OGRE1;;;;270;bg1;The Amazing Oopah
OOPAH2;GIANTHUMANOID;OGRE;OGRE;OGRE;Ogre;None;5;NIETHER;MALE;ENEMY;None;None;;None;dw1melge;;;;;GOPOOF;OGRE1;;;;270;bg1;The Amazing Oopah
ORC01;HUMANOID;ORC;FIGHTER;ORC_MELEE;ORC01;;3;MALE;MALE;ENEMY;;BDENSHTV;;;BDFIG00;;;;;;HALB01;;;;120;bg1;Orc Warrior
ORC02;HUMANOID;ORC;FIGHTER;ORC_RANGE;ORC02;;3;MALE;MALE;ENEMY;;BDENSHTV;;;BDARCH00;;;;;;BOW01;SPER01;;;120;bg1;Orc Archer
ORC03;HUMANOID;ORC;CLERIC;ORC_SHAMAN;ORC03;;3;MALE;MALE;ENEMY;;BDENSHTV;;;BDPRI00;;;;;;STAF01;SLNG01;;;175;bg1;Orc Priest
ORC04;HUMANOID;ORC;FIGHTER;ORC_ELITE_MELEE;ORC04;;5;MALE;MALE;ENEMY;;BDENSHTV;;;BDFIG00;;;;;;HALB01;;;;150;bg1;Orc Leader
ORC05;HUMANOID;ORC;SHAMAN;ORC_SHAMAN;ORC05;;6;MALE;MALE;ENEMY;;BDENSHTV;;;BDSHM00;HELMNOAN;;;;;STAF01;;;;420;bg1;Orc Shaman
ORC06;HUMANOID;ORC;FIGHTER_THIEF;ORC_MELEE;ORC06;;4;MALE;MALE;ENEMY;;BDENSHTV;;;BDFIG00;;;MAGE01;;;SW1H07;;;;135;bg1;Orc Raider
ORC07;HUMANOID;ORC;RANGER;ORC_ELITE_RANGE;ORC07;;4;MALE;MALE;ENEMY;;BDENSHTV;;;BDARCH00;HELMNOAN;;;;;BOW01;SW1H07;;;175;bg1;Orc Bowmaster
ORDULI;HUMANOID;ELF;INNOCENT;CLERIC_MALE_ELF;Ordulinian;ORDULI;7;MALE;MALE;NEUTRAL;RR#PICKP;PRIEST4;None;None;dw1melge;;;;;;BLUN06;;;;2700;bg1;Ordulinian
OSMADI;HUMANOID;HUMAN;DRUID;CLERIC_MALE_HUMAN;OSMADI;osmadi;9;MALE;MALE;NEUTRAL;;dw#shdlg;;None;dw#pr86;;;;;;STAF01;DW#SHNBR;;;1000;bg1;Osmadi
OSPREY;HUMANOID;HALF_ELF;CLERIC_MAGE;CLERIC_FEMALE_ELF;OSPREY;None;2;FEMALE;FEMALE;NEUTRAL;None;None;None;None;None;;ISHLD03;;;;IHAMM01;;;;0;bg1;Osprey
OTYUGH;MONSTER;OTYUGH;OTYUGH;OTYUGH;NONE;;10;NIETHER;MALE;ENEMY;;NONE;GENSHT01;NONE;dw1melmo;;;;;;OTYUGH;;;;5000;bg1;Otyugh
OUBLEK;HUMANOID;HUMAN;INNOCENT;FAT_MAN;Oublek;oublek;3;MALE;MALE;NEUTRAL;dw#urbhl;None;None;None;wtrunsgt;;;;RING11;;;;;;175;bg1;Oublek
OULAM;HUMANOID;HUMAN;MAGE;MAGE_MALE_HUMAN;OULAM;None;6;MALE;MALE;NEUTRAL;dw#gpsht;;None;;dw#mg111;;;;;;DAGG01;;;;1200;bg1;Oulam
PALADIN2;HUMANOID;HUMAN;PALADIN;FIGHTER_FEMALE_HUMAN;None;;1;FEMALE;FEMALE;PC;None;None;None;None;DPLAYER3;;;;;;STAF01;;;;0;bg1;
PALIN;MONSTER;LYCANTHROPE;WOLFWERE;THIEF_MALE_HUMAN;Hunter;palin;5;MALE;MALE;NEUTRAL;INITDLG;PALIN;;None;dw1range;;;IMMUNE1;;;BOW01;DAGG01;;;1400;bg1;Palin
PALLON;HUMANOID;HUMAN;MAGE;MONK;PALLONIA;PALLON;3;FEMALE;FEMALE;NEUTRAL;dw#urbhl;INITDLG;PRIEST2;None;dw1melge;;;;;;STAF01;;;;120;bg1;Pallonia
PANGWA;HUMANOID;HUMAN;FIGHTER;FIGHTER_MALE_HUMAN;PANG;PangWa;6;MALE;MALE;NEUTRAL;dw#gpsht;pangwa;None;None;dw1melge;;;;;;DAGG01;;;;300;bg1;Pang Wallen
PARDA;HUMANOID;HUMAN;INNOCENT;MONK;None;parda;1;MALE;MALE;NEUTRAL;dw#innhl;INITMAIN;RUNENEMY;None;WTRUNSGT;;;;;;;;;;15;bg1;Parda
PARDA1;HUMANOID;HUMAN;INNOCENT;MONK;parda1;parda1;1;MALE;MALE;NEUTRAL;waithstl;dw#innhl;INITMAIN;RUNENEMY;WTRUNSGT;;;;;;;;;;15;bg1;Parda
PARDA3;MONSTER;DOPPLEGANGER;DOPPLEGANGER;MONK;None;parda3;1;NIETHER;MALE;NEUTRAL;None;INITDLG;LDCHANGE;None;dw1melge;;;;;;;;;;420;bg1;Parda
PARGUS;HUMANOID;HUMAN;FIGHTER_MAGE;FIGHTER_MALE_HUMAN;PARGUS;None;5;MALE;MALE;NEUTRAL;dw#gpsht;gretek;gretek;;dw#mg112;;;;;;SW1H05;;;;900;bg1;Pargus
PAWN;MONSTER;GOLEM;GOLEM_CLAY;FIGHTER_MALE_DWARF;PAWN;None;5;MALE;MALE;ENEMY;None;KINGDEAD;None;None;dw1melmo;;SHLD01;IMMUNE1;RING95;;HAMM01;;;;150;bg1;Pawn
PERDUE;HUMANOID;HALFLING;FIGHTER;FIGHTER_MALE_HALFLING;None;PERDUE;3;MALE;MALE;NEUTRAL;RR#PICKP;None;None;None;WDRUNSGT;;;;;;;;;;35;bg1;Perdue
PERFBA;HUMANOID;HUMAN;INNOCENT;STATIC_PEASANT_MAN;None;perfba;0;MALE;MALE;NEUTRAL;dw#innhl;None;None;None;None;;;;;;;;;;7;bg1;Performer
PERMID;HUMANOID;HUMAN;INNOCENT;THIEF_MALE_HUMAN;PERMIDION;permid;4;MALE;MALE;NEUTRAL;dw#urbhl;INITDLG;None;None;dw1range;;;;;;BOW05;SW1H07;;;175;bg1;Permidion Stark
PETER;HUMANOID;HUMAN;FIGHTER_CLERIC;FIGHTER_MALE_HUMAN;PETER;None;5;MALE;MALE;NEUTRAL;dw#gpsht;;None;None;dw#pr54;HELM01;SHLD03;;;;BLUN07;;;;1200;bg1;Peter
PETRIN;HUMANOID;ELF;INNOCENT;STATIC_GIRL;None;PETRIN;1;FEMALE;FEMALE;NEUTRAL;RR#PICKP;WTRUNSGT;None;None;None;;;;;;;;;;7;bg1;Petrine
PETTIN;GIANTHUMANOID;ETTIN;GIANT;ETTIN;PETTIN;;10;MALE;MALE;ENEMY;;BDENSHTV;;;BDFIG00;;;;;;B1-12M3;;;;3000;bg1;Ettin
PGOND;HUMANOID;HUMAN;INNOCENT;CLERIC_MALE_HUMAN;None;pgond;3;MALE;MALE;NEUTRAL;dw#urbhl;;None;None;dw1melge;;;;;;STAF01;;;;175;bg1;Priest of Gond
PHAERS;HUMANOID;HUMAN;INNOCENT;SLAVE;PHAERS;phaers;1;MALE;MALE;NEUTRAL;SLAVE;None;None;None;wtrunsgt;;;;;;;;;;2;bg1;Phaersis
PHANDA;HUMANOID;HUMAN;PALADIN;FIGHTER_MALE_HUMAN;phanda;PHANDA;12;MALE;MALE;NEUTRAL;murder1;;initdlg;None;dw1melpa;;;;;;SPER02;;;;3700;bg1;Phandalyn
PHEAS01;ANIMAL;NO_RACE;FOOD_CREATURE;PHEASANT;PHEAS01;;1;MALE;MALE;NEUTRAL;;GENSHY;PREY;;WDRUNSGT;;;;;;;;;;1;bg1;Pheasant
PHEIRK;HUMANOID;DWARF;FIGHTER;FIGHTER_FEMALE_GNOME;pheirk;PHEIRK;6;FEMALE;FEMALE;NEUTRAL;RR#PICKP;None;None;None;dw1range;;SHLD10;;;;AX1H04;AX1H01;;;420;bg1;Pheirkas
PHEOARCH;HUMANOID;HUMAN;FIGHTER;MAGE_FEMALE_HUMAN;PheonixGuard;;4;FEMALE;FEMALE;ENEMY;PHEOARCH;None;None;None;dw1range;;;;;;SW1H98;BOWPHEO;;;100;bg1;Phoenix Guard
PHEOGURD;HUMANOID;HUMAN;FIGHTER;CLERIC_MALE_HUMAN;PheonixGuard;flamen;4;MALE;MALE;ENEMY;pheogurd;None;None;None;dw1melge;;SHLD99;;;;SW1H98;;;;100;bg1;Phoenix Guard
PHLYDI;HUMANOID;HUMAN;INNOCENT;MAGE_FEMALE_HUMAN;None;phlydi;6;FEMALE;FEMALE;NEUTRAL;RR#PICKP;;None;None;dw#mg5;;;;;AMUL10;DAGG01;;;;975;bg1;Phlydia
PHLYDI2;HUMANOID;HUMAN;INNOCENT;MAGE_FEMALE_HUMAN;None;phlydi2;6;FEMALE;FEMALE;NEUTRAL;dw#urbhl;;None;None;dw#mg6;;;;;AMUL10;DAGG01;;;;975;bg1;Phlydia
PHLYDI3;MONSTER;DOPPLEGANGER;DOPPLEGANGER;MAGE_FEMALE_HUMAN;None;phlydi3;6;NIETHER;FEMALE;NEUTRAL;None;INITDLG;LDCHANGE;None;dw1melge;;;;;;DAGG01;;;;420;bg1;Phlydia
PHOENIX;HUMANOID;HUMAN;FIGHTER;CLERIC_MALE_HUMAN;phoenix;None;7;MALE;MALE;ENEMY;phoenix;None;None;None;dw1melge;;SHLD99;;;;SW1H98;;;;100;bg1;Phoenix Guard
PIATO;HUMANOID;HUMAN;INNOCENT;MONK;None;piato;1;MALE;MALE;NEUTRAL;dw#innhl;INITMAIN;WDRUNSGT;None;None;;;;;;;;;;15;bg1;Piato
PIQUE;HUMANOID;HUMAN;INNOCENT;FIGHTER_MALE_HUMAN;None;pique;3;MALE;MALE;NEUTRAL;RR#PICKP;None;None;None;dw1melge;;SHLD11;;;;SW1H01;;;;120;bg1;Pique
PLANEVIL;HUMANOID;DARKPLANATAR;FIGHTER_CLERIC;MAGE_FEMALE_ELF;planevil;PLANEVIL;18;FEMALE;NIETHER;ALLY;DVPLANE;None;None;None;DVMELEE;DVWINGS;;IMMUNE3;DVPLANER;;DVPLANEW;;;;0;bg1;Fallen Planetar
PLANGOOD;HUMANOID;PLANATAR;FIGHTER_CLERIC;MAGE_MALE_ELF;plangood;PLANGOOD;18;MALE;NIETHER;ALLY;DVPLANG;None;None;None;DVMELEE;DVWINGS;;IMMUNE3;DVPLANGR;;DVPLANGW;;;;0;bg1;Planetar
PLANWISH;GIANTHUMANOID;DARKPLANATAR;CLERIC_MAGE;DEVA_MONADIC;planevil;planevil;25;NIETHER;MALE;ENEMY;plangood;None;None;None;planet;;;IMMUNE3;;;PLANETAR;;;;20000;bg1;Fallen Planetar
PLYFLIND;HUMANOID;GNOLL;GNOLL;GNOLL;None;;2;MALE;MALE;ENEMY;;;;;;;;;;;FLIND1;;;;120;bg1;Flind
PLYOGRE;GIANTHUMANOID;OGRE;OGRE;OGRE;Ogre;;4;NIETHER;158;ENEMY;;;;;;;;;;;OGRE1;;;;270;bg1;Ogre
PLYSALA;MONSTER;SALAMANDER;SALAMANDER_FIRE;SALAMANDER_FIRE;None;;8;NIETHER;MALE;ENEMY;;;;;;;;;;;SPER02;;;;1400;bg1;Fire Salamander
PLYSPID;MONSTER;SPIDER;SPIDER_SWORD;SPIDER_SWORD;None;;5;NIETHER;MALE;ENEMY;;;;;;;;;;ANTIWEB;SPIDSW1;;;;2000;bg1;Sword Spider
PLYSPID2;MONSTER;SPIDER;SPIDER_GIANT;SPIDER_GIANT;None;;4;NIETHER;MALE;ENEMY;None;None;;None;dw1melmo;;;;;ANTIWEB;PLYSPID;;;;450;bg1;Giant Spider
PLYWOLF;MONSTER;WOLF;WOLF_DREAD;WOLF;None;;1;MALE;MALE;ENEMY;;;;;;;;;;;P1-10;;;;650;bg1;Wolf
PLYWYVRN;MONSTER;WYVERN;WYVERN;WYVERN;Wyvern;;7;NIETHER;MALE;ENEMY;;;;;;;;RING97;;;WYVERN1;WYVERN2;;;450;bg1;Baby Wyvern
PNASHK;HUMANOID;HUMAN;INNOCENT;PEASANT_MAN;None;PNASHK;0;MALE;MALE;NEUTRAL;dw#innhl;None;None;None;WTRUNSGT;;;;;;;;;;7;bg1;Performer
PNASK;HUMANOID;HUMAN;INNOCENT;PEASANT_MAN;None;pnashk;0;MALE;MALE;NEUTRAL;dw#innhl;None;None;None;WTRUNSGT;;;;;;;;;;7;bg1;Performer
POE;HUMANOID;HUMAN;INNOCENT;THIEF_MALE_HUMAN;poe;poe;5;MALE;MALE;NEUTRAL;RR#PICKP;MAGE1;;;dw1melge;;;;;;SPER02;;;;275;bg1;Poe
POGHM10;HUMANOID;HUMAN;INNOCENT;MAGE_MALE_HUMAN;None;POGHM10;3;MALE;MALE;NEUTRAL;dw#urbhl;None;None;None;dw1melge;;;;;;;;;;175;bg1;Priest of Oghma
POGHM3;HUMANOID;HUMAN;INNOCENT;MAGE_MALE_HUMAN;None;poghm2;3;MALE;MALE;NEUTRAL;dw#urbhl;;None;None;dw1melge;;;;;;;;;;175;bg1;Priest of Oghma
POGHM6;HUMANOID;HUMAN;INNOCENT;MAGE_MALE_HUMAN;None;poghm2;3;MALE;MALE;NEUTRAL;dw#urbhl;;None;None;dw1melge;;;;;;;;;;175;bg1;Priest of Oghma
POGHM8;HUMANOID;HUMAN;INNOCENT;MAGE_MALE_HUMAN;None;poghm2;3;MALE;MALE;NEUTRAL;dw#urbhl;POGHMA8;None;None;None;;;;;;;;;;175;bg1;Priest of Oghma
POGHM9;MONSTER;DOPPLEGANGER;DOPPLEGANGER;MAGE_MALE_HUMAN;None;POGHM9;3;NIETHER;MALE;NEUTRAL;dw#urbhl;None;None;None;dw1melge;;;;;;;;;;175;bg1;Priest of Oghma
POGHMA;HUMANOID;HUMAN;INNOCENT;MAGE_MALE_HUMAN;None;poghm5;3;MALE;MALE;NEUTRAL;dw#urbhl;;None;None;dw1melge;;;;;;;;;;175;bg1;Priest of Oghma
POGHMA3;HUMANOID;HUMAN;INNOCENT;MAGE_MALE_HUMAN;None;poghm2;3;MALE;MALE;NEUTRAL;dw#urbhl;;None;None;dw1melge;;;;;;;;;;175;bg1;Priest of Oghma
POGHMA4;HUMANOID;HUMAN;INNOCENT;MAGE_MALE_HUMAN;None;POGHM4;3;MALE;MALE;NEUTRAL;dw#urbhl;PRIEST3;;None;dw1melge;;;;;;;;;;175;bg1;Priest of Oghma
POGHMA5;HUMANOID;HUMAN;INNOCENT;MAGE_MALE_HUMAN;POGHMA5;POGHM5;3;MALE;MALE;NEUTRAL;dw#urbhl;;None;None;dw1melge;;;;;;;;;;175;bg1;Priest of Oghma
POGHMA6;HUMANOID;HUMAN;INNOCENT;MAGE_MALE_HUMAN;None;poghm6;3;MALE;MALE;NEUTRAL;dw#urbhl;;None;None;dw1melge;;;;;;;;;;175;bg1;Priest of Oghma
POGHMA7;HUMANOID;HUMAN;INNOCENT;MAGE_MALE_HUMAN;None;POGHM7;3;MALE;MALE;NEUTRAL;dw#urbhl;;None;None;dw1melge;;;;;;;;;;175;bg1;Priest of Oghma
POGHMA8;HUMANOID;HUMAN;INNOCENT;MAGE_MALE_HUMAN;None;poghm8;3;MALE;MALE;NEUTRAL;dw#urbhl;;None;None;dw1melge;;;;;;;;;;175;bg1;Priest of Oghma
POISOD;HUMANOID;HUMAN;FIGHTER;FIGHTER_MALE_HUMAN;None;;0;MALE;MALE;NEUTRAL;;;;;;;;;;;;;;;7;bg1;Poisoned Man
PORTAL;HUMANOID;HUMAN;INNOCENT;BEGGAR_MAN;None;portal;1;MALE;MALE;NEUTRAL;dw#innhl;None;None;None;wtrunsgt;;;;;;;;;;15;bg1;Portalbendarwinden
PPDJINN;GIANTHUMANOID;GENIE;GENIE_DJINNI;DJINNI;ppdjinn;ppdjinn;5;NIETHER;MALE;NEUTRAL;SHOUTINV;None;None;;dw1melge;;;;;;B3-18;;;;5000;bg1;Genie
PRAT;HUMANOID;HUMAN;FIGHTER_MAGE;FIGHTER_MALE_HUMAN;Prat;PRAT;8;MALE;MALE;NEUTRAL;dw#gpsht;PRAT;;None;dw#mg113;;;;;;AX1H05;SW1H07;;;1400;bg1;Prat
PRIDE;HUMANOID;GOLEM;GOLEM_IRON;FIGHTER_MALE_DWARF;pride;PRIDE;1;MALE;MALE;NEUTRAL;None;None;None;None;None;HELM03;;;;;;;;;0;bg1;Warder
PRIDEM;HUMANOID;GOLEM;FIGHTER_CLERIC;FIGHTER_MALE_DWARF;pridem;None;12;MALE;MALE;ENEMY;REDDEATH;PRIDE;;None;dw1melmo;HELM08;SHLD15;RING95;SPEC02;;AX1H01;;;;2500;bg1;Pride
PRIHEL;HUMANOID;HUMAN;INNOCENT;CLERIC_MALE_HUMAN;None;prihel;1;MALE;MALE;NEUTRAL;dw#innhl;PRIEST4;None;None;dw1melge;;SHLD01;;;;SW1H04;;;;15;bg1;Priest of Helm
PRIILM;HUMANOID;HUMAN;INNOCENT;BEGGAR_MAN;None;priilm;3;MALE;MALE;NEUTRAL;dw#urbhl;None;None;None;WTRUNWAT;;;;;;;;;;175;bg1;Priest of Ilmater
PRIILMU;HUMANOID;HUMAN;INNOCENT;BEGGAR_MAN;PIlmater;PRIILMU;3;MALE;MALE;NEUTRAL;RR#PICKP;None;None;None;WTRUNWAT;;;;;;;;;;175;bg1;Priest of Ilmater
PRISM;HUMANOID;HUMAN;MAGE;NOBLE_MAN;Prism;prism;3;MALE;MALE;NEUTRAL;prism;None;None;None;wtrunsgt;;;;;;;;;;35;bg1;Prism
PRISON;HUMANOID;HUMAN;THIEF;STATIC_SLAVE;None;None;1;MALE;MALE;NEUTRAL;RR#PICKP;None;None;None;WDRUNSGT;;;;;;;;;;15;bg1;Prisoner
PROSBA;HUMANOID;HUMAN;INNOCENT;HARLOT_WOMAN;None;PROST1;0;FEMALE;FEMALE;NEUTRAL;dw#innhl;RUNENEMY;None;None;WDRUNSGT;;;;;;;;;;15;bg1;Courtesan
PROSBAX;HUMANOID;HUMAN;INNOCENT;STATIC_HARLOT_WOMAN;None;prost1;0;FEMALE;FEMALE;NEUTRAL;dw#innhl;None;None;None;None;;;;;;;;;;15;bg1;Courtesan
PROSBA_A;HUMANOID;HUMAN;INNOCENT;HARLOT_WOMAN;None;prost1;0;FEMALE;FEMALE;NEUTRAL;dw#innhl;RUNENEMY;None;None;WDRUNSGT;;;;;;;;;;15;bg1;Courtesan
PROSBA_B;HUMANOID;HUMAN;INNOCENT;HARLOT_WOMAN;None;prost1;0;FEMALE;FEMALE;NEUTRAL;dw#innhl;RUNENEMY;None;None;WDRUNSGT;;;;;;;;;;15;bg1;Courtesan
PROSBA_C;HUMANOID;HUMAN;INNOCENT;HARLOT_WOMAN;None;prost1;0;FEMALE;FEMALE;NEUTRAL;dw#innhl;RUNENEMY;None;None;WDRUNSGT;;;;;;;;;;15;bg1;Courtesan
PROSLAY;HUMANOID;HUMAN;INNOCENT;SLEEPING_WOMAN_HUMAN;None;PROSLA;0;FEMALE;FEMALE;NEUTRAL;dw#innhl;None;None;None;None;;;;;;;;;;15;bg1;Courtesan
PROST2;HUMANOID;HUMAN;INNOCENT;HARLOT_WOMAN;harlot;prost2;0;FEMALE;FEMALE;NEUTRAL;dw#innhl;RUNENEMY;None;None;WDRUNSGT;;;;;;;;;;15;bg1;Courtesan
PROST3;HUMANOID;HUMAN;INNOCENT;HARLOT_WOMAN;harlot;prost3;0;FEMALE;FEMALE;NEUTRAL;dw#innhl;RUNENEMY;None;None;WDRUNSGT;;;;;;;;;;15;bg1;Courtesan
PROST4;HUMANOID;HUMAN;INNOCENT;HARLOT_WOMAN;harlot;prost4;0;FEMALE;FEMALE;NEUTRAL;dw#innhl;RUNENEMY;None;None;WDRUNSGT;;;;;;;;;;15;bg1;Courtesan
PROST5;HUMANOID;HUMAN;INNOCENT;HARLOT_WOMAN;harlot;prost5;0;FEMALE;FEMALE;NEUTRAL;dw#innhl;RUNENEMY;None;None;WDRUNSGT;;;;;;;;;;15;bg1;Courtesan
PROST6;HUMANOID;HUMAN;INNOCENT;HARLOT_WOMAN;harlot;prost6;0;FEMALE;FEMALE;NEUTRAL;dw#innhl;RUNENEMY;None;None;WDRUNSGT;;;;;;;;;;15;bg1;Courtesan
PROST7;HUMANOID;HUMAN;INNOCENT;HARLOT_WOMAN;harlot;prost7;0;FEMALE;FEMALE;NEUTRAL;dw#innhl;RUNENEMY;None;None;WDRUNSGT;;;;;;;;;;15;bg1;Courtesan
PROST8;HUMANOID;HUMAN;INNOCENT;HARLOT_WOMAN;harlot;prost8;0;FEMALE;FEMALE;NEUTRAL;dw#innhl;RUNENEMY;None;None;WDRUNSGT;;;;;;;;;;15;bg1;Courtesan
PRSBAX_A;HUMANOID;HUMAN;INNOCENT;STATIC_HARLOT_WOMAN;None;PROST1;0;FEMALE;FEMALE;NEUTRAL;dw#innhl;None;None;None;None;;;;;;;;;;15;bg1;Courtesan
PRSBAX_B;HUMANOID;HUMAN;INNOCENT;STATIC_HARLOT_WOMAN;None;PROST1;0;FEMALE;FEMALE;NEUTRAL;dw#innhl;None;None;None;None;;;;;;;;;;15;bg1;Courtesan
PRSBAX_C;HUMANOID;HUMAN;INNOCENT;STATIC_HARLOT_WOMAN;None;PROST1;0;FEMALE;FEMALE;NEUTRAL;dw#innhl;None;None;None;None;;;;;;;;;;15;bg1;Courtesan
PUMBER2;HUMANOID;HUMAN;CLERIC;CLERIC_FEMALE_HUMAN;None;PUMBER2;3;FEMALE;FEMALE;NEUTRAL;dw#gpsht;;;;dw#pr55;;;;;;STAF01;;;;175;bg1;Priestess of Umberlee
PUMBERL;HUMANOID;HUMAN;CLERIC;CLERIC_FEMALE_HUMAN;pumberl;PUMBERL;6;FEMALE;FEMALE;NEUTRAL;dw#gpsht;INITDLG;;;dw#pr56;;;;;;STAF01;;;;175;bg1;Priestess of Umberlee
QUAYLE;HUMANOID;GNOME;CLERIC_MAGE;CLERIC_MALE_GNOME;QUAYLE;quayle;2;MALE;MALE;NEUTRAL;QUAYLE;MAGE1;PRIEST1;WTARSGT;DPLAYER;;;;;;SLNG01;;;;0;bg1;Quayle
QUAYLE4;HUMANOID;GNOME;CLERIC_MAGE;CLERIC_MALE_GNOME;QUAYLE;quayle;4;MALE;MALE;NEUTRAL;QUAYLE;MAGE2;PRIEST1;WTARSGT;DPLAYER;;;;;;SLNG01;;;;0;bg1;Quayle
QUAYLE6;HUMANOID;GNOME;CLERIC_MAGE;CLERIC_MALE_GNOME;QUAYLE;quayle;6;MALE;MALE;NEUTRAL;QUAYLE;MAGE5;PRIEST4;WTARSGT;DPLAYER;;;;;;SLNG01;;;;0;bg1;Quayle
QUEEN;HUMANOID;GOLEM;MAGE;MAGE_FEMALE_ELF;QUEEN;None;8;FEMALE;FEMALE;ENEMY;None;kingdead;dw#ches3;;dw#mg159;;;;;;;;;;5000;bg1;Queen
QUENAS;HUMANOID;HUMAN;INNOCENT;HARLOT_WOMAN;QUENASH;quenas;0;FEMALE;FEMALE;NEUTRAL;dw#innhl;RUNENEMY;None;None;WTRUNSGT;;;;;;;;;;15;bg1;Quenash
QUINN;HUMANOID;DWARF;INNOCENT;THIEF_MALE_DWARF;None;QUINN;1;MALE;MALE;NEUTRAL;dw#innhl;None;None;None;WDRUNSGT;;;;;;DAGG01;;;;15;bg1;Quinn
RABBIT;ANIMAL;NO_RACE;FOOD_CREATURE;RABBIT;None;None;1;MALE;MALE;NEUTRAL;None;prey;None;None;WDRUNSGT;;;;;;;;;;7;bg1;Rabbit
RABBITSU;ANIMAL;RABBIT;FOOD_CREATURE;RABBIT;rabbit01;None;1;SUMMONED;SUMMONED;CONTROLLED;None;None;None;None;wdrunsgt;;;;;;;;;;7;bg1;Rabbit
RAEMON;HUMANOID;HUMAN;FIGHTER;FIGHTER_MALE_HUMAN;raemon;raemon;5;MALE;MALE;NEUTRAL;dw#c3hst;dw#prsht;shoutdlg;None;dw1range;;;;;;SW1H04;BOW01;;;1200;bg1;Raemon
RAGEFA;HUMANOID;HUMAN;MAGE;MAGE_MALE_HUMAN;Ragefast;ragefa;7;MALE;MALE;NEUTRAL;shoutdlg;;None;None;dw#mg114;;;;;AMUL14;DAGG01;;;;2000;bg1;Ragefast
RAHVIN;HUMANOID;HUMAN;FIGHTER;FIGHTER_MALE_HUMAN;RAHVIN;rahvin;11;MALE;MALE;NEUTRAL;dw#gpsht;RAHVIN;;None;dw1range;;;RING06;;;BOW01;COMPS01;;;1800;bg1;Rahvin
RAIKEN;HUMANOID;HUMAN;FIGHTER;FIGHTER_MALE_HUMAN;Raiken;raiken;5;MALE;MALE;NEUTRAL;shoutdlg;RAIKEN;None;None;dw1melge;;SHLD03;;;;HAMM02;;;;650;bg1;Raiken
RALEO;HUMANOID;HUMAN;INNOCENT;PEASANT_MAN;None;raleo;1;MALE;MALE;NEUTRAL;dw#innhl;None;RUNENEMY;WTRUNSGT;None;;;;;;;;;;15;bg1;Raleo Windspear
RAMAZI;HUMANOID;HUMAN;MAGE;MAGE_MALE_HUMAN;Ramazith;ramazi;9;MALE;MALE;NEUTRAL;INITDLG;RAMAZITH;;None;dw#mg115;;;RING07;;AMUL16;STAF01;;;;4000;bg1;Ramazith
RANCE;HUMANOID;STATUE;FIGHTER;FIGHTER_MALE_HUMAN;RANCE;RANCE;6;MALE;MALE;NEUTRAL;;WTARSGT;None;None;None;;;;;;BOW03;COMPS01;;;900;bg1;Statue
RANGER2;HUMANOID;HALF_ELF;RANGER;FIGHTER_FEMALE_ELF;None;;1;FEMALE;FEMALE;PC;None;None;None;None;DPLAYER3;;;;;;STAF01;;;;0;bg1;
RASAAD;HUMANOID;HUMAN;CLERIC;MONK_MALE_HUMAN;RASAAD;RASAAD;1;MALE;MALE;NEUTRAL;RASAAD;dw#urbhl;None;WTASIGHT;DPLAYER;;;;;;;;;;0;bg1;Rasaad
RASAAD2;HUMANOID;HUMAN;MONK;MONK_MALE_HUMAN;RASAAD;RASAAD;2;MALE;MALE;NEUTRAL;RASAAD;dw#urbhl;None;WTASIGHT;DPLAYER;;;;;;;;;;0;bg1;Rasaad
RASAAD4;HUMANOID;HUMAN;MONK;MONK_MALE_HUMAN;RASAAD;RASAAD;4;MALE;MALE;NEUTRAL;RASAAD;dw#urbhl;None;WTASIGHT;DPLAYER;;;;;;;;;;0;bg1;Rasaad
RASAAD6;HUMANOID;HUMAN;MONK;MONK_MALE_HUMAN;RASAAD;RASAAD;6;MALE;MALE;NEUTRAL;RASAAD;dw#urbhl;None;WTASIGHT;DPLAYER;;;;;;;;;;0;bg1;Rasaad
RASAAD7;HUMANOID;HUMAN;CLERIC;MONK_MALE_HUMAN;RASAAD;BDRASAAD;7;MALE;MALE;NEUTRAL;BDRASAAD;BDRASAAC;;;;;;;;;;SLNG02;;;0;bg1;Rasaad
RASHAD;MONSTER;DOPPLEGANGER;DOPPLEGANGER;CLERIC_MALE_HUMAN;RASHAD;rashad;5;MALE;MALE;NEUTRAL;RR#PICKP;Initdlg;GDCHANGE;None;dw1melge;;;;;;SW1H04;;;;420;bg1;Rashad
RAT;ANIMAL;RABBIT;FOOD_CREATURE;RAT;None;None;1;MALE;MALE;NEUTRAL;None;None;WDRUNSGT;None;None;;;;;;;;;;1;bg1;Rat
RAT2;ANIMAL;RABBIT;FOOD_CREATURE;RAT;REVRAT;None;1;MALE;MALE;ENEMY;None;;;None;dw1melmo;;;;;;;;;;1;bg1;Rat
RATCHI;HUMANOID;KOBOLD;KOBOLD;KOBOLD;RATCHILD;ratchi;6;MALE;MALE;NEUTRAL;RATCHILD;PRIEST3;None;None;dw1range;;;;;;COMPB05;SW1H07;;;350;bg1;Ratchild
RAY;HUMANOID;GIBBERLING;GIBBERLING;GIBBERLING;None;;1;MALE;MALE;ENEMY;GIBBER;None;None;None;dw1melmo;;;;;;S1-2;;;;3035;bg1;Diseased Gibberling
READ;HUMANOID;HUMAN;INNOCENT;MONK;None;read3;1;MALE;MALE;NEUTRAL;dw#innhl;RUNENEMY;None;None;WDRUNSGT;;;;;;;;;;15;bg1;Reader
READ2;HUMANOID;HUMAN;INNOCENT;MONK;None;read2;1;MALE;MALE;NEUTRAL;dw#innhl;RUNENEMY;None;WTRUNSGT;WAIT;;;;;;;;;;15;bg1;Reader
READ3;HUMANOID;HUMAN;INNOCENT;MONK;None;read3;1;MALE;MALE;NEUTRAL;dw#innhl;RUNENEMY;None;WTRUNSGT;WAIT;;;;;;;;;;15;bg1;Reader
READ4;HUMANOID;HUMAN;INNOCENT;MONK;None;read4;1;MALE;MALE;NEUTRAL;dw#innhl;RUNENEMY;None;WTRUNSGT;WAIT;;;;;;;;;;15;bg1;Reader
READ5;HUMANOID;HUMAN;INNOCENT;MONK;None;read2;1;MALE;MALE;NEUTRAL;dw#innhl;RUNENEMY;None;WTRUNSGT;WAIT;;;;;;;;;;15;bg1;Reader
READ6;HUMANOID;HUMAN;INNOCENT;MONK;None;None;1;MALE;MALE;NEUTRAL;dw#innhl;READER6;RUNENEMY;None;wtrunsgt;;;;;;;;;;15;bg1;Reader
REDEDG;HUMANOID;HUMAN;THIEF;THIEF_MALE_HUMAN;Rededge;rededg;6;MALE;MALE;NEUTRAL;dw#gpsht;RR#PICKP;rededge;None;dw1melth;;;;;;SW1H07;;;;650;bg1;Rededge
REEVOR;HUMANOID;DWARF;INNOCENT;FIGHTER_MALE_DWARF;None;REEVOR;5;MALE;MALE;NEUTRAL;dw#urbhl;None;None;None;dw1melge;;;;;;AX1H01;;;;270;bg1;Reevor
REEVOR2;HUMANOID;DWARF;INNOCENT;FIGHTER_MALE_DWARF;None;REEVOR2;5;MALE;MALE;NEUTRAL;dw#urbhl;None;None;None;dw1melge;;;;;;AX1H01;;;;270;bg1;Reevor
REEVOR3;MONSTER;DOPPLEGANGER;DOPPLEGANGER;FIGHTER_MALE_DWARF;None;REEVOR3;5;NIETHER;MALE;NEUTRAL;None;INITDLG;LDCHANGE;None;dw1melge;;;;;;AX1H01;;;;420;bg1;Reevor
REGINA;HUMANOID;HUMAN;INNOCENT;NOBLE_MAN;None;REGINA;1;MALE;MALE;NEUTRAL;dw#innhl;None;RUNENEMY;None;WTRUNSGT;;;;;;;;;;15;bg1;Reginald "Longtooth" Worthington III
REPMAN;HUMANOID;HUMAN;FIGHTER;FIGHTER_MALE_HUMAN;Bandit;repman;1;MALE;MALE;NEUTRAL;;None;None;None;None;;;;;;SW1H04;COMPB05;;;65;bg1;Bandit
RESAR;HUMANOID;HUMAN;MAGE;MAGE_MALE_HUMAN;Resar;RESAR;9;MALE;MALE;NEUTRAL;RR#PICKP;None;None;;dw#mg116;;;;;;STAF01;;;;4000;bg1;Resar
RETARD;HUMANOID;HUMAN;FIGHTER_MAGE;FIGHTER_MALE_HUMAN;GALDOR;None;13;MALE;MALE;NEUTRAL;SHOUT;None;None;None;None;;;;MAGE01;;BOW04;SW1H04;;;9800;bg1;Angelo
REVENT;UNDEAD;GHOUL;GHOUL_REVEANT;REVENANT;REVEN;reven3;15;NIETHER;MALE;NEUTRAL;None;INITDLG2;None;None;dw1range;;;IMMUNE1;RING95;;REVENT1;REVENT2;;;3000;bg1;Revenant
REZDAN;HUMANOID;HUMAN;MAGE;MAGE_MALE_HUMAN;REZDAN;None;9;MALE;MALE;NEUTRAL;dw#gpsht;;None;None;dw#mg163;;;;;;STAF01;DART01;;;1200;bg1;Rezdan
RICK;HUMANOID;HUMAN;INNOCENT;PEASANT_MAN;RICK;;1;MALE;MALE;NEUTRAL;;WTRUNSGT;None;None;;;;;;;;;;;15;bg1;Rick
RIELTA;HUMANOID;HUMAN;MAGE;MAGE_MALE_HUMAN;Rieltar;rielta;5;MALE;MALE;NEUTRAL;dw#gpsht;RIELTAR;;None;dw#mg118;;;;;;DAGG01;;;;975;bg1;Rieltar
RIGGILO;HUMANOID;HUMAN;THIEF;THIEF_MALE_HUMAN;Riggilo;riggilo;8;MALE;MALE;NEUTRAL;INITDLG;None;None;None;dw1melth;;;;;;SW1H08;;;;1400;bg1;Riggilo
RINNIE;HUMANOID;HALF_ELF;INNOCENT;THIEF_FEMALE_ELF;Rinnie;RINNIE;3;FEMALE;FEMALE;NEUTRAL;RR#PICKP;;None;None;dw#mg7;;;;;;SW1H07;;;;60;bg1;Rinnie
RODNIM;HUMANOID;HUMAN;INNOCENT;PEASANT_MAN;None;RODNIM;1;MALE;MALE;NEUTRAL;INITDLG;MTOWBAZ;None;None;WTRUNSGT;;;;;;;;;;15;bg1;Rodnim
ROGER;HUMANOID;HUMAN;INNOCENT;PEASANT_MAN;ROGER;roger;1;MALE;MALE;NEUTRAL;dw#innhl;INITDLG;WDRUNSGT;None;None;;;;;;;;;;15;bg1;Roger
ROOK;MONSTER;GOLEM;GOLEM_CLAY;FIGHTER_MALE_ELF;ROOK;None;8;MALE;MALE;ENEMY;kingdead;dw#ches2;None;None;dw1ranmo;;;IMMUNE1;;RING95;BOW01;SW1H04;;;1500;bg1;Rook
RSBASSAN;HUMANOID;HUMAN;THIEF;THIEF_MALE_HUMAN;RSBASSAN;RSBASSAN;6;MALE;MALE;NEUTRAL;RSBASSAN;OHFGTK01;;;;;;;;;DAGG02;;;;250;bg1;Bassano
RSBEARBL;ANIMAL;BEAR;BEAR_BLACK;BEAR_BLACK;None;;3;MALE;MALE;NEUTRAL;None;None;BEAR;None;dw1melmo;;;;;;B1-6;;;;175;bg1;Black Bear
RSCOMN01;HUMANOID;HUMAN;INNOCENT;PEASANT_MAN;RSCOMN01;RSCOMN01;1;MALE;MALE;NEUTRAL;dw#innhl;;;None;wtrunsgt;;;;;;;;;;16;bg1;Commoner
RSCOMN02;HUMANOID;HUMAN;INNOCENT;PEASANT_MAN;RSCOMN02;MTOWNA;1;MALE;MALE;NEUTRAL;dw#innhl;;RUNENEMY;None;wtrunsgt;;;;;;;;;;16;bg1;Commoner
RSCOMN03;HUMANOID;HUMAN;INNOCENT;PEASANT_MAN;RSCOMN03;MTOWNA;1;MALE;MALE;NEUTRAL;dw#innhl;;RUNENEMY;None;wtrunsgt;;;;;;;;;;16;bg1;Commoner
RSCOMN04;HUMANOID;HUMAN;INNOCENT;PEASANT_MAN;RSCOMN04;MTOWNA;1;MALE;MALE;NEUTRAL;dw#innhl;;RUNENEMY;None;wtrunsgt;;;;;;;;;;16;bg1;Commoner
RSDAPP;HUMANOID;HUMAN;FIGHTER;FIGHTER_MALE_HUMAN;RSDAPP;;2;MALE;MALE;NEUTRAL;SHOUT;None;None;RSDAPP;dw1range;;;;;;BOW03;SW1H04;;;45;bg1;Dark Moon Applicant
RSDAPP01;HUMANOID;HUMAN;FIGHTER;FIGHTER_MALE_HUMAN;RSDAPP01;rsdapp01;2;MALE;MALE;NEUTRAL;SHOUT;None;None;RSDAPP;dw1melge;;;;;;SW1H04;;;;45;bg1;Dark Moon Applicant
RSDAPP02;HUMANOID;HUMAN;FIGHTER;FIGHTER_FEMALE_HUMAN;RSDAPP02;;2;FEMALE;FEMALE;NEUTRAL;SHOUT;None;None;RSDAPP;dw1melge;;;;;;SW1H04;;;;45;bg1;Dark Moon Applicant
RSDAPP03;HUMANOID;HUMAN;MAGE;MAGE_FEMALE_HUMAN;rsdapp03;None;4;FEMALE;FEMALE;NEUTRAL;SHOUT;;None;RSDAPP;dw#mg119;;;;;;SLNG01;;;;95;bg1;Dark Moon Applicant
RSDAPP04;HUMANOID;HUMAN;THIEF;THIEF_FEMALE_HUMAN;rsdapp04;rsdapp02;4;FEMALE;FEMALE;NEUTRAL;SHOUT;;None;RSDAPP;dw1ranth;;;;;;BOW05;SW1H07;;;95;bg1;Dark Moon Applicant
RSDCL01;HUMANOID;HUMAN;CLERIC;CLERIC_MALE_HUMAN;RSDCL01;;5;MALE;MALE;ENEMY;SHOUT;;None;None;dw#pr57;;;;;;;;;;300;bg1;Dark Moon Cleric
RSDEAD;HUMANOID;HUMAN;FIGHTER;FIGHTER_MALE_HUMAN;rsdead;;2;MALE;MALE;NEUTRAL;SHOUT;None;None;WTARSGT;RSDAPP;;;;;;BOW03;SW1H04;;;45;bg1;Dark Moon Applicant
RSDEAD01;HUMANOID;HUMAN;FIGHTER;FIGHTER_MALE_HUMAN;rsdead01;rsdapp01;2;MALE;MALE;NEUTRAL;SHOUT;None;None;WTARSGT;RSDAPP;;;;;;SW1H04;;;;45;bg1;Dark Moon Applicant
RSDEAD02;HUMANOID;HUMAN;FIGHTER;FIGHTER_FEMALE_HUMAN;rsdead02;;2;FEMALE;FEMALE;NEUTRAL;SHOUT;None;None;WTARSGT;RSDAPP;;;;;;SW1H04;;;;45;bg1;Dark Moon Applicant
RSDEAD03;HUMANOID;HUMAN;MAGE;MAGE_FEMALE_HUMAN;rsdead03;None;4;FEMALE;FEMALE;NEUTRAL;SHOUT;MAGE1;None;RSDAPP;;;;;;;SLNG01;;;;95;bg1;Dark Moon Applicant
RSDEAD04;HUMANOID;HUMAN;THIEF;THIEF_FEMALE_HUMAN;rsdead04;rsdapp02;4;FEMALE;FEMALE;NEUTRAL;SHOUT;;None;WTARSGT;RSDAPP;;;;;;BOW05;SW1H07;;;95;bg1;Dark Moon Applicant
RSDINITA;HUMANOID;HUMAN;FIGHTER;FIGHTER_MALE_HUMAN;None;;3;MALE;MALE;ENEMY;None;RSDINIT;None;OHFGAR01;;HELM01;;;;;BOW03;;;;100;bg1;Dark Moon Initiate
RSDINITF;HUMANOID;HUMAN;FIGHTER;FIGHTER_MALE_HUMAN;None;;3;MALE;MALE;NEUTRAL;RR#PICKP;RSDINIT;None;OHFGTK01;;HELM01;;;;;SW2H01;;;;100;bg1;Dark Moon Initiate
RSDINITM;HUMANOID;HUMAN;MAGE;MAGE_FEMALE_HUMAN;rsdinitm;;3;FEMALE;FEMALE;NEUTRAL;RR#PICKP;RSDINIT;None;OHMADD01;;;;;;;DAGG01;;;;100;bg1;Dark Moon Initiate
RSDINITT;HUMANOID;HUMAN;THIEF;THIEF_MALE_HUMAN;None;;4;MALE;MALE;NEUTRAL;RR#PICKP;RSDINIT;None;OHFGTK01;;;;;;;SW1H07;DART01;;;100;bg1;Dark Moon Initiate
RSDMNK;HUMANOID;HUMAN;MONK;MONK_MALE_HUMAN;RSDMNK;;5;MALE;MALE;NEUTRAL;SHOUT;RSDMNKPW;OHFGTK01;None;;;;;;;;;;;160;bg1;Dark Moon Monk
RSDMNK01;HUMANOID;HUMAN;MONK;MONK_MALE_HUMAN;RSDMNK01;RSDMNK01;3;MALE;MALE;NEUTRAL;RR#PICKP;RSDMNKPW;OHFGTK01;None;;;;;;;;;;;100;bg1;Dark Moon Monk
RSDMNK02;HUMANOID;HUMAN;MONK;MONK_FEMALE_HUMAN;RSDMNK02;RSDMNK02;5;FEMALE;FEMALE;NEUTRAL;RR#PICKP;OHFGTK01;None;None;;;;;;;;;;;160;bg1;Dark Moon Monk
RSDMNK03;HUMANOID;HUMAN;MONK;MONK_MALE_HUMAN;RSDMNK03;RSDMNK03;5;MALE;MALE;NEUTRAL;RR#PICKP;RSDMNKPW;OHFGTK01;None;;;;;;;;;;;160;bg1;Dark Moon Monk
RSDMNK04;HUMANOID;HUMAN;MONK;MONK_FEMALE_HUMAN;RSDMNK04;RSDMNK04;6;FEMALE;FEMALE;NEUTRAL;RR#PICKP;RSDMNKPW;OHFGTK01;None;;;;;;;;;;;260;bg1;Dark Moon Lieutenant
RSDMNK05;HUMANOID;HUMAN;MONK;MONK_FEMALE_HUMAN;RSDMNK05;RSDMNK05;5;FEMALE;FEMALE;NEUTRAL;RR#PICKP;RSDMNKPW;OHFGTK01;RSDMNK;RSDMNK05;;;;;;;;;;160;bg1;Dark Moon Monk
RSDMNK06;HUMANOID;HUMAN;MONK;MONK_MALE_HUMAN;RSDMNK06;RSDMNK06;5;MALE;MALE;NEUTRAL;RR#PICKP;RSDMNKPW;OHFGTK01;RSDMNK;;;;;;;;;;;160;bg1;Dark Moon Monk
RSDMNK07;HUMANOID;HUMAN;MONK;MONK_MALE_HUMAN;RSDMNK07;RSDMNK07;5;MALE;MALE;NEUTRAL;RR#PICKP;RSDMNKPW;OHFGTK01;RSDMNK;;;;;;;;;;;160;bg1;Dark Moon Monk
RSDMNK08;HUMANOID;HUMAN;MONK;MONK_FEMALE_HUMAN;RSDMNK08;RSDMNK08;5;FEMALE;FEMALE;NEUTRAL;RR#PICKP;RSDMNKPW;OHFGTK01;RSDMNK;;;;;;;;;;;160;bg1;Dark Moon Monk
RSDMNK09;HUMANOID;HUMAN;MONK;MONK_MALE_HUMAN;RSDMNK09;RSDMNK09;5;MALE;MALE;NEUTRAL;rsdmnk09;RSDMNKPW;OHFGTK01;None;;;;;;;;;;;160;bg1;Dark Moon Monk
RSDMNKA;HUMANOID;HUMAN;MONK;MONK_MALE_HUMAN;RSDMNKA;;5;MALE;MALE;ENEMY;SHOUT;RSDMNKPW;OHFGTK01;None;;;;;;;;;;;160;bg1;Dark Moon Monk
RSDMNKB;HUMANOID;HUMAN;MONK;MONK_FEMALE_HUMAN;RSDMNKB;;5;FEMALE;FEMALE;ENEMY;SHOUT;RSDMNKPW;OHFGTK01;None;;;;;;;;;;;160;bg1;Dark Moon Monk
RSDMNKC;HUMANOID;HUMAN;MONK;MONK_MALE_HUMAN;RSDMNKC;;5;MALE;MALE;ENEMY;SHOUT;RSDMNKPW;OHFGTK01;None;;;;;;;;;;;160;bg1;Dark Moon Monk
RSDMNKD;HUMANOID;HUMAN;MONK;MONK_MALE_HUMAN;RSDMNKD;;5;MALE;MALE;ENEMY;SHOUT;RSDMNKPW;OHFGTK01;None;;;;;;;;;;;160;bg1;Dark Moon Monk
RSDTROLL;MONSTER;TROLL;TROLL;TROLL_SNOW;RSDTROLL;;7;MALE;MALE;ENEMY;;RSTROL01;;;dw1melmo;;;TROLLREG;TROLLIMM;MONHP1;TROLL01;;;;1400;bg1;Snow Troll
RSGAMAZ;HUMANOID;HUMAN;MONK;MONK_MALE_HUMAN;RSGAMAZ;RSGAMAZ;11;MALE;MALE;NEUTRAL;RSGAMAZ;rsdmnkpw;OHFGTK01;None;None;;;MIHP1;;;;;;;5000;bg1;Gamaz
RSGIBBER;HUMANOID;GIBBERLING;GIBBERLING;GIBBERLING;None;;1;MALE;MALE;ENEMY;GIBBER;None;None;None;dw1melmo;;;;;;S1-8;;;;35;bg1;Gibberling
RSGOB;HUMANOID;HOBGOBLIN;HOBGOBLIN;GOBLIN_AXE;None;;1;MALE;MALE;ENEMY;None;None;KOBOLDF;None;dw1melge;;;;;;AX1H01;;;;20;bg1;Goblin
RSJASPER;HUMANOID;HUMAN;CLERIC;CLERIC_MALE_HUMAN;RSJASPER;RSJASPER;5;MALE;MALE;NEUTRAL;;;None;None;;;;;;;BLUN04;;;;250;bg1;Jasper Banff
RSSORREM;HUMANOID;HUMAN;THIEF;THIEF_MALE_HUMAN;RSSORREM;RSSORREM;6;MALE;MALE;NEUTRAL;RSSORREM;OHFGTK01;;;;;;;;;DAGG02;;;;61;bg1;Sorrem
RSSPIDGI;MONSTER;SPIDER;SPIDER_GIANT;SPIDER_GIANT;None;;4;NIETHER;MALE;ENEMY;None;None;;None;dw1melmo;;;;;ANTIWEB;SPIDGI1;;;;450;bg1;Giant Spider
RSSPY01;HUMANOID;PLATE;LONG_SWORD;BIRD;RSSPY01;None;1;NIETHER;MALE;NEUTRAL;;None;None;None;None;;;;MAGE01;IMOENHP1;;;;;0;bg1;
RSSPY02;HUMANOID;PLATE;LONG_SWORD;BIRD;RSSPY02;None;1;NIETHER;MALE;NEUTRAL;;None;None;None;None;;;;MAGE01;IMOENHP1;;;;;0;bg1;
RSWOLF;ANIMAL;WOLF;WOLF;WOLF;None;;3;MALE;MALE;ENEMY;None;None;WOLF;None;dw1melmo;;;;;;P1-4;;;;65;bg1;Wolf
RUFFIE;HUMANOID;HUMAN;INNOCENT;SLAVE;RUFFIE;ruffie;1;MALE;MALE;NEUTRAL;dw#innhl;RUNENEMY;None;None;wtrunsgt;;;;;;;;;;2;bg1;Miner Ruffie
RUFIE;ANIMAL;WOLF;WOLF_DIRE;WOLF_DIRE;Rufie;rufie;4;MALE;MALE;NEUTRAL;None;RUFIE;None;None;None;;;;;;P1-8;;;;175;bg1;Rufie
SAFANA;HUMANOID;HUMAN;THIEF;THIEF_FEMALE_HUMAN;SAFANA;safana;2;FEMALE;FEMALE;NEUTRAL;SAFANA;None;None;WTRUNSGT;DPLAYER;;;;;;SW1H48;;;;0;bg1;Safana
SAFANA4;HUMANOID;HUMAN;THIEF;THIEF_FEMALE_HUMAN;SAFANA;SAFANA;4;FEMALE;FEMALE;NEUTRAL;SAFANA;None;WTRUNSGT;WTARSGT;DPLAYER;;;;;;SW1H48;DART01;;;0;bg1;Safana
SAFANA6;HUMANOID;HUMAN;THIEF;THIEF_FEMALE_HUMAN;SAFANA;safana;6;FEMALE;FEMALE;NEUTRAL;SAFANA;None;WTRUNSGT;WTARSGT;DPLAYER;;;;;;SW1H48;DART01;;;0;bg1;Safana
SAFANA7;HUMANOID;HUMAN;THIEF;THIEF_FEMALE_HUMAN;SAFANA;BDSAFANA;7;FEMALE;FEMALE;NEUTRAL;BDSAFANA;BDSAFANC;;;;;;;;AMUL01;SW1H22;BOW06;;;0;bg1;Safana
SAILAL;HUMANOID;DWARF;INNOCENT;CLERIC_MALE_DWARF;None;SAILAL;1;MALE;MALE;NEUTRAL;dw#innhl;RUNENEMY;None;dw1melge;wtrunsgt;;;;;;;;;;20;bg1;Sailor Al
SAILDAN;HUMANOID;HUMAN;INNOCENT;FAT_MAN;None;saildan;1;MALE;MALE;NEUTRAL;dw#innhl;RUNENEMY;None;None;WDRUNSGT;;;;;;;;;;15;bg1;Sailor Dan
SAILFIN;HUMANOID;HALFLING;INNOCENT;FIGHTER_MALE_HALFLING;None;SAILFIN;3;MALE;MALE;NEUTRAL;dw#urbhl;None;RUNENEMY;None;dw1melge;;;;;;;;;;20;bg1;Sailor Finch
SAILJOS;HUMANOID;HUMAN;INNOCENT;FIGHTER_MALE_HUMAN;None;sailjos;3;MALE;MALE;NEUTRAL;dw#urbhl;None;RUNENEMY;None;dw1melge;;;;;;;;;;20;bg1;Sailor Joss
SAILNED;HUMANOID;HUMAN;INNOCENT;CLERIC_MALE_HUMAN;None;sailned;1;MALE;MALE;NEUTRAL;dw#innhl;RUNENEMY;None;dw1melge;wtrunsgt;;;;;;;;;;20;bg1;Sailor Ned
SAILNEW;HUMANOID;HUMAN;INNOCENT;PEASANT_MAN;None;SAILNEW;1;MALE;MALE;NEUTRAL;dw#innhl;None;RUNENEMY;None;WDRUNSGT;;;;;;;;;;20;bg1;Sailor Newf
SAKUL;HUMANOID;HUMAN;MAGE;FIGHTER_MALE_HUMAN;SAKUL;None;7;MALE;MALE;NEUTRAL;dw#gpsht;;None;None;dw#mg120;;;;;;DAGG01;;;;1600;bg1;Sakul
SAMANT;HUMANOID;HUMAN;INNOCENT;NOBLE_WOMAN;SAMANTHA;samant;1;FEMALE;FEMALE;NEUTRAL;dw#innhl;WTRUNSGT;None;None;None;;;;;;;;;;15;bg1;Samantha
SAMUEL;HUMANOID;HUMAN;INNOCENT;SLEEPING_MAN_HUMAN;SAMUEL;SAMUEL;2;MALE;MALE;NEUTRAL;RR#PICKP;WTRUNSGT;None;None;None;;;;;;;;;;7;bg1;Samuel
SANADAL;HUMANOID;HUMAN;INNOCENT;PEASANT_WOMAN;None;sanadal;1;FEMALE;FEMALE;NEUTRAL;dw#innhl;None;RUNENEMY;None;WTRUNSGT;;;;;;;;;;15;bg1;Sanadal Gwist
SAREV1;HUMANOID;HUMAN;SAREVOK;SAREVOK;Sarevok;sarevo;13;MALE;MALE;ENEMY;None;;None;None;None;;;;;;SAREVO;;;;15000;bg1;Armored Figure
SAREVO;HUMANOID;HUMAN;SAREVOK;SAREVOK;Sarevok;SAREVO;15;MALE;MALE;NEUTRAL;dw#gpsht;SAREVOK;None;None;dw1melge;HELM15;;DW#SARR1;;;SW2H05;;;;15000;bg1;Sarevok
SAREVO2;HUMANOID;HUMAN;SAREVOK;SAREVOK;Sarevok;sarevo;15;MALE;MALE;NEUTRAL;SAREVOK;;None;None;None;;;;;;SW2H05;;;;15000;bg1;Sarevok
SARHED;HUMANOID;DWARF;FIGHTER;FIGHTER_FEMALE_GNOME;None;sarhed;5;FEMALE;FEMALE;NEUTRAL;RR#PICKP;None;None;None;dw1melge;;SHLD11;;;;AX1H01;;;;270;bg1;Sarhedra
SATH;HUMANOID;HUMAN;FIGHTER;THIEF_MALE_HUMAN;SATH;None;6;MALE;MALE;ENEMY;dw#gpsht;;None;None;dw1range;;;;;;BOW03;SW1H07;;;300;bg1;Sath
SATOS;HUMANOID;HUMAN;CLERIC;CLERIC_MALE_HUMAN;None;satos;7;MALE;MALE;NEUTRAL;RR#PICKP;None;None;None;dw1melge;;SHLD14;;;;BLUN04;;;;600;bg1;Satos
SCAR;HUMANOID;HUMAN;FLAMING_FIST;FIGHTER_MALE_HUMAN;Scar;scar;6;MALE;MALE;NEUTRAL;INITDLG;SCAR;None;None;dw1melge;;SHLD04;;;;SW1H02;;;;9000;bg1;Scar
SCHLUM;MONSTER;SLIME;NO_CLASS;SLIME_OLIVE;SCHLUMPSA;SCHLUM;2;NIETHER;MALE;NEUTRAL;dw#gpsht;SCHLUM;None;None;dw1ranmo;;;IMMUNE1;RING95;;SCHLUM1;DW#SCHLU;;;2500;bg1;Schlumpsha the Sewer King
SEAGUL;ANIMAL;NO_RACE;NO_CLASS;SEAGULL;None;None;1;MALE;MALE;NEUTRAL;None;None;RANDFLY;None;None;;;;;;;;;;0;bg1;
SEMAJ;HUMANOID;HUMAN;MAGE;MAGE_MALE_HUMAN;SEMAJ;None;12;MALE;MALE;NEUTRAL;dw#semaj;dw#gpsht;SEMAJ;;dw#mg121;;;;MAGE01;;STAF01;;;;3000;bg1;Semaj
SENDAI;HUMANOID;HUMAN;FIGHTER;FIGHTER_FEMALE_HUMAN;SENDAI;SENDAI;6;FEMALE;FEMALE;NEUTRAL;dw#gpsht;SENDAI;None;None;dw1melge;HELM01;SHLD01;;;;SW1H05;;;;600;bg1;Sendai
SENIYA;HUMANOID;HUMAN;DRUID;CLERIC_MALE_HUMAN;Seniyad;SENIYA;9;MALE;MALE;NEUTRAL;RR#PICKP;SENIYAD;;None;dw#pr58;;;RING03;;;STAF01;DW#SHNBR;;;4000;bg1;Seniyad
SENJACK;HUMANOID;HUMAN;THIEF;THIEF_MALE_HUMAN;SENJACK;SENJACK;4;MALE;MALE;NEUTRAL;RR#PICKP;SENJACK;None;None;;;SW1H46;;;;;SW1H47;;;500;bg1;Senjak
SERVA2;HUMANOID;HUMAN;INNOCENT;PEASANT_MAN;serva2;serva2;0;MALE;MALE;NEUTRAL;brilla;dw#innhl;RUNENEMY;None;WTRUNSGT;;;;;;;;;;7;bg1;Servant
SERVAN;HUMANOID;HUMAN;INNOCENT;PEASANT_MAN;None;servan;0;MALE;MALE;NEUTRAL;dw#innhl;RUNENEMY;None;None;WDRUNSGT;;;;;;;;;;7;bg1;Servant
SERVSU;MONSTER;ELEMENTAL;ELEMENTAL_AIR;ELEMENTAL_AIR_SMALL;NONE;;13;SUMMONED;MALE;ALLY;SERVSU;;;;DVMELEE;;;IMMUNE1;ELEMTYPE;;SERVSU;;;;0;bg1;Aerial Servant
SERVWG;HUMANOID;HUMAN;INNOCENT;HARLOT_WOMAN;None;SERVWG;0;FEMALE;FEMALE;NEUTRAL;dw#innhl;RUNENEMY;None;None;WDRUNSGT;;;;;;;;;;7;bg1;Serving Wench
SERWEN;HUMANOID;HUMAN;INNOCENT;HARLOT_WOMAN;None;SERWEN;0;FEMALE;FEMALE;NEUTRAL;dw#innhl;RUNENEMY;None;None;WDRUNSGT;;;;;;;;;;7;bg1;Serving Wench
SEVSUN;HUMANOID;HUMAN;NO_CLASS;FAT_MAN;None;sevsun;1;MALE;MALE;NEUTRAL;RR#PICKP;WTRUNSGT;None;None;None;;;;;;;;;;15;bg1;Merchant
SEWERC;HUMANOID;HUMAN;INNOCENT;PEASANT_MAN;None;sewerc;0;MALE;MALE;NEUTRAL;WDRUNBE;WDRUNSGT;None;None;None;;;;;;;;;;7;bg1;Sewer Cleaner
SEWERF1;GIANTHUMANOID;OGRE;OGRE_OGRILLON;OGRILLON;SEWERF1;sewerf;2;NIETHER;MALE;NEUTRAL;dw#gpsht;None;None;None;dw1melge;;;;;;B1-8;;;;175;bg1;Sewerfolk
SEWERF2;UNDEAD;ZOMBIE;ZOMBIE_NORMAL;ZOMBIE;SEWERF2;SEWERF;2;NIETHER;MALE;NEUTRAL;dw#gpsht;None;None;None;dw1melmo;;;;;;B1-8;;;;65;bg1;Sewerfolk
SEWERF3;UNDEAD;GHOUL;GHOUL_GHAST;GHAST;SEWERF3;sewerf;4;NIETHER;MALE;NEUTRAL;dw#gpsht;None;None;None;dw1melge;;;;;;GHAST1;;;;650;bg1;Sewerfolk
SEWERF4;GIANTHUMANOID;OGRE;OGRE;OGRE;SEWERF4;sewerf;4;NIETHER;MALE;NEUTRAL;dw#gpsht;None;None;None;dw1melge;;;;;;SW2H01;;;;650;bg1;Sewerfolk
SEWERF5;HUMANOID;HALFLING;THIEF;FIGHTER_FEMALE_HALFLING;SEWERF5;sewerf;4;FEMALE;FEMALE;NEUTRAL;dw#gpsht;None;None;None;dw1melth;;;;;;DAGG01;;;;35;bg1;Sewerfolk
SHADFI02;UNDEAD;SHADOW;FIGHTER;SHADOW;shadfi01;None;11;MALE;MALE;ENEMY;GENSHT01;None;None;None;shadfi02;;;IMMUNE2;RING95;;WRAITH1;;;;9000;bg1;Devil Shade
SHADOW;HUMANOID;HUMAN;THIEF;SHADOW_THIEF;Shadow;shadow;3;MALE;MALE;NEUTRAL;RR#PICKP;Shadow;None;None;dw1melth;;;;;;DAGG01;;;;60;bg1;Shadow Thief
SHADOW02;HUMANOID;HUMAN;THIEF;SHADOW_THIEF;shadow02;shadow;3;MALE;MALE;NEUTRAL;RR#PICKP;shadow02;None;None;dw1melth;;;;;;DAGG01;;;;60;bg1;Shadow Thief
SHADOW03;HUMANOID;HUMAN;THIEF;SHADOW_THIEF;shadow03;shadow;3;MALE;MALE;NEUTRAL;RR#PICKP;shadow03;None;None;dw1melth;;;;;;DAGG01;;;;60;bg1;Shadow Thief
SHADOW04;HUMANOID;HUMAN;THIEF;SHADOW_THIEF;shadow04;shadow;3;MALE;MALE;NEUTRAL;RR#PICKP;shadow04;None;None;dw1melth;;;;;;DAGG01;;;;60;bg1;Shadow Thief
SHADOW05;HUMANOID;HUMAN;THIEF;SHADOW_THIEF;shadow05;shadow;3;MALE;MALE;NEUTRAL;RR#PICKP;shadow05;None;None;dw1melth;;;;;;DAGG01;;;;60;bg1;Shadow Thief
SHADOW06;HUMANOID;HUMAN;THIEF;SHADOW_THIEF;shadow06;shadow;3;MALE;MALE;NEUTRAL;RR#PICKP;shadow06;None;None;dw1melth;;;;;;DAGG01;;;;60;bg1;Shadow Thief
SHADOW2;HUMANOID;HUMAN;THIEF;THIEF_MALE_HUMAN;Shadow2;shadow2;3;MALE;MALE;NEUTRAL;SHADOW2;None;None;None;dw1melth;;;;;;DAGG01;;;;60;bg1;Thief
SHADOWSU;UNDEAD;SHADOW;SHADOW;SHADOW;None;;3;SUMMONED;MALE;ALLY;;;;;DVMELEE;;;IMMUNE1;UNDTYPE;;SHADOWSU;;;;0;bg1;Shadow
SHAELL;HUMANOID;HUMAN;INNOCENT;CLERIC_FEMALE_HUMAN;shaell;shaell;8;FEMALE;FEMALE;NEUTRAL;dw#urbhl;RR#PICKP;priest4;None;dw1melge;;;;;;BLUN06;;;;600;bg1;Shaella
SHALAS;HUMANOID;HUMAN;INNOCENT;PEASANT_WOMAN;None;shalas;1;FEMALE;FEMALE;NEUTRAL;dw#innhl;WDRUNSGT;None;None;None;;;;;;;;;;15;bg1;Shalasin
SHALDR;HUMANOID;HALF_ELF;MAGE;MAGE_FEMALE_ELF;SHALDRISSA;None;13;FEMALE;FEMALE;NEUTRAL;dw#gpsht;RR#PICKP;;None;dw#mg168;;;;;;STAF01;;;;2000;bg1;Shaldrissa
SHANDAL2;HUMANOID;HUMAN;CLERIC_MAGE;MAGE_MALE_HUMAN;SHANDAL2;SHANDAL2;29;MALE;MALE;NEUTRAL;SHOUTDLG;SHANDAL;None;None;;;;;;;STAF01;;;;26000;bg1;Shandalar
SHANE;HUMANOID;HUMAN;INNOCENT;PEASANT_MAN;SHANE;;1;MALE;MALE;NEUTRAL;RR#PICKP;WTRUNSGT;None;None;;;;;;;;;;;15;bg1;Shane
SHANK;HUMANOID;HALF_ELF;FIGHTER;THIEF_MALE_ELF;shank;SHANK;1;MALE;MALE;NEUTRAL;INITDLG;None;None;None;dw1melge;;;;;;DAGGSHIT;;;;20;bg1;Shank
SHARA;HUMANOID;HUMAN;MAGE;PEASANT_WOMAN;None;None;1;FEMALE;FEMALE;127;None;None;None;None;None;;;;;;;;;;420;bg1;Shara
SHARTD;HUMANOID;HUMAN;FIGHTER;FIGHTER_FEMALE_HUMAN;None;shartd;3;FEMALE;FEMALE;PC;None;SHARTEEL;None;None;None;;;;;;SW1H04;DAGG01;;;0;bg1;Shar-Teel
SHARTE;HUMANOID;HUMAN;FIGHTER;FIGHTER_FEMALE_HUMAN;sharteel;sharte;2;FEMALE;FEMALE;NEUTRAL;SHARTEEL;None;None;;DPLAYER;HELM01;DAGG01;MONHP1;MIHP1;;SW1H04;;;;0;bg1;Shar-Teel
SHARTE4;HUMANOID;HUMAN;FIGHTER;FIGHTER_FEMALE_HUMAN;sharteel;sharte;4;FEMALE;FEMALE;NEUTRAL;SHARTEEL;None;None;;DPLAYER;HELM01;DAGG01;MONHP1;MIHP1;;SW1H04;;;;0;bg1;Shar-Teel
SHARTE6;HUMANOID;HUMAN;FIGHTER;FIGHTER_FEMALE_HUMAN;sharteel;sharte;6;FEMALE;FEMALE;NEUTRAL;SHARTEEL;None;None;;DPLAYER;HELM01;DAGG01;MONHP1;MIHP1;;SW1H04;;;;0;bg1;Shar-Teel
SHAWOL01;UNDEAD;SHADOW;WOLF_DIRE;WOLF_SHADOW;None;;4;MALE;MALE;ENEMY;None;None;DIREWOLF;None;dw1melge;;;IMMUNE1;RING95;;P1-8;;;;500;bg1;Shade Wolf
SHEARTH;GIANTHUMANOID;ELEMENTAL;ELEMENTAL_EARTH;ELEMENTAL_EARTH;None;;10;NIETHER;MALE;ENEMY;;;;;;;;;;;;;;;6000;bg1;Earth Elemental
SHELLI;HUMANOID;HUMAN;INNOCENT;BOY;None;Shelli;1;MALE;MALE;NEUTRAL;dw#innhl;None;None;None;wdrunsgt;;;;;;;;;;7;bg1;Shelligh
SHELTO;HUMANOID;HUMAN;INNOCENT;FIGHTER_MALE_HUMAN;None;shelto;3;MALE;MALE;NEUTRAL;RR#PICKP;None;None;None;dw1melge;;;;;;SW1H01;;;;120;bg1;Shelton
SHEP;HUMANOID;HUMAN;INNOCENT;PEASANT_MAN;SHEP;SHEP;1;MALE;MALE;NEUTRAL;dw#innhl;INITDLG;None;None;WTRUNSGT;;;;;;;;;;15;bg1;Shep
SHFIRE;GIANTHUMANOID;ELEMENTAL;ELEMENTAL_FIRE;ELEMENTAL_FIRE_SMALL;None;;10;NIETHER;MALE;NEUTRAL;;;;;;;;;;;;;;;6000;bg1;Fire Elemental
SHILOC;HUMANOID;ELF;INNOCENT;FIGHTER_MALE_ELF;None;norale;3;MALE;MALE;NEUTRAL;RR#PICKP;None;None;WDRUNSGT;dw1range;;;;;;BOW01;SW1H04;;;90;bg1;Shilo Chen
SHIRON;GIANTHUMANOID;GOLEM;GOLEM_IRON;GOLEM_IRON;None;;18;NIETHER;MALE;NEUTRAL;;;;;;;;IMMUNE3;IRONGOL;;GOLIRO;;;;13000;bg1;Iron Golem
SHISTA;HUMANOID;HUMAN;INNOCENT;MONK;None;shista;1;MALE;MALE;NEUTRAL;RR#PICKP;None;WTRUNSGT;None;None;;;;;;;;;;15;bg1;Shistal
SHMIND;HUMANOID;MIND_FLAYER;MIND_FLAYER;MINDFLAYER;udmind03;;8;MALE;MALE;NEUTRAL;;;;;;;;;;;MINDFLAY;;;;9000;bg1;Mind Flayer
SHOAL;MONSTER;FAIRY;FAIRY_NEREID;SIRINE;Shoal;shoal;4;FEMALE;FEMALE;NEUTRAL;None;SHOAL;None;None;dw1melmo;;;;;;;;;;5000;bg1;Shoal the Nereid
SHOP01;HUMANOID;HUMAN;INNOCENT;STATIC_FAT_MAN;None;SHOP01;1;MALE;MALE;NEUTRAL;dw#innhl;shop01;None;None;None;;;;;;;;;;15;bg1;Storekeep
SHOP02;HUMANOID;HUMAN;INNOCENT;STATIC_FAT_MAN;None;SHOP02;1;MALE;MALE;NEUTRAL;dw#innhl;None;None;None;None;;;;;;;;;;15;bg1;Storekeep
SHOP03;HUMANOID;HUMAN;INNOCENT;STATIC_FAT_MAN;None;SHOP03;1;MALE;MALE;NEUTRAL;dw#innhl;SHOP03;None;None;None;;;;;;;;;;15;bg1;Storekeep
SHOP04;HUMANOID;HUMAN;INNOCENT;STATIC_FAT_MAN;None;SHOP04;1;MALE;MALE;NEUTRAL;dw#innhl;SHOP04;None;None;None;;;;;;;;;;15;bg1;Storekeep
SHOP05;HUMANOID;HUMAN;INNOCENT;STATIC_FAT_MAN;None;SHOP05;1;MALE;MALE;NEUTRAL;dw#innhl;SHOP05;None;None;None;;;;;;;;;;15;bg1;Storekeep
SHOP06;HUMANOID;HUMAN;INNOCENT;STATIC_FAT_MAN;None;SHOP06;1;MALE;MALE;NEUTRAL;dw#innhl;SHOP06;None;None;None;;;;;;;;;;15;bg1;Storekeep
SHOP07;HUMANOID;HUMAN;INNOCENT;STATIC_FAT_MAN;None;SHOP07;1;MALE;MALE;NEUTRAL;dw#innhl;SHOP07;None;None;None;;;;;;;;;;15;bg1;Storekeep
SHOP08;HUMANOID;HUMAN;INNOCENT;STATIC_FAT_MAN;None;SHOP08;1;MALE;MALE;NEUTRAL;dw#innhl;SHOP08;None;None;None;;;;;;;;;;15;bg1;Storekeep
SHOPKEG;HUMANOID;HUMAN;INNOCENT;PEASANT_MAN;None;shopkeg;1;MALE;MALE;NEUTRAL;dw#innhl;RUNENEMY;None;None;WTRUNSGT;;;;;;;;;;15;bg1;Storekeep
SHOPKN;HUMANOID;HUMAN;INNOCENT;PEASANT_MAN;None;shopkn;1;MALE;MALE;NEUTRAL;dw#innhl;SHOPKN;RUNENEMY;None;WTRUNSGT;;;;;;;;;;15;bg1;Storekeep
SHOPKN2;HUMANOID;HUMAN;INNOCENT;PEASANT_MAN;None;shopkn2;1;MALE;MALE;NEUTRAL;dw#innhl;RUNENEMY;None;None;WTRUNSGT;;;;;;;;;;15;bg1;Storekeep
SHTROLL;MONSTER;TROLL;TROLL;TROLL;troll01;;6;NIETHER;MALE;ENEMY;;;;;;;;;;;;;;;1400;bg1;Troll
SHVERT;HUMANOID;HUMAN;NO_CLASS;SLAVE;None;shvert;0;MALE;MALE;NEUTRAL;dw#gpsht;INITDLG;None;None;WDRUNSGT;;;;;;;;;;7;bg1;Shvertszche
SHWOLF;MONSTER;LYCANTHROPE;WOLFWERE;WEREWOLF_GREATER;GreaterWolf;None;11;MALE;MALE;NEUTRAL;;;;;;;;IMMUNE1;RINGWOLF;;S1-12;;;;8000;bg1;Greater Wolfwere
SIFGHT;HUMANOID;HUMAN;FIGHTER;FIGHTER_MALE_HUMAN_LOW;slaver;None;7;MALE;MALE;NEUTRAL;None;;None;None;;HELM01;;;;;SW2H01;;;;20;bg1;Fighter
SIL;MONSTER;FAIRY;MAGE;SIRINE;Sil;sil;6;FEMALE;FEMALE;NEUTRAL;SIL;J#sirin0;SIRSPELL;None;dw1ranmo;;;;;;SIRINE1;COMPB05;;;2000;bg1;Sil
SILENC;HUMANOID;HUMAN;THIEF;THIEF_FEMALE_HUMAN;silenc;silenc;5;FEMALE;FEMALE;NEUTRAL;SILENC;None;None;None;dw1melth;;;;;;DAGG01;;;;420;bg1;Silence
SILKE;HUMANOID;HUMAN;BARD;THIEF_FEMALE_HUMAN;Silke;silke;10;FEMALE;FEMALE;NEUTRAL;dw#silke;RR#PICKP;SILKE;None;dw#mg123;;;;;;STAF02;;;;900;bg1;Silke
SILVGU;HUMANOID;HUMAN;FIGHTER;FIGHTER_MALE_HUMAN;None;silvgu;1;MALE;MALE;NEUTRAL;dw#urbhl;;None;None;dw1melge;;;;;;SW1H04;;;;65;bg1;Guard
SIMAGE1;HUMANOID;HUMAN;MAGE;MAGE_FEMALE_HUMAN;SIMAGE1;None;7;MALE;MALE;NEUTRAL;RR#PICKP;SIMAGE;None;None;;;;;;;;;;;87;bg1;Sheila
SIMDEMON;MONSTER;DEMONIC;TANARI;FIGHTER_MALE_ELF;SIMDEMON;;7;NIETHER;MALE;NEUTRAL;;None;None;None;dw1melge;WINGS01;;REGHP2;RINGDEMN;;SW2H02;;;;500;bg1;Thrall of Azothet
SIMDUEG;HUMANOID;DWARF;FIGHTER;FIGHTER_MALE_DWARF;;;7;MALE;MALE;NEUTRAL;;None;None;None;;;SHLD03;;;;AX1H01;SLNG01;;;520;bg1;Fighter
SIMMEON;HUMANOID;HUMAN;PALADIN;FIGHTER_MALE_HUMAN;SIMMEON;SIMMEON;5;MALE;MALE;NEUTRAL;RR#PICKP;None;None;None;SIMMEON;;SHLD15;;;;;;SW1H34;;1000;bg1;Simmeon
SIPRST;HUMANOID;HUMAN;CLERIC;CLERIC_MALE_HUMAN;SIPRST;;5;MALE;MALE;NEUTRAL;RR#PICKP;SIPRST;None;None;;;;;;;STAF01;;;;2000;bg1;Priest
SIRINE;MONSTER;FAIRY;MAGE;SIRINE;Sirine;;5;FEMALE;FEMALE;NEUTRAL;dw#gpsht;J#sirin1;SIRSPELL;None;dw1ranmo;;;;;;COMPB05;SIRINE1;;;2000;bg1;Sirine
SIRINE02;MONSTER;FAIRY;MAGE;SIRINE;Sirine;;5;FEMALE;FEMALE;NEUTRAL;dw#gpsht;J#sirin1;SIRSPELL;None;dw1ranmo;;;;;;COMPB05;SIRINE1;;;2000;bg1;Sirine
SIRINE_A;MONSTER;FAIRY;MAGE;SIRINE;Sirine;;4;FEMALE;FEMALE;ENEMY;dw#gpsht;J#sirin1;SIRSPELL;None;dw1ranmo;;;;;;COMPB05;SIRINE1;;;2000;bg1;Sirine
SIRINE_B;MONSTER;FAIRY;MAGE;SIRINE;Sirine;;5;FEMALE;FEMALE;ENEMY;dw#gpsht;J#sirin1;SIRSPELL;None;dw1ranmo;;;;;;COMPB05;SIRINE1;;;2000;bg1;Sirine
SIRLOT;HUMANOID;HUMAN;INNOCENT;NOBLE_MAN;Lothtyran;sirlot;1;MALE;MALE;NEUTRAL;dw#innhl;INITDLG;None;None;WTRUNSGT;;;;;;;;;;15;bg1;Sir Lothtyran
SJMUGG;HUMANOID;HUMAN;FIGHTER_THIEF;THIEF_MALE_HUMAN;SJMUGG;;6;MALE;MALE;NEUTRAL;;None;None;None;;;;;;;XBOW04;SW1H07;;;1000;bg1;Archer
SJMUGG2;HUMANOID;HUMAN;FIGHTER_THIEF;THIEF_MALE_HUMAN;SJMUGG2;;6;MALE;MALE;NEUTRAL;;None;None;None;;;;;;;XBOW04;SW1H07;;;1000;bg1;Archer
SJMUGG3;HUMANOID;HUMAN;FIGHTER_THIEF;THIEF_MALE_HUMAN;SJMUGG3;;6;MALE;MALE;NEUTRAL;;None;None;None;;;;;;;XBOW04;SW1H07;;;1000;bg1;Archer
SKELACI;UNDEAD;SKELETON;SKELETON;SKELETON;None;None;1;NIETHER;MALE;ENEMY;None;None;None;None;dw1ranmo;;;RING99;;;BOW01;HALB01;;;120;bg1;Skeleton
SKELDED;UNDEAD;SKELETON;SKELETON_WARRIOR;SKELETON;skelded;None;7;NIETHER;MALE;NEUTRAL;None;None;None;None;None;;;RING99;;;;;;;0;bg1;
SKELDIS;UNDEAD;SKELETON;SKELETON;SKELETON;None;None;1;NIETHER;MALE;ENEMY;None;None;None;None;dw1ranmo;;;RING99;;;BOW01;HALB01;;;65;bg1;Skeleton
SKELE2;UNDEAD;SKELETON;SKELETON;SKELETON;None;None;1;NIETHER;MALE;ALLY;None;None;None;None;dw1melmo;;;RING99;;;B1-6;;;;0;bg1;Skeleton
SKELET;UNDEAD;SKELETON;SKELETON;SKELETON;None;None;1;NIETHER;158;ENEMY;dw#gpshm;None;None;None;dw1melmo;;;RING99;;;B1-6;;;;0;bg1;Skeleton
SKELET02;UNDEAD;SKELETON;SKELETON;SKELETON;None;;1;NIETHER;MALE;ENEMY;None;None;None;None;dw1ranmo;;;;RING99;;BOW05;SPER01;;;65;bg1;Skeleton
SKELET03;UNDEAD;SKELETON;SKELETON;SKELETON;None;;1;NIETHER;MALE;ENEMY;dw#gpshm;None;None;None;dw1melmo;;SHLD01;RING99;;;SW1H04;;;;65;bg1;Skeleton
SKELETB;UNDEAD;SKELETON;SKELETON;SKELETON;skeletonb;;1;NIETHER;MALE;NEUTRAL;dw#gpsht;None;SKELETB;None;dw1ranmo;;;RING99;;;XBOW01;SW2H01;;;65;bg1;Skeleton
SKELETS;UNDEAD;SKELETON;SKELETON;SKELETON;None;None;1;NIETHER;MALE;ENEMY;dw#gpshm;None;None;None;dw1ranmo;;SHLD13;RING99;;;DAGG05;DAGG05;SW1H07;;65;bg1;Skeleton
SKELET_A;UNDEAD;SKELETON;SKELETON;SKELETON;None;None;1;NIETHER;MALE;ENEMY;dw#gpshm;None;None;None;dw1melmo;;SHLD10;RING99;;;HAMM01;;;;65;bg1;Skeleton
SKELET_B;UNDEAD;SKELETON;SKELETON;SKELETON;None;None;1;NIETHER;MALE;ENEMY;dw#gpshm;None;None;None;dw1ranmo;;SHLD08;RING99;;;DART01;BLUN06;;;65;bg1;Skeleton
SKELET_C;UNDEAD;SKELETON;SKELETON;SKELETON;None;None;1;NIETHER;MALE;ENEMY;dw#gpshm;None;None;None;dw1ranmo;;;RING99;;;BOW01;HALB01;;;65;bg1;Skeleton
SKELFIRE;UNDEAD;SKELETON;SKELETON;SKELETON;None;None;1;NIETHER;MALE;ENEMY;None;None;None;None;dw1ranmo;;;RING99;;;BOW01;HALB01;;;95;bg1;Skeleton
SKELICE;UNDEAD;SKELETON;SKELETON;SKELETON;None;None;1;NIETHER;MALE;ENEMY;None;None;None;None;dw1ranmo;;;RING99;;;BOW01;HALB01;;;120;bg1;Skeleton
SKELMEL;UNDEAD;SKELETON;SKELETON;SKELETON;None;None;1;NIETHER;MALE;ENEMY;None;None;None;None;dw1ranmo;;SHLD13;RING99;;;DAGG05;DAGG01;;;65;bg1;Skeleton
SKELPETR;UNDEAD;SKELETON;SKELETON;SKELETON;None;None;1;NIETHER;MALE;NEUTRAL;None;None;None;None;None;;;RING99;;;B1-6;;;;0;bg1;Skeleton
SKELSU01;UNDEAD;HUMAN;ETTERCAP;SKELETON;None;;3;SUMMONED;SUMMONED;CONTROLLED;None;None;None;None;BDSUM00;;;RING95;;;SW1H04;;;;0;bg1;Skeleton Warrior
SKELSU07;UNDEAD;HUMAN;ETTERCAP;SKELETON;None;;5;SUMMONED;SUMMONED;CONTROLLED;None;None;None;None;BDSUM00;HELMSKWA;;RING95;;;SW1H05;;;;0;bg1;Skeleton Warrior
SKELSU11;UNDEAD;HUMAN;ETTERCAP;SKELETON_MONSTER;None;;7;SUMMONED;SUMMONED;CONTROLLED;None;None;None;None;BDSUM00;HELMSKWA;;RING95;;;SW1H02;;;;0;bg1;Skeleton Warrior
SKELWA;UNDEAD;SKELETON;SKELETON_WARRIOR;SKELETON;None;;9;NIETHER;MALE;ENEMY;dw#gpshm;None;None;None;dw1melge;HELM08;;RING99;;;SW2H02;;;;4000;bg1;Skeleton Warrior
SKELWA02;UNDEAD;SKELETON;SKELETON_WARRIOR;SKELETON;None;;9;NIETHER;MALE;ENEMY;dw#gpshm;None;None;None;dw1melge;HELM08;;RING99;;;SW2H02;;;;4000;bg1;Skeleton Warrior
SKELWA03;UNDEAD;SKELETON;SKELETON_WARRIOR;SKELETON;None;;13;NIETHER;MALE;ENEMY;dw#gpshm;None;None;None;dw1range;HELM08;;RING99;;;BOW01;SW2H01;;;4000;bg1;Skeleton Warrior
SKELWASU;UNDEAD;SKELETON;SKELETON_WARRIOR;SKELETON_WARRIOR;None;;9;SUMMONED;MALE;ALLY;None;None;None;None;DVMELEE;HELMSKWA;;UNDTYPE;IMMUNE1;;SKELWASU;;;;0;bg1;Skeleton Warrior
SKIE;HUMANOID;HUMAN;THIEF;THIEF_FEMALE_HUMAN;SKIE;skie;4;FEMALE;FEMALE;NEUTRAL;skie;None;;WTARSGT;DPLAYER;;;;;;BOW05;;;;0;bg1;Skie
SKIE6;HUMANOID;HUMAN;THIEF;THIEF_FEMALE_HUMAN;SKIE;skie;6;FEMALE;FEMALE;NEUTRAL;skie;None;;WTARSGT;DPLAYER;;;;;;BOW05;SW1H07;;;0;bg1;Skie
SLAVE;HUMANOID;HUMAN;INNOCENT;SLAVE;cmslave;slave;0;MALE;MALE;NEUTRAL;SLAVE;RUNENEMY;None;None;dw1melge;;;;;;;;;;7;bg1;Slave
SLAVE2;HUMANOID;HUMAN;INNOCENT;SLAVE;None;slave2;0;MALE;MALE;NEUTRAL;SLAVE;RUNENEMY;None;None;dw1melge;;;;;;;;;;7;bg1;Slave
SLAVE3;HUMANOID;HUMAN;INNOCENT;SLAVE;None;slave3;0;MALE;MALE;NEUTRAL;SLAVE;RUNENEMY;None;None;dw1melge;;;;;;;;;;7;bg1;Slave
SLAVE4;HUMANOID;HUMAN;INNOCENT;SLAVE;None;slave4;0;MALE;MALE;NEUTRAL;SLAVE;RUNENEMY;None;None;dw1melge;;;;;;;;;;7;bg1;Slave
SLAVE5;HUMANOID;HUMAN;INNOCENT;SLAVE;None;slave5;0;MALE;MALE;NEUTRAL;SLAVE;RUNENEMY;None;None;dw1melge;;;;;;;;;;7;bg1;Slave
SLAVE6;HUMANOID;HUMAN;INNOCENT;SLAVE;None;slave6;0;MALE;MALE;NEUTRAL;SLAVE;RUNENEMY;None;None;dw1melge;;;;;;;;;;7;bg1;Slave
SLAVFREE;HUMANOID;HUMAN;INNOCENT;SLAVE;slavfree;slavfree;1;MALE;MALE;NEUTRAL;RR#PICKP;INITDLG;RUNENEMY;None;wtrunsgt;;;;;;;;;;2;bg1;Slave
SLAVLEAD;HUMANOID;HUMAN;INNOCENT;SLAVE;SLAVLEAD;slavlead;1;MALE;MALE;NEUTRAL;RR#PICKP;INITDLG;RUNENEMY;None;wtrunsgt;;;;;;;;;;2;bg1;Rill
SLAVTELL;HUMANOID;HUMAN;INNOCENT;SLAVE;None;slavtell;1;MALE;MALE;NEUTRAL;INITDLG;SLAVE;None;None;wtrunsgt;;;;;;;;;;2;bg1;Slave
SLAYSH01;MONSTER;DEMONIC;SPECTRE;SLAYER;slaysh01;None;11;12;MALE;ENEMY;None;None;None;None;SMARTCRE;;;IMMUNE2;RING95;RINGDEMN;SLAYSH01;;;;12500;bg1;Slayer Shadow
SLEEPDW;HUMANOID;DWARF;INNOCENT;SLEEPING_DWARF;None;None;1;MALE;MALE;NEUTRAL;dw#innhl;None;None;None;None;;;;;;;;;;0;bg1;Sleeping Dwarf
SLEEPEL;HUMANOID;ELF;INNOCENT;SLEEPING_MAN_ELF;None;None;1;MALE;MALE;NEUTRAL;dw#innhl;None;None;None;None;;;;;;;;;;0;bg1;Sleeping Elf
SLEEPFAT;HUMANOID;HUMAN;INNOCENT;SLEEPING_FAT_MAN_HUMAN;None;None;1;MALE;MALE;NEUTRAL;dw#innhl;None;None;None;None;;;;;;;;;;0;bg1;Sleeping Man
SLEEPFH;HUMANOID;HUMAN;INNOCENT;SLEEPING_WOMAN_HUMAN;SLEEPFH;None;1;FEMALE;FEMALE;NEUTRAL;dw#innhl;None;None;None;None;;;;;;;;;;0;bg1;Sleeping Woman
SLEEPHAL;HUMANOID;HALFLING;INNOCENT;SLEEPING_MAN_HALFLING;None;None;1;MALE;MALE;NEUTRAL;dw#innhl;None;None;None;None;;;;;;;;;;0;bg1;Sleeping Halfling
SLEEPMH;HUMANOID;HUMAN;INNOCENT;SLEEPING_MAN_HUMAN;SLEEPMH;None;1;MALE;MALE;NEUTRAL;dw#innhl;None;None;None;None;;;;;;;;;;0;bg1;Sleeping Man
SLYTHE;HUMANOID;HUMAN;FIGHTER_THIEF;THIEF_MALE_HUMAN;Slythe;slythe;9;MALE;MALE;NEUTRAL;dw#gpsht;RR#PICKP;dw#shdlg;None;dw1melas;;SHLD08;;;;SW1H10;;;;5000;bg1;Slythe
SMITH;HUMANOID;HUMAN;INNOCENT;FAT_MAN;None;smith;1;MALE;MALE;NEUTRAL;dw#innhl;WTRUNSGT;None;None;None;;;;;;;;;;15;bg1;Smith
SMOUNDSU;GIANTHUMANOID;ELEMENTAL;ELEMENTAL_EARTH;SHAMBLING_MOUND;Smound;;16;SUMMONED;0;ALLY;DVSMOUND;None;None;None;;;;;ELEMTYPE;;SMOUNDSU;;;;0;bg1;Shambling Mound
SMSPID02;MONSTER;SPIDER;SPIDER_PHASE;SPIDER_PHASE;smspid02;;5;NIETHER;MALE;ENEMY;spidvo01;None;None;None;dw1melmo;;;;;ANTIWEB;SPIDVO01;;;;2700;bg1;Vortex Spider
SMUGGL;HUMANOID;HUMAN;THIEF;THIEF_MALE_HUMAN;Smuggler;SMUGGL;4;MALE;MALE;NEUTRAL;INITDLG;None;None;None;dw1melth;;;;;;SW1H01;;;;60;bg1;Smuggler
SOLIA1;MONSTER;LYCANTHROPE;INNOCENT;GIRL;SOLIA1;SOLIA1;1;FEMALE;FEMALE;NEUTRAL;RR#PICKP;WEREWOLF;None;None;WDRUNSGT;;;IMMUNE1;;;;;;;7;bg1;Solianna
SOLIA2;MONSTER;LYCANTHROPE;INNOCENT;GIRL;SOLIA2;SOLIA2;1;FEMALE;FEMALE;NEUTRAL;RR#PICKP;WEREWOLF;None;None;WDRUNSGT;;;IMMUNE1;;;;;;;7;bg1;Solianna
SONNER;HUMANOID;HUMAN;NO_CLASS;PEASANT_MAN;Sonner;sonner;0;MALE;MALE;NEUTRAL;FISHER;;None;None;wtrunsgt;;;;;;;;;;35;bg1;Sonner
SORCED;HUMANOID;HUMAN;MAGE;PEASANT_MAN;None;sonner;0;MALE;MALE;NEUTRAL;RR#PICKP;None;None;None;wtrunsgt;;;;;;SPER01;;;;35;bg1;Sonner
SORREL;HUMANOID;HUMAN;FLAMING_FIST;CLERIC_MALE_HUMAN;sorrel;sorrel;1;MALE;MALE;NEUTRAL;dw#urbhl;INITDLG;SEEENEMY;None;dw1melge;HELM09;SHLD01;;;;SW1H04;;;;420;bg1;Sorrel
SPBEAR1;ANIMAL;BEAR;BEAR_POLAR;BEAR_POLAR;None;;1;SUMMONED;SUMMONED;CONTROLLED;SPIRDTH;None;None;None;BDSUM00;;;SPRNGB01;;;SPBATT1;;;;0;bg1;Spirit Bear
SPBEAR2;ANIMAL;BEAR;BEAR_POLAR;BEAR_POLAR;None;;3;SUMMONED;SUMMONED;CONTROLLED;SPIRDTH;None;None;None;BDSUM00;;;SPRNGB02;;;SPBATT2;;;;0;bg1;Spirit Bear
SPBEAR3;ANIMAL;BEAR;BEAR_POLAR;BEAR_POLAR;None;;5;SUMMONED;SUMMONED;CONTROLLED;SPIRDTH;None;None;None;BDSUM00;;;SPRNGB03;;;SPBATT3;;;;0;bg1;Spirit Bear
SPBEAR4;ANIMAL;BEAR;BEAR_POLAR;BEAR_POLAR;None;;7;SUMMONED;SUMMONED;CONTROLLED;SPIRDTH;None;None;None;BDSUM00;;;SPRNGB04;;;SPBATT4;;;;0;bg1;Spirit Bear
SPBEAR5;ANIMAL;BEAR;BEAR_POLAR;BEAR_POLAR;None;;10;SUMMONED;SUMMONED;CONTROLLED;SPIRDTH;None;None;None;BDSUM00;;;SPRNGZ05;IMMUNE1;;SPBATT5;;;;0;bg1;Spirit Bear
SPENGIL;HUMANOID;HUMAN;INNOCENT;PEASANT_MAN;None;SPENGIL;1;MALE;MALE;NEUTRAL;dw#innhl;None;RUNENEMY;None;WTRUNSGT;;;;;;;;;;15;bg1;Spen Gil'meh
SPIDFGSU;MONSTER;SPIDER;SPIDER_HUGE;SPIDER_HUGE;spidfgsu;;2;SUMMONED;SUMMONED;CONTROLLED;spidfgsu;None;None;None;BDSUM00;;;;FIGRING2;ANTIWEB;FIGSPID;;;;0;bg1;Kitthix
SPIDGI;MONSTER;SPIDER;SPIDER_GIANT;SPIDER_GIANT;None;;4;NIETHER;MALE;ENEMY;dw#gpshm;None;;None;dw#spidg;;;;;ANTIWEB;SPIDGI1;;;;450;bg1;Giant Spider
SPIDGISU;MONSTER;SPIDER;SPIDER_GIANT;SPIDER_GIANT;None;;4;SUMMONED;MALE;ALLY;None;None;;None;DVMELEE;;;;;VERMTYPE;SPIDGISU;;;;300;bg1;Giant Spider
SPIDHU;MONSTER;SPIDER;SPIDER_HUGE;SPIDER_HUGE;None;;2;NIETHER;MALE;ENEMY;dw#gpshm;None;None;None;dw#spids;;;;;ANTIWEB;SPIDHU1;;;;270;bg1;Huge Spider
SPIDLAND;MONSTER;SPIDER;SPIDER_HUGE;SPIDER_HUGE;None;;2;NIETHER;MALE;ENEMY;dw#gpshm;None;None;None;dw#spids;;;;;ANTIWEB;SPIDHU1;;;;270;bg1;Huge Spider
SPIDPH;MONSTER;SPIDER;SPIDER_PHASE;SPIDER_PHASE;None;;5;NIETHER;MALE;ENEMY;dw#gpshm;PSPIDER;None;None;;;;;;ANTIWEB;SPIDPH1;;;;1400;bg1;Phase Spider
SPIDPHAS;MONSTER;SPIDER;SPIDER_PHASE;SPIDER_PHASE;None;;5;NIETHER;158;ENEMY;dw#gpshm;PSPIDER;None;None;;;;;;ANTIWEB;SPIDPH1;;;;4000;bg1;Astral Phase Spider
SPIDPHSU;MONSTER;SPIDER;SPIDER_PHASE;SPIDER_PHASE;None;;5;SUMMONED;MALE;ALLY;;None;None;None;DVMELEE;;;;;VERMTYPE;SPIDPHSU;;;;0;bg1;Phase Spider
SPIDSM01;MONSTER;SPIDER;NO_CLASS;SPIDER_SMALL;SPIDSM01;;1;MALE;MALE;ENEMY;;BDENSHTV;;;BDNONIN;;;;;ANTIWEB;SPIDHU1;;;;65;bg1;Small Spider
SPIDSW;MONSTER;SPIDER;SPIDER_SWORD;SPIDER_SWORD;None;;5;NIETHER;MALE;ENEMY;dw#gpshm;None;None;None;dw#spids;;;;;ANTIWEB;SPIDSW1;;;;2000;bg1;Sword Spider
SPIDSW01;MONSTER;SPIDER;SPIDER_SWORD;SPIDER_SWORD;None;;5;NIETHER;MALE;ENEMY;None;None;None;None;dw1melmo;;;;;ANTIWEB;SPIDSW1;;;;2000;bg1;Sword Spider
SPIDSWSU;MONSTER;SPIDER;SPIDER_SWORD;SPIDER_SWORD;None;;5;SUMMONED;MALE;ALLY;None;None;None;None;DVMELEE;;;;VERMTYPE;;SPIDSWSU;;;;0;bg1;Sword Spider
SPIDWR;MONSTER;SPIDER;SPIDER_WRAITH;SPIDER_WRAITH;None;;3;NIETHER;MALE;ENEMY;dw#gpshm;None;None;None;dw#spidg;;;IMMUNE1;RING95;ANTIWEB;SPIDWR1;;;;1400;bg1;Wraith Spider
SPIRBEAR;ANIMAL;BEAR;BEAR_POLAR;BEAR_POLAR;None;;10;SUMMONED;MALE;CONTROLLED;None;None;None;None;BDSUM00;;;IMMUNE1;RING95;;BEARSPIR;;;;0;bg1;Spirit Bear
SPIRLION;ANIMAL;NO_RACE;NO_CLASS;GREATCAT_LEOPARD;None;;13;SUMMONED;MALE;CONTROLLED;None;None;None;None;BDSUM00;;;IMMUNE1;RING95;;LIONSPIR;;;;0;bg1;Spirit Lion
SPIRSNAK;ANIMAL;NO_RACE;NO_CLASS;SNAKE;None;;12;SUMMONED;MALE;CONTROLLED;None;None;None;None;BDSUM00;;;IMMUNE1;RING95;;SNAKSPIR;;;;0;bg1;Spirit Snake
SPIRWOLF;ANIMAL;WOLF;WOLF_DIRE;WOLF_WINTER;None;;12;SUMMONED;MALE;CONTROLLED;None;None;None;None;BDSUM00;;;IMMUNE1;RING95;;WOLFSPIR;;;;0;bg1;Spirit Wolf
SPLION1;ANIMAL;NO_RACE;NO_CLASS;GREATCAT_LEOPARD;None;;1;SUMMONED;SUMMONED;CONTROLLED;SPIRDTH;None;None;None;BDSUM00;;;SPRNGL01;;;SPLATT1;;;;0;bg1;Spirit Lion
SPLION2;ANIMAL;NO_RACE;NO_CLASS;GREATCAT_LEOPARD;None;;3;SUMMONED;SUMMONED;CONTROLLED;SPIRDTH;None;None;None;BDSUM00;;;SPRNGL02;;;SPLATT2;;;;0;bg1;Spirit Lion
SPLION3;ANIMAL;NO_RACE;NO_CLASS;GREATCAT_LEOPARD;None;;5;SUMMONED;SUMMONED;CONTROLLED;SPIRDTH;None;None;None;BDSUM00;;;SPRNGL03;;;SPLATT3;;;;0;bg1;Spirit Lion
SPLION4;ANIMAL;NO_RACE;NO_CLASS;GREATCAT_LEOPARD;None;;7;SUMMONED;SUMMONED;CONTROLLED;SPIRDTH;None;None;None;BDSUM00;;;SPRNGL04;;;SPLATT4;;;;0;bg1;Spirit Lion
SPLION5;ANIMAL;NO_RACE;NO_CLASS;GREATCAT_LEOPARD;None;;10;SUMMONED;SUMMONED;CONTROLLED;SPIRDTH;None;None;None;BDSUM00;;;SPRNGZ05;IMMUNE1;;SPLATT5;;;;0;bg1;Spirit Lion
SPRAT;HUMANOID;HUMAN;INNOCENT;PEASANT_MAN;None;sprat;1;MALE;MALE;NEUTRAL;dw#innhl;WDRUNSGT;None;None;None;;;;;;;;;;15;bg1;Sprat
SPSNAK1;ANIMAL;NO_RACE;NO_CLASS;SNAKE;None;;1;SUMMONED;SUMMONED;CONTROLLED;SPIRDTH;None;None;None;BDSUM00;;;SPRNGS01;;;SPSATT1;;;;0;bg1;Spirit Snake
SPSNAK2;ANIMAL;NO_RACE;NO_CLASS;SNAKE;None;;3;SUMMONED;SUMMONED;CONTROLLED;SPIRDTH;None;None;None;BDSUM00;;;SPRNGS02;;;SPSATT2;;;;0;bg1;Spirit Snake
SPSNAK3;ANIMAL;NO_RACE;NO_CLASS;SNAKE;None;;5;SUMMONED;SUMMONED;CONTROLLED;SPIRDTH;None;None;None;BDSUM00;;;SPRNGS03;;;SPSATT3;;;;0;bg1;Spirit Snake
SPSNAK4;ANIMAL;NO_RACE;NO_CLASS;SNAKE;None;;7;SUMMONED;SUMMONED;CONTROLLED;SPIRDTH;None;None;None;BDSUM00;;;SPRNGS04;;;SPSATT4;;;;0;bg1;Spirit Snake
SPSNAK5;ANIMAL;NO_RACE;NO_CLASS;SNAKE;None;;10;SUMMONED;SUMMONED;CONTROLLED;SPIRDTH;None;None;None;BDSUM00;;;SPRNGZ05;IMMUNE1;;SPSATT5;;;;0;bg1;Spirit Snake
SPWOLF1;ANIMAL;WOLF;WOLF_DIRE;WOLF_WINTER;None;;1;SUMMONED;SUMMONED;CONTROLLED;SPIRDTH;None;None;None;BDSUM00;;;SPRNGW01;;;SPWATT1;;;;0;bg1;Spirit Wolf
SPWOLF2;ANIMAL;WOLF;WOLF_DIRE;WOLF_WINTER;None;;3;SUMMONED;SUMMONED;CONTROLLED;SPIRDTH;None;None;None;BDSUM00;;;SPRNGW02;;;SPWATT2;;;;0;bg1;Spirit Wolf
SPWOLF3;ANIMAL;WOLF;WOLF_DIRE;WOLF_WINTER;None;;5;SUMMONED;SUMMONED;CONTROLLED;SPIRDTH;None;None;None;BDSUM00;;;SPRNGW03;;;SPWATT3;;;;0;bg1;Spirit Wolf
SPWOLF4;ANIMAL;WOLF;WOLF_DIRE;WOLF_WINTER;None;;7;SUMMONED;SUMMONED;CONTROLLED;SPIRDTH;None;None;None;BDSUM00;;;SPRNGW04;;;SPWATT4;;;;0;bg1;Spirit Wolf
SPWOLF5;ANIMAL;WOLF;WOLF_DIRE;WOLF_WINTER;None;;10;SUMMONED;SUMMONED;CONTROLLED;SPIRDTH;None;None;None;BDSUM00;;;SPRNGZ05;IMMUNE1;;SPWATT5;;;;0;bg1;Spirit Wolf
SQUIRL;ANIMAL;RABBIT;NO_CLASS;SQUIRREL;None;None;1;MALE;SUMMONED;NEUTRAL;None;None;None;None;WDRUNSGT;;;;;;;;;;0;bg1;Squirrel
SQUIRR;ANIMAL;RABBIT;FOOD_CREATURE;SQUIRREL;None;None;1;MALE;MALE;NEUTRAL;None;None;None;None;WDRUNSGT;;;;;;;;;;1;bg1;Squirrel
STALKE;MONSTER;ELEMENTAL;NO_CLASS;DOOM_GUARD;None;None;8;SUMMONED;MALE;ENEMY;None;None;None;None;DVMELEE;;;STALKER;;;STALKESU;;;;3000;bg1;Invisible Stalker
STALKESU;MONSTER;SHADOW;SHADOW;DOOM_GUARD;None;None;8;SUMMONED;SUMMONED;ENEMY;None;None;None;None;dw1melmo;;;RING95;MAGE01;;S2-16;;;;0;bg1;Invisible Stalker
STEPHA;HUMANOID;HUMAN;MAGE;MAGE_MALE_HUMAN;STEPHAN;stepha;5;MALE;MALE;NEUTRAL;RR#PICKP;;None;None;dw#mg124;;;;;;STAF01;;;;120;bg1;Stephan
STONEC;HUMANOID;GOLEM;GOLEM_STONE;DOOM_GUARD;stonec;STONEC;30;MALE;MALE;NEUTRAL;None;None;None;None;None;;;;;;;;;;0;bg1;Stone Golem
STONED;HUMANOID;GOLEM;GOLEM_STONE;DOOM_GUARD;stoned;STONED;30;MALE;MALE;NEUTRAL;None;None;None;None;None;;;;;;;;;;0;bg1;Stone Golem
STONEDL;HUMANOID;GOLEM;GOLEM_STONE;DOOM_GUARD;stonedl;STONEDL;30;MALE;MALE;NEUTRAL;None;None;None;None;None;;;;;;;;;;0;bg1;Stone Golem
STONEDW;HUMANOID;GOLEM;GOLEM_STONE;DOOM_GUARD;stonedw;STONEDW;30;MALE;MALE;NEUTRAL;None;None;None;None;None;;;;;;;;;;0;bg1;Stone Golem
STONEG;HUMANOID;GOLEM;GOLEM_STONE;DOOM_GUARD;stoneg;STONE;30;MALE;MALE;NEUTRAL;None;None;None;None;None;;;;;;;;;;0;bg1;Stone Golem
SUGAR;HUMANOID;HUMAN;INNOCENT;HARLOT_WOMAN;sugar;sugar;0;FEMALE;FEMALE;NEUTRAL;dw#innhl;INITMAIN;RUNENEMY;None;WDRUNSGT;;;;;;;;;;15;bg1;Sugar
SUMDJINN;GIANTHUMANOID;GENIE;GENIE_DJINNI;DJINNI;None;;7;NIETHER;MALE;CONTROLLED;GENSHT01;None;None;SUMDJ01;BDSUM00;;;;MONHP1;;GENSCIM;;;;5000;bg1;Djinni
SUMEFREE;GIANTHUMANOID;GENIE;GENIE_EFREETI;DJINNI;None;;10;SUMMONED;MALE;CONTROLLED;GENSHT01;None;None;;BDSUM00;;;;;;GENSCIM;;;;8000;bg1;Efreeti
SUMELAIR;GIANTHUMANOID;ELEMENTAL;ELEMENTAL_AIR;ELEMENTAL_AIR;None;;8;SUMMONED;MALE;CONTROLLED;GENSHT01;None;None;AIRELE01;;;;IMMUNE2;;;ELAIRL;;;;2000;bg1;Lesser Air Elemental
SUMELEAR;GIANTHUMANOID;ELEMENTAL;ELEMENTAL_EARTH;ELEMENTAL_EARTH_SMALL;None;;8;SUMMONED;MALE;CONTROLLED;GENSHT01;None;None;None;;;;IMMUNE2;;;B4-32M3;;;;3000;bg1;Lesser Earth Elemental
SUMELFIR;GIANTHUMANOID;ELEMENTAL;ELEMENTAL_FIRE;ELEMENTAL_FIRE;None;;8;SUMMONED;MALE;CONTROLLED;;None;None;None;;;;IMMUNE2;;;FIREELEL;;;;2000;bg1;Lesser Fire Elemental
SUNIN;HUMANOID;HUMAN;MAGE;MAGE_MALE_HUMAN;SUNIN;sunin;11;MALE;MALE;NEUTRAL;dw#gpsht;INITDLG;;;dw#mg169;;;RING08;;;STAF01;;;;2000;bg1;Sunin
SURGEO;HUMANOID;HUMAN;MAGE;MAGE_MALE_HUMAN;None;surgeo;5;MALE;MALE;NEUTRAL;RR#PICKP;;None;None;dw#mg126;;;;;;DAGG01;;;;975;bg1;The Surgeon
SURREY;HUMANOID;HUMAN;INNOCENT;PEASANT_MAN;SURREY;SURREY;1;MALE;MALE;NEUTRAL;dw#innhl;RUNENEMY;None;None;WDRUNSGT;;;;;;;;;;15;bg1;Surrey
SVLAST;HUMANOID;HUMAN;FIGHTER;FIGHTER_MALE_HUMAN;None;svlast;7;MALE;MALE;NEUTRAL;dw#urbhl;None;None;None;dw1melge;;;;;;SW2H01;;;;600;bg1;Svlast
SWAAIR01;MONSTER;ELEMENTAL;ELEMENTAL_AIR;ELEMENTAL_AIR;None;;12;SUMMONED;MALE;CONTROLLED;None;None;None;None;BDSUM00;;;IMMUNE2;;;B1-20M4;;;;0;bg1;Air Elemental
SWAAIR02;MONSTER;ELEMENTAL;ELEMENTAL_AIR;ELEMENTAL_AIR;None;;12;SUMMONED;MALE;CONTROLLED;None;None;None;None;BDSUM00;;;IMMUNE2;;;B1-20M4;;;;0;bg1;Air Elemental
SWAEAR01;MONSTER;ELEMENTAL;ELEMENTAL_EARTH;ELEMENTAL_EARTH;None;;12;SUMMONED;MALE;CONTROLLED;None;None;None;None;BDSUM00;;;IMMUNE2;;;B4-32M4;;;;0;bg1;Earth Elemental
SWAEAR02;MONSTER;ELEMENTAL;ELEMENTAL_EARTH;ELEMENTAL_EARTH;None;;12;SUMMONED;MALE;CONTROLLED;None;None;None;None;BDSUM00;;;IMMUNE2;;;B4-32M4;;;;0;bg1;Earth Elemental
SWAFIR01;GIANTHUMANOID;ELEMENTAL;ELEMENTAL_FIRE;ELEMENTAL_FIRE;None;;12;SUMMONED;MALE;CONTROLLED;None;None;None;None;BDSUM00;;;IMMUNE2;;;FIREELEM;;;;0;bg1;Fire Elemental
SWAFIR02;GIANTHUMANOID;ELEMENTAL;ELEMENTAL_FIRE;ELEMENTAL_FIRE;None;;12;SUMMONED;MALE;CONTROLLED;None;None;None;None;BDSUM00;;;IMMUNE2;;;FIREELEM;;;;0;bg1;Fire Elemental
SWORD;HUMANOID;HUMAN;MAGE;RAT;None;None;1;MALE;MALE;127;None;None;None;None;None;;;SWORDI;;;;;;;0;bg1;
SWORD01;WEAPON;SWORD;LONG_SWORD;DANCING_SWORD;NONE;;10;SUMMONED;MALE;ALLY;;;;;DVMSWORD;;;;;;MORSWORD;;;;0;bg1;Magical Sword
TAEROM;HUMANOID;HUMAN;INNOCENT;FIGHTER_MALE_HUMAN;taerom;taerom;5;MALE;MALE;NEUTRAL;dw#urbhl;taerom;None;None;wtrunsgt;;;;;;HAMM01;;;;65;bg1;Taerom Fuiruim
TAILAS;MONSTER;LYCANTHROPE;INNOCENT;CLERIC_MALE_HUMAN;Tailas;tailas;7;MALE;MALE;NEUTRAL;RR#PICKP;WEREWOLF;None;None;dw1melge;;;IMMUNE1;;;;;;;900;bg1;Tailas
TAKIYAH;HUMANOID;HUMAN;DRUID;CLERIC_MALE_HUMAN;takiyah;TAKIYAH;9;MALE;MALE;NEUTRAL;dw#takiy;dw#gpsht;dw#shdlg;None;dw#pr82;;;;;;STAF01;DW#SHNBR;;;120;bg1;Takiyah
TALOUN;MONSTER;LYCANTHROPE;WEREWOLF;CLERIC_MALE_HUMAN;Taloun;taloun;2;MALE;MALE;NEUTRAL;INITDLG;None;WEREWOLF;None;WDRUNSGT;;;IMMUNE1;;;;;;;420;bg1;Taloun
TAM;HUMANOID;HUMAN;FIGHTER;FIGHTER_MALE_HUMAN;TAM;None;8;MALE;MALE;NEUTRAL;dw#gpsht;;None;None;dw1range;;;;;;BOW01;SW1H07;;;1300;bg1;Tam
TAMAH;HUMANOID;STATUE;INNOCENT;FIGHTER_FEMALE_HUMAN;TAMAH;TAMAH;5;FEMALE;FEMALE;NEUTRAL;dw#urbhl;None;None;None;WTASIGHT;;;;;;SW1H04;;;;300;bg1;Statue
TAMOKO;HUMANOID;HUMAN;CLERIC;CLERIC_FEMALE_HUMAN;Tamoko;tamoko;14;FEMALE;FEMALE;NEUTRAL;dw#tamok;RR#PICKP;INITDLG;;dw#pr90;;SHLD06;;;;BLUN03;;;;5000;bg1;Tamoko
TAMOKO2;HUMANOID;HUMAN;CLERIC;CLERIC_FEMALE_HUMAN;Tamoko;tamoko;10;FEMALE;FEMALE;ENEMY;None;;None;None;dw#pr62;;SHLD06;;;;BLUN03;;;;5000;bg1;Tamoko
TANAR;MONSTER;DEMONIC;TANARI;FIEND_GREEN;TANAR;None;12;MALE;MALE;ENEMY;TANARI;None;None;;None;;;RINGDEMN;;;BL3-12M4;;;;0;bg1;Aec'Letec
TANAR2;MONSTER;DEMONIC;TANARI;TANARRI;tanar2;None;10;MALE;MALE;ENEMY;TANARI;None;None;;None;;;RINGDEMN;;;S1-10;;;;16000;bg1;Aec'Letec
TARIS;HUMANOID;HUMAN;INNOCENT;NOBLE_WOMAN;TARIS;TARIS;1;FEMALE;FEMALE;NEUTRAL;dw#innhl;RUNENEMY;None;None;wtrunsgt;;;;;;;;;;15;bg1;Taris
TARNES;HUMANOID;HUMAN;MAGE;MAGE_MALE_HUMAN;TARNESH;tarnes;4;MALE;MALE;NEUTRAL;dw#shdlg;;None;None;dw#mg127;;;;;;STAF01;;;;120;bg1;Tarnesh
TARNOR;HUMANOID;DWARF;FIGHTER;FIGHTER_MALE_DWARF;TARNOR;TARNOR;9;MALE;158;ALLY;None;INITDLG;None;None;dw1melge;;SHLD01;;;;AX1H01;;;;1950;bg1;Tarnor
TARTUS;HUMANOID;HUMAN;INNOCENT;NOBLE_MAN;TARTUSSE;TARTUS;1;MALE;MALE;NEUTRAL;dw#innhl;INITDLG;None;None;WTRUNSGT;;;;;;;;;;15;bg1;Tartusse
TASLGURK;HUMANOID;KOBOLD;KOBOLD_TASLOI;KOBOLD_TASLOI;None;;1;MALE;MALE;ENEMY;None;None;None;None;dw1melge;;;;;;SPER01;;;;35;bg1;Tasloi
TASLOI;HUMANOID;KOBOLD;KOBOLD_TASLOI;KOBOLD_TASLOI;None;;1;MALE;MALE;ENEMY;dw#gpsht;None;None;None;dw1melge;;;;;;SPER01;;;;35;bg1;Tasloi
TASLOI02;HUMANOID;KOBOLD;KOBOLD_TASLOI;KOBOLD_TASLOI;None;;1;MALE;MALE;ENEMY;None;None;None;None;dw1melge;;;;;;SPER01;;;;35;bg1;Tasloi
TASLOI03;HUMANOID;KOBOLD;KOBOLD_TASLOI;KOBOLD_TASLOI;None;;1;MALE;MALE;ENEMY;None;None;None;None;dw1melge;;;;;;SPER01;;;;35;bg1;Tasloi
TASLOISU;HUMANOID;KOBOLD;KOBOLD_TASLOI;KOBOLD_TASLOI;None;;1;SUMMONED;SUMMONED;ENEMY;None;None;None;None;dw1melge;;;;;;SPER01;;;;0;bg1;Tasloi
TAUGOS;HUMANOID;HUMAN;FIGHTER;FIGHTER_MALE_HUMAN;Taurgousz;taugos;8;MALE;MALE;NEUTRAL;dw#taug;bandit;dw#prsht;None;dw1melge;;SHLD04;;;;HAMM02;;;;2000;bg1;Taurgosz Khosann
TAXEK;HUMANOID;HUMAN;THIEF;THIEF_MALE_HUMAN;TAXEK;taxek;7;MALE;MALE;NEUTRAL;dw#gpsht;INITDLG;None;None;dw1ranth;;;;;;XBOW05;SW1H07;;;975;bg1;Taxek
TAZOK;HUMANOID;OGRE;FIGHTER;HALF_OGRE;Tazok;TAZOK;9;MALE;MALE;NEUTRAL;RR#PICKP;TAZOK;None;None;dw1melbe;;;;;MIHP1;SW2H01;;;;4000;bg1;Tazok
TAZOK2;HUMANOID;OGRE;FIGHTER;HALF_OGRE;Tazok;tazok2;11;MALE;MALE;NEUTRAL;dw#tazok;None;None;None;dw1melbe;;;MAGE01;;;SW1H01;;;;4000;bg1;Tazok
TELALU1;HUMANOID;DEMONIC;FIGHTER;FIGHTER_FEMALE_ELF;telalu1;None;20;FEMALE;FEMALE;ENEMY;None;None;None;demalu01;None;;;IMMUNE1;RINGDEMN;;SW1H52;DART04;;;9000;bg1;Alu-Fiend
TELANO;HUMANOID;HUMAN;FIGHTER_MAGE;FIGHTER_MALE_HUMAN;TELANON;telano;9;MALE;MALE;NEUTRAL;dw#shdlg;;None;None;dw#mg128;;;;;;SW1H05;;;;2000;bg1;Tel-anon
TELELFIR;GIANTHUMANOID;ELEMENTAL;ELEMENTAL_FIRE;ELEMENTAL_FIRE;None;;16;SUMMONED;MALE;ENEMY;None;None;None;None;dw1melge;;;IMMUNE2;;;FIREELEM;;;;10000;bg1;Greater Fire Elemental
TELICESA;MONSTER;SALAMANDER;SALAMANDER_FROST;SALAMANDER_FROST;None;None;8;SUMMONED;0;ENEMY;GENSHT01;None;None;None;dw1melmo;;;RING95;IMMUNE1;;SALACOLD;;;;5000;bg1;Ice Salamander
TELKA;HUMANOID;HUMAN;FIGHTER_THIEF;THIEF_FEMALE_HUMAN;TELKA;None;5;FEMALE;FEMALE;ENEMY;dw#c3as2;;None;None;dw1ranth;;;;;;NTBOW03;SW1H07;;;600;bg1;Telka
TELLAN;HUMANOID;GNOME;MAGE;MAGE_MALE_GNOME;tellan;TELLAN;13;MALE;MALE;NEUTRAL;SHOUTDLG;follow;x#mag14d;;dw1ranth;;;;;;DART02;DAGG02;SW1H07;;2001;bg1;Tellan
TELMEN;HUMANOID;HUMAN;NO_CLASS;PEASANT_MAN;Telman;telman;0;MALE;MALE;NEUTRAL;FISHER;;None;None;wtrunsgt;;;;;;;;;;7;bg1;Telman
TENYA;HUMANOID;HUMAN;CLERIC;CLERIC_FEMALE_ELF;Tenya;TENYA;5;FEMALE;FEMALE;NEUTRAL;RR#PICKP;TENYA;;None;dw#pr63;;;;;;BLUN02;;;;650;bg1;Tenya
TENYA2;HUMANOID;HUMAN;CLERIC;CLERIC_FEMALE_ELF;Tenya2;TENYA2;5;FEMALE;FEMALE;NEUTRAL;dw#gpsht;initdlg;;None;dw#pr64;;;;;;BLUN02;;;;650;bg1;Tenya
TERSUS;HUMANOID;HOBGOBLIN;HOBGOBLIN;HOBGOBLIN;tersus;TERSUS;1;MALE;MALE;NEUTRAL;dw#prsht;BHOSTILE;None;initdlg;dw1melge;HELM01;;;;;COMPS01;;;;35;bg1;Tersus
TEST;HUMANOID;GNOLL;FIGHTER;GNOLL;TEST;;3;MALE;MALE;ENEMY;;OHPRHE01;None;;;;;;;;HALB01;;;;0;bg1;Bort
TEST2;HUMANOID;HUMAN;MAGE;MAGE_FEMALE_HUMAN;BPBMAG01;;9;FEMALE;FEMALE;ENEMY;OHGN01;OHMADD01;;;;;;;;AMUL01;DAGG01;;;;0;bg1;Delorna
TEST3;HUMANOID;HUMAN;MAGE;MAGE_MALE_HUMAN;amtmag01;;10;MALE;MALE;ENEMY;OHGN01;OHMASU01;;;;;;;;;;;;;4000;bg1;<Invalid Strref 72124>
TEST4;HUMANOID;HUMAN;CLERIC;CLERIC_MALE_HUMAN;TEST4;;8;MALE;MALE;ENEMY;OHGN01;OHPRDD01;None;None;;;SHLD12;;;;;HAMM01;;;0;bg1;
TESTER;HUMANOID;HUMAN;MAGE;MAGE_FEMALE_ELF;None;None;6;FEMALE;FEMALE;NEUTRAL;RR#PICKP;None;None;None;dw1melge;;;;;;;;;;0;bg1;Ajantis
TETHTO;HUMANOID;HUMAN;INNOCENT;MONK;None;tethto;18;MALE;MALE;NEUTRAL;RR#PICKP;WTATTWAT;None;None;None;;;;;;;;;;5000;bg1;Tethtoril
TETHTO2;HUMANOID;HUMAN;INNOCENT;MONK;Tethtoril2;tethto2;18;MALE;MALE;NEUTRAL;RR#PICKP;INITDLG;WTATTWAT;None;None;;;;;;;;;;5000;bg1;Tethtoril
TETHTO3;MONSTER;DOPPLEGANGER;DOPPLEGANGER;MONK;tethto3;tethto3;10;NIETHER;MALE;NEUTRAL;None;None;LDCHANGE;None;dw1melge;;;;;;;;;;500;bg1;Tethtoril
TEVEN;HUMANOID;HUMAN;FIGHTER;FIGHTER_MALE_HUMAN;Teven;TEVEN;6;MALE;MALE;NEUTRAL;dw#gpsht;shoutdlg;TEVEN;None;dw1melge;;SHLD03;;;;SW1H04;;;;975;bg1;Teven
TEYNGA;HUMANOID;HUMAN;FIGHTER;FIGHTER_MALE_HUMAN;TEYNGAN;teynga;6;MALE;MALE;NEUTRAL;dw#gpsht;TEYNGAN;None;None;dw1melge;HELM01;;;;;BLUN04;;;;500;bg1;Teyngan
THALAN;HUMANOID;HUMAN;MAGE;MAGE_MALE_HUMAN;Thalantyr;thalan;17;MALE;MALE;NEUTRAL;RR#PICKP;THALANTR;;None;dw#mg129;;;;;;STAF01;;;;3000;bg1;Thalantyr the Conjurer
THALDO;HUMANOID;HUMAN;THIEF;THIEF_MALE_HUMAN;None;thaldo;6;MALE;MALE;NEUTRAL;RR#PICKP;None;None;LEAVECH7;dw1melth;;;;;;SW1H08;;;;975;bg1;Thaldorn
THEREL;HUMANOID;HUMAN;INNOCENT;PEASANT_WOMAN;therel;therel;0;FEMALE;FEMALE;NEUTRAL;RR#PICKP;WTRUNSGT;None;None;None;;;RING11;;;;;;;50;bg1;Therella
THIEF;HUMANOID;HUMAN;THIEF;THIEF_MALE_HUMAN;thief;ThiefM;5;MALE;MALE;NEUTRAL;dw#gpsht;RR#PICKP;None;None;dw1melth;;;;;;SW1H04;;;;95;bg1;Rogue
THIEF2;HUMANOID;GNOME;THIEF;THIEF_MALE_GNOME;None;;1;MALE;MALE;PC;None;None;None;None;DPLAYER3;;;;;;STAF01;;;;0;bg1;
THIEFF;HUMANOID;HALF_ELF;THIEF;THIEF_FEMALE_ELF;thieff;THIEFF;5;FEMALE;FEMALE;NEUTRAL;RR#PICKP;;None;None;dw1melth;;;;;;SW1H04;;;;95;bg1;Rogue
THIEFG;HUMANOID;HUMAN;THIEF;THIEF_MALE_HUMAN;thiefg;thiefg;5;MALE;MALE;NEUTRAL;RR#PICKP;thiefg;None;None;dw1melth;;;;;;SW1H04;;;;95;bg1;Rogue
THIEFM;HUMANOID;HUMAN;THIEF;THIEF_MALE_HUMAN_LOW;thiefm;thiefm;5;MALE;MALE;NEUTRAL;RR#PICKP;;None;None;dw1melth;;;;;;SW1H04;;;;95;bg1;Rogue
THUG;HUMANOID;HUMAN;FIGHTER;FIGHTER_MALE_HUMAN;THUG;BANDIT;1;MALE;MALE;ENEMY;SHOUT;None;None;None;dw1range;;;;;;SW1H04;COMPB05;;;65;bg1;Thug
TIAX;HUMANOID;GNOME;CLERIC_THIEF;CLERIC_MALE_GNOME;TIAX;tiax;2;MALE;MALE;NEUTRAL;TIAX;PRIEST1;None;WTASIGHT;DPLAYER;;;;;;STAF01;;;;0;bg1;Tiax
TIAX4;HUMANOID;GNOME;CLERIC_THIEF;CLERIC_MALE_GNOME;TIAX;tiax;4;MALE;MALE;NEUTRAL;TIAX;PRIEST3;None;WTASIGHT;DPLAYER;;;;;;STAF01;;;;0;bg1;Tiax
TIAX6;HUMANOID;GNOME;CLERIC_THIEF;CLERIC_MALE_GNOME;TIAX;tiax;5;MALE;MALE;NEUTRAL;TIAX;PRIEST4;None;WTASIGHT;DPLAYER;;;;;;STAF01;;;;0;bg1;Tiax
TIAXD;HUMANOID;DWARF;CLERIC_THIEF;THIEF_MALE_HUMAN;None;tiaxd;3;MALE;MALE;PC;None;None;None;None;dw1melth;;;;;;BLUN06;;;;0;bg1;Tiax
TIBER;HUMANOID;HUMAN;INNOCENT;PEASANT_MAN;None;TIBER;1;MALE;MALE;NEUTRAL;dw#innhl;None;None;WTRUNSGT;None;;;;;;;;;;15;bg1;Tiber
TICK;HUMANOID;HUMAN;INNOCENT;PEASANT_MAN;TICK;TICK;1;MALE;MALE;NEUTRAL;dw#innhl;INITDLG;None;None;WTRUNSGT;;;;;;;;;;15;bg1;Tick
TIPIAN;HUMANOID;HUMAN;INNOCENT;SLAVE;TIPIAN;tipian;1;MALE;MALE;NEUTRAL;SLAVE;None;None;None;wtrunsgt;;;;;;;;;;2;bg1;Tipian
TOMEGOL1;GIANTHUMANOID;GOLEM;GOLEM_FLESH;A7!GOLEM_FLESH_PST;None;None;9;SUMMONED;MALE;CONTROLLED;GENSHT01;None;None;None;BDSUM00;;;IMMUNE1;;;GOLFLE;;;;2000;bg1;Flesh Golem
TOMEGOL2;GIANTHUMANOID;GOLEM;GOLEM_CLAY;GOLEM_CLAY;golcla01;;9;SUMMONED;MALE;CONTROLLED;GENSHT01;None;None;GOLCLY01;BDSUM00;;;IMMUNE1;;;GOLCLA;;;;8000;bg1;Clay Golem
TOMEGOL3;GIANTHUMANOID;GOLEM;GOLEM_STONE;GOLEM_CLAY;golsto01;;14;SUMMONED;MALE;CONTROLLED;GENSHT01;None;None;GOLSTO01;BDSUM00;;;IMMUNE2;GOLSTONE;;GOLSTO;;;;8000;bg1;Stone Golem
TOMEGOL4;GIANTHUMANOID;GOLEM;GOLEM_IRON;GOLEM_IRON;tomegol4;;18;SUMMONED;MALE;CONTROLLED;tomegol4;None;None;GOLIRO01;BDSUM00;;;IMMUNE1;IRONGOL;;;;;;13000;bg1;Juggernaut Golem
TORLO;HUMANOID;HUMAN;INNOCENT;PEASANT_MAN;None;torlo;0;MALE;MALE;NEUTRAL;dw#innhl;None;None;None;wtrunsgt;;;;;;;;;;7;bg1;Torlo
TORLOB;HUMANOID;HUMAN;FIGHTER;FIGHTER_MALE_HUMAN;TorLobo;torlob;7;MALE;MALE;NEUTRAL;;INITDLG;None;None;dw1melge;;SHLD16;;;;SW1H04;;;;600;bg1;Tor Lobo
TOURIST1;HUMANOID;HUMAN;INNOCENT;PEASANT_MAN;TOURIST1;tourist;1;MALE;MALE;NEUTRAL;dw#innhl;None;RUNENEMY;WTRUNSGT;None;;;;;;;;;;15;bg1;Tourist
TOURIST2;HUMANOID;HUMAN;INNOCENT;PEASANT_MAN;TOURIST2;tourist;1;MALE;MALE;NEUTRAL;dw#innhl;None;RUNENEMY;WTRUNSGT;None;;;;;;;;;;15;bg1;Tourist
TOURIST3;HUMANOID;HUMAN;INNOCENT;PEASANT_MAN;TOURIST3;tourist;1;MALE;MALE;NEUTRAL;dw#innhl;None;RUNENEMY;WTRUNSGT;None;;;;;;;;;;15;bg1;Tourist
TOWNCR;HUMANOID;HUMAN;INNOCENT;STATIC_PEASANT_MAN;None;towncr;1;MALE;MALE;NEUTRAL;dw#innhl;WTRUNSGT;None;None;None;;;;;;;;;;15;bg1;Town Crier
TRACEA;HUMANOID;HUMAN;MAGE;MAGE_FEMALE_HUMAN;Tracea;TRACEA;11;FEMALE;FEMALE;NEUTRAL;dw#gpsht;tracea;;;dw#mg160;;;;;;STAF01;;;;2000;bg1;Tracea Carol
TRALIT;HUMANOID;HUMAN;FIGHTER;FIGHTER_MALE_HUMAN;TRALITHAN;TRALIT;5;MALE;MALE;NEUTRAL;dw#gpsht;INITDLG;None;None;dw1range;;;;;;BOW01;;;;65;bg1;Tralithan
TRANZI;HUMANOID;HUMAN;MAGE;MAGE_MALE_HUMAN;Tranzig;tranzi;6;MALE;MALE;NEUTRAL;dw#tranz;TRANZIG;;None;dw#mg132;;;RING06;;;STAF01;;;;975;bg1;Tranzig
TRAVE2;HUMANOID;HUMAN;INNOCENT;PEASANT_MAN;None;trave2;1;MALE;MALE;NEUTRAL;dw#innhl;WTRUNSGT;None;None;None;;;;;;;;;;15;bg1;Traveler
TRAVEL;HUMANOID;HUMAN;INNOCENT;PEASANT_MAN;WADE;travel;1;MALE;MALE;NEUTRAL;dw#innhl;None;None;None;WDRUNSGT;;;;;;;;;;15;bg1;Wade
TREMAI;HUMANOID;HUMAN;CLERIC;CLERIC_MALE_HUMAN;Tremain;tremai;10;MALE;MALE;NEUTRAL;murder1;tremain;shout;initdlg;dw#pr65;;;;RING17;;BLUN02;;;;2000;bg1;Tremain Belde'ar
TRIADO;HUMANOID;HUMAN;INNOCENT;FAT_MAN;None;triado;1;MALE;MALE;NEUTRAL;dw#innhl;INITDLG;None;LEAVECH7;wtrunsgt;;;;;;;;;;15;bg1;Triadore
TROLFR01;GIANTHUMANOID;TROLL;TROLL;TROLL_SCRAG;TROLFR01;;5;MALE;MALE;ENEMY;TROLL01;BDENSHTV;;;BDFIG00;;;TROLLREG;TROLLIMM;MONHP1;TROLL01;;;;650;bg1;Freshwater Troll
TROLL01;GIANTHUMANOID;TROLL;TROLL;TROLL;TROLL01;;6;MALE;MALE;ENEMY;TROLL01;BDENSHTV;;;BDFIG00;;;TROLLREG;TROLLIMM;MONHP1;TROLL01;;;;1400;bg1;Troll
TROLL02;GIANTHUMANOID;TROLL;TROLL;TROLL;TROLL02;;8;MALE;MALE;ENEMY;TROLL02;NONE;NONE;NONE;NONE;;;;TROLLIMM;;TROLL01;;;;1400;bg1;Troll
TROLLGI;GIANTHUMANOID;TROLL;TROLL;TROLL;TROLLGI;;8;MALE;MALE;ENEMY;TROLL01;BDENSHTV;;;BDFIG00;;;TROLLREG;TROLLIMM;MONHP1;TROLL01;;;;1600;bg1;Giant Troll
TROLLSM;HUMANOID;TROLL;TROLL;TROLL_SMALL;TROLLSM;;4;MALE;MALE;ENEMY;TROLL01;BDENSHTV;;;BDFIG00;;;TROLLREG;TROLLIMM;MONHP1;TROLL01;;;;750;bg1;Small Troll
TROLSP01;UNDEAD;TROLL;SPECTRAL_TROLL;TROLL_BLUE;TROLSP01;;8;MALE;MALE;ENEMY;TROLL01;BDENSHTV;;;BDFIG00;;;TROLLREG;TROLLIMM;MONHP1;TROLLSP;;;;1500;bg1;Spectral Troll
TTBELT;HUMANOID;HUMAN;FIGHTER;FIGHTER_MALE_HUMAN;ttbelt;ttbelt;11;MALE;MALE;NEUTRAL;ttbelt;ttweapon;None;None;None;;SHLD04;IMMUNE3;;;SW1H02;;;;6000;bg1;Belt
TTBRAN;HUMANOID;HUMAN;CLERIC;CLERIC_FEMALE_HUMAN;ttbran;ttbran;12;FEMALE;FEMALE;NEUTRAL;ttbran;PRIEST2;None;None;None;;;;MONHP1;;STAF01;;;;0;bg1;Branwen
TTGIBB;HUMANOID;GIBBERLING;GIBBERLING;GIBBERLING;ttgibb;ttgibb;1;MALE;MALE;ENEMY;GIBBER;None;None;None;dw1melmo;;;;;;S1-8;;;;35;bg1;Gibberling
TTIMOEN;HUMANOID;HUMAN;MAGE_THIEF;THIEF_FEMALE_HUMAN;ttimoen;ttimoen;8;FEMALE;FEMALE;NEUTRAL;ttimoen;None;None;None;None;;;MONHP1;;;TTSWORD5;;;;0;bg1;Imoen
TTJAHIER;HUMANOID;HALF_ELF;FIGHTER_DRUID;FIGHTER_FEMALE_ELF;ttjaheir;ttjaheir;5;FEMALE;FEMALE;NEUTRAL;ttjaheir;None;None;None;None;;;;MONHP1;;STAF01;;;;0;bg1;Jaheira
TTKOB;HUMANOID;KOBOLD;KOBOLD;KOBOLD;ttkob;ttkob;1;MALE;MALE;ENEMY;;None;None;None;dw1melge;;;;;;TTSWORD5;;;;7;bg1;Kobold
TTMINSC;HUMANOID;HUMAN;RANGER;FIGHTER_MALE_HUMAN;ttminsc;ttminsc;6;MALE;MALE;NEUTRAL;ttminsc;None;None;None;None;;;;MONHP1;;TTSWORD6;;;;0;bg1;Minsc
TTSER1;HUMANOID;HUMAN;FIGHTER;FIGHTER_MALE_HUMAN;ttser1;ttser1;10;MALE;MALE;NEUTRAL;ttser1;None;None;None;None;;;;;;TTSWORD2;;;;1400;bg1;Jospil
TTSER2;HUMANOID;HUMAN;FIGHTER;FIGHTER_MALE_HUMAN;ttser2;ttser2;10;MALE;MALE;ENEMY;ttser2;None;None;;dw1melge;;;;;;TTSWORD2;;;;1400;bg1;Brevin
TTSKEL;UNDEAD;SKELETON;SKELETON;SKELETON;ttskel;ttskel;0;NIETHER;MALE;ENEMY;ttskel;None;None;None;dw1melmo;;;;RING99;;TTSWORD2;;;;120;bg1;Skeleton
TTSPID;MONSTER;SPIDER;SPIDER_WRAITH;SPIDER_WRAITH;ttspid;ttspid;3;NIETHER;MALE;ENEMY;;None;None;None;dw1melmo;;;;RING95;ANTIWEB;SPIDWR1;;;;1400;bg1;Wraith Spider
TTXAN;HUMANOID;ELF;MAGE;MAGE_MALE_ELF;ttxan;ttxan;6;MALE;MALE;NEUTRAL;TTXAN;None;None;None;None;;;;MONHP1;;STAF01;;;;0;bg1;Xan
TURPIN;HUMANOID;HUMAN;RANGER;FIGHTER_MALE_HUMAN;TURPIN;FOOLS;4;MALE;MALE;NEUTRAL;GORPGANG;;None;SEEENEMY;dw1melar;;;;;;SPER01;;;;50;bg1;Turpin
TUTH;HUMANOID;HUMAN;FIGHTER;FIGHTER_MALE_HUMAN;Tuth;tuth;9;MALE;MALE;NEUTRAL;dw#gpsht;None;None;None;dw1melge;;SHLD04;;;;SW1H05;;;;4000;bg1;Tuth
UDGIRL;HUMANOID;ELF;CLERIC;CLERIC_FEMALE_ELF;udgirl;;8;FEMALE;FEMALE;NEUTRAL;;;None;;;;DWSHLD01;;;;DWBLUN01;;;;2000;bg1;Priestess of Lolth
UDMAN;HUMANOID;ELF;MAGE;FIGHTER_MALE_ELF;udman;;10;MALE;MALE;ENEMY;;None;None;;;;;;;;STAF01;;;;6000;bg1;Drow
UGHH;GIANTHUMANOID;GOLEM;GOLEM_STONE;GOLEM_CLAY;ughh;;14;NIETHER;MALE;ENEMY;GENSHT01;None;None;GOLSTO01;WDASIGHT;;;;GOLSTONE;;GOLSTO;;;;8000;bg1;Ungh
ULCAST;HUMANOID;HUMAN;INNOCENT;MAGE_MALE_HUMAN;ULCASTER;ulcast;14;MALE;MALE;NEUTRAL;RR#PICKP;None;None;None;RANDWALK;;;GHOST2;;;;;;;175;bg1;Ulcaster
ULF;HUMANOID;ELF;THIEF;FIGHTER_MALE_ELF;Ulf;ULF;6;MALE;158;NEUTRAL;dw#gpsht;INITDLG;None;None;dw1melth;HELM08;SHLD01;;;;SW1H04;;;;110;bg1;Ulf
ULRAUN;HUMANOID;HUMAN;INNOCENT;MAGE_MALE_HUMAN;Ulraunt;ULRAUN;9;MALE;MALE;NEUTRAL;dw#urbhl;;None;None;dw#mg8;;;;;;STAF01;;;;4000;bg1;Ulraunt
UMBHUL01;MONSTER;UMBERHULK;UMBERHULK;UMBER_HULK;None;;6;MALE;MALE;ENEMY;GENSHT01;None;None;UMBHUL01;dw1melmo;;;;;;UMBER01;;;;4000;bg1;Umber Hulk
UNSHEY;HUMANOID;DWARF;INNOCENT;CLERIC_FEMALE_GNOME;unshey;UNSHEY;6;FEMALE;FEMALE;NEUTRAL;dw#urbhl;RR#PICKP;priest4;priest3;dw1melge;;;;;;STAF01;;;;420;bg1;Unshey
URSA;ANIMAL;BEAR;BEAR_CAVE;BEAR_CAVE;Ursa;;6;MALE;MALE;ENEMY;dw#prsht;None;None;None;dw1melmo;;;;;;B1-10;;;;650;bg1;Ursa the Cave Bear
UTOR;HUMANOID;HUMAN;INNOCENT;BEGGAR_MAN;None;utor;0;MALE;MALE;NEUTRAL;RR#PICKP;None;None;None;wtrunsgt;;;;;;;;;;2;bg1;Utor
VAI;HUMANOID;HUMAN;FLAMING_FIST;CLERIC_FEMALE_HUMAN;Vai;vai;1;FEMALE;FEMALE;NEUTRAL;dw#urbhl;INITMAIN;SEEENEMY;None;dw1melge;;SHLD01;;;;SW1H04;;;;15;bg1;Officer Vai
VAIL;HUMANOID;STATUE;FIGHTER;FIGHTER_MALE_ELF;VAIL;VAIL;6;MALE;MALE;NEUTRAL;;None;None;None;WTASIGHT;;SHLD13;;;;SW1H04;;;;1600;bg1;Statue
VALINO;HUMANOID;HUMAN;FIGHTER;FIGHTER_MALE_HUMAN;None;None;19;MALE;MALE;ENEMY;SHOUT;None;None;None;dw1melge;;;;;;SW1H06;;;;20000;bg1;Valinor
VAMFLM01;UNDEAD;VAMPIRE;VAMPIRE;VAMPIRE;VAMFLM01;;8;MALE;MALE;ENEMY;;BDENSHTV;;BDVAMP01;BDFIG00;;;VAMPREG;IMMUNE1;;VAMP;;;;8000;bg1;Fledgling Vampire
VAMPBAT;UNDEAD;VAMPIRE;VAMPIRE;BAT_INSIDE;vampbat;None;1;MALE;MALE;NEUTRAL;ESCAPE;None;None;None;None;;;;;MINHP1;;;;;1;bg1;Vampire Bat
VARCI;HUMANOID;HUMAN;INNOCENT;BOY;Varci;varci;1;MALE;MALE;NEUTRAL;RR#PICKP;INITDLG;None;None;wtrunsgt;;;;;;;;;;7;bg1;Varci Roaringhorn
VAX;HUMANOID;HUMAN;FIGHTER;FIGHTER_MALE_HUMAN;VAX;vax;6;MALE;MALE;NEUTRAL;dw#gpsht;INITDLG;None;None;dw1melge;;;;;;HALB01;;;;400;bg1;Vax
VAYYA;HUMANOID;HUMAN;MAGE;MAGE_FEMALE_HUMAN;VAYYA;None;5;FEMALE;FEMALE;NEUTRAL;RR#PICKP;;None;None;dw#mg135;;;;;;DAGG02;;;;2000;bg1;Vay-ya
VELVET;HUMANOID;HALFLING;INNOCENT;THIEF_MALE_HALFLING;None;velvet;5;MALE;MALE;NEUTRAL;RR#PICKP;None;None;None;wdrunsgt;;;;;;SW1H07;;;;120;bg1;Velvet
VENKT;HUMANOID;HUMAN;MAGE;MAGE_MALE_HUMAN;VENKT;None;6;MALE;MALE;NEUTRAL;dw#c3hst;None;;;dw#mg136;;;;;;STAF01;DART01;;;900;bg1;Venkt
VERLIN;HUMANOID;DWARF;INNOCENT;CLERIC_FEMALE_DWARF;None;VERLIN;6;FEMALE;FEMALE;NEUTRAL;dw#urbhl;PRIEST3;None;None;dw1melge;;;;;;BLUN06;;;;270;bg1;Verling
VICONI;HUMANOID;ELF;CLERIC;CLERIC_FEMALE_ELF;VICONIA;viconi;2;FEMALE;FEMALE;NEUTRAL;VICONIA;INITDLG;PRIEST1;WTASIGHT;DPLAYER;;SHLD01;;;;BLUN04;;;;100;bg1;Viconia
VICONI4;HUMANOID;ELF;CLERIC;CLERIC_FEMALE_ELF;VICONIA;viconi;4;FEMALE;FEMALE;NEUTRAL;VICONIA;INITDLG;PRIEST3;WTASIGHT;DPLAYER;;SHLD01;;;;BLUN04;;;;400;bg1;Viconia
VICONI6;HUMANOID;ELF;CLERIC;CLERIC_FEMALE_ELF;VICONIA;viconi;6;FEMALE;FEMALE;NEUTRAL;VICONIA;INITDLG;PRIEST4;WTASIGHT;DPLAYER;;SHLD01;;;;BLUN04;;;;800;bg1;Viconia
VICONI7;HUMANOID;ELF;CLERIC;CLERIC_FEMALE_ELF;VICONIA;BDVICONI;7;FEMALE;FEMALE;NEUTRAL;BDVICONI;BDVICONC;;;;BAND02;SHLD02;;;;BLUN05;SLNG02;;;0;bg1;Viconia
VITIARE;HUMANOID;HUMAN;THIEF;THIEF_MALE_HUMAN;Vitiare;vitiar;7;MALE;MALE;NEUTRAL;RR#PICKP;INITDLG;None;None;WTRUNSGT;;;;;;DAGG01;;;;125;bg1;Vitiare
VIVIEN;HUMANOID;HUMAN;INNOCENT;PEASANT_WOMAN;VIVIENNE;vivien;1;FEMALE;FEMALE;NEUTRAL;dw#innhl;INITDLG;WTRUNSGT;None;None;;;;;;;;;;15;bg1;Vivienne
VOGHIL7;HUMANOID;HUMAN;BARD;THIEF_MALE_HUMAN;VOGHILN;BDVOGHIL;7;MALE;MALE;NEUTRAL;BDVOGHIL;BDVOGHIC;BDSHOUT;BDBARD01;;BDHELM17;SHLD17;;;;BDAX1H04;HAMM02;;;0;bg1;Voghiln
VOICE;HUMANOID;HUMAN;MAGE;MAGE_MALE_HUMAN;None;voice;9;MALE;MALE;NEUTRAL;RR#PICKP;None;None;None;dw1melge;;;;;;DAGG01;;;;0;bg1;Voice
VOIEAS;HUMANOID;HUMAN;INNOCENT;MAGE_MALE_HUMAN;None;voieas;3;MALE;MALE;NEUTRAL;RR#PICKP;RUNENEMY;None;None;WTRUNSGT;;;;;;STAF01;;;;175;bg1;Voice of the East
VOINOR;HUMANOID;HUMAN;INNOCENT;MAGE_MALE_HUMAN;None;voinor;3;MALE;MALE;NEUTRAL;RR#PICKP;RUNENEMY;None;None;WTRUNSGT;;;;;;STAF01;;;;175;bg1;Voice of the North
VOISOU;HUMANOID;HUMAN;INNOCENT;MAGE_MALE_HUMAN;None;voisou;3;MALE;MALE;NEUTRAL;RR#PICKP;RUNENEMY;None;None;WTRUNSGT;;;;;;STAF01;;;;175;bg1;Voice of the South
VOIWES;HUMANOID;HUMAN;INNOCENT;MAGE_MALE_HUMAN;None;voiwes;3;MALE;MALE;NEUTRAL;RR#PICKP;RUNENEMY;None;None;WTRUNSGT;;;;;;STAF01;;;;175;bg1;Voice of the West
VOLETA;HUMANOID;HUMAN;INNOCENT;SLEEPING_WOMAN_HUMAN;VOLETA;VOLETA;1;FEMALE;FEMALE;NEUTRAL;VOLETA;dw#innhl;None;c#stdstr;None;;;;;;;;;;0;bg1;Voleta Stiletto
VOLO;HUMANOID;HUMAN;INNOCENT;VOLO;None;volo;5;MALE;MALE;NEUTRAL;dw#urbhl;None;RUNENEMY;None;wtrunsgt;;;;;;DAGG01;;;;650;bg1;Volo
VOLOSE;HUMANOID;HUMAN;INNOCENT;HARLOT_WOMAN;None;volose;0;FEMALE;FEMALE;NEUTRAL;dw#innhl;RUNENEMY;None;None;WDRUNSGT;;;;;;;;;;7;bg1;Serving Wench
VOLTIN;HUMANOID;ELF;DRUID;CLERIC_FEMALE_ELF;Voltine;voltin;9;FEMALE;FEMALE;NEUTRAL;RR#PICKP;;None;None;dw#pr66;;;;;;STAF01;DW#SHNW2;;;60;bg1;Voltine
VULTUR;ANIMAL;NO_RACE;NO_CLASS;VULTURE;None;None;1;MALE;MALE;NEUTRAL;None;None;RANDFLY;None;None;;;;;;;;;;0;bg1;Vulture
WAITER;HUMANOID;HUMAN;INNOCENT;PEASANT_MAN;None;waiter;0;MALE;MALE;NEUTRAL;dw#innhl;RUNENEMY;None;None;wtrunsgt;;;;;;;;;;7;bg1;Waiter
WAREHO;HUMANOID;HUMAN;INNOCENT;PEASANT_MAN;None;wareho;1;MALE;MALE;NEUTRAL;dw#innhl;RUNENEMY;None;None;wtrunsgt;;;;;;;;;;7;bg1;Warehouse Worker
WAREHX;HUMANOID;HUMAN;INNOCENT;STATIC_PEASANT_MAN;None;wareho;1;MALE;MALE;NEUTRAL;RR#PICKP;WTRUNSGT;None;None;None;;;;;;;;;;7;bg1;Warehouse Worker
WARRID;HUMANOID;HUMAN;FIGHTER;FIGHTER_MALE_HUMAN;None;warrid;4;MALE;MALE;NEUTRAL;RR#PICKP;None;None;None;dw1melge;;;;;;SW1H07;;;;400;bg1;Warrior
WASLEEP;HUMANOID;HUMAN;CANDLEKEEP_WATCHER;FIGHTER_MALE_HUMAN;None;Wasleep;3;MALE;MALE;NEUTRAL;dw#urbhl;INITDLG;None;None;dw1melge;HELM10;;;;;STAF01;;;;175;bg1;Watcher
WATCH;HUMANOID;HUMAN;CANDLEKEEP_WATCHER;FIGHTER_MALE_HUMAN;None;WATCH;3;MALE;MALE;NEUTRAL;dw#urbhl;WATCHER;SEEENEMY;None;dw1melge;HELM10;;;;;STAF01;;;;175;bg1;Watcher
WATCH2;HUMANOID;HUMAN;CANDLEKEEP_WATCHER;FIGHTER_MALE_HUMAN;None;WATCH2;3;MALE;MALE;NEUTRAL;dw#urbhl;WATCHER;SEEENEMY;None;dw1melge;HELM10;;;;;STAF01;;;;175;bg1;Watcher
WATCH3;HUMANOID;HUMAN;CANDLEKEEP_WATCHER;FIGHTER_MALE_HUMAN;None;WATCH;3;MALE;MALE;NEUTRAL;dw#urbhl;waithstl;WATCH3;SEEENEMY;None;HELM10;;;;;STAF01;;;;175;bg1;Watcher
WATCH6;HUMANOID;HUMAN;CANDLEKEEP_WATCHER;FIGHTER_MALE_HUMAN;WATCH6;WATCH6;3;MALE;MALE;NEUTRAL;dw#urbhl;INITDLG;SEEENEMY;None;dw1melge;HELM10;;;;;STAF01;;;;15;bg1;Watcher
WATCH9;HUMANOID;HUMAN;CANDLEKEEP_WATCHER;FIGHTER_MALE_HUMAN;None;WATCH9;3;MALE;MALE;NEUTRAL;dw#urbhl;None;SEEENEMY;None;dw1melge;HELM10;;;;;STAF01;;;;15;bg1;Watcher
WATCHM;HUMANOID;HUMAN;CANDLEKEEP_WATCHER;CLERIC_MALE_HUMAN;Watchm;watchm;1;MALE;MALE;NEUTRAL;dw#urbhl;watchm;SEEENEMY;None;dw1melge;HELM09;SHLD01;;;GOBOOM2;SW1H04;;;;420;bg1;Flaming Fist Mercenary
WATCHN;HUMANOID;HUMAN;CANDLEKEEP_WATCHER;FIGHTER_MALE_HUMAN;WatcherEnforcer;MONKEN;3;MALE;MALE;NEUTRAL;dw#urbhl;waithstl;MONKEN;GUARDS;dw1melge;HELM10;;;;;STAF01;;;;175;bg1;Watcher
WATCHN2;HUMANOID;HUMAN;CANDLEKEEP_WATCHER;FIGHTER_MALE_HUMAN;WATCHN2;WATCHN;3;MALE;MALE;NEUTRAL;dw#urbhl;waithstl;WATCHEN2;GUARDS;dw1melge;HELM10;;;;;STAF01;;;;175;bg1;Watcher
WATCHN3;HUMANOID;HUMAN;CANDLEKEEP_WATCHER;FIGHTER_MALE_HUMAN;WATCHN3;WATCHN;3;MALE;MALE;NEUTRAL;dw#urbhl;waithstl;WATCHEN2;GUARDS;dw1melge;HELM10;;;;;STAF01;;;;175;bg1;Watcher
WELT;GIANTHUMANOID;OGRE;INNOCENT;OGRE;Ogre02;welt;4;NIETHER;MALE;ENEMY;None;None;None;None;dw1melge;;;;;;SW2H01;;;;270;bg1;Welt
WENRIC;HUMANOID;HUMAN;INNOCENT;PEASANT_MAN;WENRIC;wenric;1;MALE;MALE;NEUTRAL;RR#PICKP;WTRUNWAT;None;None;None;;;;;;;;;;15;bg1;Wenric
WEREGRDR;MONSTER;LYCANTHROPE;WEREWOLF;WEREWOLF_GREATER;None;None;8;MALE;MALE;ENEMY;;;;;;;;RINGLOUP;;;WEREGRDR;;;;9000;bg1;Greater Werewolf
WEREWO;MONSTER;LYCANTHROPE;WEREWOLF;WEREWOLF;None;None;7;MALE;MALE;ENEMY;dw#gpsht;;None;None;dw1melge;;;IMMUNE1;;;S1-12;;;;420;bg1;Werewolf
WEREWO01;MONSTER;LYCANTHROPE;WEREWOLF;WEREWOLF;None;None;7;MALE;MALE;ENEMY;None;;None;None;dw1melge;;;IMMUNE1;;;S1-12;;;;420;bg1;Werewolf
WEREWODR;MONSTER;LYCANTHROPE;WEREWOLF;WEREWOLF;None;None;7;MALE;MALE;ENEMY;;;;;;;;IMMUNE1;;;S1-12;;;;420;bg1;Werewolf
WEREWOGR;MONSTER;LYCANTHROPE;WEREWOLF;WEREWOLF_GREATER;None;None;7;MALE;MALE;ENEMY;None;;None;None;dw1melge;;;RINGLOUP;;;S1-12;;;;9000;bg1;Greater Werewolf
WHEBER;HUMANOID;HUMAN;MAGE;MAGE_MALE_HUMAN;WHEBER;None;7;MALE;MALE;NEUTRAL;dw#gpsht;;None;;dw#mg138;;;;;;DAGG01;DAGG02;;;1500;bg1;Wheber Ott
WHELP;HUMANOID;HUMAN;INNOCENT;STATIC_PEASANT_MAN_STOOL;WHELP;WHELP;1;MALE;MALE;NEUTRAL;dw#innhl;None;None;None;None;;;;;;;;;;15;bg1;Whelp
WHITKD;HUMANOID;HUMAN;FIGHTER;FIGHTER_MALE_HUMAN;None;whitkd;3;MALE;MALE;NEUTRAL;RR#PICKP;None;None;None;dw1melge;;;;;;SW2H01;;;;175;bg1;White Knight
WILCO;HUMANOID;HUMAN;INNOCENT;PEASANT_MAN;None;wilco;1;MALE;MALE;NEUTRAL;dw#innhl;WDRUNSGT;None;None;None;;;;;;;;;;15;bg1;Wilco
WILF;HUMANOID;HUMAN;FIGHTER_CLERIC;FIGHTER_MALE_HUMAN;WILF;None;7;MALE;MALE;NEUTRAL;dw#gpsht;gretek;gretek;;dw#pr68;HELM01;SHLD03;;;;HAMM01;;;;800;bg1;Wilf
WILLIA;HUMANOID;HUMAN;INNOCENT;MAGE_MALE_HUMAN;WILLIAM;willia;3;MALE;MALE;NEUTRAL;dw#urbhl;INITMAIN;;None;dw1melge;;;;;;;;;;175;bg1;Theodon
WILLIAM;HUMANOID;HUMAN;MAGE;MAGE_MALE_HUMAN;WILLIAM;None;7;MALE;MALE;NEUTRAL;dw#gpsht;;None;;dw#mg142;;;;;;STAF01;;;;1500;bg1;William Garst
WILTON;HUMANOID;HUMAN;INNOCENT;PEASANT_MAN;Wilton;UBWILTON;0;MALE;MALE;NEUTRAL;RR#PICKP;None;None;None;wtrunsgt;;;;;;;;;;7;bg1;Wilton
WINSKI;HUMANOID;HUMAN;MAGE;MAGE_MALE_HUMAN;WINSKI;None;6;MALE;MALE;NEUTRAL;None;None;None;None;None;;;RING08;;;STAF01;;;;2000;bg1;Winski Perorate
WINSKI2;HUMANOID;HUMAN;MAGE;SLEEPING_MAN_HUMAN;winski2;WINSKI;1;MALE;MALE;NEUTRAL;SHOUT;winski;None;None;None;;;;;;;;;;0;bg1;Winski Perorate
WINTHR2;HUMANOID;HUMAN;INNOCENT;FAT_MAN;None;WINTHR2;1;MALE;MALE;NEUTRAL;dw#innhl;RUNENEMY;None;INNKEEP;WTRUNSGT;;;;;;;;;;15;bg1;Winthrop
WINTHR3;MONSTER;DOPPLEGANGER;DOPPLEGANGER;FAT_MAN;None;winthr3;1;NIETHER;MALE;NEUTRAL;None;INITDLG;LDCHANGE;None;dw1melge;;;;;;;;;;420;bg1;Winthrop
WIRTHI;HUMANOID;HUMAN;INNOCENT;FAT_MAN;WIRTHING;wirthi;1;MALE;MALE;NEUTRAL;dw#innhl;INITDLG;None;None;wtrunsgt;;;;;;;;;;15;bg1;Wirthing
WISH01;GIANTHUMANOID;GENIE;GENIE_DAO;DJINNI;None;wish;8;NIETHER;MALE;NEUTRAL;WISH01;None;None;DAO01;dw1melge;;;MINHP1;;;B3-18M3;;;;5000;bg1;Dao
WISH02;GIANTHUMANOID;GENIE;GENIE_DAO;DJINNI;Wish02;wish25;25;SUMMONED;MALE;NEUTRAL;WISH01;None;None;None;None;;;MINHP1;RIDRING;;B3-18M3;;;;5000;bg1;Djinni
WIVEN;HUMANOID;HALF_ELF;MAGE_THIEF;THIEF_FEMALE_ELF;WIVEN;WIVEN;6;FEMALE;FEMALE;NEUTRAL;dw#gpsht;INITDLG;;;dw#mg144;;;;;;SW1H08;;;;900;bg1;Wiven
WIZEYE;ANIMAL;WRAITH;WIZARD_EYE;WIZARD_EYE;wizeye;;2;SUMMONED;SUMMONED;ALLY;wizeye;None;None;None;;;;;MAGE01;;;;;;0;bg1;Wizard Eye
WOLF;ANIMAL;WOLF;WOLF;WOLF;None;;3;MALE;MALE;ENEMY;dw#gpshm;None;WOLF;None;dw1melmo;;;;;;P1-4;;;;65;bg1;Wolf
WOLFCH;ANIMAL;WOLF;WOLF;WOLF;ChickenWolf;;3;MALE;MALE;ENEMY;None;None;WOLF;None;None;;;;;;P1-6;;;;120;bg1;Wolf
WOLFCHAR;MONSTER;WOLF;WOLF_DREAD;WOLF;None;;1;MALE;MALE;ENEMY;;;;;;;;;;;P1-10;;;;650;bg1;Wolf
WOLFD1;UNDEAD;WOLF;WOLF_DREAD;WOLF_DREAD;None;;1;MALE;MALE;CONTROLLED;None;;None;BDSUM00;dw1melge;;;RING95;;;P1-10;;;;650;bg1;Dread Wolf
WOLFDI;ANIMAL;WOLF;WOLF_DIRE;WOLF_DIRE;None;;4;MALE;MALE;ENEMY;dw#gpshm;None;DIREWOLF;None;dw1melmo;;;;;;P1-8;;;;125;bg1;Dire Wolf
WOLFDISU;ANIMAL;WOLF;WOLF_DIRE;WOLF_DIRE;None;;4;SUMMONED;SUMMONED;CONTROLLED;None;None;DIREWOLF;None;BDSUM00;;;;;;P1-8;;;;0;bg1;Dire Wolf
WOLFDR;UNDEAD;WOLF;WOLF_DREAD;WOLF_DREAD;None;;1;MALE;MALE;ENEMY;dw#gpshm;;None;None;dw1melge;;;RING95;;;P1-10;;;;650;bg1;Dread Wolf
WOLFGR01;MONSTER;LYCANTHROPE;WOLFWERE;WEREWOLF_GREATER;GreaterWolf;None;11;MALE;MALE;ENEMY;None;;None;None;dw1melge;;;RINGWOLF;;;WOLFGRW;;;;15000;bg1;Greater Wolfwere
WOLFSU;ANIMAL;WOLF;WOLF;WOLF;None;;3;SUMMONED;MALE;ALLY;None;None;;None;DVMELEE;;;;;;WOLFSU;;;;0;bg1;Wolf
WOLFVA;UNDEAD;WOLF;WOLF_VAMPIRIC;WOLF_VAMPIRIC;None;;8;MALE;MALE;ENEMY;dw#gpshm;None;None;None;dw1melge;;;IMMUNE1;RING95;;WOLFVA1;;;;2000;bg1;Vampiric Wolf
WOLFW2;HUMANOID;WOLF;WOLF;THIEF_FEMALE_HUMAN;Maiden;wolfw2;5;MALE;MALE;NEUTRAL;INITDLG;None;WWCHANGE;None;dw1melge;;;;;;DAGG01;;;;1400;bg1;Kryla
WOLFW3;HUMANOID;WOLF;WOLF;THIEF_MALE_HUMAN;Hunter;wolfw3;5;MALE;MALE;NEUTRAL;INITDLG;None;WWCHANGE;None;dw1range;;;;;;BOW01;DAGG01;;;1400;bg1;Palin
WOLFWE;MONSTER;LYCANTHROPE;WOLFWERE;WEREWOLF;None;None;7;MALE;MALE;ENEMY;dw#gpsht;;None;None;dw1melge;;;IMMUNE1;;;S1-12;;;;1400;bg1;Wolfwere
WOLFWE01;MONSTER;LYCANTHROPE;WEREWOLF;WEREWOLF;None;None;7;MALE;MALE;ENEMY;None;;None;None;dw1melge;;;IMMUNE1;;;S1-12;;;;1400;bg1;Wolfwere
WOLFWEGL;MONSTER;LYCANTHROPE;WOLFWERE;WEREWOLF;None;None;10;MALE;MALE;ENEMY;dw#gpsht;;None;None;dw1melge;;;IMMUNE1;;;S1-12;;;;1800;bg1;Wolfwere
WOLFWEGR;MONSTER;LYCANTHROPE;WOLFWERE;WEREWOLF_GREATER;GreaterWolf;None;11;MALE;MALE;ENEMY;dw#gpsht;;None;None;dw1melge;;;IMMUNE1;RINGWOLF;;S1-12;;;;8000;bg1;Greater Wolfwere
WOLFWI;ANIMAL;WOLF;WOLF_WINTER;WOLF_WINTER;None;;6;MALE;MALE;ENEMY;None;None;None;None;dw1ranmo;;;;;;WOLFWI1;WOLFWI2;;;975;bg1;Winter Wolf
WOLFWISU;ANIMAL;WOLF;WOLF_WINTER;WOLF_WINTER;None;;6;SUMMONED;SUMMONED;CONTROLLED;None;None;None;None;BDSUM00;;;;;;WOLFWI1;WOLFWI2;;;0;bg1;Winter Wolf
WOLFWWSU;ANIMAL;WOLF;WOLF_WINTER;WOLF_WINTER;None;;6;SUMMONED;SUMMONED;CONTROLLED;None;None;None;None;BDSUM00;;;;;;WOLFWI1;WOLFWI2;;;0;bg1;Winter Wolf
WOMAND;HUMANOID;HUMAN;NO_CLASS;NOBLE_WOMAN;None;womand;0;FEMALE;FEMALE;NEUTRAL;RR#PICKP;None;None;None;wdrunsgt;;;;;;;;;;7;bg1;Woman
WORG;ANIMAL;WOLF;WOLF_WORG;WOLF_WORG;None;;3;MALE;MALE;ENEMY;dw#gpshm;None;None;None;dw1melmo;;;;;;P1-8;;;;120;bg1;Worg
WORGAR;ANIMAL;WOLF;WOLF_WORG;WOLF_WORG;None;None;3;MALE;MALE;ENEMY;dw#gpshm;WORGAR;None;None;dw1melmo;;;;;;P1-8;;;;120;bg1;Worg
WORGSU;ANIMAL;WOLF;WOLF_WORG;WOLF_WORG;None;;3;SUMMONED;SUMMONED;CONTROLLED;None;None;None;None;BDSUM00;;;;;;P1-8;;;;0;bg1;Worg
WUDEI;HUMANOID;HUMAN;CLERIC;CLERIC_FEMALE_HUMAN;WUDEI;None;12;FEMALE;FEMALE;NEUTRAL;dw#gpsht;None;;None;dw#pr88;;;;;;STAF01;;;;1200;bg1;Wudei
WYVERBA;MONSTER;WYVERN;WYVERN;WYVERN;Wyvern;;7;NIETHER;MALE;ENEMY;dw#gpshm;None;WYVERN;None;wtasight;;;RING97;;;WYVERN1;WYVERN2;;;450;bg1;Baby Wyvern
WYVERN;MONSTER;WYVERN;WYVERN;WYVERN_BIG;Wyvern;;7;NIETHER;MALE;ENEMY;dw#gpshm;None;WYVERN;None;wtasight;;;RING97;;;WYVERN1;WYVERN2;;;1400;bg1;Wyvern
WYVERNBI;MONSTER;WYVERN;WYVERN;WYVERN_BIG;Wyvern;;7;NIETHER;MALE;ENEMY;None;None;None;None;dw1melmo;;;RING97;;;WYVERN1;WYVERN2;;;5000;bg1;Greater Wyvern
WYVERNSU;MONSTER;WYVERN;WYVERN;WYVERN_BIG;None;;7;SUMMONED;MALE;ALLY;None;None;;None;DVMELEE;;;;;;WYVERNSU;;;;0;bg1;Wyvern
XAN;HUMANOID;ELF;FIGHTER_MAGE;MAGE_MALE_ELF;xan;xan;2;MALE;MALE;NEUTRAL;xan;None;None;WTRUNSGT;DPLAYER;;;;;;;;;;0;bg1;Xan
XAN4;HUMANOID;ELF;MAGE;MAGE_MALE_ELF;xan;xan;4;MALE;MALE;NEUTRAL;xan;None;None;WTRUNSGT;DPLAYER;;;;;;;;;;0;bg1;Xan
XAN6;HUMANOID;ELF;MAGE;MAGE_MALE_ELF;xan;xan;6;MALE;MALE;NEUTRAL;xan;None;None;WTRUNSGT;DPLAYER;;;;;;;;;;0;bg1;Xan
XVART;HUMANOID;KOBOLD;KOBOLD_XVART;KOBOLD_XVART;None;;1;MALE;MALE;ENEMY;dw#prsht;None;XVART;None;dw1melge;;;;;;SW1H07;;;;15;bg1;Xvart
XVART02;HUMANOID;KOBOLD;KOBOLD_XVART;KOBOLD_XVART;None;;1;MALE;MALE;ENEMY;None;None;XVART;None;dw1melge;;;;;;SW1H07;;;;35;bg1;Xvart
XVART03;HUMANOID;KOBOLD;KOBOLD_XVART;KOBOLD_XVART;None;;1;MALE;MALE;ENEMY;None;None;XVART;None;dw1melge;;;;;;SW1H07;;;;35;bg1;Xvart
XVART2;HUMANOID;KOBOLD;KOBOLD_XVART;KOBOLD_XVART;None;;1;MALE;MALE;ENEMY;dw#prsht;None;XVART;None;dw1melge;;;;;;SW1H07;;;;35;bg1;Xvart
XVARTH;HUMANOID;KOBOLD;KOBOLD_XVART;KOBOLD_XVART;None;None;1;MALE;MALE;ENEMY;XVARTH;None;None;None;None;;;;;;SW1H07;;;;35;bg1;Xvart
XVARTSU;HUMANOID;KOBOLD;KOBOLD_XVART;KOBOLD_XVART;None;;1;SUMMONED;SUMMONED;ENEMY;dw#prsht;None;XVART;None;dw1melge;;;;;;SW1H07;;;;0;bg1;Xvart
XVART_A;HUMANOID;KOBOLD;KOBOLD_XVART;KOBOLD_XVART;None;;1;MALE;MALE;ENEMY;dw#prsht;None;XVART;None;dw1melge;;;;;;SW1H07;;;;15;bg1;Xvart
XVART_B;HUMANOID;KOBOLD;KOBOLD_XVART;KOBOLD_XVART;None;;1;MALE;MALE;ENEMY;dw#prsht;None;XVART;None;dw1melge;;;;;;SW1H07;;;;15;bg1;Xvart
XVART_C;HUMANOID;KOBOLD;KOBOLD_XVART;KOBOLD_XVART;None;;1;MALE;MALE;ENEMY;dw#prsht;None;XVART;None;dw1melge;;;;;;SW1H07;;;;15;bg1;Xvart
XZAR;HUMANOID;HUMAN;MAGE;MAGE_MALE_HUMAN;xzar;xzar;1;MALE;MALE;NEUTRAL;XZAR;dw#urbhl;MAGE5;WTASIGHT;DPLAYER;;;;;;DAGG01;;;;0;bg1;Xzar
XZAR2;HUMANOID;HUMAN;MAGE;MAGE_MALE_HUMAN;xzar;xzar;2;MALE;MALE;NEUTRAL;XZAR;dw#urbhl;MAGE5;WTASIGHT;DPLAYER;;;;;;DAGG01;;;;0;bg1;Xzar
XZAR4;HUMANOID;HUMAN;MAGE;MAGE_MALE_HUMAN;xzar;xzar;4;MALE;MALE;NEUTRAL;XZAR;dw#urbhl;MAGE5;WTASIGHT;DPLAYER;;;;;;DAGG01;;;;0;bg1;Xzar
XZAR6;HUMANOID;HUMAN;MAGE;MAGE_MALE_HUMAN;xzar;xzar;6;MALE;MALE;NEUTRAL;XZAR;dw#urbhl;MAGE5;WTASIGHT;DPLAYER;;;;;;DAGG01;;;;0;bg1;Xzar
YAGO;HUMANOID;HUMAN;MAGE;MAGE_MALE_HUMAN;None;yago;5;MALE;MALE;NEUTRAL;RR#PICKP;YAGO;;None;dw#mg149;;;;;;STAF01;;;;1400;bg1;Yago
YESLIC;HUMANOID;DWARF;FIGHTER_CLERIC;CLERIC_MALE_DWARF;yeslick;yeslic;2;MALE;MALE;NEUTRAL;yeslick;PRIEST1;None;WTASIGHT;DPLAYER;;;;;;;;;;0;bg1;Yeslick
YESLIC5;HUMANOID;DWARF;FIGHTER_CLERIC;CLERIC_MALE_DWARF;yeslick;yeslic;4;MALE;MALE;NEUTRAL;yeslick;PRIEST3;None;WTASIGHT;DPLAYER;;;;;;;;;;0;bg1;Yeslick
YESLID;HUMANOID;DWARF;FIGHTER_CLERIC;CLERIC_MALE_DWARF;None;yeslid;3;MALE;MALE;PC;None;None;None;None;dw1melge;;;;;;HAMM01;;;;0;bg1;Yeslick
ZAL;HUMANOID;HUMAN;FIGHTER;FIGHTER_MALE_HUMAN;ZAL;None;6;MALE;MALE;NEUTRAL;dw#gpsht;;None;None;dw1range;HELM01;;;;;DART01;DART01;DART01;SPER01;600;bg1;Zal
ZARGAL;HUMANOID;HOBGOBLIN;HOBGOBLIN;HOBGOBLIN;ZARGAL;ZARGAL;3;MALE;MALE;NEUTRAL;dw#gpsht;ZARGAL;;None;dw1melge;HELM01;;;;;SW1H14;;;;650;bg1;Zargal
ZEELA;HUMANOID;HUMAN;CLERIC;CLERIC_FEMALE_HUMAN;ZEELA;None;6;FEMALE;FEMALE;ENEMY;dw#c3as2;None;;None;dw#pr80;;SHLD03;;;;BLUN02;;;;900;bg1;Zeela
ZEKAR;HUMANOID;HOBGOBLIN;HOBGOBLIN;HOBGOBLIN;ZEKAR;None;3;MALE;MALE;NEUTRAL;dw#gpsht;RR#PICKP;;None;dw1range;HELM01;;;;;BOW01;COMPS01;;;65;bg1;Zekar
ZEKE;HUMANOID;DWARF;INNOCENT;THIEF_MALE_DWARF;ZEKE;zeke;3;MALE;MALE;NEUTRAL;zeke;RUNENEMY;None;None;WTRUNSGT;;;;;;DAGG01;;;;25;bg1;Zeke
ZHALIM;HUMANOID;HUMAN;FIGHTER;FIGHTER_MALE_HUMAN;ZHALIMAR;zhalim;11;MALE;MALE;NEUTRAL;dw#gpsht;ZHALIMAR;None;LEAVECH7;dw1ranbe;HELM10;;;;;HALB03;BOW01;;;3000;bg1;Zhalimar Cloudwulfe
ZHURLO;HUMANOID;HALFLING;THIEF;THIEF_MALE_HALFLING;None;ZHURLO;4;MALE;MALE;NEUTRAL;zhurlo;None;None;None;WDRUNSGT;;;;;;SW1H07;;;;90;bg1;Zhurlong
ZOMBIE;UNDEAD;ZOMBIE;ZOMBIE_NORMAL;ZOMBIE;None;ZOMBIE;2;NIETHER;MALE;ENEMY;dw#gpshm;None;None;None;dw1melmo;;;RING94;;;B1-8;;;;65;bg1;Zombie
ZOMBIEB;UNDEAD;ZOMBIE;ZOMBIE_NORMAL;ZOMBIE;zombieb;ZOMBIE;2;NIETHER;MALE;NEUTRAL;dw#gpsht;None;ZOMBIEB;None;dw1melmo;;;RING94;;;B1-8;;;;65;bg1;Zombie
ZOMBIEW;UNDEAD;ZOMBIE;ZOMBIE_NORMAL;ZOMBIE;zombiew;ZOMBIE;2;NIETHER;MALE;ENEMY;None;None;ZOMBIEW;None;dw1melmo;;;RING94;;;B1-8;;;;65;bg1;Zombie
ZOMBIE_A;UNDEAD;ZOMBIE;ZOMBIE_NORMAL;ZOMBIE;None;ZOMBIE;2;NIETHER;MALE;ENEMY;dw#gpshm;None;None;None;dw1melmo;;;RING94;;;B1-8;;;;65;bg1;Zombie
ZOMBIE_B;UNDEAD;ZOMBIE;ZOMBIE_NORMAL;ZOMBIE;None;ZOMBIE;2;NIETHER;MALE;ENEMY;dw#gpshm;None;None;None;dw1melmo;;;RING94;;;B1-8;;;;65;bg1;Zombie
ZOMBIE_C;UNDEAD;ZOMBIE;ZOMBIE_NORMAL;ZOMBIE;None;ZOMBIE;2;NIETHER;MALE;ENEMY;dw#gpshm;None;None;None;dw1melmo;;;RING94;;;B1-8;;;;65;bg1;Zombie
ZOMBIE_D;UNDEAD;ZOMBIE;ZOMBIE_NORMAL;ZOMBIE;None;ZOMBIE;2;NIETHER;MALE;ENEMY;dw#gpshm;None;None;None;dw1melmo;;;RING94;;;B1-8;;;;65;bg1;Zombie
ZOMBIE_E;UNDEAD;ZOMBIE;ZOMBIE_NORMAL;ZOMBIE;None;ZOMBIE;2;NIETHER;MALE;ENEMY;dw#gpshm;None;None;None;dw1melmo;;;RING94;;;B1-8;;;;65;bg1;Zombie
ZORDRA;HUMANOID;HUMAN;MAGE;MAGE_MALE_HUMAN;ZORDRAL;zordral;6;MALE;MALE;NEUTRAL;RR#PICKP;dw#shdlg;;;dw#mg150;;;;;;STAF01;;;;900;bg1;Zordral
ZORL;MONSTER;DOPPLEGANGER;DOPPLEGANGER_GREATER;MAGE_MALE_HUMAN;Zorl;zorl;1;NIETHER;MALE;NEUTRAL;None;ZORL;None;None;dw1melge;;;;;;S1-12;;;;420;bg1;Zorl
UBBRUN;HUMANOID;HUMAN;FIGHTER;FIGHTER_MALE_HUMAN;UBBrunos;;9;MALE;MALE;NEUTRAL;SHOUT;None;None;None;wtasight;;SHLD04;;;;BLUN07;;;;1400;bg1ub;Brunos
UBCORIAN;HUMANOID;HUMAN;RANGER;FIGHTER_FEMALE_HUMAN;UBCORIAN;UBCORIAN;2;FEMALE;FEMALE;NEUTRAL;RR#PICKP;;WTASIGHT;None;;;;;;;;;;;0;bg1ub;Corianna
UBDBEAR;ANIMAL;BEAR;BEAR_BLACK;BEAR_BLACK;UBDBEAR;;3;MALE;MALE;NEUTRAL;None;None;BEAR;None;WDASIGHT;;;;;;B1-6;;;;0;bg1ub;Black Bear
UBFARM5;HUMANOID;HUMAN;INNOCENT;PEASANT_MAN;UBFARM5;UBFARM5;1;MALE;MALE;NEUTRAL;dw#innhl;INITDLG;RUNENEMY;None;WDRUNSGT;;;;;;;;;;15;bg1ub;Farmer
UBKEST;HUMANOID;HUMAN;THIEF;THIEF_MALE_HUMAN;UBKestor;;8;MALE;MALE;NEUTRAL;SHOUT;None;None;None;wtarsgt;;;;;;DART03;DART01;;;1200;bg1ub;Kestor
UBMALKA2;ANIMAL;NO_RACE;NO_CLASS;BIRD;UBMALKA2;UBMALKAL;1;MALE;MALE;NEUTRAL;UBMALKA2;;;;;;;;;;;;;;0;bg1ub;Mal-Kalen
UBMALKAL;UNDEAD;GHOUL;GHOUL_REVEANT;MAGE_MALE_HUMAN;UBMALKAL;UBMALKAL;10;MALE;MALE;NEUTRAL;UBMALKAL;;;;dw1melge;UBMKHLM;;IMMUNE1;RING95;;UBMKATK;;;;2000;bg1ub;Mal-Kalen
UBMERCH;HUMANOID;HUMAN;INNOCENT;FAT_MAN;None;UBMERCH;1;MALE;MALE;NEUTRAL;dw#innhl;MERCH2;RUNENEMY;None;WTRUNSGT;;;;;;;;;;15;bg1ub;Merchant
UBNIMDOG;ANIMAL;DOG;DOG_WAR;DOG_WAR;ubnimdog;ubnimdog;2;MALE;MALE;NEUTRAL;ubnimdog;;;;;;;;;;P1-8;;;;65;bg1ub;Hunting Dog
UBNIMFUR;HUMANOID;ELF;INNOCENT;FIGHTER_FEMALE_ELF;ubnimfur;ubnimfur;6;FEMALE;FEMALE;NEUTRAL;ubnimfur;;;;;;;;;;BOW01;DAGG01;;;600;bg1ub;Nim Furlwing
UBNIMWLF;ANIMAL;WOLF;WOLF_DIRE;WOLF_DIRE;ubnimwlf;ubnimwlf;4;MALE;MALE;ENEMY;ubnimwlf;;;;;;;;;;P1-8;;;;125;bg1ub;Dire Wolf
UBOGMA01;GIANTHUMANOID;OGRE;OGRE_MAGE;OGRE_MAGE;UBOGMA01;;5;NIETHER;MALE;ENEMY;None;None;;None;dw#mg133;;;;;;COMPS01;;;;650;bg1ub;Ogre Mage
UBOGMA02;GIANTHUMANOID;OGRE;OGRE_MAGE;OGRE_MAGE;UBOGMA02;;5;NIETHER;MALE;ENEMY;None;None;;None;dw#mg134;;;MAGE01;;;COMPS01;;;;650;bg1ub;Ogre Mage
UBQUON;HUMANOID;GNOME;INNOCENT;CLERIC_MALE_DWARF;UBQUON;UBQUON;2;MALE;MALE;NEUTRAL;SHOUT;;PRIEST1;None;dw1melge;;;;;;HAMM02;;;;125;bg1ub;Quoningar
UBRIEL;HUMANOID;HUMAN;MAGE;MAGE_MALE_HUMAN;UBRieltar;;6;MALE;MALE;NEUTRAL;SHOUT;RIELTAR;MAGE4;None;wtasight;;;;;;DAGG01;;;;975;bg1ub;Rieltar
UBSHILO;HUMANOID;HUMAN;INNOCENT;FIGHTER_MALE_HUMAN;UBShilo;ubshilo;3;MALE;MALE;NEUTRAL;SHOUT;;None;None;dw1range;;;;;;BOW03;SW1H07;;;270;bg1ub;Shilo Chen
UBSHOPGE;HUMANOID;HUMAN;INNOCENT;STATIC_FAT_MAN;None;SHOPGE;1;MALE;MALE;NEUTRAL;dw#innhl;None;None;None;None;;;;;;;;;;15;bg1ub;Merchant
UBSNOGOL;HUMANOID;NO_RACE;NO_CLASS;OGRILLON;ubsnogol;ubsnogol;9;NIETHER;NIETHER;NEUTRAL;ubsnogol;;;;;;;;UBSNORNG;;UBSNOFST;;;;2500;bg1ub;Snow Golem
UBSVLAST;HUMANOID;HUMAN;FIGHTER;FIGHTER_MALE_HUMAN;UBSVLAST;UBSVLAST;7;MALE;MALE;NEUTRAL;UBSVLAST;;;;;;SHLD03;;;;SW1H02;;;;600;bg1ub;Svlast
UBSVLREV;UNDEAD;GHOUL;GHOUL_REVEANT;ZOMBIE;UBSVLREV;UBSVLREV;15;NIETHER;MALE;NEUTRAL;UBSVLREV;;;;;UBSVLHLM;;IMMUNE1;RING95;;REVENT2;;;;3000;bg1ub;Revenant
UBTUTH;HUMANOID;HUMAN;FIGHTER;FIGHTER_MALE_HUMAN;UBTuth;;9;MALE;MALE;NEUTRAL;SHOUT;None;None;None;wtasight;;SHLD04;;;;SW1H05;;;;4000;bg1ub;Tuth
C#EBG1BD;HUMANOID;NO_RACE;NO_CLASS;DOOM_GUARD;c#ebg1bd;c#ebg1bd;10;MALE;MALE;NEUTRAL;c#ebg1b2;;;;;;;MAGE01;;MINHP1;;;;;2000;C#ENDLESSBG1;<CHARNAME>'s Bed
C#STELTA;HUMANOID;HUMAN;FIGHTER;FIGHTER_MALE_HUMAN;Eltan;DELTAN2;20;MALE;MALE;NEUTRAL;C#STELTA;SHOUT;None;None;dw1melge;;;;MINHP1;AMUL17;SW1H41;;;;12000;C#ENDLESSBG1;Duke Eltan
C#STLMST;HUMANOID;HUMAN;INNOCENT;ELMINSTER;C#STLMST;C#STLMST;29;MALE;MALE;NEUTRAL;INITDLG;None;None;ELMIN;wtrunsgt;;;;;;STAF01;;;;26000;C#ENDLESSBG1;Elminster
C#STSRG1;HUMANOID;HUMAN;FLAMING_FIST;CLERIC_MALE_HUMAN;c#stsrg1;c#stsrg1;1;MALE;MALE;NEUTRAL;SHOUT;SEEENEMY;None;None;dw1melge;HELM09;SHLD01;;;;SW1H04;;;;15;C#ENDLESSBG1;Flaming Fist Mercenary
C#STSRG2;HUMANOID;HUMAN;FLAMING_FIST;CLERIC_MALE_HUMAN;c#stsrg2;c#stsrg1;1;MALE;MALE;NEUTRAL;SHOUT;SEEENEMY;None;None;dw1melge;HELM09;SHLD01;;;;SW1H04;;;;15;C#ENDLESSBG1;Flaming Fist Mercenary
C#STSRV1;HUMANOID;HUMAN;INNOCENT;PEASANT_MAN;c#stsrv1;c#stsrv1;0;MALE;MALE;NEUTRAL;dw#innhl;RUNENEMY;INITDLG;None;WDRUNSGT;;;;;;;;;;7;C#ENDLESSBG1;Servant
C#STSRV2;HUMANOID;HUMAN;INNOCENT;PEASANT_MAN;c#stsrv2;c#stsrv2;0;MALE;MALE;NEUTRAL;dw#innhl;RUNENEMY;INITDLG;None;WDRUNSGT;;;;;;;;;;7;C#ENDLESSBG1;Servant
C#STBBHL;HUMANOID;NO_RACE;NO_CLASS;BIRD;c#stbbhl;NONE;1;NIETHER;MALE;NEUTRAL;NONE;NONE;NONE;NONE;NONE;;;;MAGE01;IMOENHP1;;;;;0;C#SODBOABRI;
BTELITE;HUMANOID;HUMAN;FIGHTER;FIGHTER_MALE_HUMAN;None;None;4;MALE;MALE;ENEMY;SHOUT;;None;None;dw1range;;;;;;BOW03;SW1H04;;;240;NTOTSC;Black Talon Elite
DEADB01;HUMANOID;HUMAN;FIGHTER;FIGHTER_MALE_HUMAN;deadb01;deadb01;7;MALE;MALE;NEUTRAL;None;None;None;None;None;;;;;;SW2H01;;;;0;NTOTSC;Adventurer
DEADB02;HUMANOID;HUMAN;MAGE;MAGE_FEMALE_HUMAN;deadb02;deadb02;7;FEMALE;FEMALE;NEUTRAL;None;None;None;None;None;;;;;;;;;;0;NTOTSC;Adventurer
DEADB03;HUMANOID;HALFLING;THIEF;THIEF_MALE_HALFLING;deadb03;deadb03;7;MALE;MALE;NEUTRAL;None;None;None;None;None;;;;;;;;;;0;NTOTSC;Adventurer
DSFEYDO;HUMANOID;ELF;RANGER;FIGHTER_MALE_ELF;DSFEYDO;DSFEYDO;11;MALE;MALE;NEUTRAL;DSFEYDO;DSSYLVAN;;;;;;;;;DSGBBOW;SPER01;DART01;;480;NTOTSC;Fey'doch
DSWELF1;HUMANOID;ELF;RANGER;FIGHTER_MALE_ELF;SYLVAN;NTWDELF;4;MALE;MALE;NEUTRAL;RR#PICKP;DSSYLVAN;;;;;;;;;BOW05;SW1H01;DART01;;165;NTOTSC;Wood Elf Warrior
DSWELF1E;HUMANOID;ELF;RANGER;FIGHTER_MALE_ELF;SYLVAN;NTWDELF;7;MALE;MALE;NEUTRAL;RR#PICKP;DSSYLVAN;;;;;;;;;BOW05;SW1H01;DART01;;340;NTOTSC;Wood Elf Elite
DSWELF2;HUMANOID;ELF;RANGER;FIGHTER_FEMALE_ELF;SYLVAN;NTWDELF;4;FEMALE;MALE;NEUTRAL;RR#PICKP;DSSYLVAN;;;;;;;;;BOW05;SPER01;DART01;;165;NTOTSC;Wood Elf Warrior
DSWELF2E;HUMANOID;ELF;RANGER;FIGHTER_FEMALE_ELF;SYLVAN;NTWDELF;7;FEMALE;MALE;NEUTRAL;RR#PICKP;DSSYLVAN;;;;;;;;;BOW05;SPER01;DART01;;340;NTOTSC;Wood Elf Elite
GHASTF01;UNDEAD;GHOUL;GHOUL_GHAST;GHAST;None;;6;NIETHER;MALE;ENEMY;;;None;None;dw1melge;;;RING95;IMMUNE1;;GHAST1;;;;850;NTOTSC;Fell Ghast
HGSAL01;MONSTER;ELEMENTAL;ELEMENTAL_FIRE;SALAMANDER_FIRE;None;None;10;MALE;MALE;ENEMY;GRPSHT01;None;None;None;dw1melmo;;;RING95;IMMUNE1;;HGSALF;;;;3500;NTOTSC;Fire Salamander
NTABIGAI;HUMANOID;HUMAN;INNOCENT;PEASANT_WOMAN;NONE;NTABIGAI;1;FEMALE;FEMALE;NEUTRAL;NTCITAD2;RUNENEMY;None;NONE;NONE;;;;;;;;;;15;NTOTSC;Maid
NTAMELKA;HUMANOID;HUMAN;CLERIC;CLERIC_FEMALE_HUMAN;NTAMELKA;;6;FEMALE;FEMALE;NEUTRAL;SHOUT;;;;dw#pr45;;SHLD03;;;;BLUN02;;;;900;NTOTSC;Amelka
NTARCHAN;HUMANOID;FAIRY;FAIRY_DRYAD;SIRINE;NTARCHAN;NTARCHAN;2;FEMALE;FEMALE;NEUTRAL;RR#PICKP;;;WTRUNSGT;dw1melge;;;;;;DAGG01;;;;975;NTOTSC;Archandra
NTASCHMA;HUMANOID;HUMAN;FIGHTER_CLERIC;MONK;ASCHMAAN;;12;MALE;MALE;ENEMY;;;;;dw1range;HELM13;;;NTRING02;;NTBLUN03;BOW01;;;5000;NTOTSC;Brother Aschmaan
NTASHIRU;UNDEAD;HUMAN;FIGHTER_THIEF;THIEF_FEMALE_ELF;ASHIRU;;8;MALE;MALE;ENEMY;TURNINVS;;;;dw1melth;;;;MAGE01;;NTSWD03;;;;2000;NTOTSC;Ashirukuru
NTASSAIA;HUMANOID;FAIRY;FAIRY_DRYAD;SIRINE;NTASSAIA;NTTAMASS;2;FEMALE;FEMALE;NEUTRAL;RR#PICKP;;;WTRUNSGT;dw1melge;;;;;;DAGG01;;;;975;NTOTSC;Assaia
NTAURELI;HUMANOID;HUMAN;INNOCENT;STATIC_PEASANT_MAN_STOOL;NTAURELI;NTAURELI;1;MALE;MALE;NEUTRAL;dw#innhl;NONE;NONE;NONE;NONE;;;;;;;;;;15;NTOTSC;Aurelinus
NTAVERY;HUMANOID;HUMAN;CLERIC;CLERIC_MALE_HUMAN;NTAVERY;NTAVERY;1;MALE;MALE;NEUTRAL;NTCITADL;;NONE;NONE;dw#pr46;;;;;;BLUN04;;;;35;NTOTSC;Avery
NTBALEN;HUMANOID;HUMAN;FIGHTER;FIGHTER_MALE_HUMAN;NTBALEN;NTBALEN;6;MALE;MALE;NEUTRAL;INITDLG;;;;dw1range;;;;;;BOW03;SW1H20;;;300;NTOTSC;Balen
NTBEARPO;ANIMAL;BEAR;BEAR_POLAR;BEAR_POLAR;NTBearPo;;8;MALE;MALE;ENEMY;None;None;BEAR;None;dw1melmo;;;;;;B1-12;;;;225;NTOTSC;Mountain Bear
NTBKNIGH;HUMANOID;SPECTRE;FIGHTER;FIGHTER_MALE_HUMAN;BKNIGHT;;15;NIETHER;MALE;ENEMY;;;;;dw1melge;HELM13;SHLD16;TRANSBP;RING98;;NTFBLADE;;;;10000;NTOTSC;Knight from the Grave
NTBLHCU1;HUMANOID;HUMAN;FIGHTER_CLERIC;MONK;NONE;;10;MALE;MALE;ENEMY;NONE;WTATTWAT;NONE;NONE;dw1range;;;RING18;;;BOW09;BLUN05;;;3000;NTOTSC;Black Hand Cultist
NTBLHCUL;HUMANOID;HUMAN;FIGHTER_CLERIC;MONK;NONE;;10;MALE;MALE;ENEMY;;WTATTWAT;;;dw1range;;;RING18;;;BOW09;BLUN05;;;2500;NTOTSC;Black Hand Cultist
NTBOYBE1;HUMANOID;HUMAN;INNOCENT;BOY;NTBOYBE1;NTBOYBE1;1;MALE;MALE;NEUTRAL;RR#PICKP;RUNENEMY;NONE;NONE;;;;;;;;;;;7;NTOTSC;Boy
NTBPWATC;HUMANOID;WRAITH;FIGHTER;FIGHTER_MALE_HUMAN;NTBPWATC;NTBPWATC;15;NIETHER;MALE;NEUTRAL;INITDLG;;;;dw1melge;HELM13;SHLD18;TRANSBP;;;NTAXE01;;;;9000;NTOTSC;Catacomb Warder
NTBRENT1;HUMANOID;HUMAN;PALADIN;FIGHTER_MALE_HUMAN;NTBRENTA;NTBRENTA;3;MALE;MALE;NEUTRAL;SEEENEM1;;;;dw1melpa;;SHLD03;;;;SW1H01;;;;0;NTOTSC;Brentaw
NTBRENTA;HUMANOID;HUMAN;PALADIN;FIGHTER_MALE_HUMAN;NTBRENTA;NTBRENTA;3;MALE;MALE;NEUTRAL;NTBRENTA;NTCITADL;;;dw1melpa;;SHLD03;;;;SW1H01;;;;0;NTOTSC;Brentaw
NTBRIGAN;HUMANOID;HUMAN;FIGHTER;FIGHTER_MALE_HUMAN;None;None;1;MALE;MALE;ENEMY;SHOUT;BANDITCY;None;None;dw1range;;;;;;SW1H01;BOW03;;;48;NTOTSC;Brigand
NTCHOLGA;HUMANOID;HUMAN;CLERIC;CLERIC_FEMALE_HUMAN;NTCHOLGA;NTCHOLGA;5;FEMALE;FEMALE;NEUTRAL;SHOUT;;;NONE;dw#pr47;HELM01;SHLD03;;;;BLUN04;;;;1200;NTOTSC;Cholga
NTDEATH1;HUMANOID;DEMONIC;FIGHTER_MAGE;DEATH_KNIGHT;NTDEATH1;;15;MALE;MALE;ENEMY;;;None;None;dw1melge;HELM15;;;;;SW2H02;;;;15000;NTOTSC;Demonknight
NTDEATHK;HUMANOID;DEMONIC;FIGHTER_MAGE;DEATH_KNIGHT;NTDEATHK;NTDEATHK;15;MALE;MALE;NEUTRAL;INITDLG;;;;;HELM02;SHLD06;;;;SW2H05;;;;0;NTOTSC;Demonknight
NTDEMON;MONSTER;DEMONIC;TANARI;TANARRI;NONE;;30;NIETHER;MALE;ENEMY;;;;;dw1melge;;;;RINGDEMN;;S1-12M2;;;;0;NTOTSC;Doomsayer
NTDOOMBE;MONSTER;NO_RACE;NO_CLASS;BEAR_POLAR;MISIO;;6;NIETHER;MALE;ENEMY;REDBAKE;;;;dw1melmo;HELM13;;RING95;;;S1-20;;;;2500;NTOTSC;Teddy the Doomsayer
NTDRAAGI;HUMANOID;HUMAN;MAGE;MONK;NTDRAAGI;NTDRAAGI;10;MALE;MALE;NEUTRAL;INITINV;MAGE10D;;;dw1range;;;NTKEYPB2;;;NTSTAFF1;DART01;;;5000;NTOTSC;Brother Draagis
NTDXTER;HUMANOID;HUMAN;MAGE;MAGE_FEMALE_HUMAN;NTDXTER;NTDEXTPB;4;FEMALE;FEMALE;NEUTRAL;NTDXTER;;;;dw1melge;;;;;;NTMIOTPB;;;;500;NTOTSC;Sister A Little
NTELDOD;HUMANOID;HUMAN;FIGHTER;CLERIC_MALE_HUMAN;NTELDOD;NTELDOD;6;MALE;MALE;NEUTRAL;NTELDOD;None;;;dw1melge;;;;;;SW2H02;;;;1000;NTOTSC;Eldod
NTELDOD1;HUMANOID;HUMAN;FIGHTER;CLERIC_MALE_HUMAN;NTELDOD1;NTELDOD;6;MALE;MALE;NEUTRAL;NTELDOD;SEEENEM1;;;dw1melge;;;;;;SW2H02;;;;1000;NTOTSC;Eldod
NTELKA;HUMANOID;HUMAN;FIGHTER_THIEF;THIEF_FEMALE_HUMAN;NTELKA;;4;FEMALE;FEMALE;NEUTRAL;SHOUT;;;;dw1ranth;;;;;;BOW05;SW1H07;;;600;NTOTSC;Elka
NTESSILA;HUMANOID;FAIRY;FAIRY_DRYAD;SIRINE;NTESSILA;NTESSILA;2;FEMALE;FEMALE;NEUTRAL;RR#PICKP;;;WTRUNSGT;dw1melge;;;;;;DAGG01;;;;975;NTOTSC;Essila
NTFALTON;HUMANOID;HUMAN;INNOCENT;BOY;NTFALTON;NTFALTON;1;MALE;MALE;NEUTRAL;NONE;NONE;NONE;NONE;NONE;;;;;;;;;;7;NTOTSC;Falton
NTFOREOG;GIANTHUMANOID;OGRE;OGRE_MAGE;OGRE_MAGE;NTFOREOG;;5;NIETHER;MALE;ENEMY;;;;;dw#mg101;;;;MAGE01;;SW1H01;;;;650;NTOTSC;Ogre Mage
NTGGHOT1;UNDEAD;SPECTRE;FIGHTER;DEATH_KNIGHT;NTGGHOT1;NONE;12;MALE;MALE;ENEMY;NTGGHOT1;;;NTGHOTAL;dw1melge;HELM08;;;RING95;IMMUNE2;NTGHOTAL;;;;12000;NTOTSC;General Ghotal
NTGGHOTA;UNDEAD;SPECTRE;FIGHTER;DEATH_KNIGHT;NTGGHOTA;NTGGHOTA;12;MALE;MALE;NEUTRAL;INITGHOT;NONE;NONE;NTGHOTAL;dw1melge;HELM08;;;RING95;IMMUNE2;NTGHOTAL;;;;15000;NTOTSC;General Ghotal
NTGHELDE;HUMANOID;GNOME;THIEF;FIGHTER_MALE_GNOME;NTGHELDE;NTGHELDE;3;MALE;MALE;NEUTRAL;INITNEB;;;;;;;;;;;;;;175;NTOTSC;Gheldehar
NTGOLBON;GIANTHUMANOID;GOLEM;GOLEM_STONE;SKELETON_FIEND;ICBONE01;;14;NIETHER;MALE;ENEMY;GENSHT01;NONE;NONE;NONE;dw1melmo;HELMNOAN;;IMMUNE2;GOLCLA;;S3-8M3;;;;12000;NTOTSC;Bone Golem
NTGOLSTO;GIANTHUMANOID;GOLEM;GOLEM_STONE;GOLEM_CLAY;golsto01;;14;NIETHER;MALE;ENEMY;GENSHT01;None;None;GOLSTO01;dw1melmo;;;IMMUNE2;GOLSTONE;;GOLSTO;;;;8000;NTOTSC;Stone Golem
NTGUARP1;HUMANOID;HUMAN;FIGHTER;FIGHTER_MALE_HUMAN;GUARPB1;NTGUARNC;1;MALE;MALE;NEUTRAL;SHOUT;NTCITADL;;;dw1melge;;;;;;SW1H04;;;;35;NTOTSC;Guard
NTGUARP2;HUMANOID;HUMAN;FIGHTER;FIGHTER_MALE_HUMAN;GUARPB2;NTGUARNC;1;MALE;MALE;NEUTRAL;SHOUT;NTCITADL;;;dw1melge;;;;;;SW1H04;;;;35;NTOTSC;Guard
NTGUARP3;HUMANOID;HUMAN;FIGHTER;FIGHTER_MALE_HUMAN;GUARPB3;NTGUARNC;1;MALE;MALE;NEUTRAL;SHOUT;NTCITADL;;;dw1melge;;;;;;SW1H04;;;;35;NTOTSC;Guard
NTGUARP4;HUMANOID;HUMAN;FIGHTER;FIGHTER_MALE_HUMAN;GUARPB4;NTGUARNC;1;MALE;MALE;NEUTRAL;SHOUT;NTCITADL;;;dw1melge;;;;;;SW1H04;;;;35;NTOTSC;Guard
NTGUARPB;HUMANOID;HUMAN;FIGHTER;FIGHTER_MALE_HUMAN;GUARPB;NTGUARNC;1;MALE;MALE;NEUTRAL;SHOUT;NTCITADL;;;dw1melge;;;;;;SW1H04;;;;35;NTOTSC;Guard
NTHAEBAL;UNDEAD;VAMPIRE;MAGE;MAGE_MALE_HUMAN;NTHAEBAL;NTHAEBAL;12;MALE;MALE;NEUTRAL;NTHAEBAL;NONE;NONE;NONE;dw1range;;;;VAMPREG1;IMMUNE2;NTSPEAR1;DART03;;;12000;NTOTSC;Haeball
NTHALFGU;HUMANOID;HALFLING;INNOCENT;THIEF_MALE_HALFLING;NONE;NTHALFGU;0;MALE;MALE;NEUTRAL;dw#innhl;NONE;RUNENEMY;NONE;WDRUNSGT;;;;;;BLUN02;;;;7;NTOTSC;Halfling Cleric
NTHASDAR;HUMANOID;HUMAN;FIGHTER_MAGE;MONK;NTHASDAR;NTHASDAR;10;MALE;MALE;NEUTRAL;NTHASDAR;;MAGE11;;dw1range;;;RING98;;;STAF07;DART03;;;6000;NTOTSC;Brother Hasdar
NTHASTEN;HUMANOID;HUMAN;CLERIC;CLERIC_MALE_HUMAN;NTHASTEN;NTHASTEN;3;MALE;MALE;NEUTRAL;NTCITADL;;NONE;NONE;dw#pr48;;;;;;BLUN04;;;;7;NTOTSC;Hasten
NTHELLS1;MONSTER;ELEMENTAL;ELEMENTAL_FIRE;SALAMANDER_FIRE;None;None;10;MALE;MALE;ENEMY;None;None;None;None;dw1melmo;;;RING95;;;NTHELLSW;;;;2075;NTOTSC;Fire Salamander
NTHELLS2;MONSTER;ELEMENTAL;ELEMENTAL_FIRE;SALAMANDER_FIRE;NTHUMBAB;NTHUMBAB;10;MALE;MALE;NEUTRAL;NTHUMBAB;INITDLG;NONE;NONE;dw1melmo;;;RING95;;;NTHELLSW;;;;2075;NTOTSC;Humbaba
NTHELLS3;MONSTER;ELEMENTAL;ELEMENTAL_FIRE;SALAMANDER_FIRE;None;None;10;MALE;MALE;NEUTRAL;NTHELLS3;None;None;None;dw1melmo;;;RING95;;;NTHELLSW;;;;2075;NTOTSC;Fire Salamander
NTHELLSA;MONSTER;ELEMENTAL;ELEMENTAL_FIRE;SALAMANDER_FIRE;NTOOGOOR;NTOOGOOR;10;MALE;MALE;NEUTRAL;INITDLG;NONE;NONE;NONE;dw1melmo;;;RING95;;;NTHELLSW;;;;3000;NTOTSC;Oogoor
NTHOBGOD;HUMANOID;HOBGOBLIN;HOBGOBLIN;HOBGOBLIN;NTHOBGOD;NTHOBGOD;1;MALE;MALE;NEUTRAL;HOBGOBF;;;;dw1range;HELM01;;;;;BOW03;SW1H01;;;350;NTOTSC;Hobgod
NTINDFI1;MONSTER;DEMONIC;TANARI;LICH_BLACK;NTINDFI1;NONE;13;NIETHER;MALE;NEUTRAL;NTFIENDS;NONE;NTMAUREZ;NONE;dw1melge;HELMNOAN;;RINGDEMN;IMMUNE1;;DEMMAU01;;;;6000;NTOTSC;Maurezhi
NTINDFI2;MONSTER;DEMONIC;TANARI;LICH_BLACK;NTINDFI2;NONE;13;NIETHER;MALE;NEUTRAL;NTFIENDS;NONE;NTMAUREZ;NONE;dw1melge;HELMNOAN;;RINGDEMN;IMMUNE1;;DEMMAU01;;;;6000;NTOTSC;Maurezhi
NTINDFIG;MONSTER;DEMONIC;TANARI;SIRINE;NTINDFIG;NTINDFIG;6;FEMALE;FEMALE;NEUTRAL;NTFIENDS;NONE;NTSUCCUB;SHOUTDLG;dw1melge;HELMNOAN;;RINGDEMN;IMMUNE2;;DEMSUC01;;;;11000;NTOTSC;Succubus
NTKAMIRA;HUMANOID;HUMAN;FIGHTER;FIGHTER_FEMALE_HUMAN;NTKAMIRA;NTKAMIRA;3;FEMALE;FEMALE;NEUTRAL;NTCITAD3;SEEENEM1;;;FIGHTER4;;;;;;SW1H04;DAGG01;;;0;NTOTSC;Kamira
NTKEELOR;HUMANOID;DWARF;INNOCENT;SLEEPING_DWARF;NTKEELOR;NTKEELOR;5;MALE;MALE;NEUTRAL;RR#PICKP;NTKEELOR;;;dw1melge;;;;;;AX1H02;;;;270;NTOTSC;Keelor
NTKOLDAR;HUMANOID;HUMAN;INNOCENT;FIGHTER_MALE_HUMAN;NTKOLDAR;NTKOLDAR;3;MALE;MALE;NEUTRAL;INITDLG;SHOUT;NONE;NONE;dw1range;;;;;;BOW03;SW1H07;;;270;NTOTSC;Koldar
NTKRESTI;HUMANOID;HUMAN;INNOCENT;FIGHTER_MALE_ELF;NTKRESTI;NTKRESTI;3;MALE;MALE;NEUTRAL;SHOUT;;NONE;NONE;dw1melge;;;;;;;;;;270;NTOTSC;Krestian
NTKROTAN;HUMANOID;OGRE;OGRE;OGRE_MAGE;NTKROTAN;NTKROTAN;15;MALE;MALE;NEUTRAL;NTKROTAN;;;;dw1melge;;SHLD03;;;;SW2H02;;;;6000;NTOTSC;Krotan
NTLEGIAN;HUMANOID;HUMAN;THIEF;THIEF_MALE_HUMAN;NTLEGIAN;;3;MALE;MALE;ENEMY;;;;;dw1ranth;;;;;;XBOW06;DAGG01;;;60;NTOTSC;Legion
NTLENORE;HUMANOID;HUMAN;CLERIC;CLERIC_FEMALE_HUMAN;NTLENORE;NTLENORE;3;FEMALE;FEMALE;NEUTRAL;NTCITADL;;;;dw1melge;;;;;;BLUN04;;;;120;NTOTSC;Lenore
NTLLINDE;HUMANOID;ELF;RANGER;FIGHTER_MALE_ELF;NTLLINDE;NTLLINDE;8;MALE;MALE;NEUTRAL;RR#PICKP;None;None;None;WTRUNWAT;;;;;;SW1H04;BOW05;;;600;NTOTSC;Llindellyn
NTLUCRET;HUMANOID;FAIRY;FAIRY_DRYAD;SIRINE;NTLUCRET;NTLUCRET;2;FEMALE;FEMALE;NEUTRAL;RR#PICKP;;;WTRUNSGT;dw1melge;;;;;;DAGG01;;;;975;NTOTSC;Lucretia
NTMAGNAD;HUMANOID;HUMAN;INNOCENT;NOBLE_MAN;NTMAGNAD;NTMAGNAD;1;MALE;MALE;NEUTRAL;INITDLG;RUNENEMY;NONE;NONE;WTRUNSGT;;;;;;;;;;15;NTOTSC;Magnad
NTMARIEL;HUMANOID;HUMAN;THIEF;THIEF_FEMALE_HUMAN;MARIELLA;;15;FEMALE;FEMALE;ENEMY;;;;;dw1melth;;;;;;SW1H10;;;;1000;NTOTSC;Mariel
NTMILEA;HUMANOID;FAIRY;FAIRY_DRYAD;SIRINE;NTMILEA;NTMILEA;2;FEMALE;FEMALE;NEUTRAL;RR#PICKP;;;WTRUNSGT;dw1melge;;;;;;DAGG01;;;;975;NTOTSC;Milea
NTMONKD2;HUMANOID;HUMAN;MONK;CLERIC_MALE_HUMAN;NONE;NTMONKD2;3;MALE;MALE;NEUTRAL;SHOUT;PRIEST1;NTCITADL;NONE;dw1melmn;;;;;;STAF01;;;;120;NTOTSC;Monk
NTMONKDE;HUMANOID;HUMAN;CLERIC;CLERIC_MALE_HUMAN;NTMONKDE;NTMONKDE;3;MALE;MALE;NEUTRAL;NTCITADL;SEEENEM1;;;dw#pr49;;;;;;STAF01;;;;120;NTOTSC;Monk
NTMORDOR;HUMANOID;DWARF;FIGHTER_CLERIC;CLERIC_MALE_DWARF;NTMORDOR;NTMORDOR;3;MALE;MALE;NEUTRAL;NTCITAD3;SEEENEM1;None;None;dw1range;;;;;;AX1H05;;;;150;NTOTSC;Mardoroan
NTNADALI;HUMANOID;HUMAN;INNOCENT;PEASANT_MAN;NTNADALI;NTNADALI;1;MALE;MALE;NEUTRAL;dw#innhl;NONE;NONE;NONE;RUNENEMY;;;;;;DAGG01;;;;15;NTOTSC;Nadalin
NTNASHA;HUMANOID;DWARF;INNOCENT;CLERIC_FEMALE_DWARF;NTNASHA;NTNASHA;8;FEMALE;FEMALE;NEUTRAL;RR#PICKP;PRIEST4;PUMBER;SHOUT;dw1melge;;;;;;BLUN06;;;;600;NTOTSC;Nasha
NTNATALK;HUMANOID;HUMAN;FIGHTER_THIEF;FIGHTER_FEMALE_HUMAN;NTNATALK;None;4;FEMALE;FEMALE;NEUTRAL;SHOUT;;None;None;dw1ranth;;;;;;BOW01;SW1H07;;;600;NTOTSC;Natalka
NTOGREDA;GIANTHUMANOID;OGRE;OGRE;OGRE;NTOGREDA;;4;NIETHER;MALE;ENEMY;;;;;dw1melge;;;;;;SW2H11;;;;485;NTOTSC;Daddy
NTOGREMU;HUMANOID;DWARF;CLERIC;CLERIC_FEMALE_DWARF;NTOGREMU;;6;FEMALE;FEMALE;ENEMY;;;;;dw#pr50;;;;;;STAF23;;;;315;NTOTSC;Mommy
NTOLIVIA;HUMANOID;ELF;DRUID;CLERIC_FEMALE_ELF;None;NTOLIVIA;4;FEMALE;FEMALE;NEUTRAL;RR#PICKP;DRUID6A;None;None;dw1melge;;;;;;STAF01;;;;270;NTOTSC;Olivia
NTORC03;HUMANOID;ORC;CLERIC;ORC_SHAMAN;NTORC03;;3;MALE;MALE;ENEMY;GENSHT01;;PRIEST12;;dw1range;;;;;;STAF01;SLNG01;;;175;NTOTSC;Orc Priest
NTORCS3;HUMANOID;ORC;CLERIC;ORC_SHAMAN;NTORCS3;;3;MALE;MALE;ENEMY;GENSHT01;;PRIEST12;;dw1range;;;;;;STAF01;SLNG01;;;175;NTOTSC;Orc Priest
NTORDOL;HUMANOID;HUMAN;INNOCENT;MONK;NTORDOL;NTORDOL;1;MALE;MALE;NEUTRAL;NONE;NONE;NONE;NONE;NONE;;;;;;;;;;150;NTOTSC;Ordolath
NTORPEHO;HUMANOID;DWARF;CLERIC_THIEF;CLERIC_MALE_GNOME;NTOrpeho;NTORPEHO;3;MALE;MALE;NEUTRAL;NTCITAD3;None;None;None;dw1melth;;;;;;BLUN06;;;;0;NTOTSC;Orpeho
NTOUPAST;HUMANOID;HUMAN;INNOCENT;STATIC_PEASANT_MAN_STOOL;NTOUPAST;NTOUPAST;1;MALE;MALE;NEUTRAL;dw#innhl;NONE;NONE;NONE;NONE;;;;;;;;;;15;NTOTSC;Oupaste
NTPANDRI;HUMANOID;HUMAN;INNOCENT;PEASANT_MAN;NTPANDRI;NTPANDRI;1;MALE;MALE;NEUTRAL;RR#PICKP;WTRUNWAT;NONE;NONE;NONE;;;;;;;;;;15;NTOTSC;Pandris
NTPAULIA;HUMANOID;FAIRY;FAIRY_DRYAD;SIRINE;NTPAULIA;NTPAULIA;2;FEMALE;FEMALE;NEUTRAL;RR#PICKP;;;WTRUNSGT;dw1melge;;;;;;DAGG01;;;;975;NTOTSC;Paulia
NTPILAR;HUMANOID;HALF_ELF;INNOCENT;CLERIC_FEMALE_ELF;NTPILAR;NTPILAR;6;FEMALE;FEMALE;NEUTRAL;SHOUT;PRIEST3;NONE;NONE;dw1melge;;;;;;STAF01;;;;420;NTOTSC;Pilar
NTPIQUE;HUMANOID;HUMAN;FIGHTER;FIGHTER_MALE_HUMAN;NONE;NTPIQUE;3;MALE;MALE;NEUTRAL;NTPIQUE;NTCITADL;;;dw1melge;;SHLD11;;;;SW1H01;;;;120;NTOTSC;Pique
NTPOOCH;ANIMAL;DOG;DOG_WAR;DOG_WAR;Pooch;;2;MALE;MALE;NEUTRAL;;None;None;None;dw1melmo;;;;;;P1-8;;;;65;NTOTSC;Pooch
NTPRIHEL;HUMANOID;HUMAN;CLERIC;CLERIC_MALE_HUMAN;NTPRIHEL;NTPRIHEL;1;MALE;MALE;NEUTRAL;SHOUT;;NTCITADL;;dw#pr51;;SHLD01;;;;BLUN05;;;;15;NTOTSC;Priest of Helm
NTREDEDG;HUMANOID;HUMAN;THIEF;THIEF_MALE_HUMAN;NTREDEDG;NTREDEDG;6;MALE;MALE;NEUTRAL;RR#PICKP;;;;dw1melth;;;;;;SW1H07;;;;650;NTOTSC;Rededge
NTREEDRI;HUMANOID;HUMAN;FIGHTER_MAGE;MONK;NTREEDRI;NTREEDRI;10;MALE;MALE;NEUTRAL;RR#PICKP;;MAGE10D;;dw1melge;;;;;;;;;;6000;NTOTSC;Reedrig
NTROACH;MONSTER;DEMONIC;TANARI;TANARRI;NTROACH;;20;MALE;MALE;ENEMY;;TANARI;;;dw1melge;;;RINGDEMN;;;S1-12M2;;;;22000;NTOTSC;Lesser Tanar'ri
NTRUDIER;HUMANOID;HUMAN;INNOCENT;CLERIC_MALE_HUMAN;NTRUDIER;NTRUDIER;3;MALE;MALE;NEUTRAL;INITDLG;NONE;NONE;NONE;dw1melge;;;;;;STAF01;;;;120;NTOTSC;Rudier
NTSALMI1;MONSTER;ELEMENTAL;ELEMENTAL_FIRE;SALAMANDER_FROST;NTMEANDA;NTMEANDA;8;MALE;MALE;NEUTRAL;GENSHT01;;;;dw1melmo;;;RING95;IMMUNE1;;SALACOLD;;;;3000;NTOTSC;Meandar
NTSALMI2;MONSTER;ELEMENTAL;ELEMENTAL_FIRE;SALAMANDER_FROST;NTSALMI2;;8;MALE;MALE;ENEMY;GENSHT01;;;;dw1melmo;;;RING95;IMMUNE1;;SALACOLD;;;;3000;NTOTSC;Kolchear
NTSALMI3;MONSTER;ELEMENTAL;ELEMENTAL_FIRE;SALAMANDER_FROST;None;NTSALMI3;8;MALE;MALE;NEUTRAL;GENSHT01;NTSALMI1;None;None;dw1melmo;;;RING95;IMMUNE1;;SALACOLD;;;;3000;NTOTSC;Ice Salamander
NTSALMIC;MONSTER;ELEMENTAL;ELEMENTAL_FIRE;SALAMANDER_FROST;None;None;8;MALE;MALE;ENEMY;GENSHT01;None;None;None;dw1melmo;;;RING95;IMMUNE1;;SALACOLD;;;;3000;NTOTSC;Ice Salamander
NTSARQ;HUMANOID;HUMAN;MAGE;MAGE_MALE_HUMAN;NTSARQ;NTSARQ;8;MALE;MALE;NEUTRAL;RR#PICKP;MAGE10D;;;dw1melge;;;;;STAF05;;;;;2500;NTOTSC;Sar'garin Ve'xelt
NTSATOS;HUMANOID;HUMAN;CLERIC;CLERIC_MALE_HUMAN;NTSATOS;NTSATOS;7;MALE;MALE;NEUTRAL;NTCITADL;NTSATOS;;;dw1melge;;SHLD14;;;;BLUN04;;;;600;NTOTSC;Satos
NTSATOS1;HUMANOID;HUMAN;CLERIC;SLEEPING_MAN_HUMAN;NTSATOS1;NTSATOS;7;MALE;MALE;NEUTRAL;NTSATOS1;;;;dw1melge;;SHLD14;;;;BLUN04;;;;600;NTOTSC;Satos
NTSELANI;HUMANOID;ELF;INNOCENT;THIEF_MALE_ELF;NTSELANI;NTSELANI;4;MALE;MALE;NEUTRAL;RR#PICKP;NONE;NONE;NONE;dw1melge;;;;;;;;;;90;NTOTSC;Sellanio
NTSHELTO;HUMANOID;HUMAN;FIGHTER;FIGHTER_MALE_HUMAN;NTSHELTO;NTSHELTO;3;MALE;MALE;NEUTRAL;NTCITADL;;;;dw1melge;;;;;;SW1H01;;;;120;NTOTSC;Shelton
NTSHORCA;UNDEAD;SHADOW;FIGHTER;ORC_ELITE_RANGE;NTSHORCA;NONE;6;MALE;MALE;ENEMY;GENSHT01;NONE;NONE;NONE;dw1range;;;RING95;;;BOW01;DAGG02;;;420;NTOTSC;Shadowed Orc Archer
NTSHORCG;UNDEAD;SHADOW;FIGHTER;ORC_MELEE;NTSHORCG;NONE;7;MALE;MALE;ENEMY;GENSHT01;NONE;NONE;NONE;dw1melge;;;RING95;;;AX1H02;;;;650;NTOTSC;Shadowed Orc Grunt
NTSILUA;MONSTER;FAIRY;FAIRY_SIRINE;SIRINE;NTSILUA;NTSILUA;6;FEMALE;FEMALE;NEUTRAL;INITDLG;;SIRSPELL;;dw1ranmo;;;;;;SIRINE1;BOW05;;;2000;NTOTSC;Sirine
NTSIRIN2;MONSTER;FAIRY;FAIRY_SIRINE;SIRINE;Sirine02;;5;FEMALE;FEMALE;ENEMY;None;;SIRSPELL;None;dw1ranmo;;;;;;BOW05;SIRINE1;;;2000;NTOTSC;Sirine
NTSIRIN4;MONSTER;FAIRY;FAIRY_SIRINE;SIRINE;Sirine04;NTTAMASS;5;FEMALE;FEMALE;NEUTRAL;SHOUT;;SIRSPELL;None;dw1ranmo;;;;;;BOW05;SIRINE1;;;2000;NTOTSC;Sirine
NTSIRINE;MONSTER;FAIRY;FAIRY_SIRINE;SIRINE;NTSIRINE;NTSIRINE;5;FEMALE;FEMALE;NEUTRAL;SHOUT;;SIRSPELL;;dw1ranmo;;;;;;BOW05;SIRINE1;;;20;NTOTSC;Krestian's friend
NTSLAVEX;HUMANOID;HUMAN;INNOCENT;SLAVE;None;NTSLAVEX;0;MALE;MALE;NEUTRAL;RR#PICKP;RUNENEMY;None;None;dw1melge;;;;;;;;;;7;NTOTSC;Fisherman
NTSZYPER;HUMANOID;HUMAN;INNOCENT;PEASANT_MAN;NTSZYPER;NTSZYPER;1;MALE;MALE;NEUTRAL;RR#PICKP;WTRUNWAT;NONE;NONE;NONE;;;;;;;;;;15;NTOTSC;Skipper
NTTAMAEL;HUMANOID;FAIRY;FAIRY_DRYAD;SIRINE;NTTAMAEL;NTTAMASS;2;FEMALE;FEMALE;NEUTRAL;RR#PICKP;;;WTRUNSGT;dw1melge;;;;;;DAGG01;;;;975;NTOTSC;Tamael
NTTORDI1;MONSTER;NO_RACE;NO_CLASS;FIGHTER_MALE_HUMAN;TORDION1;NTTORDIO;9;NIETHER;MALE;NEUTRAL;NTTORDIO;NTSPECTR;None;None;dw1melmo;HELM15;;TRANSBP;SPECTR;;;;;;6000;NTOTSC;Torqion
NTTORDI2;MONSTER;NO_RACE;NO_CLASS;FIGHTER_MALE_HUMAN;TORDION2;NTTORDIO;9;NIETHER;MALE;NEUTRAL;NTTORDIO;NTSPECTR;None;None;dw1melmo;HELM15;;TRANSBP;SPECTR;;;;;;6000;NTOTSC;Torqion
NTTORDIO;MONSTER;NO_RACE;NO_CLASS;FIGHTER_MALE_HUMAN;TORDION;NTTORDIO;9;NIETHER;MALE;NEUTRAL;NTTORDIO;NTSPECTR;;;dw1melmo;HELM15;;TRANSBP;SPECTR;;;;;;6000;NTOTSC;Torqion
NTTYTUS;HUMANOID;HUMAN;FIGHTER;FIGHTER_MALE_HUMAN;NTTYTUS;;9;MALE;MALE;ENEMY;SHOUT;NONE;NONE;NONE;dw1range;;SHLD15;;;;AX1H04;SW1H02;;;2500;NTOTSC;Tytus
NTUTOR;HUMANOID;HUMAN;INNOCENT;BEGGAR_MAN;NTUTOR;NTUTOR;0;MALE;MALE;NEUTRAL;NTCITAD2;;;;RANDWALK;;;;;;;;;;2;NTOTSC;Utor
NTUTOR1;HUMANOID;HUMAN;INNOCENT;BEGGAR_MAN;NTUTOR1;NTUTOR;0;MALE;MALE;NEUTRAL;;;;;;;;;;;;;;;2;NTOTSC;Utor
NTVANESS;HUMANOID;HUMAN;INNOCENT;GIRL;NTVANESS;NTVANESS;1;FEMALE;FEMALE;NEUTRAL;NONE;NONE;NONE;NONE;NONE;;;;;;;;;;7;NTOTSC;Vanessa
NTWELT;GIANTHUMANOID;OGRE;OGRE;OGRE;NTWELT;NTWELT;4;NIETHER;MALE;NEUTRAL;;;;;dw1melge;;;;;;SW2H01;;;;270;NTOTSC;Welt
NTWINORM;HUMANOID;HUMAN;INNOCENT;NOBLE_WOMAN;NTWINORM;NTWINORM;1;FEMALE;FEMALE;NEUTRAL;dw#innhl;;;;;;;;;;;;;;15;NTOTSC;Winorma
NTWYVERN;MONSTER;WYVERN;MAGE;WYVERN_BIG;Drake;;20;NIETHER;MALE;NEUTRAL;None;None;None;None;dw1melmo;;;WYVERNF;TRANSBP;;F1-10;;;;7500;NTOTSC;Fire Wyvern
NTYNESS;HUMANOID;HUMAN;NO_CLASS;FIGHTER_FEMALE_HUMAN;NTYNESS;NTYNESS;5;MALE;MALE;NEUTRAL;SHOUT;NONE;NONE;NONE;dw1melge;;;;;;;;;;900;NTOTSC;Yness
NTZOMBIE;UNDEAD;ZOMBIE;ZOMBIE_NORMAL;ZOMBIE;NONE;ZOMBIE;2;NIETHER;MALE;ENEMY;;;;;dw1melmo;;;RING94;;;B1-8;;;;85;NTOTSC;Zombie
SHADOW01;UNDEAD;SHADOW;FIGHTER;SHADOW_SMALL;shadow01;None;3;NIETHER;MALE;ENEMY;GENSHT01;None;None;None;dw1melge;;;IMMUNE1;RING95;;SHADOWWP;;;;420;NTOTSC;Shadow Warrior
SKELAR01;UNDEAD;SKELETON;SKELETON;SKELETON;skelar01;None;6;NIETHER;MALE;ENEMY;GENSHT01;None;None;None;dw1ranmo;;;;RING95;;BOW03;S1-8;;;750;NTOTSC;Skeleton Archer
SKELWA01;UNDEAD;SKELETON;SKELETON_WARRIOR;SKELETON_WARRIOR;skelwa01;skelwa01;9;NIETHER;MALE;ENEMY;None;None;None;None;dw1melge;HELM08;;;RING95;;SW2H02;;;;4000;NTOTSC;Skeleton Warrior
SPIDWR01;MONSTER;SPIDER;SPIDER_WRAITH;SPIDER_WRAITH;None;;3;NIETHER;MALE;ENEMY;None;None;None;None;dw1melmo;;;IMMUNE1;RING95;ANTIWEB;SPIDWR1;;;;1400;NTOTSC;Wraith Spider
VAMFLF01;UNDEAD;VAMPIRE;VAMPIRE;VAMPIRE_FEMALE;None;None;8;FEMALE;FEMALE;ENEMY;GENSHT01;None;None;VAMPIR01;dw1melge;;;VAMPREG;;;VAMP;;;;8500;NTOTSC;Fledgling Vampire
ZOMBJU01;UNDEAD;ZOMBIE;ZOMBIE_NORMAL;ZOMBIE;None;zombie;5;NIETHER;MALE;ENEMY;GENSHT01;None;None;None;dw1melmo;;;RING94;IMMUNE1;;B3-12;;;;975;NTOTSC;Zombie
C#LCCENS;MONSTER;SPIDER;SPIDER_PHASE;SPIDER_PHASE;c#lccens;c#lccens;5;158;158;NEUTRAL;;None;None;None;INITDLG;;;;GHOST2;ANTIWEB;SPIDPH1;;;;4000;bg1re;Ghostly Spirit
C#LCIN1M;HUMANOID;HUMAN;INNOCENT;FIGHTER_MALE_HUMAN;C#LCIN1M;C#LCIN1M;7;MALE;MALE;NEUTRAL;RR#PICKP;SHOUT;None;None;dw1melge;;SHLD04;;;;SW1H04;;;;420;bg1re;Man
C#LCIN1W;HUMANOID;HUMAN;INNOCENT;NOBLE_WOMAN;C#LCIN1W;C#LCIN1W;1;FEMALE;FEMALE;NEUTRAL;RR#PICKP;dw#innhl;C#LCINIT;None;dw#innhl;;;;;;;;;;15;bg1re;Woman
C#LCIN2M;HUMANOID;HUMAN;INNOCENT;PEASANT_MAN;C#LCIN2M;C#LCIN2M;1;MALE;MALE;NEUTRAL;RR#PICKP;dw#innhl;RUNENEMY;C#LCINIT;None;;;;;;;;;;15;bg1re;Man
C#LCIN2W;HUMANOID;HUMAN;INNOCENT;PEASANT_WOMAN;C#LCIN2W;C#LCIN2W;1;FEMALE;FEMALE;NEUTRAL;RR#PICKP;dw#innhl;RUNENEMY;None;WTRUNSGT;;;;;;;;;;15;bg1re;Woman
C#LCIN3M;HUMANOID;HUMAN;DOPPLEGANGER;NOBLE_MAN;C#LCIN3M;C#LCIN3M;1;MALE;MALE;NEUTRAL;RR#PICKP;;C#Q04004;WTRUNSGT;dw1melge;;;;;;;;;;15;bg1re;Man
C#LCIN3W;HUMANOID;HUMAN;DOPPLEGANGER;NOBLE_WOMAN;C#LCIN3W;C#LCIN3W;1;FEMALE;FEMALE;NEUTRAL;RR#PICKP;C#Q04003;C#LCINIT;WTRUNSGT;dw1melge;;;;;;;;;;15;bg1re;Woman
C#LCIN4M;HUMANOID;HUMAN;INNOCENT;NOBLE_MAN;C#LCIN4M;C#LCIN4M;1;MALE;MALE;NEUTRAL;RR#PICKP;dw#innhl;None;None;C#Q01002;;;;;;;;;;15;bg1re;Man
C#LCIN4W;HUMANOID;HUMAN;INNOCENT;PEASANT_WOMAN;C#LCIN4W;C#LCIN4W;1;FEMALE;FEMALE;NEUTRAL;RR#PICKP;dw#innhl;None;C#LCINIT;C#Q01001;;;;;;;;;;15;bg1re;Woman
C#LCIN5M;HUMANOID;HUMAN;INNOCENT;PEASANT_MAN;C#LCIN5M;C#LCIN5M;1;MALE;MALE;NEUTRAL;RR#PICKP;dw#innhl;RUNENEMY;None;None;;;;;;;;;;15;bg1re;Man
C#LCIN5W;HUMANOID;HUMAN;INNOCENT;PEASANT_WOMAN;C#LCIN5W;C#LCIN5W;1;FEMALE;FEMALE;NEUTRAL;RR#PICKP;dw#innhl;None;C#LCINIT;C#Q06001;;;;;;;;;;15;bg1re;Woman
C#LCKIM;HUMANOID;HUMAN;INNOCENT;FIGHTER_MALE_HUMAN;c#lckim;c#lckim;7;MALE;MALE;NEUTRAL;RR#PICKP;SHOUT;None;None;;;;;;;;;;;420;bg1re;Kim
C#LCKIMW;HUMANOID;HUMAN;INNOCENT;FIGHTER_FEMALE_HUMAN;c#lckim;c#lckim;1;FEMALE;FEMALE;NEUTRAL;RR#PICKP;dw#innhl;None;None;;;;;;;;;;;15;bg1re;Kim
C#LCLAUR;HUMANOID;HUMAN;PALADIN;FIGHTER_FEMALE_HUMAN;c#lclaur;c#lclaur;4;FEMALE;FEMALE;NEUTRAL;RR#PICKP;;None;None;dw1melpa;;SHLD13;;;;SW1H01;;;;60;bg1re;Laurel
C#LCLINA;HUMANOID;HUMAN;INNOCENT;PEASANT_WOMAN;c#lclina;c#lclina;1;FEMALE;FEMALE;NEUTRAL;RR#PICKP;dw#innhl;None;None;dw1melge;;;;;;;;;;15;bg1re;Lina
C#LCTH01;HUMANOID;HUMAN;INNOCENT;CLERIC_MALE_HUMAN;c#lcth01;c#lcth01;1;MALE;MALE;NEUTRAL;RR#PICKP;;None;None;WTRUNSGT;;;;;;;;;;20;bg1re;Master Mehmel
C#LCTHAL;HUMANOID;HUMAN;MAGE;MAGE_MALE_HUMAN;C#LCTHAL;C#LCTHAL;17;MALE;MALE;NEUTRAL;RR#PICKP;THALANTR;;None;dw#mg35;;;;;;STAF01;;;;3000;bg1re;Thalantyr the Conjurer
C#NOCAT;ANIMAL;NO_RACE;NO_CLASS;CAT;c#nocat;None;1;MALE;MALE;NEUTRAL;None;None;None;None;WDRUNSGT;;;;;;;;;;1;bg1re;Cat
C#NOJANA;HUMANOID;HUMAN;INNOCENT;PEASANT_WOMAN;C#nojana;C#NOJANA;1;FEMALE;FEMALE;NEUTRAL;dw#innhl;None;None;None;C#NOJANA;;;;;;;;;;15;bg1re;Jana
C#NOMEIL;HUMANOID;HUMAN;INNOCENT;PEASANT_WOMAN;c#nomeil;C#NOMEIL;1;FEMALE;FEMALE;NEUTRAL;dw#innhl;None;None;None;C#NOMEIL;;;;;;;;;;15;bg1re;Meilla
C#NOTAX;HUMANOID;HUMAN;INNOCENT;NOBLE_MAN;C#notax;C#NOTAX;1;MALE;MALE;NEUTRAL;dw#innhl;RUNENEMY;;C#NOTAX;WTRUNSGT;;;;;;;;;;15;bg1re;Cragmor
C#Q11BE1;HUMANOID;HUMAN;FIGHTER;PEASANT_WOMAN;c#q11be1;c#q11be1;1;FEMALE;FEMALE;NEUTRAL;RR#PICKP;;None;None;;;;;;;;;;;15;bg1re;Beth
C#Q11BUT;HUMANOID;HUMAN;INNOCENT;FAT_MAN;c#q11but;c#q11but;1;MALE;MALE;NEUTRAL;dw#innhl;None;None;None;WTRUNSGT;;;;;;;;;;15;bg1re;Butcher
C#Q11CAT;ANIMAL;NO_RACE;NO_CLASS;CAT;c#q11cat;C#Q11CAT;1;FEMALE;FEMALE;NEUTRAL;;SHOUT;None;None;dw1melmo;;;;;;;;;;1;bg1re;Kitty
C#Q11COW;ANIMAL;NO_RACE;MAGE;COW;c#q11cow;c#q11cow;1;MALE;FEMALE;NEUTRAL;c#q11cow;SHOUT;None;None;None;;;;;;;;;;1;bg1re;Berta
C#Q11GIR;HUMANOID;HUMAN;INNOCENT;GIRL;C#Q11GIR;C#Q11GIR;1;FEMALE;FEMALE;NEUTRAL;c#q11gir;dw#innhl;RUNENEMY;None;;;;;;;;;;;7;bg1re;Susan
C#Q11MO2;HUMANOID;HUMAN;INNOCENT;PEASANT_WOMAN;C#Q11mo2;C#Q11MO2;1;FEMALE;FEMALE;NEUTRAL;c#q11mo2;dw#innhl;RUNENEMY;None;;;;;;;;;;;15;bg1re;Mrs. Sutherland
C#Q11MOM;HUMANOID;HUMAN;INNOCENT;PEASANT_WOMAN;C#Q11mom;C#Q11MOM;1;FEMALE;FEMALE;NEUTRAL;RR#PICKP;dw#innhl;RUNENEMY;;;;;;;;;;;;15;bg1re;Mourning Mother
C#Q11MRS;HUMANOID;HUMAN;INNOCENT;PEASANT_WOMAN;c#q11Mrs;c#q11Mrs;1;FEMALE;FEMALE;NEUTRAL;RR#PICKP;dw#innhl;SEEENEMY;None;;;;;;;;;;;15;bg1re;Mrs. Thirsty
C#Q11NE2;HUMANOID;HUMAN;MAGE;MAGE_MALE_HUMAN;c#q11nec;C#Q11NEC;7;MALE;MALE;NEUTRAL;c#q11nec;;None;;dw#mg37;;;;;;;;;;1000;bg1re;Necromancer
C#Q11NEC;HUMANOID;HUMAN;MAGE;MAGE_MALE_HUMAN;c#q11nec;C#Q11NEC;7;MALE;MALE;NEUTRAL;c#q11nec;;None;;dw#mg38;;;;;;;;;;1000;bg1re;Necromancer
C#Q11WAT;HUMANOID;HUMAN;FLAMING_FIST;CLERIC_MALE_HUMAN;c#q11wat;c#q11wat;1;MALE;MALE;NEUTRAL;c#q11wat;SHOUT;SEEENEMY;None;dw1melge;HELM09;SHLD01;;;;SW1H04;;;;420;bg1re;Trevor
C#RE1ELT;HUMANOID;HUMAN;FIGHTER;FIGHTER_MALE_HUMAN;C#RE1ELT;DELTAN2;20;MALE;MALE;NEUTRAL;RR#PICKP;None;None;None;None;;;;MINHP1;AMUL17;SW1H41;;;;12000;bg1re;Duke Eltan
C#RE1SR1;HUMANOID;HUMAN;INNOCENT;PEASANT_MAN;c#re1sr1;c#re1sr1;1;MALE;MALE;NEUTRAL;c#re1sr1;SHOPKN;RUNENEMY;None;WTRUNSGT;;;;;;;;;;15;bg1re;Donnerjan
C#RE1SR2;HUMANOID;HUMAN;INNOCENT;PEASANT_MAN;c#re1sr2;c#re1sr2;1;MALE;MALE;NEUTRAL;RR#PICKP;RUNENEMY;None;WTRUNSGT;None;;;;;;;;;;15;bg1re;Kelder
C#RE1SR3;HUMANOID;HUMAN;INNOCENT;FIGHTER_MALE_HUMAN;c#re1sr3;c#re1sr3;3;MALE;MALE;NEUTRAL;RR#PICKP;None;;None;WTRUNSGT;;;;;;;;;;20;bg1re;Hung
C#RE1SR4;HUMANOID;HUMAN;INNOCENT;FIGHTER_MALE_HALFLING;c#re1sr4;c#re1sr4;3;MALE;MALE;NEUTRAL;RR#PICKP;None;;None;WTRUNSGT;;;;;;;;;;20;bg1re;Chester
C#RE1SR5;HUMANOID;HUMAN;INNOCENT;CLERIC_MALE_HUMAN;c#re1sr5;c#re1sr5;1;MALE;MALE;NEUTRAL;RR#PICKP;;None;None;WTRUNSGT;;;;;;;;;;20;bg1re;Duntrin
C#RE1SR6;HUMANOID;HUMAN;FLAMING_FIST;FIGHTER_MALE_HUMAN;c#re1sr6;c#re1sr6;6;MALE;MALE;NEUTRAL;c#re1sr6;;None;None;;;SHLD04;;;;SW1H02;;;;9000;bg1re;Scar
M3MIKALA;HUMANOID;HUMAN;MONK;MONK_FEMALE_HUMAN;M3Mikala;M3Mikala;13;FEMALE;FEMALE;NEUTRAL;RR#PICKP;SHOUT;None;None;None;;;;;;MFIST5;;;;10000;bg1re;Mikala
O#MOLLY;HUMANOID;HALF_ELF;INNOCENT;THIEF_FEMALE_ELF;O#Molly;O#Molly;3;FEMALE;FEMALE;NEUTRAL;O#Molly;;;;;;;;;;SW1H07;;;;60;bg1re;Molly
RE#GHON1;HUMANOID;HUMAN;NO_CLASS;FIGHTER_MALE_HUMAN;RE#GHON1;RE#GHON1;3;MALE;MALE;NEUTRAL;RR#PICKP;;;;;;;GHOST2;;;PARAGHOU;;;;175;bg1re;Hanaly
RE#GHON2;HUMANOID;HUMAN;INNOCENT;PEASANT_WOMAN;RE#GHON2;RE#GHON2;1;FEMALE;FEMALE;NEUTRAL;RR#PICKP;;;;;;;GHOST2;;;PARAGHOU;;;;15;bg1re;Yvonne
RE1ARLEN;HUMANOID;HUMAN;INNOCENT;HARLOT_WOMAN;RE1Arlen;RE1Arlen;0;FEMALE;FEMALE;NEUTRAL;RR#PICKP;;;;;;;;;;;;;;15;bg1re;Arlene
RE1DELLA;HUMANOID;HUMAN;MAGE;MAGE_FEMALE_HUMAN;RE1Della;RE1Della;5;FEMALE;FEMALE;NEUTRAL;RR#PICKP;;;;;;;;;;STAF01;;;;600;bg1re;Della May
RE1LAVWB;HUMANOID;HUMAN;BARD;FIGHTER_MALE_HUMAN;RE1LavWB;RE1LavWB;6;MALE;MALE;NEUTRAL;RR#PICKP;SHOUT;SEEENEMY;None;dw1melge;;;;;;;;;;10;bg1re;Left
RE1LVCOL;HUMANOID;HUMAN;FIGHTER;SIRINE;re1lvcol;re1lvcol;14;MALE;MALE;NEUTRAL;RR#PICKP;NONE;NONE;NONE;SKELETON;;;;;;;;;;2175;bg1re;Dark phantasm
RE1LVDR1;HUMANOID;ELF;THIEF;FIGHTER_MALE_ELF;re1lvdr1;re1lvdr1;15;MALE;MALE;NEUTRAL;RR#PICKP;SHOUT;;;dw1melth;;;;;;DAGG02;;;;0;bg1re;Ool-Garias
RE1LVDR2;HUMANOID;ELF;FIGHTER;MAGE_FEMALE_ELF;re1lvdr2;re1lvdr2;0;FEMALE;FEMALE;NEUTRAL;RR#PICKP;None;;;dw1melge;;;;;;;;;;300;bg1re;Is'samya
RE1LVHAR;HUMANOID;DWARF;FIGHTER;FIGHTER_MALE_DWARF;re1lvhar;re1lvhar;1;MALE;MALE;NEUTRAL;RR#PICKP;;;;dw1melge;;;;;;;;;;300;bg1re;Shady character
T1BLAI;HUMANOID;HUMAN;CLERIC;CLERIC_MALE_HUMAN;T1BLAI;T1BLAI;5;MALE;MALE;NEUTRAL;SHOUT;;None;None;dw#pr59;;;;;;;;;;300;bg1re;Dawn Priest Blaise
T1DAI;HUMANOID;HALFLING;INNOCENT;CLERIC_MALE_HALFLING;T1DAI;T1DAI;0;MALE;MALE;NEUTRAL;RR#PICKP;dw#innhl;SEEENEMY;None;dw1melge;;;;;;;;;;7;bg1re;Dai
T1KITTY;HUMANOID;HALFLING;INNOCENT;THIEF_FEMALE_HALFLING;T1KITTY;T1KITTY;0;FEMALE;FEMALE;NEUTRAL;T1KITTY;dw#innhl;SEEENEMY;None;dw1melge;;;;;;;;;;7;bg1re;Kitty
T1M2GHOS;HUMANOID;HUMAN;INNOCENT;MAGE_MALE_HUMAN;T1M2GHOS;T1M2GHOS;14;MALE;MALE;NEUTRAL;RR#PICKP;None;None;None;RANDWALK;;;GHOST2;;;;;;;175;bg1re;Barkis
T1M2HAL2;HUMANOID;HALFLING;INNOCENT;THIEF_MALE_HALFLING;T1M2HAL2;T1M2HAL2;0;MALE;MALE;NEUTRAL;RR#PICKP;None;None;None;INITDLG;;;GHOST2;;;;;;;7;bg1re;Bartleby's Ghost
T1M2HALF;HUMANOID;HALFLING;FIGHTER;SLEEPING_MAN_HALFLING;T1M2HALF;T1M2HALF;1;MALE;MALE;NEUTRAL;T1M2HALF;None;None;None;None;;;;;;SW1H07;;;;35;bg1re;Halfling Messenger
T1SAPI;HUMANOID;HUMAN;INNOCENT;MONK;T1SAPI;T1SAPI;1;FEMALE;MALE;NEUTRAL;None;None;None;None;None;;;;;;;;;;15;bg1re;Sister Sapientia
TICAM;HUMANOID;HUMAN;MAGE;MAGE_MALE_ELF;TICam;TICam;7;MALE;MALE;NEUTRAL;TICam;SHOUT;SEEENEMY;None;dw1melge;;;;;;STAF01;;;;850;bg1re;Camryn
TICORDEL;HUMANOID;HUMAN;MAGE;NOBLE_WOMAN;TICORDEL;TICORDEL;9;FEMALE;FEMALE;NEUTRAL;SHOUT;;INITDLG;None;dw#mg130;;;;;;;;;;300;bg1re;Cordelia
TIDISPER;HUMANOID;HUMAN;FIGHTER;FIGHTER_MALE_HUMAN;TIDISPER;TIDISPER;1;MALE;MALE;NEUTRAL;SHOUT;;None;None;dw1melge;;;;;;SW2H02;;;;120;bg1re;Dispero
TIDOPPLE;MONSTER;DOPPLEGANGER;DOPPLEGANGER;DOPPLEGANGER;TIDOPPLE;;4;NIETHER;MALE;ENEMY;None;None;None;None;;;;;;;S1-12;;;;420;bg1re;Doppelganger
TITAMAH;HUMANOID;HUMAN;FIGHTER;FIGHTER_FEMALE_HUMAN;TITamah;TITamah;5;MALE;MALE;NEUTRAL;TITamah;SHOUT;SEEENEMY;None;dw1melge;;;;;;SW1H04;;;;300;bg1re;Tamah
J#BREN;HUMANOID;HUMAN;INNOCENT;BOY;J#Bren;J#BREN;1;MALE;MALE;NEUTRAL;dw#innhl;J#BREN;RUNENEMY;None;None;;;;;;;;;;8;SIRINESCALL;Brennan
J#PIRAT1;HUMANOID;HUMAN;THIEF;THIEF_MALE_HUMAN;J#pirat1;J#PIRAT1;5;MALE;MALE;NEUTRAL;J#PIRATE;SHOUTDLG;None;None;dw1melth;;;;;;SW1H20;;;;80;SIRINESCALL;Old Man
J#PIRAT2;HUMANOID;HUMAN;THIEF;THIEF_FEMALE_HUMAN;J#pirat2;None;5;FEMALE;MALE;NEUTRAL;J#PIRATE;None;None;None;dw1melas;;DAGG01;;;;SW1H07;;;;100;SIRINESCALL;Pirate
J#PIRAT3;HUMANOID;HUMAN;FIGHTER;FIGHTER_MALE_HUMAN;J#pirat3;None;5;MALE;MALE;NEUTRAL;J#PIRATE;None;None;None;dw1melge;HELM10;;;;;SW1H01;;;;100;SIRINESCALL;Pirate
J#PIRAT4;HUMANOID;HUMAN;MAGE;MAGE_MALE_HUMAN;J#pirat4;None;4;MALE;MALE;NEUTRAL;J#PIRATE;J#PIRMAG;None;None;dw1melge;;SHLD10;;;;SW1H43;;;;60;SIRINESCALL;Pirate
J#PIRAT5;HUMANOID;HUMAN;FIGHTER;FIGHTER_FEMALE_HUMAN;J#Pirat5;None;5;FEMALE;MALE;NEUTRAL;J#PIRATE;None;None;None;dw1range;;;;;;BOW05;SW1H20;;;90;SIRINESCALL;Pirate
J#PIRAT6;HUMANOID;HUMAN;RANGER;FIGHTER_MALE_HUMAN;J#pirat6;None;4;MALE;MALE;NEUTRAL;J#PIRATE;None;None;None;dw1ranar;HELM01;;;;;DAGG05;STAF01;;;80;SIRINESCALL;Pirate
J#SIRIN1;MONSTER;114;FAIRY_SIRINE;SIRINE;J#sirin1;;5;FEMALE;FEMALE;NEUTRAL;J#sirin1;SHOUT;SIRSPELL;;dw1ranmo;;;;;;BOW05;SIRINE1;;;2001;SIRINESCALL;Sirine
J#SIRIN2;MONSTER;114;FAIRY_SIRINE;SIRINE;J#sirin2;;5;FEMALE;FEMALE;NEUTRAL;J#sirin1;SHOUT;SIRSPELL;;dw1ranmo;;;;;;BOW05;SIRINE1;;;2001;SIRINESCALL;Sirine
C#LCNO01;HUMANOID;HUMAN;FIGHTER;FIGHTER_MALE_HUMAN;c#lcno01;c#lcno01;1;MALE;MALE;127;c#lcno01;SHOUT;None;None;None;;;;;;;;;;0;BGQE;Old Mother
C#LCNOOB;HUMANOID;HUMAN;NO_CLASS;PEASANT_MAN;C#LCNOOB;C#LCNOOB;1;MALE;MALE;NEUTRAL;RR#PICKP;RUNENEMY;None;None;WTRUNSGT;;;;;;;;;;15;BGQE;Noober
C#Q01001;HUMANOID;HUMAN;INNOCENT;PEASANT_WOMAN;C#Q01001;C#Q01001;1;FEMALE;FEMALE;NEUTRAL;dw#innhl;None;None;None;C#Q01001;;;;;;;;;;15;BGQE;Alanna
C#Q01002;HUMANOID;HUMAN;INNOCENT;NOBLE_MAN;C#Q01002;C#Q01002;1;MALE;MALE;NEUTRAL;dw#innhl;None;None;None;C#Q01002;;;;;;;;;;15;BGQE;Eltolth
C#Q01003;HUMANOID;HUMAN;INNOCENT;SLIME_OLIVE;C#Q01003;C#Q01003;1;MALE;MALE;NEUTRAL;dw#innhl;;None;C#Q01003;dw1melge;;;RING95;;;;;;;15;BGQE;Eltolth
C#Q01004;HUMANOID;HUMAN;THIEF;THIEF_MALE_HUMAN;C#Q01004;C#Q01004;6;MALE;MALE;NEUTRAL;C#Q01004;None;None;None;None;;;;;;SW1H04;;;;350;BGQE;Tulbor
C#Q01005;HUMANOID;HUMAN;INNOCENT;SLIME_OLIVE;C#Q01005;C#Q01005;1;MALE;MALE;NEUTRAL;dw#innhl;;None;C#Q01003;dw1melge;;;RING95;;;;;;;15;BGQE;Alanna
C#Q02005;HUMANOID;HUMAN;INNOCENT;PEASANT_WOMAN;C#Q02005;C#Q02005;1;FEMALE;FEMALE;NEUTRAL;dw#innhl;C#07J005;RUNENEMY;None;WTRUNSGT;;;;;;;;;;15;BGQE;Mrs. Dudley
C#Q02006;HUMANOID;HUMAN;INNOCENT;PEASANT_MAN;C#Q02006;C#Q02006;1;MALE;MALE;NEUTRAL;dw#innhl;C#Q02006;RUNENEMY;None;None;;;;;;;;;;15;BGQE;Mr. Dudley
C#Q02007;HUMANOID;HUMAN;INNOCENT;GIRL;C#Q02007;C#Q02007;1;FEMALE;FEMALE;NEUTRAL;dw#innhl;C#Q02007;RUNENEMY;None;C#Q02007;;;;;;;;;;7;BGQE;Annie Dudley
C#Q03008;HUMANOID;HUMAN;INNOCENT;PEASANT_WOMAN;C#Q03008;C#Q03008;1;FEMALE;FEMALE;NEUTRAL;dw#innhl;C#Q03008;RUNENEMY;None;WTRUNSGT;;;;;;;;;;15;BGQE;Mrs. Blackwood
C#Q03009;HUMANOID;HUMAN;INNOCENT;GIRL;C#Q03009;C#Q03009;1;FEMALE;FEMALE;NEUTRAL;dw#innhl;C#Q03009;RUNENEMY;None;WTRUNSGT;;;;;;;;;;7;BGQE;Sarah
C#Q03010;HUMANOID;HUMAN;INNOCENT;BOY;C#Q03010;C#Q03010;1;MALE;MALE;NEUTRAL;dw#innhl;C#Q03010;RUNENEMY;None;WTRUNSGT;;;;;;;;;;7;BGQE;Tom
C#Q03011;HUMANOID;HUMAN;INNOCENT;PEASANT_WOMAN;C#Q03011;C#Q03011;1;FEMALE;FEMALE;NEUTRAL;dw#innhl;;RUNENEMY;None;WTRUNSGT;;;;;;;;;;15;BGQE;Tina
C#Q03012;HUMANOID;HUMAN;INNOCENT;CLERIC_MALE_HUMAN;None;None;2;MALE;MALE;NEUTRAL;SHOUT;;C#Q03012;None;dw1range;HELM08;;;;;BOW03;SW1H04;;;15;BGQE;Amnian Soldier
C#Q03013;HUMANOID;HUMAN;INNOCENT;CLERIC_MALE_HUMAN;None;None;2;MALE;MALE;NEUTRAL;SHOUT;;C#Q03012;None;dw1range;HELM08;;;;;BOW03;SW1H04;;;15;BGQE;Amnian Soldier
C#Q03014;HUMANOID;HUMAN;INNOCENT;CLERIC_MALE_HUMAN;None;None;2;MALE;MALE;NEUTRAL;SHOUT;;C#Q03012;None;dw1range;HELM08;;;;;BOW03;SW1H04;;;15;BGQE;Amnian Soldier
C#Q03015;HUMANOID;HUMAN;FIGHTER;FIGHTER_MALE_HUMAN;C#Q03015;C#Q03015;9;MALE;MALE;NEUTRAL;C#Q03015;;SEEENEMY;None;dw1melge;;SHLD05;;;;AX1H02;;;;1200;BGQE;Fighter
C#Q03016;HUMANOID;HUMAN;FIGHTER_MAGE;FIGHTER_MALE_HUMAN;C#Q03016;C#Q03016;5;MALE;MALE;NEUTRAL;RR#PICKP;;;None;dw1melge;;;;;;SW1H05;;;;900;BGQE;Fighter
C#Q03017;HUMANOID;HUMAN;FIGHTER;FIGHTER_MALE_HUMAN;C#Q03017;C#Q03017;9;MALE;MALE;NEUTRAL;RR#PICKP;;SEEENEMY;None;dw1melge;;SHLD05;;;;AX1H11;;;;1200;BGQE;Fighter
C#Q03018;HUMANOID;HUMAN;RANGER;FIGHTER_MALE_HUMAN;C#Q03018;C#Q03018;6;MALE;MALE;NEUTRAL;RR#PICKP;;SEEENEMY;None;dw1range;;;;;;BOW01;SW1H07;;;750;BGQE;Fighter
C#Q04001;HUMANOID;HUMAN;INNOCENT;BOY;C#Q04001;C#Q04001;1;MALE;MALE;NEUTRAL;dw#innhl;C#Q04001;RUNENEMY;None;WTRUNSGT;;;;;;;;;;7;BGQE;Arnim
C#Q04002;MONSTER;WYVERN;MAGE;WYVERN;C#Q04002;;7;NIETHER;MALE;ENEMY;None;None;WYVERN;None;WTASIGHT;;;RING97;;;WYVERN1;WYVERN2;;;100;BGQE;Baby Wyvern
C#Q04003;HUMANOID;HUMAN;INNOCENT;NOBLE_WOMAN;C#Q04003;C#Q04003;1;FEMALE;FEMALE;NEUTRAL;dw#innhl;RUNENEMY;C#Q04003;None;WTRUNSGT;;;;;;;;;;15;BGQE;Lady von Undenzieht
C#Q04004;HUMANOID;HUMAN;INNOCENT;NOBLE_MAN;C#Q04004;C#Q04004;1;MALE;MALE;NEUTRAL;dw#innhl;RUNENEMY;C#Q04004;None;WTRUNSGT;;;;;;;;;;15;BGQE;Lord von Undenzieht
C#Q04005;HUMANOID;HUMAN;INNOCENT;CLERIC_MALE_HUMAN;C#Q04005;C#Q04005;2;MALE;MALE;NEUTRAL;SHOUT;SEEENEMY;C#Q04005;None;dw1range;HELM08;;;;;BOW03;SW1H04;;;15;BGQE;Amnian Soldier
C#Q04006;HUMANOID;HUMAN;INNOCENT;CLERIC_MALE_HUMAN;C#Q04006;C#Q04006;2;MALE;MALE;NEUTRAL;SHOUT;SEEENEMY;C#Q04005;None;dw1range;HELM08;;;;;BOW03;SW1H04;;;15;BGQE;Amnian Soldier
C#Q04007;HUMANOID;HUMAN;MAGE;MAGE_MALE_HUMAN;C#Q04007;C#Q04007;5;MALE;MALE;NEUTRAL;INITDLG;;None;None;dw#mg36;;;;;;;;;;120;BGQE;Mage
C#Q04008;HUMANOID;HUMAN;INNOCENT;PEASANT_MAN;C#Q04008;C#Q04008;1;MALE;MALE;NEUTRAL;RR#PICKP;;RUNENEMY;None;None;;;;;;;;;;15;BGQE;Teodor
C#Q04009;MONSTER;SPIDER;SPIDER_WRAITH;SPIDER_WRAITH;C#Q04009;C#Q04009;3;NIETHER;MALE;ENEMY;None;None;None;None;dw1melmo;;;IMMUNE1;RING95;ANTIWEB;SPIDWR1;;;;1400;BGQE;Wraith Spider
C#Q05001;HUMANOID;HUMAN;FIGHTER;FIGHTER_MALE_HUMAN;C#Q05001;C#Q05001;1;MALE;MALE;NEUTRAL;SHOUT;;None;None;None;;;;;;;;;;15;BGQE;Dauron
C#Q05002;HUMANOID;HUMAN;INNOCENT;PEASANT_WOMAN;C#Q05002;C#Q05002;1;FEMALE;FEMALE;NEUTRAL;dw#innhl;C#Q05002;RUNENEMY;None;None;;;;;;;;;;15;BGQE;Onlooker
C#Q05003;HUMANOID;HUMAN;INNOCENT;NOBLE_WOMAN;C#Q05003;C#Q05003;1;FEMALE;FEMALE;NEUTRAL;dw#innhl;C#Q05003;None;None;None;;;;;;;;;;15;BGQE;Onlooker
C#Q05004;HUMANOID;HUMAN;INNOCENT;PEASANT_MAN;C#Q05004;C#Q05004;1;MALE;MALE;NEUTRAL;dw#innhl;C#Q05004;RUNENEMY;None;None;;;;;;;;;;15;BGQE;Onlooker
C#Q05005;HUMANOID;HUMAN;INNOCENT;PEASANT_MAN;C#Q05005;C#Q05005;1;MALE;MALE;NEUTRAL;dw#innhl;C#Q05005;RUNENEMY;None;None;;;;;;;;;;15;BGQE;Onlooker
C#Q05006;HUMANOID;HUMAN;INNOCENT;STATIC_PEASANT_WOMAN;C#Q05006;C#Q05006;1;FEMALE;FEMALE;NEUTRAL;dw#innhl;;RUNENEMY;None;None;;;;;;;;;;15;BGQE;Luisa's Mother
C#Q05007;HUMANOID;HUMAN;INNOCENT;PEASANT_WOMAN;C#Q05007;C#Q05007;1;FEMALE;FEMALE;NEUTRAL;dw#innhl;C#Q05007;None;None;None;;;;;;;;;;15;BGQE;Nanny
C#Q06001;HUMANOID;HUMAN;INNOCENT;PEASANT_WOMAN;C#Q06001;C#Q06001;1;FEMALE;FEMALE;NEUTRAL;dw#innhl;None;None;None;C#Q06001;;;;;;;;;;15;BGQE;Leila
C#Q06002;UNDEAD;SKELETON;NO_CLASS;ZOMBIE;C#Q06002;C#Q06002;2;NIETHER;MALE;NEUTRAL;C#Q06002;None;None;None;dw1melge;;;RING94;;;B1-8;;;;65;BGQE;Zombie
C#Q07001;HUMANOID;HUMAN;INNOCENT;FIGHTER_MALE_HUMAN;C#Q07001;C#Q07001;1;MALE;MALE;NEUTRAL;C#Q07001;;None;dw#innhl;dw1melge;;;;;;;;;;15;BGQE;Uguth
C#Q07002;HUMANOID;HUMAN;INNOCENT;PEASANT_WOMAN;C#Q07002;C#Q07002;1;FEMALE;FEMALE;NEUTRAL;dw#innhl;RUNENEMY;WDRUNSGT;None;;;;;;;;;;;15;BGQE;Viola
C#Q07003;HUMANOID;HUMAN;INNOCENT;PEASANT_WOMAN;C#Q07003;C#Q07003;1;FEMALE;FEMALE;NEUTRAL;dw#innhl;;RUNENEMY;None;WDRUNSGT;;;;;;;;;;15;BGQE;Mrs. Kenn
C#Q07004;HUMANOID;HUMAN;INNOCENT;PEASANT_MAN;C#Q07004;C#Q07004;1;MALE;MALE;NEUTRAL;dw#innhl;;RUNENEMY;None;WDRUNSGT;;;;;;;;;;15;BGQE;Mr. Kenn
C#Q07005;HUMANOID;HUMAN;INNOCENT;PEASANT_MAN;C#Q07005;C#Q07005;1;158;158;NEUTRAL;C#Q07005;dw#innhl;RUNENEMY;WTRUNSGT;None;;;;;;;;;;15;BGQE;Commoner
C#Q08001;HUMANOID;HUMAN;INNOCENT;FIGHTER_MALE_HUMAN;C#Q08001;C#Q08001;7;MALE;MALE;NEUTRAL;SHOUT;C#Q08001;None;None;dw1melge;;;;;;SW1H04;;;;420;BGQE;Sir Trun
C#Q08002;HUMANOID;HUMAN;INNOCENT;NOBLE_WOMAN;C#Q08002;C#Q08002;1;FEMALE;FEMALE;NEUTRAL;C#Q08002;RUNENEMY;WDRUNSGT;None;dw#innhl;;;;;;;;;;15;BGQE;Linda
C#Q10001;HUMANOID;HUMAN;INNOCENT;FAT_MAN;C#Q10001;C#Q10001;1;MALE;MALE;NEUTRAL;dw#innhl;MERCH2;RUNENEMY;None;WTRUNSGT;;;;;;;;;;15;BGQE;Merchant
C#Q10002;HUMANOID;HUMAN;INNOCENT;BOY;C#Q10002;C#Q10002;1;MALE;MALE;NEUTRAL;dw#innhl;;RUNENEMY;None;WTRUNSGT;;;;;;;;;;7;BGQE;Edward
C#Q13AMN;HUMANOID;HUMAN;AMNISH_SOLDIER;CLERIC_MALE_HUMAN;c#q13amn;c#q13amn;2;MALE;MALE;NEUTRAL;SHOUT;None;SEEENEMY;None;dw1range;HELM08;;;;;BOW03;SW1H04;;;15;BGQE;Amnian Soldier
C#Q13BOR;HUMANOID;ELF;MAGE_THIEF;THIEF_MALE_ELF;c#q13bor;c#q13bor;9;MALE;MALE;NEUTRAL;RR#PICKP;INITDLG;;;dw#mg39;;;;;;SW1H08;;;;900;BGQE;Borda
C#Q13BRN;HUMANOID;ELF;INNOCENT;FIGHTER_MALE_ELF;c#q13brn;c#q13brn;6;MALE;MALE;NEUTRAL;SHOUT;;None;;dw1range;;;;;;SPER01;BOW03;;;300;BGQE;Berrun Ghastkill
C#Q13LAR;HUMANOID;HUMAN;CLERIC;CLERIC_FEMALE_HUMAN;c#q13lar;c#q13lar;5;FEMALE;FEMALE;NEUTRAL;SHOUT;c#q13lar;;None;dw#pr14;;SHLD02;;;;BLUN02;;;;600;BGQE;Laryssa
C#Q13OUB;HUMANOID;HUMAN;INNOCENT;FAT_MAN;c#q13oub;c#q13oub;3;MALE;MALE;NEUTRAL;SHOUT;;None;None;wtrunsgt;;;;RING11;;;;;;175;BGQE;Oublek
WAFARM;HUMANOID;HUMAN;INNOCENT;PEASANT_MAN;None;WAFARM;1;MALE;MALE;NEUTRAL;dw#innhl;None;RUNENEMY;None;WDRUNSGT;;;;;;;;;;15;BGQE;Farmer
WAGHOUL;UNDEAD;GHOUL;GHOUL;GHOUL;WADEAD1;;2;NIETHER;MALE;ENEMY;None;None;None;None;dw1melge;;;RING95;;;GHOUL1;;;;175;BGQE;Ghoul
WASYLAR;HUMANOID;ELF;MAGE;MAGE_MALE_ELF;WASYLAR;WASYLAR;7;MALE;MALE;NEUTRAL;SHOUT;;;;dw#mg137;;;;;;STAF01;;;;0;BGQE;Sylar
ACGNOLL1;HUMANOID;GNOLL;GNOLL;GNOLL;ACGNOLL1;;4;MALE;MALE;ENEMY;;;;None;dw1melge;;;ACQ12000;;;HALB01;;;;120;ac_quest;Gnoll Chieftain
ACGNOLL2;HUMANOID;GNOLL;GNOLL;GNOLL;ACGNOLL1;;2;MALE;MALE;ENEMY;;;;None;dw1melge;;;;;;HALB01;;;;65;ac_quest;Gnoll Bodyguard
ACQ10101;HUMANOID;DWARF;FIGHTER;FIGHTER_MALE_DWARF;None;;1;MALE;MALE;PC;;None;None;None;DPLAYER3;;;;;;;;;;0;ac_quest;
ACQ10102;HUMANOID;DWARF;FIGHTER;FIGHTER_MALE_DWARF;ACQ10102;ACQ10102;7;MALE;MALE;NEUTRAL;ACQ10102;;;None;dw1melge;HELM08;SHLD03;;;;AX1H02;;;;500;ac_quest;Tarash
ACQ10103;HUMANOID;DWARF;THIEF;THIEF_MALE_DWARF;ACQ10103;;4;MALE;MALE;NOTEVIL;ACQ10103;;;None;dw1ranas;HELM08;;;;;XBOW05;SW1H08;;;550;ac_quest;Assasin
ACQ10104;HUMANOID;DWARF;CLERIC;CLERIC_MALE_DWARF;ACQ10104;ACQ10104;1;MALE;MALE;NEUTRAL;;None;None;None;;HELM08;SHLD03;;;;ACQHAMM1;;;;0;ac_quest;Bashrik
ACQ10105;HUMANOID;ELF;RANGER;FIGHTER_FEMALE_ELF;ACQ10105;ACQ10105;1;FEMALE;FEMALE;NEUTRAL;;None;None;None;;;;;;;BOW03;SW1H01;;;0;ac_quest;Mirjala
ACQ10106;HUMANOID;DWARF;THIEF;THIEF_MALE_DWARF;ACQ10106;ACQ10106;8;MALE;MALE;NEUTRAL;ACQ10106;;;None;dw1melth;;SW1H22;;;MINHP1;SW1H22;;;;1000;ac_quest;Draglon
ACQ10107;HUMANOID;DWARF;FIGHTER;FIGHTER_MALE_DWARF;ACQ10107;;7;MALE;MALE;NEUTRAL;RR#PICKP;;;None;dw1melge;HELM01;SHLD03;;;;AX1H01;;;;800;ac_quest;Cultist
ACQ10108;HUMANOID;DWARF;FIGHTER;FIGHTER_MALE_DWARF;ACQ10108;;7;MALE;MALE;NEUTRAL;RR#PICKP;;;None;dw1range;HELM01;;;;;XBOW01;SW1H48;;;800;ac_quest;Cultist
ACQ10109;HUMANOID;DWARF;FIGHTER;FIGHTER_MALE_DWARF;ACQ10109;;7;MALE;MALE;ENEMY;;;;;dw1melbe;HELM15;AX1H02;;;;AX1H02;;;;1000;ac_quest;Abbathor Fanatic
ACQ10110;HUMANOID;DWARF;CLERIC;CLERIC_MALE_DWARF;ACQ10110;;7;MALE;MALE;ENEMY;;;;None;dw#pr1;HELM09;SHLD03;;;;BLUN07;;;;900;ac_quest;Abbathor Cleric
ACQ10111;HUMANOID;DWARF;CLERIC;CLERIC_MALE_DWARF;ACQ10111;;8;MALE;MALE;NEUTRAL;RR#PICKP;;;None;;HELM09;SHLD03;;;;SLNG04;BLUN07;;;1000;ac_quest;Lugosch
ACQ10112;HUMANOID;DWARF;THIEF;THIEF_MALE_DWARF;ACQ10112;;8;MALE;MALE;NEUTRAL;ACQ10112;;;None;dw1melth;;;;;MINHP1;SW1H22;;;;1000;ac_quest;Dwarf
ACQ10113;HUMANOID;DWARF;FIGHTER;FIGHTER_MALE_DWARF;ACQ10113;ACQ10113;7;MALE;MALE;NEUTRAL;ACQ10116;;;None;dw1melge;HELM13;SHLD01;;;;AX1H02;;;;700;ac_quest;Galder
ACQ10114;HUMANOID;DWARF;FIGHTER;FIGHTER_MALE_DWARF;ACQ10114;ACQ10114;7;MALE;MALE;NEUTRAL;ACQ10116;;;None;dw1melge;HELM10;;;;;HALB02;;;;700;ac_quest;Therk
ACQ10115;HUMANOID;DWARF;THIEF;THIEF_MALE_DWARF;ACQ10115;ACQ10115;8;MALE;MALE;NEUTRAL;ACQ10116;;;None;dw1ranth;HELM08;;;;;XBOW05;SW1H08;;;700;ac_quest;Jarger
ACQ10116;HUMANOID;DWARF;FIGHTER_CLERIC;FIGHTER_MALE_DWARF;ACQ10116;ACQ10116;6;MALE;MALE;NEUTRAL;ACQ10116;;;None;dw#pr2;HELM12;SHLD03;;;;HAMM07;;;;1000;ac_quest;Wostok
ACQ10117;HUMANOID;HUMAN;FIGHTER;FIGHTER_MALE_HUMAN;ACQ10117;ACQ10117;6;MALE;MALE;NEUTRAL;ACQ10117;;;None;dw1melge;HELM01;SHLD03;;;;AX1H02;;;;550;ac_quest;Jassir
ACQ10118;HUMANOID;HUMAN;MAGE;MAGE_FEMALE_HUMAN;ACQ10118;ACQ10118;7;FEMALE;FEMALE;NEUTRAL;ACQ10118;;;None;dw#mg9;;;;;;;;;;550;ac_quest;Jenna
ACQ10119;HUMANOID;DWARF;FIGHTER;FIGHTER_MALE_DWARF;ACQ10119;;1;MALE;MALE;ENEMY;ACQ10119;;;None;dw1melge;HELM06;;IMMCHS;KIEL2;;AX1H02;;;;750;ac_quest;Shadow
ACQ10120;HUMANOID;DWARF;CLERIC;MAGE_MALE_DWARF;ACQ10120;ACQ10120;1;MALE;MALE;NEUTRAL;ACQ10120;;;;;HELMNOAN;;;;;;;;;300;ac_quest;Mad Priest of Dumathoin
ACQ10121;HUMANOID;HUMAN;INNOCENT;SLAVE;ACQ10121;ACQ10121;1;MALE;MALE;NEUTRAL;ACQMINER;None;;None;;;;;;;;;;;2;ac_quest;Larn
ACQ10122;HUMANOID;HUMAN;INNOCENT;SLAVE;ACQ10122;ACQ10122;1;MALE;MALE;NEUTRAL;ACQMINER;None;;None;;;;;;;;;;;2;ac_quest;Bob
ACQ10123;HUMANOID;HUMAN;INNOCENT;SLAVE;ACQ10123;ACQ10123;1;MALE;MALE;NEUTRAL;ACQMINER;None;;None;;;;;;;;;;;2;ac_quest;Ron
ACQ10124;HUMANOID;HUMAN;INNOCENT;SLAVE;ACQ10124;ACQ10124;1;MALE;MALE;NEUTRAL;ACQMINER;None;;None;;;;;;;;;;;2;ac_quest;Hank
ACQ10125;HUMANOID;HUMAN;FIGHTER;FIGHTER_MALE_HUMAN;None;;6;MALE;MALE;NEUTRAL;;None;None;None;;;;;;;;;;;550;ac_quest;Jasr
ACQ10126;HUMANOID;HUMAN;MAGE;MAGE_FEMALE_HUMAN;None;;7;FEMALE;FEMALE;NEUTRAL;None;None;None;None;;;;;;;;;;;550;ac_quest;Jen
ACQ10127;HUMANOID;DWARF;FIGHTER_CLERIC;SLEEPING_DWARF;ACQ10127;ACQ10127;6;MALE;MALE;NEUTRAL;;None;None;None;;;;;;MINHP1;;;;;0;ac_quest;Wostok
ACQ11001;HUMANOID;DWARF;FIGHTER;FIGHTER_MALE_DWARF;ACQ11001;ACQ11001;3;MALE;MALE;NEUTRAL;RR#PICKP;;;None;dw1melbe;HELM12;SHLD03;;;;AX1H01;;;;200;ac_quest;Agnus
ACQ11002;HUMANOID;ELF;MAGE;MAGE_MALE_ELF;ACQ11002;ACQ11002;3;MALE;MALE;NEUTRAL;ACQ11002;;;None;dw#mg10;;;;;;STAF01;;;;200;ac_quest;Teliel
ACQ11003;HUMANOID;HALFLING;THIEF;THIEF_MALE_HALFLING;ACQ11003;ACQ11003;4;MALE;MALE;NEUTRAL;RR#PICKP;;;None;dw1melth;;;;;;SW1H07;;;;450;ac_quest;Udolf
ACQ12001;HUMANOID;HUMAN;INNOCENT;PEASANT_WOMAN;ACQ12001;ACQ12001;1;FEMALE;FEMALE;NEUTRAL;ACQ12001;dw#innhl;RUNENEMY;None;;;;;;;;;;;15;ac_quest;Mrs. Brunnstein
ACQ12002;HUMANOID;HUMAN;INNOCENT;PEASANT_MAN;ACQ12002;ACQ12002;1;MALE;MALE;NEUTRAL;ACQ12002;None;None;;None;;;;;;;;;;15;ac_quest;Aaron
ACQ12003;UNDEAD;HUMAN;INNOCENT;HARLOT_WOMAN;ACQ12003;ACQ12003;1;FEMALE;FEMALE;NEUTRAL;;;None;None;;;;;KIEL2;;SPECTR;;;;15;ac_quest;Ghost
ACQ12004;HUMANOID;HUMAN;RANGER;FIGHTER_MALE_HUMAN;ACQ12004;ACQ12004;4;MALE;MALE;NEUTRAL;ACQ12004;;;None;dw1range;;;;;;BOW03;;;;0;ac_quest;Barin
ACQ13001;HUMANOID;HUMAN;INNOCENT;GIRL;ACQ13001;ACQ13001;1;FEMALE;FEMALE;NEUTRAL;ACQ13001;dw#innhl;RUNENEMY;None;;;;;;;;;;;7;ac_quest;Kessy
ACQ13002;GIANTHUMANOID;OGRE;OGRE;OGRE;ACQ13002;ACQ13002;4;MALE;MALE;NEUTRAL;ACQ13002;;;None;dw1melge;;;;;;;;;;650;ac_quest;Ugh
ACQ13003;ANIMAL;RABBIT;FOOD_CREATURE;RABBIT;ACQ13003;ACQ13003;1;MALE;MALE;NEUTRAL;;;None;None;;;;;;;;;;;7;ac_quest;Rabbit
ACQ13004;HUMANOID;HUMAN;INNOCENT;FAT_MAN;ACQ13004;ACQ13004;1;MALE;MALE;NEUTRAL;RR#PICKP;dw#innhl;RUNENEMY;None;;;;;;;;;;;15;ac_quest;Rabbit Breeder
ACQ15001;HUMANOID;ELF;RANGER;FIGHTER_FEMALE_ELF;ACQ15001;ACQ15001;7;FEMALE;FEMALE;NEUTRAL;ACQ15001;INITDLG;;;dw1ranar;HELMNOAN;;;;;ACQ15001;SW1H20;;;400;ac_quest;Aphriel
ACQ15002;HUMANOID;HUMAN;INNOCENT;BOY;ACQ15002;ACQ15002;1;MALE;MALE;NEUTRAL;ACQ15002;None;None;None;None;;;;;MINHP1;;;;;7;ac_quest;Perwell
ACQ16001;HUMANOID;HUMAN;MAGE;MAGE_FEMALE_HUMAN;ACQ16001;ACQ16001;7;FEMALE;FEMALE;NEUTRAL;ACQ16001;;;None;dw#mg11;;;;;;DAGG01;DART01;;;200;ac_quest;Aiwell
ACQ16002;MONSTER;LYCANTHROPE;WEREWOLF;WEREWOLF;ACQ16002;ACQ16002;7;MALE;MALE;NEUTRAL;ACQ16002;;None;None;dw1melge;;;IMMUNE1;;;S1-12;;;;420;ac_quest;Werewolf
ACQ16003;HUMANOID;HUMAN;FIGHTER;FIGHTER_MALE_HUMAN;ACQ16003;ACQ16003;1;MALE;MALE;NEUTRAL;RR#PICKP;;;None;dw1melge;;;;;;DAGG01;;;;0;ac_quest;Tonder
ACQ17001;HUMANOID;GNOME;MAGE;MAGE_MALE_GNOME;ACQ17001;ACQ17001;7;MALE;MALE;NEUTRAL;ACQ17001;;;None;dw#mg12;;;;;;STAF02;;;;650;ac_quest;Ygnatz
ACQ17002;HUMANOID;GNOME;MAGE;MAGE_MALE_GNOME;ACQ17002;ACQ17002;8;MALE;MALE;NEUTRAL;ACQ17002;;;None;dw#mg13;;;;;;STAF02;;;;750;ac_quest;Karlini
ACQ17003;MONSTER;DEMONIC;TANARI;TANARRI;ACQ17003;ACQ17003;13;MALE;MALE;NEUTRAL;;;None;None;dw1melge;;;RINGDEMN;IMMUNE3;;B1-12M4;;;;26000;ac_quest;Balor
ACQ18001;HUMANOID;GIBBERLING;GIBBERLING;GIBBERLING;ACQ18001;;1;MALE;MALE;ENEMY;GIBBER;;;None;dw1melmo;;;;;;S1-8;S1-8;;;15;ac_quest;Mutated Gibberling
ACQ18002;HUMANOID;HUMAN;BARD;CLERIC_MALE_HUMAN;ACQ18002;ACQ18002;5;MALE;MALE;NEUTRAL;ACQ18002;;None;None;dw#mg14;;;;;;XBOW04;SW1H07;;;550;ac_quest;Geraldo
ACQ18004;HUMANOID;GIBBERLING;GIBBERLING;GIBBERLING;ACQ18004;;1;MALE;MALE;ENEMY;GIBBER;;;None;dw1melmo;;;;;;S1-8;S1-8;;;15;ac_quest;Mutated Gibberling
ACQ18324;HUMANOID;GIBBERLING;GIBBERLING;GIBBERLING;ACQ18324;;1;MALE;MALE;ENEMY;GIBBER;;None;None;dw1melmo;;;;;;S1-8;S1-8;;;15;ac_quest;Mutated Gibberling
ACQ18325;HUMANOID;GIBBERLING;GIBBERLING;GIBBERLING;ACQ18325;;1;MALE;MALE;ENEMY;GIBBER;;None;None;dw1melmo;;;;;;S1-8;S1-8;;;15;ac_quest;Mutated Gibberling
ACQ18611;HUMANOID;GIBBERLING;GIBBERLING;GIBBERLING;ACQ18611;;1;MALE;MALE;ENEMY;GIBBER;;None;None;dw1melmo;;;;;;S1-8;S1-8;;;15;ac_quest;Mutated Gibberling
ACQ19001;HUMANOID;HUMAN;INNOCENT;HARLOT_WOMAN;ACQ19001;ACQ19001;1;FEMALE;FEMALE;NEUTRAL;RR#PICKP;dw#innhl;RUNENEMY;None;WTHSTLBE;;;;;;;;;;15;ac_quest;Mandy
ACQ19002;HUMANOID;HUMAN;INNOCENT;HARLOT_WOMAN;ACQ19002;ACQ19002;1;FEMALE;FEMALE;NEUTRAL;RR#PICKP;dw#innhl;RUNENEMY;None;WTHSTLBE;;;;;;;;;;15;ac_quest;Ashley
ACQ19003;HUMANOID;HUMAN;INNOCENT;HARLOT_WOMAN;ACQ19003;ACQ19003;1;FEMALE;FEMALE;NEUTRAL;RR#PICKP;dw#innhl;RUNENEMY;None;WTHSTLBE;;;;;;;;;;15;ac_quest;Cindy
ACQSZENT;HUMANOID;HUMAN;MAGE;MAGE_MALE_HUMAN;ACQSZENT;ACQSZENT;7;MALE;MALE;NEUTRAL;ACQSZENT;;;;;;;;;;DAGG01;DAGG02;;;1500;ac_quest;Zhentarim Emissary
ACUMBHUL;MONSTER;UMBERHULK;UMBERHULK;UMBER_HULK;ACUMBHUL;;6;MALE;MALE;ENEMY;GENSHT01;None;None;UMBHUL01;dw1melmo;;;;;;UMBER01;;;;4000;ac_quest;Umber Hulk
ACVIRGI;ANIMAL;RABBIT;FOOD_CREATURE;RABBIT;ACVIRGI;;1;MALE;MALE;NEUTRAL;;;None;None;;;;;;;;;;;7;ac_quest;
SKELAR02;UNDEAD;SKELETON;SKELETON;SKELETON;skelar01;None;6;MALE;MALE;ENEMY;GENSHT01;None;None;None;dw1ranmo;;;;RING95;;BOW03;S1-8;;;500;ac_quest;Skeleton Archer
H_AISHAC;HUMANOID;HUMAN;INNOCENT;HARLOT_WOMAN;h_aishac;H_AISHAD;0;FEMALE;FEMALE;NEUTRAL;dw#innhl;RUNENEMY;None;None;;;;;;;;;;;15;gorgon;Aisha
H_ALARIC;HUMANOID;HUMAN;MONK;MONK;h_alaric;H_ALARID;1;MALE;MALE;NEUTRAL;RR#PICKP;;;None;dw1melmn;;;;;;;;;;45;gorgon;Alaric
H_AMRIUC;HUMANOID;HUMAN;FIGHTER;FIGHTER_MALE_HUMAN;h_amriuc;H_AMRIUD;4;MALE;MALE;NEUTRAL;RR#PICKP;;None;None;dw1melge;;;;;;SW1H01;;;;120;gorgon;Amrius
H_ARIOSC;HUMANOID;HUMAN;THIEF;THIEF_MALE_HUMAN;h_ariosc;H_ARIOSD;9;MALE;MALE;NEUTRAL;H_AGGROS;;None;H_ARIOSS;dw1melth;;;;;;DAGG02;;;;600;gorgon;Ariosh
H_ASNABC;HUMANOID;HALF_ELF;FIGHTER;FIGHTER_MALE_HUMAN;h_asnabc;H_ASNABD;6;MALE;MALE;NEUTRAL;DIGSHOUT;;None;None;dw1melge;;;;;;SPER02;;;;120;gorgon;Asnabel
H_BALD2C;HUMANOID;HUMAN;THIEF;SHADOW_THIEF;h_bald2c;H_BALD2D;14;MALE;MALE;NEUTRAL;RR#PICKP;;None;None;h_bald2s;;;;;;H_DAGG03;;;;1200;gorgon;Baldwin "The Butcher" Glendale
H_BALDWC;HUMANOID;HUMAN;THIEF;SHADOW_THIEF;h_baldwc;H_BALDWD;14;MALE;MALE;NEUTRAL;h_aggros;;None;None;dw1melth;;;;;;H_DAGG03;;;;1200;gorgon;Baldwin "The Butcher" Glendale
H_BARTHC;HUMANOID;HUMAN;FIGHTER;THIEF_MALE_HUMAN;h_barthc;H_BARTHD;5;MALE;MALE;NEUTRAL;RR#PICKP;;;None;dw1range;;;;;;XBOW04;SW1H04;;;95;gorgon;Thief
H_BLAC2C;HUMANOID;HUMAN;THIEF;THIEF_MALE_HUMAN;h_blackc;H_BLAC2D;4;MALE;MALE;NEUTRAL;SEEENEMY;;None;H_BLAC2S;dw1melth;;;;;;SW1H08;;;;0;gorgon;Blackthorn
H_BLACKC;HUMANOID;HUMAN;THIEF;THIEF_MALE_HUMAN;h_blackc;H_BLACKD;4;MALE;MALE;NEUTRAL;RR#PICKP;;None;H_BLACKS;dw1melth;;;;;;SW1H08;;;;300;gorgon;Blackthorn
H_BLACTC;HUMANOID;HUMAN;FIGHTER;THIEF_MALE_HUMAN;h_blactc;H_ROGUED;5;MALE;MALE;NEUTRAL;RR#PICKP;;;H_BLACTS;dw1range;;;;;;XBOW04;SW1H04;;;75;gorgon;Thief
H_BMAR2C;HUMANOID;HUMAN;THIEF;THIEF_MALE_HUMAN;h_bmar2c;H_BMAR2D;9;MALE;MALE;NEUTRAL;RR#PICKP;;None;None;dw1melth;;;;;;DAGG01;;;;600;gorgon;Black Market Vendor
H_BMAR3C;HUMANOID;HUMAN;THIEF;THIEF_MALE_HUMAN;h_bmar3c;H_BMAR3D;9;MALE;MALE;NEUTRAL;RR#PICKP;;None;None;dw1melth;;;;;;DAGG01;;;;600;gorgon;Black Market Vendor
H_BMAR4C;HUMANOID;HUMAN;THIEF;THIEF_MALE_HUMAN;h_bmar4c;H_BMAR4D;9;MALE;MALE;NEUTRAL;RR#PICKP;;None;None;dw1melth;;;;;;DAGG01;;;;600;gorgon;Black Market Vendor
H_BMAR5C;HUMANOID;HUMAN;THIEF;THIEF_MALE_HUMAN;h_bmar5c;H_BMAR5D;9;MALE;MALE;NEUTRAL;RR#PICKP;;None;None;dw1melth;;;;;;DAGG01;;;;600;gorgon;Black Market Vendor
H_BMARKC;HUMANOID;HUMAN;THIEF;THIEF_MALE_HUMAN;h_bmarkc;H_BMARKD;9;MALE;MALE;NEUTRAL;RR#PICKP;;None;None;dw1melth;;;;;;DAGG01;;;;600;gorgon;Black Market Vendor
H_BOBERC;HUMANOID;HUMAN;INNOCENT;FAT_MAN;h_boberc;H_BOBERD;1;MALE;MALE;NEUTRAL;dw#innhl;RUNENEMY;None;None;H_ENDPAS;;;;;;;;;;15;gorgon;Bartender Bobert
H_BOUNCC;HUMANOID;HUMAN;AMNISH_SOLDIER;FIGHTER_MALE_HUMAN;h_bouncc;H_BOUNCD;1;MALE;MALE;NEUTRAL;SHOUT;SEEENEMY;H_BOUNCS;None;dw1melge;;;;;;SW1H04;;;;35;gorgon;Bouncer
H_BOUNTC;HUMANOID;HUMAN;FIGHTER;FIGHTER_MALE_HUMAN;h_bountc;;3;MALE;MALE;NEUTRAL;;;None;H_BOUNTS;dw1melge;;;;;;SW1H43;;;;150;gorgon;Bounty Hunter
H_CARTHC;HUMANOID;HUMAN;INNOCENT;FAT_MAN;h_carthc;H_CARTHD;1;MALE;MALE;NEUTRAL;;None;None;None;None;;;;;;;;;;0;gorgon;Carth
H_CATCAC;ANIMAL;CAT;CAT;CAT;h_catcac;None;1;MALE;MALE;NEUTRAL;H_PITS1S;None;None;None;dw1melmo;;;;;MONHP1;;;;;1;gorgon;Shadow
H_CITY2C;HUMANOID;HUMAN;FIGHTER;FIGHTER_MALE_HUMAN;h_city2c;H_CITYWD;3;MALE;MALE;NEUTRAL;SHOUT;H_CITY2S;SEEENEMY;None;dw1melge;HELM09;SHLD01;;;;SW1H04;;;;175;gorgon;City Watch
H_CITY3C;HUMANOID;HUMAN;FIGHTER;FIGHTER_MALE_HUMAN;h_city3c;H_CITY3D;3;MALE;MALE;NEUTRAL;RR#PICKP;H_CITY3S;;None;dw1melge;HELM09;SHLD01;;;;SW1H04;;;;175;gorgon;City Watch
H_CITY4C;HUMANOID;HUMAN;FIGHTER;FIGHTER_MALE_HUMAN;h_city4c;H_CITY3D;3;MALE;MALE;NEUTRAL;H_CITY4S;;;None;dw1melge;HELM09;SHLD01;;;;SW1H04;;;;175;gorgon;City Watch
H_CITY5C;HUMANOID;HUMAN;FIGHTER;FIGHTER_MALE_HUMAN;h_city5c;H_CITY5D;3;MALE;MALE;NEUTRAL;H_CITY5S;;;None;dw1melge;HELM09;SHLD01;;;;SW1H04;;;;175;gorgon;City Watch
H_CITY6C;HUMANOID;HUMAN;FIGHTER;FIGHTER_MALE_HUMAN;h_city4c;H_CITY6D;3;MALE;MALE;NEUTRAL;H_CITY5S;;;None;dw1melge;HELM09;SHLD01;;;;SW1H04;;;;175;gorgon;City Watch
H_CITYBC;HUMANOID;HUMAN;FIGHTER;FIGHTER_MALE_HUMAN;h_citybc;;3;MALE;MALE;ENEMY;H_CITYBS;;;None;dw1melge;HELM09;SHLD01;;;;SW1H04;;;;175;gorgon;City Watch
H_CITYGC;HUMANOID;HUMAN;FIGHTER;FIGHTER_MALE_HUMAN;h_citygc;H_CITYGD;3;MALE;MALE;NEUTRAL;SEEENEMY;H_CITYBS;;None;dw1melge;HELM09;SHLD01;;;;SW1H04;;;;175;gorgon;City Watch
H_CITYWC;HUMANOID;HUMAN;FIGHTER;FIGHTER_MALE_HUMAN;h_citywc;H_CITYWD;3;MALE;MALE;NEUTRAL;SHOUT;H_CITYWS;SEEENEMY;None;dw1melge;HELM09;SHLD01;;;;SW1H04;;;;175;gorgon;City Watch
H_CLAREC;HUMANOID;HUMAN;CLERIC;CLERIC_FEMALE_HUMAN;h_clarec;H_CLARED;4;FEMALE;FEMALE;NEUTRAL;H_CLARES;;None;None;dw#pr31;;SHLD02;;;;;HAMM02;;;900;gorgon;Lieutenant Clare Gallant
H_CMAIDC;HUMANOID;HUMAN;0;PEASANT_WOMAN;h_cmaidc;H_CMAIDD;0;FEMALE;FEMALE;NEUTRAL;;;None;None;;;;;;;;;;;7;gorgon;Chambermaid
H_DANIKA;HUMANOID;HUMAN;THIEF;THIEF_FEMALE_HUMAN;h_danika;H_DANIKA;1;FEMALE;FEMALE;NEUTRAL;H_DANIKS;;None;None;;;;;;;SW1H48;;;;0;gorgon;Danika
H_DARI2C;HUMANOID;HUMAN;INNOCENT;CLERIC_MALE_HUMAN;h_dari2c;H_DARI2D;3;MALE;MALE;NEUTRAL;SHOUT;h_dari2s;None;None;dw1melge;;;;;;;;;;120;gorgon;Darius
H_DARIUC;HUMANOID;HUMAN;INNOCENT;CLERIC_MALE_HUMAN;h_dariuc;H_DARIUD;3;MALE;MALE;NEUTRAL;SHOUT;h_darius;None;None;dw1melge;;;;;;;;;;120;gorgon;Darius
H_DEAD2C;HUMANOID;HUMAN;0;FIGHTER_MALE_HUMAN;h_deadec;H_DEAD2D;1;MALE;MALE;NEUTRAL;H_DEAD2S;None;None;None;dw1melge;;;;;;;;;;0;gorgon;Diomedes
H_DEADEC;HUMANOID;HUMAN;0;FIGHTER_MALE_HUMAN;h_deadec;H_DEADED;1;MALE;MALE;NEUTRAL;H_PITS1S;None;None;None;dw1melge;;;;;MONHP1;;;;;0;gorgon;Diomedes
H_DECOYC;HUMANOID;HUMAN;FIGHTER;CLERIC_MALE_HUMAN;h_decoyc;H_DECOYD;1;MALE;MALE;NEUTRAL;H_DECOYS;H_CITY4S;None;;dw1melge;;;;;;SW2H01B;;;;450;gorgon;Inspector Branic
H_DENEBC;HUMANOID;GNOME;MAGE;MAGE_FEMALE_GNOME;h_denebc;H_DENEBD;6;FEMALE;MALE;NEUTRAL;SHOUT;;;H_DENEBS;dw#mg72;;;;;;STAF02;;;;800;gorgon;Deneb
H_DORIAC;HUMANOID;HUMAN;THIEF;THIEF_MALE_HUMAN;h_doriac;H_DORIAD;4;MALE;MALE;NEUTRAL;H_DORIAS;;None;;dw1melth;;;;;;SW1H08;;;;300;gorgon;Dorian
H_DRUN2C;HUMANOID;HUMAN;INNOCENT;PEASANT_MAN;h_drun2c;H_DRUN2D;1;MALE;MALE;NEUTRAL;dw#innhl;RUNENEMY;None;H_DRUNKS;H_ENDPAS;;;;;;;;;;15;gorgon;Drunkard
H_DRUNKC;HUMANOID;HUMAN;INNOCENT;PEASANT_MAN;h_drunkc;H_DRUNKD;1;MALE;MALE;NEUTRAL;dw#innhl;RUNENEMY;None;H_DRUNKS;H_ENDPAS;;;;;;;;;;15;gorgon;Drunkard
H_EUDIKC;HUMANOID;HUMAN;INNOCENT;NOBLE_WOMAN;h_eudikc;H_EUDIKD;1;FEMALE;FEMALE;NEUTRAL;dw#innhl;RUNENEMY;None;;;;;;;;;;;;15;gorgon;Lady Eudika
H_EUROPC;HUMANOID;HUMAN;INNOCENT;SLEEPING_WOMAN_ELF;h_europc;H_EUROPD;2;FEMALE;FEMALE;NEUTRAL;RR#PICKP;WTRUNSGT;None;None;None;;;;;;;;;;7;gorgon;Europea
H_EURYNC;HUMANOID;HUMAN;THIEF;THIEF_MALE_HUMAN;h_eurync;H_EURYND;9;MALE;MALE;NEUTRAL;H_EURYNS;;None;None;dw1ranth;;;;;;H_DAGG01;XBOW04;;;600;gorgon;Eurynome Rhade
H_FLAM2C;HUMANOID;HUMAN;FIGHTER;CLERIC_MALE_HUMAN;h_flam2c;H_FLAM2D;1;MALE;MALE;NEUTRAL;RR#PICKP;;None;H_FLAM2S;dw1melge;HELM09;SHLD01;;;;SW1H04;;;;150;gorgon;Flaming Fist
H_FLAMEC;HUMANOID;HUMAN;FIGHTER;CLERIC_MALE_HUMAN;h_flamec;H_FLAMED;1;MALE;MALE;NEUTRAL;RR#PICKP;;None;H_FLAMES;dw1melge;HELM09;SHLD01;;;;SW1H04;;;;150;gorgon;Flaming Fist
H_GALATC;HUMANOID;HUMAN;INNOCENT;SLEEPING_WOMAN_HUMAN;h_galatc;H_GALATD;0;FEMALE;FEMALE;NEUTRAL;dw#innhl;None;None;None;None;;;;;;;;;;15;gorgon;Galatea
H_GAME2C;HUMANOID;HUMAN;INNOCENT;THIEF_MALE_HUMAN;h_game2c;H_GAME2D;1;MALE;MALE;NEUTRAL;dw#innhl;RUNENEMY;None;None;WTRUNSGT;;;;;;;;;;15;gorgon;Gamesman
H_GAME3C;HUMANOID;HUMAN;INNOCENT;THIEF_MALE_HUMAN;h_game3c;H_GAME3D;1;MALE;MALE;NEUTRAL;dw#innhl;RUNENEMY;None;None;WTRUNSGT;;;;;;;;;;15;gorgon;Gamesman
H_GAMESC;HUMANOID;HUMAN;INNOCENT;THIEF_MALE_HUMAN;h_gamesc;H_GAMESD;1;MALE;MALE;NEUTRAL;dw#innhl;RUNENEMY;None;None;WTRUNSGT;;;;;;;;;;15;gorgon;Gamesman
H_GILBAC;HUMANOID;HUMAN;INNOCENT;THIEF_MALE_HUMAN;h_gilbac;H_GILBAD;1;MALE;MALE;NEUTRAL;dw#innhl;WTRUNSGT;None;None;None;;;;;;;;;;15;gorgon;Gilbald
H_HUNTEC;HUMANOID;HALF_ELF;FIGHTER;FIGHTER_MALE_ELF;h_huntec;H_HUNTED;6;MALE;MALE;NEUTRAL;DIGSHOUT;;None;H_HUNTES;dw1melge;;;;;;SPER01;;;;50;gorgon;Hunter
H_ILEN2C;HUMANOID;HUMAN;INNOCENT;HARLOT_WOMAN;h_ilen2c;H_ILEN2D;0;FEMALE;FEMALE;NEUTRAL;dw#innhl;RUNENEMY;H_ILEN2S;None;;;;;;;;;;;15;gorgon;Ilena
H_ILENAC;HUMANOID;HUMAN;INNOCENT;HARLOT_WOMAN;h_ilenac;H_ILENAD;0;FEMALE;FEMALE;NEUTRAL;dw#innhl;RUNENEMY;H_ILENAS;None;;;;;;;;;;;15;gorgon;Ilena
H_INJURC;HUMANOID;HUMAN;THIEF;SLEEPING_MAN_HUMAN;h_injurc;H_INJURD;7;MALE;MALE;NEUTRAL;RR#PICKP;;None;h_injurs;dw1melth;;;;;;;;;;175;gorgon;Gorgon's Eye Rogue
H_INSPEC;HUMANOID;HUMAN;FIGHTER;CLERIC_MALE_HUMAN;h_inspec;H_INSPED;1;MALE;MALE;NEUTRAL;H_INSPES;;None;;dw1melge;;;;;;SW2H02;;;;650;gorgon;Inspector Branic
H_ISHANC;HUMANOID;HUMAN;INNOCENT;HARLOT_WOMAN;h_ishanc;H_ISHAND;0;FEMALE;FEMALE;NEUTRAL;dw#innhl;RUNENEMY;None;None;;;;;;;;;;;15;gorgon;Ishani
H_ISLA2C;HUMANOID;HUMAN;THIEF;THIEF_FEMALE_HUMAN;h_islacc;H_ISLA2D;9;FEMALE;FEMALE;NEUTRAL;H_ISLA2S;;None;None;dw1melth;;;;;;MISC75;;;;0;gorgon;Isla Darkcloak
H_ISLACC;HUMANOID;HUMAN;THIEF;THIEF_FEMALE_HUMAN;h_islacc;H_ISLADD;9;FEMALE;FEMALE;NEUTRAL;H_ISLA1S;;None;None;dw1melth;;;;;;MISC75;;;;600;gorgon;Isla Darkcloak
H_ISLEYC;HUMANOID;HUMAN;0;CLERIC_MALE_HUMAN;h_isleyc;H_ISLEYD;2;MALE;MALE;NEUTRAL;H_ISLEYS;;;None;dw1range;;;;;;BOW03;SW1H04;;;250;gorgon;Isley
H_JCOOKC;HUMANOID;HUMAN;0;PEASANT_WOMAN;h_jcookc;H_JCOOKD;0;FEMALE;FEMALE;NEUTRAL;;;None;None;;;;;;;;;;;7;gorgon;Cook
H_KATREC;HUMANOID;FAIRY;0;SIRINE;h_katrec;H_KATRED;2;FEMALE;FEMALE;NEUTRAL;;;None;None;dw1melge;;;;;;DAGG01;;;;975;gorgon;Katreda
H_LADYEC;HUMANOID;HUMAN;INNOCENT;NOBLE_WOMAN;h_ladyec;H_LADYED;1;FEMALE;FEMALE;NEUTRAL;dw#innhl;RUNENEMY;None;H_LADYES;H_ENDPAS;;;;;;;;;;15;gorgon;Lady Elara
H_LIED2C;HUMANOID;HUMAN;THIEF;THIEF_FEMALE_HUMAN;h_lied2c;H_LIED2D;9;FEMALE;FEMALE;NEUTRAL;H_LIED2S;None;None;None;dw1melth;;DAGG01;;;;DAGG01;;;;600;gorgon;Liedel
H_LIEDEC;HUMANOID;HUMAN;THIEF;THIEF_FEMALE_HUMAN;h_liedec;H_LIEDED;1;FEMALE;FEMALE;NEUTRAL;H_LIEDES;None;None;None;WTASIGHT;;;;;;H_DAGG01;H_DART02;;;600;gorgon;Liedel
H_LORDTC;HUMANOID;HUMAN;INNOCENT;NOBLE_MAN;h_lordtc;H_LORDTD;1;MALE;MALE;NEUTRAL;dw#innhl;RUNENEMY;None;None;H_ENDPAS;;;;;;;;;;15;gorgon;Lord Thalric
H_MAGNUC;HUMANOID;HUMAN;INNOCENT;FIGHTER_MALE_HUMAN;h_magnuc;H_MAGNUD;1;MALE;MALE;NEUTRAL;RR#PICKP;None;None;None;H_MAGNUS;;;;;;;;;;0;gorgon;Magnus
H_MEREDC;HUMANOID;HUMAN;INNOCENT;STATIC_HARLOT_WOMAN;h_meredc;H_MEREDD;0;FEMALE;FEMALE;NEUTRAL;dw#innhl;None;None;None;h_mereds;;;;;;;;;;15;gorgon;Madam Meredia
H_MIRI2C;HUMANOID;HUMAN;INNOCENT;SLEEPING_WOMAN_HUMAN;h_miri2c;H_MIRI2D;0;FEMALE;FEMALE;NEUTRAL;dw#innhl;h_miri2s;None;None;None;;;;;;;;;;15;gorgon;Miria
H_MIRIAC;HUMANOID;HUMAN;INNOCENT;HARLOT_WOMAN;h_miriac;H_MIRIAD;0;FEMALE;FEMALE;NEUTRAL;dw#innhl;H_MIRIAS;None;None;None;;;;;;;;;;15;gorgon;Miria
H_NAGACC;HUMANOID;HUMAN;THIEF;THIEF_FEMALE_HUMAN;h_nagacc;H_NAGADD;5;FEMALE;FEMALE;NEUTRAL;RR#PICKP;;None;None;dw1melth;;;;;;DAGG01;;;;400;gorgon;Naga
H_NAGATC;HUMANOID;HUMAN;THIEF;THIEF_MALE_HUMAN;h_nagatc;H_NAGATD;4;MALE;MALE;NEUTRAL;RR#PICKP;;None;None;dw1melth;;;;;;;;;;0;gorgon;Nagate
H_PIRA2C;HUMANOID;HUMAN;FIGHTER;PIRATE;h_pira2c;H_PIRATD;5;MALE;MALE;NEUTRAL;H_PIRATS;;H_TENTCS;None;dw1melge;;SW1H20;;;;SW1H20;;;;175;gorgon;Pirate
H_PIRATC;HUMANOID;HUMAN;FIGHTER;PIRATE;h_piratc;H_PIRATD;5;MALE;MALE;NEUTRAL;H_PIRATS;;H_TENTCS;None;dw1melge;;SW1H20;;;;SW1H20;;;;175;gorgon;Pirate
H_PITS1C;HUMANOID;HUMAN;MONK;MONK_MALE_HUMAN;h_pits1c;H_PITS1D;3;MALE;MALE;NEUTRAL;H_PITS1S;;;None;dw1melmn;;;;;MONHP1;;;;;0;gorgon;Khalid Blackrock
H_PITS2C;HUMANOID;HUMAN;FIGHTER;FIGHTER_MALE_HALFORC;h_pits2c;H_PITS2D;1;MALE;MALE;NEUTRAL;H_PITS1S;;None;;dw1melge;;;;;MONHP1;SW2H02;;;;0;gorgon;Grom Torrek
H_PITS3C;HUMANOID;HUMAN;THIEF;THIEF_FEMALE_HALFLING;h_pits3c;H_PITS3D;5;FEMALE;FEMALE;NEUTRAL;H_PITS1S;;;;dw1melth;;SW1H06;;;MONHP1;SW1H06;;;;0;gorgon;Lyria Winterheart
H_PITS4C;HUMANOID;HUMAN;FIGHTER;FIGHTER_FEMALE_ELF;h_pits4c;H_PITS4D;1;FEMALE;MALE;NEUTRAL;H_PITS1S;;None;;dw1range;;;;;MONHP1;BOW17;SPER02;;;0;gorgon;Serra Swiftwind
H_PITS5C;HUMANOID;HUMAN;MONK;MONK;h_pits5c;H_PITS5D;9;MALE;MALE;NEUTRAL;H_PITS1S;;;None;dw1melmn;;;;;MONHP1;;;;;0;gorgon;Roran "Iron Fist" Zlenka
H_PROCUC;HUMANOID;HUMAN;FIGHTER;THIEF_MALE_HUMAN;h_procuc;H_PROCUD;5;MALE;MALE;NEUTRAL;H_TENTCS;;;None;dw1melge;;;;;;;;;;95;gorgon;Procus
H_PROS2C;HUMANOID;HUMAN;INNOCENT;HARLOT_WOMAN;h_pros2c;H_PROS2D;0;FEMALE;FEMALE;NEUTRAL;dw#innhl;RUNENEMY;None;None;H_ENDPAS;;;;;;;;;;15;gorgon;Courtesan
H_PROSTC;HUMANOID;HUMAN;INNOCENT;HARLOT_WOMAN;h_prostc;H_PROSTD;0;FEMALE;FEMALE;NEUTRAL;dw#innhl;RUNENEMY;None;;H_ENDPAS;;;;;;;;;;15;gorgon;Courtesan
H_PRUFLC;HUMANOID;HUMAN;INNOCENT;FAT_MAN;h_pruflc;H_PRUFLD;1;MALE;MALE;NEUTRAL;;None;None;None;None;;;;;;;;;;0;gorgon;Pruflas
H_QUASSC;HUMANOID;HUMAN;MAGE;MAGE_MALE_HUMAN;h_quassc;H_QUASSD;7;MALE;MALE;NEUTRAL;H_QUASSS;;None;None;dw#mg73;;;;;;STAF01;;;;1600;gorgon;Quass
H_RAFA2C;HUMANOID;HUMAN;INNOCENT;HARLOT_WOMAN;h_rafa2c;H_RAFA2D;0;FEMALE;FEMALE;NEUTRAL;dw#innhl;RUNENEMY;h_rafa2s;None;;;;;;;;;;;15;gorgon;Rafaela
H_RAFAEC;HUMANOID;HUMAN;INNOCENT;HARLOT_WOMAN;h_rafaec;H_RAFAED;0;FEMALE;FEMALE;NEUTRAL;dw#innhl;RUNENEMY;H_RAFAES;None;;;;;;;;;;;15;gorgon;Rafaela
H_RICH2C;HUMANOID;HUMAN;THIEF;SHADOW_THIEF;h_rich2c;H_RICH2D;11;MALE;MALE;NEUTRAL;RR#PICKP;;None;H_RICH2S;dw1ranth;;;;;;DAGG01;XBOW04;;;800;gorgon;Richard Glendale
H_RICHAC;HUMANOID;HUMAN;THIEF;SHADOW_THIEF;h_richac;H_RICHAD;11;MALE;MALE;NEUTRAL;RR#PICKP;;None;H_RICHAS;dw1ranth;;;;;;DAGG01;XBOW04;;;800;gorgon;Richard Glendale
H_RIGALC;HUMANOID;HUMAN;THIEF;SHADOW_THIEF;h_rigalc;H_RIGALD;9;MALE;MALE;NEUTRAL;H_AGGROS;;None;None;dw1melth;;;;;;DAGG02;;;;600;gorgon;Rigaldo
H_ROGU2C;HUMANOID;HUMAN;FIGHTER;THIEF_MALE_HUMAN;h_rogu2c;H_ROGU2D;5;MALE;MALE;NEUTRAL;RR#PICKP;;;None;dw1melge;;;;;;SW1H04;;;;95;gorgon;Gorgon's Eye Rogue
H_ROGUEC;HUMANOID;HUMAN;FIGHTER;THIEF_MALE_HUMAN;h_roguec;H_ROGUED;5;MALE;MALE;NEUTRAL;H_AGGROS;;;H_ROGUES;dw1melge;;;;;;SW1H04;;;;95;gorgon;Gorgon's Eye Rogue
H_SARADC;HUMANOID;HUMAN;MAGE;MONK;h_saradc;H_SARADD;9;MALE;MALE;NEUTRAL;h_aggros;;;h_sarads;dw#mg74;;;;;;STAF18;;;;3000;gorgon;Saradin
H_SELENC;HUMANOID;HUMAN;THIEF;THIEF_FEMALE_HUMAN;h_selenc;H_SELEND;9;FEMALE;FEMALE;NEUTRAL;H_PIRATS;H_TENTCS;None;None;dw1melth;;SW1H20;;;;SW1H20;;;;600;gorgon;Selena Stardancer
H_SILASC;HUMANOID;HUMAN;MAGE;MAGE_FEMALE_HUMAN;h_silasc;H_SILASD;7;FEMALE;MALE;NEUTRAL;RR#PICKP;;None;None;dw#mg75;;;;;;STAF02;;;;1200;gorgon;Silas
H_SMUGGC;HUMANOID;HUMAN;FIGHTER;THIEF_FEMALE_HALFLING;h_roguec;H_SMUGGD;5;FEMALE;FEMALE;NEUTRAL;H_AGGROS;;;None;dw1melge;;;;;;SW1H04;;;;95;gorgon;Smuggler
H_SNAK2C;ANIMAL;NO_RACE;NO_CLASS;SNAKE;h_snak2c;None;5;MALE;MALE;ENEMY;;;None;H_SNAK2S;dw1melmo;;;;;;H_SNAK2W;;;;8000;gorgon;Baldwin "The Butcher" Glendale
H_SNAKEC;ANIMAL;NO_RACE;HUNTER_CREATURE;SNAKE;h_snakec;;4;MALE;MALE;ENEMY;;;;;dw1melmo;;;;;;H_SNAKEW;;;;250;gorgon;Snake
H_SORENC;HUMANOID;HUMAN;THIEF;THIEF_MALE_HUMAN;h_sorenc;H_SOREND;4;MALE;MALE;NEUTRAL;RR#PICKP;;None;;dw1melth;;;;;;SW1H08;;;;300;gorgon;Soren
H_STHI2C;HUMANOID;HUMAN;THIEF;SHADOW_THIEF;h_sthi2c;;7;MALE;MALE;NEUTRAL;RR#PICKP;;None;H_STHIES;dw1ranth;;;;;;DAGG02;XBOW05;;;175;gorgon;Shadow Thief
H_STHIEC;HUMANOID;HUMAN;THIEF;SHADOW_THIEF;h_sthiec;;7;MALE;MALE;NEUTRAL;RR#PICKP;;None;H_STHIES;dw1ranth;;;;;;DAGG01;XBOW04;;;175;gorgon;Shadow Thief
H_TEMPCC;HUMANOID;HUMAN;CLERIC;CLERIC_FEMALE_HUMAN;h_tempcc;;4;FEMALE;FEMALE;NEUTRAL;h_temkns;;None;None;dw#pr32;;SHLD02;;;;;BLUN03;;;600;gorgon;Templar Knight
H_TEMPFC;HUMANOID;HUMAN;FIGHTER;FIGHTER_MALE_HUMAN;h_tempfc;;1;MALE;MALE;NEUTRAL;h_temkns;;None;;dw1melge;HELM13;SHLD05;;;;SW1H04;;;;250;gorgon;Templar Knight
H_TEMPMC;HUMANOID;HUMAN;THIEF;MAGE_MALE_HUMAN;h_tempmc;;7;MALE;MALE;NEUTRAL;h_temkns;MAGE3;None;None;dw1melth;;;;;;STAF01;;;;900;gorgon;Templar Knight
H_TEMPRC;HUMANOID;HUMAN;RANGER;FIGHTER_FEMALE_HUMAN;h_tempfc;;1;FEMALE;FEMALE;NEUTRAL;H_TEMKNS;;None;;dw1range;HELM13;;;;;BOW03;SW1H04;;;250;gorgon;Templar Knight
H_TGUARC;HUMANOID;HUMAN;FIGHTER;THIEF_MALE_HUMAN;h_tguarc;H_TGUARD;5;MALE;MALE;NEUTRAL;h_tentcs;;;None;dw1melge;;;;;;DAGG01;;;;95;gorgon;Gorgon's Eye Rogue
H_THALDC;HUMANOID;HUMAN;INNOCENT;NOBLE_MAN;h_thaldc;H_THALDD;1;MALE;MALE;NEUTRAL;dw#innhl;RUNENEMY;None;None;;;;;;;;;;;15;gorgon;Thaldor
H_THALIC;HUMANOID;HUMAN;THIEF;THIEF_FEMALE_HUMAN;h_thalic;H_THALID;9;FEMALE;FEMALE;NEUTRAL;H_THALIS;;None;None;dw1ranth;;;;;;BOW05;;;;600;gorgon;Thalia
H_THAMUC;HUMANOID;HUMAN;THIEF;SHADOW_THIEF;h_thamuc;H_THAMUD;11;MALE;MALE;NEUTRAL;RR#PICKP;;None;H_THAMUS;dw1melth;;DAGG02;;;;DAGG02;;;;1200;gorgon;Thamuz
H_THEREC;HUMANOID;HUMAN;CLERIC;CLERIC_FEMALE_HUMAN;h_therec;H_THERED;4;FEMALE;FEMALE;NEUTRAL;H_THERES;;None;None;dw#pr33;;SHLD02;;;;;BLUN03;;;900;gorgon;Lieutenant Theresa Gallant
H_THIE2C;HUMANOID;HUMAN;FIGHTER;THIEF_MALE_HUMAN;h_thie2c;H_THIE2D;5;MALE;MALE;NEUTRAL;H_THIE2S;;None;None;dw1melge;;;;;;SW1H04;;;;75;gorgon;Thief
H_THIEFC;HUMANOID;HUMAN;FIGHTER;THIEF_MALE_HUMAN;h_thiefc;;5;MALE;MALE;NEUTRAL;RR#PICKP;;None;H_STHIES;dw1melge;;;;;;SW1H04;;;;95;gorgon;Shadow Thief
H_TMERCC;HUMANOID;HUMAN;0;FAT_MAN;h_tmercc;H_TMERCD;1;MALE;MALE;NEUTRAL;h_tentcs;None;None;None;None;;;;;;;;;;0;gorgon;Merchant
H_TUZTCC;HUMANOID;HUMAN;FIGHTER;FIGHTER_MALE_HUMAN;h_tuztcc;H_TUZTDD;3;MALE;MALE;NEUTRAL;;;None;H_TUZTSS;dw1melge;;SHLD03;;;;SW1H44;;;;250;gorgon;Tuzt
H_VALERC;HUMANOID;HUMAN;THIEF;THIEF_FEMALE_HUMAN;h_valerc;H_VALERD;9;FEMALE;FEMALE;NEUTRAL;H_VALERS;None;None;None;dw1melth;;DAGG01;;;;DAGG01;;;;600;gorgon;Valera
H_VAPULC;HUMANOID;HUMAN;THIEF;THIEF_MALE_HUMAN;h_vapulc;H_VAPULD;5;MALE;MALE;NEUTRAL;RR#PICKP;;None;None;dw1melth;;;;;;SW1H04;;;;220;gorgon;Vapula Simberg
H_VARLIC;HUMANOID;HUMAN;0;NOBLE_MAN;h_varlic;H_VARLID;1;MALE;MALE;NEUTRAL;;;None;None;;;;;;;;;;;15;gorgon;Lord Varlind
H_VELENC;HUMANOID;HUMAN;FIGHTER;CLERIC_FEMALE_HUMAN;h_velenc;H_VELEND;1;FEMALE;FEMALE;NEUTRAL;H_VELENS;;SEEENEMY;None;dw1melge;;SHLD03;;;;SW1H05;;;;350;gorgon;Captain Velendra
H_VITIAC;HUMANOID;HUMAN;THIEF;THIEF_MALE_HUMAN;Vitiare;H_VITIAD;7;MALE;MALE;NEUTRAL;H_PIRATS;h_tentcs;None;None;dw1melth;;;;;;DAGG01;;;;125;gorgon;Vitiare
H_WHIT2C;HUMANOID;HUMAN;FIGHTER;CLERIC_FEMALE_HUMAN;h_whit2c;H_WHIT2D;1;FEMALE;FEMALE;NEUTRAL;H_WHIT2S;;SEEENEMY;None;dw1melge;;SHLD03;;;;SW1H05;;;;900;gorgon;Commander Whitewood
H_WHITEC;HUMANOID;HUMAN;FIGHTER;CLERIC_FEMALE_HUMAN;h_whitec;H_WHITED;1;FEMALE;FEMALE;NEUTRAL;H_WHITES;;;None;dw1melge;;SHLD03;;;;SW1H05;;;;900;gorgon;Commander Whitewood
H_XEVECC;HUMANOID;HUMAN;THIEF;BEGGAR_MAN;h_xevecc;H_XEVECD;1;MALE;MALE;NEUTRAL;RR#PICKP;None;None;None;dw1melth;;;;;;DAGG01;;;;15;gorgon;Xevec
H_YUMILC;HUMANOID;HUMAN;INNOCENT;BOY;h_yumilc;H_YUMILD;0;MALE;MALE;NEUTRAL;dw#innhl;None;None;None;H_YUMILS;;;;;;;;;;7;gorgon;Yumil
H_ZEDACC;HUMANOID;HUMAN;THIEF;THIEF_FEMALE_HALFLING;h_zedacc;H_ZEDADD;5;FEMALE;FEMALE;NEUTRAL;H_AGGROS;;h_zedass;;dw1melth;;;;;;SW1H05;;;;95;gorgon;Zeda
H_ZHONTC;HUMANOID;HUMAN;MAGE;MAGE_MALE_HUMAN;h_zhontc;H_ZHONTD;5;MALE;MALE;NEUTRAL;RR#PICKP;;None;H_ZHONTS;dw#mg76;;;;;;;;;;420;gorgon;Zhontac
H_ZIEKDC;HUMANOID;HUMAN;FIGHTER;THIEF_MALE_HUMAN;h_ziekec;H_ZIEKDD;5;MALE;MALE;NEUTRAL;;;;H_ZIEKDS;dw1melge;;;;;;SW1H04;;;;50;gorgon;Zieke's Bodyguard
H_ZIEKEC;HUMANOID;HUMAN;FIGHTER;THIEF_MALE_ELF;h_ziekec;H_ZIEKED;5;MALE;MALE;NEUTRAL;RR#PICKP;;;None;dw1melge;;;;;;;;;;95;gorgon;Zieke
H_ZIEKNC;HUMANOID;HUMAN;FIGHTER;THIEF_MALE_HUMAN;h_ziekec;H_ZIEKND;5;MALE;MALE;NEUTRAL;;;;H_ZIEKNS;dw1melge;;;;;;SW1H04;;;;50;gorgon;Zieke's Bodyguard
H_ZYLARC;HUMANOID;HUMAN;FIGHTER;CLERIC_MALE_HUMAN;h_zylarc;H_ZYLARD;1;MALE;MALE;NEUTRAL;RR#PICKP;;None;H_ZYLARS;dw1melge;HELM09;SHLD01;;;;SW1H04;;;;150;gorgon;Zylark
WIAMARAN;HUMANOID;HUMAN;DRUID;CLERIC_MALE_HUMAN;None;WIamaran;10;MALE;MALE;NEUTRAL;INITDLG;;None;None;dw#pr67;;;;;;BLUN37;DW#SHNBR;;;120;blackhearts;Amarande
WIANKHE1;MONSTER;ANKHEG;ANKHEG;ANKHEG;WIANKHE1;;3;NIETHER;MALE;ENEMY;BPSIGHT;ANKHEGB;None;None;None;;;;;;ANKHEG2;;;;1000;blackhearts;Assassin Ankheg
WIAPPLE;HUMANOID;HUMAN;DRUID;CLERIC_FEMALE_HUMAN;WIAPPLE;;3;FEMALE;FEMALE;ENEMY;;APPLE;;;BPSIGHT;HELM01;;;;;SPER01;;;;300;blackhearts;Wynna
WIBARMAI;HUMANOID;HUMAN;INNOCENT;PEASANT_WOMAN;WIBARMAI;WIBARMAI;1;FEMALE;FEMALE;NEUTRAL;dw#innhl;RUNENEMY;None;None;WDRUNSGT;;;;;;;;;;15;blackhearts;Elma the Barmaid
WIBEGG01;HUMANOID;HUMAN;INNOCENT;STATIC_BEGGAR_MAN;WIBEGG01;WIbeggar;1;MALE;MALE;NEUTRAL;dw#innhl;None;None;None;None;;;;;;;;;;15;blackhearts;Beggar
WIBH2TAM;HUMANOID;HUMAN;CLERIC_THIEF;CLERIC_FEMALE_HUMAN;WIBH2TAM;WIBH2TAM;10;FEMALE;FEMALE;NEUTRAL;WIBH2TAM;;FIGHTER3;None;dw1melth;;BLUN05;;;;;;;;5000;blackhearts;Tamoko
WIBH2WI2;HUMANOID;HUMAN;MAGE;MAGE_MALE_HUMAN;WIBH2WIN;WIBH2WIN;6;MALE;MALE;NEUTRAL;WIBH2WIN;;;None;dw#mg139;;;;;;STAF01;;;;2000;blackhearts;Winski Perorate
WIBH2WIN;HUMANOID;HUMAN;MAGE;MAGE_MALE_HUMAN;WIBH2WIN;WIBH2WIN;6;MALE;MALE;NEUTRAL;WIBH2WIN;;;None;dw#mg140;;;;;;STAF01;;;;2000;blackhearts;Winski Perorate
WIBHSHA1;UNDEAD;SHADOW;SHADOW;SHADOW;None;None;7;SUMMONED;SUMMONED;ENEMY;WIBHSHA1;GENSHT01;None;None;dw1melge;;;IMMUNE1;RING95;;S1-8;;;;1000;blackhearts;Chaos Shadow
WIBHSHA2;UNDEAD;SHADOW;SHADOW;SHADOW;None;None;6;SUMMONED;SUMMONED;ENEMY;SHDWKILL;GENSHT01;None;None;dw1melge;;;IMMUNE1;RING95;;S1-8;;;;800;blackhearts;Slaughter Shade
WIBORT;HUMANOID;GNOLL;FIGHTER;GNOLL;WIBORT;;3;MALE;MALE;ENEMY;BPSIGHT;OHGN01;BPFGBA01;;;;;;;;HALB01;;;;300;blackhearts;Kherk Snotpaw
WICARLOS;HUMANOID;DWARF;FIGHTER;FIGHTER_MALE_DWARF;WICARLOS;;7;MALE;MALE;ENEMY;BPSIGHT;OHGN01;BPFGTK01;;None;HELM01;;;;;SW1H04;;;;650;blackhearts;Durgig Shadowbrand
WICHERI2;HUMANOID;ELF;MAGE;MAGE_FEMALE_HUMAN;WICHERI2;;15;MALE;FEMALE;NEUTRAL;WICHERI2;BPBAELOT;;None;;STAF05;;RING40;;AMUL21;;;;;16000;blackhearts;Cherise Siltuhr
WICHERIS;HUMANOID;ELF;MAGE;MAGE_FEMALE_HUMAN;WICHERIS;WICheris;15;MALE;FEMALE;NEUTRAL;SHOUTDL2;BPBAELOT;;None;;HELM19;;RING40;;AMUL21;STAF05;;;;16000;blackhearts;Cherise Siltuhr
WICIRIL;HUMANOID;HALFLING;THIEF;THIEF_MALE_HALFLING;WICIRIL;;8;MALE;MALE;ENEMY;BPSIGHT;OHGN01;BPFGAR01;;;;;;;;BOW05;SW1H07;;;650;blackhearts;Dico
WICLAYGO;GIANTHUMANOID;GOLEM;GOLEM_CLAY;GOLEM_CLAY;WICLAYGO;;9;NIETHER;MALE;ENEMY;BPSIGHT;None;BPFHT;None;None;;;IMMUNE1;;;GOLCLA;;;;8000;blackhearts;Clay Golem
WICOMM01;HUMANOID;HUMAN;INNOCENT;PEASANT_MAN;WICOMM01;WICOMM01;1;MALE;MALE;NEUTRAL;dw#innhl;;None;;None;;;;;;;;;;15;blackhearts;Commoner
WICOMM2;HUMANOID;HUMAN;INNOCENT;PEASANT_MAN;WICOMM02;WICOMM01;1;MALE;MALE;NEUTRAL;dw#innhl;;None;;None;;;;;;;;;;15;blackhearts;Commoner
WICOMM3;HUMANOID;HUMAN;INNOCENT;PEASANT_MAN;WICOMM03;WICOMM01;1;MALE;MALE;NEUTRAL;dw#innhl;;None;;None;;;;;;;;;;15;blackhearts;Commoner
WICONSC1;HUMANOID;HUMAN;FIGHTER;FIGHTER_MALE_HUMAN;BDCOASEN;WICONSC1;7;MALE;MALE;NEUTRAL;RR#PICKP;;BDSHOUT;BDFIGH01;;HELM15;;;;;BOW03;SW1H07;;;420;blackhearts;Conscript
WICONSC2;HUMANOID;HUMAN;FIGHTER;FIGHTER_MALE_HUMAN;BDCOASEN;WICONSC2;7;MALE;MALE;NEUTRAL;RR#PICKP;;BDSHOUT;BDFIGH01;;HELM15;;;;;BOW03;SW1H07;;;420;blackhearts;Conscript
WICONSC3;HUMANOID;HUMAN;FIGHTER;FIGHTER_MALE_HUMAN;BDCOASEN;BDCOASEN;7;MALE;MALE;ENEMY;BDCOASEN;;BDSHOUT;BDFIGH01;;HELM15;;;;;BOW03;SW1H07;;;420;blackhearts;Traitor Conscript
WICULT1;UNDEAD;GHOUL;GHOUL_GHAST;MONK;WICULT1;;7;NIETHER;MALE;ENEMY;WICULT1;BDENSHTV;BDGHASTG;;BDFIG00;;;RING95;;;BDGHASTG;;;;975;blackhearts;Dreg Ghoul
WICYNTH2;HUMANOID;HALF_ELF;MAGE;MAGE_FEMALE_ELF;WICYNTHA;WICYNTHA;11;FEMALE;FEMALE;NEUTRAL;WICYNTH;;BDMAGE01;None;dw1melge;;;;;;;;;;3500;blackhearts;Cythandria
WICYNTHA;HUMANOID;HALF_ELF;MAGE;MAGE_FEMALE_ELF;WICYNTHA;WICYNTHA;11;FEMALE;FEMALE;NEUTRAL;WITALK;WICYNTH;BDMAGE01;None;dw1melge;;;;;;;;;;3500;blackhearts;Cythandria
WIDRYAD1;HUMANOID;FAIRY;FIGHTER;SIRINE;WIDRYAD1;WIDRYAD1;8;FEMALE;FEMALE;NEUTRAL;HAMA;None;None;None;dw1melge;;;;;ANTIWEB;DAGG01;;;;650;blackhearts;Dryad of Peldvale
WIDRYAD2;HUMANOID;FAIRY;FIGHTER;SIRINE;WIDRYAD2;WIDRYAD2;8;FEMALE;FEMALE;NEUTRAL;HAMA;None;None;None;dw1melge;;;;;ANTIWEB;DAGG01;;;;650;blackhearts;Dryad of Peldvale
WIELAN;HUMANOID;RAKSHASA;MAGE;RAKSHASA;WIELAN;;11;MALE;MALE;ENEMY;;OHMADD01;;None;BPASIGHT;;;RAKRING;;IMMUNE2;SW1H41;;;;5000;blackhearts;Silmivya
WIELENAI;HUMANOID;HUMAN;FIGHTER;FIGHTER_MALE_HUMAN;None;WIelenai;1;MALE;MALE;NEUTRAL;RR#PICKP;BDDEFAI;None;None;;;;;;;;;;;0;blackhearts;Elenair
WIELFIR1;GIANTHUMANOID;ELEMENTAL;ELEMENTAL_FIRE;ELEMENTAL_FIRE_SMALL;WIELFIR1;;12;NIETHER;NIETHER;ENEMY;BPBOOM;BPSIGHT;None;None;BPASIGHT;;;IMMUNE2;;;FIREELEM;;;;5000;blackhearts;Fire Elemental
WIERASMU;HUMANOID;HALF_ELF;MAGE;MAGE_FEMALE_ELF;BPERASMU;;2;FEMALE;FEMALE;ENEMY;BPSIGHT;OHGN01;OHMADD01;None;None;;;;;;STAF01;SLNG01;;;300;blackhearts;Elys Horne
WIFARGUS;HUMANOID;ELF;CLERIC;CLERIC_MALE_ELF;WIFARGUS;;3;MALE;MALE;ENEMY;BPSIGHT;OHGN01;OHPRDD01;None;None;HELM01;SHLD05;;;;BLUN02;;;;450;blackhearts;Nichye
WIFIRGI2;GIANTHUMANOID;GIANT;FIGHTER;GIANT_FIRE;WIFIREG2;WIFIREG2;20;MALE;MALE;NEUTRAL;SHOUTDLG;None;None;None;None;HELMNOAN;;RING31;RING31;;GIAFIR2;;;;16000;blackhearts;Herald of Yaga-Shura
WIFIRGIA;GIANTHUMANOID;GIANT;FIGHTER;GIANT_FIRE;WIFIREGI;WIFIREGI;20;MALE;MALE;NEUTRAL;;None;None;None;None;HELMNOAN;;INVULNER;WIRING04;;GIAFIR2;;;;0;blackhearts;Herald of Yaga-Shura
WIGENTLE;GIANTHUMANOID;OGRE;OGRE_MAGE;OGRE_MAGE;WIGENTLE;WIgent;5;NIETHER;MALE;NEUTRAL;WISIGHT;None;None;BPASIGHT;dw#mg141;;;;WIRING01;;SW1H01;;;;800;blackhearts;The Gentleman
WIGUARD;HUMANOID;HUMAN;AMNISH_SOLDIER;CLERIC_MALE_HUMAN;None;WIguard;2;MALE;MALE;NEUTRAL;SHOUT;None;SEEENEMY;None;;HELM08;;;;;BOW03;SW1H04;;;15;blackhearts;Mine Guard
WIGUARD2;HUMANOID;HUMAN;AMNISH_SOLDIER;CLERIC_MALE_HUMAN;WIGUARD2;WIguard2;2;MALE;MALE;NEUTRAL;SHOUT;None;SEEENEMY;None;;HELM08;;;;;BOW03;SW1H04;;;15;blackhearts;Mine Guard
WIHARSP1;UNDEAD;ELF;NO_CLASS;CLERIC_FEMALE_ELF;spech1;WIHARSP1;10;FEMALE;FEMALE;NEUTRAL;WITALK;WISPECTH;SHOUT;None;dw1melge;HELMNOAN;;IMMUNE1;RING95;;HSPECTRE;;;;9000;blackhearts;Harper Spectre
WIHARSP2;UNDEAD;ELF;NO_CLASS;CLERIC_MALE_DWARF;spech1;;10;FEMALE;FEMALE;ENEMY;WISPECTH;;SHOUT;None;dw1melge;HELMNOAN;;IMMUNE1;RING95;;HSPECTRE;;;;6000;blackhearts;Harper Spectre
WIHOBG01;HUMANOID;HOBGOBLIN;THIEF;HOBGOBLIN;WIHOBG01;;1;MALE;MALE;ENEMY;BPSIGHT;OHGN01;BPFGAR01;;None;HELM01;;;;;COMPB05;COMPS01;;;100;blackhearts;Redwater Archer
WIHOBG02;HUMANOID;HOBGOBLIN;FIGHTER;HOBGOBLIN;WIHOBG02;;1;MALE;MALE;ENEMY;BPSIGHT;OHGN01;BPFGTK01;;None;HELM01;;;;;COMPS01;;;;250;blackhearts;Redwater Warrior
WIHOBG03;HUMANOID;HOBGOBLIN;MAGE;HOBGOBLIN;WIHOBG03;;5;MALE;MALE;ENEMY;BPSIGHT;OHGN01;OHMADD01;None;None;;;;;;COMPS01;;;;450;blackhearts;Redwater Wizard
WIHOBG04;HUMANOID;HOBGOBLIN;FIGHTER;HOBGOBLIN;WIHOBG04;;1;MALE;MALE;ENEMY;BPSIGHT;OHGN01;BPFGTK01;;None;HELM01;;;;;WISW1H01;;;;450;blackhearts;Perthag of Red Waters
WIICESAL;MONSTER;SALAMANDER;ELEMENTAL_WATER;SALAMANDER_FROST;None;None;8;MALE;MALE;ENEMY;BPSIGHT;OHGN01;BPASIGHT;;None;;;RING95;IMMUNE1;;SALACOLD;;;;3000;blackhearts;Ice Salamander
WIICESCL;MONSTER;SALAMANDER;CLERIC;SALAMANDER_FROST;WIICESCL;NONE;8;MALE;MALE;ENEMY;BPSIGHT;OHGN01;OHPRDI01;;None;;;RING95;IMMUNE1;;SALACOLD;;;;8000;blackhearts;Ice Salamander Cleric
WIILLAS1;HUMANOID;HALF_ELF;FIGHTER_MAGE;MAGE_FEMALE_HUMAN;None;WIillimg;10;FEMALE;FEMALE;NEUTRAL;WIILLIMG;BDDEFAI;None;None;DPLAYER3;BDIOUN02;;RINGITF;WIRING03;;BOW17;SW1H05;;;0;blackhearts;Image of Illasera
WIILLASE;HUMANOID;HALF_ELF;FIGHTER_MAGE;MAGE_FEMALE_HUMAN;WIILLASE;WIillase;10;FEMALE;FEMALE;GOODBUTBLUE;WIILLSP;;WISHOUT;BDFMAG20;;BDIOUN02;;RINGITF;;;BOW17;SW1H06;;;0;blackhearts;Illasera the Quick
WIJELLY;HUMANOID;HOBGOBLIN;HOBGOBLIN;GOBLIN_AXE;None;WIYUJEHL;1;MALE;MALE;NEUTRAL;NEGOBLIN;None;KOBOLDF;None;dw1melge;;;;;;AX1H01;;;;20;blackhearts;Yujehli
WIKRANCO;HUMANOID;HUMAN;FIGHTER;FIGHTER_MALE_HUMAN;WIKRANCO;;7;MALE;MALE;ENEMY;BPSIGHT;OHGN01;BPFGBA01;;None;;;;;;AX1H02;;;;650;blackhearts;Riffolk Wyne
WILLYRK;HUMANOID;HUMAN;MAGE;MAGE_MALE_HUMAN;WILLYRK;;3;MALE;MALE;ENEMY;BPSIGHT;LLYRK;None;;;;;;;;STAF01;;;;800;blackhearts;Sazazir
WIMESSEN;HUMANOID;HALFLING;INNOCENT;THIEF_FEMALE_HALFLING;None;WIMESSEN;0;FEMALE;FEMALE;NEUTRAL;dw#innhl;INITDLG;RUNENEMY;None;WDRUNSGT;;;;;;;;;;7;blackhearts;Messenger
WIMIMIC;MONSTER;MIMIC;MIMIC;DOOM_GUARD;BDMIMIC;;10;MALE;MALE;ENEMY;WIMIMIC;;;;;;;MAGE01;;WALLPASS;B3-12;;;;3000;blackhearts;Mimic
WINERSOD;HUMANOID;GNOME;INNOCENT;THIEF_FEMALE_GNOME;WINersod;WINersod;10;FEMALE;FEMALE;NEUTRAL;RR#PICKP;None;None;None;dw1melge;;;;;;;;;;10;blackhearts;Nerys
WINERY2;HUMANOID;GNOME;INNOCENT;THIEF_FEMALE_GNOME;WINerys;WINerys;10;FEMALE;FEMALE;NEUTRAL;INITDLG;None;None;None;dw1melge;;;;;;;;;;10;blackhearts;Nerys
WINERYS;HUMANOID;GNOME;INNOCENT;THIEF_FEMALE_GNOME;WINerys;WINerys;10;FEMALE;FEMALE;NEUTRAL;RR#PICKP;None;None;None;dw1melge;;;;;;;;;;10;blackhearts;Nerys
WINIKN01;UNDEAD;VAMPIRE;VAMPIRE;THIEF_FEMALE_HUMAN;WINIKN01;None;8;158;158;ENEMY;BPVAMP;BPAMBT;None;None;BPSIGHT;;;;VAMPREG;;BOW03;AX1H01;;;450;blackhearts;Night Knife
WINIKN02;UNDEAD;VAMPIRE;VAMPIRE;THIEF_MALE_HUMAN;WINIKN02;None;8;158;158;ENEMY;BPVAMP;BPAMBT;None;None;BPSIGHT;;;;VAMPREG;;BOW03;AX1H01;;;400;blackhearts;Night Knife
WINIKN03;HUMANOID;HUMAN;THIEF;THIEF_MALE_HUMAN;WINIKN03;WINIGKNI;8;158;158;NEUTRAL;WINIGKNI;;None;None;;;;;VAMPREG;;BOW03;AX1H01;;;400;blackhearts;Night Knife
WIOGMA01;GIANTHUMANOID;OGRE;OGRE_MAGE;OGRE_MAGE;WIYONDAK;WIyondak;5;MALE;MALE;NEUTRAL;SHOUTDLG;None;None;BPASIGHT;dw#mg143;;;WIRING02;;;SW1H01;;;;800;blackhearts;Yondak Master of Portals
WIOGRE01;GIANTHUMANOID;OGRE;OGRE;OGRE;Ogre;;4;NIETHER;MALE;ENEMY;BPSIGHT;None;;BPASIGHT;dw1melge;;;;;;B1-2;;;;0;blackhearts;Ogre Bodyguard
WIOGRE02;GIANTHUMANOID;OGRE;OGRE;OGRE;ARGHH;;4;NIETHER;MALE;ENEMY;None;None;;None;dw1melge;;;;;GOPOOF;SW2H01;;;;1500;blackhearts;Grahh
WIOOZE;MONSTER;SLIME;MUSTARD_JELLY;GRAY_OOZE;None;;9;NIETHER;MALE;ENEMY;None;None;None;None;dw1ranmo;;;IMMUNE1;RING95;;JELLMU1;;;;3000;blackhearts;Black Blood
WIOWYN;HUMANOID;GNOME;CLERIC;CLERIC_MALE_GNOME;WIOWYN;BPOWYN;7;MALE;MALE;ENEMY;BPSIGHT;OHGN01;OHPRDD01;None;None;;;;;;BLUN04;;;;650;blackhearts;Adokul
WIPINATA;MONSTER;SHADOW;SHADOW;DOOM_GUARD;WIPINATA;None;8;NIETHER;SUMMONED;NEUTRAL;None;None;None;None;dw1melmo;;;RING95;MAGE01;;S2-16;;;;3000;blackhearts;Wakizashi
WIPORT;HUMANOID;SWORD;LONG_SWORD;DOOM_GUARD;DURSWORD;WIPORTAL;1;NIETHER;MALE;NEUTRAL;;None;None;None;None;;;;;;;;;;0;blackhearts;Sanctum Portal
WIPORTA1;HUMANOID;HUMAN;MAGE;BLOB_MIST_CREATURE;WIPORTA1;None;0;MALE;MALE;ENEMY;;BPPORTL;None;None;None;;;;;;;;;;1200;blackhearts;Portal
WIPORTA2;HUMANOID;HUMAN;MAGE;DOOM_GUARD;WIPORTA2;None;0;MALE;MALE;ENEMY;BPSIGHT;BPPORTL;None;None;None;;;;;;;;;;1200;blackhearts;Portal
WIPORTA3;HUMANOID;HUMAN;MAGE;DOOM_GUARD;WIPORTA3;None;0;MALE;MALE;ENEMY;BPSIGHT;BPPORTL;None;None;None;;;;;;;;;;0;blackhearts;Portal
WIPORTA4;HUMANOID;HUMAN;MAGE;DOOM_GUARD;WIPORTA4;None;0;MALE;MALE;ENEMY;BPSIGHT;BPPORTL;None;None;None;;;;;;;;;;1200;blackhearts;Portal
WIPORTA5;HUMANOID;HUMAN;MAGE;DOOM_GUARD;WIPORTA5;None;0;MALE;MALE;ENEMY;BPSIGHT;BPPORTL;None;None;None;;;;;;;;;;0;blackhearts;Portal
WIPRESF2;HUMANOID;ELF;INNOCENT;FIGHTER_FEMALE_ELF;Dushai;WIPresfi;10;FEMALE;FEMALE;NEUTRAL;RR#PICKP;None;None;None;dw1melge;;;;;;;;;;10;blackhearts;Presfiel
WIPRESFI;HUMANOID;ELF;INNOCENT;FIGHTER_FEMALE_ELF;Dushai;WIPresfi;10;FEMALE;FEMALE;ENEMY;PRESFIEL;None;None;None;dw1melge;;;;;;;;;;10;blackhearts;Presfiel
WIREDWIZ;HUMANOID;HUMAN;INNOCENT;MONK;WIREDWIZ;WIREDWIZ;1;MALE;MALE;NEUTRAL;RR#PICKP;WTRUNSGT;None;None;None;;;;;;;;;;15;blackhearts;Artin
WIREDWO2;HUMANOID;HUMAN;MAGE;MAGE_FEMALE_HUMAN;WIREDWOM;WIREDWOM;12;FEMALE;FEMALE;NEUTRAL;WIREDWOM;;;;;;;IMMUNE1;;;STAF02;DART03;;;5000;blackhearts;Woman in Red
WIREDWOM;HUMANOID;HUMAN;MAGE;MAGE_FEMALE_HUMAN;WIREDWOM;WIREDWOM;12;FEMALE;FEMALE;NEUTRAL;WIREDWOM;;;;;;;GHOST;;;STAF02;DART03;;;5000;blackhearts;Woman in Red
WIREGINA;HUMANOID;HUMAN;FIGHTER;FIGHTER_MALE_HUMAN;WIREGINA;;3;MALE;MALE;ENEMY;BPSIGHT;OHGN01;BPFGTK01;;None;WIHELM01;SW1H43;;;;SW1H43;;;;450;blackhearts;Rithelm
WIRIEZEN;HUMANOID;HALF_ELF;DRUID;CLERIC_MALE_ELF;WIRIEZEN;WIRiezen;5;MALE;MALE;NEUTRAL;WIRIEZEN;;None;None;;;;RING09;WIRING03;WIAMUL01;;SW1H20;;;1100;blackhearts;Riezen Darkeyes
WIRWBAR2;HUMANOID;HALFORC;FIGHTER;FIGHTER_FEMALE_HALFORC;WIRWBAR2;;8;FEMALE;FEMALE;ENEMY;SHOUT;OHGN01;BPFGBA01;;;HELM01;SHLD04;;RING06;;HAMM02;;;;2400;blackhearts;Thayan Bodyguard
WIRWBARB;HUMANOID;HALFORC;FIGHTER;FIGHTER_FEMALE_HALFORC;WIRWBARB;;8;FEMALE;FEMALE;ENEMY;SHOUT;OHGN01;BPFGBA01;;;HELM01;SHLD04;;RING06;;HAMM02;;;;2400;blackhearts;Thayan Bodyguard
WIRWBKG2;HUMANOID;HUMAN;PALADIN;FIGHTER_FEMALE_HUMAN;WIRWBKG2;WIKROTIA;8;FEMALE;FEMALE;GOODBUTBLUE;SHOUTDLG;OHGN01;BPFGTK01;;;HELM06;SHLD30;;HELM06;;;;WISW1H04;;2400;blackhearts;Krotia the Black
WIRWBKGD;HUMANOID;HUMAN;PALADIN;FIGHTER_FEMALE_HUMAN;WIRWBKGD;;8;FEMALE;FEMALE;ENEMY;BPSIGHT;OHGN01;BPFGTK01;;;HELM06;SHLD15;;;;;;SW1H02;;2400;blackhearts;Thayan Subjugator
WIRWCLER;HUMANOID;ELF;CLERIC;CLERIC_MALE_ELF;WIRWCLER;;8;MALE;MALE;ENEMY;BPSIGHT;OHGN01;OHPRDD01;None;None;HELM01;SHLD05;;;;BLUN04;;;;2400;blackhearts;Thayan Apostle
WIRWTHI2;HUMANOID;HALFLING;THIEF;THIEF_MALE_HALFLING;WIRWTHIF;;8;MALE;MALE;ENEMY;SHOUT;OHGN01;BPFGBA01;;;;SHLD17;;BRAC04;;DART03;DAGG02;DART01;;2400;blackhearts;Thayan Agent
WIRWTHIF;HUMANOID;HALFLING;THIEF;THIEF_MALE_HALFLING;WIRWTHIF;;8;MALE;MALE;ENEMY;SHOUT;OHGN01;BPFGBA01;;;;SHLD17;;BRAC04;;DART03;DAGG02;DART01;;2400;blackhearts;Thayan Agent
WIRWWIZ1;HUMANOID;HUMAN;MAGE;MAGE_MALE_HUMAN;WIMALACH;WImalach;9;MALE;MALE;ENEMY;BPSIGHT;OHGN01;OHMADI01;;None;WIHELM02;;RING06;RING02;;STAF01;;;;2600;blackhearts;Malachi Medeid
WIRWWIZ2;HUMANOID;HUMAN;MAGE;MAGE_FEMALE_HUMAN;WIRWWIZ2;BPTHESP;8;FEMALE;FEMALE;ENEMY;OHGN01;OHMADD01;BPASIGHT;None;None;;;RING09;;;STAF02;;;;2400;blackhearts;Thayan Conjuror
WIRWWIZ3;HUMANOID;HUMAN;MAGE;MAGE_FEMALE_HUMAN;BPALUENA;BPTHESP;8;FEMALE;FEMALE;ENEMY;OHGN01;OHMADD01;BPASIGHT;None;None;;;RING09;;;STAF02;;;;2400;blackhearts;Thayan Conjuror
WIRWWIZ4;HUMANOID;HUMAN;MAGE;MAGE_FEMALE_HUMAN;WIRWWIZ4;BPTHESP;8;FEMALE;FEMALE;ENEMY;OHGN01;OHMADD01;BPASIGHT;None;None;;;RING09;;;STAF02;;;;2400;blackhearts;Thayan Conjuror
WIRWWIZ5;HUMANOID;HUMAN;MAGE;MAGE_FEMALE_HUMAN;WIRWWIZ5;BPTHESP;8;FEMALE;FEMALE;ENEMY;OHGN01;OHMADD01;BPASIGHT;None;None;;;RING09;;;STAF02;;;;2400;blackhearts;Thayan Conjuror
WIRWWIZ6;HUMANOID;HUMAN;MAGE;MAGE_FEMALE_HUMAN;WIRWWIZ6;BPTHESP;8;FEMALE;FEMALE;ENEMY;OHGN01;OHMADD01;BPASIGHT;None;None;;;RING09;;;STAF02;;;;2400;blackhearts;Thayan Conjuror
WIRWWIZ7;HUMANOID;HUMAN;MAGE;MAGE_FEMALE_HUMAN;WIRWWIZ7;BPTHESP;8;FEMALE;FEMALE;ENEMY;BPASIGHT;OHGN01;OHMADD01;None;None;;;RING09;;;STAF02;;;;2400;blackhearts;Thayan Conjuror
WISAMJOH;HUMANOID;ELF;THIEF;THIEF_MALE_ELF;WISAMJOH;;8;MALE;MALE;ENEMY;BPSIGHT;OHGN01;BPFGBA01;;None;;;;;;WISW1H02;;;;800;blackhearts;Adogeon Sharpgrin
WISAREV;HUMANOID;HUMAN;SAREVOK;SAREVOK;WISAREV;WISAREV;13;MALE;MALE;NEUTRAL;WISAREV;;None;None;None;;;GHOST;;;;;;;15000;blackhearts;Sarevok
WISHADO1;UNDEAD;SHADOW;SHADOW;SHADOW;WISHADO1;None;4;NIETHER;NIETHER;ENEMY;BPSIGHT;None;None;None;BPASIGHT;;;IMMUNE1;RING95;;S1-8;;;;1000;blackhearts;Shadow Demon
WISHADO2;UNDEAD;SHADOW;SHADOW;SHADOW;WISHADO2;None;4;NIETHER;NIETHER;ENEMY;BPSIGHT;None;None;None;BPASIGHT;;;IMMUNE1;RING95;;S1-8;;;;0;blackhearts;Shadow
WISHAMB;MONSTER;ELEMENTAL;ELEMENTAL_EARTH;SHAMBLING_MOUND;WISHAMB;;12;SUMMONED;MALE;ENEMY;BPSIGHT;None;BPFHT;None;None;;;IMMUNE2;;;B4-32M4;;;;8000;blackhearts;Shambling Mound
WISKEL;GENERAL_ITEM;SKELETON;SKELETON;SKELETON;WISKEL;;1;MALE;MALE;ENEMY;BPSIGHT;WISKEL;None;None;;;;RING99;;;SW1H04;;;;35;blackhearts;Crumbling Skeleton
WISLAYD;MONSTER;DEMONIC;TANARI;SLAYER;TROLFR01;;5;MALE;MALE;NEUTRAL;;;;;;;;;TROLLIMM;MONHP1;;;;;0;blackhearts;Freshwater Troll
WISLAYER;MONSTER;TROLL;TROLL;DOOM_GUARD;WISLAYER;WISLAYER;5;MALE;MALE;NEUTRAL;;;;;;;;;;;;;;;10000;blackhearts;Coagulation of Murder
WISLFS01;MONSTER;HUMAN;MUSTARD_JELLY;SLIME_MUSTARD;WISLFS01;;7;MALE;MALE;ENEMY;BPSIGHT;WISLIFIS;;None;BPASIGHT;;;IMMUNE1;RING95;;JELLMU2;;;;0;blackhearts;Fission Slime
WISLFS02;MONSTER;HUMAN;MUSTARD_JELLY;SLIME_MUSTARD;WISLFS02;;7;MALE;MALE;ENEMY;BPSIGHT;WISLIFIS;;None;BPASIGHT;;;IMMUNE1;RING95;;JELLMU2;;;;0;blackhearts;Fission Slime
WISPID01;MONSTER;SPIDER;SPIDER_HUGE;SPIDER_SMALL;WISPID01;;5;NIETHER;MALE;ENEMY;BPSIGHT;None;None;None;BPASIGHT;;;;;ANTIWEB;SPIDSW1;;;;50;blackhearts;Spider
WISPID02;MONSTER;SPIDER;SPIDER_HUGE;SPIDER_SMALL;WISPID02;;5;NIETHER;MALE;ENEMY;BPSIGHT;None;None;None;BPASIGHT;;;;ANTIWEB;WIMISC05;SPIDSW1;;;;50;blackhearts;Spider
WISPID03;MONSTER;SPIDER;SPIDER_SWORD;SPIDER_SWORD;WISPID03;;5;NIETHER;MALE;ENEMY;BPSIGHT;None;None;None;BPASIGHT;;;;;ANTIWEB;WISPIDSW;;;;2000;blackhearts;Lightning Sword Spider
WISPIRIT;HUMANOID;HUMAN;INNOCENT;CLERIC_MALE_HUMAN;None;WISPIRIT;1;MALE;MALE;NEUTRAL;INITDLG;PRIEST4;None;None;dw1melge;;;GHOST2;;;;;;;15;blackhearts;Watchful Spirit
WISTOGOL;GIANTHUMANOID;GOLEM;GOLEM_STONE;GOLEM_CLAY;WISTOGOL;;14;NIETHER;MALE;ENEMY;BPSIGHT;;;GOLSTO01;BDFIGH01;;;IMMUNE2;GOLSTONE;;GOLSTO;;;;8000;blackhearts;Stone Golem
WITHARDE;GIANTHUMANOID;DEMONIC;FIGHTER;FIGHTER_MALE_ELF;WITHARDE;;10;MALE;MALE;ENEMY;;None;None;None;BPASIGHT;WINGS01;WISW1H06;RING02;RING27;;WISW1H05;;;;6000;blackhearts;Dannimus Toth
WITHIEF1;HUMANOID;HUMAN;THIEF;THIEF_MALE_HUMAN;thief;WIthief1;5;MALE;MALE;NEUTRAL;RR#PICKP;;None;None;dw1melth;;;;;;SW1H04;;;;95;blackhearts;Rogue
WITHIEF2;HUMANOID;HUMAN;THIEF;THIEF_MALE_HUMAN;thief;WIthief2;5;MALE;MALE;NEUTRAL;RR#PICKP;;None;None;dw1melth;;;;;;SW1H04;;;;95;blackhearts;Rogue
WITIM;HUMANOID;HALFLING;THIEF;THIEF_MALE_HALFLING;WITIM;;3;MALE;MALE;ENEMY;BPSIGHT;OHGN01;BPFGBA01;;;;;;;;DAGG01;BOW05;;;300;blackhearts;Andoc
WITREANT;PLANT;TREANT;NO_CLASS;TREANT_DARK;;;9;MALE;MALE;ENEMY;;BDENSHTV;;;BDFIG00;;;BDPLANT;;IPSION;BDTREANT;;;;5000;blackhearts;Bleeding Cypress
WITROLL;MONSTER;TROLL;FIGHTER;TROLL;WITROLL;;6;NIETHER;MALE;ENEMY;TROLL01;BPSIGHT;WITROL01;None;BPASIGHT;;;TROLLREG;TROLLIMM;MONHP1;TROLL02;;;;3500;blackhearts;Slime Troll
WIWYLLIA;HUMANOID;HUMAN;MAGE;MAGE_MALE_HUMAN;WIWYLLIA;;7;MALE;MALE;ENEMY;BPSIGHT;OHGN01;OHMADD01;None;;;;RING02;RING06;;STAF18;;;;650;blackhearts;Urthadar
BSALGBK;HUMANOID;HUMAN;FIGHTER;SHADOW;BSALGBK;BSALGBK;4;MALE;MALE;NEUTRAL;None;None;None;;None;;;MAGE01;;MINHP1;;;;;300;bst;The Book Of Planes
BSALGHST;ANIMAL;NO_RACE;SHADOW;RAT;BSALGHST;NONE;8;SUMMONED;SUMMONED;ANYONE;NONE;NONE;NONE;NONE;BSALGHST;;;RING95;MAGE01;;S2-16;;;;0;bst;Alguine
BSALGUNE;HUMANOID;HUMAN;MAGE;MAGE_MALE_HUMAN;BSALGUNE;BSALGUNE;29;MALE;MALE;NEUTRAL;BSALGUNE;;;;;;;;;;STAF01;;;;10000;bst;Alguine
BSBANDIT;HUMANOID;HUMAN;FIGHTER;FIGHTER_MALE_HUMAN;BSBANDIT;;1;MALE;MALE;NEUTRAL;;;;;;;;;;;SW1H04;;;;65;bst;Bandit
BSBANDT2;HUMANOID;HUMAN;FIGHTER;FIGHTER_MALE_HUMAN;BSBANDT2;;1;MALE;MALE;NEUTRAL;RR#PICKP;;;;BSBANDT2;;;;;;SW1H04;;;;65;bst;Bandit
BSBOYBCN;HUMANOID;HUMAN;INNOCENT;BOY;bsboybcn;bsboybcn;1;MALE;MALE;NEUTRAL;RR#PICKP;dw#innhl;None;None;None;;;;;;;;;;7;bst;Boy
BSCOMMW1;HUMANOID;HUMAN;INNOCENT;PEASANT_WOMAN;bscommw1;bscommw1;1;FEMALE;FEMALE;NEUTRAL;RR#PICKP;dw#innhl;INITDLG;None;None;;;;;;;;;;15;bst;Commoner
BSDIALOG;ANIMAL;NO_RACE;SHADOW;RAT;BSDIALOG;BSDIALOG;8;SUMMONED;SUMMONED;ANYONE;NONE;NONE;NONE;NONE;BSDIALOG;;;RING95;MAGE01;;S2-16;;;;0;bst;
BSDOPP01;MONSTER;DOPPLEGANGER;DOPPLEGANGER;DOPPLEGANGER;bsdopp01;BSDOPP01;4;NIETHER;MALE;NEUTRAL;;;;;dw1melge;;;;;;S1-12;;;;420;bst;Doppelganger
BSDOPP02;MONSTER;DOPPLEGANGER;DOPPLEGANGER_GREATER;DOPPLEGANGER_GREATER;bsdopp02;;9;NIETHER;MALE;ENEMY;DOPSPELL;None;None;None;dw1melge;;;;;;S1-12;;;;3000;bst;Greater Doppelganger
BSDOPP03;MONSTER;DOPPLEGANGER;DOPPLEGANGER;DOPPLEGANGER;bsdopp03;;4;NIETHER;MALE;ENEMY;None;None;None;None;dw1melge;;;;;;S1-12;;;;400;bst;Doppelganger
BSDOPP04;MONSTER;DOPPLEGANGER;DOPPLEGANGER_GREATER;DOPPLEGANGER_GREATER;bsdopp04;;9;NIETHER;MALE;ENEMY;DOPSPELL;None;None;None;dw1melge;;;;;;S1-12;;;;3000;bst;Greater Doppelganger
BSDOPP05;MONSTER;DOPPLEGANGER;DOPPLEGANGER;DOPPLEGANGER;bsdopp05;;4;NIETHER;MALE;ENEMY;None;None;None;None;dw1melge;;;;;;S1-12;;;;400;bst;Doppelganger
BSDOPP06;MONSTER;DOPPLEGANGER;DOPPLEGANGER_GREATER;DOPPLEGANGER_GREATER;bstailor;;9;NIETHER;MALE;ENEMY;DOPSPELL;None;None;None;dw1melge;;;;;;S1-12;;;;3000;bst;Greater Doppelganger
BSDOPP07;MONSTER;DOPPLEGANGER;DOPPLEGANGER;DOPPLEGANGER;bsdopp07;;4;NIETHER;MALE;ENEMY;None;None;None;None;dw1melge;;;;;;S1-12;;;;400;bst;Doppelganger
BSDPCIV;HUMANOID;HUMAN;INNOCENT;NOBLE_WOMAN;bsdpciv;bsdpciv;1;FEMALE;FEMALE;NEUTRAL;RR#PICKP;YSMORALE;;INITDLG;;;;;;;;;;;15;bst;Guest
BSDPGRD1;HUMANOID;HUMAN;FIGHTER;CLERIC_MALE_HUMAN;bsdpgrd1;bsdpgrd1;6;MALE;MALE;NEUTRAL;RR#PICKP;;bsdpdeac;YSGUARDS;dw1melge;HELM08;;;;;;HALB02;;;16;bst;Tower Guard
BSDPGRD2;HUMANOID;HUMAN;FIGHTER;CLERIC_MALE_HUMAN;bsdpgrd2;BSDPGRD2;6;MALE;MALE;NEUTRAL;BSDPGRD2;;;bsdpdea1;;HELM08;;;;;;HALB02;;;16;bst;Tower Guard
BSDPGRD3;HUMANOID;HUMAN;FIGHTER;CLERIC_MALE_HUMAN;bsdpgrd3;BSDPGRD2;6;MALE;MALE;NEUTRAL;BSDPGRD3;;;bsdpdea2;;HELM08;;;;;;HALB02;;;16;bst;Tower Guard
BSDPGRD5;HUMANOID;HUMAN;FIGHTER;CLERIC_MALE_HUMAN;bsdpgrd5;BSDPGRD2;6;MALE;MALE;NEUTRAL;bsdpgrd5;;;bsdpdea3;;HELM08;;;;;;HALB02;;;16;bst;Tower Guard
BSFAIGRD;HUMANOID;HUMAN;FLAMING_FIST;FIGHTER_MALE_HUMAN;NONE;;1;MALE;MALE;NEUTRAL;NONE;NONE;NONE;NONE;NONE;;;;;;SW1H04;;;;65;bst;Guard
BSFMONK;HUMANOID;HUMAN;CLERIC;MONK_FEMALE_HUMAN;BSMONK;BSMONK;3;MALE;MALE;NEUTRAL;RR#PICKP;;NONE;NONE;dw#pr11;;;;;;;;;;7;bst;Monk of Ilmater
BSFRELEM;GIANTHUMANOID;ELEMENTAL;ELEMENTAL_FIRE;ELEMENTAL_FIRE_SMALL;bsfrelem;BSFRELEM;10;NIETHER;MALE;NEUTRAL;;GENSHT01;;;dw1melge;;;IMMUNE2;;;FIREELEM;;;;2000;bst;Lesser Fire Elemental
BSGHAST1;UNDEAD;GHOUL;GHOUL_GHAST;GHAST;BSGHAST1;;4;NIETHER;MALE;ENEMY;;;;None;dw1melge;;;RING95;;;GHAST1;;;;650;bst;Ghast
BSGHAST2;HUMANOID;HUMAN;MAGE;MAGE_MALE_HUMAN;bsghast2;BSGHAST2;5;MALE;MALE;NEUTRAL;RR#PICKP;;None;INITDLG;dw#mg32;;;;;;;;;;120;bst;Ulf
BSGLABRE;MONSTER;DEMONIC;TANARI;GLABREZU;BSGLABRE;NONE;10;SUMMONED_DEMON;SUMMONED;ENEMY;BSGLABRE;NONE;NONE;NONE;NONE;;;IMMUNE2;RINGDEMN;;BL3-12M4;;;;12000;bst;Glabrezu
BSGNOLD2;HUMANOID;GNOLL;GNOLL;GNOLL;NONE;NONE;2;MALE;MALE;NEUTRAL;RR#PICKP;NONE;NONE;NONE;;;;;;;;;;;35;bst;Gnoll
BSGNOLD4;HUMANOID;GNOLL;GNOLL;GNOLL;BSGNOLD4;;4;MALE;MALE;ENEMY;BSGNOLD5;NONE;NONE;NONE;BSGNOLD3;;;;;;HALB01;;;;120;bst;Gnoll Chieftain
BSGNOLD5;HUMANOID;GNOLL;GNOLL;GNOLL;BSGNOLD5;NONE;2;MALE;MALE;NEUTRAL;RR#PICKP;NONE;NONE;NONE;BSGNOLD5;;;;;;SPER02;;;;35;bst;Gnoll
BSGNOLLD;HUMANOID;GNOLL;GNOLL;GNOLL;NONE;;2;MALE;MALE;NEUTRAL;RR#PICKP;NONE;NONE;NONE;BSGNOLLD;;;;;;HALB01;;;;35;bst;Gnoll
BSGORIOD;HUMANOID;HUMAN;INNOCENT;MAGE_MALE_HUMAN;BSGORIOD;BSGORIOD;9;MALE;MALE;NEUTRAL;RR#PICKP;NONE;NONE;NONE;BSGORIOD;;;;;;;;;;4000;bst;Gorion
BSGRDBCN;HUMANOID;HUMAN;FIGHTER;CLERIC_MALE_HUMAN;bsgrdbcn;bsgrdbcn;6;MALE;MALE;NEUTRAL;bsgrdbcn;NONE;NONE;YSGUARDS;dw1melge;HELM08;;;;;;HALB02;;;16;bst;Beacon Guard Jose
BSLENARD;HUMANOID;HUMAN;FIGHTER;CLERIC_MALE_HUMAN;bslenard;BSLENARD;2;MALE;MALE;NEUTRAL;BSLENARD;YSGRDFGT;;;dw1range;HELM08;;;;;BOW03;SW1H04;;;16;bst;Tower Guard Lenard
BSMANBCN;HUMANOID;HUMAN;INNOCENT;PEASANT_MAN;bsmanbcn;bsmanbcn;1;MALE;MALE;NEUTRAL;RR#PICKP;RUNENEMY;;dw#innhl;;;;;;;;;;;15;bst;Commoner
BSMESSED;HUMANOID;HUMAN;INNOCENT;THIEF_MALE_HUMAN;None;BSMESSED;1;MALE;MALE;NEUTRAL;RR#PICKP;None;None;None;WTRUNSGT;;;;;;SW1H07;;;;15;bst;Messenger
BSMIMIC1;MONSTER;MIMIC;MIMIC;DOOM_GUARD;bsmimic1;BSMIMIC1;10;MALE;MALE;NEUTRAL;BSMIMIC1;bsmimic2;None;None;None;;;MAGE01;;;;B3-12;;;2000;bst;Mimic Fledgling
BSMM001;HUMANOID;HUMAN;INNOCENT;BEGGAR_MAN;bsmm001;bsmm001;1;MALE;MALE;NEUTRAL;RR#PICKP;dw#innhl;RUNENEMY;None;WTRUNSGT;;;;;;;;;;15;bst;Lime
BSMM002;HUMANOID;HUMAN;INNOCENT;BEGGAR_MAN;BSMM002;BSMM002;1;MALE;MALE;NEUTRAL;RR#PICKP;dw#innhl;RUNENEMY;None;WTRUNSGT;;;;;;;;;;15;bst;Blurt
BSMONK;HUMANOID;HUMAN;CLERIC;MONK_MALE_HUMAN;BSMONK;BSMONK;3;MALE;MALE;NEUTRAL;RR#PICKP;;;;dw#pr12;;;;;;;;;;7;bst;Monk of Ilmater
BSMYCON1;MONSTER;KOBOLD;NO_CLASS;MYCONID_RED;bsmycon1;;6;NIETHER;MALE;ENEMY;None;;GENSHT01;UMBHUL01;dw1melmo;;;;;;UMBER01;;;;420;bst;Myconid
BSOGRED;HUMANOID;OGRE;OGRE;OGRE;BSOGRED;BSOGRED;4;MALE;MALE;NEUTRAL;RR#PICKP;NONE;NONE;NONE;dw1melge;;;;;;OGRE1;;;;420;bst;Ogre
BSORCARC;HUMANOID;ORC;ORC;ORC_ELITE_RANGE;bsorcarc;BSORCARC;5;MALE;MALE;ENEMY;;GENSHT01;OARCH02;None;dw1range;HELM01;;;;;BOW03;;;;35;bst;Orc Archer
BSORCED2;HUMANOID;HUMAN;INNOCENT;MAGE_MALE_HUMAN;BSORCED2;BSORCED2;1;MALE;MALE;NEUTRAL;RR#PICKP;NONE;NONE;NONE;BSORCED2;;;;;;;;;;15;bst;Sorceror
BSORCMGE;HUMANOID;ORC;MAGE;ORC_SHAMAN;bsorcmge;bsorcmge;12;MALE;MALE;ENEMY;;GENSHT01;;MAGE10A;dw1melge;;;;;;BLUN04;;;;1000;bst;Orc Mage
BSORCPRS;HUMANOID;ORC;CLERIC;ORC_SHAMAN;bsorcprs;BSORCPRS;8;MALE;MALE;ENEMY;;GENSHT01;;;dw1melge;;;;;;BLUN04;;;;500;bst;Orc Priest
BSORCWRK;HUMANOID;ORC;ORC;ORC_MELEE;bsorcwrk;BSORCWRK;4;MALE;MALE;ENEMY;;GENSHT01;;;dw1melge;;;;;;;SW1H01;;;95;bst;Orc Worker
BSOTYUGH;MONSTER;OTYUGH;OTYUGH;OTYUGH;BSOTYUGH;;10;NIETHER;MALE;ENEMY;GENSHT01;NONE;NONE;NONE;dw1melmo;;;;;;BSOTYUGH;;;;5000;bst;Otyugh
BSPIRATE;HUMANOID;HUMAN;FIGHTER;PIRATE;BSPIRATE;NONE;10;MALE;MALE;NEUTRAL;RR#PICKP;NONE;NONE;NONE;;;;;;;DAGG05;SW1H07;;;4000;bst;Pirate
BSPIRCPT;HUMANOID;HUMAN;FIGHTER;PIRATE;BSPIRCPT;BSPIRCPT;10;MALE;MALE;NEUTRAL;RR#PICKP;NONE;NONE;NONE;;;;;;;DAGG05;SW1H07;;;4000;bst;Pirate Captain
BSPLSPRT;DEAD;SPECTRE;SPECTRE;ELEMENTAL_AIR_SMALL;None;;8;NIETHER;MALE;ENEMY;GENSHT01;None;None;;dw1melmo;;;GHOST;;;ELAIRL;;;;2000;bst;Drowned Spirit
BSPOISOD;HUMANOID;HUMAN;INNOCENT;SLEEPING_MAN_HUMAN;BSPOISOD;BSPOISOD;9;MALE;MALE;NEUTRAL;RR#PICKP;NONE;NONE;NONE;dw1melge;;;;;;DAGG01;;;;500;bst;Poisoned Man
BSPRGRD1;HUMANOID;HUMAN;FIGHTER;CLERIC_MALE_HUMAN;bsprgrd1;BSPRGRD1;2;MALE;MALE;NEUTRAL;RR#PICKP;;;YSGRDFGT;dw1melge;HELM08;;;;;SW1H04;;;;16;bst;Tower Prison Guard
BSPRGRD2;HUMANOID;HUMAN;FIGHTER;CLERIC_MALE_HUMAN;bsprgrd2;BSPRGRD2;2;MALE;MALE;NEUTRAL;BSPRGRD2;;;YSGRDFGT;dw1melge;HELM08;;;;;SW1H04;;;;16;bst;Tower Guard Jai
BSRABBIT;ANIMAL;RABBIT;FOOD_CREATURE;RABBIT;bsrabbit;BSRABBIT;1;MALE;MALE;NEUTRAL;BSRABBIT;;;;WDRUNSGT;;;;;;;;;;0;bst;Rabbit
BSRORYN;HUMANOID;DWARF;FIGHTER;FIGHTER_MALE_DWARF;bsroryn;BSRORYN;10;MALE;MALE;NEUTRAL;RR#PICKP;SHOUT;;;dw1melge;;;;;;;;;;1400;bst;Inn Master Roryn
BSSAHU01;HUMANOID;SAHUAGIN;SAHUAGIN;SAHUAGIN;bssahu01;None;8;FEMALE;FEMALE;ENEMY;;;PRIES8A;;dw1melge;;;;;;SPER01;;;;650;bst;Sahuagin Priestess
BSSAHU02;HUMANOID;SAHUAGIN;SAHUAGIN;SAHUAGIN;bssahu02;;16;MALE;MALE;ENEMY;;None;None;None;dw1range;;;;;;SAHSTAFF;XBOW04;;;420;bst;Sahuagin Chieftain
BSSAHU03;HUMANOID;SAHUAGIN;SAHUAGIN;SAHUAGIN;bssahu03;;2;MALE;MALE;ENEMY;;None;None;None;dw1range;;;;;;SPER01;XBOW04;;;175;bst;Sahuagin
BSSAHU04;HUMANOID;SAHUAGIN;SAHUAGIN;SAHUAGIN;bssahu04;BSSAHU04;2;MALE;MALE;NEUTRAL;RR#PICKP;None;None;None;dw1melge;;;;;;;;;;175;bst;Sahuagin Scout
BSSATOS;HUMANOID;HUMAN;CLERIC;MONK_MALE_HUMAN;BSSATOS;BSSATOS;7;MALE;MALE;NEUTRAL;YSREACT;NONE;NONE;NONE;YSMORALE;;;;;;;;;;600;bst;Abbot Guoremor
BSSEATRL;GIANTHUMANOID;TROLL;TROLL;TROLL_BLUE;bsseatrl;;6;NIETHER;MALE;ENEMY;troll01;None;None;GENSHT01;dw1melge;;;TROLLREG;TROLLIMM;MONHP1;TROLL01;;;;1200;bst;Sea Troll
BSSHCKBR;HUMANOID;HUMAN;INNOCENT;BEGGAR_MAN;bsshckbr;bsshckbr;1;MALE;MALE;NEUTRAL;RR#PICKP;dw#innhl;RUNENEMY;;WTRUNSGT;;;;;;;;;;15;bst;Nathoriel
BSSHUCK;HUMANOID;HUMAN;INNOCENT;CLERIC_MALE_HUMAN;bsshuck;BSSHUCK;2;MALE;MALE;NEUTRAL;RR#PICKP;YSGRDFGT;;;dw1melge;;;;;;;;;;16;bst;Tower Guard Shuck
BSSLAV01;HUMANOID;HUMAN;MAGE_THIEF;MAGE_MALE_HUMAN;bsslav01;BSSLAV01;14;0;MALE;NEUTRAL;;THIEFMAG;;;;;;;;;DAGG16;SW1H07;;;5000;bst;Leonhard
BSSLAV02;HUMANOID;HUMAN;THIEF;THIEF_MALE_HUMAN;bsslav02;None;12;MALE;MALE;ENEMY;;;;;dw1melth;;;;;;SW1H07;;;;1000;bst;Bouncer
BSSLAV03;HUMANOID;HUMAN;THIEF;THIEF_FEMALE_HUMAN;bsslav03;None;12;FEMALE;FEMALE;ENEMY;;;;;dw1melge;;;;;;DAGG01;;;;1000;bst;Bouncer
BSSLAV04;HUMANOID;HUMAN;MAGE_THIEF;MAGE_MALE_HUMAN;bsslav04;BSSLAV04;14;0;MALE;NEUTRAL;BSSLAVER;None;THIEFMAG;;None;;;;;;DAGG16;SW1H07;;;5000;bst;Bouncer
BSSLAV05;HUMANOID;HUMAN;THIEF;THIEF_MALE_HUMAN;bsslav05;BSSLAV04;12;MALE;MALE;NEUTRAL;BSSLAVER;;;;;;;;;;SW1H07;;;;1000;bst;Bouncer
BSSLAV06;HUMANOID;HUMAN;THIEF;THIEF_FEMALE_HUMAN;bsslav06;BSSLAV04;12;FEMALE;FEMALE;NEUTRAL;BSSLAVER;;;;;;;;;;DAGG01;;;;1000;bst;Bouncer
BSSLAV07;HUMANOID;HUMAN;THIEF;THIEF_MALE_HUMAN;bsslav07;BSSLAV07;12;MALE;MALE;NEUTRAL;BSSLAVER;;;;;;;;;;SW1H07;;;;1000;bst;Mannuf
BSSLAVFF;HUMANOID;HUMAN;FIGHTER_THIEF;CLERIC_MALE_HUMAN;bsslavff;BSSLAVFF;7;MALE;MALE;NEUTRAL;BSSLAVFF;SHOUT;;;dw1ranth;HELM09;;;;;BOW01;SW1H04;;;300;bst;Flaming Fist Scout
BSSLVMSG;HUMANOID;HUMAN;INNOCENT;THIEF_MALE_HUMAN;bsslvmsg;bsslvmsg;1;MALE;MALE;NEUTRAL;bsslvmsg;INITDLG;;;WTRUNSGT;;;;;;SW1H07;;;;15;bst;Messenger
BSSMGL01;HUMANOID;HUMAN;THIEF;PEASANT_MAN;bssmgl01;bssmgl01;1;MALE;MALE;NEUTRAL;bssmgl01;;;;;;;;;;;;;;15;bst;Innocent Looking Berry Picker
BSSMGL02;HUMANOID;HUMAN;THIEF;THIEF_MALE_HUMAN;bssmgl02;BSSMGL02;4;MALE;MALE;NEUTRAL;BSSMGL02;None;None;None;dw1melth;;;;;;SW1H01;;;;60;bst;Holger
BSSMGL03;HUMANOID;HUMAN;THIEF;THIEF_MALE_HUMAN;bssmgl03;BSSMGL03;4;MALE;MALE;NEUTRAL;BSSMGL03;None;None;None;dw1melth;;;;;;SW1H01;;;;60;bst;Smuggler
BSSMGL04;HUMANOID;HUMAN;THIEF;THIEF_MALE_HUMAN;bssmgl04;BSSMGL03;4;MALE;MALE;NEUTRAL;BSSMGL03;None;None;None;dw1ranth;;;;;;BOW05;;;;60;bst;Smuggler
BSSMGL05;HUMANOID;HUMAN;THIEF;THIEF_MALE_HUMAN;bssmgl05;BSSMGL05;4;MALE;MALE;NEUTRAL;BSSMGL05;None;None;None;dw1melth;;;;;;SW1H01;;;;60;bst;Smuggler
BSSMGL06;HUMANOID;HUMAN;THIEF;THIEF_MALE_HUMAN;bssmgl06;BSSMGL06;4;MALE;MALE;NEUTRAL;BSSMGL06;SEEENEMY;None;None;dw1melth;;;;;;SW1H01;;;;60;bst;Smuggler
BSSMGL07;HUMANOID;HUMAN;THIEF;THIEF_MALE_HUMAN;bssmgl07;BSSMGL07;4;MALE;MALE;NEUTRAL;BSSMGL07;None;None;None;dw1melth;;;;;;SW1H01;;;;60;bst;Smuggler
BSSORCED;HUMANOID;HUMAN;INNOCENT;SLEEPING_MAN_HUMAN;BSSORCED;BSSORCED;1;MALE;MALE;NEUTRAL;NONE;NONE;NONE;NONE;NONE;;;;;;;;;;15;bst;Sorceror
BSSTGC;HUMANOID;HUMAN;FIGHTER;FIGHTER_MALE_HUMAN;BSSTGC;BSSTGC;2;MALE;MALE;NEUTRAL;bsstgc;;NONE;YSSTATIC;dw1melge;HELM13;;;;;SW1H02;;;;20;bst;Captain Dungarth
BSTAIL02;HUMANOID;HUMAN;DOPPLEGANGER;NOBLE_WOMAN;BSTAIL02;BSTAIL02;1;FEMALE;FEMALE;NEUTRAL;BSTAIL02;;None;None;;;;;;;;;;;15;bst;Tailor's Assistant
BSTAILOR;HUMANOID;HUMAN;DOPPLEGANGER;NOBLE_MAN;bstailor;BSTAILOR;1;MALE;MALE;NEUTRAL;BSTAILOR;;None;None;;;;;;;;;;;15;bst;Master Usher
BSTANAR;MONSTER;DEMONIC;TANARI;TANARRI;BSTANAR;NONE;10;MALE;MALE;ENEMY;BSTANAR;NONE;NONE;;dw1melge;;;RINGDEMN;;;S1-10;;;;7000;bst;Nabassu Fledgling
BSTANNER;HUMANOID;GNOME;INNOCENT;FIGHTER_MALE_GNOME;BSTANNER;BSTANNER;3;MALE;MALE;NEUTRAL;YSMORALE;NONE;NONE;NONE;YSWALK;;;;;;STAF01;;;;10;bst;Tanner
BSTQ001;HUMANOID;HUMAN;INNOCENT;NOBLE_WOMAN;bstq001;BSTQ001;1;FEMALE;FEMALE;NEUTRAL;RR#PICKP;dw#innhl;RUNENEMY;None;WTRUNSGT;;;;;;;;;;15;bst;Lady Springfall
BSTQ002;HUMANOID;HUMAN;INNOCENT;PEASANT_MAN;bstq002;BSTQ002;1;MALE;MALE;NEUTRAL;RR#PICKP;dw#innhl;RUNENEMY;None;WTRUNSGT;;;;;;;;;;15;bst;Legal Attendant
BSTQ003;HUMANOID;HUMAN;INNOCENT;BOY;bstq003;BSTQ003;1;MALE;MALE;NEUTRAL;RR#PICKP;dw#innhl;None;None;None;;;;;;;;;;7;bst;Lars
BSTQ004;HUMANOID;HUMAN;MAGE;MAGE_MALE_HUMAN;bstq004;BSTQ004;5;MALE;MALE;NEUTRAL;BSTQ004;;;;dw#mg33;;;;;;SW1H08;;;;120;bst;Klaus
BSTQ005;HUMANOID;HUMAN;INNOCENT;PEASANT_MAN;bstq005;BSTQ005;1;MALE;MALE;NEUTRAL;RR#PICKP;dw#innhl;RUNENEMY;INITDLG;WTRUNSGT;;;;;;;;;;15;bst;Guest
BSTQ006;HUMANOID;HUMAN;INNOCENT;NOBLE_WOMAN;bstq006;bstq006;1;FEMALE;FEMALE;NEUTRAL;RR#PICKP;YSMORALE;;INITDLG;;;;;;;;;;;15;bst;Guest
BSTQ007;HUMANOID;ELF;INNOCENT;NOBLE_WOMAN;bstq007;BSTQ007;10;FEMALE;FEMALE;NEUTRAL;RR#PICKP;YSREACT;NONE;NONE;;;;;;;;;;;100;bst;Priestess of Selune
BSTQ008;HUMANOID;HUMAN;CLERIC;MONK_FEMALE_HUMAN;bstq008;bstq008;3;MALE;MALE;NEUTRAL;RR#PICKP;;;;dw#pr13;;;;;;;;;;7;bst;Monk of Ilmater
BSTQ009;HUMANOID;HUMAN;INNOCENT;GIRL;bstq009;BSTQ009;1;FEMALE;FEMALE;NEUTRAL;RR#PICKP;dw#innhl;None;None;WTRUNSGT;;;;;;;;;;7;bst;Alaza
BSTQ010;ANIMAL;RABBIT;FOOD_CREATURE;RAT;bstq010;bstq010;1;MALE;MALE;NEUTRAL;None;None;WDRUNSGT;None;None;;;;;;;;;;1;bst;Betsy the Rat
BSTRCMDR;HUMANOID;HUMAN;FIGHTER;FIGHTER_MALE_HUMAN;bstrcmdr;BSTRCMDR;1;MALE;MALE;NEUTRAL;BSTRCMDR;;NONE;YSSTATIC;dw1melge;;;;;;SW1H02;;;;15;bst;Seatower Commander Airard
BSTRMAGE;HUMANOID;HUMAN;MAGE;MAGE_MALE_HUMAN;bstrmage;BSTRMAGE;9;MALE;MALE;NEUTRAL;BSTRMAGE;;;;dw#mg34;;;;;;STAF01;;;;4000;bst;Master Shizell
BSTRSURE;HUMANOID;HUMAN;FIGHTER;CLERIC_MALE_HUMAN;bstrsure;bstrsure;6;MALE;MALE;NEUTRAL;YSGRDFGT;NONE;NONE;;YSGUARDS;;;;;;;;;;16;bst;Tower Treasurer
BSVOICE;ANIMAL;NO_RACE;SHADOW;RAT;BSVOICE;BSVOICE;8;SUMMONED;SUMMONED;ANYONE;NONE;NONE;NONE;NONE;BSVOICE;;;RING95;MAGE01;;S2-16;;;;0;bst;Voice
BSVPRAB;UNDEAD;WOLF;WOLF_VAMPIRIC;RABBIT;bsvprab;;8;MALE;MALE;ENEMY;;;;;dw1melge;;;IMMUNE1;RING95;;WOLFVA1;;;;1500;bst;Vampiric Rabbit
BSWARRID;HUMANOID;HUMAN;FIGHTER;FIGHTER_MALE_HUMAN;None;BSWARRID;4;MALE;MALE;NEUTRAL;RR#PICKP;None;None;None;dw1melge;;;;;;SW1H07;;;;400;bst;Warrior
BSWELLBO;HUMANOID;HUMAN;INNOCENT;BOY;bswellbo;BSWELLBO;1;MALE;MALE;NEUTRAL;RR#PICKP;dw#innhl;None;None;None;;;;;;;;;;7;bst;Boy
BSWELLGL;HUMANOID;HUMAN;INNOCENT;GIRL;bswellgl;bswellgl;1;FEMALE;FEMALE;NEUTRAL;bswellgl;dw#innhl;;RUNENEMY;;;;;;;;;;;7;bst;Girl
BSWELLMA;HUMANOID;HUMAN;INNOCENT;PEASANT_WOMAN;bswellma;bswellma;1;FEMALE;FEMALE;NEUTRAL;RR#PICKP;dw#innhl;;;;;;;;;;;;;15;bst;Commoner
BSWHITKD;HUMANOID;HUMAN;FIGHTER;FIGHTER_MALE_HUMAN;BSWHITKD;BSWHITKD;3;MALE;MALE;NEUTRAL;BSWHITKD;None;None;None;dw1melge;;;;;;SW2H01;;;;175;bst;White Knight
BSWINCH1;HUMANOID;HUMAN;INNOCENT;PEASANT_MAN;BSWINCH1;BSWINCH1;1;MALE;MALE;NEUTRAL;YSREACT;;;;YSSTATIC;;;;;;;;;;15;bst;Head Winchman Brydw
BSWINCH2;HUMANOID;HUMAN;INNOCENT;PEASANT_MAN;BSWINCH2;BSWINCH2;1;MALE;MALE;NEUTRAL;YSREACT;;;;YSSTATIC;;;;;;;;;;15;bst;Winchman's Assistant
BSWLLSPY;HUMANOID;NO_RACE;NO_CLASS;DOOM_GUARD;bswllspy;bswllspy;10;MALE;MALE;NEUTRAL;BSWLLSPY;;;;;;;MAGE01;;MINHP1;;;;;2000;bst;Seatower Well
BSWNCHGL;HUMANOID;HUMAN;INNOCENT;GIRL;bswnchgl;bswnchgl;1;FEMALE;FEMALE;NEUTRAL;bswnchgl;dw#innhl;;RUNENEMY;;;;;;;;;;;7;bst;Girl
BSWNCHWM;HUMANOID;HUMAN;INNOCENT;PEASANT_WOMAN;bswnchwm;bswnchwm;1;FEMALE;FEMALE;NEUTRAL;RR#PICKP;dw#innhl;;;;;;;;;;;;;15;bst;Commoner
BSWOMAND;HUMANOID;HUMAN;NO_CLASS;NOBLE_WOMAN;None;BSWOMAND;0;FEMALE;FEMALE;NEUTRAL;RR#PICKP;None;None;None;WDRUNSGT;;;;;;;;;;7;bst;Woman
YSBLKSMT;HUMANOID;HUMAN;CLERIC;CLERIC_MALE_HUMAN;YSBLKSMT;YSBLKSMT;5;MALE;MALE;NEUTRAL;YSREACT;NONE;NONE;NONE;YSSTATIC;;;;;;SW1H01;;;;10;bst;Garalt the Armorer
YSBRKGD2;HUMANOID;HUMAN;FIGHTER;CLERIC_MALE_HUMAN;YSBRKGD2;YSBRKGD2;2;MALE;MALE;NEUTRAL;YSGRDFGT;NONE;NONE;bstrdeac;YSGUARDS;;;;;;;;;;16;bst;Tower Guard
YSBRKGRD;HUMANOID;HUMAN;FIGHTER;CLERIC_MALE_HUMAN;YSBRKGRD;YSBRKGRD;2;MALE;MALE;NEUTRAL;YSGRDFGT;NONE;NONE;bstrdeac;YSGUARDS;HELM08;;;;;BOW03;SW1H04;;;16;bst;Tower Guard
YSBSNBM1;HUMANOID;HUMAN;INNOCENT;NOBLE_MAN;YSBSNBM1;YSBSNBM1;1;MALE;MALE;NEUTRAL;YSMORALE;;;;YSWALK;;;;;;;;;;15;bst;Nobleman
YSBSNBM2;HUMANOID;HUMAN;INNOCENT;NOBLE_MAN;YSBSNBM2;YSBSNBM1;1;MALE;MALE;NEUTRAL;YSMORALE;;;;YSWALK;;;;;;;;;;15;bst;Nobleman
YSBSNBM3;HUMANOID;HUMAN;INNOCENT;NOBLE_MAN;YSBSNBM3;YSBSNBM1;1;MALE;MALE;NEUTRAL;RR#PICKP;;;;YSMORALE;;;;;;;;;;15;bst;Nobleman
YSBSNBW1;HUMANOID;HUMAN;INNOCENT;NOBLE_WOMAN;YSBSNBW1;YSBSNBW1;1;FEMALE;FEMALE;NEUTRAL;YSMORALE;;;;YSWALK;;;;;;;;;;15;bst;Noblewoman
YSBSNBW2;HUMANOID;HUMAN;INNOCENT;NOBLE_WOMAN;YSBSNBW2;YSBSNBW1;1;FEMALE;FEMALE;NEUTRAL;YSMORALE;;;;YSWALK;;;;;;;;;;15;bst;Noblewoman
YSBSNBW3;HUMANOID;HUMAN;INNOCENT;NOBLE_WOMAN;YSBSNBW3;YSBSNBW1;1;FEMALE;FEMALE;NEUTRAL;RR#PICKP;;;;YSMORALE;;;;;;;;;;15;bst;Noblewoman
YSBSNBW4;HUMANOID;HUMAN;INNOCENT;NOBLE_WOMAN;YSBSNBW4;YSBSNBW1;1;FEMALE;FEMALE;NEUTRAL;YSMORALE;;;;YSWALK;;;;;;;;;;15;bst;Noblewoman
YSFARMER;HUMANOID;HUMAN;CLERIC;FIGHTER_MALE_HUMAN;YSFARMER;YSFARMER;5;MALE;MALE;NEUTRAL;YSREACT;NONE;NONE;NONE;YSSTATIC;;;;;;;;;;10;bst;Seatower Farmer
YSFARMWI;HUMANOID;HUMAN;INNOCENT;PEASANT_WOMAN;YSFARMWI;YSFARMWI;1;FEMALE;MALE;NEUTRAL;YSMORALE;;;;YSWALK;;;;;;DAGG01;;;;5;bst;Farmer's Wife
YSFLTCHR;HUMANOID;HALF_ELF;CLERIC;CLERIC_MALE_ELF;YSFLTCHR;YSFLTCHR;3;MALE;MALE;NEUTRAL;YSREACT;NONE;NONE;NONE;YSSTATIC;;;;;;BOW02;;;;10;bst;Matha the Fletcher
YSGUARD1;HUMANOID;HUMAN;FIGHTER;CLERIC_MALE_HUMAN;YSGUARD1;YSGRDWLL;2;MALE;MALE;NEUTRAL;YSGRDFGT;NONE;NONE;bstrdeac;YSGUARD1;HELM08;;;;;BOW03;SW1H04;;;16;bst;Tower Guard
YSGUARD2;HUMANOID;HUMAN;FIGHTER;CLERIC_MALE_HUMAN;YSGUARD2;YSGRDWLL;2;MALE;MALE;NEUTRAL;YSGRDFGT;NONE;NONE;bstrdeac;YSGUARD2;HELM08;;;;;BOW03;SW1H04;;;16;bst;Tower Guard
YSGUARD3;HUMANOID;HUMAN;FIGHTER;CLERIC_MALE_HUMAN;YSGUARD3;YSGRDWLL;2;MALE;MALE;NEUTRAL;YSGRDFGT;NONE;NONE;bstrdeac;YSGUARD3;HELM08;;;;;BOW03;SW1H04;;;16;bst;Tower Guard
YSGUARD4;HUMANOID;HUMAN;FIGHTER;CLERIC_MALE_HUMAN;YSGUARD4;YSGRDWLL;2;MALE;MALE;NEUTRAL;YSGRDFGT;NONE;NONE;bstrdeac;YSGUARD4;HELM08;;;;;BOW03;SW1H04;;;16;bst;Tower Guard
YSGUARD5;HUMANOID;HUMAN;FIGHTER;CLERIC_MALE_HUMAN;YSGUARD5;YSGRDWLL;2;MALE;MALE;NEUTRAL;YSGRDFGT;NONE;NONE;bstrdeac;YSGUARD5;HELM08;;;;;BOW03;SW1H04;;;16;bst;Tower Guard
YSHAFSLG;HUMANOID;HALFLING;THIEF;CLERIC_MALE_HALFLING;YSHAFSLG;YSHAFSLG;0;MALE;MALE;NEUTRAL;YSREACT;;;;YSSTATIC;;;;;;DAGG01;;;;7;bst;Halfslinger
YSMCOOK1;HUMANOID;HUMAN;INNOCENT;PEASANT_WOMAN;YSMCOOK1;YSMCOOK1;1;FEMALE;MALE;NEUTRAL;YSMCOOK1;dw#innhl;;YSREACT;YSMORALE;;;;;;DAGG01;;;;5;bst;Cook
YSMCOOK2;HUMANOID;HUMAN;INNOCENT;PEASANT_WOMAN;YSMCOOK2;YSMCOOK2;1;FEMALE;MALE;NEUTRAL;dw#innhl;;;;YSMORALE;;;;;;DAGG01;;;;5;bst;Cook's Apprentice
YSRSDEAD;UNDEAD;SKELETON;SKELETON;SKELETON;YSRSDEAD;YSRSDEAD;1;NIETHER;MALE;NEUTRAL;NONE;NONE;NONE;NONE;YSRSDEAD;;;;;;;;;;100;bst;Restless Dead
YSRSGHST;ANIMAL;NO_RACE;SHADOW;RAT;YSRSGHST;NONE;8;SUMMONED;SUMMONED;ANYONE;NONE;NONE;NONE;NONE;YSRSGHST;;;RING95;MAGE01;;S2-16;;;;0;bst;Restless Dead
YSRSTDD1;UNDEAD;SKELETON;SKELETON;SKELETON;YSRSTDD1;NONE;1;NIETHER;158;ENEMY;NONE;NONE;NONE;NONE;YSRSTDED;;SHLD01;;;;SW1H14;BOW01;;;65;bst;Restless Dead
YSRSTDD2;UNDEAD;SKELETON;SKELETON;SKELETON;YSRSTDD2;NONE;1;NIETHER;158;ENEMY;NONE;NONE;NONE;NONE;YSRSTDED;;SHLD01;;;;SW1H14;BOW03;;;65;bst;Restless Dead
YSRSTDD3;UNDEAD;SKELETON;SKELETON;SKELETON;YSRSTDD3;NONE;1;NIETHER;158;ENEMY;NONE;NONE;NONE;NONE;YSRSTDED;;SHLD01;;;;SW1H14;BOW06;;;65;bst;Restless Dead
YSSELUNE;HUMANOID;ELF;INNOCENT;STATIC_NOBLE_WOMAN;YSSELUNE;YSSELUNE;10;FEMALE;FEMALE;NEUTRAL;YSREACT;NONE;NONE;NONE;YSSTATIC;;;;;;;;;;100;bst;Priestess of Selune
YSSELWOR;HUMANOID;ELF;INNOCENT;STATIC_NOBLE_WOMAN;YSSELWOR;YSSELWOR;10;FEMALE;FEMALE;NEUTRAL;RR#PICKP;NONE;NONE;NONE;YSMORALE;;;;;;;;;;100;bst;Worshipper of Selune
YSSGT1;HUMANOID;HUMAN;FIGHTER;CLERIC_MALE_HUMAN;YSSGT1;YSGRDSGT;2;MALE;MALE;NEUTRAL;YSGRDFGT;NONE;NONE;bstrdeac;YSSGT1;HELM08;;;;;BOW03;SW1H04;;;16;bst;Tower Sergeant
YSSGT2;HUMANOID;HUMAN;FIGHTER;CLERIC_MALE_HUMAN;YSSGT2;YSGRDSGT;2;MALE;MALE;NEUTRAL;YSGRDFGT;NONE;NONE;bstrdeac;YSSGT2;HELM08;;;;;BOW03;SW1H04;;;16;bst;Tower Sergeant
YSSGT3;HUMANOID;HUMAN;FIGHTER;CLERIC_MALE_HUMAN;YSSGT3;YSSGT3;2;MALE;MALE;NEUTRAL;YSGRDFGT;NONE;NONE;NONE;;HELM08;;;;;SW1H04;;;;16;bst;Tower Sergeant
YSSHTGRD;HUMANOID;HUMAN;FIGHTER;CLERIC_MALE_HUMAN;YSSHTGRD;YSSHTGRD;6;MALE;MALE;NEUTRAL;YSGRDFGT;NONE;NONE;bstrdeac;YSGUARDS;HELM08;;;;;;HALB02;;;16;bst;Tower Guard
YSSTCGRD;HUMANOID;HUMAN;FIGHTER;CLERIC_MALE_HUMAN;YSGUARD1;YSGRDYRD;2;MALE;MALE;NEUTRAL;YSGRDFGT;NONE;NONE;bstrdeac;YSGUARDS;HELM08;;;;;BOW03;SW1H04;;;16;bst;Tower Guard
YSTRSGRD;HUMANOID;HUMAN;FIGHTER;CLERIC_MALE_HUMAN;YSTRSGRD;YSTRSGRD;6;MALE;MALE;NEUTRAL;YSGRDFGT;NONE;NONE;;YSGUARDS;HELM08;;;;;;HALB02;;;16;bst;Tower Guard
CD09FRI;HUMANOID;HUMAN;INNOCENT;HARLOT_WOMAN;CD09FRI;CD09FRI;0;FEMALE;FEMALE;NEUTRAL;RR#PICKP;;NONE;NONE;;;;;;;;;;;15;thecalling;Mallandrea
CD09HAG;MONSTER;FAIRY;FAIRY_DRYAD;FAT_WOMAN;CD09HAG;CD09HAG;5;FEMALE;FEMALE;NEUTRAL;CD09HAG;;;NONE;dw1melmo;;;;;;CD09DAG;SIRINE1;;;2500;thecalling;Pelerlertiana
CD09MAN;HUMANOID;HUMAN;FLAMING_FIST;CLERIC_MALE_HUMAN;CD09MAN;CD09MAN;1;MALE;MALE;NEUTRAL;RR#PICKP;;NONE;NONE;dw1melge;;;;;;DAGG02;;;;15;thecalling;Xamm
CD09SPC;MONSTER;NO_RACE;NO_CLASS;SHRIEKER;CD09SPC;;6;NIETHER;NIETHER;ENEMY;CD09SPC;NONE;NONE;NONE;NONE;;;;;;UMBER01;;;;420;thecalling;Spore Colony
CD09TH2;HUMANOID;HUMAN;THIEF;THIEF_FEMALE_HUMAN;CD09TH2;CD09TH2;5;FEMALE;FEMALE;NEUTRAL;CD09TH2;NONE;NONE;NONE;dw1melth;;SHLD08;;;;SW1H12;;;;420;thecalling;Mysterious Woman
CD09THI;HUMANOID;HUMAN;THIEF;THIEF_MALE_DWARF;CD09THI;CD09THI;5;MALE;MALE;NEUTRAL;CD09THI;;NONE;NONE;dw1melth;;;CD09RIN;;;CD09CLU;;;;800;thecalling;Bdharlan the Simple
CD23BAN;HUMANOID;HUMAN;FIGHTER;PIRATE;CD23BAN;CD23BAN;1;MALE;MALE;NEUTRAL;RR#PICKP;;NONE;SHOUTDL2;dw1range;;;;;;SW1H04;COMPB05;;;2000;thecalling;Scavenger Tymothy
CD23MON;HUMANOID;HUMAN;MONK;MONK_MALE_HUMAN;CD23MON;CD23MON;5;MALE;MALE;NEUTRAL;CD23MON;;;NONE;dw1melba;;;CD23RIN;;;;;;;2600;thecalling;Inoshishi
CD23ROG;HUMANOID;HUMAN;FIGHTER;THIEF_FEMALE_ELF;CD23ROG;CD23ROG;6;FEMALE;FEMALE;NEUTRAL;CD23ROG;;NONE;NONE;dw1melge;;SHLD01;;;;SW1H08;;;;1500;thecalling;Vaxffee the Greedy
CD23TRO;GIANTHUMANOID;TROLL;TROLL;TROLL;CD23TRO;;6;MALE;MALE;ENEMY;TROLL01;BDENSHTV;;;BDFIG00;;;TROLLREG;TROLLIMM;MONHP1;TROLL01;;;;2100;thecalling;Moaning Troll
CD41COR;UNDEAD;GHOUL;GHOUL_GHAST;GHAST;CD41COR;;4;NIETHER;MALE;ENEMY;;;NONE;NONE;dw1melge;;;RING95;;;GHAST1;;;;2750;thecalling;Manifestation of Corruption
CD41GUAR;GIANTHUMANOID;ELEMENTAL;ELEMENTAL_EARTH;SHAMBLING_MOUND;cd41guar;None;8;FEMALE;FEMALE;GOODBUTBLUE;None;reddeath;seeenemy;None;dw1melge;;;BDCONSTR;;;B1-12;;;;0;thecalling;Dreamheart's Guardian
CD41HEA;HUMANOID;GOLEM;GOLEM_IRON;DOOM_GUARD;CD41HEA;CD41HEA;30;MALE;158;NOTEVIL;;NONE;NONE;NONE;NONE;;;;;;;;;;0;thecalling;Dreamheart
CD41SHA;UNDEAD;FAIRY;FAIRY_SIRINE;SIRINE;CD41SHA;;5;FEMALE;FEMALE;ENEMY;;;;NONE;dw1range;;;;;;COMPB05;SIRINE1;;;1800;thecalling;Fear of Stasis
CD41WOL1;UNDEAD;WOLF;WOLF_VAMPIRIC;WOLF_VAMPIRIC;CD41WOL1;;8;MALE;MALE;ENEMY;NONE;NONE;NONE;NONE;dw1melge;;;IMMUNE1;RING95;;WOLFVA1;;;;2200;thecalling;Vampiric Wolf - Pack Leader
CD41WOL2;UNDEAD;WOLF;WOLF_DREAD;WOLF_DREAD;CD41WOL2;;1;MALE;MALE;ENEMY;NONE;;NONE;NONE;dw1melge;;;RING95;CD41WOL2;;P1-10;;;;450;thecalling;Zombie-Wolf
CD51CH;HUMANOID;GNOLL;GNOLL;GNOLL;CD51CH;CD51CH;2;FEMALE;MALE;ENEMY;CD51CH;NONE;;NONE;dw1melge;;;;;CD51CHA;CD51HAL;;;;1200;thecalling;Chieftain Hvalanya
CD51DED1;HUMANOID;HUMAN;AMNISH_SOLDIER;CLERIC_MALE_HUMAN;cd51ded1;CD51SOL;2;MALE;MALE;NEUTRAL;RR#PICKP;NONE;shout;NONE;seeenemy;HELM08;;;;;BOW03;SW1H04;;;15;thecalling;Amnian Soldier
CD51DED2;HUMANOID;HUMAN;AMNISH_SOLDIER;CLERIC_MALE_HUMAN;cd51ded2;CD51SOL;2;MALE;MALE;NEUTRAL;RR#PICKP;NONE;shout;NONE;seeenemy;HELM08;;;;;BOW03;SW1H04;;;15;thecalling;Amnian Soldier
CD51DED3;HUMANOID;HUMAN;AMNISH_SOLDIER;CLERIC_MALE_HUMAN;cd51ded3;CD51SOL;2;MALE;MALE;NEUTRAL;RR#PICKP;NONE;shout;NONE;seeenemy;HELM08;;;;;BOW03;SW1H04;;;15;thecalling;Amnian Soldier
CD51DED4;HUMANOID;HUMAN;AMNISH_SOLDIER;CLERIC_MALE_HUMAN;cd51ded4;CD51SOL;2;MALE;MALE;NEUTRAL;RR#PICKP;NONE;shout;NONE;seeenemy;HELM08;;;;;BOW03;SW1H04;;;15;thecalling;Amnian Soldier
CD51DED5;HUMANOID;HUMAN;AMNISH_SOLDIER;CLERIC_MALE_HUMAN;cd51ded5;CD51SOL;2;MALE;MALE;NEUTRAL;RR#PICKP;NONE;shout;NONE;seeenemy;HELM08;;;;;BOW03;SW1H04;;;15;thecalling;Amnian Soldier
CD51DED6;HUMANOID;HUMAN;AMNISH_SOLDIER;CLERIC_MALE_HUMAN;cd51ded6;CD51SOL;2;MALE;MALE;NEUTRAL;RR#PICKP;NONE;shout;NONE;seeenemy;HELM08;;;;;BOW03;SW1H04;;;15;thecalling;Amnian Soldier
CD51GHO;MONSTER;GOLEM;GOLEM_IRON;FIGHTER_MALE_HUMAN;CD51GHO;CD51GHO;8;MALE;MALE;ENEMY;;NONE;NONE;NONE;dw1melmo;HELM13;SHLD18;RING95;;;SW1H11;;;;2800;thecalling;Kalvranalan
CD51GO;HUMANOID;GNOLL;GNOLL;GNOLL;CD51GO;CD51GO;2;MALE;MALE;NEUTRAL;CD51GO;NONE;;NONE;dw1melge;;;;;;FLIND1;;;;250;thecalling;Watchdog Purkht
CD51GS;HUMANOID;ORC;SHAMAN;GNOLL;CD51GS;CD51GS;6;MALE;MALE;NEUTRAL;CD51GS;;;;dw1melge;HELMNOAN;;;;;CD51STA;;;;300;thecalling;Shaman Sirkhr
CD51GW;HUMANOID;GNOLL;GNOLL;GNOLL;NONE;;2;MALE;MALE;ENEMY;GNOLLF;NONE;NONE;NONE;dw1melge;;;;;;HALB01;;;;25;thecalling;Gnoll-Weakling
CD51GZ;UNDEAD;ZOMBIE;ZOMBIE_NORMAL;GNOLL;CD51GZ;ZOMBIE;2;NIETHER;MALE;ENEMY;;NONE;NONE;NONE;dw1melmo;;;RING94;;;B1-8;;;;385;thecalling;Gnoll Witherling
CD51QM;HUMANOID;HUMAN;AMNISH_SOLDIER;CLERIC_MALE_HUMAN;CD51QM;CD51QM;2;MALE;MALE;NEUTRAL;CD51QM;NONE;shout;NONE;dw1range;HELM08;;;;;BOW03;SW1H04;;;250;thecalling;Captain Stilind
CD51SHOP;HUMANOID;HUMAN;AMNISH_SOLDIER;CLERIC_MALE_HUMAN;cd51shop;cd51shop;2;MALE;MALE;NEUTRAL;RR#PICKP;NONE;shout;NONE;seeenemy;HELM08;;;;;BOW03;SW1H04;;;15;thecalling;Quartermaster
CD51SOL1;HUMANOID;HUMAN;AMNISH_SOLDIER;CLERIC_MALE_HUMAN;CD51SOL;CD51SOL;2;MALE;MALE;NEUTRAL;RR#PICKP;NONE;shout;NONE;seeenemy;HELM08;;;;;BOW03;SW1H04;;;15;thecalling;Amnian Soldier
CD51SOL2;HUMANOID;HUMAN;AMNISH_SOLDIER;CLERIC_FEMALE_HUMAN;CD51SOL;CD51SOL;2;FEMALE;MALE;NEUTRAL;RR#PICKP;NONE;shout;NONE;seeenemy;HELM08;;;;;BOW03;SW1H04;;;15;thecalling;Amnian Soldier
CD51SOL3;HUMANOID;HALFLING;AMNISH_SOLDIER;CLERIC_FEMALE_HALFLING;CD51SOL3;CD51SOL3;2;FEMALE;MALE;NEUTRAL;RR#PICKP;NONE;shout;NONE;seeenemy;HELM08;;;;;BOW03;SW1H04;;;15;thecalling;Amnian Scout Manlytoe
CDGRACE;HUMANOID;HUMAN;THIEF;THIEF_FEMALE_HUMAN;cdgrace;CDGRACE;3;FEMALE;FEMALE;NEUTRAL;RR#PICKP;None;None;None;dw1melth;;;;;;SW1H07;;;;100;thecalling;Grace
CDIRIS;HUMANOID;HALFLING;INNOCENT;THIEF_FEMALE_HALFLING;cdiris;cdiris;0;FEMALE;FEMALE;NEUTRAL;cdiris;dw#innhl;;None;WDRUNSGT;;;;;;;;;;7;thecalling;Iris Cotton
CDLARGO;HUMANOID;HALFLING;INNOCENT;THIEF_MALE_HALFLING;cdlargo;cdlargo;0;MALE;MALE;NEUTRAL;cdlargo;dw#innhl;;None;WDRUNSGT;;;;;;;;;;7;thecalling;Largo Cotton
CDMELI;HUMANOID;HUMAN;INNOCENT;MAGE_MALE_HUMAN;MELICAMP;cdmeli;4;MALE;MALE;NEUTRAL;RR#PICKP;;None;None;dw1melge;;;;;;;;;;7;thecalling;Melicamp
CDMINER1;HUMANOID;HUMAN;INNOCENT;SLAVE;cdminer1;cdminer1;1;MALE;MALE;NEUTRAL;cdminer1;dw#innhl;RUNENEMY;None;wtrunsgt;;;;;;;;;;2;thecalling;Miner Sal
CDMINER2;HUMANOID;HUMAN;INNOCENT;SLAVE;cdminer2;cdminer2;1;MALE;MALE;NEUTRAL;cdminer1;dw#innhl;RUNENEMY;None;wtrunsgt;;;;;;;;;;2;thecalling;Miner James
DW#WWOLF;MONSTER;LYCANTHROPE;WEREWOLF;WEREWOLF;None;None;7;MALE;MALE;ENEMY;dw#hlpka;;None;None;dw1melge;;;IMMUNE1;;;S1-12;;;;420;thecalling;Werewolf
D5BDIMO;HUMANOID;HUMAN;MAGE_THIEF;THIEF_FEMALE_HUMAN;D5BDIMO;D5BDIMO;8;FEMALE;FEMALE;NEUTRAL;D5BDIMO;;;;;;;MINHP1;;;BOW05;DAGG02;;;0;REFLECTIONS_OF_DESTINY;Imoen
D5CHRNAM;HUMANOID;HUMAN;FIGHTER;FIGHTER_MALE_HUMAN;D5CHRNAM;D5CHRNAM;1;MALE;MALE;PC;None;None;None;None;;;;;;;;;;;0;REFLECTIONS_OF_DESTINY;
D5CRU41;HUMANOID;DWARF;FIGHTER;FIGHTER_FEMALE_DWARF;D5CRU41;BDCRUS;7;FEMALE;FEMALE;NEUTRAL;BDDSC;BDCRUSDS;BDSHOUT;BDFIGH10;;HELM01;SHLD03;;;;AX1H01;;;;420;REFLECTIONS_OF_DESTINY;Crusader
D5CRU44;HUMANOID;HALFLING;THIEF;THIEF_MALE_HALFLING;D5CRU44;BDCRUS;7;MALE;MALE;NEUTRAL;BDDSC;BDCRUSDS;BDSHOUT;BDTHIE10;;;;;;;SW1H07;DART03;;;420;REFLECTIONS_OF_DESTINY;Crusader Recruit
D5CRU48;HUMANOID;HUMAN;FIGHTER;FIGHTER_MALE_HUMAN;D5CRU48;d5crusgt;8;MALE;MALE;NEUTRAL;BDDSC;BDCRUSDS;BDSHOUT;BDFIGH10;;HELM01;;;;;SW2H01;;;;650;REFLECTIONS_OF_DESTINY;Crusader Sergeant
D5CRU52;HUMANOID;HUMAN;CLERIC;CLERIC_MALE_HUMAN;D5CRU52;BDCRUS;9;MALE;MALE;NEUTRAL;BDDSC;BDCRUSDS;BDSHOUT;BDCLER27;;HELM01;SHLD01;;;;BLUN06;SLNG01;;;1400;REFLECTIONS_OF_DESTINY;Crusader Cleric
D5CRU58;HUMANOID;HUMAN;MAGE;MAGE_FEMALE_HUMAN;D5CRU58;BDCRUS;9;FEMALE;FEMALE;NEUTRAL;BDDSC;BDCRUSDS;BDSHOUT;BDMAGE29;;;;;;;STAF01;SLNG01;;;1400;REFLECTIONS_OF_DESTINY;Crusader Mage
D5CRUAF5;HUMANOID;ELF;FIGHTER;FIGHTER_FEMALE_ELF;D5CRUAF5;BDCRUS;7;FEMALE;FEMALE;NEUTRAL;RR#PICKP;;BDSHOUT;BDFIGH01;;HELM01;;;;;BOW03;DAGG01;;;420;REFLECTIONS_OF_DESTINY;Crusader Archer
D5CUVIER;HUMANOID;HUMAN;FIGHTER_MAGE;MAGE_MALE_HUMAN;D5CUVIER;d5cuvier;7;MALE;MALE;NEUTRAL;RR#PICKP;;;;;BDHELM03;SHLD28;BDRING06;;;SW1H41;DART05;;;5000;REFLECTIONS_OF_DESTINY;Cuvieronius
D5DAUSTO;HUMANOID;AASIMAR;PALADIN;FIGHTER_MALE_HUMAN;D5DAUSTO;D5DAUSTO;7;MALE;MALE;NEUTRAL;D5DAUST;None;None;None;None;;;;;;;;;;600;REFLECTIONS_OF_DESTINY;Sir Dauston
D5GREGS;HUMANOID;HUMAN;FIGHTER;FIGHTER_MALE_HUMAN;d5gregs;d5gregs;6;MALE;MALE;NEUTRAL;RR#PICKP;;BDSHOUT;BDFIGH01;;;SHLD05;;;;SW1H04;;;;420;REFLECTIONS_OF_DESTINY;Captain Gregson
D5SARGH;HUMANOID;HUMAN;SAREVOK;SAREVOK;d5sargh;;15;MALE;MALE;NEUTRAL;D5SARGH;None;None;None;None;;;;D5RINGGH;;;;;;20000;REFLECTIONS_OF_DESTINY;Phantom Figure
D5TELBGT;ANIMAL;NO_RACE;NO_CLASS;BIRD;D5TELBGT;;1;NIETHER;NIETHER;NEUTRAL;D5TELBGT;;;;;;;RING09;;MINHP1;;;;;1;REFLECTIONS_OF_DESTINY;
D5UBMAY1;HUMANOID;HUMAN;INNOCENT;FAT_MAN;d5ubmay1;D5UBMAY1;1;MALE;MALE;NEUTRAL;D5UBMAY1;None;None;dw#innhl;None;;;;;;;;;;5;REFLECTIONS_OF_DESTINY;Mayor
L#2KOBKO;HUMANOID;KOBOLD;KOBOLD;KOBOLD;L#KOBKO;L#2KOBKO;1;MALE;MALE;NEUTRAL;RR#PICKP;NONE;NONE;NONE;;;;;;;COMPB05;SW1H07;;;7;sotsc;Zee
L#AMBAM;UNDEAD;SPECTRAL_UNDEAD;SPECTRE;INVISIBLE_SMALL;L#AMBAM;L#AMBAM;10;NIETHER;MALE;NEUTRAL;;NONE;NONE;NONE;NONE;;;INVULNER;;;B1-6;;;;7000;sotsc;Amber Flower
L#AMBST;HUMANOID;HALFLING;INNOCENT;FIGHTER_MALE_HALFLING;L#AMBST;L#AMBST;0;MALE;MALE;NEUTRAL;RR#PICKP;NONE;;NONE;;;;;;;;;;;7;sotsc;Otter O'Forest
L#APEAP;ANIMAL;NO_RACE;NO_CLASS;GREATCAT_LEOPARD;L#APEAP;L#APEAP;13;MALE;MALE;ENEMY;L#APEAP;;NONE;NONE;;;;IMMUNE1;RING95;;B2-16;;;;3000;sotsc;Starfang Tiger
L#APEST;HUMANOID;FAIRY;INNOCENT;SIRINE;L#APEST;L#APEST;2;FEMALE;FEMALE;NEUTRAL;INITDLG;;NONE;WTRUNSGT;dw1melge;;;;;;DAGG01;;;;975;sotsc;Y'Uula
L#BASGA;MONSTER;BEHOLDER;BEHOLDER;BEHOLDER_SMALL;None;;9;NIETHER;MALE;ENEMY;GENSHT01;None;None;BEHOLD01;dw1melge;;;BEHOLDER;;;BEHOLD;;;;9500;sotsc;Fierce Gauth
L#BASTRE;UNDEAD;SPECTRAL_UNDEAD;SPECTRE;INVISIBLE_MEDIUM;L#BASTRE;L#BASTRE;10;NIETHER;MALE;NEUTRAL;;NONE;NONE;NONE;NONE;;;INVULNER;;;B1-6;;;;1;sotsc;Tree of Shades
L#BHACO;UNDEAD;GHOUL;GHOUL_GHAST;LICH;L#BHACO;L#BHACO;4;NIETHER;MALE;NEUTRAL;L#BHACO;;NONE;NONE;dw1melge;;;RING95;;;GHAST1;;;;6800;sotsc;Ixjan, The Collector
L#BHAFR;HUMANOID;HUMAN;INNOCENT;FIGHTER_MALE_DWARF;L#BHAFR;L#BHAFR;1;MALE;MALE;NEUTRAL;RR#PICKP;NONE;NONE;NONE;WTRUNSGT;;;;;;;;;;15;sotsc;Dwarf
L#BUGBU;ANIMAL;BEETLE;HUNTER_CREATURE;BEETLE_RHINOCEROS;L#BUGBU;;12;NIETHER;MALE;NEUTRAL;;;;;;;;;;;S2-16M2;;;;4000;sotsc;Beetle
L#BUGDA;HUMANOID;HUMAN;INNOCENT;FAT_WOMAN;L#BUGDA;L#BUGDA;1;FEMALE;FEMALE;NEUTRAL;RR#PICKP;NONE;NONE;NONE;NONE;;;;;;;;;;15;sotsc;Miji
L#BUGST;HUMANOID;HUMAN;INNOCENT;BEGGAR_MAN;L#BUGST;L#BUGST;1;MALE;MALE;NEUTRAL;L#BUGST;NONE;;NONE;;;;;;;;;;;15;sotsc;Pontag
L#CHICH1;HUMANOID;CHIMERA;WOLFWERE;CHIMERA;L#CHICH1;L#CHICH1;8;FEMALE;MALE;NEUTRAL;RR#PICKP;;NONE;NONE;dw1melge;;;;;;B2-16;;;;9000;sotsc;Luna
L#CHICH2;HUMANOID;CHIMERA;WOLFWERE;CHIMERA;L#CHICH2;L#CHICH2;8;FEMALE;MALE;ENEMY;;;NONE;NONE;dw1melge;;;;;;B2-16;;;;9000;sotsc;Elder Chimera
L#CHIEN;HUMANOID;OGRE;FIGHTER;HALF_OGRE;L#CHIEN;L#CHIEN;8;MALE;158;NEUTRAL;RR#PICKP;;NONE;;dw1melge;HELM13;SHLD18;;L#CHISY;;SW1H11;L#CHISW;;;4000;sotsc;Eglarh
L#CHIEN2;HUMANOID;HUMAN;FIGHTER;FIGHTER_MALE_HUMAN;L#CHIEN2;;1;MALE;MALE;ENEMY;;;NONE;NONE;dw1range;;;;;;SW1H05;COMPB05;;;1065;sotsc;Bandit
L#CHIST;HUMANOID;ELF;CLERIC;MAGE_MALE_ELF;L#CHIST;L#CHIST;3;MALE;MALE;NEUTRAL;L#CHIST;L#CHIST;NONE;NONE;NONE;;;;;;STAF06;;;;1175;sotsc;Ubal Al-Khartan
L#CIREN;HUMANOID;FAIRY;INNOCENT;BLOB_MIST_CREATURE;L#CIREN;L#CIREN;2;FEMALE;FEMALE;NEUTRAL;RR#PICKP;;NONE;NONE;WTRUNSGT;;;;;;DAGG01;;;;2975;sotsc;Energy of Planar Shades
L#CIRMA;HUMANOID;HUMAN;FIGHTER;MAGE_MALE_HUMAN;L#CIRMA;L#CIRMA;6;MALE;MALE;NEUTRAL;L#CIRMA;MAGE6;NONE;NONE;dw1melge;;;;;;STAF08;;;;2850;sotsc;Mal'meto
L#CULCU;HUMANOID;HUMAN;MAGE;MONK;L#CULCU;L#CULCU;3;MALE;MALE;ENEMY;L#CULCU;L#CULCU;L#CULCU;L#CULCU;L#CULCU;;;;;;STAF01;DART01;;;1000;sotsc;Cult of the Dragon Acolyte
L#CULGI;HUMANOID;GIBBERLING;GIBBERLING;GIBBERLING;L#CULGI;;1;MALE;MALE;ENEMY;GIBBER;NONE;NONE;NONE;dw1melmo;;;;;;S1-8;;;;115;sotsc;Tamed Gibberling
L#CULGU;MONSTER;DEMONIC;TANARI;SKELETON_FIEND;L#CULGU;L#CULGU;10;MALE;MALE;NEUTRAL;L#CULGU;NONE;NONE;;NONE;;;RINGDEMN;;;S1-10;;;;18000;sotsc;Tanar'ri Bones
L#CULIN;HUMANOID;HUMAN;MAGE;MONK;L#CULIN;L#CULIN;3;MALE;MALE;ENEMY;L#CULIN;L#CULIN;L#CULIN;L#CULIN;NONE;;;;;;STAF01;DART01;;;1000;sotsc;Cult of the Dragon Acolyte
L#CULMA;HUMANOID;HUMAN;MAGE;MONK;L#CULMA;L#CULMA;6;MALE;MALE;ENEMY;L#CULMA;L#CULMA;L#CULMA;L#CULMA;L#CULMA;;;;;;L#CULST;DART04;;;4000;sotsc;Cult of the Dragon – Base Leader
L#CULMON;UNDEAD;GOLEM;0;SHAMBLING_MOUND;L#CULMON;;10;NIETHER;MALE;ENEMY;L#CULMON;L#CULMON;;;L#CULMON;;;;;;B1-12;;;;5000;sotsc;Cult of the Dragon Monstrosity
L#CULST;HUMANOID;HUMAN;INNOCENT;FIGHTER_MALE_ELF;L#CULST;L#CULST;1;MALE;MALE;NEUTRAL;L#CULST;NONE;NONE;NONE;;HELM03;;;;;;;;;15;sotsc;Jaryo Iklaja
L#DEERZO;UNDEAD;ZOMBIE;ZOMBIE_NORMAL;DEER;L#DEERZO;;2;NIETHER;MALE;NEUTRAL;NONE;NONE;NONE;NONE;dw1melmo;;;RING94;;;B1-8;;;;210;sotsc;Zombie Deer
L#DUNST;HUMANOID;HUMAN;INNOCENT;CLERIC_MALE_HUMAN;L#DUNST;L#DUNST;1;MALE;MALE;NEUTRAL;RR#PICKP;;NONE;NONE;;;;;;;;;;;15;sotsc;Dunstin
L#DUNSY;HUMANOID;HUMAN;INNOCENT;HARLOT_WOMAN;L#DUNSY;L#DUNSY;0;FEMALE;FEMALE;NEUTRAL;RR#PICKP;;;;;;;;;;;;;;15;sotsc;Syja
L#FAIEN1;HUMANOID;HUMAN;FIGHTER;FIGHTER_MALE_HUMAN;L#FAIEN1;L#FAIEN1;1;MALE;MALE;NEUTRAL;L#FAIEN1;;NONE;NONE;dw1range;;;;;;SW1H04;COMPB05;;;350;sotsc;Leilo
L#FAIEN2;HUMANOID;HUMAN;CLERIC;CLERIC_MALE_HUMAN;L#FAIEN2;L#FAIEN2;7;MALE;MALE;NEUTRAL;L#FAIEN2;L#FAIEN2;;L#FAIEN2;dw#pr38;;L#FAIBU;;;;BLUN03;;;;975;sotsc;Klarinn
L#FAIEN3;ANIMAL;WOLF;WOLF;WOLF;L#FAIEN3;L#FAIEN3;3;MALE;MALE;ENEMY;;NONE;WOLF;NONE;dw1melmo;;;;;;P1-4;;;;125;sotsc;Apsu
L#FAIRAT;ANIMAL;RABBIT;FOOD_CREATURE;RAT;L#FAIRAT;L#FAIRAT;1;MALE;MALE;ENEMY;;;;NONE;dw1melmo;;;;;;S1-4;S1-4;S1-4;S1-4;25;sotsc;Dire Rat
L#FRGB1;HUMANOID;KOBOLD;KOBOLD_XVART;KOBOLD_XVART;NONE;;1;MALE;MALE;ENEMY;NONE;NONE;XVART;NONE;dw1melge;;;;;;SW1H08;;;;520;sotsc;Boopgloomrak
L#FWMMER;UNDEAD;SPECTRE;FIGHTER;THIEF_FEMALE_ELF;L#FWMMER;L#FWMMER;4;NIETHER;MALE;NEUTRAL;L#FWMMER;;NONE;NONE;dw1melge;;;RING95;;;GHAST1;;;;750;sotsc;Long Gone Merchant
L#GNOAL;UNDEAD;SHADOW;SHADOW;THIEF_FEMALE_HUMAN;L#GNOAL;L#GNOAL;4;OTHER;SUMMONED;ENEMY;L#GNOAL;GENSHT01;NONE;NONE;dw1melge;;;IMMUNE1;RING95;;S1-8;;;;1000;sotsc;Shadow Prophet
L#GNOEN;UNDEAD;SHADOW;SHADOW;SHADOW;L#GNOEN;L#GNOEN;4;OTHER;SUMMONED;ENEMY;L#GNOEN;GENSHT01;NONE;NONE;dw1melge;;;IMMUNE1;RING95;;S1-8;;;;3750;sotsc;Shadow Master
L#GNOSH;UNDEAD;SHADOW;SHADOW;SHADOW;L#GNOSH;;4;OTHER;SUMMONED;ENEMY;;GENSHT01;NONE;NONE;dw1melge;;;IMMUNE1;RING95;;S1-8;;;;420;sotsc;Shadow
L#GNOST;HUMANOID;GNOME;MAGE;MAGE_FEMALE_GNOME;L#GNOST;L#GNOST;9;FEMALE;FEMALE;NEUTRAL;L#GNOST;;L#GNOST;;dw#mg85;;;;;;DAGG01;SLNG01;;;1400;sotsc;Sistriya
L#GNOWY;MONSTER;WYVERN;WYVERN;L#_SHADE_WYVERN;L#GNOWY;;7;NIETHER;MALE;ENEMY;;NONE;WYVERN;NONE;WTASIGHT;;;RING97;;;WYVERN1;WYVERN2;;;1900;sotsc;Shade Wyvern
L#GOLIR;GIANTHUMANOID;GOLEM;GOLEM_IRON;GOLEM_IRON;L#GOLIR;L#GOLIR;18;NIETHER;MALE;NEUTRAL;;NONE;;GOLIRO01;;;;IMMUNE3;IRONGOL;L#GOLIR;GOLIRO;;;;13000;sotsc;Damaged Golem
L#HALST;HUMANOID;HUMAN;INNOCENT;CLERIC_FEMALE_HALFLING;L#HALST;L#HALST;1;FEMALE;FEMALE;NEUTRAL;RR#PICKP;;;NONE;NONE;;;;;;;;;;15;sotsc;Michalina
L#HALWO;UNDEAD;WOLF;WOLF_DREAD;L#_DOG_MOSS;L#HALWO;L#HALWO;1;MALE;MALE;NEUTRAL;L#HALWO;;NONE;NONE;;;;RING95;;;P1-10;;;;650;sotsc;Cu-sith
L#HARGM;HUMANOID;HUMAN;INNOCENT;THIEF_MALE_HUMAN;L#HARGM;L#HARGM;1;MALE;MALE;NEUTRAL;RR#PICKP;RUNENEMY;NONE;NONE;WTRUNSGT;;;;;;;;;;15;sotsc;Confused Gamesman
L#HAUSK;UNDEAD;SKELETON;SKELETON;SKELETON;L#HAUSK;L#HAUSK;1;NIETHER;158;NEUTRAL;L#HAUSK;NONE;NONE;NONE;L#HAUSK;;;RING99;;;B2-16;;;;0;sotsc;Skeletal Captain
L#HAUST;HUMANOID;GNOME;MAGE;MAGE_MALE_GNOME;L#HAUST;L#HAUST;7;MALE;MALE;NEUTRAL;RR#PICKP;NONE;NONE;NONE;;;;;;;DART01;;;;650;sotsc;Haustro
L#HIGBO;UNDEAD;SPECTRAL_UNDEAD;SPECTRE;INVISIBLE_SMALL;L#HIGBO;L#HIGBO;10;NIETHER;MALE;NEUTRAL;;NONE;NONE;NONE;NONE;;;INVULNER;;;B1-6;;;;7000;sotsc;Bookshelf
L#HNDDU;HUMANOID;GOLEM;GOLEM_IRON;DOOM_GUARD;;NONE;30;MALE;158;NOTEVIL;;NONE;NONE;NONE;NONE;;;;;;;;;;0;sotsc;Sparring Dummy
L#HNDRST;HUMANOID;GOLEM;GOLEM_IRON;DOOM_GUARD;L#HNDRST;L#HNDRST;30;MALE;158;NOTEVIL;;NONE;NONE;NONE;NONE;;;;;;;;;;0;sotsc;My Very Own Hideout
L#ICEST;HUMANOID;GNOME;MAGE;MAGE_MALE_GNOME;L#ICEST;L#ICEST;7;MALE;MALE;NEUTRAL;RR#PICKP;NONE;NONE;NONE;;;;;;;DART01;;;;650;sotsc;Kulul Huggerglitter
L#KEGST;HUMANOID;GOLEM;GOLEM_IRON;KEG1;L#KEGST;L#KEGST;30;MALE;158;NEUTRAL;L#KEGST;NONE;NONE;NONE;NONE;;;;;;;;;;0;sotsc;Barrel
L#KOBKO;HUMANOID;KOBOLD;KOBOLD;KOBOLD;L#KOBKO;L#KOBKO;1;MALE;MALE;NEUTRAL;RR#PICKP;NONE;NONE;NONE;;;;;;;COMPB05;SW1H07;;;7;sotsc;Zee
L#KOBSW;HUMANOID;KOBOLD;KOBOLD;KOBOLD;L#KOBSW;;1;MALE;MALE;ENEMY;L#KOBSW;NONE;KOBOLDF;NONE;NONE;;;;;;L#RNI7;;;;220;sotsc;Rovo, The Unlikely Hero
L#KOBWMN;HUMANOID;HUMAN;NO_CLASS;NOBLE_WOMAN;L#KOBWMN;L#KOBWMN;0;FEMALE;FEMALE;NEUTRAL;NONE;NONE;NONE;NONE;;;;;;;;;;;7;sotsc;Crying Woman
L#LIGWI;UNDEAD;GHOUL;GHOUL_GHAST;WILL_O_WISP;L#LIGWI;L#LIGWI;4;NIETHER;MALE;NEUTRAL;;;NONE;;dw1melge;;;RING95;;;GHAST1;;;;2450;sotsc;Infesting Light
L#MANHO;HUMANOID;HUMAN;INNOCENT;BOY;L#MANHO;L#MANHOO;1;MALE;MALE;NEUTRAL;L#MANWOM;NONE;;NONE;;;;;;;;;;;7;sotsc;Embarrassed Boy
L#MANQI1;HUMANOID;HUMAN;INNOCENT;BOY;L#MANQI1;;1;MALE;MALE;NEUTRAL;RR#PICKP;NONE;;NONE;;;;;;;;;;;7;sotsc;Mean Boy
L#MCBEH;MONSTER;BEHOLDER;BEHOLDER;BEHOLDER;None;;9;NIETHER;MALE;ENEMY;GENSHT01;None;None;BEHOLD01;dw1melge;;;BEHOLDER;;;BEHOLD;;;;14000;sotsc;Beholder
L#MCBUGB;HUMANOID;BUGBEAR;FIGHTER;BUGBEAR;L#MCBUGB;;4;MALE;MALE;ENEMY;;NONE;;;dw1melge;;;;;;BLUN04;;;;175;sotsc;Bugbear
L#MCGOB1;HUMANOID;KOBOLD;THIEF;GOBLIN_BOW;NEGOB01;;1;MALE;MALE;ENEMY;;NONE;NONE;;dw1ranth;;;;;;BOW01;;;;20;sotsc;Goblin – Archer
L#MCGOB2;HUMANOID;HOBGOBLIN;HOBGOBLIN;GOBLIN_AXE;NONE;;1;MALE;MALE;ENEMY;NONE;NONE;KOBOLDF;NONE;dw1melge;;;;;;AX1H01;;;;20;sotsc;Goblin
L#MCMIN;GIANTHUMANOID;MINOTAUR;OGRE;MINOTAUR;MINOTAUR;;4;NIETHER;MALE;ENEMY;NONE;NONE;;NONE;dw1melge;;;;;;AX1H01;;;;3000;sotsc;Minotaur
L#MCNWB1;ANIMAL;MAMMAL;FOOD_CREATURE;BOAR_WILD;L#MCNWB1;;3;MALE;MALE;ENEMY;;;;;dw1melmo;;P1-6;;;;B1-8;;;;175;sotsc;Wild Boar
L#MCNWB2;ANIMAL;MAMMAL;FOOD_CREATURE;BOAR_WILD;L#MCNWB2;;3;MALE;MALE;NEUTRAL;;;;;L#MCNWB2;;P1-6;;;;B1-8;;;;175;sotsc;Wild Boar
L#MCOTY;MONSTER;OTYUGH;OTYUGH;OTYUGH;NONE;;10;NIETHER;MALE;ENEMY;;NONE;GENSHT01;NONE;dw1melmo;;;;;;OTYUGH;;;;5000;sotsc;Otyugh
L#MCPIR;HUMANOID;HUMAN;FIGHTER;PIRATE;pirsea02;pirsea02;10;MALE;MALE;ENEMY;None;gpshout;None;None;dw1range;;;;;;DAGG05;SW1H07;;;1500;sotsc;Charmed Pirate
L#MCSNA;ANIMAL;NO_RACE;NO_CLASS;SNAKE;snake01;None;5;MALE;MALE;ENEMY;None;None;None;None;dw1melmo;;;;;;L#MCSNA;;;;650;sotsc;Giant Snake
L#MCWBA;MONSTER;LYCANTHROPE;WEREWOLF;WEREBADGER;;;7;MALE;MALE;ENEMY;;;NONE;NONE;dw1melge;;;IMMUNE1;;;S1-12;;;;420;sotsc;Werebadger
L#MCWRA;MONSTER;LYCANTHROPE;WEREWOLF;WERERAT;;;7;MALE;MALE;ENEMY;;;NONE;NONE;dw1melge;;;IMMUNE1;;;S1-12;;;;420;sotsc;Wererat
L#MELBO;HUMANOID;HUMAN;INNOCENT;BOY;L#MELBO;L#MELBO;1;MALE;MALE;NEUTRAL;RR#PICKP;NONE;;NONE;;;;;;;;;;;7;sotsc;Brat
L#MELMA;HUMANOID;HUMAN;INNOCENT;LEMURE;L#MELMA;L#MELMA;1;MALE;MALE;NEUTRAL;L#MELMA;NONE;NONE;NONE;NONE;;;;;;;;;;15;sotsc;Boohady Cream
L#MELMD;HUMANOID;HUMAN;MAGE;MAGE_FEMALE_HUMAN;L#MELMD;L#MELMD;1;MALE;MALE;NEUTRAL;RR#PICKP;;;NONE;;;;;;;;;;;15;sotsc;Madame Potpourri
L#MIMMI;MONSTER;ANKHEG;ANKHEG;DOOM_GUARD;L#MIMMI;L#MIMMI;3;NIETHER;MALE;ENEMY;L#MIMMI;NONE;NONE;;dw1ranmo;;;;;;ANKHEG1;ANKHEG2;;;2200;sotsc;Fierce Young Mimic
L#MIMST;HUMANOID;HUMAN;FIGHTER;FIGHTER_MALE_HUMAN;L#MIMST;L#MIMST;4;MALE;MALE;NEUTRAL;RR#PICKP;;NONE;NONE;dw1melge;;;;;;;;;;650;sotsc;Tayn
L#MYCMY;PLANT;SHRIEKER;NO_CLASS;SHRIEKER;L#MYCMY;L#MYCMY;3;NIETHER;MALE;NEUTRAL;;;;;;;;;;;;;;;120;sotsc;Myconid
L#MYCSO;HUMANOID;HUMAN;INNOCENT;FIGHTER_MALE_HUMAN;L#MYCSO;L#MYCSO;3;MALE;MALE;NEUTRAL;L#MYCSO;;;;;;;;;;STAF01;;;;175;sotsc;Soldier
L#ORM1;UNDEAD;SPECTRAL_UNDEAD;SPECTRE;INVISIBLE_MEDIUM;L#ORM1;L#ORM1;10;NIETHER;MALE;NEUTRAL;L#ORM01;NONE;NONE;NONE;NONE;;;INVULNER;;;B1-6;;;;1;sotsc;Ormyrr Corpse
L#ORM2;UNDEAD;SPECTRAL_UNDEAD;SPECTRE;INVISIBLE_MEDIUM;L#ORM2;L#ORM2;10;NIETHER;MALE;NEUTRAL;;NONE;NONE;NONE;NONE;;;INVULNER;;;B1-6;;;;1;sotsc;Ormyrr Corpse
L#ORMBAN;HUMANOID;HUMAN;FIGHTER;FIGHTER_MALE_HUMAN;L#ORMBAN;L#ORMBAN;1;MALE;MALE;NEUTRAL;RR#PICKP;;NONE;NONE;dw1range;;;;;;SW1H04;COMPB05;;;650;sotsc;Psychopath
L#ORMETT;UNDEAD;SPECTRE;GIANT;ETTIN;L#ORMETT;L#ORMETT;10;MALE;MALE;ENEMY;;;;;dw1melge;;B2-16;BDRINGGE;;;BDBLUNGH;;;;7000;sotsc;Ettin – Revenant
L#ORMWIL;UNDEAD;GHOUL;GHOUL_GHAST;WILL_O_WISP;L#ORMWIL;L#ORMWIL;4;NIETHER;MALE;ENEMY;L#ORMWIL;;NONE;;dw1melge;;;RING95;;;GHAST1;;;;1750;sotsc;Mountain Light
L#PLAST;HUMANOID;HALFLING;INNOCENT;FIGHTER_FEMALE_HALFLING;L#PLAST;L#PLAST;1;FEMALE;FEMALE;NEUTRAL;RR#PICKP;NONE;;NONE;;;;;;;STAF01;;;;7;sotsc;Gardener
L#SHADM;GIANTHUMANOID;DEMONIC;TANARI;DEATH_KNIGHT;L#SHADM;L#SHADM;9;NIETHER;MALE;ENEMY;;NONE;NONE;NONE;dw1melge;HELMNOAN;;SEEINVIS;;;SW1H02;;;;12000;sotsc;Kimrayor, The Shard-Shatterer
L#SHOST;HUMANOID;HALFLING;FLAMING_FIST;FIGHTER_MALE_HALFLING;L#SHOST;L#SHOST;4;MALE;MALE;NEUTRAL;RR#PICKP;;NONE;;;;;;;;;;;;35;sotsc;Manko Rubbleslide
L#SKEST;UNDEAD;SPECTRE;FIGHTER;SKELETON;L#SKEST;L#SKEST;4;NIETHER;MALE;NEUTRAL;;;NONE;NONE;NONE;;;RING95;;;GHAST1;;;;750;sotsc;Skeletal Mother
L#ULCC1;UNDEAD;SPECTRE;FIGHTER;BOY;L#ULCC1;L#ULCC1;4;NIETHER;MALE;NEUTRAL;;;NONE;NONE;NONE;;;RING95;;;GHAST1;;;;750;sotsc;Tomasz
L#ULCC2;UNDEAD;SPECTRE;FIGHTER;GIRL;L#ULCC2;L#ULCC2;4;NIETHER;MALE;NEUTRAL;;;NONE;NONE;NONE;;;RING95;;;GHAST1;;;;750;sotsc;Monarah
L#ULCC3;UNDEAD;SPECTRE;FIGHTER;BOY;L#ULCC3;L#ULCC3;4;NIETHER;MALE;NEUTRAL;;;NONE;NONE;NONE;;;RING95;;;GHAST1;;;;750;sotsc;Ynak
L#ULCC4;UNDEAD;SPECTRE;FIGHTER;BOY;L#ULCC4;L#ULCC4;4;NIETHER;MALE;NEUTRAL;;;NONE;NONE;NONE;;;RING95;;;GHAST1;;;;750;sotsc;Peepuu
L#ULCCH;UNDEAD;SPECTRE;FIGHTER;GIRL;L#ULCCH;L#ULCCH;4;NIETHER;MALE;NEUTRAL;L#ULCCH;;NONE;NONE;NONE;;;RING95;;;GHAST1;;;;750;sotsc;Czaya
L#ULCSP;MONSTER;SPIDER;SPIDER_PHASE;SPIDER_WRAITH;L#ULCSP;L#ULCSP;5;NIETHER;158;ENEMY;L#ULCSP;PSPIDER;PSPIDER;NONE;dw1melmo;;;MIHP1;;ANTIWEB;SPIDPH1;;;;5000;sotsc;Ssimkh, the Ghost-Feeding Spider
L#ULGCH;HUMANOID;HUMAN;INNOCENT;GIRL;L#ULGCH;L#ULGCH;1;FEMALE;FEMALE;NEUTRAL;L#ULGCH;NONE;;NONE;;;;;;;;;;;7;sotsc;Girl
L#ULGEN1;UNDEAD;SPECTRE;FIGHTER;FIGHTER_MALE_ELF;L#ULGEN1;L#ULGEN1;6;MALE;MALE;ENEMY;L#ULGEN1;REDDEATH;REDDEATH;REDDEATH;dw1melge;HELM13;;RING95;;;FBLADE;;;;2200;sotsc;Captain Gloghaff Mintshow
L#ULGGH;UNDEAD;SPECTRE;FIGHTER;CLERIC_FEMALE_HUMAN;L#ULGGH;L#ULGGH;4;NIETHER;MALE;NEUTRAL;L#ULGGH;;NONE;NONE;dw1melge;;;RING95;;;GHAST1;;;;750;sotsc;Moontia
L#ULGPE;HUMANOID;HUMAN;INNOCENT;NOBLE_MAN;L#ULGPE;L#ULGPE;1;MALE;MALE;NEUTRAL;RR#PICKP;;NONE;NONE;WTRUNSGT;;;;;;;;;;15;sotsc;Perfume Merchant
L#WBATL;MONSTER;LYCANTHROPE;WEREWOLF;WEREBADGER;L#WBATL;L#WBATL;7;MALE;MALE;NEUTRAL;RR#PICKP;;NONE;NONE;dw1melge;;;IMMUNE1;;;S1-12;;;;420;sotsc;Shandraha
L#WOLST;ANIMAL;WOLF;WOLF_WINTER;WOLF_WINTER;L#WOLST;L#WOLST;6;MALE;MALE;NEUTRAL;NONE;NONE;NONE;NONE;dw1ranmo;;;;;;WOLFWI1;WOLFWI2;;;975;sotsc;Pregnant Wolf
L#WOMANH;HUMANOID;HUMAN;INNOCENT;GIRL;L#WOMANH;L#WOMANH;1;FEMALE;FEMALE;NEUTRAL;L#MANWOM;NONE;;NONE;;;;;;;;;;;7;sotsc;Embarrassed Girl
L#WOMQI1;HUMANOID;HUMAN;INNOCENT;GIRL;L#WOMQI1;;1;FEMALE;FEMALE;NEUTRAL;RR#PICKP;NONE;;NONE;;;;;;;;;;;7;sotsc;Mean Girl
L#WOOST;HUMANOID;HUMAN;DRUID;CLERIC_MALE_HUMAN;L#WOOST;L#WOOST;3;MALE;MALE;NEUTRAL;RR#PICKP;NONE;NONE;NONE;dw1melge;;;;;;STAF01;;;;120;sotsc;Man
L#XVAST;HUMANOID;KOBOLD;KOBOLD_XVART;KOBOLD_XVART;L#XVAST;L#XVAST;1;MALE;MALE;NEUTRAL;RR#PICKP;NONE;;NONE;dw1melge;;;;;;;;;;15;sotsc;Roomokum
AC#BASGR;MONSTER;BASILISK;BASILISK_GREATER;BASILISK_GREATER;None;;10;NIETHER;MALE;ENEMY;None;None;None;GBASILSK;dw1ranmo;;;;;;BASILG1;BASILG2;BASILG3;;4000;Loretakers;Greater Basilisk
AC#CUST1;HUMANOID;HUMAN;INNOCENT;PEASANT_WOMAN;AC#CUST1;AC#CUST1;1;FEMALE;FEMALE;NEUTRAL;SHOUTDL2;NONE;NONE;NONE;;;;;;;;;;;15;Loretakers;Commoner
AC#CUST2;HUMANOID;HUMAN;INNOCENT;PEASANT_WOMAN;AC#CUST2;AC#CUST2;1;FEMALE;FEMALE;NEUTRAL;RR#PICKP;NONE;NONE;NONE;;;;;;;;;;;15;Loretakers;Commoner
AC#CUST3;HUMANOID;HUMAN;INNOCENT;PEASANT_WOMAN;AC#CUST3;AC#CUST3;1;FEMALE;FEMALE;NEUTRAL;dw#innhl;NONE;NONE;NONE;;;;;;;;;;;15;Loretakers;Commoner
AC#CUST4;HUMANOID;HUMAN;INNOCENT;NOBLE_WOMAN;AC#CUST4;AC#CUST4;1;FEMALE;FEMALE;NEUTRAL;dw#innhl;NONE;NONE;NONE;dw1melge;;;;;;;;;;15;Loretakers;Noblewoman
AC#CUST5;HUMANOID;HUMAN;INNOCENT;NOBLE_WOMAN;AC#CUST5;AC#CUST5;1;FEMALE;FEMALE;NEUTRAL;dw#innhl;NONE;NONE;NONE;dw1melge;;;;;;;;;;15;Loretakers;Noblewoman
AC#CUST6;HUMANOID;HUMAN;INNOCENT;NOBLE_MAN;AC#CUST6;AC#CUST6;1;MALE;MALE;NEUTRAL;;NONE;NONE;NONE;;;;;;;;;;;15;Loretakers;Nobleman
AC#CUST7;HUMANOID;HUMAN;INNOCENT;NOBLE_MAN;AC#CUST7;AC#CUST7;1;MALE;MALE;NEUTRAL;;NONE;NONE;NONE;;;;;;;;;;;15;Loretakers;Nobleman
AC#FP1W1;MONSTER;LYCANTHROPE;WEREWOLF;WERERAT;AC#FP1W1;AC#FP1W1;7;MALE;MALE;NEUTRAL;AC#FP1W1;;NONE;NONE;dw1melge;;;IMMUNE1;;;BLUN01;;;;270;Loretakers;Wererat
AC#FP1W2;MONSTER;LYCANTHROPE;WEREWOLF;WERERAT;AC#FP1W2;AC#FP1W2;7;MALE;MALE;NEUTRAL;RR#PICKP;;NONE;NONE;dw1melge;;;IMMUNE1;;;BLUN01;;;;270;Loretakers;Wererat
AC#FP1W3;MONSTER;LYCANTHROPE;WEREWOLF;WERERAT;AC#FP1W3;;7;MALE;MALE;NEUTRAL;AC#FP1W3;;NONE;NONE;;;;IMMUNE1;;;BLUN01;;;;270;Loretakers;Wererat
AC#FP2O1;GIANTHUMANOID;OGRE;OGRE;OGRE;AC#FP2O1;AC#FP2O1;4;NIETHER;MALE;NEUTRAL;SHOUTDLG;;NONE;NONE;dw1melge;;;;;;B2-16;;;;270;Loretakers;Ogre
AC#FP2O2;GIANTHUMANOID;OGRE;OGRE;OGRE;AC#FP2O2;AC#FP2O2;4;NIETHER;MALE;NEUTRAL;NONE;;NONE;NONE;dw1melge;;;;;;OGRE1;;;;270;Loretakers;Ogre
AC#FP2OT;GIANTHUMANOID;OGRE;OGRE;OGRE;AC#FP2OT;AC#FP2OT;4;NIETHER;MALE;ENEMY;AC#FP2OT;;NONE;NONE;dw1melge;;;;;;BLUN07;;;;270;Loretakers;Thrall
AC#FP2ST;GENERAL_ITEM;NO_RACE;NO_CLASS;DOOM_GUARD;AC#FP2ST;AC#FP2ST;23;NIETHER;MALE;NOTEVIL;AC#FP2ST;NONE;NONE;NONE;NONE;HELMNOAN;;RING97;AC#FPNOC;AC#FPIMP;;;;;24000;Loretakers;Unholy Statue
AC#FP2ZO;UNDEAD;ZOMBIE;ZOMBIE_NORMAL;ZOMBIE;AC#FP2ZO;ZOMBIE;2;NIETHER;MALE;CONTROLLED;None;None;None;None;dw1melmo;;;RING95;;;B1-8;;;;65;Loretakers;Zombie
AC#FP3EB;HUMANOID;NO_RACE;NO_CLASS;BIRD;AC#FP3EB;AC#FP3EB;1;NIETHER;MALE;NEUTRAL;NONE;NONE;NONE;NONE;NONE;;;;MAGE01;IMOENHP1;;;;;0;Loretakers;The Encephalithid
AC#FP3MF;HUMANOID;MIND_FLAYER;MIND_FLAYER;MINDFLAYER;AC#FP3MF;None;8;MALE;MALE;NEUTRAL;;None;None;;;;;;;;MINDFLAY;;;;9000;Loretakers;Mind Flayer
AC#FP4S1;GENERAL_ITEM;NO_RACE;NO_CLASS;DOOM_GUARD;AC#FP4S1;AC#FP4S1;23;NIETHER;MALE;NOTEVIL;AC#FP4S1;NONE;NONE;NONE;NONE;HELMNOAN;;RING97;AC#FPNOC;AC#FPIMP;;;;;24000;Loretakers;Voidspeaker
AC#FP4S2;GENERAL_ITEM;NO_RACE;NO_CLASS;DOOM_GUARD;AC#FP4S2;AC#FP4S2;23;NIETHER;MALE;NOTEVIL;;NONE;NONE;NONE;NONE;HELMNOAN;;RING97;AC#FPNOC;AC#FPIMP;;;;;24000;Loretakers;Voidspeaker
AC#FP4S3;GENERAL_ITEM;NO_RACE;NO_CLASS;DOOM_GUARD;AC#FP4S3;AC#FP4S3;23;NIETHER;MALE;NOTEVIL;;NONE;NONE;NONE;NONE;HELMNOAN;;RING97;AC#FPNOC;AC#FPIMP;;;;;24000;Loretakers;Voidspeaker
AC#FP5S1;GENERAL_ITEM;NO_RACE;NO_CLASS;DOOM_GUARD;AC#FP5S1;AC#FP5S1;23;NIETHER;MALE;NOTEVIL;AC#FP5S1;NONE;NONE;NONE;NONE;HELMNOAN;;RING97;AC#FPNOC;AC#FPIMP;;;;;24000;Loretakers;Voidspeaker
AC#FP5S2;GENERAL_ITEM;NO_RACE;NO_CLASS;DOOM_GUARD;AC#FP5S2;AC#FP5S2;23;NIETHER;MALE;NOTEVIL;;NONE;NONE;NONE;NONE;HELMNOAN;;RING97;AC#FPNOC;AC#FPIMP;;;;;24000;Loretakers;Voidspeaker
AC#FP5S3;GENERAL_ITEM;NO_RACE;NO_CLASS;DOOM_GUARD;AC#FP5S3;AC#FP5S3;23;NIETHER;MALE;NOTEVIL;;NONE;NONE;NONE;NONE;HELMNOAN;;RING97;AC#FPNOC;AC#FPIMP;;;;;24000;Loretakers;Voidspeaker
AC#FP6S1;GENERAL_ITEM;NO_RACE;NO_CLASS;DOOM_GUARD;AC#FP6S1;AC#FP6S1;23;NIETHER;MALE;NOTEVIL;AC#FP6S1;NONE;NONE;NONE;NONE;HELMNOAN;;RING97;AC#FPNOC;AC#FPIMP;;;;;24000;Loretakers;Voidspeaker
AC#FP6S2;GENERAL_ITEM;NO_RACE;NO_CLASS;DOOM_GUARD;AC#FP6S2;AC#FP6S2;23;NIETHER;MALE;NOTEVIL;;NONE;NONE;NONE;NONE;HELMNOAN;;RING97;AC#FPNOC;AC#FPIMP;;;;;24000;Loretakers;Voidspeaker
AC#FP6S3;GENERAL_ITEM;NO_RACE;NO_CLASS;DOOM_GUARD;AC#FP6S3;AC#FP6S3;23;NIETHER;MALE;NOTEVIL;;NONE;NONE;NONE;NONE;HELMNOAN;;RING97;AC#FPNOC;AC#FPIMP;;;;;24000;Loretakers;Voidspeaker
AC#FP7S1;GENERAL_ITEM;NO_RACE;NO_CLASS;DOOM_GUARD;AC#FP7S1;AC#FP7S1;23;NIETHER;MALE;NOTEVIL;AC#FP7S1;NONE;NONE;NONE;NONE;HELMNOAN;;RING97;AC#FPNOC;AC#FPIMP;;;;;24000;Loretakers;Voidspeaker
AC#FP7S2;GENERAL_ITEM;NO_RACE;NO_CLASS;DOOM_GUARD;AC#FP7S2;AC#FP7S2;23;NIETHER;MALE;NOTEVIL;;NONE;NONE;NONE;NONE;HELMNOAN;;RING97;AC#FPNOC;AC#FPIMP;;;;;24000;Loretakers;Voidspeaker
AC#FP7S3;GENERAL_ITEM;NO_RACE;NO_CLASS;DOOM_GUARD;AC#FP7S3;AC#FP7S3;23;NIETHER;MALE;NOTEVIL;;NONE;NONE;NONE;NONE;HELMNOAN;;RING97;AC#FPNOC;AC#FPIMP;;;;;24000;Loretakers;Voidspeaker
AC#FPCLG;GIANTHUMANOID;GOLEM;GOLEM_CLAY;GOLEM_CLAY;AC#FPCLG;;9;NIETHER;MALE;NEUTRAL;;NONE;;NONE;dw1melmo;;;IMMUNE1;;;GOLCLA;;;;8000;Loretakers;Clay Golem
AC#FPCLY;GIANTHUMANOID;GOLEM;GOLEM_CLAY;GOLEM_CLAY;AC#FPCLG;;9;NIETHER;MALE;CONTROLLED;;NONE;;NONE;dw1melmo;;;;RING95;;GOLCLA;;;;8000;Loretakers;Lesser Clay Golem
AC#FPCO2;HUMANOID;HUMAN;INNOCENT;MONK;AC#FPCO2;AC#FPCO2;1;MALE;MALE;NEUTRAL;;NONE;;NONE;;;;;;;;;;;2;Loretakers;Loremaster High Eyvind
AC#FPCO9;HUMANOID;ELF;INNOCENT;DOOM_GUARD;AC#FPCO9;AC#FPCO9;1;MALE;MALE;NEUTRAL;RR#PICKP;NONE;NONE;NONE;NONE;;;;;MINHP1;;;;;15;Loretakers;Captured Creature
AC#FPCOG;HUMANOID;HUMAN;INNOCENT;MONK;AC#FPCOG;AC#FPCOG;1;MALE;MALE;NEUTRAL;SHOUTDLG;NONE;;NONE;;;;;;;;;;;2;Loretakers;Loremaster High Eyvind
AC#FPDT2;UNDEAD;BEHOLDER;BEHOLDER;BEHOLDER;AC#FPDT2;;14;NIETHER;MALE;NEUTRAL;;None;None;;;;;IMMCHS;IMMUNE1;;BEHOLD;;;;14000;Loretakers;Death Tyrant
AC#FPDTY;UNDEAD;BEHOLDER;BEHOLDER;DEATH_TYRANT;AC#FPDTY;;14;NIETHER;MALE;ENEMY;GENSHT01;None;None;AC#FPDTY;dw1melge;;;IMMCHS;IMMUNE1;;BEHOLD;;;;14000;Loretakers;Death Tyrant
AC#FPFEY;MONSTER;CARRIONCRAWLER;CARRIONCRAWLER;FEYR;AC#FPFEY;;4;NIETHER;MALE;ENEMY;AC#FPFEY;;None;None;;;;;;;P1-4;;;;975;Loretakers;Feyr
AC#FPGHL;UNDEAD;GHOUL;GHOUL;GHOUL;AC#FPGHL;;2;NIETHER;MALE;ENEMY;None;None;None;None;dw1melge;;;RING95;;;GHOUL1;;;;175;Loretakers;Ghoul
AC#FPGHO;HUMANOID;SPECTRE;SPECTRE;PEASANT_WOMAN;AC#FPGHO;AC#FPGHO;12;MALE;FEMALE;NEUTRAL;AC#FPGHO;NONE;;NONE;;;;GHOST;RING94;;;;;;3750;Loretakers;Aimil
AC#FPGND;HUMANOID;HUMAN;INNOCENT;CLERIC_MALE_HUMAN;AC#FPGND;AC#FPGND;3;MALE;MALE;NEUTRAL;RR#PICKP;;NONE;NONE;NONE;;;;;;STAF01;;;;175;Loretakers;Master Durnan
AC#FPLAD;MONSTER;LYCANTHROPE;CLERIC;AC#DUSTMAN_FEMALE;AC#FPLAD;AC#FPLAD;8;FEMALE;FEMALE;NEUTRAL;AC#FPLAD;;NONE;;;HELM06;;;;;AC#FPQST;;;;2000;Loretakers;Etate
AC#FPMDS;UNDEAD;SHADOW;FIGHTER;SHADOW;AC#FPMDS;None;3;NIETHER;MALE;ENEMY;GENSHT01;None;None;None;dw1melge;;;IMMUNE1;RING95;;AC#FPMDS;;;;420;Loretakers;Mindshadow
AC#FPMFL;HUMANOID;MIND_FLAYER;MIND_FLAYER;MINDFLAYER;mindfl01;None;8;MALE;MALE;ENEMY;AC#FPMFL;GENSHT01;None;;;;;;;;AC#FPMFL;;;;9000;Loretakers;Mind Flayer
AC#FPMIC;HUMANOID;MEPHIT;MEPHIT;IMP;AC#FPMIC;;3;NIETHER;MALE;ENEMY;;None;None;None;MEPICE;;;;;IMMCLOUD;MEPICE;;;;420;Loretakers;Ice Mephit
AC#FPMMY;UNDEAD;GHOUL;GHOUL_REVEANT;MUMMY;AC#FPMMY;;7;NIETHER;MALE;ENEMY;;None;None;None;dw1melge;;;IMMUNE1;RING95;;AC#FPMMY;;;;3000;Loretakers;Bog Mummy
AC#FPMOU;GIANTHUMANOID;ELEMENTAL;ELEMENTAL_EARTH;SHAMBLING_MOUND;AC#FPMOU;;8;FEMALE;FEMALE;ENEMY;AC#FPMOU;;NONE;NONE;;;;IMMUNE1;RING95;FREERING;MOUND;;;;6000;Loretakers;Shambling Mound
AC#FPOBL;MONSTER;SLIME;GREY_OOZE;GRAY_OOZE;AC#FPOBL;;3;NIETHER;MALE;ENEMY;AC#FPOBL;None;None;None;dw1ranmo;;;RING95;;;OOZEGR1;;;;900;Loretakers;Oblex
AC#FPOG4;GIANTHUMANOID;OGRE;OGRE;OGRE;AC#FPOG4;AC#FPOG4;4;MALE;MALE;NEUTRAL;AC#FPOG4;NONE;;NONE;WTASIGHT;;;;;;B1-2;;;;270;Loretakers;Bagut
AC#FPOTY;MONSTER;OTYUGH;OTYUGH;OTYUGH;AC#FPOTY;;10;NIETHER;MALE;ENEMY;GENSHT01;NONE;NONE;NONE;dw1melmo;;;;;;AC#FPOTY;;;;5000;Loretakers;Otyugh
AC#FPOX1;MONSTER;SLIME;GREEN_SLIME;ACIFER_OBLIVIAX;AC#FPOX1;;2;NIETHER;MALE;ENEMY;AC#FPOBX;None;None;None;dw1melmo;;;RING95;;;AC#FPOBW;;;;65;Loretakers;Obliviax
AC#FPPIP;MONSTER;SLIME;GREY_OOZE;GRAY_OOZE;AC#FPPIP;;3;NIETHER;MALE;NEUTRAL;AC#FPPIP;None;None;None;;;;RING95;AC#FPSL3;;AC#FPSLT;;;;975;Loretakers;
AC#FPPR1;HUMANOID;HUMAN;THIEF;PEASANT_MAN;AC#FPPR1;AC#FPPR1;3;MALE;MALE;NEUTRAL;AC#FPPR1;NONE;NONE;;dw1melth;;;;;;;;;;5;Loretakers;Rennack
AC#FPRA2;ANIMAL;NO_RACE;NO_CLASS;RAT;AC#FPRA2;NONE;1;MALE;MALE;ENEMY;GENSHT01;NONE;NONE;;dw1melmo;;;;;;P1-4;;;;10;Loretakers;Rat
AC#FPRTP;ANIMAL;NO_RACE;NO_CLASS;RAT;AC#RAT01;NONE;1;MALE;MALE;CONTROLLED;AC#FPRTP;NONE;NONE;;dw1melmo;;;;;;P1-4;;;;10;Loretakers;Rat
AC#FPSEW;HUMANOID;HUMAN;INNOCENT;FAT_MAN;AC#FPSEW;AC#FPSEW;1;MALE;MALE;NEUTRAL;RR#PICKP;NONE;NONE;NONE;NONE;;;;;;;;;;15;Loretakers;Sewer Cleaner
AC#FPSHD;UNDEAD;SHADOW;FIGHTER;SHADOW;AC#FPSHD;None;3;NIETHER;MALE;ENEMY;GENSHT01;None;None;None;dw1melge;;;IMMUNE1;RING95;;SHADOWWP;;;;420;Loretakers;Shadow
AC#FPSL2;MONSTER;SLIME;GREY_OOZE;GRAY_OOZE;AC#FPSLT;;3;NIETHER;MALE;ENEMY;AC#FPSLT;None;None;None;;;;RING95;AC#FPSL3;;AC#FPSLT;;;;975;Loretakers;
AC#FPSLT;MONSTER;SLIME;GREY_OOZE;GRAY_OOZE;AC#FPSLT;;3;NIETHER;MALE;ENEMY;;NONE;NONE;NONE;dw1ranmo;;;RING95;AC#FPSL2;;AC#FPSLT;;;;975;Loretakers;Slithering Tracker
AC#FPST1;HUMANOID;HUMAN;INNOCENT;MONK;AC#FPST1;AC#FPST1;1;MALE;MALE;NEUTRAL;AC#FPST1;;NONE;NONE;NONE;;;;;;;;;;15;Loretakers;Loremaster Namonder
AC#FPST2;HUMANOID;HUMAN;INNOCENT;MONK;AC#FPST2;AC#FPST2;1;MALE;MALE;NEUTRAL;RR#PICKP;;NONE;NONE;NONE;;;;;;;;;;15;Loretakers;Seeker Tuck
AC#FPSUN;HUMANOID;HUMAN;INNOCENT;SLAVE;AC#FPSUN;AC#FPSUN;1;MALE;MALE;NEUTRAL;RR#PICKP;NONE;NONE;NONE;NONE;;;;;;;;;;7;Loretakers;Petian
AC#FPSWM;ANIMAL;NO_RACE;NO_CLASS;SNAKE;AC#FPSWM;None;5;MALE;MALE;ENEMY;None;None;None;None;dw1melmo;;;;;;AC#FPSWM;;;;270;Loretakers;Sewerm
AC#FPWP2;MONSTER;SLIME;MUSTARD_JELLY;GRAY_OOZE;AC#FPWPU;;9;NIETHER;MALE;ENEMY;None;None;None;None;dw1ranmo;;;IMMUNE1;RING95;;AC#FPWPU;;;;1400;Loretakers;White Blob
AC#FPWPU;MONSTER;SLIME;MUSTARD_JELLY;GRAY_OOZE;AC#FPWPU;;9;NIETHER;MALE;ENEMY;None;None;None;None;dw1ranmo;;;IMMUNE1;RING95;;AC#FPWPU;;;;1400;Loretakers;White Blob
AC#FPWRA;UNDEAD;WRAITH;WRAITH;SHADOW;AC#FPWRA;None;6;MALE;MALE;ENEMY;;None;None;None;AC#FPWRA;;;;RING95;IMMUNE1;WRAITH1;;;;0;Loretakers;Wraith
AC#FPWRC;HUMANOID;HUMAN;MAGE;WERERAT;AC#FPWRC;AC#FPWRC;10;MALE;MALE;NEUTRAL;AC#FPWRC;NONE;;;NONE;;;;;;;;;;1800;Loretakers;Scronch
AC#FPWRW;MONSTER;LYCANTHROPE;MAGE;CLERIC_MALE_HUMAN;AC#FPWRW;NONE;7;MALE;MALE;ENEMY;AC#FPWRW;;;;;;;;;;BLUN01;;;;300;Loretakers;Ralx
AC#FPWWR;MONSTER;ELEMENTAL;NO_CLASS;WATER_WEIRD;AC#FPWWR;;6;NIETHER;MALE;ENEMY;AC#FPWWR;;;;;;;AC#FPWWR;AC#FPWTR;;AC#FPWRD;;;;420;Loretakers;Water Weird
AC#MOAN1;HUMANOID;HUMAN;FIGHTER_CLERIC;CLERIC_MALE_HUMAN;AC#MOAN1;AC#MOAN1;6;MALE;MALE;NEUTRAL;AC#FPMOA;NONE;;NONE;;;;;RING12;AMUL22;AC#FPBL1;;;;750;Loretakers;Urthadar
AC#MUGG1;MONSTER;LYCANTHROPE;WEREWOLF;23901;AC#MUGG1;AC#MUGG1;7;MALE;MALE;ENEMY;NONE;;NONE;NONE;dw1melge;;;IMMUNE1;;;S1-12;;;;420;Loretakers;Viceak
AC#MUGG2;MONSTER;LYCANTHROPE;WEREWOLF;23901;AC#MUGG2;AC#MUGG2;7;MALE;MALE;ENEMY;NONE;;NONE;NONE;dw1melge;;;IMMUNE1;;;S1-12;;;;420;Loretakers;Rickul
AC#PEAS1;HUMANOID;HUMAN;INNOCENT;NOBLE_WOMAN;AC#PEAS1;AC#PEAS1;1;FEMALE;FEMALE;NEUTRAL;dw#innhl;NONE;NONE;NONE;dw1melge;;;;;;;;;;15;Loretakers;Noblewoman
AC#PEAS2;HUMANOID;HUMAN;INNOCENT;NOBLE_WOMAN;AC#PEAS2;AC#PEAS2;1;FEMALE;FEMALE;NEUTRAL;dw#innhl;NONE;NONE;NONE;dw1melge;;;;;;;;;;15;Loretakers;Noblewoman
AC#PEAS3;HUMANOID;HUMAN;INNOCENT;NOBLE_MAN;AC#PEAS3;AC#PEAS3;1;MALE;MALE;NEUTRAL;RR#PICKP;NONE;NONE;NONE;dw1melge;;;;;;;;;;15;Loretakers;Commoner
AC#RAT01;ANIMAL;NO_RACE;NO_CLASS;RAT;AC#RAT01;NONE;1;MALE;MALE;ENEMY;GENSHT01;NONE;NONE;;dw1melmo;;;;;;P1-4;;;;10;Loretakers;Rat
AC#ULIT1;HUMANOID;MIND_FLAYER;MIND_FLAYER;MINDFLAYER;AC#FPULI;AC#FPULI;8;MALE;MALE;ENEMY;AC#FPULI;GENSHT01;NONE;;;;;;;;AC#FPMFL;;;;11000;Loretakers;Vuardsungulu
AC#WEHU1;MONSTER;LYCANTHROPE;FIGHTER_THIEF;THIEF_MALE_HUMAN;AC#WEHU1;;10;MALE;MALE;ENEMY;AC#WEHUT;NONE;NONE;NONE;dw1ranth;;;;;;XBOW04;;;;270;Loretakers;Rogue
AC#WEHU2;MONSTER;LYCANTHROPE;FIGHTER_THIEF;THIEF_MALE_HUMAN;AC#WEHU2;;10;MALE;MALE;ENEMY;AC#WEHUT;NONE;NONE;NONE;dw1ranth;;;;;;BOW05;;;;270;Loretakers;Rogue
AC#WEHU3;MONSTER;LYCANTHROPE;FIGHTER_THIEF;THIEF_MALE_HUMAN;AC#WEHU3;;10;MALE;MALE;ENEMY;AC#WEHUT;NONE;NONE;NONE;dw1ranth;;;;;;XBOW04;;;;270;Loretakers;Rogue
AC#WEHU4;MONSTER;LYCANTHROPE;FIGHTER_THIEF;THIEF_MALE_HUMAN;AC#WEHU3;;10;MALE;MALE;NEUTRAL;AC#WEHU4;NONE;NONE;NONE;dw1ranth;;;;;;XBOW04;;;;270;Loretakers;Rogue
AC#WERA1;MONSTER;LYCANTHROPE;WEREWOLF;WERERAT;AC#WERA1;NONE;7;MALE;MALE;ENEMY;AC#WERA1;;NONE;NONE;dw1melge;;;IMMUNE1;;;BLUN01;;;;270;Loretakers;Wererat
AC#WERA2;MONSTER;LYCANTHROPE;WEREWOLF;WERERAT;AC#WERA2;NONE;7;MALE;MALE;ENEMY;;;NONE;NONE;dw1melge;;;IMMUNE1;;;AC#FPIWR;;;;270;Loretakers;Diseased Wererat
AC#WERAD;MONSTER;LYCANTHROPE;WEREWOLF;WERERAT;;NONE;7;MALE;MALE;ENEMY;NONE;;NONE;NONE;NONE;;;IMMUNE1;;;BLUN01;;;;0;Loretakers;
AC#WRIM1;GIANTHUMANOID;HUMAN;MAGE;OGRE;AC#WRIMB;AC#WRIMB;10;0;MALE;NEUTRAL;INITDLG;NONE;NONE;NONE;dw1melge;;;;;;B1-12M3;;;;650;Loretakers;Wrimbog
P#IMANEL;HUMANOID;ELF;FIGHTER;FIGHTER_FEMALE_ELF;p#imanel;p#imanel;8;FEMALE;FEMALE;NEUTRAL;P#IMANL2;;None;None;dw1melge;PALHELM;SW1H04;;;;;;;SW1H05;5000;bg1npc;Imanel Silversword
P#WOLF01;ANIMAL;WOLF;WOLF_WINTER;WOLF_WINTER;p#wolf01;P#WOLF;6;MALE;MALE;NEUTRAL;P#WOLFA;None;None;None;dw1ranmo;;;;;;WOLFWI1;WOLFWI2;;;975;bg1npc;Winter Wolf
P#WOLF02;ANIMAL;WOLF;WOLF_DIRE;WOLF_DIRE;p#wolf02;P#WOLF;4;MALE;MALE;NEUTRAL;P#WOLFA;None;DIREWOLF;HUNTER;dw1melmo;;;;;;P1-8;;;;125;bg1npc;Dire Wolf
P#WOLF03;MONSTER;WOLF;WOLF_DREAD;WOLF_DREAD;p#wolf03;P#WOLF;1;MALE;MALE;NEUTRAL;P#WOLFA;;None;None;dw1melmo;;;RING95;;;P1-10;;;;650;bg1npc;Dread Wolf
P#WOLF04;UNDEAD;WOLF;WOLF_VAMPIRIC;WOLF_VAMPIRIC;p#wolf04;P#WOLF;8;MALE;MALE;NEUTRAL;P#WOLFA;None;None;None;dw1melge;;;IMMUNE1;RING95;;WOLFVA1;;;;2000;bg1npc;Vampiric Wolf
P#WOLF05;MONSTER;WOLF;WOLF_DREAD;WOLF;p#wolf05;P#WOLF;1;MALE;MALE;NEUTRAL;P#WOLFA;;None;None;dw1melmo;;;;;;P1-10;;;;650;bg1npc;Wolf
X#AJANFI;HUMANOID;HUMAN;PALADIN;FIGHTER_MALE_HUMAN;x#ajanfi;;6;MALE;MALE;NEUTRAL;;;NONE;DPLAYER;dw1melpa;HELM11;X#AJSHLD;;;;SW1H24;;;;1;bg1npc;Ajantis, The Knight
X#AJDOUG;HUMANOID;HUMAN;FIGHTER;CLERIC_MALE_HUMAN;X#AJDOUG;X#AJDOUG;4;MALE;MALE;NEUTRAL;SHOUT;SEEENEMY;X#AJDOUG;NONE;NONE;;;;;;BOW03;SW1H04;;;320;bg1npc;Douglas
X#AJDRRE;MONSTER;DRAGON;RED_DRAGON;DRAGON_RED;x#ajdrre;x#ajdrre;23;NIETHER;MALE;NEUTRAL;;None;None;None;None;;;RING97;;;DRAGRED1;;;;24000;bg1npc;Red Dragon
X#AJDRSI;MONSTER;DRAGON;SILVER_DRAGON;DRAGON_WHITE;x#ajdrsi;x#ajdrsi;23;NIETHER;MALE;NEUTRAL;;None;None;None;None;;;RING97;;;X#DRGSL1;;;;24000;bg1npc;Silver Dragon
X#AMELIA;MONSTER;DEMONIC;TANARI;MAGE_FEMALE_ELF;x#amelia;x#amelia;6;FEMALE;FEMALE;NEUTRAL;x#amelia;X#AMELIX;None;None;None;HELMNOAN;;;RINGDEMN;;B1-3;;;;1400;bg1npc;Amelia
X#ANDART;HUMANOID;HUMAN;DRUID;CLERIC_MALE_HUMAN;andarthe;X#ANDART;13;MALE;MALE;NEUTRAL;X#ANDART;;;;dw#pr70;;;;;;X#ANSPER;DW#SHNSA;DW#SHNSP;;4000;bg1npc;Andarthe
X#ASSI01;HUMANOID;GNOME;THIEF;THIEF_FEMALE_GNOME;x#assi01;X#ASSIST;21;FEMALE;MALE;PC;None;None;None;None;DPLAYER3;;;;;;;;;;0;bg1npc;David's Assistant
X#ASSI02;HUMANOID;GNOME;THIEF;THIEF_FEMALE_GNOME;x#assi02;X#ASSIST;21;FEMALE;MALE;PC;None;None;None;None;DPLAYER3;;;;;;;;;;0;bg1npc;David's Assistant
X#ASSI03;HUMANOID;GNOME;THIEF;THIEF_FEMALE_GNOME;x#assi03;X#ASSIST;21;FEMALE;MALE;PC;None;None;None;None;DPLAYER3;;;;;;;;;;0;bg1npc;David's Assistant
X#ASSI04;HUMANOID;GNOME;THIEF;THIEF_FEMALE_GNOME;x#assi04;X#ASSIST;21;FEMALE;MALE;PC;None;None;None;None;DPLAYER3;;;;;;;;;;0;bg1npc;David's Assistant
X#ASSI05;HUMANOID;GNOME;THIEF;THIEF_FEMALE_GNOME;x#assi05;X#ASSIST;21;FEMALE;MALE;PC;None;None;None;None;DPLAYER3;;;;;;;;;;0;bg1npc;David's Assistant
X#ASSI06;HUMANOID;GNOME;THIEF;THIEF_FEMALE_GNOME;x#assi06;X#ASSIST;21;FEMALE;MALE;PC;None;None;None;None;DPLAYER3;;;;;;;;;;0;bg1npc;David's Assistant
X#ASSI07;HUMANOID;GNOME;THIEF;THIEF_FEMALE_GNOME;x#assi07;X#ASSIST;21;FEMALE;MALE;PC;None;None;None;None;DPLAYER3;;;;;;;;;;0;bg1npc;David's Assistant
X#ASSI08;HUMANOID;GNOME;THIEF;THIEF_FEMALE_GNOME;x#assi08;X#ASSIST;21;FEMALE;MALE;PC;None;None;None;None;DPLAYER3;;;;;;;;;;0;bg1npc;David's Assistant
X#ASSI09;HUMANOID;GNOME;THIEF;THIEF_FEMALE_GNOME;x#assi09;X#ASSIST;21;FEMALE;MALE;PC;None;None;None;None;DPLAYER3;;;;;;;;;;0;bg1npc;David's Assistant
X#ASSI10;HUMANOID;GNOME;THIEF;THIEF_FEMALE_GNOME;x#assi10;X#ASSIST;21;FEMALE;MALE;PC;None;None;None;None;DPLAYER3;;;;;;;;;;0;bg1npc;David's Assistant
X#ASSI11;HUMANOID;GNOME;THIEF;THIEF_FEMALE_GNOME;x#assi11;X#ASSIST;21;FEMALE;MALE;PC;None;None;None;None;DPLAYER3;;;;;;;;;;0;bg1npc;David's Assistant
X#BANDK;HUMANOID;HUMAN;FIGHTER;FIGHTER_MALE_HUMAN;x#bandk;x#bandk;1;MALE;MALE;NEUTRAL;x#bandk;;;;dw1range;;;;;;BOW03;SW1H04;;;65;bg1npc;Caravan Bandit
X#BEADOR;HUMANOID;HUMAN;DRUID;SLEEPING_MAN_HUMAN;BEADOR;X#BEADOR;9;MALE;MALE;NEUTRAL;X#BEADOR;;;;dw#pr71;;;;;;;DW#SHNBR;;;420;bg1npc;Beador
X#BELGIN;HUMANOID;GNOME;CLERIC;CLERIC_MALE_GNOME;x#belgin;x#belgin;10;MALE;MALE;NEUTRAL;x#belgin;;None;None;dw#pr72;HELM06;SHLD04;;;;HAMM01;;;;3000;bg1npc;Belgin
X#BHET;HUMANOID;HUMAN;INNOCENT;HARLOT_WOMAN;x#bhet;x#bhet;1;FEMALE;FEMALE;NEUTRAL;RR#PICKP;;None;None;;;;;;;;;;;16;bg1npc;Bhetel
X#BLACK;HUMANOID;HUMAN;DRUID;CLERIC_MALE_HUMAN;blackberry;x#black;6;MALE;MALE;NEUTRAL;x#black;x#druid6;x#drdsht;;dw#pr73;;;;;;STAF01;;;;975;bg1npc;Blackberry
X#BODHI;UNDEAD;VAMPIRE;VAMPIRE;BODHI;x#bodhi;x#bodhi;14;FEMALE;FEMALE;NEUTRAL;;;;;dw1melge;;;VAMPREG2;IMMUNE2;MINHP20;VAMP3;;;;21000;bg1npc;Arel
X#CAUTZ;MONSTER;DRAGON;RED_DRAGON;DRAGON_RED;x#cautz;x#cautz;23;BOTH;MALE;NEUTRAL;;;None;None;;HELMNOAN;;;X#DRGRNG;;X#DRGRD1;;;;0;bg1npc;Cautz'qu'ati'kan
X#CHOP;GIANTHUMANOID;OGRE;OGRE;HALF_OGRE;x#chop;x#chop;4;FEMALE;MALE;NEUTRAL;;;;None;dw1melge;HELMNOAN;;;;;B1-2;;;;400;bg1npc;Chop The Lady Ogre
X#CORAFI;HUMANOID;ELF;FIGHTER_THIEF;FIGHTER_MALE_ELF;x#corafi;x#corafi;5;MALE;MALE;NEUTRAL;;None;None;;dw1ranth;;;;;;BOW08;;;;1;bg1npc;Coran, The Peerless Archer
X#CRU11;GIANTHUMANOID;OGRE;OGRE;HALF_OGRE;x#cru11;x#cru11;4;FEMALE;MALE;NEUTRAL;;;;None;dw1melge;HELMNOAN;;;;;B1-2;;;;400;bg1npc;Cru The Lady Ogre
X#CUTSPY;HUMANOID;NO_RACE;NO_CLASS;BIRD;x#cutspy;None;1;NIETHER;MALE;NEUTRAL;None;None;None;None;None;;;MAGE01;;MINHP1;;;;;1;bg1npc;
X#CUTVA1;UNDEAD;VAMPIRE;VAMPIRE;THIEF_MALE_HUMAN;x#cutva1;x#ulvar;8;MALE;MALE;NEUTRAL;;None;None;;dw1melge;;;VAMPREG;;;VAMP;;;;8500;bg1npc;Rogue
X#CUTVA2;UNDEAD;VAMPIRE;VAMPIRE;THIEF_MALE_HUMAN;x#cutva2;x#ulvar;8;MALE;MALE;NEUTRAL;;None;None;;dw1melge;;;VAMPREG;;;VAMP;;;;8500;bg1npc;Rogue
X#CUTVA3;UNDEAD;VAMPIRE;VAMPIRE;THIEF_MALE_HUMAN;x#cutva3;x#ulvar;8;MALE;MALE;NEUTRAL;;None;None;;dw1melge;;;VAMPREG;;;VAMP;;;;8500;bg1npc;Rogue
X#CUTVA4;UNDEAD;VAMPIRE;VAMPIRE;THIEF_MALE_HUMAN;x#cutva4;x#ulvar;8;MALE;MALE;NEUTRAL;;None;None;;dw1melge;;;VAMPREG;;;VAMP;;;;8500;bg1npc;Rogue
X#DAVID;HUMANOID;GNOME;MAGE_THIEF;THIEF_MALE_GNOME;x#david;X#DAVI;9;MALE;MALE;NEUTRAL;x#david;x#davidx;;;dw1ranth;;;;;;;DAGG01;XBOW04;;0;bg1npc;David Jansen
X#DFAKE1;HUMANOID;HUMAN;MAGE;MAGE_FEMALE_HUMAN;dynacutscene;X#DYNA;4;FEMALE;FEMALE;NEUTRAL;RR#PICKP;None;None;WTRUNSGT;DPLAYER;;;;;;;;;;1;bg1npc;Dynaheir
X#DGNLE1;HUMANOID;GNOLL;GNOLL;GNOLL;x#dgnle1;X#DGNLE;2;MALE;MALE;NEUTRAL;GNOLLF;None;;None;dw1melge;;;;;;HALB01;;;;100;bg1npc;Gnoll
X#DGNLE2;HUMANOID;GNOLL;GNOLL;GNOLL;x#dgnle2;;2;MALE;MALE;NEUTRAL;GNOLLF;None;;None;dw1melge;;;;;;HALB01;;;;100;bg1npc;Gnoll
X#DGNLE3;HUMANOID;GNOLL;GNOLL;GNOLL;x#dgnle3;;2;MALE;MALE;NEUTRAL;GNOLLF;None;;None;dw1melge;;;;;;HALB01;;;;100;bg1npc;Gnoll
X#DGNLE4;HUMANOID;GNOLL;GNOLL;GNOLL;x#dgnle4;;2;MALE;MALE;NEUTRAL;GNOLLF;None;;None;dw1melge;;;;;;HALB01;;;;100;bg1npc;Gnoll
X#DGNLG1;HUMANOID;GNOLL;GNOLL;GNOLL;x#dgnlg1;X#DGNLG;2;MALE;MALE;NEUTRAL;GNOLLF;None;;None;dw1melge;;;;;;HALB01;;;;100;bg1npc;Gnoll
X#DGNLG2;HUMANOID;GNOLL;GNOLL;GNOLL;x#dgnlg2;;2;MALE;MALE;NEUTRAL;GNOLLF;None;;None;dw1melge;;;;;;HALB01;;;;100;bg1npc;Gnoll
X#DGNLG3;HUMANOID;GNOLL;GNOLL;GNOLL;x#dgnlg3;;2;MALE;MALE;NEUTRAL;GNOLLF;None;;None;dw1melge;;;;;;HALB01;;;;100;bg1npc;Gnoll
X#DGNLG4;HUMANOID;GNOLL;GNOLL;GNOLL;x#dgnlg4;;2;MALE;MALE;NEUTRAL;GNOLLF;None;;None;dw1melge;;;;;;HALB01;;;;100;bg1npc;Gnoll
X#DIALA;HUMANOID;ELF;CLERIC_MAGE;MAGE_FEMALE_ELF;x#diala;x#diala;6;FEMALE;FEMALE;NEUTRAL;RR#PICKP;;None;wtrunsgt;;;;;;;;;;;0;bg1npc;Diala
X#DORA;HUMANOID;HUMAN;INNOCENT;NOBLE_WOMAN;x#dora;x#dora;1;FEMALE;FEMALE;NEUTRAL;x#dora;RUNENEMY;None;None;WDRUNSGT;;;;;;;;;;15;bg1npc;Dora
X#DRAG2;MONSTER;DRAGON;RED_DRAGON;DRAGON_RED;x#drag2;x#drag2;23;BOTH;MALE;NEUTRAL;;;None;None;;HELMNOAN;;;X#DRGRNG;;X#DRGRD1;;;;0;bg1npc;Cautz'qu'ati'kan's hubby
X#DRIZZT;HUMANOID;ELF;INNOCENT;DRIZZT;x#drizzt;x#drizzt;16;MALE;MALE;NEUTRAL;RR#PICKP;DRIZZT;None;;dw1melge;HELMNOAN;SW1H15;;;;SW1H16;;;;12000;bg1npc;Drizzt
X#DYQIMP;HUMANOID;IMP;IMP;IMP;ichthraa;None;3;NIETHER;MALE;ENEMY;none;None;None;None;X#IMPSPL;;;REGHP1;;;IMP;;;;2000;bg1npc;Ichthraa
X#ELHAN;HUMANOID;ELF;FIGHTER;FIGHTER_MALE_ELF;x#elhan;x#elhan;20;MALE;MALE;NEUTRAL;x#elhan;;None;None;dw1melge;;SW1H22;MINHP1;;;SW1H22;;;;6000;bg1npc;Elhan
X#ELLES;HUMANOID;ELF;NO_CLASS;ELLESIME;x#elles;x#elles;1;FEMALE;FEMALE;NEUTRAL;x#elles;None;None;None;None;;;;;MINHP1;;;;;15;bg1npc;Queen Ellesime
X#GAEL;HUMANOID;HUMAN;FIGHTER;FIGHTER_MALE_HUMAN;x#gael;x#gael;5;MALE;MALE;NEUTRAL;RR#PICKP;;None;x#xqmerx;;;;;;;DART03;;;;100;bg1npc;Gael
X#GARAR;HUMANOID;HUMAN;INNOCENT;MONK;archibald;X#GARAR;1;MALE;MALE;NEUTRAL;x#garar;INITMAIN;RUNENEMY;;WTRUNSGT;;;;;;STAF01;;;;15;bg1npc;Archibald
X#GARWYL;UNDEAD;SPECTRE;BARD;CLERIC_MALE_ELF;MYRCUTIO;X#GARWYL;10;MALE;MALE;NEUTRAL;X#GARWYL;;;;;X#BLITM;SW1H07;RING95;;;SW1H08;DAGG05;;;3000;bg1npc;Myr'Cutio
X#GARZ01;UNDEAD;ZOMBIE;ZOMBIE_NORMAL;ZOMBIE;x#garz01;x#garz01;2;NIETHER;MALE;NEUTRAL;None;None;None;None;dw1melmo;;;RING94;;;B1-8;;;;65;bg1npc;Zombie
X#GARZ02;UNDEAD;ZOMBIE;ZOMBIE_NORMAL;ZOMBIE;x#garz02;x#garz02;2;NIETHER;MALE;NEUTRAL;None;None;None;None;dw1melmo;;;RING94;;;B1-8;;;;65;bg1npc;Zombie
X#GARZ03;UNDEAD;ZOMBIE;ZOMBIE_NORMAL;ZOMBIE;x#garz03;x#garz03;2;NIETHER;MALE;NEUTRAL;None;None;None;None;dw1melmo;;;RING94;;;B1-8;;;;65;bg1npc;Zombie
X#GARZ04;UNDEAD;ZOMBIE;ZOMBIE_NORMAL;ZOMBIE;x#garz04;x#garz04;2;NIETHER;MALE;NEUTRAL;None;None;None;None;dw1melmo;;;RING94;;;B1-8;;;;65;bg1npc;Zombie
X#GORLET;HUMANOID;NO_RACE;NO_CLASS;BIRD;x#gorlet;x#gorlet;1;NIETHER;MALE;NEUTRAL;x#gorlet;None;None;None;None;;;;MAGE01;IMOENHP1;;;;;0;bg1npc;Gorion's Letter
X#JELLY;MONSTER;NO_RACE;MAGE;SLIME_OLIVE;xzjelly;;2;NIETHER;FEMALE;EVILBUTBLUE;X#XZJELL;None;None;None;dw1melmo;;;RING95;;;JELLGR1;;;;66;bg1npc;Green Slime
X#JONI;HUMANOID;HUMAN;MAGE;JON_IRENICUS;x#joni;x#joni;30;MALE;MALE;NEUTRAL;RR#PICKP;None;None;None;None;;;;;;;;;;26000;bg1npc;Stranger
X#JOPHA;HUMANOID;HUMAN;INNOCENT;PEASANT_MAN;x#jopha;x#jopha;0;MALE;MALE;NEUTRAL;x#jopha;dw#innhl;RUNENEMY;None;WTRUNSGT;;;;;;;;;;7;bg1npc;Jopha
X#KABAND;HUMANOID;HUMAN;FIGHTER;FIGHTER_FEMALE_HUMAN;x#kaband;x#kaband;4;FEMALE;FEMALE;NEUTRAL;x#kaband;;;;dw1range;;;;;;SW1H04;BOW05;;;240;bg1npc;Caravan Bandit Leader
X#KARRIS;HUMANOID;HUMAN;THIEF;THIEF_MALE_HUMAN;x#karris;x#karris;10;MALE;MALE;NEUTRAL;x#karris;thief4;None;None;;;;;;;SW1H05;;;;1000;bg1npc;Karris
X#KETH;HUMANOID;ELF;FIGHTER;FIGHTER_MALE_ELF;x#keth;x#keth;9;MALE;MALE;GOODBUTBLUE;x#keth;x#gpsht;None;None;dw1melge;;;;;;;;;;4000;bg1npc;Keth'sim Dwin'anea
X#LAKEP1;HUMANOID;HUMAN;INNOCENT;VOLO;x#lakep1;x#lakep1;5;MALE;MALE;NEUTRAL;X#LP1R;;;runenemy;wtrunsgt;;;;;;DAGG01;;;;650;bg1npc;Lake Poet Sam
X#LAKEP2;HUMANOID;HUMAN;INNOCENT;VOLO;x#lakep2;x#lakep2;5;MALE;MALE;NEUTRAL;X#LP2R;;;runenemy;wtrunsgt;;;;;;DAGG01;;;;650;bg1npc;Lake Poet Rob
X#LAKEP3;HUMANOID;HUMAN;INNOCENT;VOLO;x#lakep3;x#lakep3;5;MALE;MALE;NEUTRAL;X#LP3R;;;runenemy;wtrunsgt;;;;;;DAGG01;;;;650;bg1npc;Lake Poet Willy
X#LASSA;UNDEAD;VAMPIRE;VAMPIRE;VAMPIRE;x#lassa;x#lassa;8;MALE;MALE;NEUTRAL;;None;None;None;dw1melge;;;VAMPREG;;MINHP1;VAMP;;;;11500;bg1npc;Lassal
X#LP1REP;HUMANOID;HUMAN;INNOCENT;VOLO;x#lp1rep;x#lp1rep;5;MALE;MALE;NEUTRAL;X#LP1R;;;runenemy;wtrunsgt;;;;;;DAGG01;;;;650;bg1npc;Lake Poet Sam
X#LP2REP;HUMANOID;HUMAN;INNOCENT;VOLO;x#lp2rep;x#lp2rep;5;MALE;MALE;NEUTRAL;X#LP2R;;;runenemy;wtrunsgt;;;;;;DAGG01;;;;650;bg1npc;Lake Poet Rob
X#LP3REP;HUMANOID;HUMAN;INNOCENT;VOLO;x#lp3rep;x#lp3rep;5;MALE;MALE;NEUTRAL;X#LP3R;;;runenemy;wtrunsgt;;;;;;DAGG01;;;;650;bg1npc;Lake Poet Willy
X#MADR;HUMANOID;HUMAN;INNOCENT;HARLOT_WOMAN;x#madr;x#madr;1;FEMALE;FEMALE;NEUTRAL;RR#PICKP;;None;None;;;;;;;;;;;16;bg1npc;Madrina
X#MARETH;HUMANOID;HUMAN;DRUID;CLERIC_FEMALE_HUMAN;MARETHA;X#MARETH;4;FEMALE;FEMALE;NEUTRAL;X#MARETH;;;;dw#pr74;;;;;;STAF01;DART01;;;270;bg1npc;Maretha
X#MASTE;HUMANOID;HUMAN;INNOCENT;VOLO;x#maste;x#maste;5;MALE;MALE;NEUTRAL;x#maste;SHOUT;RUNENEMY;None;INITDLG;;;IMOENHP1;;;DAGG04;;;;650;bg1npc;Master O'Challenges
X#MAZURI;HUMANOID;HUMAN;FIGHTER;FIGHTER_MALE_HUMAN;x#mazuri;x#mazuri;5;MALE;MALE;NEUTRAL;RR#PICKP;;None;x#xqmerx;;;;;;;DART04;;;;100;bg1npc;Mazuri
X#MEPHT1;HUMANOID;MEPHIT;MEPHIT;IMP;None;;3;NIETHER;MALE;ENEMY;GENSHT01;None;None;None;x#mepsmo;;;REGHP1;;IMMCLOUD;S1-2;;;;420;bg1npc;Smoke Mephit
X#MEPHT2;HUMANOID;MEPHIT;MEPHIT;IMP;None;;3;NIETHER;MALE;ENEMY;GENSHT01;None;None;None;x#mepsmo;;;REGHP1;;IMMCLOUD;S1-2;;;;420;bg1npc;Smoke Mephit
X#MEPHT3;HUMANOID;MEPHIT;MEPHIT;IMP;None;;3;NIETHER;MALE;ENEMY;GENSHT01;None;None;None;x#mepsmo;;;REGHP1;;IMMCLOUD;S1-2;;;;420;bg1npc;Smoke Mephit
X#MEPHT4;HUMANOID;MEPHIT;MEPHIT;IMP;None;;3;NIETHER;MALE;ENEMY;GENSHT01;None;None;None;x#mepsmo;;;REGHP1;;IMMCLOUD;S1-2;;;;420;bg1npc;Smoke Mephit
X#MEPHT5;HUMANOID;MEPHIT;MEPHIT;IMP;None;;3;NIETHER;MALE;ENEMY;GENSHT01;None;None;None;x#mepsmo;;;REGHP1;;IMMCLOUD;S1-2;;;;420;bg1npc;Smoke Mephit
X#MINUW;HUMANOID;ELF;CLERIC_MAGE;MAGE_FEMALE_ELF;x#minuw;x#minuw;6;FEMALE;FEMALE;NEUTRAL;RR#PICKP;;None;wtrunsgt;;;;;;;;;;;0;bg1npc;Minuwiel
X#NAMARA;HUMANOID;HUMAN;INNOCENT;GIRL;x#namara;girba2;1;FEMALE;FEMALE;NEUTRAL;dw#innhl;None;None;None;wdrunsgt;;;;;;;;;;7;bg1npc;Namara
X#NATAN;HUMANOID;HUMAN;THIEF;THIEF_MALE_HUMAN;natan;x#natan;7;MALE;MALE;NEUTRAL;x#natan;INITDLG;thief4;None;dw1ranth;;;;;;DAGG03;BOW08;;;651;bg1npc;Natan
X#NELL;HUMANOID;HUMAN;INNOCENT;HARLOT_WOMAN;x#nell;x#nell;1;FEMALE;FEMALE;NEUTRAL;RR#PICKP;;None;None;;;;;;;;;;;16;bg1npc;Madam Nell
X#RASHEL;HUMANOID;HUMAN;CLERIC;SIRINE;x#rashel;x#rashel;6;FEMALE;FEMALE;NEUTRAL;x#rashel;None;None;None;dw1melge;HELMNOAN;;;;;STAF01;;;;1060;bg1npc;Rashel
X#SAHA01;MONSTER;SAHUAGIN;SAHUAGIN;SAHUAGIN;x#saha01;x#saha01;16;MALE;MALE;ENEMY;;None;None;GENSHT01;dw1ranmo;;;;;;SPER01;XBOW04;;;420;bg1npc;Sahuagin Chieftain
X#SAHA02;HUMANOID;SAHUAGIN;SAHUAGIN;SAHUAGIN;x#saha02;x#saha02;2;MALE;MALE;ENEMY;;None;None;GENSHT01;dw1range;;;;;;SPER01;XBOW01;;;175;bg1npc;Sahuagin
X#SEASN;HUMANOID;ELF;FIGHTER;FIGHTER_FEMALE_ELF_LOW;seasnake;X#IHTIA;9;FEMALE;FEMALE;GOODBUTBLUE;X#IHTIA;x#gpsht;None;None;dw1melge;;;;;;SW2H01;;;;4000;bg1npc;Jozzi Seasnake
X#SETTA;HUMANOID;HUMAN;INNOCENT;FAT_WOMAN;x#setta;x#setta;1;MALE;FEMALE;NEUTRAL;dw#innhl;MERCH2;RUNENEMY;None;WTRUNSGT;;;;;;;;;;16;bg1npc;Setta
X#SHDR6;HUMANOID;HUMAN;DRUID;CLERIC_MALE_HUMAN;jadruid6;;6;MALE;MALE;NEUTRAL;x#gpsht;;;;dw#pr75;;;;;;DAGG05;SPER01;;;975;bg1npc;Druid
X#SHDR6A;HUMANOID;HUMAN;DRUID;CLERIC_MALE_HUMAN;jadruid6a;;6;MALE;MALE;NEUTRAL;x#gpsht;;;;dw#pr76;;;;;;DAGG05;SPER01;;;975;bg1npc;Druid
X#SHDR6B;HUMANOID;HUMAN;DRUID;CLERIC_MALE_HUMAN;jadruid6b;;6;MALE;MALE;NEUTRAL;x#gpsht;;;;dw#pr77;;;;;;DAGG05;SPER01;;;975;bg1npc;Druid
X#SHDR8A;HUMANOID;HUMAN;DRUID;CLERIC_MALE_HUMAN;jadruid8a;X#SHDRG;10;MALE;MALE;NEUTRAL;x#gpsht;;;;dw#pr78;;;;;;DAGG05;DW#SHNSA;DW#SHNSP;;2000;bg1npc;Druid
X#SHDR8B;HUMANOID;HUMAN;DRUID;CLERIC_MALE_HUMAN;jadruid8b;;10;MALE;MALE;NEUTRAL;x#gpsht;;;;dw#pr79;;;;;;DART02;DW#SHNSA;DW#SHNSP;;2000;bg1npc;Druid
X#SIENE;HUMANOID;ELF;CLERIC_MAGE;MAGE_FEMALE_ELF;x#siene;x#siene;6;FEMALE;FEMALE;NEUTRAL;RR#PICKP;;None;wtrunsgt;;;;;;;;;;;0;bg1npc;Siene
X#SKODD;HUMANOID;HUMAN;FIGHTER;FIGHTER_MALE_HUMAN;x#skodd;x#skodd;5;MALE;MALE;NEUTRAL;x#skodd;;None;x#xqmerx;;;;;;;DART03;;;;100;bg1npc;Skodd
X#SLIME;MONSTER;NO_RACE;MAGE;SLIME_OLIVE;xzslime;;2;NIETHER;FEMALE;EVILBUTBLUE;X#XZSLIM;None;None;None;dw1melmo;;;RING95;;;JELLGR1;;;;66;bg1npc;Green Slime
X#STORM;HUMANOID;HUMAN;DRUID;CLERIC_MALE_HUMAN;storm;x#storm;8;MALE;MALE;NEUTRAL;x#storm;x#druid8;None;x#drdsht;dw1melge;;;;;;STAF01;;;;2000;bg1npc;Storm
X#SVEET;HUMANOID;HUMAN;INNOCENT;HARLOT_WOMAN;x#sveet;x#sveet;0;FEMALE;FEMALE;NEUTRAL;RR#PICKP;;None;None;;;;;;;;;;;16;bg1npc;Sveetla
X#TANARI;GIANTHUMANOID;DEMONIC;TANARI;DEATH_KNIGHT;aravaata;x#tanari;9;NIETHER;MALE;NEUTRAL;X#DYTANR;None;None;None;dw1melge;;;SEEINVIS;;;SW1H02;;;;6000;bg1npc;Aravaata
X#TANOV;UNDEAD;VAMPIRE;VAMPIRE;VAMPIRE_FEMALE;x#tanov;x#tanov;13;FEMALE;FEMALE;NEUTRAL;;;None;;dw1melge;;;VAMPREG2;IMMUNE3;;VAMP2;;;;10500;bg1npc;Tanova
X#TQBH1;HUMANOID;HUMAN;FIGHTER;FIGHTER_MALE_HUMAN;x#tqbh1;x#tqbh;5;MALE;MALE;NEUTRAL;x#tqbh;x#fight2;None;None;;;AX1H01;;;;AX1H01;;;;240;bg1npc;Alvo
X#TQBH2;HUMANOID;HUMAN;FIGHTER;FIGHTER_FEMALE_HUMAN;x#tqbh2;x#tqbh;5;FEMALE;FEMALE;NEUTRAL;x#tqbh;x#fight2;None;None;;;SW1H43;;;;SW1H43;;;;240;bg1npc;Leti
X#TQBH3;HUMANOID;HUMAN;FIGHTER;FIGHTER_MALE_HUMAN;x#tqbh3;x#tqbh;5;MALE;MALE;NEUTRAL;x#tqbh;x#fight2;None;None;;;SW1H01;;;;SW1H01;;;;240;bg1npc;Zed
X#TQBH4;HUMANOID;HALFORC;FIGHTER;FIGHTER_FEMALE_HALFORC;x#tqbh4;x#tqbh;5;FEMALE;FEMALE;NEUTRAL;x#tqbh;x#fight2;None;None;;;HAMM01;;;;AX1H01;;;;240;bg1npc;Mati
X#ULVAR;UNDEAD;VAMPIRE;VAMPIRE;THIEF_MALE_HUMAN;x#ulvar;x#ulvar;8;MALE;MALE;NEUTRAL;;None;None;;dw1melge;;;VAMPREG;;;VAMP;;;;8500;bg1npc;Ulvar
X#VALEN;UNDEAD;VAMPIRE;VAMPIRE;VAMPIRE_FEMALE;x#valen;x#valen;8;FEMALE;FEMALE;NEUTRAL;;;None;None;dw1melge;;;VAMPREG;;;VAMP1;;;;8500;bg1npc;Valen
X#WDOE;ANIMAL;NO_RACE;FOOD_CREATURE;DEER;x#wdoe;x#wdoe;1;MALE;MALE;NEUTRAL;;None;;None;;;;;;;;;;;1;bg1npc;White Doe
X#WINSKI;HUMANOID;HUMAN;MAGE;MAGE_MALE_HUMAN;X#WINSKI;X#WINSKI;6;MALE;MALE;NEUTRAL;X#DYQWIN;None;None;None;X#DYQWIN;;;RING08;;;STAF01;;;;2000;bg1npc;Winski Perorate
X#XQMER1;HUMANOID;HUMAN;FIGHTER;FIGHTER_MALE_HUMAN;x#xqmer1;x#xqmer1;5;MALE;MALE;NEUTRAL;RR#PICKP;;None;x#xqmerx;;;;;;;BOW01;;;;280;bg1npc;Mercenary
X#XQMER2;HUMANOID;HUMAN;FIGHTER;FIGHTER_MALE_HUMAN;x#xqmer2;x#xqmer2;5;MALE;MALE;NEUTRAL;RR#PICKP;;None;x#xqmerx;;;;;;;BOW01;;;;280;bg1npc;Mercenary
X#XQMER3;HUMANOID;HUMAN;FIGHTER;FIGHTER_MALE_HUMAN;x#xqmer3;x#xqmer3;5;MALE;MALE;NEUTRAL;RR#PICKP;;None;x#xqmerx;;;;;;;BOW01;;;;280;bg1npc;Mercenary
X#XQMER4;HUMANOID;HUMAN;FIGHTER;FIGHTER_MALE_HUMAN;x#xqmer4;x#xqmer4;5;MALE;MALE;NEUTRAL;RR#PICKP;;None;x#xqmerx;;;;;;;BOW01;;;;280;bg1npc;Mercenary
X#XQMER5;HUMANOID;HUMAN;FIGHTER;FIGHTER_MALE_HUMAN;x#xqmer5;x#xqmer5;5;MALE;MALE;NEUTRAL;RR#PICKP;;None;x#xqmerx;;;;;;;BOW01;;;;280;bg1npc;Mercenary
X#XQMER6;HUMANOID;HUMAN;FIGHTER;FIGHTER_MALE_HUMAN;x#xqmer6;x#xqmer6;5;MALE;MALE;NEUTRAL;RR#PICKP;;None;x#xqmerx;;;;;;;BOW01;;;;280;bg1npc;Mercenary
X#XVART1;HUMANOID;KOBOLD;KOBOLD_XVART;KOBOLD_XVART;x#xvart1;;1;MALE;MALE;NEUTRAL;;None;xvart;None;dw1melge;;;;;;SW1H07;;;;36;bg1npc;Xvart
X#XVART2;HUMANOID;KOBOLD;KOBOLD_XVART;KOBOLD_XVART;x#xvart2;;1;MALE;MALE;NEUTRAL;;None;xvart;None;dw1melge;;;;;;SW1H07;;;;36;bg1npc;Xvart
X#XZFSP1;HUMANOID;HUMAN;MAGE;MONK;xzfspirit1;X#XZFSP1;14;FEMALE;FEMALE;NEUTRAL;INITDLG;x#shoutp;None;None;None;;;GHOST;;;;;;;1000;bg1npc;Forest Spirit
X#XZFSP2;HUMANOID;ELF;INNOCENT;SHAMBLING_MOUND;xzfspirit2;x#xzfsp2;1;MALE;MALE;NEUTRAL;RR#PICKP;None;None;None;WTRUNSGT;;;IMMUNE3;MINHP1;;;;;;15000;bg1npc;Forest Spirit
X#XZFSP3;HUMANOID;ELF;INNOCENT;SHAMBLING_MOUND;xzfspirit3;x#xzfsp3;1;MALE;MALE;NEUTRAL;RR#PICKP;None;None;None;WTRUNSGT;;;IMMUNE3;MINHP1;;;;;;15000;bg1npc;Forest Spirit
X#XZGU01;HUMANOID;HUMAN;FLAMING_FIST;CLERIC_FEMALE_HUMAN;x#xzgu01;x#xzgu01;1;FEMALE;FEMALE;NEUTRAL;RR#PICKP;INITMAIN;SEEENEMY;None;dw1melge;;SHLD01;;;;SW1H04;;;;15;bg1npc;Flaming Fist Officer
X#XZGU02;HUMANOID;HUMAN;FLAMING_FIST;CLERIC_MALE_HUMAN;x#xzgu02;None;2;MALE;MALE;ENEMY;SHOUT;None;SEEENEMY;None;dw1melge;HELM09;SHLD01;;;;SW1H04;;;;15;bg1npc;Flaming Fist Enforcer
X#XZGU03;HUMANOID;HUMAN;FLAMING_FIST;CLERIC_MALE_HUMAN;x#xzgu03;None;7;MALE;MALE;ENEMY;;SHOUT;FLAMPUN;FLAMSPEL;dw1melge;;;;;;;;;;300;bg1npc;Flaming Fist Battle Wizard
X#ZIZI1;HUMANOID;HUMAN;INNOCENT;HARLOT_WOMAN;x#zizi1;ZIZIZI1;1;FEMALE;FEMALE;NEUTRAL;x#zizi1;;None;None;;;;;;;;;;;2000;bg1npc;Zizi the Lovebundle
X#ZIZI2;HUMANOID;HUMAN;INNOCENT;HARLOT_WOMAN;x#zizi2;ZIZIZI2;1;FEMALE;FEMALE;NEUTRAL;x#zizi2;;None;None;;;;;;;;;;;2000;bg1npc;Zizi the Lovebundle
X#ZIZI3;HUMANOID;HUMAN;INNOCENT;HARLOT_WOMAN;x#zizi3;ZIZIZI3;1;FEMALE;FEMALE;NEUTRAL;x#zizi3;;None;None;;;;;;;;;;;2000;bg1npc;Zizi the Lovebundle
X#ZIZI4;HUMANOID;HUMAN;INNOCENT;HARLOT_WOMAN;x#zizi4;ZIZIZI4;1;FEMALE;FEMALE;NEUTRAL;x#zizi4;;None;None;;;;;;;;;;;2000;bg1npc;Zizi the Lovebundle
X#ZOSYA;HUMANOID;HUMAN;DRUID;CLERIC_FEMALE_ELF;zosya;x#zosya;12;FEMALE;FEMALE;NEUTRAL;x#zosya;x#drui12;;x#drdsht;dw1melge;;;;;;STAF01;;;;2000;bg1npc;Zosya
C#AJSOD6;HUMANOID;HUMAN;PALADIN;FIGHTER_MALE_HUMAN;AJANTIS;C#AjSoDG;6;MALE;MALE;NEUTRAL;BDAJANTI;BDAJANTC;None;None;DPLAYER;HELM11;X#AJSHLD;;;;SW1H02;;;;0;AJANTISBG1;Ajantis
C#AJSQ01;HUMANOID;HUMAN;FIGHTER;FIGHTER_MALE_HUMAN;c#ajsq01;c#ajsq01;7;MALE;MALE;NEUTRAL;RR#PICKP;BDASC2;BDSHOUT;BDFIGH01;BDSHOUT;HELM13;;;;;HALB01;;;;650;AJANTISBG1;Rickon
C#AJSQ02;HUMANOID;HUMAN;FIGHTER;FIGHTER_FEMALE_HUMAN;c#ajsq02;c#ajsq02;7;FEMALE;MALE;NEUTRAL;RR#PICKP;BDASC2;BDSHOUT;BDFIGH01;BDSHOUT;HELM13;;;;;HALB01;;;;650;AJANTISBG1;Haiva
RH#ISMES;HUMANOID;HUMAN;INNOCENT;PEASANT_MAN;rh#ismes;rh#ismes;1;MALE;MALE;NEUTRAL;rh#ismes;RUNENEMY;None;WDRUNSGT;None;;;;;;;;;;15;isra;Messenger
RH#ISRA;HUMANOID;HUMAN;PALADIN;FIGHTER_FEMALE_HUMAN;rh#isra;rh#isra;2;FEMALE;FEMALE;NEUTRAL;rh#isra;None;None;None;RH#ISRA;;;;;;SW2H01;;;;0;isra;Isra
J#INDI01;HUMANOID;HALF_ELF;FIGHTER_MAGE;FIGHTER_FEMALE_ELF;J#Indi;J#INDI;1;FEMALE;FEMALE;NEUTRAL;j#indi;INITDLG;None;None;WTARSGT;;;;;;MISC56;BOW05;;;0;indinpc;Indira
J#INDI03;HUMANOID;HALF_ELF;FIGHTER_MAGE;FIGHTER_FEMALE_ELF;J#Indi;J#INDI;3;FEMALE;FEMALE;NEUTRAL;j#indi;INITDLG;None;None;WTARSGT;;;;;;MISC56;BOW05;;;0;indinpc;Indira
J#INDI04;HUMANOID;HALF_ELF;FIGHTER_MAGE;FIGHTER_FEMALE_ELF;J#Indi;J#INDI;3;FEMALE;FEMALE;NEUTRAL;j#indi;INITDLG;None;None;WTARSGT;;;;;;MISC56;BOW05;;;0;indinpc;Indira
GV#ALAN;HUMANOID;HUMAN;CLERIC;CLERIC_MALE_HUMAN;GV#ALAN;GV#ALAN;4;MALE;MALE;NEUTRAL;GV#ALAN;bdcler01;NONE;shout;dw#pr26;;;;;;SLNG01;BLUN04;;;0;GLAMNPCPACK;Alan
GV#BRIA;HUMANOID;HUMAN;FIGHTER_CLERIC;FIGHTER_MALE_HUMAN;GV#BRIA;GV#BRIA;2;MALE;MALE;NEUTRAL;RR#PICKP;bdfigh01;NONE;shout;dw#pr27;HELM01;SHLD01;;;;HAMM01;;;;0;GLAMNPCPACK;Brian
GV#COMM1;HUMANOID;HUMAN;INNOCENT;PEASANT_WOMAN;GV#COMM1;GV#COMM1;1;FEMALE;FEMALE;NEUTRAL;RR#PICKP;RUNENEMY;None;None;WDRUNSGT;;;RING11;RING01;;;;;;15;GLAMNPCPACK;Commoner
GV#COMM2;HUMANOID;HUMAN;INNOCENT;PEASANT_MAN;GV#COMM2;GV#COMM2;1;MALE;MALE;NEUTRAL;RR#PICKP;RUNENEMY;None;WDRUNSGT;None;;;;;;;;;;15;GLAMNPCPACK;Commoner
GV#COMM3;HUMANOID;HUMAN;INNOCENT;PEASANT_MAN;GV#COMM3;GV#COMM3;1;MALE;MALE;NEUTRAL;RR#PICKP;RUNENEMY;None;WDRUNSGT;None;;;;;;;;;;15;GLAMNPCPACK;Commoner
GV#CORPS;DEAD;HUMAN;MAGE;FIGHTER_MALE_HUMAN;GV#CORPS;NONE;1;MALE;MALE;127;NONE;NONE;NONE;NONE;NONE;HELM01;SHLD01;;;;DAGG01;;;;0;GLAMNPCPACK;Corpse
GV#DAVE;HUMANOID;HUMAN;CLERIC;CLERIC_MALE_HUMAN;GV#DAVE;GV#DAVE;1;MALE;MALE;NEUTRAL;GV#DAVE;;NONE;NONE;;HELM01;;;;;BLUN06;SLNG01;;;0;GLAMNPCPACK;Dave
GV#FLAR;HUMANOID;HUMAN;SORCERER;MAGE_FEMALE_HUMAN;GV#FLAR;GV#FLAR;1;FEMALE;FEMALE;NEUTRAL;GV#FLAR;NONE;NONE;NONE;;;;;;;DAGG01;;;;0;GLAMNPCPACK;Flara
GV#JEFF;HUMANOID;HUMAN;CLERIC_MAGE;MAGE_MALE_HUMAN;GV#JEFF;GV#JEFF;10;MALE;MALE;NEUTRAL;GV#JEFF;bdfigh01;NONE;mage11;shout;;;;;;STAF02;;;;1500;GLAMNPCPACK;Stormlord Jeff
GV#KELL;HUMANOID;HUMAN;CLERIC;CLERIC_FEMALE_HUMAN;GV#KELL;GV#KELL;1;FEMALE;FEMALE;NEUTRAL;RR#PICKP;bdcler01;NONE;shout;dw#pr28;;;;;;BLUN04;;;;100;GLAMNPCPACK;Kelly
GV#KELLA;HUMANOID;HUMAN;CLERIC;PEASANT_WOMAN;GV#KELL;GV#KELL;1;FEMALE;FEMALE;NEUTRAL;RR#PICKP;runenemy;NONE;NONE;shout;;;;;;;;;;0;GLAMNPCPACK;Kelly
GV#KRAK;HUMANOID;HALFORC;FIGHTER;NOBLE_MAN;GV#KRAK;GV#KRAK;8;MALE;MALE;NEUTRAL;GV#KRAK;bdfigh01;;shout;dw1melba;HELM01;;;;;SW2H01;;;;750;GLAMNPCPACK;Lord Burnheart
GV#LITT;HUMANOID;HALFLING;RANGER;FIGHTER_FEMALE_HALFLING;GV#LITT;GV#LITT;1;FEMALE;FEMALE;NEUTRAL;GV#LITT;;NONE;NONE;;;;;;;GV#XBOW;AX1H01;;;0;GLAMNPCPACK;Littlun
GV#MARI;HUMANOID;HUMAN;CLERIC;NOBLE_WOMAN;GV#MARI;GV#MARI;7;FEMALE;FEMALE;NEUTRAL;GV#MARI;bdcler01;NONE;shout;dw1melge;;;;;;BLUN03;;;;750;GLAMNPCPACK;Lady Burnheart
GV#MERI;HUMANOID;HUMAN;FLAMING_FIST;CLERIC_MALE_HUMAN;GV#MERI;GV#MERI;2;MALE;MALE;NEUTRAL;RR#PICKP;FFHUNT;None;None;dw1melge;HELM09;SHLD01;;;;SW1H04;;;;15;GLAMNPCPACK;Officer Meriwether
GV#MOID;HUMANOID;DWARF;FIGHTER;FIGHTER_FEMALE_DWARF;GV#MOID;GV#MOID;1;FEMALE;FEMALE;NEUTRAL;GV#MOID;None;None;None;;GV#HELM;GV#SHLD;;;;HAMM01;;;;0;GLAMNPCPACK;Moidre
GV#PAM;HUMANOID;HUMAN;FIGHTER;FIGHTER_FEMALE_HUMAN;GV#PAM;GV#PAM;8;FEMALE;FEMALE;NEUTRAL;RR#PICKP;bdfigh01;NONE;shout;dw1melge;HELM08;;;;;GV#SW1H;;;;750;GLAMNPCPACK;Pam
GV#PHIL;HUMANOID;HUMAN;CLERIC;CLERIC_MALE_HUMAN;GV#PHIL;GV#PHIL;5;MALE;MALE;NEUTRAL;GV#PHIL;bdcler01;NONE;shout;dw#pr29;;SHLD03;;;;BLUN04;;;;300;GLAMNPCPACK;Phil
GV#PIER;HUMANOID;HALFLING;FIGHTER;THIEF_MALE_HALFLING;GV#PIER;GV#PIER;8;MALE;MALE;NEUTRAL;GV#PIER;bdfigh01;NONE;shout;dw1range;;;GV#RING;;;GV#XBOW3;;;;750;GLAMNPCPACK;Pierson
GV#SIGU;HUMANOID;HALF_ELF;BARD;THIEF_MALE_ELF;GV#SIGU;GV#SIGU;8;MALE;MALE;NEUTRAL;GV#SIGU;bdbard01;NONE;shout;dw1melge;;AX1H02;;;;AX1H02;;;;750;GLAMNPCPACK;Sigurd
GV#SPID;MONSTER;SPIDER;SPIDER_HUGE;SPIDER_SMALL;BPSPID01;;5;NIETHER;MALE;NEUTRAL;;;;;;;;;;ANTIWEB;SPIDSW1;;;;0;GLAMNPCPACK;Spider
GV#STOR;HUMANOID;HUMAN;FIGHTER;FIGHTER_MALE_HUMAN;GV#STOR;GV#STOR;5;MALE;MALE;NEUTRAL;GV#STOR;bdfigh01;NONE;shout;dw1melge;HELM01;;;;;HALB01;;;;500;GLAMNPCPACK;Storm Knight
GV#TARA;HUMANOID;HALFORC;FIGHTER_CLERIC;FIGHTER_MALE_HALFORC;GV#TARA;GV#TARA;7;MALE;MALE;NEUTRAL;GV#TARA;bdcler01;NONE;shout;dw1melge;HELM10;SHLD05;;;;BLUN06;;;;1000;GLAMNPCPACK;Taranis
GV#THUN;ANIMAL;CAT;MAGE_THIEF;CAT;GV#THUN;GV#THUN;3;NIETHER;MALE;NEUTRAL;;;NONE;shout;dw1melth;;;;FAMMY;IMMCLOUD;S1-3;S1-3;S1-3;S1-3;0;GLAMNPCPACK;Thundercat
GV#THUN2;ANIMAL;CAT;MAGE_THIEF;CAT;GV#THUN2;GV#THUN;3;NIETHER;MALE;NEUTRAL;GV#THUN2;;NONE;;;;;;FAMMY;IMMCLOUD;S1-3;S1-3;S1-3;S1-3;0;GLAMNPCPACK;Thundercat
GV#VYND;HUMANOID;ELF;THIEF;THIEF_MALE_ELF;GV#VYND;GV#VYND;2;MALE;MALE;NEUTRAL;GV#VYND;None;None;None;;;SHLD09;;;;SW1H04;DART01;;;0;GLAMNPCPACK;Vynd
GV#WINK;HUMANOID;GNOME;MAGE_THIEF;PEASANT_MAN;GV#WINK;GV#WINK;7;MALE;MALE;NEUTRAL;GV#WINK;bdmage01;NONE;shout;dw1melth;;;;;;GV#STAF;;;;750;GLAMNPCPACK;Reeves
X32EHK1;HUMANOID;HUMAN;FIGHTER;FIGHTER_MALE_HALFORC;X32EHK1;;7;MALE;MALE;NEUTRAL;X32EHK1;X32EHK1;NONE;X32EHK1;X32EHK1;HELM01;;;;;SPER02;;;;1000;emily;Planar Hunter
X32EHK2;HUMANOID;HUMAN;FIGHTER;FIGHTER_MALE_HUMAN;X32EHK2;;6;MALE;MALE;NEUTRAL;X32EHK2;THIEF4;NONE;;;;;;;;SW1H98;;;;1000;emily;Planar Hunter
X32EHK3S;HUMANOID;HUMAN;MAGE;MAGE_FEMALE_HALFORC;X32EHK3S;X32EHK3S;10;FEMALE;FEMALE;NEUTRAL;X32EHK3S;;;;dw#mg145;;;;;;X3ESWRD;;;;1000;emily;Planar Hunter
X32EHK4;HUMANOID;DWARF;CLERIC;CLERIC_FEMALE_DWARF;X32EHK4;;7;FEMALE;FEMALE;NEUTRAL;X32EHK4;NONE;NONE;NONE;X32EHK4;HELM01;SHLD08;;;;SLNG01;;;;650;emily;Planar Hunter
X32JACOB;HUMANOID;AASIMAR;SORCERER;MAGE_MALE_HUMAN;X32Jacob;X32Jacob;11;MALE;MALE;NEUTRAL;X32Jacob;None;BDSHOUT;BDMAGE01;None;;;;;;;;;;0;emily;Jacob
X32MILY;HUMANOID;AASIMAR;FIGHTER;FIGHTER_FEMALE_ELF;X3mily;X32mily;6;FEMALE;FEMALE;NEUTRAL;X32mily;None;None;None;;X3EHEAD;;;;X3EN;BOW04;XBOW02;;;0;emily;Emily
X3ADV1;HUMANOID;HALFORC;FIGHTER;FIGHTER_FEMALE_HALFORC;X3Adv1;X3Adv;6;FEMALE;FEMALE;NEUTRAL;RR#PICKP;X32EHK1;NONE;X32EHK1;X32EHK1;;;;;;SPER02;;;;600;emily;Adventurer
X3ADV2;HUMANOID;DWARF;FIGHTER;FIGHTER_MALE_DWARF;X3Adv2;X3Adv;6;MALE;MALE;NEUTRAL;RR#PICKP;THIEF4;NONE;;;;;;;;SW1H98;;;;600;emily;Adventurer
X3DAL;HUMANOID;AASIMAR;RANGER;FIGHTER_FEMALE_ELF_LOW;X3dal;X3dal;6;FEMALE;FEMALE;NEUTRAL;X3dal;AGEN;NONE;;;;;;;;BDBOW05;;;;0;emily;Adalgisa
X3EHK1;HUMANOID;HALFORC;FIGHTER;FIGHTER_MALE_HALFORC;X3EHK1;X3EHK1;6;MALE;MALE;NEUTRAL;X3EHK1;X3EHK1;NONE;X3EHK1;dw1melbe;HELM01;;;;;BLUN03;;;;1000;emily;Planar Hunter
X3EHK2;HUMANOID;HUMAN;THIEF;THIEF_MALE_HUMAN;X3EHK2;X3EHK1;6;MALE;MALE;NEUTRAL;X3EHK2;THIEF4;NONE;;;;;;;;SW1H98;;;;1000;emily;Planar Hunter
X3EHK3;HUMANOID;HUMAN;MAGE;MAGE_FEMALE_HUMAN;X3EHK3;X3EHK3;6;FEMALE;FEMALE;NEUTRAL;X3EHK3;;;;dw#mg146;;;;;;STAF02;;;;1000;emily;Planar Hunter
X3H1;HUMANOID;HUMAN;MAGE;MAGE_FEMALE_HALFORC;X3H1;X3H1;10;FEMALE;FEMALE;NEUTRAL;RR#PICKP;;;;dw#mg147;;;;;;X3ESWRD;;;;1000;emily;Planar Hunter
X3H2;HUMANOID;HUMAN;FIGHTER_THIEF;THIEF_FEMALE_HUMAN;X3H2;X3H2;6;FEMALE;FEMALE;NEUTRAL;RR#PICKP;THIEF4;NONE;;;;;;;;SW1H98;;;;600;emily;Planar Hunter
X3HL;HUMANOID;HUMAN;THIEF;THIEF_MALE_HUMAN;X3HL;X3HL;8;MALE;MALE;NEUTRAL;RR#PICKP;None;None;None;dw1melth;;;;;;SW1H09;;;;1400;emily;Planar Hunter Leader
X3MILY;HUMANOID;HALF_ELF;FIGHTER;FIGHTER_FEMALE_ELF;X3mily;X3mily;1;FEMALE;FEMALE;NEUTRAL;X3mily;None;None;None;;X3EHEAD;;;;X3EN;BOW03;XBOW01;;;0;emily;Emily
X3RODWYN;HUMANOID;HUMAN;CLERIC;CLERIC_MALE_HUMAN;X3RODWYN;X3RODWYN;7;MALE;MALE;NEUTRAL;RR#PICKP;NONE;NONE;NONE;X32EHK4;;SHLD08;;;;SLNG01;;;;650;emily;Rodwyn
X32HELGA;HUMANOID;DWARF;CLERIC;CLERIC_FEMALE_DWARF;X3Helga;X32Helga;7;FEMALE;FEMALE;GOODBUTBLUE;X32Helga;BDDCLER;BDSHOUT;BDFCLE01;;;SHLD04;;;;HAMM02;;;;0;helga;1.57
X3HELGA;HUMANOID;DWARF;CLERIC;CLERIC_FEMALE_DWARF;X3Helga;X3Helga;1;FEMALE;FEMALE;NEUTRAL;X3Helga;None;None;None;None;;SHLD13;;;;HAMM01;;;;0;helga;Helga
X3HOGRE;GIANTHUMANOID;OGRE;OGRE;OGRE;X3Hogre;X3Hogre;4;NIETHER;NIETHER;NEUTRAL;;None;;;dw1melge;;;;;;OGRE1;;;;270;helga;Ogre
X3HOGRE2;GIANTHUMANOID;OGRE;OGRE;OGRE;X3Hogre2;X3Hogre2;4;NIETHER;NIETHER;NEUTRAL;X3Hogre2;None;X3HOGRE2;X3HOGRE2;dw1melge;;;;;;OGRE1;;;;270;helga;Ogre
X3HOGREC;GIANTHUMANOID;OGRE;FIGHTER;OGRE;X3HogreC;X3HogreC;7;NIETHER;NIETHER;NEUTRAL;X3HogreC;BDASC;BDSHOUT;BDFIGH42;;;;;;;BLUN06;;;;1400;helga;Ogre Champion
X3HOGRED;GIANTHUMANOID;OGRE;OGRE;OGRE;X3HogreD;;4;NIETHER;NIETHER;NEUTRAL;;None;;;dw1melge;;;;;;OGRE1;;;;270;helga;Ogre
X3HOGREL;GIANTHUMANOID;OGRE;FIGHTER;OGRE;X3HogreL;X3HogreL;7;MALE;MALE;NEUTRAL;X3HogreL;BDENSHTV;;BDFIGH42;X3HogreL;;;;;;BDOGRE06;;;;3000;helga;Ogre King
X32KALE;HUMANOID;HALFLING;FIGHTER;FIGHTER_MALE_HALFLING;X3Kale;X32Kale;8;MALE;MALE;NEUTRAL;X32Kale;None;None;None;X3KALE;;SHLD05;;;;;COMPS01;SLNG02;;0;recorder;Kale
X32KBRO;HUMANOID;HALFLING;INNOCENT;FIGHTER_MALE_HALFLING;X32KBRO;X32KBRO;1;MALE;MALE;NEUTRAL;RR#PICKP;AGEN;NONE;;;;;;;;;;;;0;recorder;Samuel
X32KQST1;HUMANOID;HALFLING;INNOCENT;FIGHTER_FEMALE_HALFLING;X32KQST1;X32KQST1;1;FEMALE;FEMALE;NEUTRAL;X32KQST1;AGEN;NONE;;;;;;;;;;;;0;recorder;Lilah
X32KQST2;HUMANOID;HALFLING;INNOCENT;SLEEPING_MAN_HALFLING;X32KQST2;X32KQST2;1;MALE;MALE;NEUTRAL;RR#PICKP;AGEN;NONE;;;;;;;;;;;;0;recorder;Dead Halfling
X32RB1;HUMANOID;HALFORC;FIGHTER;FIGHTER_MALE_HALFORC;X32RB1;X32RB1;11;MALE;MALE;NEUTRAL;X32RB1;None;None;None;None;HELM01;;RING06;;;SPER05;;;;600;recorder;Bandit
X32RB2;HUMANOID;HUMAN;MAGE;MAGE_FEMALE_HUMAN;X32RB2;X32RB2;11;FEMALE;FEMALE;NEUTRAL;X32RB2;X32RB2;None;None;NONE;;;;;;STAF02;DAGG05;;;600;recorder;Bandit
X32RB3;HUMANOID;HALFORC;FIGHTER;FIGHTER_FEMALE_HALFORC;X32RB3;X32RB3;11;FEMALE;FEMALE;NEUTRAL;X32RB3;None;None;None;None;HELM01;SHLD29;;;;;;;AX1H11;600;recorder;Bandit
X32RB4;HUMANOID;HUMAN;THIEF;THIEF_MALE_HUMAN;X32RB4;X32RB4;11;MALE;MALE;NEUTRAL;X32RB4;None;None;None;None;;DAGG02;;;;;SW1H08;;;600;recorder;Bandit
X32RB5;HUMANOID;DWARF;CLERIC;CLERIC_MALE_DWARF;X32RB5;X32RB5;11;MALE;MALE;NEUTRAL;X32RB5;None;None;None;None;HELM01;SHLD04;;;;;HAMM02;;;600;recorder;Bandit
X32RB6;HUMANOID;HUMAN;FIGHTER;FIGHTER_MALE_HUMAN;X32RB6;X32RB6;7;MALE;MALE;NEUTRAL;X32RB6;None;None;None;None;HELM01;;;;;BOW17;;;;600;recorder;Bandit
X32RCIN;HUMANOID;HUMAN;INNOCENT;PEASANT_WOMAN;X32RCIN;X32RCIN;1;0;FEMALE;NEUTRAL;X32RCIN;None;None;None;None;;;;;;;;;;15;recorder;Cindy
X32REC;HUMANOID;GNOME;BARD;CLERIC_FEMALE_GNOME;X3Rec;X32Rec;7;FEMALE;FEMALE;NEUTRAL;X32Rec;BDDEFAI;None;None;X3REC;;;;;;XBOW05;;;;0;recorder;Recorder
X3BRYCE;HUMANOID;HUMAN;FIGHTER;FIGHTER_MALE_HUMAN;X3Bryce;X3Bryce;7;MALE;MALE;NEUTRAL;X3Bryce;None;None;None;None;;SHLD04;;;;SW1H05;;;;350;recorder;Bryce
X3KALE;HUMANOID;HALFLING;FIGHTER;FIGHTER_MALE_HALFLING;X3Kale;X3Kale;1;MALE;MALE;NEUTRAL;X3Kale;None;None;None;X3KALE;;SHLD05;;;;;SW1H01;SLNG02;;0;recorder;Kale
X3KBRO;HUMANOID;HALFLING;INNOCENT;FIGHTER_MALE_HALFLING;X3KBRO;X3KBRO;1;MALE;MALE;NEUTRAL;RR#PICKP;AGEN;NONE;;;;;;;;;;;;0;recorder;Samuel Longfoot
X3KDEAL;HUMANOID;HUMAN;FIGHTER;FIGHTER_MALE_HALFORC;X3KDEAL;X3KDEAL;6;MALE;MALE;NEUTRAL;X3KDEAL;AGEN;NONE;;AGEN;HELM01;;;;;BLUN03;;;;1000;recorder;Debtor
X3KIRK;HUMANOID;DWARF;THIEF;THIEF_MALE_DWARF;X3KIRK;X3KIRK;7;MALE;MALE;NEUTRAL;X3KIRK;X3KIRK;NONE;;X3KIRK;;;;;;DAGG02;;;;1000;recorder;Kirk
X3KKEEP;HUMANOID;HUMAN;INNOCENT;NOBLE_MAN;X3KKEEP;X3KKEEP;1;MALE;MALE;NEUTRAL;dw#innhl;;;None;;;;;;;;;;;15;recorder;Shopkeep Assistant
X3KMIKE;HUMANOID;HUMAN;THIEF;THIEF_MALE_HUMAN;X3KMike;X3KMike;5;MALE;MALE;NEUTRAL;X3KMike;THIEF4;NONE;;THIEF4;;;;;;DAGG02;;;;500;recorder;Mike
X3KMOM;HUMANOID;HALFLING;INNOCENT;FIGHTER_FEMALE_HALFLING;X3KMOM;X3KMOM;1;FEMALE;FEMALE;NEUTRAL;X3KMOM;AGEN;NONE;;;;;;;;;;;;0;recorder;Betsy Longfoot
X3KTHUG;HUMANOID;HUMAN;THIEF;THIEF_MALE_HUMAN;X3KThug;X3KThug;6;MALE;MALE;NEUTRAL;X3KTHUG;THIEF4;NONE;;THIEF4;;;;;;DAGG02;;;;1000;recorder;Thug
X3KTHUG2;HUMANOID;HALFORC;FIGHTER;FIGHTER_MALE_HALFORC;X3KThug2;X3KThug2;5;MALE;MALE;NEUTRAL;RR#PICKP;;NONE;;;;;;;;TTSWORD3;;;;500;recorder;Thug
X3KTHUG3;HUMANOID;HUMAN;FIGHTER;FIGHTER_MALE_HUMAN;X3KThug3;X3KThug3;5;MALE;MALE;NEUTRAL;RR#PICKP;;NONE;;;;;;;;TTSWORD3;;;;500;recorder;Thug
X3RARN;HUMANOID;HUMAN;INNOCENT;FIGHTER_MALE_HUMAN;X3RARN;X3RARN;1;MALE;MALE;NEUTRAL;RR#PICKP;None;None;None;;;;;;;;;;;0;recorder;Arnold Harmon
X3RCIN;HUMANOID;HUMAN;INNOCENT;PEASANT_WOMAN;X3RCIN;X3RCIN;1;0;FEMALE;NEUTRAL;;None;None;None;None;;;;;;;;;;15;recorder;Cindy Harmon
X3REC;HUMANOID;GNOME;BARD;CLERIC_FEMALE_GNOME;X3Rec;X3Rec;1;FEMALE;FEMALE;NEUTRAL;X3Rec;BDDEFAI;None;None;X3REC;;;;;;XBOW04;;;;0;recorder;Recorder
X3RFER;ANIMAL;NO_RACE;MAGE_THIEF;GROUNDHOG;X3RFER;X3RFER;3;NIETHER;NIETHER;CONTROLLED;X3RFER;None;None;None;X3RFER;;;MOVRAT10;FAMMY;IMMCLOUD;S1-3;S1-3;;;0;recorder;Gustav
X3RHAWK;HUMANOID;HUMAN;FIGHTER;FIGHTER_MALE_HUMAN;X3RHAWK;X3RPAL;3;MALE;MALE;NEUTRAL;RR#PICKP;NONE;NONE;NONE;NONE;;;;;;SW2H05;;;;100;recorder;Hawk
X3RLEAD;HUMANOID;HUMAN;CLERIC;CLERIC_MALE_HUMAN;X3RLEAD;X3RPAL;3;MALE;MALE;NEUTRAL;RR#PICKP;NONE;NONE;NONE;NONE;;SHLD08;;;;TTBLUN3;;;;100;recorder;Expedition Leader
X3RNEC;HUMANOID;HUMAN;MAGE;MAGE_MALE_HUMAN;X3RNec;X3RNec;7;MALE;MALE;NEUTRAL;X3RNec;None;None;None;X3RNEC;;;;;;;;;;3000;recorder;Rick
X3RPAL;HUMANOID;HUMAN;PALADIN;FIGHTER_MALE_HUMAN;X3RPAL;X3RPAL;3;MALE;MALE;NEUTRAL;X3RPAL;AGEN;NONE;X3RPAL;X3RPAL;HELM01;;;;;X3RSWORD;;;;100;recorder;Sir Mark Harmon
X3RSKEL1;UNDEAD;SKELETON;SKELETON;SKELETON;X3RSKEL1;X3RSKEL1;1;NIETHER;MALE;ENEMY;;None;None;None;dw1melmo;;SHLD10;RING99;;;HAMM01;;;;65;recorder;Skeleton
X3RSKEL2;UNDEAD;SKELETON;SKELETON;SKELETON;X3RSKEL2;X3RSKEL2;1;NIETHER;MALE;ENEMY;;None;None;None;dw1ranmo;;SHLD08;RING99;;;DART01;BLUN06;;;65;recorder;Skeleton
X3RUBY;HUMANOID;HUMAN;THIEF;THIEF_FEMALE_HUMAN;X3Ruby;X3Ruby;7;FEMALE;FEMALE;NEUTRAL;X3Ruby;None;None;None;dw1ranth;;;;;;SW1H14;BOW06;;;700;recorder;Ruby
C02ANDR2;HUMANOID;ELF;FIGHTER;FIGHTER_MALE_ELF;C02ANDRO;C02ANDRO;16;MALE;MALE;NEUTRAL;RR#PICKP;BDFIGH01;None;None;;;;;;MINHP1;;;;;0;kvel_bg1;Androsz
C02ANDRO;HUMANOID;ELF;FIGHTER;FIGHTER_MALE_ELF;C02ANDRO;C02ANDRO;16;MALE;MALE;NEUTRAL;RR#PICKP;BDFIGH01;None;None;;;;;;MINHP1;;;;;0;kvel_bg1;Androsz
C02KVC01;HUMANOID;HUMAN;FIGHTER;FIGHTER_MALE_HUMAN;C02KVC01;C02KVC01;9;MALE;MALE;NEUTRAL;BDALACHI;;BDSHOUT;BDFIGH01;;HELM01;;;;;SW2H02;;;;1400;kvel_bg1;Crusader Leader
C02KVC02;HUMANOID;HUMAN;FIGHTER;FIGHTER_MALE_HUMAN;C02KVC02;C02KVC02;7;MALE;MALE;NEUTRAL;RR#PICKP;BDDSC2;BDSHOUT;BDFIGH01;;BDHELM03;;;;;SW1H02;;;;650;kvel_bg1;Crusader
C02KVC03;HUMANOID;HUMAN;THIEF;THIEF_MALE_HUMAN;C02KVC03;C02KVC03;8;MALE;MALE;NEUTRAL;BD5200EN;;BDSHOUT;BDTHIE01;;;;;;;SW1H07;;;;650;kvel_bg1;Crusader
C02KVC04;HUMANOID;ELF;RANGER;FIGHTER_FEMALE_ELF;C02KVC04;C02KVC04;7;FEMALE;FEMALE;NEUTRAL;BD5200EN;;BDSHOUT;bdfigh11;;;;;;;BOW03;SW1H04;;;420;kvel_bg1;Crusader
C02KVD01;HUMANOID;HUMAN;FIGHTER;FIGHTER_MALE_HUMAN;C02KVD01;;9;MALE;MALE;NEUTRAL;BDAVERNU;;BDSHOUT;BDFIGH01;;HELM10;;;;;SW2H02;;;;1400;kvel_bg1;Crusader Elite
C02KVEL;HUMANOID;ELF;FIGHTER_MAGE_THIEF;FIGHTER_MALE_ELF;C0Kvel;C02Kvel;5;MALE;MALE;NEUTRAL;C02Kvel;;None;None;DPLAYER;HELM06;;BDRING06;RING20;C0KVAM01;SW2H06;DAGG16;;;0;kvel_bg1;K'Vel
C02KVM01;HUMANOID;HUMAN;INNOCENT;MAGE_MALE_HUMAN;C02KVM01;C02KVM01;3;MALE;MALE;NEUTRAL;SHOUT;None;None;None;None;;;;;;STAF01;;;;175;kvel_bg1;Ablemarle
C02KVS01;HUMANOID;HUMAN;FIGHTER;FIGHTER_MALE_HUMAN;C02KVS01;C02KVS01;7;MALE;MALE;NEUTRAL;BDASC2;;BDSHOUT;BDFIGH01;;HELM09;SHLD01;;;;SW1H04;;;;420;kvel_bg1;Flaming Fist Mercenary
C02KVS02;HUMANOID;DWARF;FIGHTER;FIGHTER_MALE_DWARF;C02KVS02;C02KVS02;7;MALE;MALE;NEUTRAL;RR#PICKP;;BDSHOUT;BDFIGH01;;HELM09;SHLD01;;;;AX1H01;;;;420;kvel_bg1;Helvdar
C02KVS03;HUMANOID;HUMAN;FIGHTER;FIGHTER_MALE_HUMAN;C02KVS03;C02KVS03;7;MALE;MALE;NEUTRAL;RR#PICKP;BDASC2;BDSHOUT;BDFIGH01;;HELM15;;;;;HALB01;;;;650;kvel_bg1;Daggerford Militia
C02KVS04;HUMANOID;HUMAN;FIGHTER;FIGHTER_MALE_HUMAN;C02KVS04;C02KVS04;7;MALE;MALE;NEUTRAL;RR#PICKP;BDASC2;BDSHOUT;BDFIGH01;;HELM13;;;;;HALB01;;;;650;kvel_bg1;Waterdhavian Soldier
C0KV4809;HUMANOID;NO_RACE;NO_CLASS;BIRD;C0KV4809;None;1;NIETHER;MALE;NEUTRAL;None;None;None;None;C0KV4809;;;;MAGE01;IMOENHP1;;;;;0;kvel_bg1;
C0KVDR01;HUMANOID;ELF;FIGHTER_THIEF;THIEF_MALE_ELF;C0KVDR01;C0KVDR01;7;MALE;MALE;NEUTRAL;C0KVDR01;BDTHIE01;None;None;;;;;;MINHP1;OHSW1H55;;;;0;kvel_bg1;Musaj Zaer'iyon
C0KVDR02;HUMANOID;ELF;FIGHTER;FIGHTER_MALE_ELF;C0KVDR02;C0KVDR02;9;MALE;MALE;NEUTRAL;RR#PICKP;BDFIGH01;None;None;;;;;;;DWHALB01;;;;9000;kvel_bg1;Jhan Zaer'iyon
C0KVDR03;HUMANOID;ELF;FIGHTER;FIGHTER_MALE_ELF;C0KVDR03;C0KVDR03;16;MALE;MALE;NEUTRAL;RR#PICKP;BDFIGH01;None;None;;;;;;MINHP1;;;;;0;kvel_bg1;Androsz Zaer'iyon
C0KVDR04;HUMANOID;ELF;FIGHTER;FIGHTER_MALE_ELF;C0KVDR04;C0KVDR04;7;MALE;MALE;NEUTRAL;RR#PICKP;bdfigh01;None;None;;;DWBLUN01;;;;DWSW1H02;;;;0;kvel_bg1;Champion of Selvetarm
C0KVDR05;HUMANOID;ELF;THIEF;THIEF_MALE_ELF;C0KVDR05;C0KVDR05;9;MALE;MALE;PC;None;bdthie01;None;None;None;;OHSHLD50;;;;DWXBOW01;DWSW1H01;;;0;kvel_bg1;Drow Assassin
C0KVEL;HUMANOID;ELF;FIGHTER_MAGE_THIEF;FIGHTER_MALE_ELF;C0Kvel;C0Kvel;4;MALE;MALE;NEUTRAL;C0Kvel;;None;WTARSGT;BDMAGE01;C0KVHE01;;;;C0KVAM01;SW2H02;DAGG05;;;0;kvel_bg1;Kvel
C0KVME01;HUMANOID;HUMAN;INNOCENT;FAT_MAN;C0KVME01;C0KVME01;1;MALE;MALE;NEUTRAL;SHOUTDLG;MERCH2;RUNENEMY;None;WTRUNSGT;;;;;;;;;;15;kvel_bg1;Merchant
C0KVME02;HUMANOID;HUMAN;INNOCENT;FAT_MAN;C0KVME02;C0KVME02;1;MALE;MALE;NEUTRAL;dw#innhl;RUNENEMY;None;None;WTRUNSGT;;;;;;;;;;15;kvel_bg1;Merchant
C0KVNOB1;HUMANOID;HUMAN;INNOCENT;NOBLE_MAN;C0KVNOB1;C0KVNOB1;1;0;MALE;NEUTRAL;BDCRWDM;None;None;None;None;;;;;;;;;;15;kvel_bg1;Lord Orfred Tonbottom II
C0KVNP01;HUMANOID;HUMAN;MAGE;FIGHTER_MALE_HUMAN;C0KVNP01;C0KVNP01;3;MALE;MALE;NEUTRAL;SHOUT;;C0KVNP01;;dw#mg41;;;;;;SLNG01;;;;0;kvel_bg1;Ecthel Darcourt
C0KVNP02;HUMANOID;HUMAN;FIGHTER;FIGHTER_MALE_HUMAN;C0KVNP02;C0KVNP02;5;MALE;MALE;NEUTRAL;SHOUT;;;None;dw1melge;;SHLD15;;;;SW1H04;;;;650;kvel_bg1;Caravan Bodyguard
C0KVNP03;HUMANOID;HUMAN;FIGHTER;FIGHTER_MALE_HUMAN;C0KVNP03;C0KVNP03;5;MALE;MALE;NEUTRAL;SHOUT;;;None;dw1melge;;SHLD15;;;;SW1H04;;;;650;kvel_bg1;Caravan Bodyguard
C0KVNP04;HUMANOID;HUMAN;FIGHTER;FIGHTER_MALE_HUMAN;C0KVNP04;C0KVNP04;5;MALE;MALE;NEUTRAL;SHOUT;;;None;dw1melge;;SHLD15;;;;SW1H04;;;;650;kvel_bg1;Caravan Bodyguard
C0KVNP05;HUMANOID;HUMAN;FIGHTER;MAGE_MALE_HUMAN;C0KVNP05;C0KVNP05;2;MALE;MALE;NEUTRAL;SHOUT;None;None;None;dw1melge;;;;;;;;;;4000;kvel_bg1;Oxley
C0KVNP06;HUMANOID;HALFORC;FIGHTER;FIGHTER_MALE_HALFORC;C0KVNP06;C0KVNP06;2;MALE;MALE;NEUTRAL;RR#PICKP;BDENSHTV;;;BDFIG00;;;;;;;;;;2000;kvel_bg1;Thug
C0KVNP07;HUMANOID;HALFORC;FIGHTER;FIGHTER_MALE_HALFORC;C0KVNP07;C0KVNP07;2;MALE;MALE;NEUTRAL;RR#PICKP;BDENSHTV;;;BDFIG00;;;;;;;;;;2000;kvel_bg1;Thug
C0KVNP08;HUMANOID;HALFORC;FIGHTER;FIGHTER_MALE_HALFORC;C0KVNP08;C0KVNP08;5;MALE;MALE;ENEMY;;BDENSHTV;;;BDFIG00;BDHELMJ3;;;;;HALB01;;;;2000;kvel_bg1;Mercenary
C0KVOG01;DEAD;ORC;FIGHTER;OROG;C0KVOG01;;1;MALE;MALE;127;;;;;;;;;;;;;;;0;kvel_bg1;Orog
C0KVOG02;HUMANOID;ORC;FIGHTER;OROG;C0KVOG02;;3;MALE;MALE;ENEMY;;BDENSHTV;;;BDFIG00;;;;;;SW1H01;;;;150;kvel_bg1;Orog
C0KVOG03;HUMANOID;ORC;FIGHTER;OROG_ELITE;C0KVOG03;;5;MALE;MALE;ENEMY;;BDENSHTV;;;BDFIG00;HELMNOAN;;;;;SW2H01;;;;175;kvel_bg1;Orog Elite
X32VIEN;HUMANOID;ELF;MAGE_THIEF;MAGE_FEMALE_ELF;X3Vien;X32Vien;5;FEMALE;FEMALE;NEUTRAL;X32Vien;None;None;None;X3VIEN;;;RING10;;AMUL10;SW1H08;BOW06;;;0;vienxay;Vienxay
X3VAPR;HUMANOID;ELF;MAGE;MAGE_MALE_ELF;X3VAPR;X3VAPR;1;MALE;MALE;NEUTRAL;X3VAPR;NONE;NONE;;NONe;;;;;;;;;;0;vienxay;Lacius
X3VAPR2;HUMANOID;ELF;MAGE;MAGE_FEMALE_ELF;X3VAPR2;X3VAPR2;6;FEMALE;FEMALE;NEUTRAL;X3VAPR2;NONE;NONE;;NONe;;;;;;;;;;250;vienxay;Shadow Weaver Apprentice
X3VAPR3;HUMANOID;ELF;MAGE;MAGE_FEMALE_HUMAN;X3VAPR3;;6;FEMALE;FEMALE;NEUTRAL;X3VAPR3;NONE;NONE;;NONe;;;;;;;;;;250;vienxay;Shadow Weaver Apprentice
X3VAPR4;HUMANOID;ELF;MAGE;MAGE_FEMALE_ELF;X3VAPR4;;6;FEMALE;FEMALE;NEUTRAL;X3VAPR4;NONE;NONE;;NONe;;;;;;;;;;250;vienxay;Shadow Weaver Apprentice
X3VAPR5;HUMANOID;ELF;MAGE;MAGE_FEMALE_ELF;X3VAPR5;;6;FEMALE;FEMALE;NEUTRAL;X3VAPR5;NONE;NONE;;NONe;;;;;;;;;;250;vienxay;Shadow Weaver Apprentice
X3VELDER;HUMANOID;ELF;MAGE_THIEF;MAGE_FEMALE_ELF;X3VELDER;X3VELDER;12;FEMALE;FEMALE;NEUTRAL;RR#PICKP;BDMAGE42;;;dw1melth;;;;;;STAF18;;;;3000;vienxay;Elder Mage
X3VIEN;HUMANOID;ELF;MAGE_THIEF;MAGE_FEMALE_ELF;X3Vien;X3Vien;1;FEMALE;FEMALE;NEUTRAL;X3Vien;None;None;None;X3VIEN;;;RING10;;AMUL10;SW1H07;BOW05;;;0;vienxay;Vienxay
X3VMAS;HUMANOID;ELF;MAGE;MAGE_FEMALE_ELF;X3VMAS;X3VMAS;11;FEMALE;FEMALE;NEUTRAL;X3VMAS;;;;dw#mg148;;;;;;STAF07;;;;3000;vienxay;Shadow Master Luna
C02AKOKO;ANIMAL;CAT;CAT;CAT;c02akoko;c02akoko;1;MALE;MALE;NEUTRAL;c02akoko;NONE;NONE;NONE;NONE;;;;;MINHP1;S1-3;;;;1;AURA_BG1_2_EET;Koko
C02AORC1;HUMANOID;ORC;FIGHTER;ORC_MELEE;c02aorc1;;3;MALE;MALE;ENEMY;;BDENSHTV;;;BDFIG00;;;;;;HALB01;;;;120;AURA_BG1_2_EET;Orc Warrior
C02AORC2;HUMANOID;ORC;FIGHTER;ORC_MELEE;c02aorc2;;3;MALE;MALE;ENEMY;;BDENSHTV;;;BDFIG00;;;;;;HALB01;;;;120;AURA_BG1_2_EET;Orc Warrior
C02AURA;HUMANOID;GNOME;BARD;THIEF_FEMALE_GNOME;C0Aura;C02Aura;8;FEMALE;FEMALE;NEUTRAL;C02Aura;BDDEFAI;;;;C0AUIDEN;;RING36;RING06;C0AMAGA1;C0AUBO2A;C0AUSW02;;;0;AURA_BG1_2_EET;Aura
C02AUTO;GIANTHUMANOID;GOLEM;FIGHTER;C0_AURA_AUTOMATON;c02auto;c02auto;9;MALE;MALE;NEUTRAL;;NONE;;;NONE;HELMNOAN;;RING95;BDCONSTR;SEEALL;C0AUTO2;;;;5000;AURA_BG1_2_EET;Bronze Automaton
C0AUALCH;ANIMAL;NO_RACE;NO_CLASS;DOOM_GUARD;c0aualch;c0aualch;1;NIETHER;MALE;NEUTRAL;c0aualch;;;;c0aualch;;;IMPINVIS;NOCIRC;MINHP1;S2-16;;;;0;AURA_BG1_2_EET;Alchemy
C0AUAYAK;HUMANOID;HUMAN;FIGHTER;FIGHTER_MALE_HUMAN;c0auayak;c0auayak;10;MALE;MALE;NEUTRAL;RR#PICKP;NONE;NONE;;BDFIGH01;;;;;;BOW04;SPER02;;;0;AURA_BG1_2_EET;Ayakashi
C0AUIN3A;GIANTHUMANOID;GOLEM;SORCERER;C0_AURA_AUTOMATON;c0auin3;c0auin3;8;NIETHER;NIETHER;GOODBUTBLUE;C0AUIN3;NONE;NONE;NONE;C0AUIN3;;;C0AUTO;FAMMY;;C0AUTO2;C0AUTO3;;;0;AURA_BG1_2_EET;Bronze Automaton
C0AUIN3B;GIANTHUMANOID;GOLEM;SORCERER;C0_AURA_AUTOMATON_JADE;c0auin3;c0auin3;14;NIETHER;NIETHER;GOODBUTBLUE;C0AUIN3;NONE;NONE;NONE;C0AUIN3;;;C0AUTO;FAMMY;;C0AUTO2;C0AUTO3;;;0;AURA_BG1_2_EET;Jade Automaton
C0AUIN3C;GIANTHUMANOID;GOLEM;SORCERER;C0_AURA_AUTOMATON_BLACK;c0auin3;c0auin3;22;NIETHER;NIETHER;GOODBUTBLUE;C0AUIN3;NONE;NONE;NONE;C0AUIN3;;;C0AUTO;FAMMY;;C0AUTO2;C0AUTO3;;;0;AURA_BG1_2_EET;Adamantine Automaton
C0AUIN3D;GIANTHUMANOID;GOLEM;FIGHTER_MAGE;GOLEM_CLAY;c0auin3;C0AUIN3;20;EXTRA;EXTRA;FAMILIAR;C0AUIN3;NONE;NONE;NONE;C0AUIN3;;;C0AUTO;FAMMY;;C0AUTO2;C0AUTO3;;;0;AURA_BG1_2_EET;
C0AUIN4;ANIMAL;NO_RACE;NO_CLASS;DOOM_GUARD;c0auin4;c0auin4;1;NIETHER;MALE;NEUTRAL;c0auin4;;;;c0auin4;;;IMPINVIS;NOCIRC;MINHP1;S2-16;;;;0;AURA_BG1_2_EET;Wandcrafting
C0AUKAGU;HUMANOID;HUMAN;FIGHTER_CLERIC;FIGHTER_MALE_HUMAN;c0aukagu;c0aukagu;7;MALE;MALE;NEUTRAL;RR#PICKP;BDDEFAI;NONE;;BDCLER01;C0AMASK1;BLUN36;;;;C0ACLUB1;SLNG02;;;0;AURA_BG1_2_EET;Kagutsuchi
C0AUKUON;HUMANOID;HUMAN;MAGE;MAGE_MALE_HUMAN;c0aukuon;c0aukuon;11;MALE;MALE;NEUTRAL;RR#PICKP;NONE;NONE;;BDMAGE01;;;;;;STAF02;DART02;;;0;AURA_BG1_2_EET;Ku'on Myodo
C0AUMIZU;HUMANOID;HUMAN;MONK;MONK_FEMALE_HUMAN;c0aumizu;c0aumizu;10;FEMALE;FEMALE;NEUTRAL;RR#PICKP;NONE;NONE;;BDMONK01;;;RING06;;;;DART02;DART05;;0;AURA_BG1_2_EET;Mizuchi
C0AURA;HUMANOID;GNOME;BARD;THIEF_FEMALE_GNOME;C0Aura;C0Aura;1;FEMALE;FEMALE;NEUTRAL;C0Aura;BDDEFAI;NONE;NONE;NONE;C0AUIDEN;;;;C0AMAGA1;C0AUBO1A;SW1H46;;;0;AURA_BG1_2_EET;Aura
C0AUSUMM;ANIMAL;NO_RACE;NO_CLASS;DOOM_GUARD;C0AUSUMM;;1;NIETHER;MALE;NEUTRAL;C0AUSUMM;;;;;;;IMPINVIS;NOCIRC;MINHP1;S2-16;;;;0;AURA_BG1_2_EET;
C0FUBUKI;HUMANOID;HUMAN;THIEF;THIEF_FEMALE_HUMAN;c0fubuki;c0fubuki;10;FEMALE;FEMALE;NEUTRAL;c0fubuki;NONE;NONE;bdfig00;NONE;;;MINHP1;MISC88;;SW1H49;BOW06;;;0;AURA_BG1_2_EET;Fubuki
C0NINJA;HUMANOID;HUMAN;FIGHTER_THIEF;SHADOW_THIEF;c0ninja;c0ninja;5;MALE;MALE;ENEMY;c0ninja;SHADOW;NONE;NONE;BDTHIE01;;;MAGE01;;;SW1H49;DART02;;;500;AURA_BG1_2_EET;Ninja
C0NINJA2;HUMANOID;HUMAN;FIGHTER_THIEF;SHADOW_THIEF;c0ninja2;c0ninja;12;MALE;MALE;ENEMY;c0ninja;Shadow;None;None;bdthie01;;;;;;;;;;0;AURA_BG1_2_EET;Elite Ninja
C0NINJA3;HUMANOID;HALF_ELF;THIEF;THIEF_MALE_ELF;c0ninja3;c0ninja;9;MALE;MALE;ENEMY;c0ninja3;NONE;NONE;;BDTHIE01;;;MAGE01;;;C0AUSW03;;;;0;AURA_BG1_2_EET;Rinkou
C0NINJA4;HUMANOID;HUMAN;MAGE;MAGE_FEMALE_HUMAN;c0ninja4;c0ninja;9;FEMALE;FEMALE;ENEMY;c0ninja;;NONE;;BDMAGE01;;;MAGE01;;AMUL14;STAF18;;;;0;AURA_BG1_2_EET;Mayoi
C0NINJA5;HUMANOID;HUMAN;FIGHTER_THIEF;FIGHTER_MALE_HUMAN;c0ninja5;c0ninja;7;MALE;MALE;ENEMY;c0ninja;;NONE;;BDFTHI01;;;RING06;MAGE01;;SW1H55;DAGG16;;;0;AURA_BG1_2_EET;Kotaro
C0SAITO;HUMANOID;HUMAN;FIGHTER;FIGHTER_MALE_HUMAN;c0saito;c0saito;13;MALE;MALE;NEUTRAL;RR#PICKP;BDDEFAI;NONE;NONE;BDFIGH01;;C0AUSW02;RING06;;;C0AUSW01;;;;5000;AURA_BG1_2_EET;Tadahashi Saito
C02DKNI1;HUMANOID;HUMAN;PALADIN;FIGHTER_MALE_HUMAN;c02dkni1;c02dknig;9;MALE;MALE;GOODBUTBLUE;c02dknig;BDPAL01;BDSHOUT;BDPAL01;NONE;BDHELMGH;SHLD29;BDRING06;;;SW1H42;;;;420;drake;Knight of the Order
C02DKNI2;HUMANOID;HUMAN;PALADIN;FIGHTER_MALE_HUMAN;c02dkni2;c02dknig;9;MALE;MALE;GOODBUTBLUE;c02dknig;BDPAL01;BDSHOUT;BDPAL01;NONE;BDHELMGH;SHLD29;BDRING06;;;SW1H42;;;;420;drake;Knight of the Order
C02DKNI3;HUMANOID;HUMAN;PALADIN;FIGHTER_MALE_HUMAN;c02dkni3;c02dknig;9;MALE;MALE;GOODBUTBLUE;c02dknig;BDPAL01;BDSHOUT;BDPAL01;NONE;BDHELMGH;SHLD29;BDRING06;;;SW1H42;;;;420;drake;Knight of the Order
C02DOROG;HUMANOID;ORC;FIGHTER;OROG_CHIEFTAIN;BDOROGSG;;15;MALE;MALE;ENEMY;;BDENSHTV;;;BDFIG00;HELMNOAN;;;;;C02DS2H1;;;;250;drake;Orog Chieftain
C02DRAKE;HUMANOID;HUMAN;CLERIC;CLERIC_MALE_HUMAN;C0Drake;C02Drake;7;MALE;MALE;NEUTRAL;C02Drake;BDDEFAI;NONE;NONE;C0DRAKE;HELM04;SHLD07;RING06;;;HAMM03;SLNG02;;;0;drake;Drake
C02ELRIK;HUMANOID;HUMAN;PALADIN;FIGHTER_MALE_HUMAN;c02elrik;c02elrik;15;MALE;MALE;GOODBUTBLUE;c02elrik;BDPAL01;BDSHOUT;BDPAL01;NONE;;;BDRING07;MINHP1;;C02DSW2H;;;;420;drake;Sir Elrik
C02TOMAS;HUMANOID;HUMAN;FIGHTER;FIGHTER_MALE_HUMAN;c02tomas;c02tomas;12;MALE;MALE;GOODBUTBLUE;c02tomas;BDFIGH01;BDSHOUT;BDFIGH01;NONE;;SHLD04;MINHP1;RING07;AMUL22;SW1H41;BOW02;;;420;drake;Tomas
C0DRAKE;HUMANOID;HUMAN;CLERIC;CLERIC_MALE_HUMAN;C0Drake;C0Drake;3;MALE;MALE;NEUTRAL;C0Drake;NONE;NONE;NONE;C0DRAKE;;SHLD03;;;;HAMM01;SLNG01;;;0;drake;Drake
C0DSTONE;HUMANOID;HUMAN;FIGHTER_THIEF;FIGHTER_MALE_HUMAN;c0dstone;c0dstone;11;MALE;MALE;NEUTRAL;c0dstone;NONE;NONE;NONE;NONE;;;RING09;RING02;MINHP1;BOW02;SW1H05;;;300;drake;Stoneheart
C0DTHF01;HUMANOID;HUMAN;FIGHTER_THIEF;THIEF_MALE_HUMAN;c0dthf01;c0dthf01;13;MALE;MALE;NEUTRAL;RR#PICKP;;None;None;dw1melth;;DAGG15;;;;C0DSW1H;;;;5000;drake;Aiden Vail
C0DTHF02;HUMANOID;HUMAN;MAGE_THIEF;THIEF_MALE_HUMAN;c0dthf02;c0dthf02;7;MALE;MALE;NEUTRAL;shoutdlg;c0dthf02;None;None;dw1melth;;;;;;SW1H08;;;;650;drake;Gideon
C0DTHF03;HUMANOID;HUMAN;MAGE_THIEF;THIEF_MALE_HUMAN;c0dthf03;c0dthf03;7;MALE;MALE;NEUTRAL;RR#PICKP;;;None;dw#mg40;;;RING06;C0DRING;;DAGG16;;;;650;drake;Klaus
C02DEMKN;MONSTER;DEMONIC;TANARI;DEATH_KNIGHT;C02DemKn;NONE;16;SUMMONED_DEMON;SUMMONED;ENEMY;C02DemKn;NONE;NONE;NONE;dw1melge;;;REGHP2;RINGDEMN;;SW2H11;;;;15000;sirine;Demon Knight
C02SGLEN;HUMANOID;HUMAN;FIGHTER;FIGHTER_MALE_HUMAN;C02SGlen;C02SGlen;7;MALE;MALE;NEUTRAL;RR#PICKP;BDASC2;BDSHOUT;BDFIGH01;;;;;;;HAMM01;;;;420;sirine;Glen
C02SIRB;HUMANOID;TIEFLING;CLERIC_MAGE;MAGE_MALE_ELF;C02SirB;C02SirB;21;MALE;MALE;NEUTRAL;RR#PICKP;NONE;NONE;NONE;MAGE1;MINHP1;SHLD28;;;;BLUN13;SLNG04;;;18000;sirine;Mysterious Figure
C02SIREN;HUMANOID;TIEFLING;PALADIN;FIGHTER_FEMALE_ELF;C0Sirene;C02Siren;6;FEMALE;FEMALE;NEUTRAL;C02Siren;BDDEFAI;NONE;NONE;NONE;HELM03;;RING06;;AMUL17;C0SW2H;;;;0;sirine;Sirene
C0SIRENE;HUMANOID;TIEFLING;PALADIN;FIGHTER_FEMALE_ELF;C0Sirene;C0Sirene;2;FEMALE;FEMALE;NEUTRAL;C0Sirene;NONE;NONE;NONE;;;;;;;C0SW2H;;;;0;sirine;Sirene
C#BE1001;HUMANOID;HUMAN;THIEF;FAT_WOMAN;c#be1001;c#be1001;5;FEMALE;FEMALE;NEUTRAL;c#be1001;None;None;None;wtrunsgt;;;;;;DAGG01;;;;420;C#BRAGE;Commoner
C#BE1002;HUMANOID;HUMAN;INNOCENT;PEASANT_WOMAN;c#be1002;c#be1002;1;FEMALE;FEMALE;NEUTRAL;c#be1001;RUNENEMY;None;None;WDRUNSGT;;;;;;;;;;15;C#BRAGE;Commoner
C#BE1003;HUMANOID;HUMAN;INNOCENT;PEASANT_MAN;c#be1003;c#be1003;1;MALE;MALE;NEUTRAL;c#be1001;RUNENEMY;None;WDRUNSGT;None;;;;;;;;;;15;C#BRAGE;Commoner
C#BE1004;HUMANOID;HUMAN;INNOCENT;PEASANT_MAN;c#be1004;c#be1004;1;MALE;MALE;NEUTRAL;c#be1001;RUNENEMY;None;WTRUNSGT;None;;;;;;;;;;15;C#BRAGE;Borland
C#BE1GRL;HUMANOID;HUMAN;INNOCENT;GIRL;c#be1grl;c#be1grl;1;FEMALE;FEMALE;NEUTRAL;dw#innhl;c#be1grl;None;None;WDRUNSGT;;;;;;;;;;7;C#BRAGE;Girl
C#BEHANN;HUMANOID;HUMAN;INNOCENT;PEASANT_WOMAN;c#behann;c#behann;1;FEMALE;FEMALE;NEUTRAL;c#behann;RUNENEMY;None;None;WDRUNSGT;;;;;;;;;;15;C#BRAGE;Hannah
C#BESMES;HUMANOID;HUMAN;FIGHTER;FIGHTER_MALE_HUMAN;c#besmes;c#besmes;12;MALE;MALE;NEUTRAL;RR#PICKP;INITDLG;None;None;dw1melge;;;;;;;;;;1000;C#BRAGE;Messenger
C#BESQ01;HUMANOID;HUMAN;INNOCENT;GIRL;c#besq01;c#besq01;1;FEMALE;FEMALE;NEUTRAL;c#besq01;BDREFG;None;None;;;;;;;;;;;7;C#BRAGE;Tilda
C#BESQ02;HUMANOID;HUMAN;INNOCENT;PEASANT_MAN;c#besq02;c#besq02;1;MALE;MALE;NEUTRAL;c#besq02;BDREFG;None;None;;;;;;;;;;;15;C#BRAGE;Mr. Gulliam
C#BESQ0A;HUMANOID;NO_RACE;NO_CLASS;DOOM_GUARD;c#besq0a;c#besq0a;10;MALE;MALE;NEUTRAL;c#besq0a;;;;;;;MAGE01;;MINHP1;;;;;2000;C#BRAGE;Girl's Voice
C#BRAGE1;HUMANOID;HUMAN;FIGHTER;FIGHTER_MALE_HUMAN;C#Brage;C#BRAGE1;3;MALE;MALE;NEUTRAL;C#BRAGE1;;;;;;;;;;C#Q13SWD;XBOW01;;;0;C#BRAGE;Brage
C#BRAGES;HUMANOID;HUMAN;FIGHTER;FIGHTER_MALE_HUMAN;C#Brage;C#BRAGES;3;MALE;MALE;NEUTRAL;C#BRAGES;;;;;;;;;;SW2H02;XBOW01;;;0;C#BRAGE;Brage
C#RTDBLC;HUMANOID;HUMAN;FIGHTER;FIGHTER_MALE_HUMAN;C#RtDblc;C#RtDblc;7;MALE;FEMALE;NEUTRAL;RR#PICKP;BD2000EN;BDSHOUT;BDFIGH10;;HELM01;SHLD03;;;;SW1H04;;;;420;SODRTD;Karlen
C#RTDDEG;HUMANOID;HUMAN;MAGE;MAGE_MALE_HUMAN;C#RtDdeg;C#RtDdeg;12;MALE;158;NEUTRAL;RR#PICKP;;BDSHOUT;BDMAGE01;;;;;;MINHP1;STAF02;;;;5000;SODRTD;Sir Deggernaut
C#RTDDEL;HUMANOID;HUMAN;FIGHTER;FIGHTER_MALE_HUMAN;BDDELANC;BDDELANC;10;MALE;MALE;NEUTRAL;RR#PICKP;;;;;HELM03;;;RING07;MINHP1;XBOW07;SW2H11;;;2000;SODRTD;Torsin de Lancie
C#RTDNED;HUMANOID;HUMAN;FIGHTER;FIGHTER_MALE_HUMAN;BDNEDERL;BDNEDERL;13;MALE;MALE;NEUTRAL;RR#PICKP;;;;;HELM09;SHLD06A;BDRING06;;MINHP1;HAMM08;;;;4000;SODRTD;Marshal Nederlok
C#RTDSTO;HUMANOID;DWARF;FIGHTER;FIGHTER_FEMALE_DWARF;BDSTONEH;BDSTONEH;13;FEMALE;FEMALE;NEUTRAL;RR#PICKP;;;;;HELM15;SHLD04;;;MINHP1;AX1H05;AX1H11;;;4000;SODRTD;General Stonehand
BATSU;ANIMAL;NO_RACE;FOOD_CREATURE;BAT_INSIDE;None;;1;SUMMONED;MALE;ALLY;None;None;;None;DVMELEE;;;;;;BATSU;;;;0;spell_rev;Bat
DVDEATHK;UNDEAD;DEMONIC;FIGHTER_MAGE;DEATH_KNIGHT;demnabsu;None;13;SUMMONED_DEMON;MALE;ALLY;DVDEATHK;;None;None;;;;IMMUNE1;UNDTYPE;;DVDEATHK;;;;0;spell_rev;Death Knight
DVDJINNI;GIANTHUMANOID;GENIE;FIGHTER_MAGE;DJINNI;NONE;;9;MALE;MALE;NEUTRAL;DVDJINNI;;;;DVMELEE;;;;;;DVDJINNI;;;;0;spell_rev;Djinni
DVEFREET;GIANTHUMANOID;GENIE;FIGHTER_MAGE;DJINNI_LEGS;NONE;;9;MALE;MALE;NEUTRAL;DVEFREET;;;;DVMELEE;;;;;;DVEFREET;;;;0;spell_rev;Efreeti
DVNYMPH;HUMANOID;FAIRY;DRUID;SIRINE;nymphsu;None;7;SUMMONED;FEMALE;ALLY;DVNYMPH;None;None;None;DVMELEE;;;;;;DVNYMPH;;;;0;spell_rev;Nymph
DVSTALK;MONSTER;ELEMENTAL;RANGER;DOOM_GUARD;None;None;8;SUMMONED;MALE;ALLY;None;None;None;None;DVMELEE;;;STALKER;;;STALKESU;;;;0;spell_rev;Invisible Stalker
DVWRAITH;UNDEAD;WRAITH;WRAITH;SHADOW;None;;5;SUMMONED;MALE;ALLY;;;;;DVMELEE;;;IMMUNE1;UNDTYPE;;DVWRAITH;;;;0;spell_rev;Wraith
ELEARSU1;MONSTER;ELEMENTAL;ELEMENTAL_EARTH;ELEMENTAL_EARTH_SMALL;NONE;;8;SUMMONED;MALE;ALLY;;;;;DVMELEE;;;IMMUNE1;ELEMTYPE;;ELEARSU1;;;;0;spell_rev;Lesser Earth Elemental
FAMCAT25;ANIMAL;CAT;THIEF;CAT;FAMCAT;FAMIL325;8;NIETHER;MALE;ALLY;;NONE;NONE;NONE;;;;;FAMMY;IMMCLOUD;S1-3;S1-3;;;0;spell_rev;Cat
FAMDUS25;HUMANOID;MEPHIT;MEPHIT;IMP;FAMDUST;FAMIL225;8;NIETHER;MALE;ALLY;;NONE;NONE;NONE;;;;;MOVRAT10;IMMCLOUD;MEPFIR;MEPFIR;;;0;spell_rev;Dust Mephit
FAMFAI25;MONSTER;WYVERN;MAGE;WYVERN_FAMILIAR;FAMFAIR;FAMIL125;8;NIETHER;MALE;ALLY;;NONE;NONE;NONE;;;;FAMMY;;IMMCLOUD;MEPLIG;MEPLIG;;;0;spell_rev;Fairy Dragon
FAMFER25;ANIMAL;NO_RACE;THIEF;GROUNDHOG;FAMFER;FAMIL325;8;NIETHER;MALE;ALLY;;NONE;NONE;NONE;;;;;FAMMY;IMMCLOUD;S1-3;S1-3;;;0;spell_rev;Ferret
FAMIMP25;HUMANOID;IMP;IMP;IMP;FAMIMP;FAMIL225;8;NIETHER;MALE;ALLY;;NONE;NONE;NONE;;;;REGHP1;FAMMY;IMMCLOUD;IMPCLAW;IMPCLAW;;;0;spell_rev;Imp
FAMPSD25;MONSTER;WYVERN;MAGE;WYVERN_FAMILIAR;FAMPSD;FAMIL125;8;NIETHER;MALE;ALLY;;NONE;NONE;NONE;;;;REGHP1;MOVRAT10;IMMCLOUD;PSDCLAW;PSDCLAW;;;0;spell_rev;Pseudo-dragon
FAMQUA25;MONSTER;IMP;MAGE;IMP;FAMQUAS;FAMIL225;8;NIETHER;MALE;ALLY;;;NONE;NONE;;;;REGHP1;FAMMY;IMMCLOUD;QUASCLAW;QUASCLAW;;;0;spell_rev;Quasit
FAMRAB25;ANIMAL;RABBIT;THIEF;RABBIT;FAMRAB;FAMIL325;8;NIETHER;MALE;ALLY;;NONE;NONE;NONE;;;;;FAMMY;IMMCLOUD;S1-2;S1-2;;;0;spell_rev;Rabbit
GNLCAPSU;HUMANOID;GNOLL;GNOLL;GNOLL;None;;5;SUMMONED;MALE;ALLY;;None;None;;DVMELEE;HELM01;;;;;GNLCAPSU;;;;0;spell_rev;Gnoll Elite
HAMASU;HUMANOID;FAIRY;DRUID;SIRINE;None;none;4;SUMMONED;FEMALE;ALLY;HAMASU;None;None;None;;;;;;;HAMASU;;;;650;spell_rev;Hamadryad
HOBARCSU;HUMANOID;HOBGOBLIN;FIGHTER;HOBGOBLIN;None;;2;SUMMONED;MALE;ALLY;;None;;None;DVRANGED;HELM01;;;;;HOBARCSU;HOBWARSU;;;0;spell_rev;Hobgoblin Archer
HOBSHASU;HUMANOID;HOBGOBLIN;CLERIC;HOBGOBLIN;None;;4;SUMMONED;MALE;ALLY;DVHOBSHA;None;;None;;HELM01;;;;;HOBSHASU;HOBSHASU;;;0;spell_rev;Hobgoblin Shaman
JELLGRSU;MONSTER;SLIME;GREEN_SLIME;SLIME_OLIVE;None;;2;SUMMONED;MALE;ALLY;None;None;None;None;DVMELEE;;;;;;JELLGRSU;;;;0;spell_rev;Green Slime
OTYUGHSU;MONSTER;OTYUGH;OTYUGH;OTYUGH;None;;7;SUMMONED;MALE;ALLY;;None;None;None;DVMELEE;;;;;;OTYUGHSU;;;;0;spell_rev;Otyugh
SKELGRSU;UNDEAD;SKELETON;SKELETON;SKELETON_MONSTER;None;None;5;NIETHER;SUMMONED;ALLY;;None;None;None;DVMELEE;;;UNDTYPE;;;SKELGRSU;;;;0;spell_rev;Greater Skeleton
SKELLESU;UNDEAD;SKELETON;SKELETON;SKELETON;None;;2;SUMMONED;MALE;ALLY;;;None;None;DVMELEE;;SKELSHLD;UNDTYPE;;;SKELLESU;;;;0;spell_rev;Skeleton
SNAKEGSU;ANIMAL;NO_RACE;GIANT;SNAKE;None;;5;SUMMONED;MALE;ALLY;None;None;;None;DVMELEE;;;;;;SNAKEGSU;;;;0;spell_rev;Giant Snake
UMBHULSU;MONSTER;UMBERHULK;UMBERHULK;UMBER_HULK;None;;7;SUMMONED;MALE;ALLY;;None;None;None;UMBHULSU;;;;;;UMBHULSU;;;;0;spell_rev;Umber Hulk
WYVBABSU;MONSTER;WYVERN;WYVERN;WYVERN_FAMILIAR;None;;6;SUMMONED;MALE;ALLY;None;None;;None;DVMELEE;;;;;;WYVBABSU;;;;0;spell_rev;Baby Wyvern
AD3SKLM;UNDEAD;SKELETON;SKELETON;SKELETON;AD2sklm;None;1;SUMMONED;MALE;NEUTRAL;cd3sklm;None;None;None;;;;RING95;;;SW1H01;;;;65;stratagems;Skeleton
DW#WATE2;MONSTER;ELEMENTAL;ELEMENTAL_WATER;WATER_WEIRD;NONE;;12;SUMMONED;MALE;ALLY;;;;;DVMELEE;;;IMMUNE1;ELEMTYPE;;DWELWAT2;;;;0;stratagems;Water Elemental
DW#WATE3;MONSTER;ELEMENTAL;ELEMENTAL_WATER;WATER_WEIRD;NONE;;16;SUMMONED;MALE;ALLY;;;;;DVMELEE;;;IMMUNE1;ELEMTYPE;;DWELWAT3;;;;0;stratagems;But no, this is nothing I can give you. Neither as a reward, nor as a promise of more. I am not the man who does it like this, <CHARNAME>.
DWSST1;HUMANOID;HUMAN;MAGE;GIANT_HILL;None;None;1;MALE;MALE;PC;None;None;None;None;None;;;;;;;;;;0;stratagems;
DWSST2;HUMANOID;HUMAN;MAGE;OGRE_MAGE;None;None;1;MALE;MALE;PC;None;None;None;None;None;;;;;;;;;;0;stratagems;
DWSST3;HUMANOID;HUMAN;MAGE;WOLF_VAMPIRIC;None;None;1;MALE;MALE;PC;None;None;None;None;None;;;;;;;;;;0;stratagems;
DWSST4;HUMANOID;HUMAN;MAGE;RAT;None;None;1;MALE;MALE;PC;None;None;None;None;None;;;;;;;;;;0;stratagems;
ES8WATR;MONSTER;ELEMENTAL;ELEMENTAL_WATER;WATER_WEIRD;NONE;;8;SUMMONED;MALE;ALLY;;;;;DVMELEE;;;IMMUNE1;ELEMTYPE;;DWELWAT1;;;;0;stratagems;Lesser Water Elemental
GISBOMB;ANIMAL;BEETLE;NO_CLASS;BEETLE_BOMBARDIER;BeetBomb;None;2;SUMMONED;MALE;CONTROLLED;None;None;BBCLOUD;None;bdsum00;;;;FARTRNG;;#S1-12;;;;120;stratagems;Bombardier Beetle
GISBORB;ANIMAL;BEETLE;NO_CLASS;BEETLE_BOMBARDIER;BeetBomb;None;5;SUMMONED;MALE;CONTROLLED;None;None;None;None;bdsum00;;;;;;S5-20;;;;175;stratagems;Boring Beetle
MS7BGRD;UNDEAD;SKELETON;FIGHTER;SKELETON_FIEND;Ghast;None;8;SUMMONED;MALE;CONTROLLED;None;None;None;;bdsum00;;;RING95;;;B1-10M2;;;;0;stratagems;Boneguard
MS7UMBH;MONSTER;UMBERHULK;FIGHTER;UMBER_HULK;Ghast;None;9;SUMMONED;MALE;NEUTRAL;None;None;;None;GNSUMMM;;;;;;UMBERHLK;;;;4000;stratagems;Umber Hulk
SS1GOB1;HUMANOID;GOBLIN;NO_CLASS;GOBLIN_AXE;Ghast;None;1;SUMMONED;MALE;NEUTRAL;None;None;None;None;GNSUMMM;;;TRANS20;SUMRING;;P1-6;;;;15;stratagems;Goblin
SS1GOB2;HUMANOID;GOBLIN;NO_CLASS;GOBLIN_AXE;Ghast;None;1;SUMMONED;MALE;NEUTRAL;None;None;None;None;GNSUMMM;;;TRANS20;SUMRING;;P1-6;;;;15;stratagems;Goblin
SS1GOB3;HUMANOID;GOBLIN;NO_CLASS;GOBLIN_AXE;Ghast;None;1;SUMMONED;MALE;NEUTRAL;None;None;None;None;GNSUMMM;;;TRANS20;SUMRING;;P1-6;;;;15;stratagems;Goblin
SS1LIZ3;HUMANOID;LIZARDMAN;NO_CLASS;LIZARD_MAN_ELITE;None;None;1;SUMMONED;MALE;NEUTRAL;None;None;None;None;GNSUMMM;;;TRANS20;SUMRING;;#S1-12;;;;3;stratagems;Lizard Man
SS1LIZ4;HUMANOID;LIZARDMAN;NO_CLASS;LIZARD_MAN_ELITE;None;None;1;SUMMONED;MALE;NEUTRAL;None;None;None;None;GNSUMMM;;;TRANS20;SUMRING;;#S1-12;;;;3;stratagems;Lizard Man
SS1TRL6;GIANTHUMANOID;TROLL;TROLL;TROLL_BLUE;SS1trl6;None;5;SUMMONED;MALE;NEUTRAL;None;None;;None;GNSUMMM;;;SUMRING;TRANS20;;M1D7SLSH;;;;1400;stratagems;Troll
SS1TRL7;GIANTHUMANOID;TROLL;TROLL;TROLL_BLUE;SS1trl6;None;7;SUMMONED;MALE;NEUTRAL;None;None;;None;GNSUMMM;;;SUMRING;TRANS20;;M1D7SLSH;;;;1400;stratagems;Troll
SS1TRL8;GIANTHUMANOID;TROLL;TROLL;TROLL_BLUE;SS1trl6;None;7;SUMMONED;MALE;NEUTRAL;None;None;;None;GNSUMMM;;;SUMRING;TRANS20;;M1D7SLSH;;;;1400;stratagems;Troll
SS2GOB1;HUMANOID;GOBLIN;NO_CLASS;GOBLIN_ELITE_AXE;Ghast;None;1;SUMMONED;MALE;NEUTRAL;None;None;None;None;GNSUMMM;;;TRANS40;SUMRING;;S1-8;;;;15;stratagems;Goblin Elite
SS2GOB2;HUMANOID;GOBLIN;NO_CLASS;GOBLIN_ELITE_AXE;Ghast;None;1;SUMMONED;MALE;NEUTRAL;None;None;None;None;GNSUMMM;;;TRANS40;SUMRING;;S1-8;;;;15;stratagems;Goblin Elite
SS2GOB3;HUMANOID;GOBLIN;NO_CLASS;GOBLIN_ELITE_AXE;Ghast;None;1;SUMMONED;MALE;NEUTRAL;None;None;None;None;GNSUMMM;;;TRANS40;SUMRING;;S1-8;;;;15;stratagems;Goblin Elite
SS2LIZ5;HUMANOID;LIZARDMAN;NO_CLASS;LIZARD_MAN_ELITE;None;None;1;SUMMONED;MALE;NEUTRAL;None;None;None;None;GNSUMMM;;;TRANS40;SUMRING;;B1-12;;;;240;stratagems;Tough Lizard Man
SS2LIZ6;HUMANOID;LIZARDMAN;NO_CLASS;LIZARD_MAN_ELITE;None;None;1;SUMMONED;MALE;NEUTRAL;None;None;None;None;GNSUMMM;;;TRANS40;SUMRING;;B1-12;;;;240;stratagems;Tough Lizard Man
SS2LIZ7;HUMANOID;LIZARDMAN;NO_CLASS;LIZARD_MAN_ELITE;None;None;1;SUMMONED;MALE;NEUTRAL;None;None;None;None;GNSUMMM;;;TRANS40;SUMRING;;B1-12;;;;240;stratagems;Tough Lizard Man
SS3TRL7;GIANTHUMANOID;TROLL;TROLL;TROLL_BLUE;SS1trl6;None;7;SUMMONED;MALE;NEUTRAL;None;None;;None;GNSUMMM;;;;TRANS60;SUMAMU;M1D7SLSH;;;;1400;stratagems;Troll
SS3TRL8;GIANTHUMANOID;TROLL;TROLL;TROLL_BLUE;SS1trl6;None;7;SUMMONED;MALE;NEUTRAL;None;None;;None;GNSUMMM;;;;TRANS60;SUMAMU;M1D7SLSH;;;;1400;stratagems;Troll
SS3UMB8;MONSTER;UMBERHULK;UMBERHULK;UMBER_HULK;Ghast;None;9;SUMMONED;MALE;NEUTRAL;None;None;;None;GNSUMMM;;;TRANS60;;SUMAMU;UMBERHLK;;;;4000;stratagems;Umber Hulk
SS3UMB9;MONSTER;UMBERHULK;UMBERHULK;UMBER_HULK;Ghast;None;9;SUMMONED;MALE;NEUTRAL;None;None;;None;GNSUMMM;;;TRANS60;;SUMAMU;UMBERHLK;;;;4000;stratagems;Umber Hulk
SSHAMB;MONSTER;SHAMBLING_MOUND;NO_CLASS;SHAMBLING_MOUND;SShamb;None;11;SUMMONED;MALE;CONTROLLED;None;None;None;bdsum00;None;;;;;;SHMBLR;;;;9000;stratagems;Shambling Mound
A!RAOUL;HUMANOID;HUMAN;BARD;THIEF_MALE_HUMAN;A!RAOUL;a!raoul;10;MALE;MALE;NEUTRAL;RR#PICKP;None;None;None;;;;;;;BLUN05;;;;0;song_and_silence;Raoul
RR#SHM01;GIANTHUMANOID;ELEMENTAL;ELEMENTAL_EARTH;ELEMENTAL_EARTH_SMALL;RR#SHM;;11;SUMMONED;MALE;ALLY;RR#SHM;;;;;HELMNOAN;;;;;RR#SHM01;;;;0;rr;Lesser Shambler
RR#SHM02;GIANTHUMANOID;ELEMENTAL;ELEMENTAL_EARTH;SHAMBLING_MOUND;RR#SHM;;16;SUMMONED;MALE;ALLY;RR#SHM;;;;;HELMNOAN;;;;;RR#SHM02;;;;0;rr;None whatsoever.
RR#SHM03;GIANTHUMANOID;ELEMENTAL;ELEMENTAL_EARTH;SHAMBLING_MOUND;RR#SHM;;20;SUMMONED;MALE;ALLY;RR#SHM;;;;;HELMNOAN;;;;;RR#SHM03;;;;0;rr;Greater Shambler
C0DESUM1;UNDEAD;HUMAN;ETTERCAP;SKELETON;C0DESUM1;;3;SUMMONED;SUMMONED;CONTROLLED;C0DEUNSU;None;None;None;BDSUM00;;;RING95;;C0DEATHS;SW1H04;;;;0;BardicWonders;Skeleton Warrior
C0DESUM2;UNDEAD;HUMAN;ETTERCAP;SKELETON;C0DESUM1;;5;SUMMONED;SUMMONED;CONTROLLED;C0DEUNSU;None;None;None;BDSUM00;HELMSKWA;;RING95;;C0DEATHS;SW1H05;;;;0;BardicWonders;Skeleton Warrior
C0DESUM3;UNDEAD;HUMAN;ETTERCAP;SKELETON_MONSTER;C0DESUM1;;7;SUMMONED;SUMMONED;CONTROLLED;C0DEUNSU;None;None;None;BDSUM00;HELMSKWA;;RING95;;C0DEATHS;SW1H02;;;;0;BardicWonders;Skeleton Warrior
C0DESUM4;UNDEAD;SKELETON;SKELETON_WARRIOR;SKELETON_WARRIOR;C0DESUM1;;9;SUMMONED;MALE;ALLY;C0DEUNSU;None;None;None;BDSUM00;HELMSKWA;;UNDTYPE;IMMUNE1;C0DEATHS;SKELWASU;;;;0;BardicWonders;Skeleton Warrior
C0DESUM5;UNDEAD;SKELETON;SKELETON_WARRIOR;SKELETON_WARRIOR;C0DESUM1;;15;SUMMONED;SUMMONED;CONTROLLED;C0DEUNSU;None;None;None;BDSUM00;HELMSKWA;;RING95;IMMUNE1;C0DEATHS;SW2H20;;;;0;BardicWonders;Skeleton Warrior
C0LEANNE;HUMANOID;ELF;BARD;THIEF_FEMALE_ELF;c0leanne;c0leanne;15;FEMALE;FEMALE;NEUTRAL;;None;None;None;None;;;;;;SW1H07;CATTIBOW;;;5000;BardicWonders;Leanne
C0PR#EF;HUMANOID;NO_RACE;NO_CLASS;BIRD;C0PR#EF;None;1;NIETHER;MALE;NEUTRAL;C0PR#EF;None;None;None;None;;;;MAGE01;IMOENHP1;;;;;0;BardicWonders;
QDFVSLS;HUMANOID;NO_RACE;NO_CLASS;MAGE_MALE_ELF;0;QDFVSLS;25;MALE;MALE;NEUTRAL;QDFVSLS;None;None;None;None;;;MINHP1;RIDRING;;B3-18M3;;;;0;TomeAndBlood;
D5KIFO;GIANTHUMANOID;GENIE;GENIE_DAO;DJINNI;Fish02;;25;FEMALE;MALE;NEUTRAL;d5kifo;None;None;None;None;;;MINHP1;RIDRING;;B3-18M3;;;;5000;might_and_guile;
C0D2_S1;ANIMAL;BEAR;BEAR_POLAR;BEAR_POLAR;C0D2_SM;;1;0;0;CONTROLLED;C0D2_SM;None;None;None;BDSUM00;;;SPRNGB04;C0D2_S1;;SPBATT1;;;;0;ArtisansKitpack;Spirit Bear
C0D2_S2;ANIMAL;WOLF;WOLF_DIRE;WOLF_WINTER;C0D2_SM;;1;0;0;CONTROLLED;C0D2_SM;None;None;None;BDSUM00;;;SPRNGW01;C0D2_S2;;SPWATT1;;;;0;ArtisansKitpack;Spirit Wolf
C0D2_S3;ANIMAL;NO_RACE;NO_CLASS;GREATCAT_LEOPARD;C0D2_SM;;1;0;0;CONTROLLED;C0D2_SM;None;None;None;BDSUM00;;;SPRNGL01;C0D2_S3;;SPLATT1;;;;0;ArtisansKitpack;Spirit Lion
C0D2_S4;ANIMAL;NO_RACE;NO_CLASS;SNAKE;C0D2_SM;;1;0;0;CONTROLLED;C0D2_SM;None;None;None;BDSUM00;;;SPRNGS01;C0D2_S4;;SPSATT1;;;;0;ArtisansKitpack;Spirit Snake
C0HVARAN;MONSTER;SPIDER;SORCERER;C0_ARANEA;C0HVARAN;;20;FEMALE;FEMALE;NEUTRAL;None;;None;None;BDSUM00;;;IMMUNE2;;;C0HVARAN;C0HVARAN;C0HVARAN;C0HVARAN;0;ArtisansKitpack;Aranea Elder
C0MBEAR;ANIMAL;BEAR;BEAR_BROWN;BEAR_BROWN;NONE;;9;MALE;MALE;ENEMY;SUMSHT02;NONE;BEAR;HUNTER;dw1melmw;;;;;;B1-12;;;;4000;ArtisansKitpack;Great Red Bear
C0MN#FI;ANIMAL;NO_RACE;NO_CLASS;NULL_ANIMATION;C0MN#FI;C0MN#FI;1;NIETHER;MALE;NEUTRAL;;;;;;;;IMPINVIS;NOCIRC;MINHP1;S2-16;;;;0;ArtisansKitpack;
C0PMVM1F;UNDEAD;VAMPIRE;VAMPIRE;VAMPIRE_FEMALE;C0PMVM;VVMALE1;8;SUMMONED;SUMMONED;CONTROLLED;None;None;None;None;BDSUM00;;;VAMPREG;IMMUNE1;;VAMP;;;;0;ArtisansKitpack;Vampire Fledgling
C0PMVM1M;UNDEAD;VAMPIRE;VAMPIRE;VAMPIRE;C0PMVM;VVMALE1;8;SUMMONED;SUMMONED;CONTROLLED;None;None;None;None;BDSUM00;;;VAMPREG;IMMUNE1;;VAMP;;;;0;ArtisansKitpack;Vampire Fledgling
C0PMVM2F;UNDEAD;VAMPIRE;VAMPIRE;VAMPIRE_FEMALE;C0PMVM;VVMALE1;12;SUMMONED;SUMMONED;CONTROLLED;None;None;None;None;BDSUM00;;;VAMPREG;IMMUNE1;;VAMP;;;;0;ArtisansKitpack;Vampire
C0PMVM2M;UNDEAD;VAMPIRE;VAMPIRE;VAMPIRE;C0PMVM;VVMALE1;12;SUMMONED;SUMMONED;CONTROLLED;None;None;None;None;BDSUM00;;;VAMPREG;IMMUNE1;;VAMP;;;;0;ArtisansKitpack;Vampire
C0PMVM3F;UNDEAD;VAMPIRE;VAMPIRE;VAMPIRE_FEMALE;C0PMVM;VVMALE1;16;SUMMONED;SUMMONED;CONTROLLED;None;None;None;None;BDSUM00;;;VAMPREG;IMMUNE1;;VAMP;;;;0;ArtisansKitpack;Vampire Elder
C0PMVM3M;UNDEAD;VAMPIRE;VAMPIRE;VAMPIRE;C0PMVM;VVMALE1;16;SUMMONED;SUMMONED;CONTROLLED;None;None;None;None;BDSUM00;;;VAMPREG;IMMUNE1;;VAMP;;;;0;ArtisansKitpack;Vampire Elder
C0PMVM4F;UNDEAD;VAMPIRE;VAMPIRE;VAMPIRE_FEMALE;C0PMVM;VVMALE1;18;SUMMONED;SUMMONED;CONTROLLED;None;None;None;None;BDSUM00;;;VAMPREG;IMMUNE2;;VAMP2;;;;9;ArtisansKitpack;Ancient Vampire
C0PMVM4M;UNDEAD;VAMPIRE;VAMPIRE;VAMPIRE;C0PMVM;VVMALE1;18;SUMMONED;SUMMONED;CONTROLLED;None;None;None;None;BDSUM00;;;VAMPREG;IMMUNE2;;VAMP2;;;;9;ArtisansKitpack;Ancient Vampire
C0SD-A1C;UNDEAD;SHADOW;THIEF;THIEF_MALE_HUMAN;C0SD-A1A;None;3;0;0;CONTROLLED;C0SD-A1A;;None;None;;;SW1H08;;RING95;;SW1H08;SW1H08;;;0;ArtisansKitpack;Shadow
A7!GLAD1;GIANTHUMANOID;GOLEM;GOLEM_IRON;A7!GOLEM_IRON_MINI;a7!glad1;a7!cmd;18;NIETHER;MALE;NEUTRAL;a7!gldef;a7!glad1;;;a7!cmd;;;IMMUNE3;A7!EQIR;A7!FAM;A7!WPIR;;;;0;A7-GolemConstruction;Lesser Adamantite Golem
A7!GLAD2;GIANTHUMANOID;GOLEM;GOLEM_IRON;GOLEM_IRON;a7!glad2;a7!cmd;18;NIETHER;MALE;NEUTRAL;a7!gldef;a7!glad2;;;a7!cmd;;;IMMUNE3;A7!EQIR;A7!FAM;A7!WPIR;;;;0;A7-GolemConstruction;Adamantite Golem
A7!GLAD3;GIANTHUMANOID;GOLEM;GOLEM_IRON;GOLEM_IRON;a7!glad3;a7!cmd;18;NIETHER;MALE;NEUTRAL;a7!gldef;a7!glad3;;;a7!cmd;;;IMMUNE4;A7!EQIR;A7!FAM;A7!WPIR;;;;0;A7-GolemConstruction;Greater Adamantite Golem
A7!GLAD4;GIANTHUMANOID;GOLEM;GOLEM_IRON;GOLEM_IRON;a7!glad4;a7!cmd;18;NIETHER;MALE;NEUTRAL;a7!gldef;a7!glad4;;;a7!cmd;;;IMMUNE4;A7!EQIR;A7!FAM;A7!WPIR;;;;0;A7-GolemConstruction;Perfect Adamantite Golem
A7!GLBD;HUMANOID;GOLEM;SKELETON;A7!GOLEM_BONE_DOLL;a7!glbd;a7!cmd3;6;NIETHER;MALE;NEUTRAL;a7!gldl;a7!glbd;;;a7!cmd;;;IMMUNE1;A7!EQBO;A7!FAM;A7!WPBD;;;;0;A7-GolemConstruction;Bone Doll
A7!GLBO;GIANTHUMANOID;GOLEM;GOLEM_STONE;SKELETON_FIEND;a7!glbo;a7!cmd;14;NIETHER;MALE;NEUTRAL;a7!gldef;a7!glbo;;;a7!cmd;;;IMMUNE1;A7!EQBO;A7!FAM;S3-8M3;;;;0;A7-GolemConstruction;Bone Golem
A7!GLBR;GIANTHUMANOID;GOLEM;GOLEM_CLAY;A7!GOLEM_BRAIN;a7!glbr;a7!cmd;12;NIETHER;MALE;NEUTRAL;a7!gldef;a7!glbr;;;a7!cmd;;;IMMUNE2;A7!EQBR;A7!FAM;A7!WPBR;;;;0;A7-GolemConstruction;Brain Golem
A7!GLCL1;GIANTHUMANOID;GOLEM;GOLEM_CLAY;GOLEM_MINI;a7!glcl1;a7!cmd2;9;NIETHER;MALE;NEUTRAL;a7!gldef;a7!glcl1;;;a7!cmd;;;;A7!EQCL;A7!FAM;A7!WPCL;;;;0;A7-GolemConstruction;Lesser Clay Golem
A7!GLCL2;GIANTHUMANOID;GOLEM;GOLEM_CLAY;GOLEM_CLAY;a7!glcl2;a7!cmd;9;NIETHER;MALE;NEUTRAL;a7!gldef;a7!glcl2;;;a7!cmd;;;IMMUNE1;A7!EQCL;A7!FAM;A7!WPCL;;;;0;A7-GolemConstruction;Clay Golem
A7!GLCL3;GIANTHUMANOID;GOLEM;GOLEM_CLAY;GOLEM_CLAY;a7!glcl3;a7!cmd;9;NIETHER;MALE;NEUTRAL;a7!gldef;a7!glcl3;;;a7!cmd;;;IMMUNE2;A7!EQCL;A7!FAM;A7!WPCL;;;;0;A7-GolemConstruction;Greater Clay Golem
A7!GLCL4;GIANTHUMANOID;GOLEM;GOLEM_CLAY;GOLEM_CLAY;a7!glcl4;a7!cmd;9;NIETHER;MALE;NEUTRAL;a7!gldef;a7!glcl4;;;a7!cmd;;;IMMUNE2;A7!EQCL;A7!FAM;A7!WPCL;;;;0;A7-GolemConstruction;Perfect Clay Golem
A7!GLDO;HUMANOID;GOLEM;GOLEM_FLESH;A7!GOLEM_DOLL;a7!gldo;a7!cmd3;6;NIETHER;MALE;NEUTRAL;a7!gldl;a7!gldo;;;a7!cmd;;;IMMUNE1;A7!EQFL;A7!FAM;A7!WPDG;;;;0;A7-GolemConstruction;Doll Golem
A7!GLFL1;GIANTHUMANOID;GOLEM;GOLEM_FLESH;A7!GOLEM_FLESH_PST_MINI;a7!glfl1;a7!cmd2;9;NIETHER;MALE;NEUTRAL;a7!gldef;a7!glfl1;;;a7!cmd;;;;A7!EQFL;A7!FAM;A7!WPFL;;;;0;A7-GolemConstruction;Lesser Flesh Golem
A7!GLFL2;GIANTHUMANOID;GOLEM;GOLEM_FLESH;A7!GOLEM_FLESH_PST;a7!glfl2;a7!cmd;9;NIETHER;MALE;NEUTRAL;a7!gldef;a7!glfl2;;;a7!cmd;;;IMMUNE1;A7!EQFL;A7!FAM;A7!WPFL;;;;0;A7-GolemConstruction;Flesh Golem
A7!GLFL3;GIANTHUMANOID;GOLEM;GOLEM_FLESH;A7!GOLEM_FLESH_PST;a7!glfl3;a7!cmd;9;NIETHER;MALE;NEUTRAL;a7!gldef;a7!glfl3;;;a7!cmd;;;IMMUNE1;A7!EQFL;A7!FAM;A7!WPFL;;;;0;A7-GolemConstruction;Greater Flesh Golem
A7!GLFL4;GIANTHUMANOID;GOLEM;GOLEM_FLESH;A7!GOLEM_FLESH_PST;a7!glfl4;a7!cmd;9;NIETHER;MALE;NEUTRAL;a7!gldef;a7!glfl4;;;a7!cmd;;;IMMUNE2;A7!EQFL;A7!FAM;A7!WPFL;;;;0;A7-GolemConstruction;Perfect Flesh Golem
A7!GLIC;GIANTHUMANOID;GOLEM;GOLEM_IRON;GOLEM_ICE;a7!glic;a7!cmd;20;NIETHER;MALE;NEUTRAL;a7!gldef;a7!glic;;;a7!cmd;;;IMMUNE1;A7!EQIC;A7!FAM;A7!WPIC;;;;0;A7-GolemConstruction;Ice Golem
A7!GLIR1;GIANTHUMANOID;GOLEM;GOLEM_IRON;A7!GOLEM_IRON_IWD_MINI;a7!glir1;a7!cmd;18;NIETHER;MALE;NEUTRAL;a7!gldef;a7!glir1;;;a7!cmd;;;IMMUNE2;A7!EQIR;A7!FAM;A7!WPIR;;;;0;A7-GolemConstruction;Lesser Iron Golem
A7!GLIR2;GIANTHUMANOID;GOLEM;GOLEM_IRON;GOLEM_IRON_IWD;a7!glir2;a7!cmd;18;NIETHER;MALE;NEUTRAL;a7!gldef;a7!glir2;;;a7!cmd;;;IMMUNE3;A7!EQIR;A7!FAM;A7!WPIR;;;;0;A7-GolemConstruction;Iron Golem
A7!GLIR3;GIANTHUMANOID;GOLEM;GOLEM_IRON;GOLEM_IRON_IWD;a7!glir3;a7!cmd;18;NIETHER;MALE;NEUTRAL;a7!gldef;a7!glir3;;;a7!cmd;;;IMMUNE3;A7!EQIR;A7!FAM;A7!WPIR;;;;0;A7-GolemConstruction;Greater Iron Golem
A7!GLIR4;GIANTHUMANOID;GOLEM;GOLEM_IRON;GOLEM_IRON_IWD;a7!glir4;a7!cmd;18;NIETHER;MALE;NEUTRAL;a7!gldef;a7!glir4;;;a7!cmd;;;IMMUNE3;A7!EQIR;A7!FAM;A7!WPIR;;;;0;A7-GolemConstruction;Perfect Iron Golem
A7!GLLT;GIANTHUMANOID;GOLEM;GOLEM_CLAY;A7!GOLEM_LIGHTNING;a7!gllt;a7!cmd;10;NIETHER;MALE;NEUTRAL;a7!gldef;a7!gllt;;;a7!cmd;;;IMMUNE3;A7!EQCL;A7!FAM;A7!WPLT;;;;0;A7-GolemConstruction;Lightning Golem
A7!GLMA;GIANTHUMANOID;GOLEM;GOLEM_CLAY;ELEMENTAL_FIRE_PURPLE;a7!glma;a7!cmd;10;NIETHER;MALE;NEUTRAL;a7!gldef;a7!glma;;;a7!cmdma;;;;A7!EQMA;A7!FAM;A7!WPMA;;;;0;A7-GolemConstruction;Magic Golem
A7!GLMG;GIANTHUMANOID;GOLEM;GOLEM_FLESH;A7!GOLEM_MAGGOT;a7!glmg;a7!cmd2;9;NIETHER;MALE;NEUTRAL;a7!gldef;a7!glmg;;;a7!cmd;;;IMMUNE1;A7!EQMG;A7!FAM;A7!WPMG;;;;0;A7-GolemConstruction;Maggot Golem
A7!GLMI1;GIANTHUMANOID;GOLEM;GOLEM_IRON;A7!GOLEM_IRON_MINI;a7!glmi1;a7!cmd;18;NIETHER;MALE;NEUTRAL;a7!gldef;a7!glmi1;;;a7!cmd;;;IMMUNE3;A7!EQIR;A7!FAM;A7!WPIR;;;;0;A7-GolemConstruction;Lesser Mithral Golem
A7!GLMI2;GIANTHUMANOID;GOLEM;GOLEM_IRON;GOLEM_IRON;a7!glmi2;a7!cmd;18;NIETHER;MALE;NEUTRAL;a7!gldef;a7!glmi2;;;a7!cmd;;;IMMUNE3;A7!EQIR;A7!FAM;A7!WPIR;;;;0;A7-GolemConstruction;Mithral Golem
A7!GLMI3;GIANTHUMANOID;GOLEM;GOLEM_IRON;GOLEM_IRON;a7!glmi3;a7!cmd;18;NIETHER;MALE;NEUTRAL;a7!gldef;a7!glmi3;;;a7!cmd;;;IMMUNE3;A7!EQIR;A7!FAM;A7!WPIR;;;;0;A7-GolemConstruction;Greater Mithral Golem
A7!GLMI4;GIANTHUMANOID;GOLEM;GOLEM_IRON;GOLEM_IRON;a7!glmi4;a7!cmd;18;NIETHER;MALE;NEUTRAL;a7!gldef;a7!glmi4;;;a7!cmd;;;IMMUNE4;A7!EQIR;A7!FAM;A7!WPIR;;;;0;A7-GolemConstruction;Perfect Mithral Golem
A7!GLRU;GIANTHUMANOID;GOLEM;GOLEM_IRON;A7!GOLEM_RUBY;a7!glru;a7!cmd;20;NIETHER;MALE;NEUTRAL;a7!gldef;a7!glru;;;a7!cmd;;;IMMUNE2;A7!EQRU;A7!FAM;A7!WPRU;;;;0;A7-GolemConstruction;Ruby Golem
A7!GLST1;GIANTHUMANOID;GOLEM;GOLEM_STONE;GOLEM_MINI;a7!glst1;a7!cmd2;14;NIETHER;MALE;NEUTRAL;a7!gldef;a7!glst1;;;a7!cmd;;;IMMUNE1;A7!EQST;A7!FAM;A7!WPST;;;;0;A7-GolemConstruction;Lesser Stone Golem
A7!GLST2;GIANTHUMANOID;GOLEM;GOLEM_STONE;GOLEM_CLAY;a7!glst2;a7!cmd;14;NIETHER;MALE;NEUTRAL;a7!gldef;a7!glst2;;;a7!cmd;;;IMMUNE2;A7!EQST;A7!FAM;A7!WPST;;;;0;A7-GolemConstruction;Stone Golem
A7!GLST3;GIANTHUMANOID;GOLEM;GOLEM_STONE;GOLEM_CLAY;a7!glst3;a7!cmd;14;NIETHER;MALE;NEUTRAL;a7!gldef;a7!glst3;;;a7!cmd;;;IMMUNE2;A7!EQST;A7!FAM;A7!WPST;;;;0;A7-GolemConstruction;Greater Stone Golem
A7!GLST4;GIANTHUMANOID;GOLEM;GOLEM_STONE;GOLEM_CLAY;a7!glst4;a7!cmd;14;NIETHER;MALE;NEUTRAL;a7!gldef;a7!glst4;;;a7!cmd;;;IMMUNE3;A7!EQST;A7!FAM;A7!WPST;;;;0;A7-GolemConstruction;Perfect Stone Golem
A7!GSAD1;GIANTHUMANOID;GOLEM;GOLEM_IRON;A7!GOLEM_IRON_MINI;a7!glad1;a7!cmd;18;NIETHER;MALE;NEUTRAL;a7!gsdef;a7!glad1;;;a7!cmd;;;IMMUNE3;A7!EQIR;A7!FAM;A7!WPIR;;;;0;A7-GolemConstruction;Lesser Adamantite Golem
A7!GSAD2;GIANTHUMANOID;GOLEM;GOLEM_IRON;GOLEM_IRON;a7!glad2;a7!cmd;18;NIETHER;MALE;NEUTRAL;a7!gsdef;a7!glad2;;;a7!cmd;;;IMMUNE3;A7!EQIR;A7!FAM;A7!WPIR;;;;0;A7-GolemConstruction;Adamantite Golem
A7!GSCL1;GIANTHUMANOID;GOLEM;GOLEM_CLAY;GOLEM_MINI;a7!glcl1;a7!cmd2;9;NIETHER;MALE;NEUTRAL;a7!gsdef;a7!glcl1;;;a7!cmd;;;;A7!EQCL;A7!FAM;A7!WPCL;;;;0;A7-GolemConstruction;Lesser Clay Golem
A7!GSCL2;GIANTHUMANOID;GOLEM;GOLEM_CLAY;GOLEM_CLAY;a7!glcl2;a7!cmd;9;NIETHER;MALE;NEUTRAL;a7!gsdef;a7!glcl2;;;a7!cmd;;;IMMUNE1;A7!EQCL;A7!FAM;A7!WPCL;;;;0;A7-GolemConstruction;Clay Golem
A7!GSFL1;GIANTHUMANOID;GOLEM;GOLEM_FLESH;A7!GOLEM_FLESH_PST_MINI;a7!glfl1;a7!cmd2;9;NIETHER;MALE;NEUTRAL;a7!gsdef;a7!glfl1;;;a7!cmd;;;;A7!EQFL;A7!FAM;A7!WPFL;;;;0;A7-GolemConstruction;Lesser Flesh Golem
A7!GSFL2;GIANTHUMANOID;GOLEM;GOLEM_FLESH;A7!GOLEM_FLESH_PST;a7!glfl2;a7!cmd;9;NIETHER;MALE;NEUTRAL;a7!gsdef;a7!glfl2;;;a7!cmd;;;IMMUNE1;A7!EQFL;A7!FAM;A7!WPFL;;;;0;A7-GolemConstruction;Flesh Golem
A7!GSIR1;GIANTHUMANOID;GOLEM;GOLEM_IRON;A7!GOLEM_IRON_IWD_MINI;a7!glir1;a7!cmd;18;NIETHER;MALE;NEUTRAL;a7!gsdef;a7!glir1;;;a7!cmd;;;IMMUNE2;A7!EQIR;A7!FAM;A7!WPIR;;;;0;A7-GolemConstruction;Lesser Iron Golem
A7!GSIR2;GIANTHUMANOID;GOLEM;GOLEM_IRON;GOLEM_IRON_IWD;a7!glir2;a7!cmd;18;NIETHER;MALE;NEUTRAL;a7!gsdef;a7!glir2;;;a7!cmd;;;IMMUNE3;A7!EQIR;A7!FAM;A7!WPIR;;;;0;A7-GolemConstruction;Iron Golem
A7!GSMI1;GIANTHUMANOID;GOLEM;GOLEM_IRON;A7!GOLEM_IRON_MINI;a7!glmi1;a7!cmd;18;NIETHER;MALE;NEUTRAL;a7!gsdef;a7!glmi1;;;a7!cmd;;;IMMUNE3;A7!EQIR;A7!FAM;A7!WPIR;;;;0;A7-GolemConstruction;Lesser Mithral Golem
A7!GSMI2;GIANTHUMANOID;GOLEM;GOLEM_IRON;GOLEM_IRON;a7!glmi2;a7!cmd;18;NIETHER;MALE;NEUTRAL;a7!gsdef;a7!glmi2;;;a7!cmd;;;IMMUNE3;A7!EQIR;A7!FAM;A7!WPIR;;;;0;A7-GolemConstruction;Mithral Golem
A7!GSST1;GIANTHUMANOID;GOLEM;GOLEM_STONE;GOLEM_MINI;a7!glst1;a7!cmd2;14;NIETHER;MALE;NEUTRAL;a7!gsdef;a7!glst1;;;a7!cmd;;;IMMUNE1;A7!EQST;A7!FAM;A7!WPST;;;;0;A7-GolemConstruction;Lesser Stone Golem
A7!GSST2;GIANTHUMANOID;GOLEM;GOLEM_STONE;GOLEM_CLAY;a7!glst2;a7!cmd;14;NIETHER;MALE;NEUTRAL;a7!gsdef;a7!glst2;;;a7!cmd;;;IMMUNE2;A7!EQST;A7!FAM;A7!WPST;;;;0;A7-GolemConstruction;Stone Golem
A7!GXAD1;GIANTHUMANOID;GOLEM;GOLEM_IRON;A7!GOLEM_IRON_MINI;a7!gxad1;;18;NIETHER;MALE;ENEMY;;a7!gxad1;;;a7!gxdef;;;IMMUNE3;A7!EQIR;A7!FAM;A7!WPIR;;;;8000;A7-GolemConstruction;Lesser Adamantite Golem
A7!GXAD2;GIANTHUMANOID;GOLEM;GOLEM_IRON;GOLEM_IRON;a7!gxad2;;18;NIETHER;MALE;ENEMY;;a7!gxad2;;;a7!gxdef;;;IMMUNE3;A7!EQIR;A7!FAM;A7!WPIR;;;;25000;A7-GolemConstruction;Adamantite Golem
A7!GXAD3;GIANTHUMANOID;GOLEM;GOLEM_IRON;GOLEM_IRON;a7!gxad3;;18;NIETHER;MALE;ENEMY;;a7!gxad3;;;a7!gxdef;;;IMMUNE4;A7!EQIR;A7!FAM;A7!WPIR;;;;35000;A7-GolemConstruction;Greater Adamantite Golem
A7!GXAD4;GIANTHUMANOID;GOLEM;GOLEM_IRON;GOLEM_IRON;a7!gxad4;;18;NIETHER;MALE;ENEMY;;a7!gxad4;;;a7!gxdef;;;IMMUNE4;A7!EQIR;A7!FAM;A7!WPIR;;;;50000;A7-GolemConstruction;Perfect Adamantite Golem
A7!GXBD;HUMANOID;GOLEM;SKELETON;A7!GOLEM_BONE_DOLL;a7!gxbd;a7!cmdx;6;NIETHER;MALE;NEUTRAL;a7!gxdl;a7!gxbd;;;;;;IMMUNE1;A7!EQBO;A7!FAM;A7!WPBD;;;;2000;A7-GolemConstruction;Golem Servant
A7!GXBO;GIANTHUMANOID;GOLEM;GOLEM_STONE;SKELETON_FIEND;a7!gxbo;;14;NIETHER;MALE;ENEMY;;a7!gxbo;;;a7!gxdef;;;IMMUNE1;A7!EQBO;A7!FAM;S3-8M3;;;;18000;A7-GolemConstruction;Bone Golem
A7!GXBR;GIANTHUMANOID;GOLEM;GOLEM_CLAY;A7!GOLEM_BRAIN;a7!gxbr;;12;NIETHER;MALE;ENEMY;;a7!gxbr;;;a7!gxdef;;;IMMUNE2;A7!EQBR;A7!FAM;A7!WPBR;;;;10000;A7-GolemConstruction;Brain Golem
A7!GXCL1;GIANTHUMANOID;GOLEM;GOLEM_CLAY;GOLEM_MINI;a7!gxcl1;;9;NIETHER;MALE;ENEMY;;a7!gxcl1;;;a7!gxdef;;;;A7!EQCL;A7!FAM;A7!WPCL;;;;2000;A7-GolemConstruction;Lesser Clay Golem
A7!GXCL2;GIANTHUMANOID;GOLEM;GOLEM_CLAY;GOLEM_CLAY;a7!gxcl2;;9;NIETHER;MALE;ENEMY;;a7!gxcl2;;;a7!gxdef;;;IMMUNE1;A7!EQCL;A7!FAM;A7!WPCL;;;;8000;A7-GolemConstruction;Clay Golem
A7!GXCL3;GIANTHUMANOID;GOLEM;GOLEM_CLAY;GOLEM_CLAY;a7!gxcl3;;9;NIETHER;MALE;ENEMY;;a7!gxcl3;;;a7!gxdef;;;IMMUNE2;A7!EQCL;A7!FAM;A7!WPCL;;;;12000;A7-GolemConstruction;Greater Clay Golem
A7!GXCL4;GIANTHUMANOID;GOLEM;GOLEM_CLAY;GOLEM_CLAY;a7!gxcl4;;9;NIETHER;MALE;ENEMY;;a7!gxcl4;;;a7!gxdef;;;IMMUNE2;A7!EQCL;A7!FAM;A7!WPCL;;;;20000;A7-GolemConstruction;Perfect Clay Golem
A7!GXDO;HUMANOID;GOLEM;GOLEM_FLESH;A7!GOLEM_DOLL;a7!gxdo;a7!cmdx;6;NIETHER;MALE;NEUTRAL;a7!gxdl;a7!gxdo;;;;;;IMMUNE1;A7!EQFL;A7!FAM;A7!WPDG;;;;2000;A7-GolemConstruction;Golem Servant
A7!GXFL1;GIANTHUMANOID;GOLEM;GOLEM_FLESH;A7!GOLEM_FLESH_PST_MINI;a7!gxfl1;;9;NIETHER;MALE;ENEMY;;a7!gxfl1;;;a7!gxdef;;;;A7!EQFL;A7!FAM;A7!WPFL;;;;500;A7-GolemConstruction;Lesser Flesh Golem
A7!GXFL2;GIANTHUMANOID;GOLEM;GOLEM_FLESH;A7!GOLEM_FLESH_PST;a7!gxfl2;;9;NIETHER;MALE;ENEMY;;a7!gxfl2;;;a7!gxdef;;;IMMUNE1;A7!EQFL;A7!FAM;A7!WPFL;;;;2000;A7-GolemConstruction;Flesh Golem
A7!GXFL3;GIANTHUMANOID;GOLEM;GOLEM_FLESH;A7!GOLEM_FLESH_PST;a7!gxfl3;;9;NIETHER;MALE;ENEMY;;a7!gxfl3;;;a7!gxdef;;;IMMUNE1;A7!EQFL;A7!FAM;A7!WPFL;;;;3000;A7-GolemConstruction;Greater Flesh Golem
A7!GXFL4;GIANTHUMANOID;GOLEM;GOLEM_FLESH;A7!GOLEM_FLESH_PST;a7!gxfl4;;9;NIETHER;MALE;ENEMY;;a7!gxfl4;;;a7!gxdef;;;IMMUNE2;A7!EQFL;A7!FAM;A7!WPFL;;;;5000;A7-GolemConstruction;Perfect Flesh Golem
A7!GXIC;GIANTHUMANOID;GOLEM;GOLEM_IRON;GOLEM_ICE;a7!gxic;;20;NIETHER;MALE;ENEMY;;a7!gxic;;;a7!gxdef;;;IMMUNE1;A7!EQIC;A7!FAM;A7!WPIC;;;;13000;A7-GolemConstruction;Ice Golem
A7!GXIR1;GIANTHUMANOID;GOLEM;GOLEM_IRON;A7!GOLEM_IRON_IWD_MINI;a7!gxir1;;18;NIETHER;MALE;ENEMY;;a7!gxir1;;;a7!gxdef;;;IMMUNE2;A7!EQIR;A7!FAM;A7!WPIR;;;;4000;A7-GolemConstruction;Lesser Iron Golem
A7!GXIR2;GIANTHUMANOID;GOLEM;GOLEM_IRON;GOLEM_IRON_IWD;a7!gxir2;;18;NIETHER;MALE;ENEMY;;a7!gxir2;;;a7!gxdef;;;IMMUNE3;A7!EQIR;A7!FAM;A7!WPIR;;;;13000;A7-GolemConstruction;Iron Golem
A7!GXIR3;GIANTHUMANOID;GOLEM;GOLEM_IRON;GOLEM_IRON_IWD;a7!gxir3;;18;NIETHER;MALE;ENEMY;;a7!gxir3;;;a7!gxdef;;;IMMUNE3;A7!EQIR;A7!FAM;A7!WPIR;;;;18000;A7-GolemConstruction;Greater Iron Golem
A7!GXIR4;GIANTHUMANOID;GOLEM;GOLEM_IRON;GOLEM_IRON_IWD;a7!gxir4;;18;NIETHER;MALE;ENEMY;;a7!gxir4;;;a7!gxdef;;;IMMUNE3;A7!EQIR;A7!FAM;A7!WPIR;;;;25000;A7-GolemConstruction;Perfect Iron Golem
A7!GXLT;GIANTHUMANOID;GOLEM;GOLEM_CLAY;A7!GOLEM_LIGHTNING;a7!gxlt;None;10;NIETHER;MALE;ENEMY;;a7!gxlt;;;a7!gxdef;;;IMMUNE3;A7!EQCL;A7!FAM;A7!WPLT;;;;12000;A7-GolemConstruction;Lightning Golem
A7!GXMA;GIANTHUMANOID;GOLEM;GOLEM_CLAY;ELEMENTAL_FIRE_PURPLE;a7!gxma;None;10;NIETHER;MALE;ENEMY;;a7!gxma;;;a7!gxdef;;;;A7!EQMA;A7!FAM;A7!WPMA;;;;8000;A7-GolemConstruction;Magic Golem
A7!GXMG;GIANTHUMANOID;GOLEM;GOLEM_FLESH;A7!GOLEM_MAGGOT;a7!gxmg;;9;NIETHER;MALE;ENEMY;;a7!gxmg;;;a7!gxdef;;;IMMUNE1;A7!EQMG;A7!FAM;A7!WPMG;;;;750;A7-GolemConstruction;Maggot Golem
A7!GXMI1;GIANTHUMANOID;GOLEM;GOLEM_IRON;A7!GOLEM_IRON_MINI;a7!gxmi1;;18;NIETHER;MALE;ENEMY;;a7!gxmi1;;;a7!gxdef;;;IMMUNE3;A7!EQIR;A7!FAM;A7!WPIR;;;;6000;A7-GolemConstruction;Lesser Mithral Golem
A7!GXMI2;GIANTHUMANOID;GOLEM;GOLEM_IRON;GOLEM_IRON;a7!gxmi2;;18;NIETHER;MALE;ENEMY;;a7!gxmi2;;;a7!gxdef;;;IMMUNE3;A7!EQIR;A7!FAM;A7!WPIR;;;;16000;A7-GolemConstruction;Mithral Golem
A7!GXMI3;GIANTHUMANOID;GOLEM;GOLEM_IRON;GOLEM_IRON;a7!gxmi3;;18;NIETHER;MALE;ENEMY;;a7!gxmi3;;;a7!gxdef;;;IMMUNE3;A7!EQIR;A7!FAM;A7!WPIR;;;;22000;A7-GolemConstruction;Greater Mithral Golem
A7!GXMI4;GIANTHUMANOID;GOLEM;GOLEM_IRON;GOLEM_IRON;a7!gxmi4;;18;NIETHER;MALE;ENEMY;;a7!gxmi4;;;a7!gxdef;;;IMMUNE4;A7!EQIR;A7!FAM;A7!WPIR;;;;35000;A7-GolemConstruction;Perfect Mithral Golem
A7!GXRU;GIANTHUMANOID;GOLEM;GOLEM_IRON;A7!GOLEM_RUBY;a7!gxru;;20;NIETHER;MALE;ENEMY;;a7!gxru;;;a7!gxdef;;;IMMUNE2;A7!EQRU;A7!FAM;A7!WPRU;;;;15000;A7-GolemConstruction;Ruby Golem
A7!GXST1;GIANTHUMANOID;GOLEM;GOLEM_STONE;GOLEM_MINI;a7!gxst1;;14;NIETHER;MALE;ENEMY;;a7!gxst1;;;a7!gxdef;;;IMMUNE1;A7!EQST;A7!FAM;A7!WPST;;;;2000;A7-GolemConstruction;Lesser Stone Golem
A7!GXST2;GIANTHUMANOID;GOLEM;GOLEM_STONE;GOLEM_CLAY;a7!gxst2;;14;NIETHER;MALE;ENEMY;;a7!gxst2;;;a7!gxdef;;;IMMUNE2;A7!EQST;A7!FAM;A7!WPST;;;;8000;A7-GolemConstruction;Stone Golem
A7!GXST3;GIANTHUMANOID;GOLEM;GOLEM_STONE;GOLEM_CLAY;a7!gxst3;;14;NIETHER;MALE;ENEMY;;a7!gxst3;;;a7!gxdef;;;IMMUNE2;A7!EQST;A7!FAM;A7!WPST;;;;12000;A7-GolemConstruction;Greater Stone Golem
A7!GXST4;GIANTHUMANOID;GOLEM;GOLEM_STONE;GOLEM_CLAY;a7!gxst4;;14;NIETHER;MALE;ENEMY;;a7!gxst4;;;a7!gxdef;;;IMMUNE3;A7!EQST;A7!FAM;A7!WPST;;;;20000;A7-GolemConstruction;Perfect Stone Golem
A7!GYAD1;GIANTHUMANOID;GOLEM;GOLEM_IRON;A7!GOLEM_IRON_MINI;a7!gxad1;;18;NIETHER;MALE;ENEMY;;a7!gxad1;;;a7!gxdef;;;IMMUNE3;A7!EQIR;A7!FAM;A7!WPIR;;;;8000;A7-GolemConstruction;Lesser Adamantite Golem
A7!GYAD2;GIANTHUMANOID;GOLEM;GOLEM_IRON;GOLEM_IRON;a7!gxad2;;18;NIETHER;MALE;ENEMY;;a7!gxad2;;;a7!gxdef;;;IMMUNE3;A7!EQIR;A7!FAM;A7!WPIR;;;;25000;A7-GolemConstruction;Adamantite Golem
A7!GYCL1;GIANTHUMANOID;GOLEM;GOLEM_CLAY;GOLEM_MINI;a7!gxcl1;;9;NIETHER;MALE;ENEMY;;a7!gxcl1;;;a7!gxdef;;;;A7!EQCL;A7!FAM;A7!WPCL;;;;2000;A7-GolemConstruction;Lesser Clay Golem
A7!GYCL2;GIANTHUMANOID;GOLEM;GOLEM_CLAY;GOLEM_CLAY;a7!gxcl2;;9;NIETHER;MALE;ENEMY;;a7!gxcl2;;;a7!gxdef;;;IMMUNE1;A7!EQCL;A7!FAM;A7!WPCL;;;;8000;A7-GolemConstruction;Clay Golem
A7!GYFL1;GIANTHUMANOID;GOLEM;GOLEM_FLESH;A7!GOLEM_FLESH_PST_MINI;a7!gxfl1;;9;NIETHER;MALE;ENEMY;;a7!gxdef;;;a7!gxfl1;;;;A7!EQFL;A7!FAM;A7!WPFL;;;;500;A7-GolemConstruction;Lesser Flesh Golem
A7!GYFL2;GIANTHUMANOID;GOLEM;GOLEM_FLESH;A7!GOLEM_FLESH_PST;a7!gxfl2;;9;NIETHER;MALE;ENEMY;;a7!gxfl2;;;a7!gxdef;;;IMMUNE1;A7!EQFL;A7!FAM;A7!WPFL;;;;2000;A7-GolemConstruction;Flesh Golem
A7!GYIR1;GIANTHUMANOID;GOLEM;GOLEM_IRON;A7!GOLEM_IRON_IWD_MINI;a7!gxir1;;18;NIETHER;MALE;ENEMY;;a7!gxir1;;;a7!gxdef;;;IMMUNE2;A7!EQIR;A7!FAM;A7!WPIR;;;;4000;A7-GolemConstruction;Lesser Iron Golem
A7!GYIR2;GIANTHUMANOID;GOLEM;GOLEM_IRON;GOLEM_IRON_IWD;a7!gxir2;;18;NIETHER;MALE;ENEMY;;a7!gxir2;;;a7!gxdef;;;IMMUNE3;A7!EQIR;A7!FAM;A7!WPIR;;;;13000;A7-GolemConstruction;Iron Golem
A7!GYMI1;GIANTHUMANOID;GOLEM;GOLEM_IRON;A7!GOLEM_IRON_MINI;a7!gxmi1;;18;NIETHER;MALE;ENEMY;;a7!gxmi1;;;a7!gxdef;;;IMMUNE3;A7!EQIR;A7!FAM;A7!WPIR;;;;6000;A7-GolemConstruction;Lesser Mithral Golem
A7!GYMI2;GIANTHUMANOID;GOLEM;GOLEM_IRON;GOLEM_IRON;a7!gxmi2;;18;NIETHER;MALE;ENEMY;;a7!gxmi2;;;a7!gxdef;;;IMMUNE3;A7!EQIR;A7!FAM;A7!WPIR;;;;16000;A7-GolemConstruction;Mithral Golem
A7!GYST1;GIANTHUMANOID;GOLEM;GOLEM_STONE;GOLEM_MINI;a7!gxst1;;14;NIETHER;MALE;ENEMY;;a7!gxst1;;;a7!gxdef;;;IMMUNE1;A7!EQST;A7!FAM;A7!WPST;;;;2000;A7-GolemConstruction;Lesser Stone Golem
A7!GYST2;GIANTHUMANOID;GOLEM;GOLEM_STONE;GOLEM_CLAY;a7!gxst2;;14;NIETHER;MALE;ENEMY;;a7!gxst2;;;a7!gxdef;;;IMMUNE2;A7!EQST;A7!FAM;A7!WPST;;;;8000;A7-GolemConstruction;Stone Golem
A7!MARK;ANIMAL;NO_RACE;NO_CLASS;DOOM_GUARD;a7!mark;;1;NIETHER;MALE;NEUTRAL;;;;;;;;;NOCIRC;MINHP1;S2-16;;;;0;A7-GolemConstruction;
A7!SMDLG;ANIMAL;NO_RACE;NO_CLASS;DOOM_GUARD;a7!smdlg;A7!SMDLG;1;NIETHER;MALE;NEUTRAL;A7!SMDLG;;;;;;;A7!INVIS;A7!NOSEL;MINHP1;S2-16;;;;0;A7-GolemConstruction;Construct Golem
A7!UPGR;ANIMAL;NO_RACE;NO_CLASS;DOOM_GUARD;a7!upgr;;1;NIETHER;MALE;NEUTRAL;;;;;;;;;NOCIRC;MINHP1;S2-16;;;;0;A7-GolemConstruction;
DW-ICE12;MONSTER;ELEMENTAL;ELEMENTAL_EARTH;GOLEM_ICE;dw-ice_paraelemental_12hd;;12;SUMMONED;SUMMONED;CONTROLLED;dw-iceel;None;None;None;BDSUM00;;;IMMUNE2;;;DW-IEWP2;;;;0;dw_talents;Ice Paraelemental
DW-ICE16;MONSTER;ELEMENTAL;ELEMENTAL_EARTH;GOLEM_ICE;dw-ice_paraelemental_16hd;;16;SUMMONED;SUMMONED;CONTROLLED;dw-iceel;None;None;None;BDSUM00;;;IMMUNE2;;;DW-IEWP3;;;;0;dw_talents;Greater Ice Paraelemental
DW-ICE24;MONSTER;ELEMENTAL;ELEMENTAL_EARTH;GOLEM_ICE;dw-ice_paraelemental_24hd;;24;SUMMONED;SUMMONED;CONTROLLED;dw-iceel;None;None;None;BDSUM00;;;IMMUNE2;;;DW-IEWP3;;;;0;dw_talents;Elder Ice Paraelemental
G_PISPY;HUMANOID;NO_RACE;NO_CLASS;DOOM_GUARD;g_pispy;None;1;NIETHER;MALE;NEUTRAL;g_pispy0;;None;None;None;;;;MAGE01;IMOENHP1;;;;;0;TNT;
DW#AMARA;HUMANOID;HUMAN;DRUID;CLERIC_MALE_HUMAN;dw#amara;r2;3;MALE;MALE;NEUTRAL;dw#gpsht;RR#PICKP;DRUID3;None;dw#pr19;;;;;;STAF01;DW#SHNW1;;;120;stratagems;Druid
DW#ANGSK;UNDEAD;SKELETON;SKELETON_WARRIOR;SKELETON;None;;9;NIETHER;MALE;ENEMY;dw#gpshm;None;None;None;dw1range;HELM08;;RING99;;;SW2H02;BOW01;;;4000;stratagems;Skeleton Warrior
DW#C3BT1;HUMANOID;HUMAN;FIGHTER;FIGHTER_MALE_HUMAN;dw#c3bt1;None;5;MALE;MALE;NEUTRAL;dw#prsht;dw#c3hst;dw#gpsht;None;dw1range;;;;;;BOW03;SW1H04;;;420;stratagems;Blacktalon Elite
DW#C3BT2;HUMANOID;HUMAN;FIGHTER;FIGHTER_MALE_HUMAN;dw#c3bt2;None;5;MALE;MALE;NEUTRAL;dw#prsht;dw#c3hst;dw#gpsht;None;dw1range;;;;;;BOW03;SW1H04;;;420;stratagems;Blacktalon Elite
DW#C3BT3;HUMANOID;HUMAN;FIGHTER;FIGHTER_MALE_HUMAN;dw#c3bt3;None;5;MALE;MALE;NEUTRAL;dw#prsht;dw#c3hst;dw#gpsht;None;dw1range;;;;;;BOW03;SW1H04;;;420;stratagems;Blacktalon Elite
DW#C3CBT;HUMANOID;HUMAN;FIGHTER;FIGHTER_MALE_HUMAN;ironelit;bandit;5;MALE;MALE;NEUTRAL;bandit;dw#prsht;dw#gpsht;None;dw1range;;;;;;BOW03;SW1H04;;;420;stratagems;Blacktalon Elite
DW#C3CHE;HUMANOID;HOBGOBLIN;FIGHTER;HOBGOBLIN;None;dw#hobgc;3;MALE;MALE;NEUTRAL;hobgobc;dw#prsht;dw#gpsht;None;dw1range;;;;;;COMPB05;COMPS01;;;95;stratagems;Hobgoblin Elite
DW#C3HB1;HUMANOID;HOBGOBLIN;FIGHTER;HOBGOBLIN;dw#c3hb1;None;3;MALE;MALE;NEUTRAL;dw#prsht;dw#c3hst;dw#gpsht;None;dw1range;;;;;;COMPB05;COMPS01;;;95;stratagems;Hobgoblin Elite
DW#C3HB2;HUMANOID;HOBGOBLIN;FIGHTER;HOBGOBLIN;dw#c3hb2;None;3;MALE;MALE;NEUTRAL;dw#prsht;dw#c3hst;dw#gpsht;None;dw1range;;;;;;COMPB05;COMPS01;;;95;stratagems;Hobgoblin Elite
DW#C51;HUMANOID;HALF_ELF;FIGHTER_THIEF;THIEF_FEMALE_HUMAN;None;;8;FEMALE;FEMALE;ENEMY;;None;None;None;dw1melth;HELM01;DAGG01;RING06;;;SW1H08;;;;2001;stratagems;Shennara
DW#C52;HUMANOID;HUMAN;THIEF;THIEF_MALE_HUMAN;none;;12;MALE;MALE;ENEMY;;;None;None;dw1melth;;SHLD08;;;;SW1H05;;;;2001;stratagems;Kaalos
DW#CARSA;HUMANOID;HUMAN;MAGE;MAGE_FEMALE_HUMAN;CARSA;dw#carsa;6;FEMALE;FEMALE;NEUTRAL;;;;None;dw#mg42;;;;;;DAGG01;;;;275;stratagems;Carsa
DW#CLDKI;ANIMAL;NO_RACE;NO_CLASS;BIRD;dw#cldki;None;1;MALE;MALE;NEUTRAL;dw#cldki;None;;None;None;;;;MAGE01;;;;;;0;stratagems;Bird
DW#CLPES;ANIMAL;NO_RACE;NO_CLASS;BIRD;dw#cldki;None;1;MALE;MALE;NEUTRAL;dw#clpes;None;;None;None;;;;MAGE01;;;;;;0;stratagems;Bird
DW#CLWEB;ANIMAL;NO_RACE;NO_CLASS;BIRD;dw#cldki;None;1;MALE;MALE;NEUTRAL;dw#clweb;None;;None;None;;;;MAGE01;;;;;;0;stratagems;Bird
DW#DAFLA;HUMANOID;HUMAN;FIGHTER;FIGHTER_MALE_HUMAN;ironelit;None;5;MALE;MALE;ENEMY;dw#davfl;dw#gpsht;None;None;dw1range;;;;;;BOW03;SW1H04;;;420;stratagems;Blacktalon Elite
DW#DAFLU;HUMANOID;HUMAN;FIGHTER;FIGHTER_MALE_HUMAN;irongu;IRONGU;5;MALE;MALE;ENEMY;dw#davfl;dw#gpsht;None;None;dw1melge;;SHLD03;;;;SW1H04;;;;420;stratagems;Guard
DW#DAVHO;MONSTER;GOLEM;GOLEM_IRON;FIGHTER_MALE_HUMAN;None;None;6;MALE;MALE;ENEMY;dw#davho;REDDEATH;None;None;dw1melmo;HELM13;;RING95;;;FBLADE;;;;4000;stratagems;Battle Horror
DW#DEFOG;ANIMAL;NO_RACE;NO_CLASS;BIRD;dw#cldki;None;1;MALE;MALE;NEUTRAL;dw#defog;None;;None;None;;;;MAGE01;;;;;;0;stratagems;Bird
DW#DIARM;HUMANOID;HUMAN;FIGHTER;FIGHTER_MALE_HUMAN;diarmi;;11;MALE;MALE;ENEMY;DW#DIARM;;None;None;dw1range;HELM10;;MAGE05;DW#DIARM;;BOW01;HALB02;;;3001;stratagems;Diarmid
DW#DIASK;UNDEAD;SKELETON;SKELETON_WARRIOR;SKELETON;None;;9;NIETHER;MALE;ENEMY;dw#gpshm;None;None;None;dw1range;HELM08;;RING99;;;SW2H02;BOW01;;;4000;stratagems;Skeleton Warrior
DW#DOP7;MONSTER;DOPPLEGANGER;DOPPLEGANGER_GREATER;DOPPLEGANGER_GREATER;GDOPP7;;1;NIETHER;MALE;ENEMY;dopspell;SARDOPP;None;None;dw1melge;;;MAGE04;MAGE06;;S1-12;;;;4000;stratagems;Greater Doppelganger
DW#DOP71;MONSTER;DOPPLEGANGER;DOPPLEGANGER_GREATER;DOPPLEGANGER_GREATER;GDOPP71;;1;NIETHER;MALE;ENEMY;dopspell;SARDOPP;None;None;dw1melge;;;MAGE04;MAGE06;;S1-12;;;;4000;stratagems;Greater Doppelganger
DW#DOP72;MONSTER;DOPPLEGANGER;DOPPLEGANGER_GREATER;DOPPLEGANGER_GREATER;GDOPP72;;1;NIETHER;MALE;ENEMY;dopspell;SARDOPP;None;None;dw1melge;;;MAGE04;MAGE06;;S1-12;;;;4000;stratagems;Greater Doppelganger
DW#DOP73;MONSTER;DOPPLEGANGER;DOPPLEGANGER_GREATER;DOPPLEGANGER_GREATER;GDOPP73;;1;NIETHER;MALE;ENEMY;dopspell;SARDOPP;None;None;dw1melge;;;MAGE04;MAGE06;;S1-12;;;;4000;stratagems;Greater Doppelganger
DW#DOP74;MONSTER;DOPPLEGANGER;DOPPLEGANGER_GREATER;DOPPLEGANGER_GREATER;GDOPP74;;1;NIETHER;MALE;ENEMY;dopspell;SARDOPP;None;None;dw1melge;;;MAGE04;MAGE06;;S1-12;;;;4000;stratagems;Greater Doppelganger
DW#DOP75;MONSTER;DOPPLEGANGER;DOPPLEGANGER_GREATER;DOPPLEGANGER_GREATER;GDOPP75;;1;NIETHER;MALE;ENEMY;dopspell;SARDOPP;None;None;dw1melge;;;MAGE04;MAGE06;;S1-12;;;;4000;stratagems;Greater Doppelganger
DW#DOPSS;MONSTER;DOPPLEGANGER;DOPPLEGANGER;DOPPLEGANGER;SSDopple;;1;NIETHER;MALE;ENEMY;None;DOPPLE;None;None;dw1melge;;;;;;S1-12;;;;420;stratagems;Doppelganger
DW#DOPZO;MONSTER;DOPPLEGANGER;DOPPLEGANGER;DOPPLEGANGER;dopzorl;;1;NIETHER;MALE;ENEMY;None;DOPZORL;None;None;dw1melge;;;;;;S1-12;;;;420;stratagems;Doppelganger
DW#FSTOR;ANIMAL;NO_RACE;NO_CLASS;BIRD;dw#cldki;None;1;MALE;MALE;NEUTRAL;dw#fstor;None;;None;None;;;;MAGE01;;;;;;0;stratagems;Bird
DW#HDP7;MONSTER;DOPPLEGANGER;DOPPLEGANGER_GREATER;DOPPLEGANGER_GREATER;GDOPP7;;1;NIETHER;MALE;ENEMY;dopspell;SARDOPP;None;None;dw1melge;;;MAGE04;MAGE06;;S1-12;;;;4000;stratagems;Greater Doppelganger
DW#HDP71;MONSTER;DOPPLEGANGER;DOPPLEGANGER_GREATER;DOPPLEGANGER_GREATER;GDOPP71;;1;NIETHER;MALE;ENEMY;dopspell;SARDOPP;None;None;dw1melge;;;MAGE04;MAGE06;;S1-12;;;;4000;stratagems;Greater Doppelganger
DW#HDP72;MONSTER;DOPPLEGANGER;DOPPLEGANGER_GREATER;DOPPLEGANGER_GREATER;GDOPP72;;1;NIETHER;MALE;ENEMY;dopspell;SARDOPP;None;None;dw1melge;;;MAGE04;MAGE06;;S1-12;;;;4000;stratagems;Greater Doppelganger
DW#HDP73;MONSTER;DOPPLEGANGER;THIEF;DOPPLEGANGER_GREATER;GDOPP73;;8;NIETHER;MALE;ENEMY;;;None;None;dw1melas;;;MAGE04;MAGE06;;S1-12;;;;4000;stratagems;Doppelganger Assassin
DW#HDP74;MONSTER;DOPPLEGANGER;CLERIC;DOPPLEGANGER_GREATER;GDOPP74;;9;NIETHER;MALE;ENEMY;dopspell;;None;None;dw#pr81;;;MAGE04;MAGE06;;S1-12;;;;4000;stratagems;Doppelganger Shaman
DW#HDP75;MONSTER;DOPPLEGANGER;MAGE;DOPPLEGANGER_GREATER;GDOPP75;;9;NIETHER;MALE;ENEMY;dopspell;;None;None;dw#mg151;;;MAGE04;MAGE06;;S1-12;;;;4000;stratagems;Doppelganger Mage
DW#INCEN;ANIMAL;NO_RACE;NO_CLASS;BIRD;dw#cldki;None;1;MALE;MALE;NEUTRAL;dw#incen;None;;None;None;;;;MAGE01;;;;;;0;stratagems;Bird
DW#ISTOR;ANIMAL;NO_RACE;NO_CLASS;BIRD;dw#cldki;None;1;MALE;MALE;NEUTRAL;dw#istor;None;;None;None;;;;MAGE01;;;;;;0;stratagems;Bird
DW#IZEFI;HUMANOID;HUMAN;DRUID;CLERIC_MALE_HUMAN;dw#izefi;r2;3;MALE;MALE;NEUTRAL;dw#gpsht;RR#PICKP;DRUID3;None;dw#pr19;;;;;;STAF01;;;;120;stratagems;Druid
DW#KBACH;HUMANOID;KOBOLD;KOBOLD;KOBOLD;none;;6;MALE;MALE;ENEMY;None;None;dw#gpsht;None;dw1range;;;;;;BOW05;DW#KOB01;;;76;stratagems;Kobold Chieftain
DW#KBACM;HUMANOID;KOBOLD;KOBOLD;KOBOLD;None;;1;MALE;MALE;ENEMY;dw#gpsht;None;None;None;dw1range;;;;;;COMPB05;SW1H07;;;35;stratagems;Kobold Commando
DW#KBAGD;HUMANOID;KOBOLD;KOBOLD;KOBOLD;none;;2;MALE;MALE;ENEMY;None;None;dw#gpsht;;dw1melge;;;;;;DW#KOB01;;;;26;stratagems;Kobold Guard
DW#KBAS2;HUMANOID;KOBOLD;MAGE;KOBOLD;none;;6;MALE;MALE;ENEMY;;;dw#gpsht;;dw#mg154;;;;;;DW#KOB01;;;;271;stratagems;Kobold Shaman
DW#KBASH;HUMANOID;KOBOLD;MAGE;KOBOLD;none;;6;MALE;MALE;ENEMY;;;dw#gpsht;;dw#mg153;;;;;;DW#KOB01;;;;271;stratagems;Kobold Shaman
DW#KOBCH;HUMANOID;KOBOLD;KOBOLD;KOBOLD;none;;6;MALE;MALE;ENEMY;None;None;dw#gpsht;None;dw1range;;;;;;BOW05;DW#KOB01;;;76;stratagems;Kobold Chieftain
DW#KOBGD;HUMANOID;KOBOLD;KOBOLD;KOBOLD;none;;2;MALE;MALE;ENEMY;None;None;dw#gpsht;;dw1melge;;;;;;DW#KOB01;;;;26;stratagems;Kobold Guard
DW#KOBSH;HUMANOID;KOBOLD;MAGE;KOBOLD;none;;6;MALE;MALE;ENEMY;;;dw#gpsht;;dw#mg152;;;;;;DW#KOB01;;;;271;stratagems;Kobold Shaman
DW#LENWI;HUMANOID;NO_RACE;NO_CLASS;BIRD;cutspy;None;1;NIETHER;MALE;NEUTRAL;dw#lespy;None;None;None;None;;;;MAGE01;IMOENHP1;;;;;0;stratagems;Wizard Eye
DW#METEO;ANIMAL;NO_RACE;NO_CLASS;BIRD;dw#cldki;None;1;MALE;MALE;NEUTRAL;dw#meteo;None;;None;None;;;;MAGE01;;;;;;0;stratagems;Bird
DW#MIHOA;HUMANOID;HOBGOBLIN;HOBGOBLIN;HOBGOBLIN;None;;1;MALE;MALE;ENEMY;dw#gpsht;None;;None;dw1range;HELM01;;;;;COMPB05;COMPS01;;;35;stratagems;Hobgoblin
DW#MIHOB;HUMANOID;HOBGOBLIN;HOBGOBLIN;HOBGOBLIN;None;;1;MALE;MALE;ENEMY;dw#gpsht;None;;None;dw1range;HELM01;;;;;COMPB05;COMPS01;;;35;stratagems;Hobgoblin
DW#MIHOE;HUMANOID;HOBGOBLIN;FIGHTER;HOBGOBLIN;None;None;3;MALE;MALE;ENEMY;dw#gpsht;None;;None;dw1range;;;;;;COMPB05;COMPS01;;;95;stratagems;Hobgoblin Elite
DW#MULKA;HUMANOID;KOBOLD;KOBOLD;KOBOLD;None;;1;MALE;MALE;ENEMY;helpmul;dw#gpsht;None;;dw1range;;;;;;COMPB05;SW1H07;;;7;stratagems;Kobold
DW#MULKC;HUMANOID;KOBOLD;KOBOLD;KOBOLD;None;;1;MALE;MALE;ENEMY;helpmul;dw#gpsht;None;None;dw1range;;;;;;COMPB05;SW1H07;;;35;stratagems;Kobold Commando
DW#MULSA;UNDEAD;SKELETON;SKELETON;SKELETON;None;None;1;NIETHER;MALE;ENEMY;helpmul;dw#gpshm;None;None;dw1ranmo;;;RING99;;;BOW01;HALB01;;;65;stratagems;Skeleton
DW#MULSK;UNDEAD;SKELETON;SKELETON;SKELETON;None;None;1;NIETHER;158;ENEMY;helpmul;dw#gpshm;None;None;dw1melmo;;;RING99;;;B1-6;;;;0;stratagems;Skeleton
DW#OGHOB;HUMANOID;HOBGOBLIN;FIGHTER;HOBGOBLIN;None;None;3;MALE;MALE;ENEMY;dw#gpsht;None;;None;dw1range;;;;;;COMPB05;COMPS01;;;95;stratagems;Hobgoblin Elite
DW#PUMB3;HUMANOID;HUMAN;CLERIC;CLERIC_FEMALE_HUMAN;None;PUMBER2;4;FEMALE;FEMALE;NEUTRAL;dw#gpsht;;;;dw#pr20;;;;;;STAF01;;;;175;stratagems;Priestess of Umberlee
DW#PUMB4;HUMANOID;HUMAN;CLERIC;CLERIC_FEMALE_HUMAN;None;PUMBER2;5;FEMALE;FEMALE;NEUTRAL;dw#gpsht;;;;dw#pr21;;;;;;STAF01;;;;175;stratagems;Priestess of Umberlee
DW#REWO;UNDEAD;WOLF;WOLF_DREAD;WOLF_DREAD;None;;1;MALE;MALE;ENEMY;dw#rewol;;None;None;dw1melge;;;RING95;;;P1-10;;;;650;stratagems;Dread Wolf
DW#SEMSK;UNDEAD;SKELETON;SKELETON_WARRIOR;SKELETON;None;;9;NIETHER;MALE;ENEMY;dw#gpshm;None;None;None;dw1melge;HELM08;;RING99;;;STAF01;;;;4000;stratagems;Skeleton Warrior
DW#STINK;ANIMAL;NO_RACE;NO_CLASS;BIRD;dw#cldki;None;1;MALE;MALE;NEUTRAL;dw#stink;None;;None;None;;;;MAGE01;;;;;;0;stratagems;Bird
DW#SUFFO;ANIMAL;NO_RACE;NO_CLASS;BIRD;dw#cldki;None;1;MALE;MALE;NEUTRAL;dw#suffo;None;;None;None;;;;MAGE01;;;;;;0;stratagems;Bird
DW#SWEET;ANIMAL;NO_RACE;NO_CLASS;BIRD;dw#cldki;None;1;MALE;MALE;NEUTRAL;dw#sweet;None;;None;None;;;;MAGE01;;;;;;0;stratagems;Bird
DW#TAKIY;HUMANOID;HUMAN;DRUID;CLERIC_MALE_HUMAN;dw#takiy;r2;3;MALE;MALE;NEUTRAL;dw#gpsht;RR#PICKP;DRUID3;None;dw#pr19;;;;;;STAF01;;;;120;stratagems;Druid
DW#ULCGR;HUMANOID;NO_RACE;NO_CLASS;BIRD;cutspy;None;1;NIETHER;MALE;NEUTRAL;dw#ulcgr;None;None;None;None;;;;mage01;imoenhp1;;;;;0;stratagems;
DW#ULCWO;UNDEAD;WOLF;WOLF_VAMPIRIC;WOLF_VAMPIRIC;None;;8;MALE;MALE;ENEMY;dw#ulcwo;dw#gpshm;None;None;dw1melge;;;IMMUNE1;RING95;;WOLFVA1;;;;4000;stratagems;Wolf of Ulcaster
DW#VSTOR;ANIMAL;NO_RACE;NO_CLASS;BIRD;dw#cldki;None;1;MALE;MALE;NEUTRAL;dw#vstor;None;;None;None;;;;MAGE01;;;;;;0;stratagems;Bird
DW#WRFOG;ANIMAL;NO_RACE;NO_CLASS;BIRD;dw#cldki;None;1;MALE;MALE;NEUTRAL;dw#wrfog;None;;None;None;;;;MAGE01;;;;;;0;stratagems;Bird
GOLSTO01;GIANTHUMANOID;GOLEM;GOLEM_STONE;GOLEM_CLAY;golsto01;;14;NIETHER;MALE;ENEMY;GENSHT01;None;None;GOLSTO01;WDASIGHT;;;IMMUNE2;GOLSTONE;;GOLSTO;;;;8000;stratagems;I am quite sure that the membership of a thieves' guild would include several people capable of whatever you ask. Danger of being recognized seems a minor concern if one is able to not be seen at all. Why do you need me?
PLYBEAR1;ANIMAL;BEAR;BEAR_BROWN;BEAR_BROWN;bearbr;;5;MALE;MALE;NEUTRAL;;;;;;;;;;;B1-8;;;;420;stratagems;Brown Bear
PLYBEAR2;ANIMAL;BEAR;BEAR_BLACK;BEAR_BLACK;bearbl;;3;MALE;MALE;NEUTRAL;;;;;;;;;;;B1-6;;;;175;stratagems;Black Bear
PLYJELL1;MONSTER;SLIME;MUSTARD_JELLY;SLIME_MUSTARD;None;;7;NIETHER;MALE;ENEMY;;;;;;;;IMMUNE1;RING95;;JELLMU1;;;;2000;stratagems;Mustard Jelly
AMNIS10;HUMANOID;HUMAN;AMNISH_SOLDIER;CLERIC_MALE_HUMAN;None;amnis4;2;MALE;MALE;NEUTRAL;dw#urbhl;SEEENEMY;AMNISH4;None;dw1range;HELM08;;;;;BOW03;SW1H04;;;15;cdtweaks;Amnian Soldier
AMNIS11;HUMANOID;HUMAN;AMNISH_SOLDIER;CLERIC_MALE_HUMAN;None;amnis4;2;MALE;MALE;NEUTRAL;dw#urbhl;SEEENEMY;AMNISH4;None;dw1range;HELM08;;;;;BOW03;SW1H04;;;15;cdtweaks;Amnian Soldier
AMNIS12;HUMANOID;HUMAN;AMNISH_SOLDIER;CLERIC_MALE_HUMAN;None;amnis4;2;MALE;MALE;NEUTRAL;dw#urbhl;SEEENEMY;AMNISH4;None;dw1range;HELM08;;;;;BOW03;SW1H04;;;15;cdtweaks;Amnian Soldier
AMNIS13;HUMANOID;HUMAN;AMNISH_SOLDIER;CLERIC_MALE_HUMAN;None;amnis4;2;MALE;MALE;NEUTRAL;dw#urbhl;SEEENEMY;AMNISH4;None;dw1range;HELM08;;;;;BOW03;SW1H04;;;15;cdtweaks;Amnian Soldier
AMNIS14;HUMANOID;HUMAN;AMNISH_SOLDIER;CLERIC_MALE_HUMAN;None;amnis;2;MALE;MALE;NEUTRAL;dw#urbhl;None;dw#nimso;None;dw1range;HELM08;;;;;BOW03;SW1H04;;;15;cdtweaks;Amnian Soldier
AMNIS15;HUMANOID;HUMAN;AMNISH_SOLDIER;CLERIC_MALE_HUMAN;None;amnis;2;MALE;MALE;NEUTRAL;dw#urbhl;None;dw#nimso;None;dw1range;HELM08;;;;;BOW03;SW1H04;;;15;cdtweaks;Amnian Soldier
AMNIS16;HUMANOID;HUMAN;AMNISH_SOLDIER;CLERIC_MALE_HUMAN;None;amnis;2;MALE;MALE;NEUTRAL;dw#urbhl;None;dw#nimso;None;dw1range;HELM08;;;;;BOW03;SW1H04;;;15;cdtweaks;Amnian Soldier
AMNIS17;HUMANOID;HUMAN;AMNISH_SOLDIER;CLERIC_MALE_HUMAN;None;amnis;2;MALE;MALE;NEUTRAL;dw#urbhl;None;dw#nimso;None;dw1range;HELM08;;;;;BOW03;SW1H04;;;15;cdtweaks;Amnian Soldier
AMNIS18;HUMANOID;HUMAN;AMNISH_SOLDIER;CLERIC_MALE_HUMAN;None;amnis;2;MALE;MALE;NEUTRAL;dw#urbhl;None;dw#nimso;None;dw1range;HELM08;;;;;BOW03;SW1H04;;;15;cdtweaks;Amnian Soldier
AMNIS19;HUMANOID;HUMAN;AMNISH_SOLDIER;CLERIC_MALE_HUMAN;None;amnis;2;MALE;MALE;NEUTRAL;dw#urbhl;None;dw#nimso;None;dw1range;HELM08;;;;;BOW03;SW1H04;;;15;cdtweaks;Amnian Soldier
AMNIS20;HUMANOID;HUMAN;AMNISH_SOLDIER;CLERIC_MALE_HUMAN;None;amnis;2;MALE;MALE;NEUTRAL;dw#urbhl;None;dw#nimso;None;dw1range;HELM08;;;;;BOW03;SW1H04;;;15;cdtweaks;Amnian Soldier
AMNIS5;HUMANOID;HUMAN;AMNISH_SOLDIER;CLERIC_MALE_HUMAN;None;amnis4;2;MALE;MALE;NEUTRAL;dw#urbhl;SEEENEMY;AMNISH4;None;dw1range;HELM08;;;;;BOW03;SW1H04;;;15;cdtweaks;Amnian Soldier
AMNIS6;HUMANOID;HUMAN;AMNISH_SOLDIER;CLERIC_MALE_HUMAN;None;amnis4;2;MALE;MALE;NEUTRAL;dw#urbhl;SEEENEMY;AMNISH4;None;dw1range;HELM08;;;;;BOW03;SW1H04;;;15;cdtweaks;Amnian Soldier
AMNIS7;HUMANOID;HUMAN;AMNISH_SOLDIER;CLERIC_MALE_HUMAN;None;amnis4;2;MALE;MALE;NEUTRAL;dw#urbhl;SEEENEMY;AMNISH4;None;dw1range;HELM08;;;;;BOW03;SW1H04;;;15;cdtweaks;Amnian Soldier
AMNIS8;HUMANOID;HUMAN;AMNISH_SOLDIER;CLERIC_MALE_HUMAN;None;amnis4;2;MALE;MALE;NEUTRAL;dw#urbhl;SEEENEMY;AMNISH4;None;dw1range;HELM08;;;;;BOW03;SW1H04;;;15;cdtweaks;Amnian Soldier
AMNIS9;HUMANOID;HUMAN;AMNISH_SOLDIER;CLERIC_MALE_HUMAN;None;amnis4;2;MALE;MALE;NEUTRAL;dw#urbhl;SEEENEMY;AMNISH4;None;dw1range;HELM08;;;;;BOW03;SW1H04;;;15;cdtweaks;Amnian Soldier
ATTSLIM1;HUMANOID;HALF_ELF;INNOCENT;FIGHTER_MALE_ELF;None;DORK;1;MALE;MALE;NEUTRAL;dw#innhl;SEEENEMY;None;None;dw1melge;;;;;;;;;;15;cdtweaks;Commoner
ATTSLIM2;HUMANOID;HALF_ELF;INNOCENT;FIGHTER_MALE_ELF;None;DORK;1;MALE;MALE;NEUTRAL;dw#innhl;SEEENEMY;None;None;dw1melge;;;;;;;;;;15;cdtweaks;Commoner
ATTSLIM3;HUMANOID;HALF_ELF;INNOCENT;FIGHTER_MALE_ELF;None;DORK;1;MALE;MALE;NEUTRAL;dw#innhl;SEEENEMY;None;None;dw1melge;;;;;;;;;;15;cdtweaks;Commoner
BANDIT10;HUMANOID;HUMAN;FIGHTER;FIGHTER_MALE_HUMAN;Bandit;BANDIT;3;MALE;MALE;NEUTRAL;dw#prsht;RR#PICKP;BANDIT;;dw1range;;;;;;SW1H04;COMPB05;;;65;cdtweaks;Bandit
BANDIT11;HUMANOID;HUMAN;FIGHTER;FIGHTER_MALE_HUMAN;Bandit;BANDIT;3;MALE;MALE;NEUTRAL;dw#prsht;RR#PICKP;BANDIT;;dw1range;;;;;;SW1H04;COMPB05;;;65;cdtweaks;Bandit
BANDIT12;HUMANOID;HUMAN;FIGHTER;FIGHTER_MALE_HUMAN;Bandit;BANDIT;3;MALE;MALE;NEUTRAL;dw#prsht;RR#PICKP;BANDIT;;dw1range;;;;;;SW1H04;COMPB05;;;65;cdtweaks;Bandit
BANDIT13;HUMANOID;HUMAN;FIGHTER;FIGHTER_MALE_HUMAN;Bandit;BANDIT;3;MALE;MALE;NEUTRAL;dw#prsht;RR#PICKP;BANDIT;;dw1range;;;;;;SW1H04;COMPB05;;;65;cdtweaks;Bandit
BANDIT14;HUMANOID;HUMAN;FIGHTER;FIGHTER_MALE_HUMAN;Bandit;BANDIT;3;MALE;MALE;NEUTRAL;dw#prsht;RR#PICKP;BANDIT;;dw1range;;;;;;SW1H04;COMPB05;;;65;cdtweaks;Bandit
BANDIT5;HUMANOID;HUMAN;FIGHTER;FIGHTER_MALE_HUMAN;Bandit;BANDIT;3;MALE;MALE;NEUTRAL;dw#prsht;RR#PICKP;BANDIT;;dw1range;;;;;;SW1H04;COMPB05;;;65;cdtweaks;Bandit
BANDIT6;HUMANOID;HUMAN;FIGHTER;FIGHTER_MALE_HUMAN;Bandit;BANDIT;3;MALE;MALE;NEUTRAL;dw#prsht;RR#PICKP;BANDIT;;dw1range;;;;;;SW1H04;COMPB05;;;65;cdtweaks;Bandit
BANDIT7;HUMANOID;HUMAN;FIGHTER;FIGHTER_MALE_HUMAN;Bandit;BANDIT;3;MALE;MALE;NEUTRAL;dw#prsht;RR#PICKP;BANDIT;;dw1range;;;;;;SW1H04;COMPB05;;;65;cdtweaks;Bandit
BANDIT8;HUMANOID;HUMAN;FIGHTER;FIGHTER_MALE_HUMAN;Bandit;BANDIT;3;MALE;MALE;NEUTRAL;dw#prsht;RR#PICKP;BANDIT;;dw1range;;;;;;SW1H04;COMPB05;;;65;cdtweaks;Bandit
BANDIT9;HUMANOID;HUMAN;FIGHTER;FIGHTER_MALE_HUMAN;Bandit;BANDIT;3;MALE;MALE;NEUTRAL;dw#prsht;RR#PICKP;BANDIT;;dw1range;;;;;;SW1H04;COMPB05;;;65;cdtweaks;Bandit
BANDITC1;HUMANOID;HUMAN;FIGHTER;FIGHTER_MALE_HUMAN;banditcy;BANDITCY;1;MALE;MALE;NEUTRAL;dw#gpsht;RR#PICKP;BANDITCY;None;dw1range;;;;;;SW1H04;COMPB05;;;65;cdtweaks;Ruffian
BART17;HUMANOID;HUMAN;INNOCENT;FAT_MAN;None;bart15;1;MALE;MALE;NEUTRAL;dw#innhl;RUNENEMY;None;None;WTRUNSGT;;;;;;;;;;15;cdtweaks;Bartender
FAFIGHT1;HUMANOID;HUMAN;TOWN_GUARD;FIGHTER_MALE_HUMAN;None;Fafight;1;MALE;MALE;NEUTRAL;dw#urbhl;SEEENEMY;None;None;dw1melge;;;;;;SW1H04;;;;65;cdtweaks;Guard
FAFIGHT2;HUMANOID;HUMAN;TOWN_GUARD;FIGHTER_MALE_HUMAN;None;Fafight;1;MALE;MALE;NEUTRAL;dw#urbhl;SEEENEMY;None;None;dw1melge;;;;;;SW1H04;;;;65;cdtweaks;Guard
FARM1;HUMANOID;HUMAN;INNOCENT;PEASANT_MAN;None;FARMBE;1;MALE;MALE;NEUTRAL;dw#innhl;None;RUNENEMY;None;WDRUNSGT;;;;;;;;;;15;cdtweaks;Farmer
FARM5;HUMANOID;HUMAN;INNOCENT;PEASANT_MAN;None;FARMBE;1;MALE;MALE;NEUTRAL;dw#innhl;None;RUNENEMY;None;WDRUNSGT;;;;;;;;;;15;cdtweaks;Farmer
FARM6;HUMANOID;HUMAN;INNOCENT;PEASANT_MAN;None;FARMBE;1;MALE;MALE;NEUTRAL;dw#innhl;None;RUNENEMY;None;WDRUNSGT;;;;;;;;;;15;cdtweaks;Farmer
FARM7;HUMANOID;HUMAN;INNOCENT;PEASANT_MAN;None;FARM3;1;MALE;MALE;NEUTRAL;dw#innhl;INITDLG;RUNENEMY;None;WDRUNSGT;;;;;;;;;;15;cdtweaks;Farmer
FARM8;HUMANOID;HUMAN;INNOCENT;PEASANT_MAN;farm4;FARM4;1;MALE;MALE;NEUTRAL;dw#innhl;INITDLG;RUNENEMY;None;WDRUNSGT;;;;;;;;;;15;cdtweaks;Farmer
FARMER1;HUMANOID;HUMAN;INNOCENT;PEASANT_MAN;None;FARMBE;1;MALE;MALE;NEUTRAL;dw#innhl;RUNENEMY;None;None;WDRUNSGT;;;;;;;;;;15;cdtweaks;Farmer
FARMER2;HUMANOID;HUMAN;INNOCENT;PEASANT_MAN;None;FARMBE;1;MALE;MALE;NEUTRAL;dw#innhl;RUNENEMY;None;None;WDRUNSGT;;;;;;;;;;15;cdtweaks;Farmer
FARMER3;HUMANOID;HUMAN;INNOCENT;PEASANT_MAN;None;FARMBE;1;MALE;MALE;NEUTRAL;dw#innhl;RUNENEMY;None;None;WDRUNSGT;;;;;;;;;;15;cdtweaks;Farmer
FATMAN1;HUMANOID;HUMAN;INNOCENT;STATIC_FAT_MAN;None;fatMBA;1;MALE;MALE;NEUTRAL;dw#innhl;None;None;None;None;;;;;;;;;;15;cdtweaks;Commoner
FATMAN10;HUMANOID;HUMAN;INNOCENT;STATIC_FAT_MAN;None;fatMBA;1;MALE;MALE;NEUTRAL;dw#innhl;None;None;None;None;;;;;;;;;;15;cdtweaks;Commoner
FATMAN11;HUMANOID;HUMAN;INNOCENT;STATIC_FAT_MAN;None;fatMBA;1;MALE;MALE;NEUTRAL;dw#innhl;None;None;None;None;;;;;;;;;;15;cdtweaks;Commoner
FATMAN12;HUMANOID;HUMAN;INNOCENT;STATIC_FAT_MAN;None;fatMBA;1;MALE;MALE;NEUTRAL;dw#innhl;None;None;None;None;;;;;;;;;;15;cdtweaks;Commoner
FATMAN13;HUMANOID;HUMAN;INNOCENT;STATIC_FAT_MAN;None;fatMBA;1;MALE;MALE;NEUTRAL;dw#innhl;None;None;None;None;;;;;;;;;;15;cdtweaks;Commoner
FATMAN2;HUMANOID;HUMAN;INNOCENT;STATIC_FAT_MAN;None;fatMBA;1;MALE;MALE;NEUTRAL;dw#innhl;None;None;None;None;;;;;;;;;;15;cdtweaks;Commoner
FATMAN3;HUMANOID;HUMAN;INNOCENT;STATIC_FAT_MAN;None;fatMBA;1;MALE;MALE;NEUTRAL;dw#innhl;None;None;None;None;;;;;;;;;;15;cdtweaks;Commoner
FATMAN4;HUMANOID;HUMAN;INNOCENT;STATIC_FAT_MAN;None;fatMBA;1;MALE;MALE;NEUTRAL;dw#innhl;None;None;None;None;;;;;;;;;;15;cdtweaks;Commoner
FATMAN5;HUMANOID;HUMAN;INNOCENT;STATIC_FAT_MAN;None;fatMBA;1;MALE;MALE;NEUTRAL;dw#innhl;None;None;None;None;;;;;;;;;;15;cdtweaks;Commoner
FATMAN6;HUMANOID;HUMAN;INNOCENT;STATIC_FAT_MAN;None;fatMBA;1;MALE;MALE;NEUTRAL;dw#innhl;None;None;None;None;;;;;;;;;;15;cdtweaks;Commoner
FATMAN7;HUMANOID;HUMAN;INNOCENT;STATIC_FAT_MAN;None;fatMBA;1;MALE;MALE;NEUTRAL;dw#innhl;None;None;None;None;;;;;;;;;;15;cdtweaks;Commoner
FATMAN8;HUMANOID;HUMAN;INNOCENT;STATIC_FAT_MAN;None;fatMBA;1;MALE;MALE;NEUTRAL;dw#innhl;None;None;None;None;;;;;;;;;;15;cdtweaks;Commoner
FATMAN9;HUMANOID;HUMAN;INNOCENT;STATIC_FAT_MAN;None;fatMBA;1;MALE;MALE;NEUTRAL;dw#innhl;None;None;None;None;;;;;;;;;;15;cdtweaks;Commoner
FATWOM1;HUMANOID;HUMAN;INNOCENT;STATIC_FAT_WOMAN;None;fatWBA;1;FEMALE;FEMALE;NEUTRAL;dw#innhl;None;None;None;None;;;;;;;;;;15;cdtweaks;Commoner
FATWOM10;HUMANOID;HUMAN;INNOCENT;STATIC_FAT_WOMAN;None;fatWBA;1;FEMALE;FEMALE;NEUTRAL;dw#innhl;None;None;None;None;;;;;;;;;;15;cdtweaks;Commoner
FATWOM11;HUMANOID;HUMAN;INNOCENT;STATIC_FAT_WOMAN;None;fatWBA;1;FEMALE;FEMALE;NEUTRAL;dw#innhl;None;None;None;None;;;;;;;;;;15;cdtweaks;Commoner
FATWOM12;HUMANOID;HUMAN;INNOCENT;STATIC_FAT_WOMAN;None;fatWBA;1;FEMALE;FEMALE;NEUTRAL;dw#innhl;None;None;None;None;;;;;;;;;;15;cdtweaks;Commoner
FATWOM13;HUMANOID;HUMAN;INNOCENT;STATIC_FAT_WOMAN;None;fatWBA;1;FEMALE;FEMALE;NEUTRAL;dw#innhl;None;None;None;None;;;;;;;;;;15;cdtweaks;Commoner
FATWOM2;HUMANOID;HUMAN;INNOCENT;STATIC_FAT_WOMAN;None;fatWBA;1;FEMALE;FEMALE;NEUTRAL;dw#innhl;None;None;None;None;;;;;;;;;;15;cdtweaks;Commoner
FATWOM3;HUMANOID;HUMAN;INNOCENT;STATIC_FAT_WOMAN;None;fatWBA;1;FEMALE;FEMALE;NEUTRAL;dw#innhl;None;None;None;None;;;;;;;;;;15;cdtweaks;Commoner
FATWOM4;HUMANOID;HUMAN;INNOCENT;STATIC_FAT_WOMAN;None;fatWBA;1;FEMALE;FEMALE;NEUTRAL;dw#innhl;None;None;None;None;;;;;;;;;;15;cdtweaks;Commoner
FATWOM5;HUMANOID;HUMAN;INNOCENT;STATIC_FAT_WOMAN;None;fatWBA;1;FEMALE;FEMALE;NEUTRAL;dw#innhl;None;None;None;None;;;;;;;;;;15;cdtweaks;Commoner
FATWOM6;HUMANOID;HUMAN;INNOCENT;STATIC_FAT_WOMAN;None;fatWBA;1;FEMALE;FEMALE;NEUTRAL;dw#innhl;None;None;None;None;;;;;;;;;;15;cdtweaks;Commoner
FATWOM7;HUMANOID;HUMAN;INNOCENT;STATIC_FAT_WOMAN;None;fatWBA;1;FEMALE;FEMALE;NEUTRAL;dw#innhl;None;None;None;None;;;;;;;;;;15;cdtweaks;Commoner
FATWOM8;HUMANOID;HUMAN;INNOCENT;STATIC_FAT_WOMAN;None;fatWBA;1;FEMALE;FEMALE;NEUTRAL;dw#innhl;None;None;None;None;;;;;;;;;;15;cdtweaks;Commoner
FATWOM9;HUMANOID;HUMAN;INNOCENT;STATIC_FAT_WOMAN;None;fatWBA;1;FEMALE;FEMALE;NEUTRAL;dw#innhl;None;None;None;None;;;;;;;;;;15;cdtweaks;Commoner
FBASC1;HUMANOID;HUMAN;INNOCENT;STATIC_PEASANT_WOMAN_CHAIR;None;FTOWBA;1;FEMALE;FEMALE;NEUTRAL;dw#innhl;FTOWBAZ;None;None;None;;;;;;;;;;15;cdtweaks;Commoner
FBAX_A1;HUMANOID;HUMAN;INNOCENT;STATIC_PEASANT_WOMAN;None;X#RUMOR;1;FEMALE;FEMALE;NEUTRAL;dw#innhl;FTOWBAZ;None;None;None;;;;;;;;;;15;cdtweaks;Commoner
FBAX_A2;HUMANOID;HUMAN;INNOCENT;STATIC_PEASANT_WOMAN;None;X#RUMOR;1;FEMALE;FEMALE;NEUTRAL;dw#innhl;FTOWBAZ;None;None;None;;;;;;;;;;15;cdtweaks;Commoner
FBAX_B1;HUMANOID;HUMAN;INNOCENT;STATIC_PEASANT_WOMAN;None;X#RUMOR;1;FEMALE;FEMALE;NEUTRAL;dw#innhl;FTOWBAZ;None;None;None;;;;;;;;;;15;cdtweaks;Commoner
FBAX_B2;HUMANOID;HUMAN;INNOCENT;STATIC_PEASANT_WOMAN;None;X#RUMOR;1;FEMALE;FEMALE;NEUTRAL;dw#innhl;FTOWBAZ;None;None;None;;;;;;;;;;15;cdtweaks;Commoner
FBAX_D1;HUMANOID;HUMAN;INNOCENT;STATIC_PEASANT_WOMAN;None;X#RUMOR;1;FEMALE;FEMALE;NEUTRAL;dw#innhl;FTOWBAZ;None;None;None;;;;;;;;;;15;cdtweaks;Commoner
FBAX_D2;HUMANOID;HUMAN;INNOCENT;STATIC_PEASANT_WOMAN;None;X#RUMOR;1;FEMALE;FEMALE;NEUTRAL;dw#innhl;FTOWBAZ;None;None;None;;;;;;;;;;15;cdtweaks;Commoner
FBAX_D3;HUMANOID;HUMAN;INNOCENT;STATIC_PEASANT_WOMAN;None;X#RUMOR;1;FEMALE;FEMALE;NEUTRAL;dw#innhl;FTOWBAZ;None;None;None;;;;;;;;;;15;cdtweaks;Commoner
FBAX_E1;HUMANOID;HUMAN;INNOCENT;STATIC_PEASANT_WOMAN;None;X#RUMOR;1;FEMALE;FEMALE;NEUTRAL;dw#innhl;FTOWBAZ;None;None;None;;;;;;;;;;15;cdtweaks;Commoner
FRIEND1;HUMANOID;HUMAN;TOWN_GUARD;FIGHTER_MALE_HUMAN;None;friend;1;MALE;MALE;NEUTRAL;dw#urbhl;SEEENEMY;None;None;dw1melge;;;;;;SW1H04;;;;65;cdtweaks;Guard
FRIWEN1;HUMANOID;HUMAN;INNOCENT;PEASANT_WOMAN;FRIWEN;FRIWEN;0;FEMALE;FEMALE;NEUTRAL;dw#innhl;RUNENEMY;None;None;WDRUNSGT;;;;;;;;;;7;cdtweaks;Serving Wench
FTOWBA1;HUMANOID;HUMAN;INNOCENT;PEASANT_WOMAN;None;ftowba;1;FEMALE;FEMALE;NEUTRAL;dw#innhl;FTOWBAZ;RUNENEMY;None;WDRUNSGT;;;;;;;;;;15;cdtweaks;Commoner
FTOWBA10;HUMANOID;HUMAN;INNOCENT;PEASANT_WOMAN;None;ftowba;1;FEMALE;FEMALE;NEUTRAL;dw#innhl;FTOWBAZ;RUNENEMY;None;WDRUNSGT;;;;;;;;;;15;cdtweaks;Commoner
FTOWBA11;HUMANOID;HUMAN;INNOCENT;PEASANT_WOMAN;None;ftowba;1;FEMALE;FEMALE;NEUTRAL;dw#innhl;FTOWBAZ;RUNENEMY;None;WDRUNSGT;;;;;;;;;;15;cdtweaks;Commoner
FTOWBA12;HUMANOID;HUMAN;INNOCENT;STATIC_PEASANT_WOMAN_CHAIR;None;FTOWBA;1;FEMALE;FEMALE;NEUTRAL;dw#innhl;FTOWBAZ;None;None;None;;;;;;;;;;15;cdtweaks;Commoner
FTOWBA13;HUMANOID;HUMAN;INNOCENT;STATIC_PEASANT_WOMAN_CHAIR;None;FTOWBA;1;FEMALE;FEMALE;NEUTRAL;dw#innhl;FTOWBAZ;None;None;None;;;;;;;;;;15;cdtweaks;Commoner
FTOWBA14;HUMANOID;HUMAN;INNOCENT;STATIC_PEASANT_WOMAN_CHAIR;None;FTOWBA;1;FEMALE;FEMALE;NEUTRAL;dw#innhl;FTOWBAZ;None;None;None;;;;;;;;;;15;cdtweaks;Commoner
FTOWBA15;HUMANOID;HUMAN;INNOCENT;STATIC_PEASANT_WOMAN_CHAIR;None;FTOWBA;1;FEMALE;FEMALE;NEUTRAL;dw#innhl;FTOWBAZ;None;None;None;;;;;;;;;;15;cdtweaks;Commoner
FTOWBA16;HUMANOID;HUMAN;INNOCENT;STATIC_PEASANT_WOMAN_CHAIR;None;FTOWBA;1;FEMALE;FEMALE;NEUTRAL;dw#innhl;FTOWBAZ;None;None;None;;;;;;;;;;15;cdtweaks;Commoner
FTOWBA17;HUMANOID;HUMAN;INNOCENT;STATIC_PEASANT_WOMAN_CHAIR;None;FTOWBA;1;FEMALE;FEMALE;NEUTRAL;dw#innhl;FTOWBAZ;None;None;None;;;;;;;;;;15;cdtweaks;Commoner
FTOWBA18;HUMANOID;HUMAN;INNOCENT;STATIC_PEASANT_WOMAN_CHAIR;None;FTOWBA;1;FEMALE;FEMALE;NEUTRAL;dw#innhl;FTOWBAZ;None;None;None;;;;;;;;;;15;cdtweaks;Commoner
FTOWBA19;HUMANOID;HUMAN;INNOCENT;STATIC_PEASANT_WOMAN_CHAIR;None;FTOWBA;1;FEMALE;FEMALE;NEUTRAL;dw#innhl;FTOWBAZ;None;None;None;;;;;;;;;;15;cdtweaks;Commoner
FTOWBA2;HUMANOID;HUMAN;INNOCENT;PEASANT_WOMAN;None;ftowba;1;FEMALE;FEMALE;NEUTRAL;dw#innhl;FTOWBAZ;RUNENEMY;None;WDRUNSGT;;;;;;;;;;15;cdtweaks;Commoner
FTOWBA20;HUMANOID;HUMAN;INNOCENT;STATIC_PEASANT_WOMAN_CHAIR;None;FTOWBA;1;FEMALE;FEMALE;NEUTRAL;dw#innhl;FTOWBAZ;None;None;None;;;;;;;;;;15;cdtweaks;Commoner
FTOWBA21;HUMANOID;HUMAN;INNOCENT;STATIC_PEASANT_WOMAN_CHAIR;None;FTOWBA;1;FEMALE;FEMALE;NEUTRAL;dw#innhl;FTOWBAZ;None;None;None;;;;;;;;;;15;cdtweaks;Commoner
FTOWBA22;HUMANOID;HUMAN;INNOCENT;STATIC_PEASANT_WOMAN_MATTE;None;FTOWBA;1;FEMALE;FEMALE;NEUTRAL;dw#innhl;FTOWBAZ;None;None;None;;;;;;;;;;15;cdtweaks;Commoner
FTOWBA23;HUMANOID;HUMAN;INNOCENT;STATIC_PEASANT_WOMAN_CHAIR;None;FTOWBA;1;FEMALE;FEMALE;NEUTRAL;dw#innhl;FTOWBAZ;None;None;None;;;;;;;;;;15;cdtweaks;Commoner
FTOWBA24;HUMANOID;HUMAN;INNOCENT;STATIC_PEASANT_WOMAN_CHAIR;None;FTOWBA;1;FEMALE;FEMALE;NEUTRAL;dw#innhl;FTOWBAZ;None;None;None;;;;;;;;;;15;cdtweaks;Commoner
FTOWBA3;HUMANOID;HUMAN;INNOCENT;PEASANT_WOMAN;None;FTOWBA;1;FEMALE;FEMALE;NEUTRAL;dw#innhl;FTOWBAZ;RUNENEMY;None;WDRUNSGT;;;;;;;;;;15;cdtweaks;Commoner
FTOWBA4;HUMANOID;HUMAN;INNOCENT;PEASANT_WOMAN;None;ftowba;1;FEMALE;FEMALE;NEUTRAL;dw#innhl;FTOWBAZ;RUNENEMY;None;WDRUNSGT;;;;;;;;;;15;cdtweaks;Commoner
FTOWBA5;HUMANOID;HUMAN;INNOCENT;PEASANT_WOMAN;None;ftowba;1;FEMALE;FEMALE;NEUTRAL;dw#innhl;FTOWBAZ;RUNENEMY;None;WDRUNSGT;;;;;;;;;;15;cdtweaks;Commoner
FTOWBA6;HUMANOID;HUMAN;INNOCENT;PEASANT_WOMAN;None;ftowba;1;FEMALE;FEMALE;NEUTRAL;dw#innhl;FTOWBAZ;RUNENEMY;None;WDRUNSGT;;;;;;;;;;15;cdtweaks;Commoner
FTOWBA7;HUMANOID;HUMAN;INNOCENT;PEASANT_WOMAN;None;ftowba;1;FEMALE;FEMALE;NEUTRAL;dw#innhl;FTOWBAZ;RUNENEMY;None;WDRUNSGT;;;;;;;;;;15;cdtweaks;Commoner
FTOWBA8;HUMANOID;HUMAN;INNOCENT;PEASANT_WOMAN;None;ftowba;1;FEMALE;FEMALE;NEUTRAL;dw#innhl;FTOWBAZ;RUNENEMY;None;WDRUNSGT;;;;;;;;;;15;cdtweaks;Commoner
FTOWBA9;HUMANOID;HUMAN;INNOCENT;PEASANT_WOMAN;None;ftowba;1;FEMALE;FEMALE;NEUTRAL;dw#innhl;FTOWBAZ;RUNENEMY;None;WDRUNSGT;;;;;;;;;;15;cdtweaks;Commoner
FTOWBAA1;HUMANOID;HUMAN;INNOCENT;PEASANT_WOMAN;None;ftowba;1;FEMALE;FEMALE;NEUTRAL;dw#innhl;FTOWBAZ;RUNENEMY;None;WDRUNSGT;;;;;;;;;;15;cdtweaks;Commoner
FTOWBAA2;HUMANOID;HUMAN;INNOCENT;PEASANT_WOMAN;None;ftowba;1;FEMALE;FEMALE;NEUTRAL;dw#innhl;FTOWBAZ;RUNENEMY;None;WDRUNSGT;;;;;;;;;;15;cdtweaks;Commoner
FTOWBAA3;HUMANOID;HUMAN;INNOCENT;PEASANT_WOMAN;None;ftowba;1;FEMALE;FEMALE;NEUTRAL;dw#innhl;FTOWBAZ;RUNENEMY;None;WDRUNSGT;;;;;;;;;;15;cdtweaks;Commoner
FTOWBAA4;HUMANOID;HUMAN;INNOCENT;PEASANT_WOMAN;None;ftowba;1;FEMALE;FEMALE;NEUTRAL;dw#innhl;FTOWBAZ;RUNENEMY;None;WDRUNSGT;;;;;;;;;;15;cdtweaks;Commoner
FTOWBAA5;HUMANOID;HUMAN;INNOCENT;PEASANT_WOMAN;None;ftowba;1;FEMALE;FEMALE;NEUTRAL;dw#innhl;FTOWBAZ;RUNENEMY;None;WDRUNSGT;;;;;;;;;;15;cdtweaks;Commoner
FTOWBAA6;HUMANOID;HUMAN;INNOCENT;PEASANT_WOMAN;None;ftowba;1;FEMALE;FEMALE;NEUTRAL;dw#innhl;FTOWBAZ;RUNENEMY;None;WDRUNSGT;;;;;;;;;;15;cdtweaks;Commoner
FTOWBAA7;HUMANOID;HUMAN;INNOCENT;PEASANT_WOMAN;None;ftowba;1;FEMALE;FEMALE;NEUTRAL;dw#innhl;FTOWBAZ;RUNENEMY;None;WDRUNSGT;;;;;;;;;;15;cdtweaks;Commoner
FTOWBAB1;HUMANOID;HUMAN;INNOCENT;PEASANT_WOMAN;None;ftowba;1;FEMALE;FEMALE;NEUTRAL;dw#innhl;FTOWBAZ;RUNENEMY;None;WDRUNSGT;;;;;;;;;;15;cdtweaks;Commoner
FTOWBAB2;HUMANOID;HUMAN;INNOCENT;PEASANT_WOMAN;None;ftowba;1;FEMALE;FEMALE;NEUTRAL;dw#innhl;FTOWBAZ;RUNENEMY;None;WDRUNSGT;;;;;;;;;;15;cdtweaks;Commoner
FTOWBAB3;HUMANOID;HUMAN;INNOCENT;PEASANT_WOMAN;None;ftowba;1;FEMALE;FEMALE;NEUTRAL;dw#innhl;FTOWBAZ;RUNENEMY;None;WDRUNSGT;;;;;;;;;;15;cdtweaks;Commoner
FTOWBAC1;HUMANOID;HUMAN;INNOCENT;PEASANT_WOMAN;None;FTOWBA;1;FEMALE;FEMALE;NEUTRAL;dw#innhl;FTOWBAZ;RUNENEMY;None;WDRUNSGT;;;;;;;;;;15;cdtweaks;Commoner
FTOWBAC2;HUMANOID;HUMAN;INNOCENT;PEASANT_WOMAN;None;FTOWBA;1;FEMALE;FEMALE;NEUTRAL;dw#innhl;FTOWBAZ;RUNENEMY;None;WDRUNSGT;;;;;;;;;;15;cdtweaks;Commoner
FTOWBAC3;HUMANOID;HUMAN;INNOCENT;PEASANT_WOMAN;None;FTOWBA;1;FEMALE;FEMALE;NEUTRAL;dw#innhl;FTOWBAZ;RUNENEMY;None;WDRUNSGT;;;;;;;;;;15;cdtweaks;Commoner
FTOWBAC4;HUMANOID;HUMAN;INNOCENT;PEASANT_WOMAN;None;FTOWBA;1;FEMALE;FEMALE;NEUTRAL;dw#innhl;FTOWBAZ;RUNENEMY;None;WDRUNSGT;;;;;;;;;;15;cdtweaks;Commoner
FTOWBAD1;HUMANOID;HUMAN;INNOCENT;PEASANT_WOMAN;None;ftowba;1;FEMALE;FEMALE;NEUTRAL;dw#innhl;FTOWBAZ;RUNENEMY;None;WDRUNSGT;;;;;;;;;;15;cdtweaks;Commoner
FTOWBAD2;HUMANOID;HUMAN;INNOCENT;PEASANT_WOMAN;None;ftowba;1;FEMALE;FEMALE;NEUTRAL;dw#innhl;FTOWBAZ;RUNENEMY;None;WDRUNSGT;;;;;;;;;;15;cdtweaks;Commoner
FTOWBAD3;HUMANOID;HUMAN;INNOCENT;PEASANT_WOMAN;None;ftowba;1;FEMALE;FEMALE;NEUTRAL;dw#innhl;FTOWBAZ;RUNENEMY;None;WDRUNSGT;;;;;;;;;;15;cdtweaks;Commoner
FTOWBAD4;HUMANOID;HUMAN;INNOCENT;PEASANT_WOMAN;None;ftowba;1;FEMALE;FEMALE;NEUTRAL;dw#innhl;FTOWBAZ;RUNENEMY;None;WDRUNSGT;;;;;;;;;;15;cdtweaks;Commoner
FTOWBAE1;HUMANOID;HUMAN;INNOCENT;PEASANT_WOMAN;None;ftowba;1;FEMALE;FEMALE;NEUTRAL;dw#innhl;FTOWBAZ;RUNENEMY;None;WDRUNSGT;;;;;;;;;;15;cdtweaks;Commoner
FTOWBAE2;HUMANOID;HUMAN;INNOCENT;PEASANT_WOMAN;None;ftowba;1;FEMALE;FEMALE;NEUTRAL;dw#innhl;FTOWBAZ;RUNENEMY;None;WDRUNSGT;;;;;;;;;;15;cdtweaks;Commoner
FTOWBAS1;HUMANOID;HUMAN;INNOCENT;STATIC_PEASANT_WOMAN_MATTE;None;FTOWBA;1;FEMALE;FEMALE;NEUTRAL;dw#innhl;FTOWBAZ;None;None;None;;;;;;;;;;15;cdtweaks;Commoner
FTOWBAS2;HUMANOID;HUMAN;INNOCENT;STATIC_PEASANT_WOMAN_MATTE;None;FTOWBA;1;FEMALE;FEMALE;NEUTRAL;dw#innhl;FTOWBAZ;None;None;None;;;;;;;;;;15;cdtweaks;Commoner
FTOWBAS3;HUMANOID;HUMAN;INNOCENT;STATIC_PEASANT_WOMAN_MATTE;None;FTOWBA;1;FEMALE;FEMALE;NEUTRAL;dw#innhl;FTOWBAZ;None;None;None;;;;;;;;;;15;cdtweaks;Commoner
FTOWBAS4;HUMANOID;HUMAN;INNOCENT;STATIC_PEASANT_WOMAN_MATTE;None;FTOWBA;1;FEMALE;FEMALE;NEUTRAL;dw#innhl;FTOWBAZ;None;None;None;;;;;;;;;;15;cdtweaks;Commoner
FTOWBAS5;HUMANOID;HUMAN;INNOCENT;STATIC_PEASANT_WOMAN_MATTE;None;FTOWBA;1;FEMALE;FEMALE;NEUTRAL;dw#innhl;FTOWBAZ;None;None;None;;;;;;;;;;15;cdtweaks;Commoner
FTOWBAS6;HUMANOID;HUMAN;INNOCENT;STATIC_PEASANT_WOMAN_MATTE;None;FTOWBA;1;FEMALE;FEMALE;NEUTRAL;dw#innhl;FTOWBAZ;None;None;None;;;;;;;;;;15;cdtweaks;Commoner
FTOWBAS8;HUMANOID;HUMAN;INNOCENT;STATIC_PEASANT_WOMAN_CHAIR;None;FTOWBA;1;FEMALE;FEMALE;NEUTRAL;dw#innhl;FTOWBAZ;None;None;None;;;;;;;;;;15;cdtweaks;Commoner
FTOWBAS9;HUMANOID;HUMAN;INNOCENT;STATIC_PEASANT_WOMAN_CHAIR;None;FTOWBA;1;FEMALE;FEMALE;NEUTRAL;dw#innhl;FTOWBAZ;None;None;None;;;;;;;;;;15;cdtweaks;Commoner
FTOWBAX1;HUMANOID;HUMAN;INNOCENT;STATIC_PEASANT_WOMAN;None;FTOWBA;1;FEMALE;FEMALE;NEUTRAL;dw#innhl;FTOWBAZ;None;None;None;;;;;;;;;;15;cdtweaks;Commoner
FTOWBAX2;HUMANOID;HUMAN;INNOCENT;STATIC_PEASANT_WOMAN;None;FTOWBA;1;FEMALE;FEMALE;NEUTRAL;dw#innhl;FTOWBAZ;None;None;None;;;;;;;;;;15;cdtweaks;Commoner
FTOWBAX3;HUMANOID;HUMAN;INNOCENT;STATIC_PEASANT_WOMAN;None;FTOWBA;1;FEMALE;FEMALE;NEUTRAL;dw#innhl;FTOWBAZ;None;None;None;;;;;;;;;;15;cdtweaks;Commoner
FTOWBES1;HUMANOID;HUMAN;INNOCENT;STATIC_PEASANT_WOMAN_CHAIR;None;FTOWBE;1;FEMALE;FEMALE;NEUTRAL;dw#innhl;FTOWBEZ;None;None;None;;;;;;;;;;15;cdtweaks;Commoner
FTOWBES2;HUMANOID;HUMAN;INNOCENT;STATIC_PEASANT_WOMAN_CHAIR;None;FTOWBE;1;FEMALE;FEMALE;NEUTRAL;dw#innhl;FTOWBEZ;None;None;None;;;;;;;;;;15;cdtweaks;Commoner
FTOWBES3;HUMANOID;HUMAN;INNOCENT;STATIC_PEASANT_WOMAN_CHAIR;None;FTOWBE;1;FEMALE;FEMALE;NEUTRAL;dw#innhl;FTOWBEZ;None;None;None;;;;;;;;;;15;cdtweaks;Commoner
FTOWBEX1;HUMANOID;HUMAN;INNOCENT;STATIC_PEASANT_WOMAN;None;FTOWBE;1;FEMALE;FEMALE;NEUTRAL;dw#innhl;FTOWBEZ;None;None;None;;;;;;;;;;15;cdtweaks;Commoner
FTOWBEX2;HUMANOID;HUMAN;INNOCENT;STATIC_PEASANT_WOMAN;None;FTOWBE;1;FEMALE;FEMALE;NEUTRAL;dw#innhl;FTOWBEZ;None;None;None;;;;;;;;;;15;cdtweaks;Commoner
FTOWBEX3;HUMANOID;HUMAN;INNOCENT;STATIC_PEASANT_WOMAN;None;FTOWBE;1;FEMALE;FEMALE;NEUTRAL;dw#innhl;FTOWBEZ;None;None;None;;;;;;;;;;15;cdtweaks;Commoner
FTOWBEX4;HUMANOID;HUMAN;INNOCENT;STATIC_PEASANT_WOMAN;None;FTOWBE;1;FEMALE;FEMALE;NEUTRAL;dw#innhl;FTOWBEZ;None;None;None;;;;;;;;;;15;cdtweaks;Commoner
FTOWB_B1;HUMANOID;HUMAN;INNOCENT;PEASANT_WOMAN;None;ftowba;1;FEMALE;FEMALE;NEUTRAL;dw#innhl;FTOWBAZ;RUNENEMY;None;WDRUNSGT;;;;;;;;;;15;cdtweaks;Commoner
FTOWB_E1;HUMANOID;HUMAN;INNOCENT;PEASANT_WOMAN;None;ftowba;1;FEMALE;FEMALE;NEUTRAL;dw#innhl;FTOWBAZ;RUNENEMY;None;WDRUNSGT;;;;;;;;;;15;cdtweaks;Commoner
FTOWFR2;HUMANOID;HUMAN;INNOCENT;PEASANT_WOMAN;None;ftowfr;1;FEMALE;FEMALE;NEUTRAL;dw#innhl;RUNENEMY;None;None;WDRUNSGT;;;;;;;;;;15;cdtweaks;Commoner
FTOWFRD1;HUMANOID;HUMAN;INNOCENT;PEASANT_WOMAN;None;ftowfr;1;FEMALE;FEMALE;NEUTRAL;dw#innhl;RUNENEMY;None;None;WDRUNSGT;;;;;;;;;;15;cdtweaks;Commoner
FTOWN8;HUMANOID;HUMAN;INNOCENT;PEASANT_WOMAN;None;ftown4;1;FEMALE;FEMALE;NEUTRAL;dw#innhl;RUNENEMY;None;None;WDRUNSGT;;;;;;;;;;15;cdtweaks;Commoner
FTOWNA8;HUMANOID;HUMAN;INNOCENT;PEASANT_WOMAN;None;ftowna;1;FEMALE;FEMALE;NEUTRAL;dw#innhl;FTOWNAZ;RUNENEMY;None;WDRUNSGT;;;;;;;;;;15;cdtweaks;Commoner
FTWBAX1;HUMANOID;HUMAN;INNOCENT;STATIC_PEASANT_WOMAN;None;X#RUMOR;1;FEMALE;FEMALE;NEUTRAL;dw#innhl;FTOWBAZ;None;None;None;;;;;;;;;;15;cdtweaks;Commoner
FTWBAX10;HUMANOID;HUMAN;INNOCENT;STATIC_PEASANT_WOMAN;None;X#RUMOR;1;FEMALE;FEMALE;NEUTRAL;dw#innhl;FTOWBAZ;None;None;None;;;;;;;;;;15;cdtweaks;Commoner
FTWBAX11;HUMANOID;HUMAN;INNOCENT;STATIC_PEASANT_WOMAN;None;X#RUMOR;1;FEMALE;FEMALE;NEUTRAL;dw#innhl;FTOWBAZ;None;None;None;;;;;;;;;;15;cdtweaks;Commoner
FTWBAX2;HUMANOID;HUMAN;INNOCENT;STATIC_PEASANT_WOMAN;None;X#RUMOR;1;FEMALE;FEMALE;NEUTRAL;dw#innhl;FTOWBAZ;None;None;None;;;;;;;;;;15;cdtweaks;Commoner
FTWBAX3;HUMANOID;HUMAN;INNOCENT;STATIC_PEASANT_WOMAN;None;X#RUMOR;1;FEMALE;FEMALE;NEUTRAL;dw#innhl;FTOWBAZ;None;None;None;;;;;;;;;;15;cdtweaks;Commoner
FTWBAX4;HUMANOID;HUMAN;INNOCENT;STATIC_PEASANT_WOMAN;None;X#RUMOR;1;FEMALE;FEMALE;NEUTRAL;dw#innhl;FTOWBAZ;None;None;None;;;;;;;;;;15;cdtweaks;Commoner
FTWBAX5;HUMANOID;HUMAN;INNOCENT;STATIC_PEASANT_WOMAN;None;X#RUMOR;1;FEMALE;FEMALE;NEUTRAL;dw#innhl;FTOWBAZ;None;None;None;;;;;;;;;;15;cdtweaks;Commoner
FTWBAX6;HUMANOID;HUMAN;INNOCENT;STATIC_PEASANT_WOMAN;None;X#RUMOR;1;FEMALE;FEMALE;NEUTRAL;dw#innhl;FTOWBAZ;None;None;None;;;;;;;;;;15;cdtweaks;Commoner
FTWBAX7;HUMANOID;HUMAN;INNOCENT;STATIC_PEASANT_WOMAN;None;X#RUMOR;1;FEMALE;FEMALE;NEUTRAL;dw#innhl;FTOWBAZ;None;None;None;;;;;;;;;;15;cdtweaks;Commoner
FTWBAX8;HUMANOID;HUMAN;INNOCENT;STATIC_PEASANT_WOMAN;None;X#RUMOR;1;FEMALE;FEMALE;NEUTRAL;dw#innhl;FTOWBAZ;None;None;None;;;;;;;;;;15;cdtweaks;Commoner
FTWBAX9;HUMANOID;HUMAN;INNOCENT;STATIC_PEASANT_WOMAN;None;X#RUMOR;1;FEMALE;FEMALE;NEUTRAL;dw#innhl;FTOWBAZ;None;None;None;;;;;;;;;;15;cdtweaks;Commoner
FTWBAXA1;HUMANOID;HUMAN;INNOCENT;STATIC_PEASANT_WOMAN;None;X#RUMOR;1;FEMALE;FEMALE;NEUTRAL;dw#innhl;FTOWBAZ;None;None;None;;;;;;;;;;15;cdtweaks;Commoner
FTWBAXA2;HUMANOID;HUMAN;INNOCENT;STATIC_PEASANT_WOMAN;None;X#RUMOR;1;FEMALE;FEMALE;NEUTRAL;dw#innhl;FTOWBAZ;None;None;None;;;;;;;;;;15;cdtweaks;Commoner
FTWBAXA3;HUMANOID;HUMAN;INNOCENT;STATIC_PEASANT_WOMAN;None;X#RUMOR;1;FEMALE;FEMALE;NEUTRAL;dw#innhl;FTOWBAZ;None;None;None;;;;;;;;;;15;cdtweaks;Commoner
FTWBAXA4;HUMANOID;HUMAN;INNOCENT;STATIC_PEASANT_WOMAN;None;X#RUMOR;1;FEMALE;FEMALE;NEUTRAL;dw#innhl;FTOWBAZ;None;None;None;;;;;;;;;;15;cdtweaks;Commoner
FTWBAXA5;HUMANOID;HUMAN;INNOCENT;STATIC_PEASANT_WOMAN;None;X#RUMOR;1;FEMALE;FEMALE;NEUTRAL;dw#innhl;FTOWBAZ;None;None;None;;;;;;;;;;15;cdtweaks;Commoner
FTWBAXA6;HUMANOID;HUMAN;INNOCENT;STATIC_PEASANT_WOMAN;None;X#RUMOR;1;FEMALE;FEMALE;NEUTRAL;dw#innhl;FTOWBAZ;None;None;None;;;;;;;;;;15;cdtweaks;Commoner
FTWBAXA7;HUMANOID;HUMAN;INNOCENT;STATIC_PEASANT_WOMAN;None;X#RUMOR;1;FEMALE;FEMALE;NEUTRAL;dw#innhl;FTOWBAZ;None;None;None;;;;;;;;;;15;cdtweaks;Commoner
FTWBAXA8;HUMANOID;HUMAN;INNOCENT;STATIC_PEASANT_WOMAN;None;X#RUMOR;1;FEMALE;FEMALE;NEUTRAL;dw#innhl;FTOWBAZ;None;None;None;;;;;;;;;;15;cdtweaks;Commoner
FTWBAXA9;HUMANOID;HUMAN;INNOCENT;STATIC_PEASANT_WOMAN;None;X#RUMOR;1;FEMALE;FEMALE;NEUTRAL;dw#innhl;FTOWBAZ;None;None;None;;;;;;;;;;15;cdtweaks;Commoner
FTWBAXB1;HUMANOID;HUMAN;INNOCENT;STATIC_PEASANT_WOMAN;None;X#RUMOR;1;FEMALE;FEMALE;NEUTRAL;dw#innhl;FTOWBAZ;None;None;None;;;;;;;;;;15;cdtweaks;Commoner
FTWBAXB2;HUMANOID;HUMAN;INNOCENT;STATIC_PEASANT_WOMAN;None;X#RUMOR;1;FEMALE;FEMALE;NEUTRAL;dw#innhl;FTOWBAZ;None;None;None;;;;;;;;;;15;cdtweaks;Commoner
FTWBAXB3;HUMANOID;HUMAN;INNOCENT;STATIC_PEASANT_WOMAN;None;X#RUMOR;1;FEMALE;FEMALE;NEUTRAL;dw#innhl;FTOWBAZ;None;None;None;;;;;;;;;;15;cdtweaks;Commoner
FTWBAXB4;HUMANOID;HUMAN;INNOCENT;STATIC_PEASANT_WOMAN;None;X#RUMOR;1;FEMALE;FEMALE;NEUTRAL;dw#innhl;FTOWBAZ;None;None;None;;;;;;;;;;15;cdtweaks;Commoner
FTWBAXB5;HUMANOID;HUMAN;INNOCENT;STATIC_PEASANT_WOMAN;None;X#RUMOR;1;FEMALE;FEMALE;NEUTRAL;dw#innhl;FTOWBAZ;None;None;None;;;;;;;;;;15;cdtweaks;Commoner
FTWBAXB6;HUMANOID;HUMAN;INNOCENT;STATIC_PEASANT_WOMAN;None;X#RUMOR;1;FEMALE;FEMALE;NEUTRAL;dw#innhl;FTOWBAZ;None;None;None;;;;;;;;;;15;cdtweaks;Commoner
FTWBAXB7;HUMANOID;HUMAN;INNOCENT;STATIC_PEASANT_WOMAN;None;X#RUMOR;1;FEMALE;FEMALE;NEUTRAL;dw#innhl;FTOWBAZ;None;None;None;;;;;;;;;;15;cdtweaks;Commoner
FTWBAXB8;HUMANOID;HUMAN;INNOCENT;STATIC_PEASANT_WOMAN;None;X#RUMOR;1;FEMALE;FEMALE;NEUTRAL;dw#innhl;FTOWBAZ;None;None;None;;;;;;;;;;15;cdtweaks;Commoner
FTWBAXB9;HUMANOID;HUMAN;INNOCENT;STATIC_PEASANT_WOMAN;None;X#RUMOR;1;FEMALE;FEMALE;NEUTRAL;dw#innhl;FTOWBAZ;None;None;None;;;;;;;;;;15;cdtweaks;Commoner
FTWBAXC1;HUMANOID;HUMAN;INNOCENT;STATIC_PEASANT_WOMAN;None;X#RUMOR;1;FEMALE;FEMALE;NEUTRAL;dw#innhl;FTOWBAZ;None;None;None;;;;;;;;;;15;cdtweaks;Commoner
FTWBAXC2;HUMANOID;HUMAN;INNOCENT;STATIC_PEASANT_WOMAN;None;X#RUMOR;1;FEMALE;FEMALE;NEUTRAL;dw#innhl;FTOWBAZ;None;None;None;;;;;;;;;;15;cdtweaks;Commoner
FTWBAXC3;HUMANOID;HUMAN;INNOCENT;STATIC_PEASANT_WOMAN;None;X#RUMOR;1;FEMALE;FEMALE;NEUTRAL;dw#innhl;FTOWBAZ;None;None;None;;;;;;;;;;15;cdtweaks;Commoner
FTWBAXC4;HUMANOID;HUMAN;INNOCENT;STATIC_PEASANT_WOMAN;None;X#RUMOR;1;FEMALE;FEMALE;NEUTRAL;dw#innhl;FTOWBAZ;None;None;None;;;;;;;;;;15;cdtweaks;Commoner
FTWBAXC5;HUMANOID;HUMAN;INNOCENT;STATIC_PEASANT_WOMAN;None;X#RUMOR;1;FEMALE;FEMALE;NEUTRAL;dw#innhl;FTOWBAZ;None;None;None;;;;;;;;;;15;cdtweaks;Commoner
FTWBAXC6;HUMANOID;HUMAN;INNOCENT;STATIC_PEASANT_WOMAN;None;X#RUMOR;1;FEMALE;FEMALE;NEUTRAL;dw#innhl;FTOWBAZ;None;None;None;;;;;;;;;;15;cdtweaks;Commoner
FTWBAXC7;HUMANOID;HUMAN;INNOCENT;STATIC_PEASANT_WOMAN;None;X#RUMOR;1;FEMALE;FEMALE;NEUTRAL;dw#innhl;FTOWBAZ;None;None;None;;;;;;;;;;15;cdtweaks;Commoner
FTWBAXC8;HUMANOID;HUMAN;INNOCENT;STATIC_PEASANT_WOMAN;None;X#RUMOR;1;FEMALE;FEMALE;NEUTRAL;dw#innhl;FTOWBAZ;None;None;None;;;;;;;;;;15;cdtweaks;Commoner
FTWBAXC9;HUMANOID;HUMAN;INNOCENT;STATIC_PEASANT_WOMAN;None;X#RUMOR;1;FEMALE;FEMALE;NEUTRAL;dw#innhl;FTOWBAZ;None;None;None;;;;;;;;;;15;cdtweaks;Commoner
FTWBAXD1;HUMANOID;HUMAN;INNOCENT;STATIC_PEASANT_WOMAN;None;X#RUMOR;1;FEMALE;FEMALE;NEUTRAL;dw#innhl;FTOWBAZ;None;None;None;;;;;;;;;;15;cdtweaks;Commoner
FTWBAXD2;HUMANOID;HUMAN;INNOCENT;STATIC_PEASANT_WOMAN;None;X#RUMOR;1;FEMALE;FEMALE;NEUTRAL;dw#innhl;FTOWBAZ;None;None;None;;;;;;;;;;15;cdtweaks;Commoner
FTWBAXD3;HUMANOID;HUMAN;INNOCENT;STATIC_PEASANT_WOMAN;None;X#RUMOR;1;FEMALE;FEMALE;NEUTRAL;dw#innhl;FTOWBAZ;None;None;None;;;;;;;;;;15;cdtweaks;Commoner
FTWBAXD4;HUMANOID;HUMAN;INNOCENT;STATIC_PEASANT_WOMAN;None;X#RUMOR;1;FEMALE;FEMALE;NEUTRAL;dw#innhl;FTOWBAZ;None;None;None;;;;;;;;;;15;cdtweaks;Commoner
FTWBAXD5;HUMANOID;HUMAN;INNOCENT;STATIC_PEASANT_WOMAN;None;X#RUMOR;1;FEMALE;FEMALE;NEUTRAL;dw#innhl;FTOWBAZ;None;None;None;;;;;;;;;;15;cdtweaks;Commoner
FTWBAXD6;HUMANOID;HUMAN;INNOCENT;STATIC_PEASANT_WOMAN;None;X#RUMOR;1;FEMALE;FEMALE;NEUTRAL;dw#innhl;FTOWBAZ;None;None;None;;;;;;;;;;15;cdtweaks;Commoner
FTWBAXD7;HUMANOID;HUMAN;INNOCENT;STATIC_PEASANT_WOMAN;None;X#RUMOR;1;FEMALE;FEMALE;NEUTRAL;dw#innhl;FTOWBAZ;None;None;None;;;;;;;;;;15;cdtweaks;Commoner
FTWBAXD8;HUMANOID;HUMAN;INNOCENT;STATIC_PEASANT_WOMAN;None;X#RUMOR;1;FEMALE;FEMALE;NEUTRAL;dw#innhl;FTOWBAZ;None;None;None;;;;;;;;;;15;cdtweaks;Commoner
FTWBAXD9;HUMANOID;HUMAN;INNOCENT;STATIC_PEASANT_WOMAN;None;X#RUMOR;1;FEMALE;FEMALE;NEUTRAL;dw#innhl;FTOWBAZ;None;None;None;;;;;;;;;;15;cdtweaks;Commoner
FTWBAXE1;HUMANOID;HUMAN;INNOCENT;STATIC_PEASANT_WOMAN;None;X#RUMOR;1;FEMALE;FEMALE;NEUTRAL;dw#innhl;FTOWBAZ;None;None;None;;;;;;;;;;15;cdtweaks;Commoner
FTWBAXE2;HUMANOID;HUMAN;INNOCENT;STATIC_PEASANT_WOMAN;None;X#RUMOR;1;FEMALE;FEMALE;NEUTRAL;dw#innhl;FTOWBAZ;None;None;None;;;;;;;;;;15;cdtweaks;Commoner
FTWBAXE3;HUMANOID;HUMAN;INNOCENT;STATIC_PEASANT_WOMAN;None;X#RUMOR;1;FEMALE;FEMALE;NEUTRAL;dw#innhl;FTOWBAZ;None;None;None;;;;;;;;;;15;cdtweaks;Commoner
FTWBAXE4;HUMANOID;HUMAN;INNOCENT;STATIC_PEASANT_WOMAN;None;X#RUMOR;1;FEMALE;FEMALE;NEUTRAL;dw#innhl;FTOWBAZ;None;None;None;;;;;;;;;;15;cdtweaks;Commoner
FTWBAXE5;HUMANOID;HUMAN;INNOCENT;STATIC_PEASANT_WOMAN;None;X#RUMOR;1;FEMALE;FEMALE;NEUTRAL;dw#innhl;FTOWBAZ;None;None;None;;;;;;;;;;15;cdtweaks;Commoner
FTWBAXE6;HUMANOID;HUMAN;INNOCENT;STATIC_PEASANT_WOMAN;None;X#RUMOR;1;FEMALE;FEMALE;NEUTRAL;dw#innhl;FTOWBAZ;None;None;None;;;;;;;;;;15;cdtweaks;Commoner
FTWBAXE7;HUMANOID;HUMAN;INNOCENT;STATIC_PEASANT_WOMAN;None;X#RUMOR;1;FEMALE;FEMALE;NEUTRAL;dw#innhl;FTOWBAZ;None;None;None;;;;;;;;;;15;cdtweaks;Commoner
FTWBAXE8;HUMANOID;HUMAN;INNOCENT;STATIC_PEASANT_WOMAN;None;X#RUMOR;1;FEMALE;FEMALE;NEUTRAL;dw#innhl;FTOWBAZ;None;None;None;;;;;;;;;;15;cdtweaks;Commoner
FTWBAXE9;HUMANOID;HUMAN;INNOCENT;STATIC_PEASANT_WOMAN;None;X#RUMOR;1;FEMALE;FEMALE;NEUTRAL;dw#innhl;FTOWBAZ;None;None;None;;;;;;;;;;15;cdtweaks;Commoner
GAMES10;HUMANOID;HUMAN;INNOCENT;THIEF_MALE_HUMAN;None;games4;1;MALE;MALE;NEUTRAL;dw#innhl;RUNENEMY;None;None;WTRUNSGT;;;;;;;;;;15;cdtweaks;Gamesman
GAMES11;HUMANOID;HUMAN;INNOCENT;THIEF_MALE_HUMAN;None;games3;1;MALE;MALE;NEUTRAL;dw#innhl;RUNENEMY;None;None;WTRUNSGT;;;;;;;;;;15;cdtweaks;Gamesman
GAMES12;HUMANOID;HUMAN;INNOCENT;THIEF_MALE_HUMAN;None;games5;1;MALE;MALE;NEUTRAL;dw#innhl;RUNENEMY;None;None;WTRUNSGT;;;;;;;;;;15;cdtweaks;Gamesman
GAMES13;HUMANOID;HUMAN;INNOCENT;THIEF_MALE_HUMAN;None;games4;1;MALE;MALE;NEUTRAL;dw#innhl;RUNENEMY;None;None;WTRUNSGT;;;;;;;;;;15;cdtweaks;Gamesman
GAMES14;HUMANOID;HUMAN;INNOCENT;THIEF_MALE_HUMAN;None;games3;1;MALE;MALE;NEUTRAL;dw#innhl;RUNENEMY;None;None;WTRUNSGT;;;;;;;;;;15;cdtweaks;Gamesman
GAMES15;HUMANOID;HUMAN;INNOCENT;THIEF_MALE_HUMAN;None;games;1;MALE;MALE;NEUTRAL;dw#innhl;WTRUNSGT;None;None;None;;;;;;;;;;15;cdtweaks;Gamesman
GAMES16;HUMANOID;HUMAN;INNOCENT;THIEF_MALE_HUMAN;None;games3;1;MALE;MALE;NEUTRAL;dw#innhl;RUNENEMY;None;None;WTRUNSGT;;;;;;;;;;15;cdtweaks;Gamesman
GAMES17;HUMANOID;HUMAN;INNOCENT;THIEF_MALE_HUMAN;None;games4;1;MALE;MALE;NEUTRAL;dw#innhl;RUNENEMY;None;None;WTRUNSGT;;;;;;;;;;15;cdtweaks;Gamesman
GAMES18;HUMANOID;HUMAN;INNOCENT;THIEF_MALE_HUMAN;None;games5;1;MALE;MALE;NEUTRAL;dw#innhl;RUNENEMY;None;None;WTRUNSGT;;;;;;;;;;15;cdtweaks;Gamesman
GAMES6;HUMANOID;HUMAN;INNOCENT;THIEF_MALE_HUMAN;None;games4;1;MALE;MALE;NEUTRAL;dw#innhl;RUNENEMY;None;None;WTRUNSGT;;;;;;;;;;15;cdtweaks;Gamesman
GAMES7;HUMANOID;HUMAN;INNOCENT;THIEF_MALE_HUMAN;None;games5;1;MALE;MALE;NEUTRAL;dw#innhl;RUNENEMY;None;None;WTRUNSGT;;;;;;;;;;15;cdtweaks;Gamesman
GAMES8;HUMANOID;HUMAN;INNOCENT;THIEF_MALE_HUMAN;None;games2;1;MALE;MALE;NEUTRAL;dw#innhl;WTRUNSGT;None;None;None;;;;;;;;;;15;cdtweaks;Gamesman
GAMES9;HUMANOID;HUMAN;INNOCENT;THIEF_MALE_HUMAN;None;games5;1;MALE;MALE;NEUTRAL;dw#innhl;RUNENEMY;None;None;WTRUNSGT;;;;;;;;;;15;cdtweaks;Gamesman
HALFFG1;HUMANOID;HALFLING;INNOCENT;THIEF_FEMALE_HALFLING;None;HALFFG;0;FEMALE;FEMALE;NEUTRAL;dw#innhl;None;RUNENEMY;None;WDRUNSGT;;;;;;;;;;7;cdtweaks;Halfling Woman
HALFGU1;HUMANOID;HALFLING;INNOCENT;THIEF_MALE_HALFLING;None;HALFGU;0;MALE;MALE;NEUTRAL;dw#innhl;None;RUNENEMY;None;WDRUNSGT;;;;;;;;;;7;cdtweaks;Halfling Man
HALFGU2;HUMANOID;HALFLING;INNOCENT;THIEF_MALE_HALFLING;None;HALFGU;0;MALE;MALE;NEUTRAL;dw#innhl;None;RUNENEMY;None;WDRUNSGT;;;;;;;;;;7;cdtweaks;Halfling Man
HALFGU3;HUMANOID;HALFLING;INNOCENT;THIEF_MALE_HALFLING;None;HALFGU;0;MALE;MALE;NEUTRAL;dw#innhl;None;RUNENEMY;None;WDRUNSGT;;;;;;;;;;7;cdtweaks;Halfling Man
HALFGU4;HUMANOID;HALFLING;INNOCENT;THIEF_MALE_HALFLING;None;HALFGU;0;MALE;MALE;NEUTRAL;dw#innhl;None;RUNENEMY;None;WDRUNSGT;;;;;;;;;;7;cdtweaks;Halfling Man
HALFGU5;HUMANOID;HALFLING;INNOCENT;THIEF_MALE_HALFLING;None;HALFGU;0;MALE;MALE;NEUTRAL;dw#innhl;None;RUNENEMY;None;WDRUNSGT;;;;;;;;;;7;cdtweaks;Halfling Man
HALFGU6;HUMANOID;HALFLING;INNOCENT;THIEF_MALE_HALFLING;None;HALFGU;0;MALE;MALE;NEUTRAL;dw#innhl;None;RUNENEMY;None;WDRUNSGT;;;;;;;;;;7;cdtweaks;Halfling Man
HALFGU7;HUMANOID;HALFLING;INNOCENT;THIEF_MALE_HALFLING;None;HALFGU;0;MALE;MALE;NEUTRAL;dw#innhl;None;RUNENEMY;None;WDRUNSGT;;;;;;;;;;7;cdtweaks;Halfling Man
HOUSG10;HUMANOID;HUMAN;FIGHTER;FIGHTER_MALE_HUMAN;None;housg5;1;MALE;MALE;NEUTRAL;dw#urbhl;;None;None;dw1melge;;;;;;SW1H04;;;;65;cdtweaks;Guard
HOUSG11;HUMANOID;HUMAN;FIGHTER;FIGHTER_MALE_HUMAN;None;housg5;1;MALE;MALE;NEUTRAL;dw#urbhl;;None;None;dw1melge;;;;;;SW1H04;;;;65;cdtweaks;Guard
HOUSG12;HUMANOID;HUMAN;FIGHTER;FIGHTER_MALE_HUMAN;None;housg5;1;MALE;MALE;NEUTRAL;dw#urbhl;;None;None;dw1melge;;;;;;SW1H04;;;;65;cdtweaks;Guard
HOUSG7;HUMANOID;HUMAN;FIGHTER;FIGHTER_MALE_HUMAN;HOUSG6;HOUSG6;1;MALE;MALE;NEUTRAL;dw#urbhl;None;None;None;dw1melge;;;;;;SW1H04;;;;65;cdtweaks;Guard
HOUSG8;HUMANOID;HUMAN;FIGHTER;FIGHTER_MALE_HUMAN;None;housg4;1;MALE;MALE;NEUTRAL;dw#urbhl;INITDLG;;None;dw1melge;;;;;;SW1H04;;;;65;cdtweaks;Guard
HOUSG9;HUMANOID;HUMAN;FIGHTER;FIGHTER_MALE_HUMAN;None;housg5;1;MALE;MALE;NEUTRAL;dw#urbhl;;None;None;dw1melge;;;;;;SW1H04;;;;65;cdtweaks;Guard
IRON15;HUMANOID;HUMAN;FIGHTER;FIGHTER_MALE_HUMAN;None;iron4;1;MALE;MALE;NEUTRAL;dw#gpsht;INITDLG;;None;dw1melge;;;;;;SW1H04;;;;65;cdtweaks;Guard
IRON16;HUMANOID;HUMAN;FIGHTER;FIGHTER_MALE_HUMAN;None;iron4;1;MALE;MALE;NEUTRAL;dw#gpsht;INITDLG;;None;dw1melge;;;;;;SW1H04;;;;65;cdtweaks;Guard
IRONGU1;HUMANOID;HUMAN;FIGHTER;FIGHTER_MALE_HUMAN;irongu;IRONGU;5;MALE;MALE;ENEMY;dw#gpsht;;None;None;dw1melge;;SHLD03;;;;SW1H04;;;;270;cdtweaks;Guard
IRONGU2;HUMANOID;HUMAN;FIGHTER;FIGHTER_MALE_HUMAN;irongu;IRONGU;5;MALE;MALE;ENEMY;dw#gpsht;;None;None;dw1melge;;SHLD03;;;;SW1H04;;;;270;cdtweaks;Guard
IRONGU3;HUMANOID;HUMAN;FIGHTER;FIGHTER_MALE_HUMAN;irongu;IRONGU;5;MALE;MALE;ENEMY;dw#gpsht;;None;None;dw1melge;;SHLD03;;;;SW1H04;;;;270;cdtweaks;Guard
IRONGU4;HUMANOID;HUMAN;FIGHTER;FIGHTER_MALE_HUMAN;irongu;IRONGU;5;MALE;MALE;ENEMY;dw#gpsht;;None;None;dw1melge;;SHLD03;;;;SW1H04;;;;270;cdtweaks;Guard
IRONGU5;HUMANOID;HUMAN;FIGHTER;FIGHTER_MALE_HUMAN;irongu;IRONGU;5;MALE;MALE;ENEMY;dw#gpsht;;None;None;dw1melge;;SHLD03;;;;SW1H04;;;;270;cdtweaks;Guard
IRONGU6;HUMANOID;HUMAN;FIGHTER;FIGHTER_MALE_HUMAN;irongu;IRONGU;5;MALE;MALE;ENEMY;dw#gpsht;;None;None;dw1melge;;SHLD03;;;;SW1H04;;;;270;cdtweaks;Guard
IRONGU7;HUMANOID;HUMAN;FIGHTER;FIGHTER_MALE_HUMAN;irongu;IRONGU;5;MALE;MALE;ENEMY;dw#gpsht;;None;None;dw1melge;;SHLD03;;;;SW1H04;;;;270;cdtweaks;Guard
IRONGU8;HUMANOID;HUMAN;FIGHTER;FIGHTER_MALE_HUMAN;irongu;IRONGU;5;MALE;MALE;ENEMY;dw#gpsht;;None;None;dw1melge;;SHLD03;;;;SW1H04;;;;270;cdtweaks;Guard
IRONGU9;HUMANOID;HUMAN;FIGHTER;FIGHTER_MALE_HUMAN;irongu;IRONGU;5;MALE;MALE;ENEMY;dw#gpsht;;None;None;dw1melge;;SHLD03;;;;SW1H04;;;;270;cdtweaks;Guard
MBASC1;HUMANOID;HUMAN;INNOCENT;STATIC_PEASANT_MAN_CHAIR;None;MTOWBA;1;MALE;MALE;NEUTRAL;dw#innhl;MTOWBAZ;None;None;None;;;;;;;;;;15;cdtweaks;Commoner
MBASN1;HUMANOID;HUMAN;INNOCENT;STATIC_PEASANT_MAN_MATTE;None;MTOWBA;1;MALE;MALE;NEUTRAL;dw#innhl;MTOWBAZ;None;None;None;;;;;;;;;;15;cdtweaks;Commoner
MBASN2;HUMANOID;HUMAN;INNOCENT;STATIC_PEASANT_MAN_MATTE;None;MTOWBA;1;MALE;MALE;NEUTRAL;dw#innhl;MTOWBAZ;None;None;None;;;;;;;;;;15;cdtweaks;Commoner
MBAX_A1;HUMANOID;HUMAN;INNOCENT;STATIC_PEASANT_MAN;None;MTOWBA;1;MALE;MALE;NEUTRAL;dw#innhl;MTOWBAZ;None;None;None;;;;;;;;;;15;cdtweaks;Commoner
MBAX_B1;HUMANOID;HUMAN;INNOCENT;STATIC_PEASANT_MAN;None;MTOWBA;1;MALE;MALE;NEUTRAL;dw#innhl;MTOWBAZ;None;None;None;;;;;;;;;;15;cdtweaks;Commoner
MBAX_B2;HUMANOID;HUMAN;INNOCENT;STATIC_PEASANT_MAN;None;MTOWBA;1;MALE;MALE;NEUTRAL;dw#innhl;MTOWBAZ;None;None;None;;;;;;;;;;15;cdtweaks;Commoner
MBAX_B3;HUMANOID;HUMAN;INNOCENT;STATIC_PEASANT_MAN;None;MTOWBA;1;MALE;MALE;NEUTRAL;dw#innhl;MTOWBAZ;None;None;None;;;;;;;;;;15;cdtweaks;Commoner
MBAX_B4;HUMANOID;HUMAN;INNOCENT;STATIC_PEASANT_MAN;None;MTOWBA;1;MALE;MALE;NEUTRAL;dw#innhl;MTOWBAZ;None;None;None;;;;;;;;;;15;cdtweaks;Commoner
MBAX_C1;HUMANOID;HUMAN;INNOCENT;STATIC_PEASANT_MAN;None;MTOWBA;1;MALE;MALE;NEUTRAL;dw#innhl;MTOWBAZ;None;None;None;;;;;;;;;;15;cdtweaks;Commoner
MBAX_C2;HUMANOID;HUMAN;INNOCENT;STATIC_PEASANT_MAN;None;MTOWBA;1;MALE;MALE;NEUTRAL;dw#innhl;MTOWBAZ;None;None;None;;;;;;;;;;15;cdtweaks;Commoner
MBAX_C3;HUMANOID;HUMAN;INNOCENT;STATIC_PEASANT_MAN;None;MTOWBA;1;MALE;MALE;NEUTRAL;dw#innhl;MTOWBAZ;None;None;None;;;;;;;;;;15;cdtweaks;Commoner
MBAX_C4;HUMANOID;HUMAN;INNOCENT;STATIC_PEASANT_MAN;None;MTOWBA;1;MALE;MALE;NEUTRAL;dw#innhl;MTOWBAZ;None;None;None;;;;;;;;;;15;cdtweaks;Commoner
MBAX_C5;HUMANOID;HUMAN;INNOCENT;STATIC_PEASANT_MAN;None;MTOWBA;1;MALE;MALE;NEUTRAL;dw#innhl;MTOWBAZ;None;None;None;;;;;;;;;;15;cdtweaks;Commoner
MBAX_C6;HUMANOID;HUMAN;INNOCENT;STATIC_PEASANT_MAN;None;MTOWBA;1;MALE;MALE;NEUTRAL;dw#innhl;MTOWBAZ;None;None;None;;;;;;;;;;15;cdtweaks;Commoner
MBAX_C7;HUMANOID;HUMAN;INNOCENT;STATIC_PEASANT_MAN;None;MTOWBA;1;MALE;MALE;NEUTRAL;dw#innhl;MTOWBAZ;None;None;None;;;;;;;;;;15;cdtweaks;Commoner
MBAX_C8;HUMANOID;HUMAN;INNOCENT;STATIC_PEASANT_MAN;None;MTOWBA;1;MALE;MALE;NEUTRAL;dw#innhl;MTOWBAZ;None;None;None;;;;;;;;;;15;cdtweaks;Commoner
MBAX_C9;HUMANOID;HUMAN;INNOCENT;STATIC_PEASANT_WOMAN;None;X#RUMOR;1;FEMALE;FEMALE;NEUTRAL;dw#innhl;FTOWBAZ;None;None;None;;;;;;;;;;15;cdtweaks;Commoner
MBAX_D1;HUMANOID;HUMAN;INNOCENT;STATIC_PEASANT_MAN;None;MTOWBA;1;MALE;MALE;NEUTRAL;dw#innhl;MTOWBAZ;None;None;None;;;;;;;;;;15;cdtweaks;Commoner
MBAX_D2;HUMANOID;HUMAN;INNOCENT;STATIC_PEASANT_MAN;None;MTOWBA;1;MALE;MALE;NEUTRAL;dw#innhl;MTOWBAZ;None;None;None;;;;;;;;;;15;cdtweaks;Commoner
MBAX_D3;HUMANOID;HUMAN;INNOCENT;STATIC_PEASANT_MAN;None;MTOWBA;1;MALE;MALE;NEUTRAL;dw#innhl;MTOWBAZ;None;None;None;;;;;;;;;;15;cdtweaks;Commoner
MBAX_D4;HUMANOID;HUMAN;INNOCENT;STATIC_PEASANT_MAN;None;MTOWBA;1;MALE;MALE;NEUTRAL;dw#innhl;MTOWBAZ;None;None;None;;;;;;;;;;15;cdtweaks;Commoner
MBAX_D5;HUMANOID;HUMAN;INNOCENT;STATIC_PEASANT_MAN;None;MTOWBA;1;MALE;MALE;NEUTRAL;dw#innhl;MTOWBAZ;None;None;None;;;;;;;;;;15;cdtweaks;Commoner
MBAX_D6;HUMANOID;HUMAN;INNOCENT;STATIC_PEASANT_MAN;None;MTOWBA;1;MALE;MALE;NEUTRAL;dw#innhl;MTOWBAZ;None;None;None;;;;;;;;;;15;cdtweaks;Commoner
MBAX_D7;HUMANOID;HUMAN;INNOCENT;STATIC_PEASANT_MAN;None;MTOWBA;1;MALE;MALE;NEUTRAL;dw#innhl;MTOWBAZ;None;None;None;;;;;;;;;;15;cdtweaks;Commoner
MBAX_D8;HUMANOID;HUMAN;INNOCENT;STATIC_PEASANT_MAN;None;MTOWBA;1;MALE;MALE;NEUTRAL;dw#innhl;MTOWBAZ;None;None;None;;;;;;;;;;15;cdtweaks;Commoner
MBAX_D9;HUMANOID;HUMAN;INNOCENT;STATIC_PEASANT_MAN;None;MTOWBA;1;MALE;MALE;NEUTRAL;dw#innhl;MTOWBAZ;None;None;None;;;;;;;;;;15;cdtweaks;Commoner
MBAX_E1;HUMANOID;HUMAN;INNOCENT;STATIC_PEASANT_MAN;None;MTOWBA;1;MALE;MALE;NEUTRAL;dw#innhl;MTOWBAZ;None;None;None;;;;;;;;;;15;cdtweaks;Commoner
MBAX_E2;HUMANOID;HUMAN;INNOCENT;STATIC_PEASANT_MAN;None;MTOWBA;1;MALE;MALE;NEUTRAL;dw#innhl;MTOWBAZ;None;None;None;;;;;;;;;;15;cdtweaks;Commoner
MBAX_E3;HUMANOID;HUMAN;INNOCENT;STATIC_PEASANT_MAN;None;MTOWBA;1;MALE;MALE;NEUTRAL;dw#innhl;MTOWBAZ;None;None;None;;;;;;;;;;15;cdtweaks;Commoner
MBAX_E4;HUMANOID;HUMAN;INNOCENT;STATIC_PEASANT_MAN;None;MTOWBA;1;MALE;MALE;NEUTRAL;dw#innhl;MTOWBAZ;None;None;None;;;;;;;;;;15;cdtweaks;Commoner
MBAX_E5;HUMANOID;HUMAN;INNOCENT;STATIC_PEASANT_MAN;None;MTOWBA;1;MALE;MALE;NEUTRAL;dw#innhl;MTOWBAZ;None;None;None;;;;;;;;;;15;cdtweaks;Commoner
MBAX_E6;HUMANOID;HUMAN;INNOCENT;STATIC_PEASANT_MAN;None;MTOWBA;1;MALE;MALE;NEUTRAL;dw#innhl;MTOWBAZ;None;None;None;;;;;;;;;;15;cdtweaks;Commoner
MCOOK10;HUMANOID;HUMAN;INNOCENT;PEASANT_MAN;None;MCOOK2;0;MALE;MALE;NEUTRAL;dw#innhl;None;RUNENEMY;None;WTRUNSGT;;;;;;;;;;5;cdtweaks;Cook
MCOOK7;HUMANOID;HUMAN;INNOCENT;PEASANT_MAN;None;MCOOK7;0;MALE;MALE;NEUTRAL;dw#innhl;None;RUNENEMY;None;WTRUNSGT;;;;;;;;;;5;cdtweaks;Cook
MCOOK8;HUMANOID;HUMAN;INNOCENT;PEASANT_MAN;None;MCOOK5;0;MALE;MALE;NEUTRAL;dw#innhl;None;RUNENEMY;None;WTRUNSGT;;;;;;;;;;5;cdtweaks;Cook
MCOOK9;HUMANOID;HUMAN;INNOCENT;PEASANT_MAN;None;MCOOK5;0;MALE;MALE;NEUTRAL;dw#innhl;None;RUNENEMY;None;WTRUNSGT;;;;;;;;;;5;cdtweaks;Cook
MERCHG1;HUMANOID;HUMAN;FIGHTER;FIGHTER_MALE_HUMAN;None;merchg;1;MALE;MALE;NEUTRAL;dw#urbhl;SEEENEMY;merchg;None;dw1melge;;;;;;SW1H04;;;;65;cdtweaks;Guard
MERLEA1;HUMANOID;HUMAN;INNOCENT;FAT_MAN;None;merlea;1;MALE;MALE;NEUTRAL;dw#innhl;RUNENEMY;WTRUNSGT;None;None;;;;;;;;;;15;cdtweaks;Merchant
MERLEA2;HUMANOID;HUMAN;INNOCENT;FAT_MAN;None;merlea;1;MALE;MALE;NEUTRAL;dw#innhl;RUNENEMY;WTRUNSGT;None;None;;;;;;;;;;15;cdtweaks;Merchant
MERLEA3;HUMANOID;HUMAN;INNOCENT;FAT_MAN;None;merlea;1;MALE;MALE;NEUTRAL;dw#innhl;RUNENEMY;WTRUNSGT;None;None;;;;;;;;;;15;cdtweaks;Merchant
MERLEA4;HUMANOID;HUMAN;INNOCENT;FAT_MAN;None;merlea;1;MALE;MALE;NEUTRAL;dw#innhl;RUNENEMY;WTRUNSGT;None;None;;;;;;;;;;15;cdtweaks;Merchant
MINERC1;HUMANOID;HUMAN;INNOCENT;SLAVE;None;Minerc;1;MALE;MALE;NEUTRAL;RR#PICKP;SLAVE;RUNENEMY;None;wdrunsgt;;;;;;;;;;2;cdtweaks;Miner
MINERC10;HUMANOID;HUMAN;INNOCENT;SLAVE;None;Minerc;1;MALE;MALE;NEUTRAL;RR#PICKP;SLAVE;RUNENEMY;None;wdrunsgt;;;;;;;;;;2;cdtweaks;Miner
MINERC11;HUMANOID;HUMAN;INNOCENT;SLAVE;None;Minerc;1;MALE;MALE;NEUTRAL;RR#PICKP;SLAVE;RUNENEMY;None;wdrunsgt;;;;;;;;;;2;cdtweaks;Miner
MINERC12;HUMANOID;HUMAN;INNOCENT;SLAVE;None;Minerc;1;MALE;MALE;NEUTRAL;RR#PICKP;SLAVE;RUNENEMY;None;wdrunsgt;;;;;;;;;;2;cdtweaks;Miner
MINERC13;HUMANOID;HUMAN;INNOCENT;SLAVE;None;Minerc;1;MALE;MALE;NEUTRAL;RR#PICKP;SLAVE;RUNENEMY;None;wdrunsgt;;;;;;;;;;2;cdtweaks;Miner
MINERC2;HUMANOID;HUMAN;INNOCENT;SLAVE;None;Minerc;1;MALE;MALE;NEUTRAL;RR#PICKP;SLAVE;RUNENEMY;None;wdrunsgt;;;;;;;;;;2;cdtweaks;Miner
MINERC3;HUMANOID;HUMAN;INNOCENT;SLAVE;None;Minerc;1;MALE;MALE;NEUTRAL;RR#PICKP;SLAVE;RUNENEMY;None;wdrunsgt;;;;;;;;;;2;cdtweaks;Miner
MINERC4;HUMANOID;HUMAN;INNOCENT;SLAVE;None;Minerc;1;MALE;MALE;NEUTRAL;RR#PICKP;SLAVE;RUNENEMY;None;wdrunsgt;;;;;;;;;;2;cdtweaks;Miner
MINERC5;HUMANOID;HUMAN;INNOCENT;SLAVE;None;Minerc;1;MALE;MALE;NEUTRAL;RR#PICKP;SLAVE;RUNENEMY;None;wdrunsgt;;;;;;;;;;2;cdtweaks;Miner
MINERC6;HUMANOID;HUMAN;INNOCENT;SLAVE;None;Minerc;1;MALE;MALE;NEUTRAL;RR#PICKP;SLAVE;RUNENEMY;None;wdrunsgt;;;;;;;;;;2;cdtweaks;Miner
MINERC7;HUMANOID;HUMAN;INNOCENT;SLAVE;None;Minerc;1;MALE;MALE;NEUTRAL;RR#PICKP;SLAVE;RUNENEMY;None;wdrunsgt;;;;;;;;;;2;cdtweaks;Miner
MINERC8;HUMANOID;HUMAN;INNOCENT;SLAVE;None;Minerc;1;MALE;MALE;NEUTRAL;RR#PICKP;SLAVE;RUNENEMY;None;wdrunsgt;;;;;;;;;;2;cdtweaks;Miner
MINERC9;HUMANOID;HUMAN;INNOCENT;SLAVE;None;Minerc;1;MALE;MALE;NEUTRAL;RR#PICKP;SLAVE;RUNENEMY;None;wdrunsgt;;;;;;;;;;2;cdtweaks;Miner
MINERN1;HUMANOID;HUMAN;INNOCENT;SLAVE;None;Minern;1;MALE;MALE;NEUTRAL;dw#innhl;None;RUNENEMY;None;wdrunsgt;;;;;;;;;;2;cdtweaks;Miner
MINERN2;HUMANOID;HUMAN;INNOCENT;SLAVE;None;Minern;1;MALE;MALE;NEUTRAL;dw#innhl;None;RUNENEMY;None;wdrunsgt;;;;;;;;;;2;cdtweaks;Miner
MINERN3;HUMANOID;HUMAN;INNOCENT;SLAVE;None;Minern;1;MALE;MALE;NEUTRAL;dw#innhl;None;RUNENEMY;None;wdrunsgt;;;;;;;;;;2;cdtweaks;Miner
MINERN4;HUMANOID;HUMAN;INNOCENT;SLAVE;None;Minern;1;MALE;MALE;NEUTRAL;dw#innhl;None;RUNENEMY;None;wdrunsgt;;;;;;;;;;2;cdtweaks;Miner
MINERN5;HUMANOID;HUMAN;INNOCENT;SLAVE;None;Minern;1;MALE;MALE;NEUTRAL;dw#innhl;None;RUNENEMY;None;wdrunsgt;;;;;;;;;;2;cdtweaks;Miner
MINERN6;HUMANOID;HUMAN;INNOCENT;SLAVE;None;Minern;1;MALE;MALE;NEUTRAL;dw#innhl;None;RUNENEMY;None;wdrunsgt;;;;;;;;;;2;cdtweaks;Miner
MINERN7;HUMANOID;HUMAN;INNOCENT;SLAVE;None;Minern;1;MALE;MALE;NEUTRAL;dw#innhl;None;RUNENEMY;None;wdrunsgt;;;;;;;;;;2;cdtweaks;Miner
MINERN8;HUMANOID;HUMAN;INNOCENT;SLAVE;None;Minern;1;MALE;MALE;NEUTRAL;dw#innhl;None;RUNENEMY;None;wdrunsgt;;;;;;;;;;2;cdtweaks;Miner
MINERN9;HUMANOID;HUMAN;INNOCENT;SLAVE;None;Minern;1;MALE;MALE;NEUTRAL;dw#innhl;None;RUNENEMY;None;wdrunsgt;;;;;;;;;;2;cdtweaks;Miner
MTOB11;HUMANOID;HUMAN;INNOCENT;PEASANT_MAN;None;mtob2;1;MALE;MALE;NEUTRAL;dw#innhl;RUNENEMY;None;WDRUNSGT;None;;;;;;;;;;15;cdtweaks;Commoner
MTOB12;HUMANOID;HUMAN;INNOCENT;PEASANT_MAN;None;MTOB3;1;MALE;MALE;NEUTRAL;dw#innhl;RUNENEMY;None;WDRUNSGT;None;;;;;;;;;;15;cdtweaks;Commoner
MTOB13;HUMANOID;HUMAN;INNOCENT;PEASANT_MAN;None;MTOB3;1;MALE;MALE;NEUTRAL;dw#innhl;RUNENEMY;None;WDRUNSGT;None;;;;;;;;;;15;cdtweaks;Commoner
MTOB14;HUMANOID;HUMAN;INNOCENT;PEASANT_MAN;None;mtob6;1;MALE;MALE;NEUTRAL;dw#innhl;RUNENEMY;None;WDRUNSGT;None;;;;;;;;;;15;cdtweaks;Commoner
MTOB15;HUMANOID;HUMAN;INNOCENT;PEASANT_MAN;None;mtob6;1;MALE;MALE;NEUTRAL;dw#innhl;RUNENEMY;None;WDRUNSGT;None;;;;;;;;;;15;cdtweaks;Commoner
MTOB16;HUMANOID;HUMAN;INNOCENT;PEASANT_MAN;None;mtob6;1;MALE;MALE;NEUTRAL;dw#innhl;RUNENEMY;None;WDRUNSGT;None;;;;;;;;;;15;cdtweaks;Commoner
MTOB17;HUMANOID;HUMAN;INNOCENT;PEASANT_MAN;None;mtob6;1;MALE;MALE;NEUTRAL;dw#innhl;RUNENEMY;None;WDRUNSGT;None;;;;;;;;;;15;cdtweaks;Commoner
MTOB18;HUMANOID;HUMAN;INNOCENT;PEASANT_MAN;None;mtob6;1;MALE;MALE;NEUTRAL;dw#innhl;RUNENEMY;None;WDRUNSGT;None;;;;;;;;;;15;cdtweaks;Commoner
MTOB19;HUMANOID;HUMAN;INNOCENT;PEASANT_MAN;None;mtob6;1;MALE;MALE;NEUTRAL;dw#innhl;RUNENEMY;None;WDRUNSGT;None;;;;;;;;;;15;cdtweaks;Commoner
MTOB20;HUMANOID;HUMAN;INNOCENT;PEASANT_MAN;None;mtob6;1;MALE;MALE;NEUTRAL;dw#innhl;RUNENEMY;None;WDRUNSGT;None;;;;;;;;;;15;cdtweaks;Commoner
MTOB21;HUMANOID;HUMAN;INNOCENT;PEASANT_MAN;None;mtob6;1;MALE;MALE;NEUTRAL;dw#innhl;RUNENEMY;None;WDRUNSGT;None;;;;;;;;;;15;cdtweaks;Commoner
MTOB22;HUMANOID;HUMAN;INNOCENT;PEASANT_MAN;None;mtob6;1;MALE;MALE;NEUTRAL;dw#innhl;RUNENEMY;None;WDRUNSGT;None;;;;;;;;;;15;cdtweaks;Commoner
MTOB23;HUMANOID;HUMAN;INNOCENT;PEASANT_MAN;None;mtob6;1;MALE;MALE;NEUTRAL;dw#innhl;RUNENEMY;None;WDRUNSGT;None;;;;;;;;;;15;cdtweaks;Commoner
MTOW1;HUMANOID;HUMAN;INNOCENT;STATIC_PEASANT_MAN_MATTE;None;mtowbe;1;MALE;MALE;NEUTRAL;dw#innhl;MTOWBEZ;None;None;None;;;;;;;;;;15;cdtweaks;Commoner
MTOW2;HUMANOID;HUMAN;INNOCENT;STATIC_PEASANT_MAN_MATTE;None;MTOWBA;1;MALE;MALE;NEUTRAL;dw#innhl;MTOWBAZ;None;None;None;;;;;;;;;;15;cdtweaks;Commoner
MTOW3;HUMANOID;HUMAN;INNOCENT;STATIC_PEASANT_MAN_MATTE;None;MTOWBA;1;MALE;MALE;NEUTRAL;dw#innhl;MTOWBAZ;None;None;None;;;;;;;;;;15;cdtweaks;Commoner
MTOW4;HUMANOID;HUMAN;INNOCENT;STATIC_PEASANT_MAN_CHAIR;None;MTOWBA;1;MALE;MALE;NEUTRAL;dw#innhl;MTOWBAZ;None;None;None;;;;;;;;;;15;cdtweaks;Commoner
MTOWBA1;HUMANOID;HUMAN;INNOCENT;PEASANT_MAN;None;mtowba;1;MALE;MALE;NEUTRAL;dw#innhl;MTOWBAZ;RUNENEMY;WDRUNSGT;None;;;;;;;;;;15;cdtweaks;Commoner
MTOWBA10;HUMANOID;HUMAN;INNOCENT;STATIC_PEASANT_MAN_CHAIR;None;MTOWBA;1;MALE;MALE;NEUTRAL;dw#innhl;MTOWBAZ;None;None;None;;;;;;;;;;15;cdtweaks;Commoner
MTOWBA11;HUMANOID;HUMAN;INNOCENT;STATIC_PEASANT_MAN_MATTE;None;MTOWBA;1;MALE;MALE;NEUTRAL;dw#innhl;MTOWBAZ;None;None;None;;;;;;;;;;15;cdtweaks;Commoner
MTOWBA12;HUMANOID;HUMAN;INNOCENT;STATIC_PEASANT_MAN_CHAIR;None;MTOWBA;1;MALE;MALE;NEUTRAL;dw#innhl;MTOWBAZ;None;None;None;;;;;;;;;;15;cdtweaks;Commoner
MTOWBA13;HUMANOID;HUMAN;INNOCENT;STATIC_PEASANT_MAN_CHAIR;None;MTOWBA;1;MALE;MALE;NEUTRAL;dw#innhl;MTOWBAZ;None;None;None;;;;;;;;;;15;cdtweaks;Commoner
MTOWBA14;HUMANOID;HUMAN;INNOCENT;STATIC_PEASANT_MAN_MATTE;None;MTOWBA;1;MALE;MALE;NEUTRAL;dw#innhl;MTOWBAZ;None;None;None;;;;;;;;;;15;cdtweaks;Commoner
MTOWBA15;HUMANOID;HUMAN;INNOCENT;STATIC_PEASANT_MAN;None;MTOWBA;1;MALE;MALE;NEUTRAL;dw#innhl;MTOWBAZ;None;None;None;;;;;;;;;;15;cdtweaks;Commoner
MTOWBA16;HUMANOID;HUMAN;INNOCENT;STATIC_PEASANT_MAN;None;MTOWBA;1;MALE;MALE;NEUTRAL;dw#innhl;MTOWBAZ;None;None;None;;;;;;;;;;15;cdtweaks;Commoner
MTOWBA17;HUMANOID;HUMAN;INNOCENT;STATIC_PEASANT_MAN;None;MTOWBA;1;MALE;MALE;NEUTRAL;dw#innhl;MTOWBAZ;None;None;None;;;;;;;;;;15;cdtweaks;Commoner
MTOWBA18;HUMANOID;HUMAN;INNOCENT;STATIC_PEASANT_MAN;None;MTOWBA;1;MALE;MALE;NEUTRAL;dw#innhl;MTOWBAZ;None;None;None;;;;;;;;;;15;cdtweaks;Commoner
MTOWBA19;HUMANOID;HUMAN;INNOCENT;STATIC_PEASANT_MAN;None;MTOWBA;1;MALE;MALE;NEUTRAL;dw#innhl;MTOWBAZ;None;None;None;;;;;;;;;;15;cdtweaks;Commoner
MTOWBA1N;HUMANOID;HUMAN;INNOCENT;STATIC_PEASANT_MAN_MATTE;None;MTOWBA;1;MALE;MALE;NEUTRAL;dw#innhl;MTOWBAZ;None;None;None;;;;;;;;;;15;cdtweaks;Commoner
MTOWBA2;HUMANOID;HUMAN;INNOCENT;PEASANT_MAN;None;MTOWBA;1;MALE;MALE;NEUTRAL;MTOWBAZ;dw#innhl;RUNENEMY;WTRUNSGT;None;;;;;;;;;;15;cdtweaks;Commoner
MTOWBA20;HUMANOID;HUMAN;INNOCENT;STATIC_PEASANT_MAN;None;MTOWBA;1;MALE;MALE;NEUTRAL;dw#innhl;MTOWBAZ;None;None;None;;;;;;;;;;15;cdtweaks;Commoner
MTOWBA21;HUMANOID;HUMAN;INNOCENT;STATIC_PEASANT_MAN;None;MTOWBA;1;MALE;MALE;NEUTRAL;dw#innhl;MTOWBAZ;None;None;None;;;;;;;;;;15;cdtweaks;Commoner
MTOWBA22;HUMANOID;HUMAN;INNOCENT;STATIC_PEASANT_MAN;None;MTOWBA;1;MALE;MALE;NEUTRAL;dw#innhl;MTOWBAZ;None;None;None;;;;;;;;;;15;cdtweaks;Commoner
MTOWBA23;HUMANOID;HUMAN;INNOCENT;PEASANT_MAN;None;mtowba;1;MALE;MALE;NEUTRAL;dw#innhl;MTOWBAZ;RUNENEMY;WDRUNSGT;None;;;;;;;;;;15;cdtweaks;Commoner
MTOWBA24;HUMANOID;HUMAN;INNOCENT;STATIC_PEASANT_MAN;None;MTOWBA;1;MALE;MALE;NEUTRAL;dw#innhl;MTOWBAZ;None;None;None;;;;;;;;;;15;cdtweaks;Commoner
MTOWBA25;HUMANOID;HUMAN;INNOCENT;STATIC_PEASANT_MAN_CHAIR;None;MTOWBA;1;MALE;MALE;NEUTRAL;dw#innhl;MTOWBAZ;None;None;None;;;;;;;;;;15;cdtweaks;Commoner
MTOWBA26;HUMANOID;HUMAN;INNOCENT;STATIC_PEASANT_MAN_CHAIR;None;MTOWBA;1;MALE;MALE;NEUTRAL;dw#innhl;MTOWBAZ;None;None;None;;;;;;;;;;15;cdtweaks;Commoner
MTOWBA27;HUMANOID;HUMAN;INNOCENT;STATIC_PEASANT_MAN_CHAIR;None;MTOWBA;1;MALE;MALE;NEUTRAL;dw#innhl;MTOWBAZ;None;None;None;;;;;;;;;;15;cdtweaks;Commoner
MTOWBA28;HUMANOID;HUMAN;INNOCENT;STATIC_PEASANT_MAN_MATTE;None;MTOWBA;1;MALE;MALE;NEUTRAL;dw#innhl;MTOWBAZ;None;None;None;;;;;;;;;;15;cdtweaks;Commoner
MTOWBA29;HUMANOID;HUMAN;INNOCENT;STATIC_PEASANT_MAN_MATTE;None;MTOWBA;1;MALE;MALE;NEUTRAL;dw#innhl;MTOWBAZ;None;None;None;;;;;;;;;;15;cdtweaks;Commoner
MTOWBA3;HUMANOID;HUMAN;INNOCENT;PEASANT_MAN;None;MTOWBA;1;MALE;MALE;NEUTRAL;dw#innhl;MTOWBAZ;RUNENEMY;None;WDRUNSGT;;;;;;;;;;15;cdtweaks;Commoner
MTOWBA30;HUMANOID;HUMAN;INNOCENT;STATIC_PEASANT_MAN_CHAIR;None;MTOWBA;1;MALE;MALE;NEUTRAL;dw#innhl;MTOWBAZ;None;None;None;;;;;;;;;;15;cdtweaks;Commoner
MTOWBA31;HUMANOID;HUMAN;INNOCENT;STATIC_PEASANT_MAN_MATTE;None;MTOWBA;1;MALE;MALE;NEUTRAL;dw#innhl;MTOWBAZ;None;None;None;;;;;;;;;;15;cdtweaks;Commoner
MTOWBA32;HUMANOID;HUMAN;INNOCENT;STATIC_PEASANT_MAN_MATTE;None;MTOWBA;1;MALE;MALE;NEUTRAL;dw#innhl;MTOWBAZ;None;None;None;;;;;;;;;;15;cdtweaks;Commoner
MTOWBA33;HUMANOID;HUMAN;INNOCENT;STATIC_PEASANT_MAN_MATTE;None;MTOWBA;1;MALE;MALE;NEUTRAL;dw#innhl;MTOWBAZ;None;None;None;;;;;;;;;;15;cdtweaks;Commoner
MTOWBA34;HUMANOID;HUMAN;INNOCENT;PEASANT_MAN;None;MTOWBA;1;MALE;MALE;NEUTRAL;dw#innhl;MTOWBAZ;RUNENEMY;None;WDRUNSGT;;;;;;;;;;15;cdtweaks;Commoner
MTOWBA35;HUMANOID;HUMAN;INNOCENT;STATIC_PEASANT_MAN_MATTE;None;MTOWBA;1;MALE;MALE;NEUTRAL;dw#innhl;MTOWBAZ;None;None;None;;;;;;;;;;15;cdtweaks;Commoner
MTOWBA36;HUMANOID;HUMAN;INNOCENT;PEASANT_MAN;None;MTOWBA;1;MALE;MALE;NEUTRAL;MTOWBAZ;dw#innhl;RUNENEMY;WTRUNSGT;None;;;;;;;;;;15;cdtweaks;Commoner
MTOWBA37;HUMANOID;HUMAN;INNOCENT;PEASANT_MAN;None;MTOWBA;1;MALE;MALE;NEUTRAL;MTOWBAZ;dw#innhl;RUNENEMY;WTRUNSGT;None;;;;;;;;;;15;cdtweaks;Commoner
MTOWBA38;HUMANOID;HUMAN;INNOCENT;STATIC_PEASANT_MAN_MATTE;None;MTOWBA;1;MALE;MALE;NEUTRAL;dw#innhl;MTOWBAZ;None;None;None;;;;;;;;;;15;cdtweaks;Commoner
MTOWBA39;HUMANOID;HUMAN;INNOCENT;STATIC_PEASANT_MAN_CHAIR;None;MTOWBA;1;MALE;MALE;NEUTRAL;dw#innhl;MTOWBAZ;None;None;None;;;;;;;;;;15;cdtweaks;Commoner
MTOWBA4;HUMANOID;HUMAN;INNOCENT;PEASANT_MAN;None;MTOWBA;1;MALE;MALE;NEUTRAL;MTOWBAZ;dw#innhl;RUNENEMY;WTRUNSGT;None;;;;;;;;;;15;cdtweaks;Commoner
MTOWBA40;HUMANOID;HUMAN;INNOCENT;PEASANT_MAN;None;MTOWBA;1;MALE;MALE;NEUTRAL;dw#innhl;MTOWBAZ;RUNENEMY;None;WDRUNSGT;;;;;;;;;;15;cdtweaks;Commoner
MTOWBA41;HUMANOID;HUMAN;INNOCENT;STATIC_PEASANT_MAN_MATTE;None;MTOWBA;1;MALE;MALE;NEUTRAL;dw#innhl;MTOWBAZ;None;None;None;;;;;;;;;;15;cdtweaks;Commoner
MTOWBA42;HUMANOID;HUMAN;INNOCENT;STATIC_PEASANT_MAN_MATTE;None;MTOWBA;1;MALE;MALE;NEUTRAL;dw#innhl;MTOWBAZ;None;None;None;;;;;;;;;;15;cdtweaks;Commoner
MTOWBA43;HUMANOID;HUMAN;INNOCENT;STATIC_PEASANT_MAN_CHAIR;None;MTOWBA;1;MALE;MALE;NEUTRAL;dw#innhl;MTOWBAZ;None;None;None;;;;;;;;;;15;cdtweaks;Commoner
MTOWBA44;HUMANOID;HUMAN;INNOCENT;STATIC_PEASANT_MAN_CHAIR;None;MTOWBA;1;MALE;MALE;NEUTRAL;dw#innhl;MTOWBAZ;None;None;None;;;;;;;;;;15;cdtweaks;Commoner
MTOWBA45;HUMANOID;HUMAN;INNOCENT;PEASANT_MAN;None;MTOWBA;1;MALE;MALE;NEUTRAL;dw#innhl;MTOWBAZ;RUNENEMY;None;WDRUNSGT;;;;;;;;;;15;cdtweaks;Commoner
MTOWBA46;HUMANOID;HUMAN;INNOCENT;STATIC_PEASANT_MAN_MATTE;None;MTOWBA;1;MALE;MALE;NEUTRAL;dw#innhl;MTOWBAZ;None;None;None;;;;;;;;;;15;cdtweaks;Commoner
MTOWBA47;HUMANOID;HUMAN;INNOCENT;STATIC_PEASANT_MAN_MATTE;None;MTOWBA;1;MALE;MALE;NEUTRAL;dw#innhl;MTOWBAZ;None;None;None;;;;;;;;;;15;cdtweaks;Commoner
MTOWBA48;HUMANOID;HUMAN;INNOCENT;STATIC_PEASANT_MAN_CHAIR;None;MTOWBA;1;MALE;MALE;NEUTRAL;dw#innhl;MTOWBAZ;None;None;None;;;;;;;;;;15;cdtweaks;Commoner
MTOWBA49;HUMANOID;HUMAN;INNOCENT;STATIC_PEASANT_MAN_CHAIR;None;MTOWBA;1;MALE;MALE;NEUTRAL;dw#innhl;MTOWBAZ;None;None;None;;;;;;;;;;15;cdtweaks;Commoner
MTOWBA5;HUMANOID;HUMAN;INNOCENT;PEASANT_MAN;None;MTOWBA;1;MALE;MALE;NEUTRAL;dw#innhl;MTOWBAZ;RUNENEMY;None;WDRUNSGT;;;;;;;;;;15;cdtweaks;Commoner
MTOWBA50;HUMANOID;HUMAN;INNOCENT;STATIC_PEASANT_MAN_CHAIR;None;MTOWBA;1;MALE;MALE;NEUTRAL;dw#innhl;MTOWBAZ;None;None;None;;;;;;;;;;15;cdtweaks;Commoner
MTOWBA51;HUMANOID;HUMAN;INNOCENT;STATIC_PEASANT_MAN_MATTE;None;MTOWBA;1;MALE;MALE;NEUTRAL;dw#innhl;MTOWBAZ;None;None;None;;;;;;;;;;15;cdtweaks;Commoner
MTOWBA52;HUMANOID;HUMAN;INNOCENT;PEASANT_MAN;None;MTOWBA;1;MALE;MALE;NEUTRAL;MTOWBAZ;dw#innhl;RUNENEMY;WTRUNSGT;None;;;;;;;;;;15;cdtweaks;Commoner
MTOWBA53;HUMANOID;HUMAN;INNOCENT;PEASANT_MAN;None;MTOWBA;1;MALE;MALE;NEUTRAL;MTOWBAZ;dw#innhl;RUNENEMY;WTRUNSGT;None;;;;;;;;;;15;cdtweaks;Commoner
MTOWBA54;HUMANOID;HUMAN;INNOCENT;PEASANT_MAN;None;MTOWBA;1;MALE;MALE;NEUTRAL;MTOWBAZ;dw#innhl;RUNENEMY;WTRUNSGT;None;;;;;;;;;;15;cdtweaks;Commoner
MTOWBA55;HUMANOID;HUMAN;INNOCENT;PEASANT_MAN;None;MTOWBA;1;MALE;MALE;NEUTRAL;dw#innhl;MTOWBAZ;RUNENEMY;None;WDRUNSGT;;;;;;;;;;15;cdtweaks;Commoner
MTOWBA56;HUMANOID;HUMAN;INNOCENT;STATIC_PEASANT_MAN_CHAIR;None;MTOWBA;1;MALE;MALE;NEUTRAL;dw#innhl;MTOWBAZ;None;None;None;;;;;;;;;;15;cdtweaks;Commoner
MTOWBA6;HUMANOID;HUMAN;INNOCENT;PEASANT_MAN;None;MTOWBA;1;MALE;MALE;NEUTRAL;dw#innhl;MTOWBAZ;RUNENEMY;None;WDRUNSGT;;;;;;;;;;15;cdtweaks;Commoner
MTOWBA7;HUMANOID;HUMAN;INNOCENT;PEASANT_MAN;None;mtowba;1;MALE;MALE;NEUTRAL;dw#innhl;MTOWBAZ;RUNENEMY;WDRUNSGT;None;;;;;;;;;;15;cdtweaks;Commoner
MTOWBA8;HUMANOID;HUMAN;INNOCENT;PEASANT_MAN;None;MTOWBA;1;MALE;MALE;NEUTRAL;MTOWBAZ;dw#innhl;RUNENEMY;WTRUNSGT;None;;;;;;;;;;15;cdtweaks;Commoner
MTOWBA9;HUMANOID;HUMAN;INNOCENT;STATIC_PEASANT_MAN_CHAIR;None;MTOWBA;1;MALE;MALE;NEUTRAL;dw#innhl;MTOWBAZ;None;None;None;;;;;;;;;;15;cdtweaks;Commoner
MTOWBAA1;HUMANOID;HUMAN;INNOCENT;PEASANT_MAN;None;MTOWBA;1;MALE;MALE;NEUTRAL;MTOWBAZ;dw#innhl;RUNENEMY;WTRUNSGT;None;;;;;;;;;;15;cdtweaks;Commoner
MTOWBAA2;HUMANOID;HUMAN;INNOCENT;PEASANT_MAN;None;MTOWBA;1;MALE;MALE;NEUTRAL;dw#innhl;MTOWBAZ;RUNENEMY;None;WDRUNSGT;;;;;;;;;;15;cdtweaks;Commoner
MTOWBAA3;HUMANOID;HUMAN;INNOCENT;PEASANT_MAN;None;MTOWBA;1;MALE;MALE;NEUTRAL;dw#innhl;MTOWBAZ;RUNENEMY;None;WDRUNSGT;;;;;;;;;;15;cdtweaks;Commoner
MTOWBAA4;HUMANOID;HUMAN;INNOCENT;PEASANT_MAN;None;MTOWBA;1;MALE;MALE;NEUTRAL;dw#innhl;MTOWBAZ;RUNENEMY;None;WDRUNSGT;;;;;;;;;;15;cdtweaks;Commoner
MTOWBAA5;HUMANOID;HUMAN;INNOCENT;PEASANT_MAN;None;MTOWBA;1;MALE;MALE;NEUTRAL;MTOWBAZ;dw#innhl;RUNENEMY;WTRUNSGT;None;;;;;;;;;;15;cdtweaks;Commoner
MTOWBAA6;HUMANOID;HUMAN;INNOCENT;PEASANT_MAN;None;MTOWBA;1;MALE;MALE;NEUTRAL;MTOWBAZ;dw#innhl;RUNENEMY;WTRUNSGT;None;;;;;;;;;;15;cdtweaks;Commoner
MTOWBAA7;HUMANOID;HUMAN;INNOCENT;PEASANT_MAN;None;MTOWBA;1;MALE;MALE;NEUTRAL;MTOWBAZ;dw#innhl;RUNENEMY;WTRUNSGT;None;;;;;;;;;;15;cdtweaks;Commoner
MTOWBAA8;HUMANOID;HUMAN;INNOCENT;PEASANT_MAN;None;MTOWBA;1;MALE;MALE;NEUTRAL;MTOWBAZ;dw#innhl;RUNENEMY;WTRUNSGT;None;;;;;;;;;;15;cdtweaks;Commoner
MTOWBAA9;HUMANOID;HUMAN;INNOCENT;PEASANT_MAN;None;MTOWBA;1;MALE;MALE;NEUTRAL;MTOWBAZ;dw#innhl;RUNENEMY;WTRUNSGT;None;;;;;;;;;;15;cdtweaks;Commoner
MTOWBAB1;HUMANOID;HUMAN;INNOCENT;PEASANT_MAN;None;MTOWBA;1;MALE;MALE;NEUTRAL;dw#innhl;MTOWBAZ;RUNENEMY;None;WDRUNSGT;;;;;;;;;;15;cdtweaks;Commoner
MTOWBAB2;HUMANOID;HUMAN;INNOCENT;PEASANT_MAN;None;MTOWBA;1;MALE;MALE;NEUTRAL;dw#innhl;MTOWBAZ;RUNENEMY;None;WDRUNSGT;;;;;;;;;;15;cdtweaks;Commoner
MTOWBAB3;HUMANOID;HUMAN;INNOCENT;PEASANT_MAN;None;MTOWBA;1;MALE;MALE;NEUTRAL;dw#innhl;MTOWBAZ;RUNENEMY;None;WDRUNSGT;;;;;;;;;;15;cdtweaks;Commoner
MTOWBAB4;HUMANOID;HUMAN;INNOCENT;PEASANT_MAN;None;MTOWBA;1;MALE;MALE;NEUTRAL;dw#innhl;MTOWBAZ;RUNENEMY;None;WDRUNSGT;;;;;;;;;;15;cdtweaks;Commoner
MTOWBAB5;HUMANOID;HUMAN;INNOCENT;PEASANT_MAN;None;MTOWBA;1;MALE;MALE;NEUTRAL;dw#innhl;MTOWBAZ;RUNENEMY;None;WDRUNSGT;;;;;;;;;;15;cdtweaks;Commoner
MTOWBAB6;HUMANOID;HUMAN;INNOCENT;PEASANT_MAN;None;MTOWBA;1;MALE;MALE;NEUTRAL;dw#innhl;MTOWBAZ;RUNENEMY;None;WDRUNSGT;;;;;;;;;;15;cdtweaks;Commoner
MTOWBAB7;HUMANOID;HUMAN;INNOCENT;PEASANT_MAN;None;MTOWBA;1;MALE;MALE;NEUTRAL;dw#innhl;MTOWBAZ;RUNENEMY;None;WDRUNSGT;;;;;;;;;;15;cdtweaks;Commoner
MTOWBAB8;HUMANOID;HUMAN;INNOCENT;PEASANT_MAN;None;MTOWBA;1;MALE;MALE;NEUTRAL;dw#innhl;MTOWBAZ;RUNENEMY;None;WDRUNSGT;;;;;;;;;;15;cdtweaks;Commoner
MTOWBAB9;HUMANOID;HUMAN;INNOCENT;PEASANT_MAN;None;MTOWBA;1;MALE;MALE;NEUTRAL;dw#innhl;MTOWBAZ;RUNENEMY;None;WDRUNSGT;;;;;;;;;;15;cdtweaks;Commoner
MTOWBAC1;HUMANOID;HUMAN;INNOCENT;STATIC_PEASANT_MAN_CHAIR;None;MTOWBA;1;MALE;MALE;NEUTRAL;dw#innhl;MTOWBAZ;None;None;None;;;;;;;;;;15;cdtweaks;Commoner
MTOWBAC2;HUMANOID;HUMAN;INNOCENT;STATIC_PEASANT_MAN_CHAIR;None;MTOWBA;1;MALE;MALE;NEUTRAL;dw#innhl;MTOWBAZ;None;None;None;;;;;;;;;;15;cdtweaks;Commoner
MTOWBAC3;HUMANOID;HUMAN;INNOCENT;STATIC_PEASANT_MAN_CHAIR;None;MTOWBA;1;MALE;MALE;NEUTRAL;dw#innhl;MTOWBAZ;None;None;None;;;;;;;;;;15;cdtweaks;Commoner
MTOWBAC4;HUMANOID;HUMAN;INNOCENT;PEASANT_MAN;None;MTOWBA;1;MALE;MALE;NEUTRAL;dw#innhl;MTOWBAZ;RUNENEMY;None;WDRUNSGT;;;;;;;;;;15;cdtweaks;Commoner
MTOWBAC5;HUMANOID;HUMAN;INNOCENT;STATIC_PEASANT_MAN_CHAIR;None;MTOWBA;1;MALE;MALE;NEUTRAL;dw#innhl;MTOWBAZ;None;None;None;;;;;;;;;;15;cdtweaks;Commoner
MTOWBAC6;HUMANOID;HUMAN;INNOCENT;PEASANT_MAN;None;MTOWBA;1;MALE;MALE;NEUTRAL;dw#innhl;MTOWBAZ;RUNENEMY;None;WDRUNSGT;;;;;;;;;;15;cdtweaks;Commoner
MTOWBAC7;HUMANOID;HUMAN;INNOCENT;STATIC_PEASANT_MAN_CHAIR;None;MTOWBA;1;MALE;MALE;NEUTRAL;dw#innhl;MTOWBAZ;None;None;None;;;;;;;;;;15;cdtweaks;Commoner
MTOWBAC8;HUMANOID;HUMAN;INNOCENT;PEASANT_MAN;None;MTOWBA;1;MALE;MALE;NEUTRAL;dw#innhl;MTOWBAZ;RUNENEMY;None;WDRUNSGT;;;;;;;;;;15;cdtweaks;Commoner
MTOWBAC9;HUMANOID;HUMAN;INNOCENT;PEASANT_MAN;None;MTOWBA;1;MALE;MALE;NEUTRAL;dw#innhl;MTOWBAZ;RUNENEMY;None;WDRUNSGT;;;;;;;;;;15;cdtweaks;Commoner
MTOWBAD1;HUMANOID;HUMAN;INNOCENT;PEASANT_MAN;None;MTOWBA;1;MALE;MALE;NEUTRAL;dw#innhl;MTOWBAZ;RUNENEMY;None;WDRUNSGT;;;;;;;;;;15;cdtweaks;Commoner
MTOWBAD2;HUMANOID;HUMAN;INNOCENT;PEASANT_MAN;None;MTOWBA;1;MALE;MALE;NEUTRAL;dw#innhl;MTOWBAZ;RUNENEMY;None;WDRUNSGT;;;;;;;;;;15;cdtweaks;Commoner
MTOWBAD3;HUMANOID;HUMAN;INNOCENT;PEASANT_MAN;None;MTOWBA;1;MALE;MALE;NEUTRAL;dw#innhl;MTOWBAZ;RUNENEMY;None;WDRUNSGT;;;;;;;;;;15;cdtweaks;Commoner
MTOWBAD4;HUMANOID;HUMAN;INNOCENT;PEASANT_MAN;None;MTOWBA;1;MALE;MALE;NEUTRAL;dw#innhl;MTOWBAZ;RUNENEMY;None;WDRUNSGT;;;;;;;;;;15;cdtweaks;Commoner
MTOWBAD5;HUMANOID;HUMAN;INNOCENT;PEASANT_MAN;None;MTOWBA;1;MALE;MALE;NEUTRAL;dw#innhl;MTOWBAZ;RUNENEMY;None;WDRUNSGT;;;;;;;;;;15;cdtweaks;Commoner
MTOWBAD7;HUMANOID;HUMAN;INNOCENT;PEASANT_MAN;None;MTOWBA;1;MALE;MALE;NEUTRAL;dw#innhl;MTOWBAZ;RUNENEMY;None;WDRUNSGT;;;;;;;;;;15;cdtweaks;Commoner
MTOWBAD8;HUMANOID;HUMAN;INNOCENT;PEASANT_MAN;None;MTOWBA;1;MALE;MALE;NEUTRAL;dw#innhl;MTOWBAZ;RUNENEMY;None;WDRUNSGT;;;;;;;;;;15;cdtweaks;Commoner
MTOWBAD9;HUMANOID;HUMAN;INNOCENT;PEASANT_MAN;None;MTOWBA;1;MALE;MALE;NEUTRAL;dw#innhl;MTOWBAZ;RUNENEMY;None;WDRUNSGT;;;;;;;;;;15;cdtweaks;Commoner
MTOWBAE1;HUMANOID;HUMAN;INNOCENT;PEASANT_MAN;None;MTOWBA;1;MALE;MALE;NEUTRAL;dw#innhl;MTOWBAZ;RUNENEMY;None;WDRUNSGT;;;;;;;;;;15;cdtweaks;Commoner
MTOWBAE2;HUMANOID;HUMAN;INNOCENT;PEASANT_MAN;None;MTOWBA;1;MALE;MALE;NEUTRAL;dw#innhl;MTOWBAZ;RUNENEMY;None;WDRUNSGT;;;;;;;;;;15;cdtweaks;Commoner
MTOWBAE3;HUMANOID;HUMAN;INNOCENT;PEASANT_MAN;None;MTOWBA;1;MALE;MALE;NEUTRAL;dw#innhl;MTOWBAZ;RUNENEMY;None;WDRUNSGT;;;;;;;;;;15;cdtweaks;Commoner
MTOWBAE4;HUMANOID;HUMAN;INNOCENT;PEASANT_MAN;None;MTOWBA;1;MALE;MALE;NEUTRAL;dw#innhl;MTOWBAZ;RUNENEMY;None;WDRUNSGT;;;;;;;;;;15;cdtweaks;Commoner
MTOWBAE5;HUMANOID;HUMAN;INNOCENT;PEASANT_MAN;None;MTOWBA;1;MALE;MALE;NEUTRAL;dw#innhl;MTOWBAZ;RUNENEMY;None;WDRUNSGT;;;;;;;;;;15;cdtweaks;Commoner
MTOWBAE6;HUMANOID;HUMAN;INNOCENT;PEASANT_MAN;None;MTOWBA;1;MALE;MALE;NEUTRAL;dw#innhl;MTOWBAZ;RUNENEMY;None;WDRUNSGT;;;;;;;;;;15;cdtweaks;Commoner
MTOWBAE7;HUMANOID;HUMAN;INNOCENT;PEASANT_MAN;None;MTOWBA;1;MALE;MALE;NEUTRAL;dw#innhl;MTOWBAZ;RUNENEMY;None;WDRUNSGT;;;;;;;;;;15;cdtweaks;Commoner
MTOWBAS0;HUMANOID;HUMAN;INNOCENT;STATIC_PEASANT_MAN_CHAIR;None;MTOWBA;1;MALE;MALE;NEUTRAL;dw#innhl;MTOWBAZ;None;None;None;;;;;;;;;;15;cdtweaks;Commoner
MTOWBAS1;HUMANOID;HUMAN;INNOCENT;STATIC_PEASANT_MAN_CHAIR;None;MTOWBA;1;MALE;MALE;NEUTRAL;dw#innhl;MTOWBAZ;None;None;None;;;;;;;;;;15;cdtweaks;Commoner
MTOWBAS2;HUMANOID;HUMAN;INNOCENT;STATIC_PEASANT_MAN_STOOL;None;MTOWBA;1;MALE;MALE;NEUTRAL;dw#innhl;MTOWBAZ;None;None;None;;;;;;;;;;15;cdtweaks;Commoner
MTOWBAS3;HUMANOID;HUMAN;INNOCENT;STATIC_PEASANT_MAN_MATTE;None;MTOWBA;1;MALE;MALE;NEUTRAL;dw#innhl;MTOWBAZ;None;None;None;;;;;;;;;;15;cdtweaks;Commoner
MTOWBAS4;HUMANOID;HUMAN;INNOCENT;STATIC_PEASANT_MAN_CHAIR;None;MTOWBA;1;MALE;MALE;NEUTRAL;dw#innhl;MTOWBAZ;None;None;None;;;;;;;;;;15;cdtweaks;Commoner
MTOWBAS5;HUMANOID;HUMAN;INNOCENT;STATIC_PEASANT_MAN_MATTE;None;MTOWBA;1;MALE;MALE;NEUTRAL;dw#innhl;MTOWBAZ;None;None;None;;;;;;;;;;15;cdtweaks;Commoner
MTOWBAS6;HUMANOID;HUMAN;INNOCENT;STATIC_PEASANT_MAN_MATTE;None;MTOWBA;1;MALE;MALE;NEUTRAL;dw#innhl;MTOWBAZ;None;None;None;;;;;;;;;;15;cdtweaks;Commoner
MTOWBAS7;HUMANOID;HUMAN;INNOCENT;STATIC_PEASANT_MAN_MATTE;None;MTOWBA;1;MALE;MALE;NEUTRAL;dw#innhl;MTOWBAZ;None;None;None;;;;;;;;;;15;cdtweaks;Commoner
MTOWBAS8;HUMANOID;HUMAN;INNOCENT;STATIC_PEASANT_MAN_MATTE;None;MTOWBA;1;MALE;MALE;NEUTRAL;dw#innhl;MTOWBAZ;None;None;None;;;;;;;;;;15;cdtweaks;Commoner
MTOWBAS9;HUMANOID;HUMAN;INNOCENT;STATIC_PEASANT_MAN_MATTE;None;MTOWBA;1;MALE;MALE;NEUTRAL;dw#innhl;MTOWBAZ;None;None;None;;;;;;;;;;15;cdtweaks;Commoner
MTOWBAT1;HUMANOID;HUMAN;INNOCENT;STATIC_PEASANT_MAN_STOOL;None;MTOWBA;1;MALE;MALE;NEUTRAL;dw#innhl;MTOWBAZ;None;None;None;;;;;;;;;;15;cdtweaks;Commoner
MTOWBAT2;HUMANOID;HUMAN;INNOCENT;STATIC_PEASANT_MAN_STOOL;None;MTOWBA;1;MALE;MALE;NEUTRAL;dw#innhl;MTOWBAZ;None;None;None;;;;;;;;;;15;cdtweaks;Commoner
MTOWBAT3;HUMANOID;HUMAN;INNOCENT;STATIC_PEASANT_MAN_STOOL;None;MTOWBA;1;MALE;MALE;NEUTRAL;dw#innhl;MTOWBAZ;None;None;None;;;;;;;;;;15;cdtweaks;Commoner
MTOWBAT4;HUMANOID;HUMAN;INNOCENT;STATIC_PEASANT_MAN_STOOL;None;MTOWBA;1;MALE;MALE;NEUTRAL;dw#innhl;MTOWBAZ;None;None;None;;;;;;;;;;15;cdtweaks;Commoner
MTOWBAT5;HUMANOID;HUMAN;INNOCENT;STATIC_PEASANT_MAN_STOOL;None;MTOWBA;1;MALE;MALE;NEUTRAL;dw#innhl;MTOWBAZ;None;None;None;;;;;;;;;;15;cdtweaks;Commoner
MTOWBAT6;HUMANOID;HUMAN;INNOCENT;STATIC_PEASANT_MAN_STOOL;None;MTOWBA;1;MALE;MALE;NEUTRAL;dw#innhl;MTOWBAZ;None;None;None;;;;;;;;;;15;cdtweaks;Commoner
MTOWBAT7;HUMANOID;HUMAN;INNOCENT;STATIC_PEASANT_MAN_STOOL;None;MTOWBA;1;MALE;MALE;NEUTRAL;dw#innhl;MTOWBAZ;None;None;None;;;;;;;;;;15;cdtweaks;Commoner
MTOWBAT8;HUMANOID;HUMAN;INNOCENT;STATIC_PEASANT_MAN_STOOL;None;MTOWBA;1;MALE;MALE;NEUTRAL;dw#innhl;MTOWBAZ;None;None;None;;;;;;;;;;15;cdtweaks;Commoner
MTOWBAT9;HUMANOID;HUMAN;INNOCENT;STATIC_PEASANT_MAN_STOOL;None;MTOWBA;1;MALE;MALE;NEUTRAL;dw#innhl;MTOWBAZ;None;None;None;;;;;;;;;;15;cdtweaks;Commoner
MTOWBAX1;HUMANOID;HUMAN;INNOCENT;STATIC_PEASANT_MAN;None;MTOWBA;1;MALE;MALE;NEUTRAL;dw#innhl;MTOWBAZ;None;None;None;;;;;;;;;;15;cdtweaks;Commoner
MTOWBAX2;HUMANOID;HUMAN;INNOCENT;STATIC_PEASANT_MAN;None;MTOWBA;1;MALE;MALE;NEUTRAL;dw#innhl;MTOWBAZ;None;None;None;;;;;;;;;;15;cdtweaks;Commoner
MTOWBAX3;HUMANOID;HUMAN;INNOCENT;STATIC_PEASANT_MAN;None;MTOWBA;1;MALE;MALE;NEUTRAL;dw#innhl;MTOWBAZ;None;None;None;;;;;;;;;;15;cdtweaks;Commoner
MTOWBAX4;HUMANOID;HUMAN;INNOCENT;STATIC_PEASANT_MAN;None;MTOWBA;1;MALE;MALE;NEUTRAL;dw#innhl;MTOWBAZ;None;None;None;;;;;;;;;;15;cdtweaks;Commoner
MTOWBAX5;HUMANOID;HUMAN;INNOCENT;STATIC_PEASANT_MAN;None;MTOWBA;1;MALE;MALE;NEUTRAL;dw#innhl;MTOWBAZ;None;None;None;;;;;;;;;;15;cdtweaks;Commoner
MTOWBAX6;HUMANOID;HUMAN;INNOCENT;STATIC_PEASANT_MAN;None;MTOWBA;1;MALE;MALE;NEUTRAL;dw#innhl;MTOWBAZ;None;None;None;;;;;;;;;;15;cdtweaks;Commoner
MTOWBAX7;HUMANOID;HUMAN;INNOCENT;STATIC_PEASANT_MAN;None;MTOWBA;1;MALE;MALE;NEUTRAL;dw#innhl;MTOWBAZ;None;None;None;;;;;;;;;;15;cdtweaks;Commoner
MTOWBAX8;HUMANOID;HUMAN;INNOCENT;STATIC_PEASANT_MAN;None;MTOWBA;1;MALE;MALE;NEUTRAL;dw#innhl;MTOWBAZ;None;None;None;;;;;;;;;;15;cdtweaks;Commoner
MTOWBAX9;HUMANOID;HUMAN;INNOCENT;STATIC_PEASANT_MAN;None;MTOWBA;1;MALE;MALE;NEUTRAL;dw#innhl;MTOWBAZ;None;None;None;;;;;;;;;;15;cdtweaks;Commoner
MTOWBCS1;HUMANOID;HUMAN;INNOCENT;STATIC_PEASANT_MAN_CHAIR;None;MTOWBA;1;MALE;MALE;NEUTRAL;dw#innhl;MTOWBAZ;None;None;None;;;;;;;;;;15;cdtweaks;Commoner
MTOWBE1;HUMANOID;HUMAN;INNOCENT;PEASANT_MAN;None;MTOWBE;1;MALE;MALE;NEUTRAL;dw#innhl;MTOWBEZ;RUNENEMY;None;WDRUNSGT;;;;;;;;;;15;cdtweaks;Commoner
MTOWBE2;HUMANOID;HUMAN;INNOCENT;PEASANT_MAN;None;MTOWBE;1;MALE;MALE;NEUTRAL;dw#innhl;MTOWBEZ;RUNENEMY;None;WDRUNSGT;;;;;;;;;;15;cdtweaks;Commoner
MTOWBE3;HUMANOID;HUMAN;INNOCENT;PEASANT_MAN;None;MTOWBE;1;MALE;MALE;NEUTRAL;dw#innhl;MTOWBEZ;RUNENEMY;None;WDRUNSGT;;;;;;;;;;15;cdtweaks;Commoner
MTOWBE4;HUMANOID;HUMAN;INNOCENT;PEASANT_MAN;None;MTOWBE;1;MALE;MALE;NEUTRAL;dw#innhl;MTOWBEZ;RUNENEMY;None;WDRUNSGT;;;;;;;;;;15;cdtweaks;Commoner
MTOWBE5;HUMANOID;HUMAN;INNOCENT;PEASANT_MAN;None;MTOWBE;1;MALE;MALE;NEUTRAL;dw#innhl;MTOWBEZ;RUNENEMY;None;WDRUNSGT;;;;;;;;;;15;cdtweaks;Commoner
MTOWBEB1;HUMANOID;HUMAN;INNOCENT;PEASANT_MAN;None;MTOWBE;1;MALE;MALE;NEUTRAL;dw#innhl;MTOWBEZ;RUNENEMY;None;WDRUNSGT;;;;;;;;;;15;cdtweaks;Commoner
MTOWBEB2;HUMANOID;HUMAN;INNOCENT;PEASANT_MAN;None;MTOWBE;1;MALE;MALE;NEUTRAL;dw#innhl;MTOWBEZ;RUNENEMY;None;WDRUNSGT;;;;;;;;;;15;cdtweaks;Commoner
MTOWBED1;HUMANOID;HUMAN;INNOCENT;PEASANT_MAN;None;MTOWBE;1;MALE;MALE;NEUTRAL;dw#innhl;MTOWBEZ;RUNENEMY;None;WDRUNSGT;;;;;;;;;;15;cdtweaks;Commoner
MTOWBEE1;HUMANOID;HUMAN;INNOCENT;PEASANT_MAN;None;MTOWBE;1;MALE;MALE;NEUTRAL;dw#innhl;MTOWBEZ;RUNENEMY;None;WDRUNSGT;;;;;;;;;;15;cdtweaks;Commoner
MTOWBES0;HUMANOID;HUMAN;INNOCENT;STATIC_PEASANT_MAN_CHAIR;None;mtowbe;1;MALE;MALE;NEUTRAL;dw#innhl;MTOWBEZ;None;None;None;;;;;;;;;;15;cdtweaks;Commoner
MTOWBES1;HUMANOID;HUMAN;INNOCENT;STATIC_PEASANT_MAN_CHAIR;None;mtowbe;1;MALE;MALE;NEUTRAL;dw#innhl;MTOWBEZ;None;None;None;;;;;;;;;;15;cdtweaks;Commoner
MTOWBES2;HUMANOID;HUMAN;INNOCENT;STATIC_PEASANT_MAN_STOOL;None;MTOWBE;1;MALE;MALE;NEUTRAL;dw#innhl;MTOWBEZ;None;None;None;;;;;;;;;;15;cdtweaks;Commoner
MTOWBES3;HUMANOID;HUMAN;INNOCENT;STATIC_PEASANT_MAN_CHAIR;None;mtowbe;1;MALE;MALE;NEUTRAL;dw#innhl;MTOWBEZ;None;None;None;;;;;;;;;;15;cdtweaks;Commoner
MTOWBES4;HUMANOID;HUMAN;INNOCENT;STATIC_PEASANT_MAN_CHAIR;None;mtowbe;1;MALE;MALE;NEUTRAL;dw#innhl;MTOWBEZ;None;None;None;;;;;;;;;;15;cdtweaks;Commoner
MTOWBES5;HUMANOID;HUMAN;INNOCENT;STATIC_PEASANT_MAN;None;MTOWBE;1;MALE;MALE;NEUTRAL;dw#innhl;MTOWBEZ;None;None;None;;;;;;;;;;15;cdtweaks;Commoner
MTOWBES6;HUMANOID;HUMAN;INNOCENT;STATIC_PEASANT_MAN_STOOL;None;MTOWBE;1;MALE;MALE;NEUTRAL;dw#innhl;MTOWBEZ;None;None;None;;;;;;;;;;15;cdtweaks;Commoner
MTOWBES7;HUMANOID;HUMAN;INNOCENT;STATIC_PEASANT_MAN_CHAIR;None;mtowbe;1;MALE;MALE;NEUTRAL;dw#innhl;MTOWBEZ;None;None;None;;;;;;;;;;15;cdtweaks;Commoner
MTOWBES8;HUMANOID;HUMAN;INNOCENT;STATIC_PEASANT_MAN_CHAIR;None;mtowbe;1;MALE;MALE;NEUTRAL;dw#innhl;MTOWBEZ;None;None;None;;;;;;;;;;15;cdtweaks;Commoner
MTOWBES9;HUMANOID;HUMAN;INNOCENT;STATIC_PEASANT_MAN_CHAIR;None;mtowbe;1;MALE;MALE;NEUTRAL;dw#innhl;MTOWBEZ;None;None;None;;;;;;;;;;15;cdtweaks;Commoner
MTOWBESL;HUMANOID;HUMAN;INNOCENT;STATIC_PEASANT_MAN_CHAIR;None;mtowbe;1;MALE;MALE;NEUTRAL;dw#innhl;MTOWBEZ;None;None;None;;;;;;;;;;15;cdtweaks;Commoner
MTOWBESS;HUMANOID;HUMAN;INNOCENT;STATIC_PEASANT_MAN_CHAIR;None;mtowbe;1;MALE;MALE;NEUTRAL;dw#innhl;MTOWBEZ;None;None;None;;;;;;;;;;15;cdtweaks;Commoner
MTOWBEX1;HUMANOID;HUMAN;INNOCENT;STATIC_PEASANT_MAN;None;MTOWBE;1;MALE;MALE;NEUTRAL;dw#innhl;MTOWBEZ;None;None;None;;;;;;;;;;15;cdtweaks;Commoner
MTOWBEX2;HUMANOID;HUMAN;INNOCENT;STATIC_PEASANT_MAN;None;MTOWBE;1;MALE;MALE;NEUTRAL;dw#innhl;MTOWBEZ;None;None;None;;;;;;;;;;15;cdtweaks;Commoner
MTOWBEX3;HUMANOID;HUMAN;INNOCENT;STATIC_PEASANT_MAN;None;MTOWBE;1;MALE;MALE;NEUTRAL;dw#innhl;MTOWBEZ;None;None;None;;;;;;;;;;15;cdtweaks;Commoner
MTOWBEX4;HUMANOID;HUMAN;INNOCENT;STATIC_PEASANT_MAN;None;MTOWBE;1;MALE;MALE;NEUTRAL;dw#innhl;MTOWBEZ;None;None;None;;;;;;;;;;15;cdtweaks;Commoner
MTOWBEX5;HUMANOID;HUMAN;INNOCENT;STATIC_PEASANT_MAN;None;MTOWBE;1;MALE;MALE;NEUTRAL;dw#innhl;MTOWBEZ;None;None;None;;;;;;;;;;15;cdtweaks;Commoner
MTOWBEX6;HUMANOID;HUMAN;INNOCENT;STATIC_PEASANT_MAN;None;MTOWBE;1;MALE;MALE;NEUTRAL;dw#innhl;MTOWBEZ;None;None;None;;;;;;;;;;15;cdtweaks;Commoner
MTOWBEX7;HUMANOID;HUMAN;INNOCENT;STATIC_PEASANT_MAN;None;MTOWBE;1;MALE;MALE;NEUTRAL;dw#innhl;MTOWBEZ;None;None;None;;;;;;;;;;15;cdtweaks;Commoner
MTOWBEX8;HUMANOID;HUMAN;INNOCENT;STATIC_PEASANT_MAN;None;MTOWBE;1;MALE;MALE;NEUTRAL;dw#innhl;MTOWBEZ;None;None;None;;;;;;;;;;15;cdtweaks;Commoner
MTOWBEX9;HUMANOID;HUMAN;INNOCENT;STATIC_PEASANT_MAN;None;MTOWBE;1;MALE;MALE;NEUTRAL;dw#innhl;MTOWBEZ;None;None;None;;;;;;;;;;15;cdtweaks;Commoner
MTOWBS1;HUMANOID;HUMAN;INNOCENT;STATIC_PEASANT_MAN_CHAIR;None;MTOWBA;1;MALE;MALE;NEUTRAL;dw#innhl;MTOWBAZ;None;None;None;;;;;;;;;;15;cdtweaks;Commoner
MTOWBST1;HUMANOID;HUMAN;INNOCENT;STATIC_PEASANT_MAN_STOOL;None;MTOWBA;1;MALE;MALE;NEUTRAL;dw#innhl;MTOWBAZ;None;None;None;;;;;;;;;;15;cdtweaks;Commoner
MTOWBST2;HUMANOID;HUMAN;INNOCENT;STATIC_PEASANT_MAN_STOOL;None;MTOWBA;1;MALE;MALE;NEUTRAL;dw#innhl;MTOWBAZ;None;None;None;;;;;;;;;;15;cdtweaks;Commoner
MTOWBX1;HUMANOID;HUMAN;INNOCENT;STATIC_PEASANT_MAN;None;MTOWBE;1;MALE;MALE;NEUTRAL;dw#innhl;MTOWBEZ;None;None;None;;;;;;;;;;15;cdtweaks;Commoner
MTOWBX2;HUMANOID;HUMAN;INNOCENT;STATIC_PEASANT_MAN;None;MTOWBE;1;MALE;MALE;NEUTRAL;dw#innhl;MTOWBEZ;None;None;None;;;;;;;;;;15;cdtweaks;Commoner
MTOWBX3;HUMANOID;HUMAN;INNOCENT;STATIC_PEASANT_MAN;None;MTOWBE;1;MALE;MALE;NEUTRAL;dw#innhl;MTOWBEZ;None;None;None;;;;;;;;;;15;cdtweaks;Commoner
MTOWBX4;HUMANOID;HUMAN;INNOCENT;STATIC_PEASANT_MAN;None;MTOWBE;1;MALE;MALE;NEUTRAL;dw#innhl;MTOWBEZ;None;None;None;;;;;;;;;;15;cdtweaks;Commoner
MTOWBX5;HUMANOID;HUMAN;INNOCENT;STATIC_PEASANT_MAN;None;MTOWBE;1;MALE;MALE;NEUTRAL;dw#innhl;MTOWBEZ;None;None;None;;;;;;;;;;15;cdtweaks;Commoner
MTOWBX6;HUMANOID;HUMAN;INNOCENT;STATIC_PEASANT_MAN;None;MTOWBE;1;MALE;MALE;NEUTRAL;dw#innhl;MTOWBEZ;None;None;None;;;;;;;;;;15;cdtweaks;Commoner
MTOWB_D1;HUMANOID;HUMAN;INNOCENT;PEASANT_MAN;None;MTOWBA;1;MALE;MALE;NEUTRAL;dw#innhl;MTOWBAZ;RUNENEMY;None;WDRUNSGT;;;;;;;;;;15;cdtweaks;Commoner
MTOWB_E1;HUMANOID;HUMAN;INNOCENT;PEASANT_MAN;None;MTOWBA;1;MALE;MALE;NEUTRAL;dw#innhl;MTOWBAZ;RUNENEMY;None;WDRUNSGT;;;;;;;;;;15;cdtweaks;Commoner
MTOWFR1;HUMANOID;HUMAN;INNOCENT;PEASANT_MAN;None;MTOWFR;1;MALE;MALE;NEUTRAL;dw#innhl;RUNENEMY;None;WDRUNSGT;None;;;;;;;;;;15;cdtweaks;Commoner
MTOWFRA1;HUMANOID;HUMAN;INNOCENT;PEASANT_MAN;None;MTOWFR;1;MALE;MALE;NEUTRAL;dw#innhl;RUNENEMY;None;WDRUNSGT;None;;;;;;;;;;15;cdtweaks;Commoner
MTOWFRS1;HUMANOID;HUMAN;INNOCENT;STATIC_PEASANT_MAN_STOOL;None;MTOWFR;1;MALE;MALE;NEUTRAL;dw#innhl;None;None;None;None;;;;;;;;;;15;cdtweaks;Commoner
MTOWFRS2;HUMANOID;HUMAN;INNOCENT;STATIC_PEASANT_MAN_STOOL;None;MTOWFR;1;MALE;MALE;NEUTRAL;dw#innhl;None;None;None;None;;;;;;;;;;15;cdtweaks;Commoner
MTOWFRS3;HUMANOID;HUMAN;INNOCENT;STATIC_PEASANT_MAN_STOOL;None;MTOWFR;1;MALE;MALE;NEUTRAL;dw#innhl;None;None;None;None;;;;;;;;;;15;cdtweaks;Commoner
MTOWFRS4;HUMANOID;HUMAN;INNOCENT;STATIC_PEASANT_MAN_CHAIR;None;MTOWFR;1;MALE;MALE;NEUTRAL;dw#innhl;None;None;None;None;;;;;;;;;;15;cdtweaks;Commoner
MTOWFRS5;HUMANOID;HUMAN;INNOCENT;STATIC_PEASANT_MAN_STOOL;None;MTOWFR;1;MALE;MALE;NEUTRAL;dw#innhl;None;None;None;None;;;;;;;;;;15;cdtweaks;Commoner
MTOWN10;HUMANOID;HUMAN;INNOCENT;PEASANT_MAN;None;MTOWN4;1;MALE;MALE;NEUTRAL;dw#innhl;RUNENEMY;None;WDRUNSGT;None;;;;;;;;;;15;cdtweaks;Commoner
MTOWN11;HUMANOID;HUMAN;INNOCENT;PEASANT_MAN;None;MTOWN4;1;MALE;MALE;NEUTRAL;dw#innhl;RUNENEMY;None;WDRUNSGT;None;;;;;;;;;;15;cdtweaks;Commoner
MTOWN12;HUMANOID;HUMAN;INNOCENT;FAT_MAN;None;MTOWN5;1;MALE;MALE;NEUTRAL;dw#innhl;RUNENEMY;None;WDRUNSGT;None;;;;;;;;;;15;cdtweaks;Commoner
MTOWN7;HUMANOID;HUMAN;INNOCENT;PEASANT_MAN;None;MTOWN4;1;MALE;MALE;NEUTRAL;dw#innhl;RUNENEMY;None;WDRUNSGT;None;;;;;;;;;;15;cdtweaks;Commoner
MTOWN8;HUMANOID;HUMAN;INNOCENT;FAT_MAN;None;MTOWN5;1;MALE;MALE;NEUTRAL;dw#innhl;RUNENEMY;None;WDRUNSGT;None;;;;;;;;;;15;cdtweaks;Commoner
MTOWN9;HUMANOID;HUMAN;INNOCENT;PEASANT_MAN;None;MTOWN4;1;MALE;MALE;NEUTRAL;dw#innhl;RUNENEMY;None;WDRUNSGT;None;;;;;;;;;;15;cdtweaks;Commoner
MTOWNA1;HUMANOID;HUMAN;INNOCENT;PEASANT_MAN;None;MTOWNA;1;MALE;MALE;NEUTRAL;dw#innhl;MTOWNAZ;RUNENEMY;None;WDRUNSGT;;;;;;;;;;15;cdtweaks;Commoner
MTOWNA2;HUMANOID;HUMAN;INNOCENT;PEASANT_MAN;None;MTOWNA;1;MALE;MALE;NEUTRAL;dw#innhl;MTOWNAZ;RUNENEMY;None;WDRUNSGT;;;;;;;;;;15;cdtweaks;Commoner
MTOWNA3;HUMANOID;HUMAN;INNOCENT;PEASANT_MAN;None;MTOWNA;1;MALE;MALE;NEUTRAL;dw#innhl;MTOWNAZ;RUNENEMY;None;WDRUNSGT;;;;;;;;;;15;cdtweaks;Commoner
MTOWNSC1;HUMANOID;HUMAN;INNOCENT;STATIC_PEASANT_MAN_CHAIR;None;MTOWNA;1;MALE;MALE;NEUTRAL;dw#innhl;MTOWNAZ;None;None;None;;;;;;;;;;15;cdtweaks;Commoner
MTOWNSC2;HUMANOID;HUMAN;INNOCENT;STATIC_PEASANT_MAN_CHAIR;None;MTOWNA;1;MALE;MALE;NEUTRAL;dw#innhl;MTOWNAZ;None;None;None;;;;;;;;;;15;cdtweaks;Commoner
MTOWNST1;HUMANOID;HUMAN;INNOCENT;STATIC_PEASANT_MAN_STOOL;None;MTOWNA;1;MALE;MALE;NEUTRAL;dw#innhl;MTOWNAZ;None;None;None;;;;;;;;;;15;cdtweaks;Commoner
MTOWNST2;HUMANOID;HUMAN;INNOCENT;STATIC_PEASANT_MAN_STOOL;None;MTOWNA;1;MALE;MALE;NEUTRAL;dw#innhl;MTOWNAZ;None;None;None;;;;;;;;;;15;cdtweaks;Commoner
MTOWSN1;HUMANOID;HUMAN;INNOCENT;STATIC_PEASANT_MAN_MATTE;None;MTOWBA;1;MALE;MALE;NEUTRAL;dw#innhl;MTOWBAZ;None;None;None;;;;;;;;;;15;cdtweaks;Commoner
MTWBAX1;HUMANOID;HUMAN;INNOCENT;STATIC_PEASANT_MAN;None;MTOWBA;1;MALE;MALE;NEUTRAL;dw#innhl;MTOWBAZ;None;None;None;;;;;;;;;;15;cdtweaks;Commoner
MTWBAX10;HUMANOID;HUMAN;INNOCENT;STATIC_PEASANT_MAN;None;MTOWBA;1;MALE;MALE;NEUTRAL;dw#innhl;MTOWBAZ;None;None;None;;;;;;;;;;15;cdtweaks;Commoner
MTWBAX11;HUMANOID;HUMAN;INNOCENT;STATIC_PEASANT_MAN;None;MTOWBA;1;MALE;MALE;NEUTRAL;dw#innhl;MTOWBAZ;None;None;None;;;;;;;;;;15;cdtweaks;Commoner
MTWBAX12;HUMANOID;HUMAN;INNOCENT;STATIC_PEASANT_MAN;None;MTOWBA;1;MALE;MALE;NEUTRAL;dw#innhl;MTOWBAZ;None;None;None;;;;;;;;;;15;cdtweaks;Commoner
MTWBAX13;HUMANOID;HUMAN;INNOCENT;STATIC_PEASANT_MAN;None;MTOWBA;1;MALE;MALE;NEUTRAL;dw#innhl;MTOWBAZ;None;None;None;;;;;;;;;;15;cdtweaks;Commoner
MTWBAX14;HUMANOID;HUMAN;INNOCENT;STATIC_PEASANT_MAN;None;MTOWBA;1;MALE;MALE;NEUTRAL;dw#innhl;MTOWBAZ;None;None;None;;;;;;;;;;15;cdtweaks;Commoner
MTWBAX15;HUMANOID;HUMAN;INNOCENT;STATIC_PEASANT_MAN;None;MTOWBA;1;MALE;MALE;NEUTRAL;dw#innhl;MTOWBAZ;None;None;None;;;;;;;;;;15;cdtweaks;Commoner
MTWBAX16;HUMANOID;HUMAN;INNOCENT;STATIC_PEASANT_MAN;None;MTOWBA;1;MALE;MALE;NEUTRAL;dw#innhl;MTOWBAZ;None;None;None;;;;;;;;;;15;cdtweaks;Commoner
MTWBAX17;HUMANOID;HUMAN;INNOCENT;STATIC_PEASANT_MAN;None;MTOWBA;1;MALE;MALE;NEUTRAL;dw#innhl;MTOWBAZ;None;None;None;;;;;;;;;;15;cdtweaks;Commoner
MTWBAX18;HUMANOID;HUMAN;INNOCENT;STATIC_PEASANT_MAN;None;MTOWBA;1;MALE;MALE;NEUTRAL;dw#innhl;MTOWBAZ;None;None;None;;;;;;;;;;15;cdtweaks;Commoner
MTWBAX19;HUMANOID;HUMAN;INNOCENT;STATIC_PEASANT_MAN;None;MTOWBA;1;MALE;MALE;NEUTRAL;dw#innhl;MTOWBAZ;None;None;None;;;;;;;;;;15;cdtweaks;Commoner
MTWBAX2;HUMANOID;HUMAN;INNOCENT;STATIC_PEASANT_MAN;None;MTOWBA;1;MALE;MALE;NEUTRAL;dw#innhl;MTOWBAZ;None;None;None;;;;;;;;;;15;cdtweaks;Commoner
MTWBAX20;HUMANOID;HUMAN;INNOCENT;STATIC_PEASANT_MAN;None;MTOWBA;1;MALE;MALE;NEUTRAL;dw#innhl;MTOWBAZ;None;None;None;;;;;;;;;;15;cdtweaks;Commoner
MTWBAX21;HUMANOID;HUMAN;INNOCENT;STATIC_PEASANT_MAN;None;MTOWBA;1;MALE;MALE;NEUTRAL;dw#innhl;MTOWBAZ;None;None;None;;;;;;;;;;15;cdtweaks;Commoner
MTWBAX22;HUMANOID;HUMAN;INNOCENT;STATIC_PEASANT_MAN;None;MTOWBA;1;MALE;MALE;NEUTRAL;dw#innhl;MTOWBAZ;None;None;None;;;;;;;;;;15;cdtweaks;Commoner
MTWBAX23;HUMANOID;HUMAN;INNOCENT;STATIC_PEASANT_MAN;None;MTOWBA;1;MALE;MALE;NEUTRAL;dw#innhl;MTOWBAZ;None;None;None;;;;;;;;;;15;cdtweaks;Commoner
MTWBAX24;HUMANOID;HUMAN;INNOCENT;STATIC_PEASANT_MAN;None;MTOWBA;1;MALE;MALE;NEUTRAL;dw#innhl;MTOWBAZ;None;None;None;;;;;;;;;;15;cdtweaks;Commoner
MTWBAX25;HUMANOID;HUMAN;INNOCENT;STATIC_PEASANT_MAN;None;MTOWBA;1;MALE;MALE;NEUTRAL;dw#innhl;MTOWBAZ;None;None;None;;;;;;;;;;15;cdtweaks;Commoner
MTWBAX26;HUMANOID;HUMAN;INNOCENT;STATIC_PEASANT_MAN;None;MTOWBA;1;MALE;MALE;NEUTRAL;dw#innhl;MTOWBAZ;None;None;None;;;;;;;;;;15;cdtweaks;Commoner
MTWBAX27;HUMANOID;HUMAN;INNOCENT;STATIC_PEASANT_MAN;None;MTOWBA;1;MALE;MALE;NEUTRAL;dw#innhl;MTOWBAZ;None;None;None;;;;;;;;;;15;cdtweaks;Commoner
MTWBAX28;HUMANOID;HUMAN;INNOCENT;STATIC_PEASANT_MAN;None;MTOWBA;1;MALE;MALE;NEUTRAL;dw#innhl;MTOWBAZ;None;None;None;;;;;;;;;;15;cdtweaks;Commoner
MTWBAX29;HUMANOID;HUMAN;INNOCENT;STATIC_PEASANT_MAN;None;MTOWBA;1;MALE;MALE;NEUTRAL;dw#innhl;MTOWBAZ;None;None;None;;;;;;;;;;15;cdtweaks;Commoner
MTWBAX3;HUMANOID;HUMAN;INNOCENT;STATIC_PEASANT_MAN;None;MTOWBA;1;MALE;MALE;NEUTRAL;dw#innhl;MTOWBAZ;None;None;None;;;;;;;;;;15;cdtweaks;Commoner
MTWBAX30;HUMANOID;HUMAN;INNOCENT;STATIC_PEASANT_MAN;None;MTOWBA;1;MALE;MALE;NEUTRAL;dw#innhl;MTOWBAZ;None;None;None;;;;;;;;;;15;cdtweaks;Commoner
MTWBAX31;HUMANOID;HUMAN;INNOCENT;STATIC_PEASANT_MAN;None;MTOWBA;1;MALE;MALE;NEUTRAL;dw#innhl;MTOWBAZ;None;None;None;;;;;;;;;;15;cdtweaks;Commoner
MTWBAX32;HUMANOID;HUMAN;INNOCENT;STATIC_PEASANT_MAN;None;MTOWBA;1;MALE;MALE;NEUTRAL;dw#innhl;MTOWBAZ;None;None;None;;;;;;;;;;15;cdtweaks;Commoner
MTWBAX33;HUMANOID;HUMAN;INNOCENT;STATIC_PEASANT_MAN;None;MTOWBA;1;MALE;MALE;NEUTRAL;dw#innhl;MTOWBAZ;None;None;None;;;;;;;;;;15;cdtweaks;Commoner
MTWBAX34;HUMANOID;HUMAN;INNOCENT;STATIC_PEASANT_MAN;None;MTOWBA;1;MALE;MALE;NEUTRAL;dw#innhl;MTOWBAZ;None;None;None;;;;;;;;;;15;cdtweaks;Commoner
MTWBAX35;HUMANOID;HUMAN;INNOCENT;STATIC_PEASANT_MAN;None;MTOWBA;1;MALE;MALE;NEUTRAL;dw#innhl;MTOWBAZ;None;None;None;;;;;;;;;;15;cdtweaks;Commoner
MTWBAX36;HUMANOID;HUMAN;INNOCENT;STATIC_PEASANT_MAN;None;MTOWBA;1;MALE;MALE;NEUTRAL;dw#innhl;MTOWBAZ;None;None;None;;;;;;;;;;15;cdtweaks;Commoner
MTWBAX37;HUMANOID;HUMAN;INNOCENT;STATIC_PEASANT_MAN;None;MTOWBA;1;MALE;MALE;NEUTRAL;dw#innhl;MTOWBAZ;None;None;None;;;;;;;;;;15;cdtweaks;Commoner
MTWBAX38;HUMANOID;HUMAN;INNOCENT;STATIC_PEASANT_MAN;None;MTOWBA;1;MALE;MALE;NEUTRAL;dw#innhl;MTOWBAZ;None;None;None;;;;;;;;;;15;cdtweaks;Commoner
MTWBAX39;HUMANOID;HUMAN;INNOCENT;STATIC_PEASANT_MAN;None;MTOWBA;1;MALE;MALE;NEUTRAL;dw#innhl;MTOWBAZ;None;None;None;;;;;;;;;;15;cdtweaks;Commoner
MTWBAX4;HUMANOID;HUMAN;INNOCENT;STATIC_PEASANT_MAN;None;MTOWBA;1;MALE;MALE;NEUTRAL;dw#innhl;MTOWBAZ;None;None;None;;;;;;;;;;15;cdtweaks;Commoner
MTWBAX40;HUMANOID;HUMAN;INNOCENT;STATIC_PEASANT_MAN;None;MTOWBA;1;MALE;MALE;NEUTRAL;dw#innhl;MTOWBAZ;None;None;None;;;;;;;;;;15;cdtweaks;Commoner
MTWBAX41;HUMANOID;HUMAN;INNOCENT;STATIC_PEASANT_MAN;None;MTOWBA;1;MALE;MALE;NEUTRAL;dw#innhl;MTOWBAZ;None;None;None;;;;;;;;;;15;cdtweaks;Commoner
MTWBAX42;HUMANOID;HUMAN;INNOCENT;STATIC_PEASANT_MAN;None;MTOWBA;1;MALE;MALE;NEUTRAL;dw#innhl;MTOWBAZ;None;None;None;;;;;;;;;;15;cdtweaks;Commoner
MTWBAX43;HUMANOID;HUMAN;INNOCENT;STATIC_PEASANT_MAN;None;MTOWBA;1;MALE;MALE;NEUTRAL;dw#innhl;MTOWBAZ;None;None;None;;;;;;;;;;15;cdtweaks;Commoner
MTWBAX44;HUMANOID;HUMAN;INNOCENT;STATIC_PEASANT_MAN;None;MTOWBA;1;MALE;MALE;NEUTRAL;dw#innhl;MTOWBAZ;None;None;None;;;;;;;;;;15;cdtweaks;Commoner
MTWBAX45;HUMANOID;HUMAN;INNOCENT;STATIC_PEASANT_MAN;None;MTOWBA;1;MALE;MALE;NEUTRAL;dw#innhl;MTOWBAZ;None;None;None;;;;;;;;;;15;cdtweaks;Commoner
MTWBAX46;HUMANOID;HUMAN;INNOCENT;STATIC_PEASANT_MAN;None;MTOWBA;1;MALE;MALE;NEUTRAL;dw#innhl;MTOWBAZ;None;None;None;;;;;;;;;;15;cdtweaks;Commoner
MTWBAX47;HUMANOID;HUMAN;INNOCENT;STATIC_PEASANT_MAN;None;MTOWBA;1;MALE;MALE;NEUTRAL;dw#innhl;MTOWBAZ;None;None;None;;;;;;;;;;15;cdtweaks;Commoner
MTWBAX48;HUMANOID;HUMAN;INNOCENT;STATIC_PEASANT_MAN;None;MTOWBA;1;MALE;MALE;NEUTRAL;dw#innhl;MTOWBAZ;None;None;None;;;;;;;;;;15;cdtweaks;Commoner
MTWBAX49;HUMANOID;HUMAN;INNOCENT;STATIC_PEASANT_MAN;None;MTOWBA;1;MALE;MALE;NEUTRAL;dw#innhl;MTOWBAZ;None;None;None;;;;;;;;;;15;cdtweaks;Commoner
MTWBAX5;HUMANOID;HUMAN;INNOCENT;STATIC_PEASANT_MAN;None;MTOWBA;1;MALE;MALE;NEUTRAL;dw#innhl;MTOWBAZ;None;None;None;;;;;;;;;;15;cdtweaks;Commoner
MTWBAX50;HUMANOID;HUMAN;INNOCENT;STATIC_PEASANT_MAN;None;MTOWBA;1;MALE;MALE;NEUTRAL;dw#innhl;MTOWBAZ;None;None;None;;;;;;;;;;15;cdtweaks;Commoner
MTWBAX51;HUMANOID;HUMAN;INNOCENT;STATIC_PEASANT_MAN;None;MTOWBA;1;MALE;MALE;NEUTRAL;dw#innhl;MTOWBAZ;None;None;None;;;;;;;;;;15;cdtweaks;Commoner
MTWBAX52;HUMANOID;HUMAN;INNOCENT;STATIC_PEASANT_MAN;None;MTOWBA;1;MALE;MALE;NEUTRAL;dw#innhl;MTOWBAZ;None;None;None;;;;;;;;;;15;cdtweaks;Commoner
MTWBAX53;HUMANOID;HUMAN;INNOCENT;STATIC_PEASANT_MAN;None;MTOWBA;1;MALE;MALE;NEUTRAL;dw#innhl;MTOWBAZ;None;None;None;;;;;;;;;;15;cdtweaks;Commoner
MTWBAX54;HUMANOID;HUMAN;INNOCENT;STATIC_PEASANT_MAN;None;MTOWBA;1;MALE;MALE;NEUTRAL;dw#innhl;MTOWBAZ;None;None;None;;;;;;;;;;15;cdtweaks;Commoner
MTWBAX55;HUMANOID;HUMAN;INNOCENT;STATIC_PEASANT_MAN;None;MTOWBA;1;MALE;MALE;NEUTRAL;dw#innhl;MTOWBAZ;None;None;None;;;;;;;;;;15;cdtweaks;Commoner
MTWBAX56;HUMANOID;HUMAN;INNOCENT;STATIC_PEASANT_MAN;None;MTOWBA;1;MALE;MALE;NEUTRAL;dw#innhl;MTOWBAZ;None;None;None;;;;;;;;;;15;cdtweaks;Commoner
MTWBAX57;HUMANOID;HUMAN;INNOCENT;STATIC_PEASANT_MAN;None;MTOWBA;1;MALE;MALE;NEUTRAL;dw#innhl;MTOWBAZ;None;None;None;;;;;;;;;;15;cdtweaks;Commoner
MTWBAX58;HUMANOID;HUMAN;INNOCENT;STATIC_PEASANT_MAN;None;MTOWBA;1;MALE;MALE;NEUTRAL;dw#innhl;MTOWBAZ;None;None;None;;;;;;;;;;15;cdtweaks;Commoner
MTWBAX6;HUMANOID;HUMAN;INNOCENT;STATIC_PEASANT_MAN;None;MTOWBA;1;MALE;MALE;NEUTRAL;dw#innhl;MTOWBAZ;None;None;None;;;;;;;;;;15;cdtweaks;Commoner
MTWBAX7;HUMANOID;HUMAN;INNOCENT;STATIC_PEASANT_MAN;None;MTOWBA;1;MALE;MALE;NEUTRAL;dw#innhl;MTOWBAZ;None;None;None;;;;;;;;;;15;cdtweaks;Commoner
MTWBAX8;HUMANOID;HUMAN;INNOCENT;STATIC_PEASANT_MAN;None;MTOWBA;1;MALE;MALE;NEUTRAL;dw#innhl;MTOWBAZ;None;None;None;;;;;;;;;;15;cdtweaks;Commoner
MTWBAX9;HUMANOID;HUMAN;INNOCENT;STATIC_PEASANT_MAN;None;MTOWBA;1;MALE;MALE;NEUTRAL;dw#innhl;MTOWBAZ;None;None;None;;;;;;;;;;15;cdtweaks;Commoner
MTWBAXA1;HUMANOID;HUMAN;INNOCENT;STATIC_PEASANT_MAN;None;MTOWBA;1;MALE;MALE;NEUTRAL;dw#innhl;MTOWBAZ;None;None;None;;;;;;;;;;15;cdtweaks;Commoner
MTWBAXA2;HUMANOID;HUMAN;INNOCENT;STATIC_PEASANT_MAN;None;MTOWBA;1;MALE;MALE;NEUTRAL;dw#innhl;MTOWBAZ;None;None;None;;;;;;;;;;15;cdtweaks;Commoner
MTWBAXA3;HUMANOID;HUMAN;INNOCENT;STATIC_PEASANT_MAN;None;MTOWBA;1;MALE;MALE;NEUTRAL;dw#innhl;MTOWBAZ;None;None;None;;;;;;;;;;15;cdtweaks;Commoner
MTWBAXA4;HUMANOID;HUMAN;INNOCENT;STATIC_PEASANT_MAN;None;MTOWBA;1;MALE;MALE;NEUTRAL;dw#innhl;MTOWBAZ;None;None;None;;;;;;;;;;15;cdtweaks;Commoner
MTWBAXA5;HUMANOID;HUMAN;INNOCENT;STATIC_PEASANT_MAN;None;MTOWBA;1;MALE;MALE;NEUTRAL;dw#innhl;MTOWBAZ;None;None;None;;;;;;;;;;15;cdtweaks;Commoner
MTWBAXA6;HUMANOID;HUMAN;INNOCENT;STATIC_PEASANT_MAN;None;MTOWBA;1;MALE;MALE;NEUTRAL;dw#innhl;MTOWBAZ;None;None;None;;;;;;;;;;15;cdtweaks;Commoner
MTWBAXA7;HUMANOID;HUMAN;INNOCENT;STATIC_PEASANT_MAN;None;MTOWBA;1;MALE;MALE;NEUTRAL;dw#innhl;MTOWBAZ;None;None;None;;;;;;;;;;15;cdtweaks;Commoner
MTWBAXA8;HUMANOID;HUMAN;INNOCENT;STATIC_PEASANT_MAN;None;MTOWBA;1;MALE;MALE;NEUTRAL;dw#innhl;MTOWBAZ;None;None;None;;;;;;;;;;15;cdtweaks;Commoner
MTWBAXA9;HUMANOID;HUMAN;INNOCENT;STATIC_PEASANT_MAN;None;MTOWBA;1;MALE;MALE;NEUTRAL;dw#innhl;MTOWBAZ;None;None;None;;;;;;;;;;15;cdtweaks;Commoner
MTWBAXB1;HUMANOID;HUMAN;INNOCENT;STATIC_PEASANT_MAN;None;MTOWBA;1;MALE;MALE;NEUTRAL;dw#innhl;MTOWBAZ;None;None;None;;;;;;;;;;15;cdtweaks;Commoner
MTWBAXB2;HUMANOID;HUMAN;INNOCENT;STATIC_PEASANT_MAN;None;MTOWBA;1;MALE;MALE;NEUTRAL;dw#innhl;MTOWBAZ;None;None;None;;;;;;;;;;15;cdtweaks;Commoner
MTWBAXB3;HUMANOID;HUMAN;INNOCENT;STATIC_PEASANT_MAN;None;MTOWBA;1;MALE;MALE;NEUTRAL;dw#innhl;MTOWBAZ;None;None;None;;;;;;;;;;15;cdtweaks;Commoner
MTWBAXB4;HUMANOID;HUMAN;INNOCENT;STATIC_PEASANT_MAN;None;MTOWBA;1;MALE;MALE;NEUTRAL;dw#innhl;MTOWBAZ;None;None;None;;;;;;;;;;15;cdtweaks;Commoner
MTWBAXB5;HUMANOID;HUMAN;INNOCENT;STATIC_PEASANT_MAN;None;MTOWBA;1;MALE;MALE;NEUTRAL;dw#innhl;MTOWBAZ;None;None;None;;;;;;;;;;15;cdtweaks;Commoner
MTWBAXB6;HUMANOID;HUMAN;INNOCENT;STATIC_PEASANT_MAN;None;MTOWBA;1;MALE;MALE;NEUTRAL;dw#innhl;MTOWBAZ;None;None;None;;;;;;;;;;15;cdtweaks;Commoner
MTWBAXB7;HUMANOID;HUMAN;INNOCENT;STATIC_PEASANT_MAN;None;MTOWBA;1;MALE;MALE;NEUTRAL;dw#innhl;MTOWBAZ;None;None;None;;;;;;;;;;15;cdtweaks;Commoner
MTWBAXB8;HUMANOID;HUMAN;INNOCENT;STATIC_PEASANT_MAN;None;MTOWBA;1;MALE;MALE;NEUTRAL;dw#innhl;MTOWBAZ;None;None;None;;;;;;;;;;15;cdtweaks;Commoner
MTWBAXB9;HUMANOID;HUMAN;INNOCENT;STATIC_PEASANT_MAN;None;MTOWBA;1;MALE;MALE;NEUTRAL;dw#innhl;MTOWBAZ;None;None;None;;;;;;;;;;15;cdtweaks;Commoner
MTWBAXC1;HUMANOID;HUMAN;INNOCENT;STATIC_PEASANT_MAN;None;MTOWBA;1;MALE;MALE;NEUTRAL;dw#innhl;MTOWBAZ;None;None;None;;;;;;;;;;15;cdtweaks;Commoner
MTWBAXC2;HUMANOID;HUMAN;INNOCENT;STATIC_PEASANT_MAN;None;MTOWBA;1;MALE;MALE;NEUTRAL;dw#innhl;MTOWBAZ;None;None;None;;;;;;;;;;15;cdtweaks;Commoner
MTWBAXC3;HUMANOID;HUMAN;INNOCENT;STATIC_PEASANT_MAN;None;MTOWBA;1;MALE;MALE;NEUTRAL;dw#innhl;MTOWBAZ;None;None;None;;;;;;;;;;15;cdtweaks;Commoner
MTWBAXC4;HUMANOID;HUMAN;INNOCENT;STATIC_PEASANT_MAN;None;MTOWBA;1;MALE;MALE;NEUTRAL;dw#innhl;MTOWBAZ;None;None;None;;;;;;;;;;15;cdtweaks;Commoner
MTWBAXC5;HUMANOID;HUMAN;INNOCENT;STATIC_PEASANT_MAN;None;MTOWBA;1;MALE;MALE;NEUTRAL;dw#innhl;MTOWBAZ;None;None;None;;;;;;;;;;15;cdtweaks;Commoner
MTWBAXC6;HUMANOID;HUMAN;INNOCENT;STATIC_PEASANT_MAN;None;MTOWBA;1;MALE;MALE;NEUTRAL;dw#innhl;MTOWBAZ;None;None;None;;;;;;;;;;15;cdtweaks;Commoner
MTWBAXC7;HUMANOID;HUMAN;INNOCENT;STATIC_PEASANT_MAN;None;MTOWBA;1;MALE;MALE;NEUTRAL;dw#innhl;MTOWBAZ;None;None;None;;;;;;;;;;15;cdtweaks;Commoner
MTWBAXC8;HUMANOID;HUMAN;INNOCENT;STATIC_PEASANT_MAN;None;MTOWBA;1;MALE;MALE;NEUTRAL;dw#innhl;MTOWBAZ;None;None;None;;;;;;;;;;15;cdtweaks;Commoner
MTWBAXC9;HUMANOID;HUMAN;INNOCENT;STATIC_PEASANT_MAN;None;MTOWBA;1;MALE;MALE;NEUTRAL;dw#innhl;MTOWBAZ;None;None;None;;;;;;;;;;15;cdtweaks;Commoner
MTWBAXD1;HUMANOID;HUMAN;INNOCENT;STATIC_PEASANT_MAN;None;MTOWBA;1;MALE;MALE;NEUTRAL;dw#innhl;MTOWBAZ;None;None;None;;;;;;;;;;15;cdtweaks;Commoner
MTWBAXD2;HUMANOID;HUMAN;INNOCENT;STATIC_PEASANT_MAN;None;MTOWBA;1;MALE;MALE;NEUTRAL;dw#innhl;MTOWBAZ;None;None;None;;;;;;;;;;15;cdtweaks;Commoner
MTWBAXD3;HUMANOID;HUMAN;INNOCENT;STATIC_PEASANT_MAN;None;MTOWBA;1;MALE;MALE;NEUTRAL;dw#innhl;MTOWBAZ;None;None;None;;;;;;;;;;15;cdtweaks;Commoner
MTWBAXD4;HUMANOID;HUMAN;INNOCENT;STATIC_PEASANT_MAN;None;MTOWBA;1;MALE;MALE;NEUTRAL;dw#innhl;MTOWBAZ;None;None;None;;;;;;;;;;15;cdtweaks;Commoner
MTWBAXD5;HUMANOID;HUMAN;INNOCENT;STATIC_PEASANT_MAN;None;MTOWBA;1;MALE;MALE;NEUTRAL;dw#innhl;MTOWBAZ;None;None;None;;;;;;;;;;15;cdtweaks;Commoner
MTWBAXD6;HUMANOID;HUMAN;INNOCENT;STATIC_PEASANT_MAN;None;MTOWBA;1;MALE;MALE;NEUTRAL;dw#innhl;MTOWBAZ;None;None;None;;;;;;;;;;15;cdtweaks;Commoner
MTWBAXD7;HUMANOID;HUMAN;INNOCENT;STATIC_PEASANT_MAN;None;MTOWBA;1;MALE;MALE;NEUTRAL;dw#innhl;MTOWBAZ;None;None;None;;;;;;;;;;15;cdtweaks;Commoner
MTWBAXD8;HUMANOID;HUMAN;INNOCENT;STATIC_PEASANT_MAN;None;MTOWBA;1;MALE;MALE;NEUTRAL;dw#innhl;MTOWBAZ;None;None;None;;;;;;;;;;15;cdtweaks;Commoner
MTWBAXD9;HUMANOID;HUMAN;INNOCENT;STATIC_PEASANT_MAN;None;MTOWBA;1;MALE;MALE;NEUTRAL;dw#innhl;MTOWBAZ;None;None;None;;;;;;;;;;15;cdtweaks;Commoner
MTWBAXE1;HUMANOID;HUMAN;INNOCENT;STATIC_PEASANT_MAN;None;MTOWBA;1;MALE;MALE;NEUTRAL;dw#innhl;MTOWBAZ;None;None;None;;;;;;;;;;15;cdtweaks;Commoner
MTWBAXE2;HUMANOID;HUMAN;INNOCENT;STATIC_PEASANT_MAN;None;MTOWBA;1;MALE;MALE;NEUTRAL;dw#innhl;MTOWBAZ;None;None;None;;;;;;;;;;15;cdtweaks;Commoner
MTWBAXE3;HUMANOID;HUMAN;INNOCENT;STATIC_PEASANT_MAN;None;MTOWBA;1;MALE;MALE;NEUTRAL;dw#innhl;MTOWBAZ;None;None;None;;;;;;;;;;15;cdtweaks;Commoner
MTWBAXE4;HUMANOID;HUMAN;INNOCENT;STATIC_PEASANT_MAN;None;MTOWBA;1;MALE;MALE;NEUTRAL;dw#innhl;MTOWBAZ;None;None;None;;;;;;;;;;15;cdtweaks;Commoner
MTWBAXE5;HUMANOID;HUMAN;INNOCENT;STATIC_PEASANT_MAN;None;MTOWBA;1;MALE;MALE;NEUTRAL;dw#innhl;MTOWBAZ;None;None;None;;;;;;;;;;15;cdtweaks;Commoner
MTWBAXE6;HUMANOID;HUMAN;INNOCENT;STATIC_PEASANT_MAN;None;MTOWBA;1;MALE;MALE;NEUTRAL;dw#innhl;MTOWBAZ;None;None;None;;;;;;;;;;15;cdtweaks;Commoner
MTWBAXE7;HUMANOID;HUMAN;INNOCENT;STATIC_PEASANT_MAN;None;MTOWBA;1;MALE;MALE;NEUTRAL;dw#innhl;MTOWBAZ;None;None;None;;;;;;;;;;15;cdtweaks;Commoner
MTWBAXE8;HUMANOID;HUMAN;INNOCENT;STATIC_PEASANT_MAN;None;MTOWBA;1;MALE;MALE;NEUTRAL;dw#innhl;MTOWBAZ;None;None;None;;;;;;;;;;15;cdtweaks;Commoner
MTWBAXE9;HUMANOID;HUMAN;INNOCENT;STATIC_PEASANT_MAN;None;MTOWBA;1;MALE;MALE;NEUTRAL;dw#innhl;MTOWBAZ;None;None;None;;;;;;;;;;15;cdtweaks;Commoner
MTWBA_B2;HUMANOID;HUMAN;INNOCENT;STATIC_PEASANT_MAN;None;MTOWBA;1;MALE;MALE;NEUTRAL;dw#innhl;MTOWBAZ;None;None;None;;;;;;;;;;15;cdtweaks;Commoner
MTWBA_D1;HUMANOID;HUMAN;INNOCENT;STATIC_PEASANT_MAN;None;MTOWBA;1;MALE;MALE;NEUTRAL;dw#innhl;MTOWBAZ;None;None;None;;;;;;;;;;15;cdtweaks;Commoner
MTWBA_E1;HUMANOID;HUMAN;INNOCENT;STATIC_PEASANT_MAN;None;MTOWBA;1;MALE;MALE;NEUTRAL;dw#innhl;MTOWBAZ;None;None;None;;;;;;;;;;15;cdtweaks;Commoner
MTWBX_B1;HUMANOID;HUMAN;INNOCENT;STATIC_PEASANT_MAN;None;MTOWBA;1;MALE;MALE;NEUTRAL;dw#innhl;MTOWBAZ;None;None;None;;;;;;;;;;15;cdtweaks;Commoner
MTWBX_E1;HUMANOID;HUMAN;INNOCENT;STATIC_PEASANT_MAN;None;MTOWBA;1;MALE;MALE;NEUTRAL;dw#innhl;MTOWBAZ;None;None;None;;;;;;;;;;15;cdtweaks;Commoner
NOBAXC2;HUMANOID;HUMAN;INNOCENT;STATIC_NOBLE_MAN;None;NOBLBA;1;MALE;MALE;NEUTRAL;dw#innhl;NOBLBAZ;None;None;None;;;;;;;;;;15;cdtweaks;Nobleman
NOBBAXA1;HUMANOID;HUMAN;INNOCENT;STATIC_NOBLE_MAN;None;NOBLBA;1;MALE;MALE;NEUTRAL;dw#innhl;None;None;NOBLBAZ;None;;;;;;;;;;15;cdtweaks;Nobleman
NOBBAXA2;HUMANOID;HUMAN;INNOCENT;STATIC_NOBLE_MAN;None;NOBLBA;1;MALE;MALE;NEUTRAL;dw#innhl;None;None;NOBLBAZ;None;;;;;;;;;;15;cdtweaks;Nobleman
NOBBAXA3;HUMANOID;HUMAN;INNOCENT;STATIC_NOBLE_MAN;None;NOBLBA;1;MALE;MALE;NEUTRAL;dw#innhl;None;None;NOBLBAZ;None;;;;;;;;;;15;cdtweaks;Nobleman
NOBBAXB1;HUMANOID;HUMAN;INNOCENT;STATIC_NOBLE_MAN;None;NOBLBA;1;MALE;MALE;NEUTRAL;dw#innhl;NOBLBAZ;None;None;None;;;;;;;;;;15;cdtweaks;Nobleman
NOBBAXB2;HUMANOID;HUMAN;INNOCENT;STATIC_NOBLE_MAN;None;NOBLBA;1;MALE;MALE;NEUTRAL;dw#innhl;NOBLBAZ;None;None;None;;;;;;;;;;15;cdtweaks;Nobleman
NOBBAXB3;HUMANOID;HUMAN;INNOCENT;STATIC_NOBLE_MAN;None;NOBLBA;1;MALE;MALE;NEUTRAL;dw#innhl;NOBLBAZ;None;None;None;;;;;;;;;;15;cdtweaks;Nobleman
NOBBAXB4;HUMANOID;HUMAN;INNOCENT;STATIC_NOBLE_MAN;None;NOBLBA;1;MALE;MALE;NEUTRAL;dw#innhl;NOBLBAZ;None;None;None;;;;;;;;;;15;cdtweaks;Nobleman
NOBBAXB5;HUMANOID;HUMAN;INNOCENT;STATIC_NOBLE_MAN;None;NOBLBA;1;MALE;MALE;NEUTRAL;dw#innhl;NOBLBAZ;None;None;None;;;;;;;;;;15;cdtweaks;Nobleman
NOBBAXC1;HUMANOID;HUMAN;INNOCENT;STATIC_NOBLE_MAN;None;NOBLBA;1;MALE;MALE;NEUTRAL;dw#innhl;NOBLBAZ;None;None;None;;;;;;;;;;15;cdtweaks;Nobleman
NOBBAXC2;HUMANOID;HUMAN;INNOCENT;STATIC_NOBLE_MAN;None;NOBLBA;1;MALE;MALE;NEUTRAL;dw#innhl;NOBLBAZ;None;None;None;;;;;;;;;;15;cdtweaks;Nobleman
NOBBAXC3;HUMANOID;HUMAN;INNOCENT;STATIC_NOBLE_MAN;None;NOBLBA;1;MALE;MALE;NEUTRAL;dw#innhl;NOBLBAZ;None;None;None;;;;;;;;;;15;cdtweaks;Nobleman
NOBBAXC4;HUMANOID;HUMAN;INNOCENT;STATIC_NOBLE_MAN;None;NOBLBA;1;MALE;MALE;NEUTRAL;dw#innhl;NOBLBAZ;None;None;None;;;;;;;;;;15;cdtweaks;Nobleman
NOBBAXD1;HUMANOID;HUMAN;INNOCENT;STATIC_NOBLE_MAN;None;NOBLBA;1;MALE;MALE;NEUTRAL;dw#innhl;NOBLBAZ;None;None;None;;;;;;;;;;15;cdtweaks;Nobleman
NOBBAXD2;HUMANOID;HUMAN;INNOCENT;STATIC_NOBLE_MAN;None;NOBLBA;1;MALE;MALE;NEUTRAL;dw#innhl;NOBLBAZ;None;None;None;;;;;;;;;;15;cdtweaks;Nobleman
NOBBAXD3;HUMANOID;HUMAN;INNOCENT;STATIC_NOBLE_MAN;None;NOBLBA;1;MALE;MALE;NEUTRAL;dw#innhl;NOBLBAZ;None;None;None;;;;;;;;;;15;cdtweaks;Nobleman
NOBBAXD4;HUMANOID;HUMAN;INNOCENT;STATIC_NOBLE_MAN;None;NOBLBA;1;MALE;MALE;NEUTRAL;dw#innhl;NOBLBAZ;None;None;None;;;;;;;;;;15;cdtweaks;Nobleman
NOBBAXD5;HUMANOID;HUMAN;INNOCENT;STATIC_NOBLE_MAN;None;NOBLBA;1;MALE;MALE;NEUTRAL;dw#innhl;NOBLBAZ;None;None;None;;;;;;;;;;15;cdtweaks;Nobleman
NOBBAXD6;HUMANOID;HUMAN;INNOCENT;STATIC_NOBLE_MAN;None;NOBLBA;1;MALE;MALE;NEUTRAL;dw#innhl;NOBLBAZ;None;None;None;;;;;;;;;;15;cdtweaks;Nobleman
NOBBAXE1;HUMANOID;HUMAN;INNOCENT;STATIC_NOBLE_MAN;None;NOBLBA;1;MALE;MALE;NEUTRAL;dw#innhl;NOBLBAZ;None;None;None;;;;;;;;;;15;cdtweaks;Nobleman
NOBBAXE2;HUMANOID;HUMAN;INNOCENT;STATIC_NOBLE_MAN;None;NOBLBA;1;MALE;MALE;NEUTRAL;dw#innhl;NOBLBAZ;None;None;None;;;;;;;;;;15;cdtweaks;Nobleman
NOBBAXE3;HUMANOID;HUMAN;INNOCENT;STATIC_NOBLE_MAN;None;NOBLBA;1;MALE;MALE;NEUTRAL;dw#innhl;NOBLBAZ;None;None;None;;;;;;;;;;15;cdtweaks;Nobleman
NOBBAXE4;HUMANOID;HUMAN;INNOCENT;STATIC_NOBLE_MAN;None;NOBLBA;1;MALE;MALE;NEUTRAL;dw#innhl;NOBLBAZ;None;None;None;;;;;;;;;;15;cdtweaks;Nobleman
NOBL16;HUMANOID;HUMAN;INNOCENT;NOBLE_MAN;None;nobl11;1;MALE;MALE;NEUTRAL;dw#innhl;RUNENEMY;None;None;WTRUNSGT;;;;;;;;;;15;cdtweaks;Nobleman
NOBL17;HUMANOID;HUMAN;INNOCENT;NOBLE_MAN;None;nobl14;1;MALE;MALE;NEUTRAL;dw#innhl;RUNENEMY;None;None;WTRUNSGT;;;;;;;;;;15;cdtweaks;Nobleman
NOBL18;HUMANOID;HUMAN;INNOCENT;NOBLE_MAN;None;nobl14;1;MALE;MALE;NEUTRAL;dw#innhl;RUNENEMY;None;None;WTRUNSGT;;;;;;;;;;15;cdtweaks;Nobleman
NOBL19;HUMANOID;HUMAN;INNOCENT;NOBLE_MAN;None;nobl14;1;MALE;MALE;NEUTRAL;dw#innhl;RUNENEMY;None;None;WTRUNSGT;;;;;;;;;;15;cdtweaks;Nobleman
NOBL20;HUMANOID;HUMAN;INNOCENT;NOBLE_MAN;None;nobl14;1;MALE;MALE;NEUTRAL;dw#innhl;RUNENEMY;None;None;WTRUNSGT;;;;;;;;;;15;cdtweaks;Nobleman
NOBLBAA1;HUMANOID;HUMAN;INNOCENT;NOBLE_MAN;None;NOBLBA;1;MALE;MALE;NEUTRAL;dw#innhl;NOBLBAZ;RUNENEMY;None;WDRUNSGT;;;;;;;;;;15;cdtweaks;Nobleman
NOBLBAA2;HUMANOID;HUMAN;INNOCENT;NOBLE_MAN;None;NOBLBA;1;MALE;MALE;NEUTRAL;dw#innhl;NOBLBAZ;RUNENEMY;None;WDRUNSGT;;;;;;;;;;15;cdtweaks;Nobleman
NOBLBAA3;HUMANOID;HUMAN;INNOCENT;NOBLE_MAN;None;NOBLBA;1;MALE;MALE;NEUTRAL;dw#innhl;NOBLBAZ;RUNENEMY;None;WDRUNSGT;;;;;;;;;;15;cdtweaks;Nobleman
NOBLBAA4;HUMANOID;HUMAN;INNOCENT;NOBLE_MAN;None;NOBLBA;1;MALE;MALE;NEUTRAL;dw#innhl;NOBLBAZ;RUNENEMY;None;WDRUNSGT;;;;;;;;;;15;cdtweaks;Nobleman
NOBLBAB1;HUMANOID;HUMAN;INNOCENT;NOBLE_MAN;None;NOBLBA;1;MALE;MALE;NEUTRAL;dw#innhl;NOBLBAZ;RUNENEMY;None;WDRUNSGT;;;;;;;;;;15;cdtweaks;Nobleman
NOBLBAC1;HUMANOID;HUMAN;INNOCENT;NOBLE_MAN;None;NOBLBA;1;MALE;MALE;NEUTRAL;dw#innhl;NOBLBAZ;RUNENEMY;None;WDRUNSGT;;;;;;;;;;15;cdtweaks;Nobleman
NOBLBAD1;HUMANOID;HUMAN;INNOCENT;NOBLE_MAN;None;NOBLBA;1;MALE;MALE;NEUTRAL;dw#innhl;NOBLBAZ;RUNENEMY;None;WDRUNSGT;;;;;;;;;;15;cdtweaks;Nobleman
NOBLBAD2;HUMANOID;HUMAN;INNOCENT;NOBLE_MAN;None;NOBLBA;1;MALE;MALE;NEUTRAL;dw#innhl;NOBLBAZ;RUNENEMY;None;WDRUNSGT;;;;;;;;;;15;cdtweaks;Nobleman
NOBLBAD3;HUMANOID;HUMAN;INNOCENT;NOBLE_MAN;None;NOBLBA;1;MALE;MALE;NEUTRAL;dw#innhl;NOBLBAZ;RUNENEMY;None;WDRUNSGT;;;;;;;;;;15;cdtweaks;Nobleman
NOBLBAE1;HUMANOID;HUMAN;INNOCENT;NOBLE_MAN;None;NOBLBA;1;MALE;MALE;NEUTRAL;dw#innhl;NOBLBAZ;RUNENEMY;None;WDRUNSGT;;;;;;;;;;15;cdtweaks;Nobleman
NOBW10;HUMANOID;HUMAN;INNOCENT;NOBLE_WOMAN;None;nobw9;1;FEMALE;FEMALE;NEUTRAL;dw#innhl;RUNENEMY;None;None;WDRUNSGT;;;;;;;;;;15;cdtweaks;Noblewoman
NOBWBA1;HUMANOID;HUMAN;INNOCENT;NOBLE_WOMAN;None;nobwba;1;FEMALE;FEMALE;NEUTRAL;dw#innhl;NOBWBAZ;RUNENEMY;None;WDRUNSGT;;;;;;;;;;15;cdtweaks;Noblewoman
NOBWBAD1;HUMANOID;HUMAN;INNOCENT;NOBLE_WOMAN;None;nobwba;1;FEMALE;FEMALE;NEUTRAL;dw#innhl;NOBWBAZ;RUNENEMY;None;WDRUNSGT;;;;;;;;;;15;cdtweaks;Noblewoman
NOWBAXA1;HUMANOID;HUMAN;INNOCENT;NOBLE_WOMAN;None;nobwba;1;FEMALE;FEMALE;NEUTRAL;dw#innhl;NOBWBAZ;None;None;wtrunsgt;;;;;;;;;;15;cdtweaks;Noblewoman
NOWBAXA2;HUMANOID;HUMAN;INNOCENT;NOBLE_WOMAN;None;nobwba;1;FEMALE;FEMALE;NEUTRAL;dw#innhl;NOBWBAZ;None;None;wtrunsgt;;;;;;;;;;15;cdtweaks;Noblewoman
NOWBAXA3;HUMANOID;HUMAN;INNOCENT;NOBLE_WOMAN;None;nobwba;1;FEMALE;FEMALE;NEUTRAL;dw#innhl;NOBWBAZ;None;None;wtrunsgt;;;;;;;;;;15;cdtweaks;Noblewoman
NOWBAXA4;HUMANOID;HUMAN;INNOCENT;NOBLE_WOMAN;None;nobwba;1;FEMALE;FEMALE;NEUTRAL;dw#innhl;NOBWBAZ;None;None;wtrunsgt;;;;;;;;;;15;cdtweaks;Noblewoman
NOWBAXA5;HUMANOID;HUMAN;INNOCENT;NOBLE_WOMAN;None;nobwba;1;FEMALE;FEMALE;NEUTRAL;dw#innhl;NOBWBAZ;None;None;wtrunsgt;;;;;;;;;;15;cdtweaks;Noblewoman
NOWBAXA6;HUMANOID;HUMAN;INNOCENT;NOBLE_WOMAN;None;nobwba;1;FEMALE;FEMALE;NEUTRAL;dw#innhl;NOBWBAZ;None;None;wtrunsgt;;;;;;;;;;15;cdtweaks;Noblewoman
NOWBAXA7;HUMANOID;HUMAN;INNOCENT;NOBLE_WOMAN;None;nobwba;1;FEMALE;FEMALE;NEUTRAL;dw#innhl;NOBWBAZ;None;None;wtrunsgt;;;;;;;;;;15;cdtweaks;Noblewoman
NOWBAXB1;HUMANOID;HUMAN;INNOCENT;NOBLE_WOMAN;None;nobwba;1;FEMALE;FEMALE;NEUTRAL;dw#innhl;NOBWBAZ;None;None;wtrunsgt;;;;;;;;;;15;cdtweaks;Noblewoman
NOWBAXB2;HUMANOID;HUMAN;INNOCENT;NOBLE_WOMAN;None;nobwba;1;FEMALE;FEMALE;NEUTRAL;dw#innhl;NOBWBAZ;None;None;wtrunsgt;;;;;;;;;;15;cdtweaks;Noblewoman
NOWBAXB3;HUMANOID;HUMAN;INNOCENT;NOBLE_WOMAN;None;nobwba;1;FEMALE;FEMALE;NEUTRAL;dw#innhl;NOBWBAZ;None;None;wtrunsgt;;;;;;;;;;15;cdtweaks;Noblewoman
NOWBAXB4;HUMANOID;HUMAN;INNOCENT;NOBLE_WOMAN;None;nobwba;1;FEMALE;FEMALE;NEUTRAL;dw#innhl;NOBWBAZ;None;None;wtrunsgt;;;;;;;;;;15;cdtweaks;Noblewoman
NOWBAXC2;HUMANOID;HUMAN;INNOCENT;NOBLE_WOMAN;None;nobwba;1;FEMALE;FEMALE;NEUTRAL;dw#innhl;NOBWBAZ;None;None;wtrunsgt;;;;;;;;;;15;cdtweaks;Noblewoman
NOWBAXC3;HUMANOID;HUMAN;INNOCENT;NOBLE_WOMAN;None;nobwba;1;FEMALE;FEMALE;NEUTRAL;dw#innhl;NOBWBAZ;None;None;wtrunsgt;;;;;;;;;;15;cdtweaks;Noblewoman
NOWBAXC4;HUMANOID;HUMAN;INNOCENT;NOBLE_WOMAN;None;nobwba;1;FEMALE;FEMALE;NEUTRAL;dw#innhl;NOBWBAZ;None;None;wtrunsgt;;;;;;;;;;15;cdtweaks;Noblewoman
NOWBAXD1;HUMANOID;HUMAN;INNOCENT;NOBLE_WOMAN;None;nobwba;1;FEMALE;FEMALE;NEUTRAL;dw#innhl;NOBWBAZ;None;None;wtrunsgt;;;;;;;;;;15;cdtweaks;Noblewoman
NOWBAXD2;HUMANOID;HUMAN;INNOCENT;NOBLE_WOMAN;None;nobwba;1;FEMALE;FEMALE;NEUTRAL;dw#innhl;NOBWBAZ;None;None;wtrunsgt;;;;;;;;;;15;cdtweaks;Noblewoman
NOWBAXD3;HUMANOID;HUMAN;INNOCENT;NOBLE_WOMAN;None;nobwba;1;FEMALE;FEMALE;NEUTRAL;dw#innhl;NOBWBAZ;None;None;wtrunsgt;;;;;;;;;;15;cdtweaks;Noblewoman
NOWBAXD4;HUMANOID;HUMAN;INNOCENT;NOBLE_WOMAN;None;nobwba;1;FEMALE;FEMALE;NEUTRAL;dw#innhl;NOBWBAZ;None;None;wtrunsgt;;;;;;;;;;15;cdtweaks;Noblewoman
NOWBAXD5;HUMANOID;HUMAN;INNOCENT;NOBLE_WOMAN;None;nobwba;1;FEMALE;FEMALE;NEUTRAL;dw#innhl;NOBWBAZ;None;None;wtrunsgt;;;;;;;;;;15;cdtweaks;Noblewoman
NOWBAXD6;HUMANOID;HUMAN;INNOCENT;NOBLE_WOMAN;None;nobwba;1;FEMALE;FEMALE;NEUTRAL;dw#innhl;NOBWBAZ;None;None;wtrunsgt;;;;;;;;;;15;cdtweaks;Noblewoman
NOWBAXE1;HUMANOID;HUMAN;INNOCENT;NOBLE_WOMAN;None;nobwba;1;FEMALE;FEMALE;NEUTRAL;dw#innhl;NOBWBAZ;None;None;wtrunsgt;;;;;;;;;;15;cdtweaks;Noblewoman
NOWBAXE2;HUMANOID;HUMAN;INNOCENT;NOBLE_WOMAN;None;nobwba;1;FEMALE;FEMALE;NEUTRAL;dw#innhl;NOBWBAZ;None;None;wtrunsgt;;;;;;;;;;15;cdtweaks;Noblewoman
NOWBAXE3;HUMANOID;HUMAN;INNOCENT;NOBLE_WOMAN;None;nobwba;1;FEMALE;FEMALE;NEUTRAL;dw#innhl;NOBWBAZ;None;None;wtrunsgt;;;;;;;;;;15;cdtweaks;Noblewoman
NOWBAXE5;HUMANOID;HUMAN;INNOCENT;NOBLE_WOMAN;None;nobwba;1;FEMALE;FEMALE;NEUTRAL;dw#innhl;NOBWBAZ;None;None;wtrunsgt;;;;;;;;;;15;cdtweaks;Noblewoman
PNASHK1;HUMANOID;HUMAN;INNOCENT;PEASANT_MAN;None;PNASHK;0;MALE;MALE;NEUTRAL;dw#innhl;None;None;None;WTRUNSGT;;;;;;;;;;7;cdtweaks;Performer
POGHM11;HUMANOID;HUMAN;INNOCENT;MAGE_MALE_HUMAN;None;POGHM7;3;MALE;MALE;NEUTRAL;dw#urbhl;;None;None;dw1melge;;;;;;;;;;175;cdtweaks;Priest of Oghma
POGHM12;HUMANOID;HUMAN;INNOCENT;MAGE_MALE_HUMAN;None;POGHM10;3;MALE;MALE;NEUTRAL;dw#urbhl;None;None;None;dw1melge;;;;;;;;;;175;cdtweaks;Priest of Oghma
POGHM13;HUMANOID;HUMAN;INNOCENT;MAGE_MALE_HUMAN;None;POGHM7;3;MALE;MALE;NEUTRAL;dw#urbhl;;None;None;dw1melge;;;;;;;;;;175;cdtweaks;Priest of Oghma
POGHM14;HUMANOID;HUMAN;INNOCENT;MAGE_MALE_HUMAN;None;POGHM7;3;MALE;MALE;NEUTRAL;dw#urbhl;;None;None;dw1melge;;;;;;;;;;175;cdtweaks;Priest of Oghma
POGHM15;HUMANOID;HUMAN;INNOCENT;MAGE_MALE_HUMAN;None;POGHM10;3;MALE;MALE;NEUTRAL;dw#urbhl;None;None;None;dw1melge;;;;;;;;;;175;cdtweaks;Priest of Oghma
POGHM16;HUMANOID;HUMAN;INNOCENT;MAGE_MALE_HUMAN;None;POGHM7;3;MALE;MALE;NEUTRAL;dw#urbhl;;None;None;dw1melge;;;;;;;;;;175;cdtweaks;Priest of Oghma
PROSLAY1;HUMANOID;HUMAN;INNOCENT;SLEEPING_WOMAN_HUMAN;None;PROSLA;0;FEMALE;FEMALE;NEUTRAL;dw#innhl;None;None;None;None;;;;;;;;;;15;cdtweaks;Courtesan
PROSLAY2;HUMANOID;HUMAN;INNOCENT;SLEEPING_WOMAN_HUMAN;None;PROSLA;0;FEMALE;FEMALE;NEUTRAL;dw#innhl;None;None;None;None;;;;;;;;;;15;cdtweaks;Courtesan
PROSLAY3;HUMANOID;HUMAN;INNOCENT;SLEEPING_WOMAN_HUMAN;None;PROSLA;0;FEMALE;FEMALE;NEUTRAL;dw#innhl;None;None;None;None;;;;;;;;;;15;cdtweaks;Courtesan
PROSLAY4;HUMANOID;HUMAN;INNOCENT;SLEEPING_WOMAN_HUMAN;None;PROSLA;0;FEMALE;FEMALE;NEUTRAL;dw#innhl;None;None;None;None;;;;;;;;;;15;cdtweaks;Courtesan
PROST10;HUMANOID;HUMAN;INNOCENT;HARLOT_WOMAN;harlot;prost5;0;FEMALE;FEMALE;NEUTRAL;dw#innhl;RUNENEMY;None;None;WDRUNSGT;;;;;;;;;;15;cdtweaks;Courtesan
PROST11;HUMANOID;HUMAN;INNOCENT;HARLOT_WOMAN;harlot;prost6;0;FEMALE;FEMALE;NEUTRAL;dw#innhl;RUNENEMY;None;None;WDRUNSGT;;;;;;;;;;15;cdtweaks;Courtesan
PROST12;HUMANOID;HUMAN;INNOCENT;HARLOT_WOMAN;harlot;prost5;0;FEMALE;FEMALE;NEUTRAL;dw#innhl;RUNENEMY;None;None;WDRUNSGT;;;;;;;;;;15;cdtweaks;Courtesan
PROST13;HUMANOID;HUMAN;INNOCENT;HARLOT_WOMAN;harlot;prost6;0;FEMALE;FEMALE;NEUTRAL;dw#innhl;RUNENEMY;None;None;WDRUNSGT;;;;;;;;;;15;cdtweaks;Courtesan
PROST14;HUMANOID;HUMAN;INNOCENT;HARLOT_WOMAN;harlot;prost6;0;FEMALE;FEMALE;NEUTRAL;dw#innhl;RUNENEMY;None;None;WDRUNSGT;;;;;;;;;;15;cdtweaks;Courtesan
PROST15;HUMANOID;HUMAN;INNOCENT;HARLOT_WOMAN;harlot;prost5;0;FEMALE;FEMALE;NEUTRAL;dw#innhl;RUNENEMY;None;None;WDRUNSGT;;;;;;;;;;15;cdtweaks;Courtesan
PROST16;HUMANOID;HUMAN;INNOCENT;HARLOT_WOMAN;harlot;prost4;0;FEMALE;FEMALE;NEUTRAL;dw#innhl;RUNENEMY;None;None;WDRUNSGT;;;;;;;;;;15;cdtweaks;Courtesan
PROST17;HUMANOID;HUMAN;INNOCENT;HARLOT_WOMAN;harlot;prost5;0;FEMALE;FEMALE;NEUTRAL;dw#innhl;RUNENEMY;None;None;WDRUNSGT;;;;;;;;;;15;cdtweaks;Courtesan
PROST18;HUMANOID;HUMAN;INNOCENT;HARLOT_WOMAN;harlot;prost6;0;FEMALE;FEMALE;NEUTRAL;dw#innhl;RUNENEMY;None;None;WDRUNSGT;;;;;;;;;;15;cdtweaks;Courtesan
PROST19;HUMANOID;HUMAN;INNOCENT;HARLOT_WOMAN;harlot;prost6;0;FEMALE;FEMALE;NEUTRAL;dw#innhl;RUNENEMY;None;None;WDRUNSGT;;;;;;;;;;15;cdtweaks;Courtesan
PROST20;HUMANOID;HUMAN;INNOCENT;HARLOT_WOMAN;harlot;prost7;0;FEMALE;FEMALE;NEUTRAL;dw#innhl;RUNENEMY;None;None;WDRUNSGT;;;;;;;;;;15;cdtweaks;Courtesan
PROST21;HUMANOID;HUMAN;INNOCENT;HARLOT_WOMAN;harlot;prost7;0;FEMALE;FEMALE;NEUTRAL;dw#innhl;RUNENEMY;None;None;WDRUNSGT;;;;;;;;;;15;cdtweaks;Courtesan
PROST22;HUMANOID;HUMAN;INNOCENT;HARLOT_WOMAN;harlot;prost7;0;FEMALE;FEMALE;NEUTRAL;dw#innhl;RUNENEMY;None;None;WDRUNSGT;;;;;;;;;;15;cdtweaks;Courtesan
PROST23;HUMANOID;HUMAN;INNOCENT;HARLOT_WOMAN;harlot;prost7;0;FEMALE;FEMALE;NEUTRAL;dw#innhl;RUNENEMY;None;None;WDRUNSGT;;;;;;;;;;15;cdtweaks;Courtesan
PROST24;HUMANOID;HUMAN;INNOCENT;HARLOT_WOMAN;harlot;prost7;0;FEMALE;FEMALE;NEUTRAL;dw#innhl;RUNENEMY;None;None;WDRUNSGT;;;;;;;;;;15;cdtweaks;Courtesan
PROST25;HUMANOID;HUMAN;INNOCENT;HARLOT_WOMAN;harlot;prost7;0;FEMALE;FEMALE;NEUTRAL;dw#innhl;RUNENEMY;None;None;WDRUNSGT;;;;;;;;;;15;cdtweaks;Courtesan
PROST26;HUMANOID;HUMAN;INNOCENT;HARLOT_WOMAN;harlot;prost8;0;FEMALE;FEMALE;NEUTRAL;dw#innhl;RUNENEMY;None;None;WDRUNSGT;;;;;;;;;;15;cdtweaks;Courtesan
PROST27;HUMANOID;HUMAN;INNOCENT;HARLOT_WOMAN;harlot;prost8;0;FEMALE;FEMALE;NEUTRAL;dw#innhl;RUNENEMY;None;None;WDRUNSGT;;;;;;;;;;15;cdtweaks;Courtesan
PROST9;HUMANOID;HUMAN;INNOCENT;HARLOT_WOMAN;harlot;prost4;0;FEMALE;FEMALE;NEUTRAL;dw#innhl;RUNENEMY;None;None;WDRUNSGT;;;;;;;;;;15;cdtweaks;Courtesan
PRSBAXA1;HUMANOID;HUMAN;INNOCENT;STATIC_HARLOT_WOMAN;None;PROST1;0;FEMALE;FEMALE;NEUTRAL;dw#innhl;None;None;None;None;;;;;;;;;;15;cdtweaks;Courtesan
PRSBAXB1;HUMANOID;HUMAN;INNOCENT;STATIC_HARLOT_WOMAN;None;PROST1;0;FEMALE;FEMALE;NEUTRAL;dw#innhl;None;None;None;None;;;;;;;;;;15;cdtweaks;Courtesan
PRSBAXB2;HUMANOID;HUMAN;INNOCENT;STATIC_HARLOT_WOMAN;None;PROST1;0;FEMALE;FEMALE;NEUTRAL;dw#innhl;None;None;None;None;;;;;;;;;;15;cdtweaks;Courtesan
PRSBAXC1;HUMANOID;HUMAN;INNOCENT;STATIC_HARLOT_WOMAN;None;PROST1;0;FEMALE;FEMALE;NEUTRAL;dw#innhl;None;None;None;None;;;;;;;;;;15;cdtweaks;Courtesan
PRSBAXC2;HUMANOID;HUMAN;INNOCENT;STATIC_HARLOT_WOMAN;None;PROST1;0;FEMALE;FEMALE;NEUTRAL;dw#innhl;None;None;None;None;;;;;;;;;;15;cdtweaks;Courtesan
PRSBAXC3;HUMANOID;HUMAN;INNOCENT;STATIC_HARLOT_WOMAN;None;PROST1;0;FEMALE;FEMALE;NEUTRAL;dw#innhl;None;None;None;None;;;;;;;;;;15;cdtweaks;Courtesan
PRSBAXC4;HUMANOID;HUMAN;INNOCENT;STATIC_HARLOT_WOMAN;None;PROST1;0;FEMALE;FEMALE;NEUTRAL;dw#innhl;None;None;None;None;;;;;;;;;;15;cdtweaks;Courtesan
PRSBAXC5;HUMANOID;HUMAN;INNOCENT;STATIC_HARLOT_WOMAN;None;PROST1;0;FEMALE;FEMALE;NEUTRAL;dw#innhl;None;None;None;None;;;;;;;;;;15;cdtweaks;Courtesan
PRS_A1;HUMANOID;HUMAN;INNOCENT;STATIC_HARLOT_WOMAN;None;PROST1;0;FEMALE;FEMALE;NEUTRAL;dw#innhl;None;None;None;None;;;;;;;;;;15;cdtweaks;Courtesan
PUMBER1;HUMANOID;HUMAN;CLERIC;CLERIC_FEMALE_HUMAN;None;PUMBER2;3;FEMALE;FEMALE;NEUTRAL;dw#gpsht;;;;dw#pr55;;;;;;STAF01;;;;175;cdtweaks;Priestess of Umberlee
PUMBER3;HUMANOID;HUMAN;CLERIC;CLERIC_FEMALE_HUMAN;None;PUMBER2;3;FEMALE;FEMALE;NEUTRAL;dw#gpsht;;;;dw#pr55;;;;;;STAF01;;;;175;cdtweaks;Priestess of Umberlee
READ3_1;HUMANOID;HUMAN;INNOCENT;MONK;None;read3;1;MALE;MALE;NEUTRAL;dw#innhl;RUNENEMY;None;WTRUNSGT;WAIT;;;;;;;;;;15;cdtweaks;Reader
READ3_10;HUMANOID;HUMAN;INNOCENT;MONK;None;read3;1;MALE;MALE;NEUTRAL;dw#innhl;RUNENEMY;None;WTRUNSGT;WAIT;;;;;;;;;;15;cdtweaks;Reader
READ3_11;HUMANOID;HUMAN;INNOCENT;MONK;None;read3;1;MALE;MALE;NEUTRAL;dw#innhl;RUNENEMY;None;WTRUNSGT;WAIT;;;;;;;;;;15;cdtweaks;Reader
READ3_12;HUMANOID;HUMAN;INNOCENT;MONK;None;read3;1;MALE;MALE;NEUTRAL;dw#innhl;RUNENEMY;None;WTRUNSGT;WAIT;;;;;;;;;;15;cdtweaks;Reader
READ3_13;HUMANOID;HUMAN;INNOCENT;MONK;None;read3;1;MALE;MALE;NEUTRAL;dw#innhl;RUNENEMY;None;WTRUNSGT;WAIT;;;;;;;;;;15;cdtweaks;Reader
READ3_2;HUMANOID;HUMAN;INNOCENT;MONK;None;read3;1;MALE;MALE;NEUTRAL;dw#innhl;RUNENEMY;None;WTRUNSGT;WAIT;;;;;;;;;;15;cdtweaks;Reader
READ3_3;HUMANOID;HUMAN;INNOCENT;MONK;None;read3;1;MALE;MALE;NEUTRAL;dw#innhl;RUNENEMY;None;WTRUNSGT;WAIT;;;;;;;;;;15;cdtweaks;Reader
READ3_4;HUMANOID;HUMAN;INNOCENT;MONK;None;read3;1;MALE;MALE;NEUTRAL;dw#innhl;RUNENEMY;None;WTRUNSGT;WAIT;;;;;;;;;;15;cdtweaks;Reader
READ3_5;HUMANOID;HUMAN;INNOCENT;MONK;None;read3;1;MALE;MALE;NEUTRAL;dw#innhl;RUNENEMY;None;WTRUNSGT;WAIT;;;;;;;;;;15;cdtweaks;Reader
READ3_6;HUMANOID;HUMAN;INNOCENT;MONK;None;read3;1;MALE;MALE;NEUTRAL;dw#innhl;RUNENEMY;None;WTRUNSGT;WAIT;;;;;;;;;;15;cdtweaks;Reader
READ3_7;HUMANOID;HUMAN;INNOCENT;MONK;None;read3;1;MALE;MALE;NEUTRAL;dw#innhl;RUNENEMY;None;WTRUNSGT;WAIT;;;;;;;;;;15;cdtweaks;Reader
READ3_8;HUMANOID;HUMAN;INNOCENT;MONK;None;read3;1;MALE;MALE;NEUTRAL;dw#innhl;RUNENEMY;None;WTRUNSGT;WAIT;;;;;;;;;;15;cdtweaks;Reader
READ3_9;HUMANOID;HUMAN;INNOCENT;MONK;None;read3;1;MALE;MALE;NEUTRAL;dw#innhl;RUNENEMY;None;WTRUNSGT;WAIT;;;;;;;;;;15;cdtweaks;Reader
SLAV1_1;HUMANOID;HUMAN;INNOCENT;SLAVE;cmslave;slave;0;MALE;MALE;NEUTRAL;SLAVE;RUNENEMY;None;None;dw1melge;;;;;;;;;;7;cdtweaks;Slave
SLAV1_2;HUMANOID;HUMAN;INNOCENT;SLAVE;cmslave;slave;0;MALE;MALE;NEUTRAL;SLAVE;RUNENEMY;None;None;dw1melge;;;;;;;;;;7;cdtweaks;Slave
SLAV1_3;HUMANOID;HUMAN;INNOCENT;SLAVE;cmslave;slave;0;MALE;MALE;NEUTRAL;SLAVE;RUNENEMY;None;None;dw1melge;;;;;;;;;;7;cdtweaks;Slave
SMITH1;HUMANOID;HUMAN;INNOCENT;FAT_MAN;None;smith;1;MALE;MALE;NEUTRAL;dw#innhl;WTRUNSGT;None;None;None;;;;;;;;;;15;cdtweaks;Smith
SMITH2;HUMANOID;HUMAN;INNOCENT;FAT_MAN;None;smith;1;MALE;MALE;NEUTRAL;dw#innhl;WTRUNSGT;None;None;None;;;;;;;;;;15;cdtweaks;Smith
THIEF10;HUMANOID;HUMAN;THIEF;THIEF_MALE_HUMAN;thief;ThiefM;5;MALE;MALE;NEUTRAL;dw#gpsht;RR#PICKP;None;None;dw1melth;;;;;;SW1H04;;;;95;cdtweaks;Rogue
THIEF11;HUMANOID;HUMAN;THIEF;THIEF_MALE_HUMAN;thief;ThiefM;5;MALE;MALE;NEUTRAL;dw#gpsht;RR#PICKP;None;None;dw1melth;;;;;;SW1H04;;;;95;cdtweaks;Rogue
THIEF12;HUMANOID;HUMAN;THIEF;THIEF_MALE_HUMAN;thief;ThiefM;5;MALE;MALE;NEUTRAL;dw#gpsht;RR#PICKP;None;None;dw1melth;;;;;;SW1H04;;;;95;cdtweaks;Rogue
THIEF9;HUMANOID;HUMAN;THIEF;THIEF_MALE_HUMAN;thief;ThiefM;5;MALE;MALE;NEUTRAL;dw#gpsht;RR#PICKP;None;None;dw1melth;;;;;;SW1H04;;;;95;cdtweaks;Rogue
THIEFG1;HUMANOID;HUMAN;THIEF;THIEF_MALE_HUMAN;thiefg;thiefg;5;MALE;MALE;NEUTRAL;RR#PICKP;thiefg;None;None;dw1melth;;;;;;SW1H04;;;;95;cdtweaks;Rogue
THIEFG2;HUMANOID;HUMAN;THIEF;THIEF_MALE_HUMAN;thiefg;thiefg;5;MALE;MALE;NEUTRAL;RR#PICKP;thiefg;None;None;dw1melth;;;;;;SW1H04;;;;95;cdtweaks;Rogue
THIEFG3;HUMANOID;HUMAN;THIEF;THIEF_MALE_HUMAN;thiefg;thiefg;5;MALE;MALE;NEUTRAL;RR#PICKP;thiefg;None;None;dw1melth;;;;;;SW1H04;;;;95;cdtweaks;Rogue
WATCH10;HUMANOID;HUMAN;CANDLEKEEP_WATCHER;FIGHTER_MALE_HUMAN;None;WATCH;3;MALE;MALE;NEUTRAL;dw#urbhl;WATCHER;SEEENEMY;None;dw1melge;HELM10;;;;;STAF01;;;;175;cdtweaks;Watcher
WATCH11;HUMANOID;HUMAN;CANDLEKEEP_WATCHER;FIGHTER_MALE_HUMAN;None;WATCH;3;MALE;MALE;NEUTRAL;dw#urbhl;WATCHER;SEEENEMY;None;dw1melge;HELM10;;;;;STAF01;;;;175;cdtweaks;Watcher
WATCH12;HUMANOID;HUMAN;CANDLEKEEP_WATCHER;FIGHTER_MALE_HUMAN;None;WATCH;3;MALE;MALE;NEUTRAL;dw#urbhl;WATCHER;SEEENEMY;None;dw1melge;HELM10;;;;;STAF01;;;;175;cdtweaks;Watcher
WATCH13;HUMANOID;HUMAN;CANDLEKEEP_WATCHER;FIGHTER_MALE_HUMAN;None;WATCH;3;MALE;MALE;NEUTRAL;dw#urbhl;WATCHER;SEEENEMY;None;dw1melge;HELM10;;;;;STAF01;;;;175;cdtweaks;Watcher
WATCH14;HUMANOID;HUMAN;CANDLEKEEP_WATCHER;FIGHTER_MALE_HUMAN;None;WATCH;3;MALE;MALE;NEUTRAL;dw#urbhl;WATCHER;SEEENEMY;None;dw1melge;HELM10;;;;;STAF01;;;;175;cdtweaks;Watcher
WATCH15;HUMANOID;HUMAN;CANDLEKEEP_WATCHER;FIGHTER_MALE_HUMAN;None;WATCH9;3;MALE;MALE;NEUTRAL;dw#urbhl;None;SEEENEMY;None;dw1melge;HELM10;;;;;STAF01;;;;15;cdtweaks;Watcher
WATCH6_1;HUMANOID;HUMAN;CANDLEKEEP_WATCHER;FIGHTER_MALE_HUMAN;WATCH6;WATCH6;3;MALE;MALE;NEUTRAL;dw#urbhl;INITDLG;SEEENEMY;None;dw1melge;HELM10;;;;;STAF01;;;;15;cdtweaks;Watcher
WATCH6_2;HUMANOID;HUMAN;CANDLEKEEP_WATCHER;FIGHTER_MALE_HUMAN;WATCH6;WATCH6;3;MALE;MALE;NEUTRAL;dw#urbhl;INITDLG;SEEENEMY;None;dw1melge;HELM10;;;;;STAF01;;;;15;cdtweaks;Watcher
WATCH6_3;HUMANOID;HUMAN;CANDLEKEEP_WATCHER;FIGHTER_MALE_HUMAN;WATCH6;WATCH6;3;MALE;MALE;NEUTRAL;dw#urbhl;INITDLG;SEEENEMY;None;dw1melge;HELM10;;;;;STAF01;;;;15;cdtweaks;Watcher
WATCH6_4;HUMANOID;HUMAN;CANDLEKEEP_WATCHER;FIGHTER_MALE_HUMAN;WATCH6;WATCH6;3;MALE;MALE;NEUTRAL;dw#urbhl;INITDLG;SEEENEMY;None;dw1melge;HELM10;;;;;STAF01;;;;15;cdtweaks;Watcher
WATCH6_5;HUMANOID;HUMAN;CANDLEKEEP_WATCHER;FIGHTER_MALE_HUMAN;WATCH6;WATCH6;3;MALE;MALE;NEUTRAL;dw#urbhl;INITDLG;SEEENEMY;None;dw1melge;HELM10;;;;;STAF01;;;;15;cdtweaks;Watcher
WATCH6_6;HUMANOID;HUMAN;CANDLEKEEP_WATCHER;FIGHTER_MALE_HUMAN;WATCH6;WATCH6;3;MALE;MALE;NEUTRAL;dw#urbhl;INITDLG;SEEENEMY;None;dw1melge;HELM10;;;;;STAF01;;;;15;cdtweaks;Watcher
WATCH6_7;HUMANOID;HUMAN;CANDLEKEEP_WATCHER;FIGHTER_MALE_HUMAN;WATCH6;WATCH6;3;MALE;MALE;NEUTRAL;dw#urbhl;INITDLG;SEEENEMY;None;dw1melge;HELM10;;;;;STAF01;;;;15;cdtweaks;Watcher
WATCH6_8;HUMANOID;HUMAN;CANDLEKEEP_WATCHER;FIGHTER_MALE_HUMAN;WATCH6;WATCH6;3;MALE;MALE;NEUTRAL;dw#urbhl;INITDLG;SEEENEMY;None;dw1melge;HELM10;;;;;STAF01;;;;15;cdtweaks;Watcher
