file;general;race;class;anim;deathvar;dialog;origin;level;sex;allegiance;name;summon;MonsterId;ValidatedMonsterId
0XCOM1DG;HUMANOID;FAIRY;0;THIEF_MALE_ELF;0XCOM1DG;0XCOM1DG;TOTDG;0;;;Man;;;
0XCOM2DG;HUMANOID;FAIRY;0;THIEF_MALE_ELF;0XCOM2DG;0XCOM2DG;TOTDG;0;;;Man;;;
0XCOM3DG;HUMANOID;FAIRY;0;THIEF_MALE_ELF;0XCOM3DG;0XCOM3DG;TOTDG;0;;;Man;;;
0XCOM4DG;HUMANOID;FAIRY;0;THIEF_MALE_ELF;0XCOM4DG;0XCOM4DG;TOTDG;0;;;Man;;;
0XCOM5DG;HUMANOID;FAIRY;0;THIEF_MALE_ELF;0XCOM5DG;0XCOM5DG;TOTDG;0;;;Man;;;
0XDREADG;HUMANOID;FAIRY;0;RAKSHASA;0XDREADG;0XDREADG;TOTDG;0;;;Colour's Dream;;;
0XGOLDG;HUMANOID;MEPHIT;MEPHIT;IMP;0XGOLDG;0XGOLDG;TOTDG;3;;;Envious Gold;;;
0XGREDG;MONSTER;SLIME;MUSTARD_JELLY;SLIME_MUSTARD;0XGREDG;0XGREDG;TOTDG;7;;;Living Green;;MustardJelly;false
0XGUIDG;HUMANOID;FAIRY;0;THIEF_MALE_ELF;0XGUIDG;0XGUIDG;TOTDG;0;;;Marble Gaze;;;
0XINDG;HUMANOID;FAIRY;0;THIEF_MALE_ELF;0XINDG;0XINDG;TOTDG;0;;;Man;;;
0XLOV1DG;HUMANOID;FAIRY;0;THIEF_MALE_ELF;0XLOV1DG;0XLOV1DG;TOTDG;0;;;Gentle Touch;;;
0XLOV2DG;HUMANOID;FAIRY;0;THIEF_FEMALE_ELF;0XLOV2DG;0XLOV2DG;TOTDG;0;;;Temper Touch;;;
0XM1DG;HUMANOID;FAIRY;0;THIEF_MALE_ELF;0XM1DG;0XM1DG;TOTDG;0;;;Hooded Alchemist;;;
0XM2DG;HUMANOID;FAIRY;0;THIEF_MALE_ELF;0XM2DG;0XM2DG;TOTDG;0;;;Hooded Keeper;;;
0XMANDG;HUMANOID;FAIRY;0;THIEF_MALE_ELF;0XMANDG;0XMANDG;TOTDG;0;;;Troubled man;;;
0XPRIDG;HUMANOID;FAIRY;0;MONK;0XPRIDG;0XPRIDG;TOTDG;0;;;Hooded Priest;;;
0XREDDG;GIANTHUMANOID;GOLEM;ELEMENTAL_FIRE;BURNING_MAN;0XREDDG;0XREDDG;TOTDG;16;;;Wrathful Red;;;
0XSILDG;GIANTHUMANOID;GOLEM;GOLEM_IRON;GOLEM_IRON;0XSILDG;0XSILDG;TOTDG;18;;;Silver Monument;;IronGolem;false
0XSTDG;HUMANOID;FAIRY;0;THIEF_FEMALE_ELF;0XSTDG;0XSTDG;TOTDG;0;;;Silvertongue;;;
0XTHI2DG;HUMANOID;FAIRY;0;THIEF_FEMALE_ELF;0XTHI2DG;0XTHI2DG;TOTDG;0;;;Woman;;;
0XUDDG;UNDEAD;SKELETON;SKELETON;SKELETON;0XUDDG;0XUDDG;TOTDG;6;;;Skeleton;;Skeleton;false
0XYHDG;UNDEAD;SKELETON;SKELETON;SKELETON;0XYHDG;0XYHDG;TOTDG;3;;;Gray Victim;;Skeleton;false
9XDAD;HUMANOID;LEATHER;NO_CLASS;PEASANT_MAN;9XDAD;NONE;INNERSHADE;1;;;Man;;;
9XDOG;ANIMAL;WOLF;HUNTER_CREATURE;WOLF;9XDOG;9XDOG;INNERSHADE;3;;;Dog;;Wolf;false
9XE1;HUMANOID;HUMAN;WRAITH;FIGHTER_MALE_HALFLING;9XE1;9XENEMY;INNERSHADE;1;;;Shapeshifting Creature;;;
9XE2;HUMANOID;HUMAN;SPECTRE;BEGGAR_MAN;9XE2;9XENEMY;INNERSHADE;1;;;Shapeshifting Creature;;;
9XE3;HUMANOID;HUMAN;SPECTRE;GHAST;9XE3;9XENEMY;INNERSHADE;1;;;Shapeshifting Creature;;;
9XE4;HUMANOID;HUMAN;SPECTRE;SHADOW_LARGE;9XE4;9XENEMY;INNERSHADE;1;;;Shapeshifting Creature;;;
9XE5;HUMANOID;HUMAN;SPECTRE;ELEMENTAL_FIRE_PURPLE;9XE5;9XENEMY;INNERSHADE;1;;;Shapeshifting Creature;;;
9XE6;HUMANOID;HUMAN;SPECTRE;FIGHTER_MALE_HALFLING;9XE6;9XENEMY;INNERSHADE;1;;;Shapeshifting Creature;;;
9XE7;HUMANOID;HUMAN;SPECTRE;RAKSHASA;9XE7;9XENEMY;INNERSHADE;1;;;The Dream;;;
9XEA;UNDEAD;SHADOW;FIGHTER;SHADOW_LARGE;9XEA;9XPIECE;INNERSHADE;11;;;Piece of Nightmare;;GreaterShadow;false
9XEB;UNDEAD;SHADOW;FIGHTER;SHADOW_LARGE;9XEB;9XPIECE;INNERSHADE;11;;;Piece of Nightmare;;GreaterShadow;false
9XEC;UNDEAD;SHADOW;FIGHTER;SHADOW_LARGE;9XEC;9XPIECE;INNERSHADE;11;;;Piece of Nightmare;;GreaterShadow;false
9XED;UNDEAD;SHADOW;FIGHTER;SHADOW_LARGE;9XED;9XPIECE;INNERSHADE;11;;;Piece of Nightmare;;GreaterShadow;false
9XEE;UNDEAD;SHADOW;FIGHTER;SHADOW_LARGE;9XEE;9XPIECE;INNERSHADE;11;;;Piece of Nightmare;;GreaterShadow;false
9XGENIE;GIANTHUMANOID;GENIE;GENIE_DAO;DJINNI;9XGENIE;9XGENIE;INNERSHADE;5;;;Genie;;;
A#FERA01;ANIMAL;DOG;DOG_WILD;DOG_WILD;;;ub;1;;CONTROLLED;Wild Dog;true;WildDog;false
A#FERA02;ANIMAL;WOLF;WOLF;WOLF;None;;ub;3;;CONTROLLED;Wolf;true;Wolf;false
A#FERA03;ANIMAL;WOLF;WOLF_DIRE;WOLF_DIRE;None;;ub;4;;CONTROLLED;Dire Wolf;true;DireWolf;false
A#FERA04;ANIMAL;WOLF;WOLF_DIRE;WOLF_DIRE;None;;ub;4;;CONTROLLED;Pack Leader;true;DireWolf;false
A7!GLAD1;GIANTHUMANOID;GOLEM;GOLEM_IRON;A7!GOLEM_IRON_MINI;a7!glad1;a7!cmd;A7-GOLEMCONSTRUCTION;18;;;Lesser Adamantite Golem;;IronGolem;false
A7!GLAD1;GIANTHUMANOID;GOLEM;GOLEM_IRON;A7!GOLEM_IRON_MINI;a7!glad1;a7!cmd;A7-GolemConstruction;18;;;Lesser Adamantite Golem;;IronGolem;false
A7!GLAD2;GIANTHUMANOID;GOLEM;GOLEM_IRON;GOLEM_IRON;a7!glad2;a7!cmd;A7-GOLEMCONSTRUCTION;18;;;Adamantite Golem;;IronGolem;false
A7!GLAD2;GIANTHUMANOID;GOLEM;GOLEM_IRON;GOLEM_IRON;a7!glad2;a7!cmd;A7-GolemConstruction;18;;;Adamantite Golem;;IronGolem;false
A7!GLAD3;GIANTHUMANOID;GOLEM;GOLEM_IRON;GOLEM_IRON;a7!glad3;a7!cmd;A7-GOLEMCONSTRUCTION;18;;;Greater Adamantite Golem;;IronGolem;false
A7!GLAD3;GIANTHUMANOID;GOLEM;GOLEM_IRON;GOLEM_IRON;a7!glad3;a7!cmd;A7-GolemConstruction;18;;;Greater Adamantite Golem;;IronGolem;false
A7!GLAD4;GIANTHUMANOID;GOLEM;GOLEM_IRON;GOLEM_IRON;a7!glad4;a7!cmd;A7-GOLEMCONSTRUCTION;18;;;Perfect Adamantite Golem;;IronGolem;false
A7!GLAD4;GIANTHUMANOID;GOLEM;GOLEM_IRON;GOLEM_IRON;a7!glad4;a7!cmd;A7-GolemConstruction;18;;;Perfect Adamantite Golem;;IronGolem;false
A7!GLBD;HUMANOID;GOLEM;SKELETON;A7!GOLEM_BONE_DOLL;a7!glbd;a7!cmd3;A7-GolemConstruction;6;;;Bone Doll;;;
A7!GLBO;GIANTHUMANOID;GOLEM;GOLEM_STONE;SKELETON_FIEND;a7!glbo;a7!cmd;A7-GOLEMCONSTRUCTION;14;;;Bone Golem;;BoneGolem;false
A7!GLBO;GIANTHUMANOID;GOLEM;GOLEM_STONE;SKELETON_FIEND;a7!glbo;a7!cmd;A7-GolemConstruction;14;;;Bone Golem;;BoneGolem;false
A7!GLBR;GIANTHUMANOID;GOLEM;GOLEM_CLAY;A7!GOLEM_BRAIN;a7!glbr;a7!cmd;A7-GOLEMCONSTRUCTION;12;;;Brain Golem;;ClayGolem;false
A7!GLBR;GIANTHUMANOID;GOLEM;GOLEM_CLAY;A7!GOLEM_BRAIN;a7!glbr;a7!cmd;A7-GolemConstruction;12;;;Brain Golem;;ClayGolem;false
A7!GLCL1;GIANTHUMANOID;GOLEM;GOLEM_CLAY;GOLEM_MINI;a7!glcl1;a7!cmd2;A7-GOLEMCONSTRUCTION;9;;;Lesser Clay Golem;;ClayGolem;false
A7!GLCL1;GIANTHUMANOID;GOLEM;GOLEM_CLAY;GOLEM_MINI;a7!glcl1;a7!cmd2;A7-GolemConstruction;9;;;Lesser Clay Golem;;ClayGolem;false
A7!GLCL2;GIANTHUMANOID;GOLEM;GOLEM_CLAY;GOLEM_CLAY;a7!glcl2;a7!cmd;A7-GOLEMCONSTRUCTION;9;;;Clay Golem;;ClayGolem;false
A7!GLCL2;GIANTHUMANOID;GOLEM;GOLEM_CLAY;GOLEM_CLAY;a7!glcl2;a7!cmd;A7-GolemConstruction;9;;;Clay Golem;;ClayGolem;false
A7!GLCL3;GIANTHUMANOID;GOLEM;GOLEM_CLAY;GOLEM_CLAY;a7!glcl3;a7!cmd;A7-GOLEMCONSTRUCTION;9;;;Greater Clay Golem;;ClayGolem;false
A7!GLCL3;GIANTHUMANOID;GOLEM;GOLEM_CLAY;GOLEM_CLAY;a7!glcl3;a7!cmd;A7-GolemConstruction;9;;;Greater Clay Golem;;ClayGolem;false
A7!GLCL4;GIANTHUMANOID;GOLEM;GOLEM_CLAY;GOLEM_CLAY;a7!glcl4;a7!cmd;A7-GOLEMCONSTRUCTION;9;;;Perfect Clay Golem;;ClayGolem;false
A7!GLCL4;GIANTHUMANOID;GOLEM;GOLEM_CLAY;GOLEM_CLAY;a7!glcl4;a7!cmd;A7-GolemConstruction;9;;;Perfect Clay Golem;;ClayGolem;false
A7!GLDO;HUMANOID;GOLEM;GOLEM_FLESH;A7!GOLEM_DOLL;a7!gldo;a7!cmd3;A7-GolemConstruction;6;;;Doll Golem;;FleshGolem;false
A7!GLFL1;GIANTHUMANOID;GOLEM;GOLEM_FLESH;A7!GOLEM_FLESH_PST_MINI;a7!glfl1;a7!cmd2;A7-GOLEMCONSTRUCTION;9;;;Lesser Flesh Golem;;FleshGolem;false
A7!GLFL1;GIANTHUMANOID;GOLEM;GOLEM_FLESH;A7!GOLEM_FLESH_PST_MINI;a7!glfl1;a7!cmd2;A7-GolemConstruction;9;;;Lesser Flesh Golem;;FleshGolem;false
A7!GLFL2;GIANTHUMANOID;GOLEM;GOLEM_FLESH;A7!GOLEM_FLESH_PST;a7!glfl2;a7!cmd;A7-GOLEMCONSTRUCTION;9;;;Flesh Golem;;FleshGolem;false
A7!GLFL2;GIANTHUMANOID;GOLEM;GOLEM_FLESH;A7!GOLEM_FLESH_PST;a7!glfl2;a7!cmd;A7-GolemConstruction;9;;;Flesh Golem;;FleshGolem;false
A7!GLFL3;GIANTHUMANOID;GOLEM;GOLEM_FLESH;A7!GOLEM_FLESH_PST;a7!glfl3;a7!cmd;A7-GOLEMCONSTRUCTION;9;;;Greater Flesh Golem;;FleshGolem;false
A7!GLFL3;GIANTHUMANOID;GOLEM;GOLEM_FLESH;A7!GOLEM_FLESH_PST;a7!glfl3;a7!cmd;A7-GolemConstruction;9;;;Greater Flesh Golem;;FleshGolem;false
A7!GLFL4;GIANTHUMANOID;GOLEM;GOLEM_FLESH;A7!GOLEM_FLESH_PST;a7!glfl4;a7!cmd;A7-GOLEMCONSTRUCTION;9;;;Perfect Flesh Golem;;FleshGolem;false
A7!GLFL4;GIANTHUMANOID;GOLEM;GOLEM_FLESH;A7!GOLEM_FLESH_PST;a7!glfl4;a7!cmd;A7-GolemConstruction;9;;;Perfect Flesh Golem;;FleshGolem;false
A7!GLIC;GIANTHUMANOID;GOLEM;GOLEM_IRON;GOLEM_ICE;a7!glic;a7!cmd;A7-GOLEMCONSTRUCTION;20;;;Ice Golem;;IronGolem;false
A7!GLIC;GIANTHUMANOID;GOLEM;GOLEM_IRON;GOLEM_ICE;a7!glic;a7!cmd;A7-GolemConstruction;20;;;Ice Golem;;IronGolem;false
A7!GLIR1;GIANTHUMANOID;GOLEM;GOLEM_IRON;A7!GOLEM_IRON_IWD_MINI;a7!glir1;a7!cmd;A7-GOLEMCONSTRUCTION;18;;;Lesser Iron Golem;;IronGolem;false
A7!GLIR1;GIANTHUMANOID;GOLEM;GOLEM_IRON;A7!GOLEM_IRON_IWD_MINI;a7!glir1;a7!cmd;A7-GolemConstruction;18;;;Lesser Iron Golem;;IronGolem;false
A7!GLIR2;GIANTHUMANOID;GOLEM;GOLEM_IRON;GOLEM_IRON_IWD;a7!glir2;a7!cmd;A7-GOLEMCONSTRUCTION;18;;;Iron Golem;;IronGolem;false
A7!GLIR2;GIANTHUMANOID;GOLEM;GOLEM_IRON;GOLEM_IRON_IWD;a7!glir2;a7!cmd;A7-GolemConstruction;18;;;Iron Golem;;IronGolem;false
A7!GLIR3;GIANTHUMANOID;GOLEM;GOLEM_IRON;GOLEM_IRON_IWD;a7!glir3;a7!cmd;A7-GOLEMCONSTRUCTION;18;;;Greater Iron Golem;;IronGolem;false
A7!GLIR3;GIANTHUMANOID;GOLEM;GOLEM_IRON;GOLEM_IRON_IWD;a7!glir3;a7!cmd;A7-GolemConstruction;18;;;Greater Iron Golem;;IronGolem;false
A7!GLIR4;GIANTHUMANOID;GOLEM;GOLEM_IRON;GOLEM_IRON_IWD;a7!glir4;a7!cmd;A7-GOLEMCONSTRUCTION;18;;;Perfect Iron Golem;;IronGolem;false
A7!GLIR4;GIANTHUMANOID;GOLEM;GOLEM_IRON;GOLEM_IRON_IWD;a7!glir4;a7!cmd;A7-GolemConstruction;18;;;Perfect Iron Golem;;IronGolem;false
A7!GLLT;GIANTHUMANOID;GOLEM;GOLEM_CLAY;A7!GOLEM_LIGHTNING;a7!gllt;a7!cmd;A7-GOLEMCONSTRUCTION;10;;;Lightning Golem;;ClayGolem;false
A7!GLLT;GIANTHUMANOID;GOLEM;GOLEM_CLAY;A7!GOLEM_LIGHTNING;a7!gllt;a7!cmd;A7-GolemConstruction;10;;;Lightning Golem;;ClayGolem;false
A7!GLMA;GIANTHUMANOID;GOLEM;GOLEM_CLAY;ELEMENTAL_FIRE_PURPLE;a7!glma;a7!cmd;A7-GOLEMCONSTRUCTION;10;;;Magic Golem;;ClayGolem;false
A7!GLMA;GIANTHUMANOID;GOLEM;GOLEM_CLAY;ELEMENTAL_FIRE_PURPLE;a7!glma;a7!cmd;A7-GolemConstruction;10;;;Magic Golem;;ClayGolem;false
A7!GLMG;GIANTHUMANOID;GOLEM;GOLEM_FLESH;A7!GOLEM_MAGGOT;a7!glmg;a7!cmd2;A7-GOLEMCONSTRUCTION;9;;;Maggot Golem;;FleshGolem;false
A7!GLMG;GIANTHUMANOID;GOLEM;GOLEM_FLESH;A7!GOLEM_MAGGOT;a7!glmg;a7!cmd2;A7-GolemConstruction;9;;;Maggot Golem;;FleshGolem;false
A7!GLMI1;GIANTHUMANOID;GOLEM;GOLEM_IRON;A7!GOLEM_IRON_MINI;a7!glmi1;a7!cmd;A7-GOLEMCONSTRUCTION;18;;;Lesser Mithral Golem;;IronGolem;false
A7!GLMI1;GIANTHUMANOID;GOLEM;GOLEM_IRON;A7!GOLEM_IRON_MINI;a7!glmi1;a7!cmd;A7-GolemConstruction;18;;;Lesser Mithral Golem;;IronGolem;false
A7!GLMI2;GIANTHUMANOID;GOLEM;GOLEM_IRON;GOLEM_IRON;a7!glmi2;a7!cmd;A7-GOLEMCONSTRUCTION;18;;;Mithral Golem;;IronGolem;false
A7!GLMI2;GIANTHUMANOID;GOLEM;GOLEM_IRON;GOLEM_IRON;a7!glmi2;a7!cmd;A7-GolemConstruction;18;;;Mithral Golem;;IronGolem;false
A7!GLMI3;GIANTHUMANOID;GOLEM;GOLEM_IRON;GOLEM_IRON;a7!glmi3;a7!cmd;A7-GOLEMCONSTRUCTION;18;;;Greater Mithral Golem;;IronGolem;false
A7!GLMI3;GIANTHUMANOID;GOLEM;GOLEM_IRON;GOLEM_IRON;a7!glmi3;a7!cmd;A7-GolemConstruction;18;;;Greater Mithral Golem;;IronGolem;false
A7!GLMI4;GIANTHUMANOID;GOLEM;GOLEM_IRON;GOLEM_IRON;a7!glmi4;a7!cmd;A7-GOLEMCONSTRUCTION;18;;;Perfect Mithral Golem;;IronGolem;false
A7!GLMI4;GIANTHUMANOID;GOLEM;GOLEM_IRON;GOLEM_IRON;a7!glmi4;a7!cmd;A7-GolemConstruction;18;;;Perfect Mithral Golem;;IronGolem;false
A7!GLRU;GIANTHUMANOID;GOLEM;GOLEM_IRON;A7!GOLEM_RUBY;a7!glru;a7!cmd;A7-GOLEMCONSTRUCTION;20;;;Ruby Golem;;IronGolem;false
A7!GLRU;GIANTHUMANOID;GOLEM;GOLEM_IRON;A7!GOLEM_RUBY;a7!glru;a7!cmd;A7-GolemConstruction;20;;;Ruby Golem;;IronGolem;false
A7!GLST1;GIANTHUMANOID;GOLEM;GOLEM_STONE;GOLEM_MINI;a7!glst1;a7!cmd2;A7-GOLEMCONSTRUCTION;14;;;Lesser Stone Golem;;StoneGolem;false
A7!GLST1;GIANTHUMANOID;GOLEM;GOLEM_STONE;GOLEM_MINI;a7!glst1;a7!cmd2;A7-GolemConstruction;14;;;Lesser Stone Golem;;StoneGolem;false
A7!GLST2;GIANTHUMANOID;GOLEM;GOLEM_STONE;GOLEM_CLAY;a7!glst2;a7!cmd;A7-GOLEMCONSTRUCTION;14;;;Stone Golem;;StoneGolem;false
A7!GLST2;GIANTHUMANOID;GOLEM;GOLEM_STONE;GOLEM_CLAY;a7!glst2;a7!cmd;A7-GolemConstruction;14;;;Stone Golem;;StoneGolem;false
A7!GLST3;GIANTHUMANOID;GOLEM;GOLEM_STONE;GOLEM_CLAY;a7!glst3;a7!cmd;A7-GOLEMCONSTRUCTION;14;;;Greater Stone Golem;;StoneGolem;false
A7!GLST3;GIANTHUMANOID;GOLEM;GOLEM_STONE;GOLEM_CLAY;a7!glst3;a7!cmd;A7-GolemConstruction;14;;;Greater Stone Golem;;StoneGolem;false
A7!GLST4;GIANTHUMANOID;GOLEM;GOLEM_STONE;GOLEM_CLAY;a7!glst4;a7!cmd;A7-GOLEMCONSTRUCTION;14;;;Perfect Stone Golem;;StoneGolem;false
A7!GLST4;GIANTHUMANOID;GOLEM;GOLEM_STONE;GOLEM_CLAY;a7!glst4;a7!cmd;A7-GolemConstruction;14;;;Perfect Stone Golem;;StoneGolem;false
A7!GSAD1;GIANTHUMANOID;GOLEM;GOLEM_IRON;A7!GOLEM_IRON_MINI;a7!glad1;a7!cmd;A7-GOLEMCONSTRUCTION;18;;;Lesser Adamantite Golem;;IronGolem;false
A7!GSAD1;GIANTHUMANOID;GOLEM;GOLEM_IRON;A7!GOLEM_IRON_MINI;a7!glad1;a7!cmd;A7-GolemConstruction;18;;;Lesser Adamantite Golem;;IronGolem;false
A7!GSAD2;GIANTHUMANOID;GOLEM;GOLEM_IRON;GOLEM_IRON;a7!glad2;a7!cmd;A7-GOLEMCONSTRUCTION;18;;;Adamantite Golem;;IronGolem;false
A7!GSAD2;GIANTHUMANOID;GOLEM;GOLEM_IRON;GOLEM_IRON;a7!glad2;a7!cmd;A7-GolemConstruction;18;;;Adamantite Golem;;IronGolem;false
A7!GSCL1;GIANTHUMANOID;GOLEM;GOLEM_CLAY;GOLEM_MINI;a7!glcl1;a7!cmd2;A7-GOLEMCONSTRUCTION;9;;;Lesser Clay Golem;;ClayGolem;false
A7!GSCL1;GIANTHUMANOID;GOLEM;GOLEM_CLAY;GOLEM_MINI;a7!glcl1;a7!cmd2;A7-GolemConstruction;9;;;Lesser Clay Golem;;ClayGolem;false
A7!GSCL2;GIANTHUMANOID;GOLEM;GOLEM_CLAY;GOLEM_CLAY;a7!glcl2;a7!cmd;A7-GOLEMCONSTRUCTION;9;;;Clay Golem;;ClayGolem;false
A7!GSCL2;GIANTHUMANOID;GOLEM;GOLEM_CLAY;GOLEM_CLAY;a7!glcl2;a7!cmd;A7-GolemConstruction;9;;;Clay Golem;;ClayGolem;false
A7!GSFL1;GIANTHUMANOID;GOLEM;GOLEM_FLESH;A7!GOLEM_FLESH_PST_MINI;a7!glfl1;a7!cmd2;A7-GOLEMCONSTRUCTION;9;;;Lesser Flesh Golem;;FleshGolem;false
A7!GSFL1;GIANTHUMANOID;GOLEM;GOLEM_FLESH;A7!GOLEM_FLESH_PST_MINI;a7!glfl1;a7!cmd2;A7-GolemConstruction;9;;;Lesser Flesh Golem;;FleshGolem;false
A7!GSFL2;GIANTHUMANOID;GOLEM;GOLEM_FLESH;A7!GOLEM_FLESH_PST;a7!glfl2;a7!cmd;A7-GOLEMCONSTRUCTION;9;;;Flesh Golem;;FleshGolem;false
A7!GSFL2;GIANTHUMANOID;GOLEM;GOLEM_FLESH;A7!GOLEM_FLESH_PST;a7!glfl2;a7!cmd;A7-GolemConstruction;9;;;Flesh Golem;;FleshGolem;false
A7!GSIR1;GIANTHUMANOID;GOLEM;GOLEM_IRON;A7!GOLEM_IRON_IWD_MINI;a7!glir1;a7!cmd;A7-GOLEMCONSTRUCTION;18;;;Lesser Iron Golem;;IronGolem;false
A7!GSIR1;GIANTHUMANOID;GOLEM;GOLEM_IRON;A7!GOLEM_IRON_IWD_MINI;a7!glir1;a7!cmd;A7-GolemConstruction;18;;;Lesser Iron Golem;;IronGolem;false
A7!GSIR2;GIANTHUMANOID;GOLEM;GOLEM_IRON;GOLEM_IRON_IWD;a7!glir2;a7!cmd;A7-GOLEMCONSTRUCTION;18;;;Iron Golem;;IronGolem;false
A7!GSIR2;GIANTHUMANOID;GOLEM;GOLEM_IRON;GOLEM_IRON_IWD;a7!glir2;a7!cmd;A7-GolemConstruction;18;;;Iron Golem;;IronGolem;false
A7!GSMI1;GIANTHUMANOID;GOLEM;GOLEM_IRON;A7!GOLEM_IRON_MINI;a7!glmi1;a7!cmd;A7-GOLEMCONSTRUCTION;18;;;Lesser Mithral Golem;;IronGolem;false
A7!GSMI1;GIANTHUMANOID;GOLEM;GOLEM_IRON;A7!GOLEM_IRON_MINI;a7!glmi1;a7!cmd;A7-GolemConstruction;18;;;Lesser Mithral Golem;;IronGolem;false
A7!GSMI2;GIANTHUMANOID;GOLEM;GOLEM_IRON;GOLEM_IRON;a7!glmi2;a7!cmd;A7-GOLEMCONSTRUCTION;18;;;Mithral Golem;;IronGolem;false
A7!GSMI2;GIANTHUMANOID;GOLEM;GOLEM_IRON;GOLEM_IRON;a7!glmi2;a7!cmd;A7-GolemConstruction;18;;;Mithral Golem;;IronGolem;false
A7!GSST1;GIANTHUMANOID;GOLEM;GOLEM_STONE;GOLEM_MINI;a7!glst1;a7!cmd2;A7-GOLEMCONSTRUCTION;14;;;Lesser Stone Golem;;StoneGolem;false
A7!GSST1;GIANTHUMANOID;GOLEM;GOLEM_STONE;GOLEM_MINI;a7!glst1;a7!cmd2;A7-GolemConstruction;14;;;Lesser Stone Golem;;StoneGolem;false
A7!GSST2;GIANTHUMANOID;GOLEM;GOLEM_STONE;GOLEM_CLAY;a7!glst2;a7!cmd;A7-GOLEMCONSTRUCTION;14;;;Stone Golem;;StoneGolem;false
A7!GSST2;GIANTHUMANOID;GOLEM;GOLEM_STONE;GOLEM_CLAY;a7!glst2;a7!cmd;A7-GolemConstruction;14;;;Stone Golem;;StoneGolem;false
A7!GXAD1;GIANTHUMANOID;GOLEM;GOLEM_IRON;A7!GOLEM_IRON_MINI;a7!gxad1;;A7-GOLEMCONSTRUCTION;18;;;Lesser Adamantite Golem;;IronGolem;false
A7!GXAD1;GIANTHUMANOID;GOLEM;GOLEM_IRON;A7!GOLEM_IRON_MINI;a7!gxad1;;A7-GolemConstruction;18;;;Lesser Adamantite Golem;;IronGolem;false
A7!GXAD2;GIANTHUMANOID;GOLEM;GOLEM_IRON;GOLEM_IRON;a7!gxad2;;A7-GOLEMCONSTRUCTION;18;;;Adamantite Golem;;IronGolem;false
A7!GXAD2;GIANTHUMANOID;GOLEM;GOLEM_IRON;GOLEM_IRON;a7!gxad2;;A7-GolemConstruction;18;;;Adamantite Golem;;IronGolem;false
A7!GXAD3;GIANTHUMANOID;GOLEM;GOLEM_IRON;GOLEM_IRON;a7!gxad3;;A7-GOLEMCONSTRUCTION;18;;;Greater Adamantite Golem;;IronGolem;false
A7!GXAD3;GIANTHUMANOID;GOLEM;GOLEM_IRON;GOLEM_IRON;a7!gxad3;;A7-GolemConstruction;18;;;Greater Adamantite Golem;;IronGolem;false
A7!GXAD4;GIANTHUMANOID;GOLEM;GOLEM_IRON;GOLEM_IRON;a7!gxad4;;A7-GOLEMCONSTRUCTION;18;;;Perfect Adamantite Golem;;IronGolem;false
A7!GXAD4;GIANTHUMANOID;GOLEM;GOLEM_IRON;GOLEM_IRON;a7!gxad4;;A7-GolemConstruction;18;;;Perfect Adamantite Golem;;IronGolem;false
A7!GXBD;HUMANOID;GOLEM;SKELETON;A7!GOLEM_BONE_DOLL;a7!gxbd;a7!cmdx;A7-GolemConstruction;6;;;Golem Servant;;;
A7!GXBO;GIANTHUMANOID;GOLEM;GOLEM_STONE;SKELETON_FIEND;a7!gxbo;;A7-GOLEMCONSTRUCTION;14;;;Bone Golem;;BoneGolem;false
A7!GXBO;GIANTHUMANOID;GOLEM;GOLEM_STONE;SKELETON_FIEND;a7!gxbo;;A7-GolemConstruction;14;;;Bone Golem;;BoneGolem;false
A7!GXBR;GIANTHUMANOID;GOLEM;GOLEM_CLAY;A7!GOLEM_BRAIN;a7!gxbr;;A7-GOLEMCONSTRUCTION;12;;;Brain Golem;;ClayGolem;false
A7!GXBR;GIANTHUMANOID;GOLEM;GOLEM_CLAY;A7!GOLEM_BRAIN;a7!gxbr;;A7-GolemConstruction;12;;;Brain Golem;;ClayGolem;false
A7!GXCL1;GIANTHUMANOID;GOLEM;GOLEM_CLAY;GOLEM_MINI;a7!gxcl1;;A7-GOLEMCONSTRUCTION;9;;;Lesser Clay Golem;;ClayGolem;false
A7!GXCL1;GIANTHUMANOID;GOLEM;GOLEM_CLAY;GOLEM_MINI;a7!gxcl1;;A7-GolemConstruction;9;;;Lesser Clay Golem;;ClayGolem;false
A7!GXCL2;GIANTHUMANOID;GOLEM;GOLEM_CLAY;GOLEM_CLAY;a7!gxcl2;;A7-GOLEMCONSTRUCTION;9;;;Clay Golem;;ClayGolem;false
A7!GXCL2;GIANTHUMANOID;GOLEM;GOLEM_CLAY;GOLEM_CLAY;a7!gxcl2;;A7-GolemConstruction;9;;;Clay Golem;;ClayGolem;false
A7!GXCL3;GIANTHUMANOID;GOLEM;GOLEM_CLAY;GOLEM_CLAY;a7!gxcl3;;A7-GOLEMCONSTRUCTION;9;;;Greater Clay Golem;;ClayGolem;false
A7!GXCL3;GIANTHUMANOID;GOLEM;GOLEM_CLAY;GOLEM_CLAY;a7!gxcl3;;A7-GolemConstruction;9;;;Greater Clay Golem;;ClayGolem;false
A7!GXCL4;GIANTHUMANOID;GOLEM;GOLEM_CLAY;GOLEM_CLAY;a7!gxcl4;;A7-GOLEMCONSTRUCTION;9;;;Perfect Clay Golem;;ClayGolem;false
A7!GXCL4;GIANTHUMANOID;GOLEM;GOLEM_CLAY;GOLEM_CLAY;a7!gxcl4;;A7-GolemConstruction;9;;;Perfect Clay Golem;;ClayGolem;false
A7!GXDO;HUMANOID;GOLEM;GOLEM_FLESH;A7!GOLEM_DOLL;a7!gxdo;a7!cmdx;A7-GolemConstruction;6;;;Golem Servant;;FleshGolem;false
A7!GXFL1;GIANTHUMANOID;GOLEM;GOLEM_FLESH;A7!GOLEM_FLESH_PST_MINI;a7!gxfl1;;A7-GOLEMCONSTRUCTION;9;;;Lesser Flesh Golem;;FleshGolem;false
A7!GXFL1;GIANTHUMANOID;GOLEM;GOLEM_FLESH;A7!GOLEM_FLESH_PST_MINI;a7!gxfl1;;A7-GolemConstruction;9;;;Lesser Flesh Golem;;FleshGolem;false
A7!GXFL2;GIANTHUMANOID;GOLEM;GOLEM_FLESH;A7!GOLEM_FLESH_PST;a7!gxfl2;;A7-GOLEMCONSTRUCTION;9;;;Flesh Golem;;FleshGolem;false
A7!GXFL2;GIANTHUMANOID;GOLEM;GOLEM_FLESH;A7!GOLEM_FLESH_PST;a7!gxfl2;;A7-GolemConstruction;9;;;Flesh Golem;;FleshGolem;false
A7!GXFL3;GIANTHUMANOID;GOLEM;GOLEM_FLESH;A7!GOLEM_FLESH_PST;a7!gxfl3;;A7-GOLEMCONSTRUCTION;9;;;Greater Flesh Golem;;FleshGolem;false
A7!GXFL3;GIANTHUMANOID;GOLEM;GOLEM_FLESH;A7!GOLEM_FLESH_PST;a7!gxfl3;;A7-GolemConstruction;9;;;Greater Flesh Golem;;FleshGolem;false
A7!GXFL4;GIANTHUMANOID;GOLEM;GOLEM_FLESH;A7!GOLEM_FLESH_PST;a7!gxfl4;;A7-GOLEMCONSTRUCTION;9;;;Perfect Flesh Golem;;FleshGolem;false
A7!GXFL4;GIANTHUMANOID;GOLEM;GOLEM_FLESH;A7!GOLEM_FLESH_PST;a7!gxfl4;;A7-GolemConstruction;9;;;Perfect Flesh Golem;;FleshGolem;false
A7!GXIC;GIANTHUMANOID;GOLEM;GOLEM_IRON;GOLEM_ICE;a7!gxic;;A7-GOLEMCONSTRUCTION;20;;;Ice Golem;;IronGolem;false
A7!GXIC;GIANTHUMANOID;GOLEM;GOLEM_IRON;GOLEM_ICE;a7!gxic;;A7-GolemConstruction;20;;;Ice Golem;;IronGolem;false
A7!GXIR1;GIANTHUMANOID;GOLEM;GOLEM_IRON;A7!GOLEM_IRON_IWD_MINI;a7!gxir1;;A7-GOLEMCONSTRUCTION;18;;;Lesser Iron Golem;;IronGolem;false
A7!GXIR1;GIANTHUMANOID;GOLEM;GOLEM_IRON;A7!GOLEM_IRON_IWD_MINI;a7!gxir1;;A7-GolemConstruction;18;;;Lesser Iron Golem;;IronGolem;false
A7!GXIR2;GIANTHUMANOID;GOLEM;GOLEM_IRON;GOLEM_IRON_IWD;a7!gxir2;;A7-GOLEMCONSTRUCTION;18;;;Iron Golem;;IronGolem;false
A7!GXIR2;GIANTHUMANOID;GOLEM;GOLEM_IRON;GOLEM_IRON_IWD;a7!gxir2;;A7-GolemConstruction;18;;;Iron Golem;;IronGolem;false
A7!GXIR3;GIANTHUMANOID;GOLEM;GOLEM_IRON;GOLEM_IRON_IWD;a7!gxir3;;A7-GOLEMCONSTRUCTION;18;;;Greater Iron Golem;;IronGolem;false
A7!GXIR3;GIANTHUMANOID;GOLEM;GOLEM_IRON;GOLEM_IRON_IWD;a7!gxir3;;A7-GolemConstruction;18;;;Greater Iron Golem;;IronGolem;false
A7!GXIR4;GIANTHUMANOID;GOLEM;GOLEM_IRON;GOLEM_IRON_IWD;a7!gxir4;;A7-GOLEMCONSTRUCTION;18;;;Perfect Iron Golem;;IronGolem;false
A7!GXIR4;GIANTHUMANOID;GOLEM;GOLEM_IRON;GOLEM_IRON_IWD;a7!gxir4;;A7-GolemConstruction;18;;;Perfect Iron Golem;;IronGolem;false
A7!GXLT;GIANTHUMANOID;GOLEM;GOLEM_CLAY;A7!GOLEM_LIGHTNING;a7!gxlt;None;A7-GOLEMCONSTRUCTION;10;;;Lightning Golem;;ClayGolem;false
A7!GXLT;GIANTHUMANOID;GOLEM;GOLEM_CLAY;A7!GOLEM_LIGHTNING;a7!gxlt;None;A7-GolemConstruction;10;;;Lightning Golem;;ClayGolem;false
A7!GXMA;GIANTHUMANOID;GOLEM;GOLEM_CLAY;ELEMENTAL_FIRE_PURPLE;a7!gxma;None;A7-GOLEMCONSTRUCTION;10;;;Magic Golem;;ClayGolem;false
A7!GXMA;GIANTHUMANOID;GOLEM;GOLEM_CLAY;ELEMENTAL_FIRE_PURPLE;a7!gxma;None;A7-GolemConstruction;10;;;Magic Golem;;ClayGolem;false
A7!GXMG;GIANTHUMANOID;GOLEM;GOLEM_FLESH;A7!GOLEM_MAGGOT;a7!gxmg;;A7-GOLEMCONSTRUCTION;9;;;Maggot Golem;;FleshGolem;false
A7!GXMG;GIANTHUMANOID;GOLEM;GOLEM_FLESH;A7!GOLEM_MAGGOT;a7!gxmg;;A7-GolemConstruction;9;;;Maggot Golem;;FleshGolem;false
A7!GXMI1;GIANTHUMANOID;GOLEM;GOLEM_IRON;A7!GOLEM_IRON_MINI;a7!gxmi1;;A7-GOLEMCONSTRUCTION;18;;;Lesser Mithral Golem;;IronGolem;false
A7!GXMI1;GIANTHUMANOID;GOLEM;GOLEM_IRON;A7!GOLEM_IRON_MINI;a7!gxmi1;;A7-GolemConstruction;18;;;Lesser Mithral Golem;;IronGolem;false
A7!GXMI2;GIANTHUMANOID;GOLEM;GOLEM_IRON;GOLEM_IRON;a7!gxmi2;;A7-GOLEMCONSTRUCTION;18;;;Mithral Golem;;IronGolem;false
A7!GXMI2;GIANTHUMANOID;GOLEM;GOLEM_IRON;GOLEM_IRON;a7!gxmi2;;A7-GolemConstruction;18;;;Mithral Golem;;IronGolem;false
A7!GXMI3;GIANTHUMANOID;GOLEM;GOLEM_IRON;GOLEM_IRON;a7!gxmi3;;A7-GOLEMCONSTRUCTION;18;;;Greater Mithral Golem;;IronGolem;false
A7!GXMI3;GIANTHUMANOID;GOLEM;GOLEM_IRON;GOLEM_IRON;a7!gxmi3;;A7-GolemConstruction;18;;;Greater Mithral Golem;;IronGolem;false
A7!GXMI4;GIANTHUMANOID;GOLEM;GOLEM_IRON;GOLEM_IRON;a7!gxmi4;;A7-GOLEMCONSTRUCTION;18;;;Perfect Mithral Golem;;IronGolem;false
A7!GXMI4;GIANTHUMANOID;GOLEM;GOLEM_IRON;GOLEM_IRON;a7!gxmi4;;A7-GolemConstruction;18;;;Perfect Mithral Golem;;IronGolem;false
A7!GXRU;GIANTHUMANOID;GOLEM;GOLEM_IRON;A7!GOLEM_RUBY;a7!gxru;;A7-GOLEMCONSTRUCTION;20;;;Ruby Golem;;IronGolem;false
A7!GXRU;GIANTHUMANOID;GOLEM;GOLEM_IRON;A7!GOLEM_RUBY;a7!gxru;;A7-GolemConstruction;20;;;Ruby Golem;;IronGolem;false
A7!GXST1;GIANTHUMANOID;GOLEM;GOLEM_STONE;GOLEM_MINI;a7!gxst1;;A7-GOLEMCONSTRUCTION;14;;;Lesser Stone Golem;;StoneGolem;false
A7!GXST1;GIANTHUMANOID;GOLEM;GOLEM_STONE;GOLEM_MINI;a7!gxst1;;A7-GolemConstruction;14;;;Lesser Stone Golem;;StoneGolem;false
A7!GXST2;GIANTHUMANOID;GOLEM;GOLEM_STONE;GOLEM_CLAY;a7!gxst2;;A7-GOLEMCONSTRUCTION;14;;;Stone Golem;;StoneGolem;false
A7!GXST2;GIANTHUMANOID;GOLEM;GOLEM_STONE;GOLEM_CLAY;a7!gxst2;;A7-GolemConstruction;14;;;Stone Golem;;StoneGolem;false
A7!GXST3;GIANTHUMANOID;GOLEM;GOLEM_STONE;GOLEM_CLAY;a7!gxst3;;A7-GOLEMCONSTRUCTION;14;;;Greater Stone Golem;;StoneGolem;false
A7!GXST3;GIANTHUMANOID;GOLEM;GOLEM_STONE;GOLEM_CLAY;a7!gxst3;;A7-GolemConstruction;14;;;Greater Stone Golem;;StoneGolem;false
A7!GXST4;GIANTHUMANOID;GOLEM;GOLEM_STONE;GOLEM_CLAY;a7!gxst4;;A7-GOLEMCONSTRUCTION;14;;;Perfect Stone Golem;;StoneGolem;false
A7!GXST4;GIANTHUMANOID;GOLEM;GOLEM_STONE;GOLEM_CLAY;a7!gxst4;;A7-GolemConstruction;14;;;Perfect Stone Golem;;StoneGolem;false
A7!GYAD1;GIANTHUMANOID;GOLEM;GOLEM_IRON;A7!GOLEM_IRON_MINI;a7!gxad1;;A7-GOLEMCONSTRUCTION;18;;;Lesser Adamantite Golem;;IronGolem;false
A7!GYAD1;GIANTHUMANOID;GOLEM;GOLEM_IRON;A7!GOLEM_IRON_MINI;a7!gxad1;;A7-GolemConstruction;18;;;Lesser Adamantite Golem;;IronGolem;false
A7!GYAD2;GIANTHUMANOID;GOLEM;GOLEM_IRON;GOLEM_IRON;a7!gxad2;;A7-GOLEMCONSTRUCTION;18;;;Adamantite Golem;;IronGolem;false
A7!GYAD2;GIANTHUMANOID;GOLEM;GOLEM_IRON;GOLEM_IRON;a7!gxad2;;A7-GolemConstruction;18;;;Adamantite Golem;;IronGolem;false
A7!GYCL1;GIANTHUMANOID;GOLEM;GOLEM_CLAY;GOLEM_MINI;a7!gxcl1;;A7-GOLEMCONSTRUCTION;9;;;Lesser Clay Golem;;ClayGolem;false
A7!GYCL1;GIANTHUMANOID;GOLEM;GOLEM_CLAY;GOLEM_MINI;a7!gxcl1;;A7-GolemConstruction;9;;;Lesser Clay Golem;;ClayGolem;false
A7!GYCL2;GIANTHUMANOID;GOLEM;GOLEM_CLAY;GOLEM_CLAY;a7!gxcl2;;A7-GOLEMCONSTRUCTION;9;;;Clay Golem;;ClayGolem;false
A7!GYCL2;GIANTHUMANOID;GOLEM;GOLEM_CLAY;GOLEM_CLAY;a7!gxcl2;;A7-GolemConstruction;9;;;Clay Golem;;ClayGolem;false
A7!GYFL1;GIANTHUMANOID;GOLEM;GOLEM_FLESH;A7!GOLEM_FLESH_PST_MINI;a7!gxfl1;;A7-GOLEMCONSTRUCTION;9;;;Lesser Flesh Golem;;FleshGolem;false
A7!GYFL1;GIANTHUMANOID;GOLEM;GOLEM_FLESH;A7!GOLEM_FLESH_PST_MINI;a7!gxfl1;;A7-GolemConstruction;9;;;Lesser Flesh Golem;;FleshGolem;false
A7!GYFL2;GIANTHUMANOID;GOLEM;GOLEM_FLESH;A7!GOLEM_FLESH_PST;a7!gxfl2;;A7-GOLEMCONSTRUCTION;9;;;Flesh Golem;;FleshGolem;false
A7!GYFL2;GIANTHUMANOID;GOLEM;GOLEM_FLESH;A7!GOLEM_FLESH_PST;a7!gxfl2;;A7-GolemConstruction;9;;;Flesh Golem;;FleshGolem;false
A7!GYIR1;GIANTHUMANOID;GOLEM;GOLEM_IRON;A7!GOLEM_IRON_IWD_MINI;a7!gxir1;;A7-GOLEMCONSTRUCTION;18;;;Lesser Iron Golem;;IronGolem;false
A7!GYIR1;GIANTHUMANOID;GOLEM;GOLEM_IRON;A7!GOLEM_IRON_IWD_MINI;a7!gxir1;;A7-GolemConstruction;18;;;Lesser Iron Golem;;IronGolem;false
A7!GYIR2;GIANTHUMANOID;GOLEM;GOLEM_IRON;GOLEM_IRON_IWD;a7!gxir2;;A7-GOLEMCONSTRUCTION;18;;;Iron Golem;;IronGolem;false
A7!GYIR2;GIANTHUMANOID;GOLEM;GOLEM_IRON;GOLEM_IRON_IWD;a7!gxir2;;A7-GolemConstruction;18;;;Iron Golem;;IronGolem;false
A7!GYMI1;GIANTHUMANOID;GOLEM;GOLEM_IRON;A7!GOLEM_IRON_MINI;a7!gxmi1;;A7-GOLEMCONSTRUCTION;18;;;Lesser Mithral Golem;;IronGolem;false
A7!GYMI1;GIANTHUMANOID;GOLEM;GOLEM_IRON;A7!GOLEM_IRON_MINI;a7!gxmi1;;A7-GolemConstruction;18;;;Lesser Mithral Golem;;IronGolem;false
A7!GYMI2;GIANTHUMANOID;GOLEM;GOLEM_IRON;GOLEM_IRON;a7!gxmi2;;A7-GOLEMCONSTRUCTION;18;;;Mithral Golem;;IronGolem;false
A7!GYMI2;GIANTHUMANOID;GOLEM;GOLEM_IRON;GOLEM_IRON;a7!gxmi2;;A7-GolemConstruction;18;;;Mithral Golem;;IronGolem;false
A7!GYST1;GIANTHUMANOID;GOLEM;GOLEM_STONE;GOLEM_MINI;a7!gxst1;;A7-GOLEMCONSTRUCTION;14;;;Lesser Stone Golem;;StoneGolem;false
A7!GYST1;GIANTHUMANOID;GOLEM;GOLEM_STONE;GOLEM_MINI;a7!gxst1;;A7-GolemConstruction;14;;;Lesser Stone Golem;;StoneGolem;false
A7!GYST2;GIANTHUMANOID;GOLEM;GOLEM_STONE;GOLEM_CLAY;a7!gxst2;;A7-GOLEMCONSTRUCTION;14;;;Stone Golem;;StoneGolem;false
A7!GYST2;GIANTHUMANOID;GOLEM;GOLEM_STONE;GOLEM_CLAY;a7!gxst2;;A7-GolemConstruction;14;;;Stone Golem;;StoneGolem;false
A7!MARK;ANIMAL;NO_RACE;NO_CLASS;DOOM_GUARD;a7!mark;;A7-GOLEMCONSTRUCTION;1;;;;;;
A7!MARK;ANIMAL;NO_RACE;NO_CLASS;DOOM_GUARD;a7!mark;;A7-GolemConstruction;1;;;;;;
A7!Q1SU;ANIMAL;NO_RACE;NO_CLASS;DOOM_GUARD;a7!q1su;;A7-GOLEMCONSTRUCTION;1;;;;true;;
A7!SMDLG;ANIMAL;NO_RACE;NO_CLASS;DOOM_GUARD;a7!smdlg;A7!SMDLG;A7-GOLEMCONSTRUCTION;1;;;Construct Golem;;;
A7!SMDLG;ANIMAL;NO_RACE;NO_CLASS;DOOM_GUARD;a7!smdlg;A7!SMDLG;A7-GolemConstruction;1;;;Construct Golem;;;
A7!UPGR;ANIMAL;NO_RACE;NO_CLASS;DOOM_GUARD;a7!upgr;;A7-GOLEMCONSTRUCTION;1;;;;;;
A7!UPGR;ANIMAL;NO_RACE;NO_CLASS;DOOM_GUARD;a7!upgr;;A7-GolemConstruction;1;;;;;;
A7#ABB;MONSTER;DEMONIC;IMP;ABISHAI_BLACK;A7#AbisBlack;A7#DDVL2;A7-TestYourMettle;11;;;Black Abishai;;;
A7#ABG;MONSTER;DEMONIC;IMP;ABISHAI_GREEN;A7#AbisGreen;A7#DDVL2;A7-TestYourMettle;11;;;Green Abishai;;;
A7#ABR;MONSTER;DEMONIC;IMP;ABISHAI_RED;A7#AbisRed;A7#DDVL2;A7-TestYourMettle;11;;;Red Abishai;;;
A7#CHIGH;HUMANOID;DRONE;FIGHTER;A7_DRONE_HEAVY;A7#CHigh;;A7-TestYourMettle;9;;;High Threat Construct;;;
A7#CHSU;HUMANOID;DRONE;FIGHTER;A7_DRONE_HEAVY;A7#CHighSu;;A7-TestYourMettle;9;SUMMONED;CONTROLLED;High Threat Construct;true;;
A7#CLOW;HUMANOID;DRONE;FIGHTER;A7_DRONE_LIGHT;A7#CLow;;A7-TestYourMettle;3;;;Low Threat Construct;;;
A7#CLSU;HUMANOID;DRONE;FIGHTER;A7_DRONE_LIGHT;A7#CLowSu;;A7-TestYourMettle;3;SUMMONED;CONTROLLED;Low Threat Construct;true;;
A7#COR;MONSTER;DEMONIC;IMP;CORNUGON;A7#Cornugon;A7#DDVL2;A7-TestYourMettle;13;;;Cornugon;;;
A7#COR1;MONSTER;DEMONIC;IMP;A7_CORNUGON_BLACK;A7#Cornugon;A7#DCOR1;A7-TestYourMettle;13;;;Dogreth the Taskmaster;;;
A7#CTSPY;HUMANOID;NO_RACE;NO_CLASS;BIRD;a7#cutspy;None;A7-TestYourMettle;1;;;;;;
A7#CWIZ;HUMANOID;DRONE;MAGE;A7_DRONE_WIZARD;A7#CWiz;;A7-TestYourMettle;14;;;Wizard Construct;;;
A7#CWSU;HUMANOID;DRONE;MAGE;A7_DRONE_WIZARD;A7#CWizSu;;A7-TestYourMettle;14;SUMMONED;CONTROLLED;Wizard Construct;true;;
A7#ERIN;MONSTER;DEMONIC;IMP;MAGE_FEMALE_ELF;A7#Erinyes;A7#DDVL2;A7-TestYourMettle;9;;;Erinyes;;;
A7#GELU;MONSTER;DEMONIC;IMP;A7_RAVER_BLUE;a7#gelugon;None;A7-TestYourMettle;18;;;Gelugon Mastermind;;;
A7#IMP;HUMANOID;IMP;IMP;IMP;A7#Imp;A7#DIMP;A7-TestYourMettle;3;;;Imp;;;
A7#MDRM;HUMANOID;MODRON;FIGHTER;A7_MODRON_MONO;A7#Monodrone;A7#DMDRM;A7-TestYourMettle;2;;;Modron;;;
A7#MDRM1;HUMANOID;MODRON;FIGHTER;A7_MODRON_MONO;A7#Monodrone;;A7-TestYourMettle;1;;;Modron Laborer;;;
A7#MDRMO;HUMANOID;MODRON;FIGHTER;A7_MODRON_MONO;A7#Monodrone;;A7-TestYourMettle;4;;;Rogue Modron;;;
A7#MDRQ;HUMANOID;MODRON;FIGHTER;A7_MODRON_QUAD_MELEE;A7#Quadrone;A7#DMDRQ;A7-TestYourMettle;8;;;Modron;;;
A7#MDRQ1;HUMANOID;MODRON;FIGHTER;A7_MODRON_QUAD_MELEE;A7#Quadrone;;A7-TestYourMettle;4;;;Modron Guard;;;
A7#MDRQ2;HUMANOID;MODRON;FIGHTER;A7_MODRON_QUAD_MELEE;A7#Quadrone;;A7-TestYourMettle;4;;;Modron Director;;;
A7#MDRQ3;HUMANOID;MODRON;FIGHTER;A7_MODRON_QUAD_MELEE;A7#Quadrone;;A7-TestYourMettle;4;;;Modron Guide;;;
A7#MDRQO;HUMANOID;MODRON;FIGHTER;A7_MODRON_QUAD_MELEE;A7#Quadrone;;A7-TestYourMettle;12;;;Rogue Modron;;;
A7#MDRQP;HUMANOID;MODRON;FIGHTER;A7_MODRON_QUAD_MELEE;A7#Quadrone;;A7-TestYourMettle;12;;;Rogue Modron;;;
A7#MDRR;HUMANOID;MODRON;FIGHTER;A7_MODRON_QUAD_RANGED;A7#Quadrone;A7#DMDRR;A7-TestYourMettle;8;;;Modron;;;
A7#MDRR1;HUMANOID;MODRON;FIGHTER;A7_MODRON_QUAD_RANGED;A7#Quadrone;;A7-TestYourMettle;4;;;Modron Worker;;;
A7#MDRRO;HUMANOID;MODRON;FIGHTER;A7_MODRON_QUAD_RANGED;A7#Quadrone;;A7-TestYourMettle;12;;;Rogue Modron;;;
A7#RCHI;HUMANOID;DRONE;FIGHTER;A7_DRONE_HEAVY;A7#CHigh;;A7-TestYourMettle;9;;;High Threat Construct;;;
A7#RCLO;HUMANOID;DRONE;FIGHTER;A7_DRONE_LIGHT;A7#CLow;;A7-TestYourMettle;3;;;Low Threat Construct;;;
A7#TMABB;MONSTER;DEMONIC;IMP;ABISHAI_BLACK;A7#AbisBlack;A7#DDVL2;A7-TestYourMettle;11;;;Black Abishai;;;
A7#TMABG;MONSTER;DEMONIC;IMP;ABISHAI_GREEN;A7#AbisGreen;A7#DDVL2;A7-TestYourMettle;11;;;Green Abishai;;;
A7#TMABR;MONSTER;DEMONIC;IMP;ABISHAI_RED;A7#AbisRed;A7#DDVL2;A7-TestYourMettle;11;;;Red Abishai;;;
A7#TMERI;MONSTER;DEMONIC;IMP;MAGE_FEMALE_ELF;A7#Erinyes;A7#DDVL2;A7-TestYourMettle;9;;;Erinyes;;;
A7#TMIMP;HUMANOID;IMP;IMP;IMP;A7#Imp;A7#DIMP;A7-TestYourMettle;3;;;Imp;;;
AATAQAH;GIANTHUMANOID;GENIE;GENIE_DJINNI;DJINNI;aataqah;aataqah;BG2;5;;;Aataqah;;;
ABAZDG02;MONSTER;DRAGON;RED_DRAGON;DRAGON_PURPLE;abazdg02;abazdg02;ascension;25;;;Tamah;;;
ABAZIGAL;MONSTER;DRAGON;FIGHTER_MAGE;FIGHTER_MALE_HUMAN;Abazigal1;Abazigal;STRATAGEMS;30;;;Abazigal;;;
ABELA;HUMANOID;FAIRY;INNOCENT;SIRINE;Abela;abela;BG1;0;;;Abela the Nymph;;Nymph;true
ABISRED1;MONSTER;DEMONIC;TANARI;CORNUGON;abisred1;None;BG2;13;;;Abishai;;;
ABYDEM01;MONSTER;DEMONIC;TANARI;FIEND_GREEN;abydem01;abydem01;STRATAGEMS;12;;;Tanar'ri;;;
AC#BASGR;MONSTER;BASILISK;BASILISK_GREATER;BASILISK_GREATER;None;;LORETAKERS;10;;;Greater Basilisk;;GreaterBasilisk;true
AC#BGUR1;HUMANOID;DEMONIC;TANARI;BARLGURA_ACIFER;AC#BGUR1;;GODCALL;3;;;Bar-Lgura;;;
AC#BGUR2;HUMANOID;DEMONIC;TANARI;BARLGURA_ACIFER;AC#BGUR2;;GODCALL;3;;;Bar-Lgura;;;
AC#DRET1;HUMANOID;DEMONIC;TANARI;DRETCH_ACIFER;AC#DRET1;;GODCALL;2;;;Dretch;;;
AC#DRET2;HUMANOID;DEMONIC;TANARI;DRETCH_ACIFER;AC#DRET2;AC#DRET2;GODCALL;2;;;Dretch;;;
AC#DRET3;HUMANOID;DEMONIC;TANARI;DRETCH_ACIFER;AC#DRET3;;GODCALL;2;;;Dretch;;;
AC#DRET4;HUMANOID;DEMONIC;TANARI;DRETCH_ACIFER;AC#DRET4;;GODCALL;2;;;Dretch;;;
AC#DRET6;HUMANOID;DEMONIC;TANARI;DRETCH_ACIFER;AC#DRET6;;GODCALL;2;;;Dretch;;;
AC#DRETP;HUMANOID;DEMONIC;TANARI;DRETCH_ACIFER;AC#DRETP;AC#DRETP;GODCALL;2;;;Dretch;;;
AC#DRETV;HUMANOID;DEMONIC;TANARI;DRETCH_ACIFER;AC#DRETV;AC#DRETV;GODCALL;2;;;Dretch;;;
AC#DRETW;HUMANOID;DEMONIC;TANARI;DRETCH_ACIFER;AC#DRETW;AC#DRETW;GODCALL;2;;;Dretch;;;
AC#DT01L;UNDEAD;GHOUL;GHOUL_GHAST;GHAST;AC#DT01L;;TIDINGS;9;;;Greater Lacedon;;Ghast;false
AC#DT01S;MONSTER;BASILISK;FAIRY_SIRINE;SIRINE;AC#DT01S;;TIDINGS;5;;;Sirine;;Sirine;
AC#DT02S;MONSTER;BASILISK;FAIRY_SIRINE;SIRINE;AC#DT02S;;TIDINGS;5;;;Sirine;;Sirine;
AC#DT10S;UNDEAD;SHADOW;FIGHTER;SHADOW;AC#DT10S;None;TIDINGS;3;;;Shadow;;Shadow;false
AC#DT12W;UNDEAD;SKELETON;SKELETON_WARRIOR;SKELETON;AC#DT12W;;STRATAGEMS;10;;;Skeleton Warrior;;SkeletonWarrior;false
AC#DT18G;HUMANOID;NO_RACE;NO_CLASS;SKELETON;AC#DT18G;AC#DT18G;TIDINGS;5;;;Undead Guardian;;;
AC#DT20S;MONSTER;114;FAIRY_SIRINE;SIRINE;AC#DT20S;AC#DT20S;TIDINGS;11;;;Skara;;;
AC#DT21C;MONSTER;DEMONIC;TANARI;DOOM_GUARD;AC#DT21C;AC#DT21C;TIDINGS;23;;;Dark Voice;;;
AC#DT21S;MONSTER;114;FAIRY_SIRINE;SIRINE;AC#DT21S;;TIDINGS;5;;;Sirine;;;
AC#DT21W;UNDEAD;SHADOW;FIGHTER;SHADOW;AC#DT21W;None;TIDINGS;3;;;Shadow;;Shadow;false
AC#DT21X;MONSTER;ELEMENTAL;ELEMENTAL_FIRE;AC#ELEMENTAL_WATER_LARGE;AC#DT21X;;TIDINGS;16;;;Shadow Elemental;;;
AC#DT2BS;MONSTER;BASILISK;FAIRY_SIRINE;SIRINE;AC#DT2BS;;TIDINGS;5;;;Sirine;;Sirine;
AC#DT30G;HUMANOID;NO_RACE;NO_CLASS;SKELETON;AC#DT30G;AC#DT30G;TIDINGS;5;;;Undead Guardian;;;
AC#DT30S;MONSTER;BASILISK;FAIRY_SIRINE;SIRINE;AC#DT30S;;TIDINGS;5;;;Dark Siren;;Sirine;
AC#DT30W;UNDEAD;WRAITH;WRAITH;SHADOW;AC#DT30W;;TIDINGS;8;;;Greater Wraith;;;
AC#DTDIG;UNDEAD;WRAITH;WRAITH;SKELETON;AC#DTDIG;NONE;TIDINGS;6;;;Dire Guard;;;
AC#DTEWD;MONSTER;ELEMENTAL;ELEMENTAL_EARTH;AC#EARTH_WEIRD;AC#DTEWD;;TIDINGS;10;;;Earth Weird;;;
AC#DTLAC;UNDEAD;GHOUL;GHOUL;GHAST;AC#DTLAC;;TIDINGS;5;;;Lacedon;;Ghoul;false
AC#DTMYR;MONSTER;NO_RACE;NO_CLASS;DOOM_GUARD;AC#MYRWT;NONE;TIDINGS;6;;;Water Myrmidon;;;
AC#DTNWI;MONSTER;0;0;TANARRI;AC#DTNWI;AC#DTNWI;TIDINGS;12;;;Nightwing;;;
AC#DTOIO;MONSTER;SLIME;OCRE_JELLY;GRAY_OOZE;AC#DTOIO;;TIDINGS;6;;;Oil Ooze;;OchreJelly;false
AC#DTPL1;UNDEAD;SHADOW;FIGHTER;SHADOW_SMALL;AC#DTPL1;NONE;TIDINGS;3;;;<PLAYER1>'s Shadow;;Shadow;false
AC#DTPL2;UNDEAD;SHADOW;FIGHTER;SHADOW_SMALL;AC#DTPL2;NONE;TIDINGS;3;;;<PLAYER2>'s Shadow;;Shadow;false
AC#DTPL3;UNDEAD;SHADOW;FIGHTER;SHADOW_SMALL;AC#DTPL3;NONE;TIDINGS;3;;;<PLAYER3>'s Shadow;;Shadow;false
AC#DTPL4;UNDEAD;SHADOW;FIGHTER;SHADOW_SMALL;AC#DTPL4;NONE;TIDINGS;3;;;<PLAYER4>'s Shadow;;Shadow;false
AC#DTPL5;UNDEAD;SHADOW;FIGHTER;SHADOW_SMALL;AC#DTPL5;NONE;TIDINGS;3;;;<PLAYER5>'s Shadow;;Shadow;false
AC#DTPL6;UNDEAD;SHADOW;FIGHTER;SHADOW_SMALL;AC#DTPL6;NONE;TIDINGS;3;;;<PLAYER6>'s Shadow;;Shadow;false
AC#DTSH2;UNDEAD;SHADOW;FIGHTER;SHADOW;AC#DTSH2;None;TIDINGS;3;;;Shadow;;Shadow;false
AC#DTSHM;UNDEAD;SHADOW;WOLF_DIRE;WORG;AC#DTSHM;;TIDINGS;1;;;Shadow Mastiff;;;
AC#DTSLF;MONSTER;NO_RACE;NO_CLASS;DOOM_GUARD;AC#DTSLF;NONE;TIDINGS;10;;;Mudform;;;
AC#DTSM1;UNDEAD;SHADOW;WOLF_DIRE;WORG;AC#DTSM1;;TIDINGS;4;;;Shadow Mastiff;;;
AC#DTSN1;ANIMAL;NO_RACE;NO_CLASS;AC#SNAKE_SMALL;AC#DTSN1;NONE;TIDINGS;2;;;Viper;;;
AC#DTST1;GIANTHUMANOID;TROLL;TROLL;TROLL;AC#DTST1;;TIDINGS;6;;;Shadow Troll;;;
AC#DTSW2;HUMANOID;FAIRY;MAGE;AC#SEA_HAG;AC#DTSW2;AC#DTSW2;TIDINGS;9;;;Black Molly;;;
AC#DTTH1;MONSTER;DEMONIC;SHADOW;AC#TRANSCENDENT_ONE_PST;AC#DTTH1;AC#DTTH1;TIDINGS;13;;;Aspect of Tharizdun;;;
AC#DTTH2;MONSTER;DEMONIC;TANARI;DOOM_GUARD;AC#DTTH2;AC#DTTH2;TIDINGS;23;;;Shadow Shape;;;
AC#DTTR1;GIANTHUMANOID;TROLL;TROLL;TROLL_BLUE;AC#DTTR1;;TIDINGS;6;;;Sea Troll;;;
AC#DTTR2;GIANTHUMANOID;TROLL;TROLL;TROLL_BLUE;AC#DTTR2;;TIDINGS;6;;;Sea Troll;;;
AC#DTTRD;GIANTHUMANOID;TROLL;TROLL;TROLL_BLUE;AC#DTTRD;;TIDINGS;6;;;Sea Troll;;;
AC#DTVDG;MONSTER;ELEMENTAL;NO_CLASS;AC#VARRDIG;AC#DTVDG;;TIDINGS;6;;;Varrdig;;;
AC#DTW12;MONSTER;ELEMENTAL;NO_CLASS;AC#ELEMENTAL_WATER_LARGE;AC#DTWSU;;TIDINGS;12;;CONTROLLED;Water Elemental;true;;
AC#DTW16;MONSTER;ELEMENTAL;NO_CLASS;AC#ELEMENTAL_WATER_LARGE;AC#DTWSU;;TIDINGS;16;;CONTROLLED;Water Elemental;true;;
AC#DTWE2;MONSTER;ELEMENTAL;NO_CLASS;AC#ELEMENTAL_WATER_LARGE;AC#DTWE2;;TIDINGS;16;;;Water Elemental;;;
AC#DTWEL;MONSTER;ELEMENTAL;NO_CLASS;AC#ELEMENTAL_WATER_LARGE;AC#DTWEL;;TIDINGS;16;;;Water Elemental;;;
AC#DTWSU;MONSTER;ELEMENTAL;NO_CLASS;AC#ELEMENTAL_WATER_SMALL;AC#DTWSU;;TIDINGS;8;;CONTROLLED;Lesser Water Elemental;true;;
AC#ELBL1;MONSTER;ELEMENTAL;NO_CLASS;AC#BLOOD_ELEMENTAL;AC#ELBL1;;GODCALL;16;;;Blood Elemental;;;
AC#FP1W1;MONSTER;LYCANTHROPE;WEREWOLF;WERERAT;AC#FP1W1;AC#FP1W1;stratagems;7;;;Wererat;;;
AC#FP1W2;MONSTER;LYCANTHROPE;WEREWOLF;WERERAT;AC#FP1W2;AC#FP1W2;stratagems;7;;;Wererat;;;
AC#FP1W3;MONSTER;LYCANTHROPE;WEREWOLF;WERERAT;AC#FP1W3;;stratagems;7;;;Wererat;;;
AC#FP2O1;GIANTHUMANOID;OGRE;OGRE;OGRE;AC#FP2O1;AC#FP2O1;LORETAKERS;4;;;Ogre;;Ogre;true
AC#FP2O2;GIANTHUMANOID;OGRE;OGRE;OGRE;AC#FP2O2;AC#FP2O2;LORETAKERS;4;;;Ogre;;Ogre;true
AC#FP2OT;GIANTHUMANOID;OGRE;OGRE;OGRE;AC#FP2OT;AC#FP2OT;LORETAKERS;4;;;Thrall;;Ogre;true
AC#FP2ST;GENERAL_ITEM;NO_RACE;NO_CLASS;DOOM_GUARD;AC#FP2ST;AC#FP2ST;LORETAKERS;23;;;Unholy Statue;;;
AC#FP2ZO;UNDEAD;ZOMBIE;ZOMBIE_NORMAL;ZOMBIE;AC#FP2ZO;ZOMBIE;LORETAKERS;2;;CONTROLLED;Zombie;true;;
AC#FP3EB;HUMANOID;NO_RACE;NO_CLASS;BIRD;AC#FP3EB;AC#FP3EB;LORETAKERS;1;;;The Encephalithid;;;
AC#FP3MF;HUMANOID;MIND_FLAYER;MIND_FLAYER;MINDFLAYER;AC#FP3MF;None;LORETAKERS;8;;;Mind Flayer;;;
AC#FP4S1;GENERAL_ITEM;NO_RACE;NO_CLASS;DOOM_GUARD;AC#FP4S1;AC#FP4S1;LORETAKERS;23;;;Voidspeaker;;;
AC#FP4S2;GENERAL_ITEM;NO_RACE;NO_CLASS;DOOM_GUARD;AC#FP4S2;AC#FP4S2;LORETAKERS;23;;;Voidspeaker;;;
AC#FP4S3;GENERAL_ITEM;NO_RACE;NO_CLASS;DOOM_GUARD;AC#FP4S3;AC#FP4S3;LORETAKERS;23;;;Voidspeaker;;;
AC#FP5S1;GENERAL_ITEM;NO_RACE;NO_CLASS;DOOM_GUARD;AC#FP5S1;AC#FP5S1;LORETAKERS;23;;;Voidspeaker;;;
AC#FP5S2;GENERAL_ITEM;NO_RACE;NO_CLASS;DOOM_GUARD;AC#FP5S2;AC#FP5S2;LORETAKERS;23;;;Voidspeaker;;;
AC#FP5S3;GENERAL_ITEM;NO_RACE;NO_CLASS;DOOM_GUARD;AC#FP5S3;AC#FP5S3;LORETAKERS;23;;;Voidspeaker;;;
AC#FP6S1;GENERAL_ITEM;NO_RACE;NO_CLASS;DOOM_GUARD;AC#FP6S1;AC#FP6S1;LORETAKERS;23;;;Voidspeaker;;;
AC#FP6S2;GENERAL_ITEM;NO_RACE;NO_CLASS;DOOM_GUARD;AC#FP6S2;AC#FP6S2;LORETAKERS;23;;;Voidspeaker;;;
AC#FP6S3;GENERAL_ITEM;NO_RACE;NO_CLASS;DOOM_GUARD;AC#FP6S3;AC#FP6S3;LORETAKERS;23;;;Voidspeaker;;;
AC#FP7S1;GENERAL_ITEM;NO_RACE;NO_CLASS;DOOM_GUARD;AC#FP7S1;AC#FP7S1;LORETAKERS;23;;;Voidspeaker;;;
AC#FP7S2;GENERAL_ITEM;NO_RACE;NO_CLASS;DOOM_GUARD;AC#FP7S2;AC#FP7S2;LORETAKERS;23;;;Voidspeaker;;;
AC#FP7S3;GENERAL_ITEM;NO_RACE;NO_CLASS;DOOM_GUARD;AC#FP7S3;AC#FP7S3;LORETAKERS;23;;;Voidspeaker;;;
AC#FPCLG;GIANTHUMANOID;GOLEM;GOLEM_CLAY;GOLEM_CLAY;AC#FPCLG;;LORETAKERS;9;;;Clay Golem;;ClayGolem;true
AC#FPCLY;GIANTHUMANOID;GOLEM;GOLEM_CLAY;GOLEM_CLAY;AC#FPCLG;;LORETAKERS;9;;CONTROLLED;Lesser Clay Golem;true;ClayGolem;true
AC#FPDT2;UNDEAD;BEHOLDER;BEHOLDER;BEHOLDER;AC#FPDT2;;LORETAKERS;14;;;Death Tyrant;;;
AC#FPDTY;UNDEAD;BEHOLDER;BEHOLDER;DEATH_TYRANT;AC#FPDTY;;LORETAKERS;14;;;Death Tyrant;;;
AC#FPFEY;MONSTER;CARRIONCRAWLER;CARRIONCRAWLER;FEYR;AC#FPFEY;;LORETAKERS;4;;;Feyr;;CarrionCrawler;false
AC#FPGHL;UNDEAD;GHOUL;GHOUL;GHOUL;AC#FPGHL;;LORETAKERS;2;;;Ghoul;;Ghoul;true
AC#FPGHO;HUMANOID;SPECTRE;SPECTRE;PEASANT_WOMAN;AC#FPGHO;AC#FPGHO;LORETAKERS;12;;;Aimil;;Spectre;false
AC#FPLAD;MONSTER;LYCANTHROPE;CLERIC;AC#DUSTMAN_FEMALE;AC#FPLAD;AC#FPLAD;stratagems;8;;;Etate;;;
AC#FPMDS;UNDEAD;SHADOW;FIGHTER;SHADOW;AC#FPMDS;None;LORETAKERS;3;;;Mindshadow;;Shadow;true
AC#FPMFL;HUMANOID;MIND_FLAYER;MIND_FLAYER;MINDFLAYER;mindfl01;None;LORETAKERS;8;;;Mind Flayer;;;
AC#FPMIC;HUMANOID;MEPHIT;MEPHIT;IMP;AC#FPMIC;;LORETAKERS;3;;;Ice Mephit;;;
AC#FPMMY;UNDEAD;GHOUL;GHOUL_REVEANT;MUMMY;AC#FPMMY;;LORETAKERS;7;;;Bog Mummy;;Mummy;true
AC#FPMOU;GIANTHUMANOID;ELEMENTAL;ELEMENTAL_EARTH;SHAMBLING_MOUND;AC#FPMOU;;LORETAKERS;8;;;Shambling Mound;;;
AC#FPOBL;MONSTER;SLIME;GREY_OOZE;GRAY_OOZE;AC#FPOBL;;LORETAKERS;3;;;Oblex;;WhitePudding;false
AC#FPOG4;GIANTHUMANOID;OGRE;OGRE;OGRE;AC#FPOG4;AC#FPOG4;LORETAKERS;4;;;Bagut;;Ogre;true
AC#FPOTY;MONSTER;OTYUGH;OTYUGH;OTYUGH;AC#FPOTY;;LORETAKERS;10;;;Otyugh;;;
AC#FPOX1;MONSTER;SLIME;GREEN_SLIME;ACIFER_OBLIVIAX;AC#FPOX1;;LORETAKERS;2;;;Obliviax;;GreenSlime;false
AC#FPPIP;MONSTER;SLIME;GREY_OOZE;GRAY_OOZE;AC#FPPIP;;LORETAKERS;3;;;;;WhitePudding;false
AC#FPRA2;ANIMAL;NO_RACE;NO_CLASS;RAT;AC#FPRA2;NONE;LORETAKERS;1;;;Rat;;;
AC#FPRTP;ANIMAL;NO_RACE;NO_CLASS;RAT;AC#RAT01;NONE;LORETAKERS;1;;CONTROLLED;Rat;true;;
AC#FPSHD;UNDEAD;SHADOW;FIGHTER;SHADOW;AC#FPSHD;None;LORETAKERS;3;;;Shadow;;Shadow;true
AC#FPSL2;MONSTER;SLIME;GREY_OOZE;GRAY_OOZE;AC#FPSLT;;LORETAKERS;3;;;;;WhitePudding;false
AC#FPSLT;MONSTER;SLIME;GREY_OOZE;GRAY_OOZE;AC#FPSLT;;LORETAKERS;3;;;Slithering Tracker;;SlitheringTracker;true
AC#FPSWM;ANIMAL;NO_RACE;NO_CLASS;SNAKE;AC#FPSWM;None;LORETAKERS;5;;;Sewerm;;;
AC#FPWP2;MONSTER;SLIME;MUSTARD_JELLY;GRAY_OOZE;AC#FPWPU;;LORETAKERS;9;;;White Blob;;WhitePudding;true
AC#FPWPU;MONSTER;SLIME;MUSTARD_JELLY;GRAY_OOZE;AC#FPWPU;;LORETAKERS;9;;;White Blob;;WhitePudding;true
AC#FPWRA;UNDEAD;WRAITH;WRAITH;SHADOW;AC#FPWRA;None;LORETAKERS;6;;;Wraith;;;
AC#FPWRW;MONSTER;LYCANTHROPE;MAGE;CLERIC_MALE_HUMAN;AC#FPWRW;NONE;stratagems;7;;;Ralx;;;
AC#FPWWR;MONSTER;ELEMENTAL;NO_CLASS;WATER_WEIRD;AC#FPWWR;;LORETAKERS;6;;;Water Weird;;;
AC#LARV2;HUMANOID;NO_RACE;NO_CLASS;AC#LARVA;AC#LARV2;;GODCALL;1;;;Larva;;;
AC#MANE1;HUMANOID;NO_RACE;NO_CLASS;AC#MANE;AC#MANE1;AC#MANE1;GODCALL;1;;;Mane;;;
AC#MUGG1;MONSTER;LYCANTHROPE;WEREWOLF;23901;AC#MUGG1;AC#MUGG1;stratagems;7;;;Viceak;;;
AC#MUGG2;MONSTER;LYCANTHROPE;WEREWOLF;23901;AC#MUGG2;AC#MUGG2;stratagems;7;;;Rickul;;;
AC#RAT01;ANIMAL;NO_RACE;NO_CLASS;RAT;AC#RAT01;NONE;LORETAKERS;1;;;Rat;;;
AC#ULIT1;HUMANOID;MIND_FLAYER;MIND_FLAYER;MINDFLAYER;AC#FPULI;AC#FPULI;LORETAKERS;8;;;Vuardsungulu;;;
AC#VARG1;MONSTER;DEMONIC;IMP;AC#VARGOUILLE;AC#VARG1;NONE;GODCALL;7;;;Vargouille;;;
AC#VARG3;MONSTER;DEMONIC;IMP;AC#VARGOUILLE;AC#VARG1;NONE;GODCALL;1;;;Vargouille;;;
AC#VROC2;MONSTER;DEMONIC;TANARI;AC#VROCK;AC#VROC2;AC#VROC2;GODCALL;13;;;Urkag, the Wing Seller;;;
AC#W#42A;MONSTER;DEMONIC;TANARI;SIRINE;AC#W#42A;AC#W#42A;GODCALL;12;;;Qyriesh;;;
AC#W#BE2;MONSTER;DEMONIC;TANARI;AC#BEBILITH;AC#W#BE2;AC#W#BE2;GODCALL;10;;;Zzrakh, the Bebilith;;;
AC#W#BE3;MONSTER;DEMONIC;TANARI;AC#BEBILITH;AC#W#BE3;AC#W#BE3;GODCALL;10;;;Zzrakh, the Bebilith;;;
AC#W#BEB;MONSTER;DEMONIC;TANARI;AC#BEBILITH;AC#W#BEB;AC#W#BEB;GODCALL;10;;;Zzrakh, the Bebilith;;;
AC#W#CLY;MONSTER;DEMONIC;TANARI;AC#VROCK;AC#W#CLY;AC#W#CLY;GODCALL;13;;;Clyddis;;;
AC#W#FAY;HUMANOID;TIEFLING;FIGHTER;AC#TIEFLING_MALE;AC#W#FAY;AC#W#FAY;GODCALL;18;;;Faylah;;;
AC#W#MEF;HUMANOID;TIEFLING;FIGHTER;MEFISTO_ACIFER;AC#W#MEF;AC#W#MEF;GODCALL;18;;;Mefisto;;;
AC#W#MI1;GIANTHUMANOID;OGRE;OGRE;MINOTAUR;AC#W#MI1;;GODCALL;4;;;Minotaur;;Ogre;false
AC#W#NH1;MONSTER;DEMONIC;TANARI;AC#NIGHTHAG;AC#W#NH1;AC#W#NH1;GODCALL;10;;;Zhelamiss;;;
AC#W#VE1;HUMANOID;DEMONIC;TANARI;FIGHTER_MALE_ELF;AC#W#VE1;AC#W#VE1;GODCALL;14;;;Verin;;;
AC#W#VE2;MONSTER;DEMONIC;TANARI;MARILITH;AC#W#VE2;AC#W#VE2;GODCALL;12;;;Verin;;;
AC#W#VE3;HUMANOID;DEMONIC;TANARI;FIGHTER_MALE_ELF;AC#W#VE3;AC#W#VE3;GODCALL;20;;;Verin;;;
AC#W19LI;MONSTER;SOLAR;FIGHTER;SOLAR;AC#W19LI;AC#W19LI;GODCALL;25;;;Adonia;;;
AC#W20WE;HUMANOID;NO_RACE;NO_CLASS;WIZARD_EYE;AC#W20WE;;GODCALL;10;;;Wizard Eye;;;
AC#W30A1;MONSTER;DEMONIC;TANARI;ABISHAI_BLUE;AC#W30A1;AC#W30A1;GODCALL;13;;;Aphul;;;
AC#W30A2;MONSTER;DEMONIC;TANARI;ABISHAI_GREEN;AC#W30A2;NONE;GODCALL;13;;;Abishai;;;
AC#W30F1;HUMANOID;TIEFLING;FIGHTER;FIGHTER_FEMALE_ELF;AC#W30F1;AC#W30F1;GODCALL;20;;;Alu-Fiend;;;
AC#W30F2;HUMANOID;TIEFLING;FIGHTER;FIGHTER_FEMALE_ELF;AC#W30F2;;GODCALL;20;;;Alu-Fiend;;;
AC#W30FM;HUMANOID;MEPHIT;MEPHIT;IMP;AC#W30FM;;GODCALL;3;;;Fire Mephit;;;
AC#W30GA;MONSTER;BEHOLDER;BEHOLDER;BEHOLDER_SMALL;AC#W30GA;;GODCALL;9;;;Gauth;;;
AC#W30GT;HUMANOID;GITHYANKI;FIGHTER;GITHYANKI;AC#W30GT;NONE;GODCALL;3;;;Warrior;;;
AC#W30MF;HUMANOID;MIND_FLAYER;MIND_FLAYER;MINDFLAYER;AC#W30MF;None;GODCALL;12;;;Mind Flayer;;;
AC#W30QU;HUMANOID;IMP;IMP;IMP;AC#W30QU;None;GODCALL;3;;;Quasit;;;
AC#W30RA;HUMANOID;RAKSHASA;RAKSHASA;RAKSHASA;AC#W30RA;None;GODCALL;9;;;Rakshasa;;;
AC#W30SA;MONSTER;SALAMANDER;ELEMENTAL_FIRE;SALAMANDER_FIRE;AC#W30SA;None;GODCALL;8;;;Salamander;;;
AC#W30SP;MONSTER;SPIDER;SPIDER_PHASE;SPIDER_PHASE;None;;GODCALL;5;;;Phase Spider;;PhaseSpider;false
AC#W30SQ;ANIMAL;NO_RACE;FIGHTER;SQUIRREL;AC#W30SQ;AC#W30SQ;GODCALL;1;;;Nimblebeard Rippletail;;;
AC#W30SW;MONSTER;DEMONIC;TANARI;DOOM_GUARD;AC#W30SW;AC#W30SW;GODCALL;23;;;Machine;;;
AC#W30V1;UNDEAD;VAMPIRE;VAMPIRE;VAMPIRE;AC#W30V1;AC#W30V1;GODCALL;9;;;Demidicus;;;
AC#W30V2;UNDEAD;VAMPIRE;VAMPIRE;VAMPIRE_FEMALE;AC#W30V2;AC#W30V2;GODCALL;9;;;Zabrina;;;
AC#W40A1;MONSTER;DEMONIC;IMP;ABISHAI_BLUE;AC#W40A1;;GODCALL;13;;;Aphul;;;
AC#W40A2;MONSTER;DEMONIC;IMP;ABISHAI_GREEN;AC#W40A2;NONE;GODCALL;13;;;Abishai;;;
AC#W40BB;MONSTER;DEMONIC;TANARI;AC#BABAU;AC#W40BB;AC#W40BB;GODCALL;10;;;Garnuth, the Babau;;;
AC#W40BR;MONSTER;DEMONIC;TANARI;TANARRI;AC#W40BR;AC#W40BR;GODCALL;13;;;Gorzengral;;;
AC#W40DV;MONSTER;SOLAR;NO_CLASS;FIGHTER_MALE_ELF;AC#W40DV;AC#W40DV;GODCALL;30;;;Deva;;;
AC#W40G1;MONSTER;SHADOW;SHADOW;ZOMBIE;AC#W40G1;AC#W40G1;GODCALL;13;;;Damned Soul;;Shadow;false
AC#W40GB;MONSTER;DEMONIC;TANARI;GLABREZU;AC#W40GB;AC#W40GB;GODCALL;10;;;Belthazaar;;;
AC#W40LV;HUMANOID;NO_RACE;NO_CLASS;AC#LARVA;AC#W40LV;;GODCALL;1;;;Larva;;;
AC#W40M1;HUMANOID;DEMONIC;TANARI;DRETCH_ACIFER;AC#W40M1;AC#W40M1;GODCALL;2;;;Dretch;;;
AC#W40M2;HUMANOID;TIEFLING;FIGHTER;MEFISTO_ACIFER;AC#W40M2;AC#W40M2;GODCALL;18;;;Mefisto;;;
AC#W40M3;HUMANOID;TIEFLING;FIGHTER;MEFISTO_ACIFER;AC#W40M3;AC#W40M3;GODCALL;18;;;Mefisto;;;
AC#W40MD;HUMANOID;DEMONIC;TANARI;DRETCH_ACIFER;AC#W40MD;AC#W40MD;GODCALL;2;;;Dretch;;;
AC#W40MN;HUMANOID;NO_RACE;NO_CLASS;AC#MANE;AC#W40MN;AC#W40MN;GODCALL;1;;;Mane;;;
AC#W40SW;HUMANOID;TIEFLING;MAGE;AC#TIEFLING_FEMALE;AC#W40SW;AC#W40SW;GODCALL;20;;;Tiefling;;;
AC#W40UM;HUMANOID;DEMONIC;THIEF;DEATH_KNIGHT;AC#W40UM;AC#W40UM;GODCALL;20;;;Vulgrim Darkmane;;;
AC#W40V1;MONSTER;DEMONIC;TANARI;AC#VROCK;AC#W40V1;AC#W40V1;GODCALL;13;;;Vrock;;;
AC#W40V2;MONSTER;DEMONIC;TANARI;AC#VROCK;AC#W40V2;AC#W40V2;GODCALL;13;;;Vrock;;;
AC#W40WC;GIANTHUMANOID;DEMONIC;TANARI;FIGHTER_MALE_ELF;AC#W40WC;;GODCALL;20;;;Cambion;;;
AC#W40WM;HUMANOID;NO_RACE;TANARI;AC#MANE;AC#W40WM;AC#MANE1;GODCALL;1;;;Mane;;;
AC#W40WS;MONSTER;DEMONIC;TANARI;SIRINE;AC#W40WS;None;GODCALL;12;;;Succubus;;;
AC#W40ZM;UNDEAD;ZOMBIE;ZOMBIE_NORMAL;ZOMBIE;AC#W40ZM;AC#W40ZM;GODCALL;5;;;Zombie Announcer;;;
AC#W41BH;MONSTER;BEHOLDER;BEHOLDER;BEHOLDER;AC#W41BH;AC#W41BH;GODCALL;9;;;Beholder;;;
AC#W41T1;HUMANOID;DEMONIC;ORC;ORC_MELEE;AC#W41T1;AC#W41T1;GODCALL;1;;;Tanarukk;;;
AC#W41T2;HUMANOID;DEMONIC;ORC;ORC_MELEE;AC#W41T2;AC#W41T2;GODCALL;1;;;Tanarukk;;;
AC#W41VR;MONSTER;DEMONIC;TANARI;AC#VROCK;AC#W41VR;AC#W41VR;GODCALL;10;;;Shamurz;;;
AC#W44A1;HUMANOID;TIEFLING;FIGHTER;FIGHTER_FEMALE_ELF;AC#W44A1;;GODCALL;20;;;Alu-Fiend;;;
AC#W44AL;HUMANOID;TIEFLING;FIGHTER;FIGHTER_FEMALE_ELF;AC#W44AL;AC#W44AL;GODCALL;20;;;Alu-Fiend;;;
AC#W44BL;MONSTER;DEMONIC;TANARI;TANARRI;AC#W44BL;;GODCALL;21;;;Balor;;;
AC#W44ML;MONSTER;DEMONIC;TANARI;MARILITH;AC#W44ML;;GODCALL;12;;;Marilith;;;
AC#W44S1;MONSTER;DEMONIC;TANARI;SIRINE;AC#W44S1;None;GODCALL;6;;;Succubus;;;
AC#W45LV;HUMANOID;NO_RACE;NO_CLASS;AC#LARVA;AC#W45LV;;GODCALL;1;;;Larva;;;
AC#W47LV;HUMANOID;NO_RACE;NO_CLASS;AC#LARVA;AC#W47LV;AC#W47LV;GODCALL;1;;;Larva;;;
AC#W49AL;HUMANOID;TIEFLING;FIGHTER;FIGHTER_FEMALE_ELF;AC#W49AL;AC#W49AL;GODCALL;20;;;Alu-Fiend;;;
AC#W49G1;MONSTER;DEMONIC;TANARI;THIEF_MALE_HUMAN;AC#W49G1;AC#W49G1;GODCALL;1;;;Game Master;;;
AC#W49G2;MONSTER;DEMONIC;TANARI;HARLOT_WOMAN;AC#W49G2;AC#W49G2;GODCALL;1;;;Token seller;;;
AC#W49P4;HUMANOID;TIEFLING;THIEF;AC#TIEFLING_FEMALE;AC#W49P4;AC#W49P4;GODCALL;20;;;Tiefling;;;
AC#W49S3;HUMANOID;ORC;ORC;ORC_MELEE;AC#W49S3;None;GODCALL;4;;;Orc;;;
AC#W49S4;HUMANOID;ORC;ORC;ORC_MELEE;AC#W49S4;None;GODCALL;4;;;Orc;;;
AC#W49SS;MONSTER;DEMONIC;TANARI;NOBLE_MAN;AC#W49SS;AC#W49SS;GODCALL;1;;;Game Master;;;
AC#W4ASU;MONSTER;DEMONIC;TANARI;AC#SUCCUBUS_NWN;AC#W4ASU;AC#W4ASU;GODCALL;12;;;Zaehvielle;true;;
AC#W4BB1;GIANTHUMANOID;OGRE;OGRE;AC#BAPHITAUR;AC#W4BB1;AC#W4BBS;GODCALL;4;;;Baphitaur Blacksmith;;Ogre;false
AC#W4BB2;GIANTHUMANOID;OGRE;OGRE;AC#BAPHITAUR;AC#W4BB2;AC#W4BBS;GODCALL;4;;;Baphitaur Blacksmith;;Ogre;false
AC#W4CB1;HUMANOID;DEMONIC;TANARI;BARLGURA_ACIFER;AC#W4CB1;;GODCALL;3;;;Bar-Lgura;;;
AC#W4CB2;HUMANOID;DEMONIC;TANARI;BARLGURA_ACIFER;AC#W4CB1;;GODCALL;3;;;Bar-Lgura;;;
AC#W4CB3;HUMANOID;DEMONIC;TANARI;BARLGURA_ACIFER;AC#W4CB1;;GODCALL;3;;;Bar-Lgura;;;
AC#W4CB4;HUMANOID;DEMONIC;TANARI;BARLGURA_ACIFER;AC#W4CB1;;GODCALL;3;;;Bar-Lgura;;;
AC#W4CBB;MONSTER;DEMONIC;TANARI;AC#BABAU;AC#W4CBB;AC#W4CBB;GODCALL;10;;;Referee;;;
AC#W4CCB;HUMANOID;DEMONIC;TANARI;DEATH_KNIGHT;AC#W4CCB;;GODCALL;9;;;Cambion-Baron;;;
AC#W4CD1;HUMANOID;DEMONIC;TANARI;DRETCH_ACIFER;AC#W4CD1;;GODCALL;2;;;Dretch;;;
AC#W4CD2;HUMANOID;DEMONIC;TANARI;DRETCH_ACIFER;AC#W4CD1;;GODCALL;2;;;Dretch;;;
AC#W4CD3;HUMANOID;DEMONIC;TANARI;DRETCH_ACIFER;AC#W4CD1;;GODCALL;2;;;Dretch;;;
AC#W4CD4;HUMANOID;DEMONIC;TANARI;DRETCH_ACIFER;AC#W4CD1;;GODCALL;2;;;Dretch;;;
AC#W4CDT;UNDEAD;BEHOLDER;BEHOLDER;BEHOLDER;AC#W4CDT;;GODCALL;14;;;Death Tyrant;;;
AC#W4CFS;MONSTER;DEMONIC;CLERIC;DEVA_MONADIC;AC#W4CFS;AC#W4CFS;GODCALL;25;;;Bezmodan;;;
AC#W4CM1;GIANTHUMANOID;OGRE;OGRE;MINOTAUR;Ogre;;GODCALL;4;;;Minotaur;;Ogre;false
AC#W4CM2;GIANTHUMANOID;OGRE;OGRE;MINOTAUR;Ogre;;GODCALL;4;;;Minotaur;;Ogre;false
AC#W4CM3;GIANTHUMANOID;OGRE;OGRE;MINOTAUR;Ogre;;GODCALL;4;;;Minotaur;;Ogre;false
AC#W4CM4;GIANTHUMANOID;OGRE;OGRE;MINOTAUR;Ogre;;GODCALL;4;;;Minotaur;;Ogre;false
AC#W4CP1;HUMANOID;TIEFLING;MAGE;AC#TIEFLING_MALE;AC#W4CP1;;GODCALL;20;;;Tiefling;;;
AC#W4CP2;HUMANOID;TIEFLING;THIEF;AC#TIEFLING_MALE;AC#W4CP2;;GODCALL;18;;;Tiefling;;;
AC#W4CPS;MONSTER;DEMONIC;IMP;AC#PISCOLOTH;AC#W4CPS;NONE;GODCALL;13;;;Piscoloth;;;
AC#W4CT1;HUMANOID;DEMONIC;ORC;ORC_MELEE;AC#W4CT1;;GODCALL;1;;;Tanarukk;;;
AC#W4CT2;HUMANOID;DEMONIC;ORC;ORC_MELEE;AC#W4CT1;;GODCALL;1;;;Tanarukk;;;
AC#W4CT3;HUMANOID;DEMONIC;ORC;ORC_MELEE;AC#W4CT1;;GODCALL;1;;;Tanarukk;;;
AC#W4CT4;HUMANOID;DEMONIC;ORC;ORC_MELEE;AC#W4CT1;;GODCALL;1;;;Tanarukk;;;
AC#W4DDR;HUMANOID;DEMONIC;TANARI;DRETCH_ACIFER;AC#W4DDR;AC#W4DDR;GODCALL;2;;;Grimsnag;;;
AC#W4GGB;MONSTER;DEMONIC;TANARI;GLABREZU;AC#W4GGB;AC#W4GGB;GODCALL;10;;;Belthazaar;;;
AC#W4QU1;HUMANOID;KOBOLD;KOBOLD;GOBLIN_AXE;AC#W4QU1;AC#W4QU1;GODCALL;3;;;Zeep;;;
AC#W4QU2;HUMANOID;IMP;IMP;IMP;AC#W4QU2;AC#W4QU2;GODCALL;3;;;Quasit;;;
AC#W4SSU;MONSTER;DEMONIC;TANARI;SIRINE;AC#W4SSU;AC#W4SSU;GODCALL;6;;;Daemevera;true;;
AC#W4WFY;GIANTHUMANOID;DEMONIC;THIEF;FIGHTER_MALE_ELF;AC#W4WFY;AC#W4WFY;GODCALL;20;;;Val'kreen;;;
AC#W50BE;MONSTER;DEMONIC;TANARI;AC#BEBILITH;AC#W50BE;AC#W50BE;GODCALL;10;;;Zzrakh, the Bebilith;;;
AC#W50C1;GENERAL_ITEM;NO_RACE;NO_CLASS;DOOM_GUARD;AC#W50C1;AC#W50C1;GODCALL;23;;;Tree of Cowards;;;
AC#W50G1;UNDEAD;GHOUL;GHOUL;GHOUL;AC#W50G1;;GODCALL;2;;;Ghoul;;Ghoul;false
AC#W50LV;HUMANOID;NO_RACE;NO_CLASS;AC#LARVA;AC#W50LV;;GODCALL;1;;;Larva;;;
AC#W50M1;MONSTER;DEMONIC;TANARI;THIEF_MALE_HUMAN;AC#W50M1;AC#W50M1;GODCALL;15;;;Jenkin;;;
AC#W50M2;MONSTER;DEMONIC;TANARI;MAUREZHI;AC#W50M2;;GODCALL;15;;;Maurezhi;;;
AC#W50MN;HUMANOID;NO_RACE;NO_CLASS;AC#MANE;AC#W50MN;;GODCALL;1;;;Mane;;;
AC#W51CM;GIANTHUMANOID;DEMONIC;TANARI;DEATH_KNIGHT;NONE;;GODCALL;9;;;Cambion;;;
AC#W52GF;MONSTER;NO_RACE;NO_CLASS;BLOB_MIST_CREATURE;None;None;GODCALL;1;;;Gaseous Form;;;
AC#W52SK;UNDEAD;SKELETON;SKELETON_WARRIOR;SKELETON;AC#W52SK;;STRATAGEMS;10;;;Caustic horror;;SkeletonWarrior;false
AC#W54AL;MONSTER;DEMONIC;TANARI;ALKILITH_ACIFER;AC#W54AL;;GODCALL;11;;;Alkilith;;;
AC#W56SK;UNDEAD;SKELETON;SKELETON_WARRIOR;SKELETON;AC#W56SK;;GODCALL;11;;;Skeleton Warrior;;SkeletonWarrior;false
AC#W57NY;UNDEAD;LICH;MAGE;SEER;AC#W57NY;AC#W57NY;GODCALL;9;;;Nysara, the Withered One;;;
AC#W60A1;MONSTER;DEMONIC;TANARI;ABISHAI_BLUE;AC#W60A1;AC#W60A1;GODCALL;13;;;Aphul;;;
AC#W60A2;MONSTER;DEMONIC;TANARI;ABISHAI_GREEN;AC#W60A2;AC#W60A2;GODCALL;13;;;Abishai;;;
AC#W60AM;MONSTER;DEMONIC;TANARI;AC#BARIAUR;AC#W60AM;NONE;GODCALL;5;;;Armanite;;;
AC#W60CG;MONSTER;DEMONIC;IMP;CORNUGON;AC#W60CG;AC#W60CG;GODCALL;17;;;Gazgothan;;;
AC#W60D1;HUMANOID;IMP;DRUID;CLERIC_MALE_HUMAN;AC#W60D1;;GODCALL;12;;;Disciple of Baalzebul;;;
AC#W60E1;MONSTER;DEMONIC;IMP;FIGHTER_FEMALE_ELF;AC#W60E1;None;GODCALL;18;;;Erinyes;;;
AC#W60E2;MONSTER;DEMONIC;IMP;FIGHTER_FEMALE_ELF;AC#W60E2;None;GODCALL;18;;;Erinyes Baroness;;;
AC#W60HT;MONSTER;DEMONIC;IMP;AC#HAMATULA;AC#W60HT;NONE;GODCALL;7;;;Hamatula;;;
AC#W60LM;HUMANOID;DEMONIC;IMP;LEMURE;AC#W60LM;;GODCALL;1;;;Lemure;;;
AC#W60M1;HUMANOID;IMP;FIGHTER;FIGHTER_MALE_HUMAN;AC#W60M1;;GODCALL;12;;;Bloodwar Mercenary;;;
AC#W60M2;HUMANOID;HUMAN;TANARI;FIGHTER_MALE_HUMAN;AC#W60M1;;GODCALL;12;;;Bloodwar Mercenary;;;
AC#W60M3;HUMANOID;IMP;FIGHTER;FIGHTER_MALE_DWARF;AC#W60M3;;GODCALL;12;;;Bloodwar Mercenary;;;
AC#W60M4;HUMANOID;HUMAN;TANARI;FIGHTER_MALE_HALFORC;AC#W60M4;;GODCALL;12;;;Bloodwar Mercenary;;;
AC#W60M5;HUMANOID;IMP;FIGHTER;FIGHTER_MALE_ELF;AC#W60M5;;GODCALL;12;;;Bloodwar Mercenary;;;
AC#W60M6;HUMANOID;HUMAN;TANARI;FIGHTER_MALE_ELF;AC#W60M6;;GODCALL;12;;;Bloodwar Mercenary;;;
AC#W60M7;HUMANOID;IMP;FIGHTER;FIGHTER_MALE_HALFORC;AC#W60M7;;GODCALL;12;;;Bloodwar Mercenary;;;
AC#W60MN;HUMANOID;DEMONIC;TANARI;AC#MANE;AC#W60MN;;GODCALL;1;;;Mane;;;
AC#W60T1;HUMANOID;DEMONIC;TANARI;ORC_MELEE;AC#W60T1;;GODCALL;1;;;Tanarukk;;;
AC#W60V1;MONSTER;DEMONIC;TANARI;AC#VROCK;AC#W60V1;;GODCALL;13;;;Vrock;;;
AC#W61CA;HUMANOID;DEMONIC;THIEF;DEATH_KNIGHT;AC#W61CA;AC#W61CA;GODCALL;20;;;Cambion;;;
AC#W70BB;MONSTER;DEMONIC;TANARI;AC#BABAU;AC#W70BB;None;GODCALL;10;;;Babau;;;
AC#W70P1;HUMANOID;TIEFLING;FIGHTER;FIGHTER_MALE_ELF;AC#W70P1;;GODCALL;20;;;Palrethee;;;
AC#W70QU;HUMANOID;DEMONIC;TANARI;IMP;AC#W70QU;None;GODCALL;3;;;Quasit;;;
AC#W70S1;GENERAL_ITEM;NO_RACE;NO_CLASS;DOOM_GUARD;AC#W70S1;AC#W70S1;GODCALL;23;;;Stoneface;;;
AC#W70S2;GENERAL_ITEM;NO_RACE;NO_CLASS;DOOM_GUARD;AC#W70S2;AC#W70S2;GODCALL;23;;;Stoneface;;;
AC#W70SC;MONSTER;DEMONIC;TANARI;SIRINE;AC#W70SC;None;GODCALL;6;;;Succubus;;;
AC#W71I1;MONSTER;DEMONIC;TANARI;FIGHTER_MALE_ELF;AC#W71I1;AC#W71I1;GODCALL;6;;;Vohraris, the Incubus;;;
AC#W71S1;MONSTER;DEMONIC;TANARI;SIRINE;AC#W71S1;AC#W71S1;GODCALL;6;;;Wyliniesh, the Succubus;;;
AC#W71S2;MONSTER;DEMONIC;TANARI;SIRINE;AC#W71S2;None;GODCALL;12;;;Succubus;;;
AC#W72FW;MONSTER;DEMONIC;TANARI;STATIC_SPIDER_WOMAN;AC#W72FW;AC#W72FW;GODCALL;13;;;Gulga the Boundless;;;
AC#W72OT;MONSTER;OTYUGH;OTYUGH;AC#OTYUGH_BROWN;AC#W72OT;;GODCALL;12;;;Gulgathrix;;;
AC#W73DM;MONSTER;DEMONIC;TANARI;TANARRI;AC#W73DM;AC#W73DM;GODCALL;13;;;Demon;;;
AC#W73SN;ANIMAL;NO_RACE;NO_CLASS;SNAKE;AC#W73SN;NONE;GODCALL;8;;;Envy Eater;;;
AC#W74K2;HUMANOID;DEMONIC;FIGHTER_MAGE;DEATH_KNIGHT;AC#W74K2;AC#W74KN;GODCALL;18;;;Demon Knight;;;
AC#W74KN;HUMANOID;DEMONIC;FIGHTER_MAGE;DEATH_KNIGHT;AC#W74KN;AC#W74KN;GODCALL;18;;;Demon Knight;;;
AC#W75DV;MONSTER;ANTISOLAR;NO_CLASS;DEVA_MONADIC;AC#W75DV;AC#W75DV;GODCALL;25;;;Kaiphas the Deluded;;;
AC#W76DM;MONSTER;DEMONIC;TANARI;TANARRI;AC#W76DM;AC#W76DM;GODCALL;13;;;Demon;;;
AC#W77S1;UNDEAD;SHADOW;FIGHTER;MIST_CREATURE;AC#W77S1;AC#W77S1;GODCALL;5;;;Dreamcreeper;;;
AC#W77S2;UNDEAD;SHADOW;FIGHTER;MIST_CREATURE;AC#W77S2;AC#W77S2;GODCALL;5;;;Dreamcreeper;;;
AC#W77S3;UNDEAD;SHADOW;FIGHTER;MIST_CREATURE;AC#W77S3;AC#W77S3;GODCALL;5;;;Dreamcreeper;;;
AC#W77S4;UNDEAD;SHADOW;FIGHTER;MIST_CREATURE;AC#W77S4;AC#W77S4;GODCALL;5;;;Dreamcreeper;;;
AC#W80BR;UNDEAD;ZOMBIE;GHOUL;ZOMBIE;AC#W80BR;AC#W80BR;GODCALL;2;;;Shadowsound;;;
AC#W80C1;GIANTHUMANOID;DEMONIC;TANARI;DEATH_KNIGHT;None;;GODCALL;9;;;Cambion;;;
AC#W80DV;MONSTER;SOLAR;NO_CLASS;FIGHTER_MALE_ELF;AC#W80DV;AC#W80DV;GODCALL;30;;;Maryel;;;
AC#W80GB;MONSTER;DEMONIC;TANARI;GLABREZU;AC#W80GB;None;GODCALL;10;;;Glabrezu;;;
AC#W80KG;MONSTER;DEMONIC;TANARI;OROG_CHIEFTAIN;AC#W80KG;None;GODCALL;10;;;Kastighur;;;
AC#W80LI;UNDEAD;LICH;MAGE;LICH;AC#W80LI;AC#W80LI;GODCALL;9;;;Morgrath the Corrupter;;;
AC#W80MA;MONSTER;DEMONIC;TANARI;AC#MARETTA;AC#W80MA;AC#W80MA;GODCALL;14;;;Maretta;;;
AC#W80Q1;HUMANOID;IMP;IMP;IMP;AC#W80Q1;AC#W80Q1;GODCALL;3;;;Quasit;;;
AC#W80S1;MONSTER;DEMONIC;TANARI;SIRINE;AC#W80S1;AC#W80S1;GODCALL;12;;;Helena;;;
AC#WABBK;MONSTER;DEMONIC;IMP;ABISHAI_BLACK;AC#WABBK;;GODCALL;4;;;Abishai;;;
AC#WABSR;MONSTER;DEMONIC;IMP;ABISHAI_RED;AC#WABSR;NONE;GODCALL;6;;;Red Abishai;;;
AC#WAL4A;HUMANOID;TIEFLING;FIGHTER;FIGHTER_FEMALE_ELF;AC#WAL4A;AC#WAL4A;GODCALL;20;;;Lady's Lancers;;;
AC#WALMG;HUMANOID;TIEFLING;FIGHTER;FIGHTER_FEMALE_ELF;AC#WALMG;AC#WALMG;GODCALL;20;;;Lady's Lancers;;;
AC#WALU4;HUMANOID;TIEFLING;FIGHTER;FIGHTER_FEMALE_ELF;AC#WALU4;AC#WALU4;GODCALL;20;;;Lady's Lancers;;;
AC#WALU5;HUMANOID;TIEFLING;FIGHTER;FIGHTER_FEMALE_ELF;AC#WALU5;AC#WALU5;GODCALL;20;;;Lady's Lancers;;;
AC#WALU6;HUMANOID;TIEFLING;FIGHTER;FIGHTER_FEMALE_ELF;AC#WALU6;AC#WALU6;GODCALL;20;;;Lady's Lancers;;;
AC#WALU7;HUMANOID;TIEFLING;FIGHTER;FIGHTER_FEMALE_ELF;AC#WALU7;AC#WALU7;GODCALL;20;;;Lady's Lancers;;;
AC#WALU8;HUMANOID;TIEFLING;FIGHTER;FIGHTER_FEMALE_ELF;AC#WALU8;;GODCALL;20;;;Alu-Fiend;;;
AC#WALU9;HUMANOID;TIEFLING;FIGHTER;FIGHTER_FEMALE_ELF;AC#WALU9;;GODCALL;20;;;Alu-Fiend;;;
AC#WALUR;HUMANOID;TIEFLING;FIGHTER;FIGHTER_FEMALE_ELF;AC#WALUR;AC#WALUR;GODCALL;1;;;Lady's Lancers;;;
AC#WARC1;MONSTER;DEMONIC;TANARI;ARCANALOTH_ACIFER;AC#WARC1;AC#WARC1;GODCALL;2;;;Sannak, the Arcanaloth;;;
AC#WARMA;MONSTER;DEMONIC;TANARI;AC#BARIAUR;AC#WARMA;NONE;GODCALL;5;;;Armanite;;;
AC#WARNO;HUMANOID;DEMONIC;TANARI;AC#ARANOTH;AC#WARNO;;GODCALL;1;;;Aranoth;;;
AC#WAZEL;HUMANOID;DEMONIC;THIEF;AC#MERRENOLOTH;AC#WAZEL;AC#WAZEL;GODCALL;20;;;Az'zelbath;;;
AC#WBAPH;GIANTHUMANOID;OGRE;OGRE;AC#BAPHITAUR;AC#WBAPH;;GODCALL;4;;;Baphitaur;;Ogre;false
AC#WBBAU;MONSTER;DEMONIC;TANARI;AC#BABAU;AC#WBBAU;None;GODCALL;10;;;Babau;;;
AC#WBDK1;UNDEAD;GHOUL;GHOUL;BODAK_ACIFER;AC#WBDK1;;GODCALL;2;;;Bodak;;Ghoul;false
AC#WBELD;MONSTER;DEMONIC;TANARI;GLABREZU;AC#WBELD;AC#WBELD;GODCALL;10;;;Belthazaar;;;
AC#WBLBO;UNDEAD;GHOUL;GHOUL;SKELETON;AC#WBLBO;;GODCALL;16;;;Blazing bones;;Ghoul;false
AC#WDRBL;ANIMAL;DRAGON;SHADOW_DRAGON;DRAGON_BLACK;AC#WDRBL;AC#WDRBL;GODCALL;23;;;Daugralluvidan;;;
AC#WEHU1;MONSTER;LYCANTHROPE;FIGHTER_THIEF;THIEF_MALE_HUMAN;AC#WEHU1;;stratagems;10;;;Rogue;;;
AC#WEHU2;MONSTER;LYCANTHROPE;FIGHTER_THIEF;THIEF_MALE_HUMAN;AC#WEHU2;;stratagems;10;;;Rogue;;;
AC#WEHU3;MONSTER;LYCANTHROPE;FIGHTER_THIEF;THIEF_MALE_HUMAN;AC#WEHU3;;stratagems;10;;;Rogue;;;
AC#WEHU4;MONSTER;LYCANTHROPE;FIGHTER_THIEF;THIEF_MALE_HUMAN;AC#WEHU3;;stratagems;10;;;Rogue;;;
AC#WERA1;MONSTER;LYCANTHROPE;WEREWOLF;WERERAT;AC#WERA1;NONE;stratagems;7;;;Wererat;;;
AC#WERA2;MONSTER;LYCANTHROPE;WEREWOLF;WERERAT;AC#WERA2;NONE;stratagems;7;;;Diseased Wererat;;;
AC#WERAD;MONSTER;LYCANTHROPE;WEREWOLF;WERERAT;;NONE;stratagems;7;;;;;;
AC#WGHOU;UNDEAD;GHOUL;GHOUL;GHOUL;AC#WGHOU;;GODCALL;2;;;Ghoul;;Ghoul;false
AC#WGHSU;UNDEAD;GHOUL;GHOUL_GHAST;GHAST;AC#WGHSU;;GODCALL;5;;CONTROLLED;Ghast;true;Ghast;false
AC#WGIFR;GIANTHUMANOID;GIANT;FIGHTER;GIANT_FROST;AC#WGIFR;NONE;GODCALL;14;;;Frost Giant;;;
AC#WGIFZ;UNDEAD;GIANT;ZOMBIE_NORMAL;AC#GIANT_FROST_ZOMBIE;AC#WGIFZ;NONE;GODCALL;14;;;Frost Giant Zombie;;;
AC#WGLA9;MONSTER;DEMONIC;TANARI;GLABREZU;AC#WGLA9;AC#WGLA9;GODCALL;10;;;Belthazaar;;;
AC#WGLAB;MONSTER;DEMONIC;TANARI;GLABREZU;ac#wglab;None;GODCALL;10;;;Glabrezu;;;
AC#WGLAQ;MONSTER;DEMONIC;TANARI;IMP;AC#WGLAQ;AC#WGLAQ;GODCALL;7;;;Quasit;;;
AC#WHARP;MONSTER;BASILISK;FAIRY_SIRINE;HARPY;AC#HARP1;;GODCALL;5;;;Soul Siren;;Sirine;
AC#WHEZ1;MONSTER;DEMONIC;TANARI;HEZROU_ACIFER;AC#WHEZ1;None;GODCALL;10;;;Hezrou;;;
AC#WHEZ8;MONSTER;DEMONIC;TANARI;HEZROU_ACIFER;AC#WHEZ8;None;GODCALL;10;;;Hezrou;;;
AC#WHOGB;MONSTER;DEMONIC;TANARI;GLABREZU;AC#WHOGB;None;GODCALL;10;;;Glabrezu;;;
AC#WLIL1;MONSTER;SOLAR;FIGHTER;SOLAR;AC#WLIL1;AC#WLIL1;GODCALL;25;;;Lillend;;;
AC#WLIL2;MONSTER;SOLAR;FIGHTER;SOLAR;AC#WLIL2;AC#WLIL2;GODCALL;25;;;Lillend;;;
AC#WLIL3;MONSTER;SOLAR;FIGHTER;SOLAR;AC#WLIL3;AC#WLIL3;GODCALL;25;;;Lillend;;;
AC#WLIL4;MONSTER;SOLAR;FIGHTER;SOLAR;AC#WLIL4;AC#WLIL4;GODCALL;25;;;Lillend;;;
AC#WMAR1;MONSTER;DEMONIC;TANARI;AC#MARETTA;AC#WMAR1;AC#WMAR1;GODCALL;23;;;Maretta;;;
AC#WMAR2;MONSTER;DEMONIC;TANARI;MARILITH;AC#WMAR2;AC#WMAR2;GODCALL;14;;;Nasmaerae;;;
AC#WMAUR;MONSTER;DEMONIC;TANARI;GHAST;AC#WMAUR;;GODCALL;5;;;Maurezhi;;;
AC#WMEZ1;MONSTER;DEMONIC;NO_CLASS;MEZZOLOTH_ACIFER;AC#WMEZ1;None;GODCALL;10;;;Mezzoloth;;;
AC#WMEZ4;MONSTER;DEMONIC;NO_CLASS;MEZZOLOTH_ACIFER;AC#WMEZ4;None;GODCALL;10;;;Mezzoloth;;;
AC#WMEZ6;MONSTER;DEMONIC;IMP;MEZZOLOTH_ACIFER;AC#WMEZ6;None;GODCALL;10;;;Mezzoloth;;;
AC#WMEZ8;MONSTER;DEMONIC;NO_CLASS;MEZZOLOTH_ACIFER;AC#WMEZ8;None;GODCALL;10;;;Mezzoloth;;;
AC#WMONO;MONSTER;NO_RACE;NO_CLASS;AC#MONODRON;AC#WMONO;;GODCALL;2;;;Monodrone;;;
AC#WMRL1;MONSTER;DEMONIC;TANARI;MAGE_FEMALE_ELF;AC#WMRL1;AC#WMRL1;GODCALL;14;;;Waukeen;;;
AC#WNAB1;MONSTER;DEMONIC;TANARI;TANARRI;AC#WNAB1;AC#WNAB1;GODCALL;20;;;Trar'gezal;;;
AC#WNAL1;MONSTER;DEMONIC;TANARI;NALFESHNEE_ACIFER;AC#WNAL1;AC#WNAL1;GODCALL;14;;;Margrog;;;
AC#WNAL2;MONSTER;DEMONIC;TANARI;NALFESHNEE_ACIFER;AC#WNAL2;AC#WNAL2;GODCALL;14;;;Margrog;;;
AC#WPGCH;HUMANOID;TIEFLING;MAGE;MAGE_MALE_ELF;AC#WPGCH;AC#WPGCH;GODCALL;12;;;Igraflyn;;;
AC#WPGHL;HUMANOID;TIEFLING;FIGHTER_CLERIC;CLERIC_FEMALE_ELF;AC#WPGHL;AC#WPGHL;GODCALL;17;;;Rhyssa;;;
AC#WRIM1;GIANTHUMANOID;HUMAN;MAGE;OGRE;AC#WRIMB;AC#WRIMB;LORETAKERS;10;;;Wrimbog;;Ogre;true
AC#WRUT1;MONSTER;DEMONIC;TANARI;RUTTERKIN_ACIFER;AC#WRUT1;AC#W40MN;GODCALL;1;;;Rutterkin;;;
AC#WRUT2;MONSTER;DEMONIC;TANARI;RUTTERKIN_ACIFER;AC#WRUT2;AC#W40MN;GODCALL;1;;;Rutterkin;;;
AC#WSHA2;UNDEAD;SHADOW;FIGHTER;TANARRI;AC#WSHA2;AC#WSHAF;GODCALL;5;;;Saarixal;;;
AC#WSHAF;UNDEAD;SHADOW;FIGHTER;TANARRI;AC#WSHAF;AC#WSHAF;GODCALL;5;;;Saarixal;;;
AC#WSHAS;UNDEAD;SHADOW;SHADOW;SHADOW;AC#WSHAS;None;GODCALL;4;SUMMONED;CONTROLLED;Shadow;true;Shadow;false
AC#WSPLK;HUMANOID;RAKSHASA;RAKSHASA;ORC_SHAMAN_UNDEAD;AC#WSPLK;AC#WSPLK;GODCALL;9;;;Malashrihi;;;
AC#WSTWS;MONSTER;SPIDER;SPIDER_PHASE;SPIDER_SWORD;AC#WSTWS;;GODCALL;1;;;Crotchweaver Spider;;PhaseSpider;false
AC#WTHFS;HUMANOID;GNOLL;GNOLL;THIEF_MALE_HUMAN;AC#WTHFS;;GODCALL;10;;;Maendir;;;
AC#WVROK;MONSTER;DEMONIC;TANARI;AC#VROCK;AC#WVROK;;GODCALL;13;;;Vrock;;;
AC#WWARW;HUMANOID;TIEFLING;THIEF;THIEF_MALE_ELF;AC#WWARW;AC#WWARW;GODCALL;11;;;Warwick;;;
AC#WWAU3;HUMANOID;PLANATAR;FIGHTER_CLERIC;MAGE_FEMALE_HUMAN;AC#WWAU3;AC#WWAU3;GODCALL;17;;;Waukeen;;;
AC#WXAY1;MONSTER;NO_RACE;NO_CLASS;DOOM_GUARD;AC#WXAY1;NONE;GODCALL;10;;;Xag-Ya;;;
AC#W_TRT;MONSTER;DEMONIC;TANARI;AC#VROCK;AC#W_TRT;AC#W_TRT;GODCALL;10;;;Clyddis;;;
ACANSTI;HUMANOID;SPECTRE;MAGE;MAGE_MALE_GNOME;ACANSTI;ACANSTI1;ACBRE;12;;;Anstinus;;;
ACAZZIK;HUMANOID;KOBOLD;KOBOLD;KOBOLD;ACAZZIK;ACAZZIK;ACBRE;1;;;Azzik;;;
ACDROWD1;HUMANOID;DUERGAR;FIGHTER;DROW;;;ACBRE;6;;;Dead Drow;;;
ACDROWD2;HUMANOID;DUERGAR;FIGHTER;DROW;;;ACBRE;6;;;Dead Drow;;;
ACDUECL1;HUMANOID;DUERGAR;CLERIC;CLERIC_MALE_DWARF;ACDUECL1;ACDUECL1;ACBRE;9;;;Duergar Cleric;;;
ACDUECL2;HUMANOID;DUERGAR;CLERIC;CLERIC_MALE_DWARF;ACDUECL1;ACDUERGA;ACBRE;9;;;Duergar Cleric;;;
ACDUEFI1;HUMANOID;DUERGAR;FIGHTER;FIGHTER_MALE_DWARF;ACDUEFI1;ACDUEFI1;ACBRE;6;;;Duergar Fighter;;;
ACDUEFI2;HUMANOID;DUERGAR;FIGHTER;FIGHTER_MALE_DWARF;ACDUEFI2;ACDUEFI2;ACBRE;6;;;Duergar Fighter;;;
ACDUEFI3;HUMANOID;DUERGAR;FIGHTER;FIGHTER_MALE_DWARF;ACDUEFI1;ACDUERGA;ACBRE;6;;;Duergar Fighter;;;
ACDUEFI4;HUMANOID;DUERGAR;FIGHTER;FIGHTER_MALE_DWARF;ACDUEFI2;ACDUERGA;ACBRE;6;;;Duergar Fighter;;;
ACDUEFO1;HUMANOID;DUERGAR;CLERIC;CLERIC_MALE_DWARF;ACDUEFO1;ACFORRES;ACBRE;9;;;Hargek;;;
ACDUERE1;HUMANOID;DUERGAR;FIGHTER;FIGHTER_MALE_DWARF;ACDUERE1;ACREG;ACBRE;6;;;Graschek;;;
ACFORRES;HUMANOID;DUERGAR;CLERIC;CLERIC_MALE_DWARF;ACFORRES;ACFORRES;ACBRE;14;;;Forres;;;
ACGIANT;GIANTHUMANOID;GIANT;FIGHTER;GIANT_FIRE;ACGIANT;ACGIANT;ACBRE;15;;;Yrrymyr;;;
ACGNOLL1;HUMANOID;GNOLL;GNOLL;GNOLL;ACGNOLL1;;AC_QUEST;4;;;Gnoll Chieftain;;;
ACGNOLL2;HUMANOID;GNOLL;GNOLL;GNOLL;ACGNOLL1;;AC_QUEST;2;;;Gnoll Bodyguard;;;
ACHEN;HUMANOID;STATUE;FIGHTER;FIGHTER_MALE_HUMAN;ACHEN;ACHEN;BG1;6;;;Statue;;;
ACHOLD01;MONSTER;BEHOLDER;BEHOLDER;BEHOLDER;ACHOLD01;;ACBRE;9;;;Beholder;;;
ACLICH01;UNDEAD;LICH;MAGE;LICH;ACLICH01;ACLICH01;ACBRE;9;;;Lich;;;
ACQ12003;UNDEAD;HUMAN;INNOCENT;HARLOT_WOMAN;ACQ12003;ACQ12003;AC_QUEST;1;;;Ghost;;;
ACQ13002;GIANTHUMANOID;OGRE;OGRE;OGRE;ACQ13002;ACQ13002;AC_QUEST;4;;;Ugh;;Ogre;true
ACQ13003;ANIMAL;RABBIT;FOOD_CREATURE;RABBIT;ACQ13003;ACQ13003;AC_QUEST;1;;;Rabbit;;;
ACQ16002;MONSTER;LYCANTHROPE;WEREWOLF;WEREWOLF;ACQ16002;ACQ16002;stratagems;7;;;Werewolf;;;
ACQ17003;MONSTER;DEMONIC;TANARI;TANARRI;ACQ17003;ACQ17003;AC_QUEST;13;;;Balor;;;
ACQ18001;HUMANOID;GIBBERLING;GIBBERLING;GIBBERLING;ACQ18001;;AC_QUEST;1;;;Mutated Gibberling;;;
ACQ18004;HUMANOID;GIBBERLING;GIBBERLING;GIBBERLING;ACQ18004;;AC_QUEST;1;;;Mutated Gibberling;;;
ACQ18324;HUMANOID;GIBBERLING;GIBBERLING;GIBBERLING;ACQ18324;;AC_QUEST;1;;;Mutated Gibberling;;;
ACQ18325;HUMANOID;GIBBERLING;GIBBERLING;GIBBERLING;ACQ18325;;AC_QUEST;1;;;Mutated Gibberling;;;
ACQ18611;HUMANOID;GIBBERLING;GIBBERLING;GIBBERLING;ACQ18611;;AC_QUEST;1;;;Mutated Gibberling;;;
ACSHAD01;UNDEAD;SHADOW;FIGHTER;SHADOW;shadow01;None;ACBRE;3;;;Shadow;;Shadow;true
ACTENT01;HUMANOID;DEMONIC;TANARI;DOOM_GUARD;ACTENT01;;GODCALL;1;;;Tentacle;;;
ACTENT02;HUMANOID;DEMONIC;TANARI;DOOM_GUARD;ACTENT02;;GODCALL;1;;;Tentacle;;;
ACTENT03;HUMANOID;DEMONIC;TANARI;DOOM_GUARD;ACTENT03;;GODCALL;1;;;Tentacle;;;
ACUMBHUL;MONSTER;UMBERHULK;UMBERHULK;UMBER_HULK;ACUMBHUL;;AC_QUEST;6;;;Umber Hulk;;;
ACVIRGI;ANIMAL;RABBIT;FOOD_CREATURE;RABBIT;ACVIRGI;ACVIRGI;ACBRE;1;;;;;;
ACVIRGI;ANIMAL;RABBIT;FOOD_CREATURE;RABBIT;ACVIRGI;;AC_QUEST;1;;;;;;
ACWAUKE1;HUMANOID;PLANATAR;FIGHTER_CLERIC;MAGE_FEMALE_HUMAN;ACWAUKE1;AC#WAUK1;GODCALL;17;;;Waukeen;;;
ACWAUKE2;HUMANOID;PLANATAR;FIGHTER_CLERIC;MAGE_FEMALE_HUMAN;ACWAUKE2;;GODCALL;17;;;Waukeen;;;
AD3SKLM;UNDEAD;SKELETON;SKELETON;SKELETON;AD2sklm;None;STRATAGEMS;1;SUMMONED;;Skeleton;true;Skeleton;true
AD3SKLM;UNDEAD;SKELETON;SKELETON;SKELETON;AD2sklm;None;stratagems;1;SUMMONED;;Skeleton;true;Skeleton;true
ADSKELET;UNDEAD;SKELETON;SKELETON;SKELETON;ADSKELET;None;Blackhearts;1;;;Skeleton;;Skeleton;false
AEGNOLL;HUMANOID;GNOLL;GNOLL;GNOLL;aegnoll;aegnoll;BG2;2;;;Gnoll;;;
AEMERHOB;HUMANOID;HOBGOBLIN;FIGHTER;HOBGOBLIN;aemerhob;aemerhob;BG2;1;;;Hobgoblin Archer;;;
AEWERE1;MONSTER;LYCANTHROPE;WEREWOLF;FIGHTER_MALE_HUMAN;aewere1;aewere1;STRATAGEMS;10;;;Fighter;;;
AEWERE2;MONSTER;LYCANTHROPE;FIGHTER;FIGHTER_MALE_HUMAN;aewere2;aewere2;STRATAGEMS;10;;;Fighter;;;
AEWERE3;MONSTER;LYCANTHROPE;FIGHTER;FIGHTER_MALE_HUMAN;aewere3;aewere3;STRATAGEMS;10;;;Fighter;;;
AEWERE4;MONSTER;LYCANTHROPE;FIGHTER;FIGHTER_MALE_HUMAN;aewere4;aewere4;STRATAGEMS;10;;;Fighter;;;
AEWERE5;MONSTER;LYCANTHROPE;FIGHTER;FIGHTER_MALE_HUMAN;aewere5;aewere5;STRATAGEMS;10;;;Fighter;;;
AEWERE6;MONSTER;LYCANTHROPE;FIGHTER;FIGHTER_MALE_HUMAN;aewere6;aewere6;STRATAGEMS;10;;;Fighter;;;
AIRASPEC;MONSTER;WYVERN;WYVERN;WYVERN;airaspec;;BG1;10;;;Air Aspect;;BabyWyvern;false
ALBERT;MONSTER;DEMONIC;IMP;BOY;Albert;albert;BG1;15;;;Albert;;;
ALUFIE02;HUMANOID;DEMONIC;TANARI;FIGHTER_FEMALE_ELF;None;None;BG2;20;;;Alu-Fiend;;;
AMCOW;ANIMAL;NO_RACE;NO_CLASS;COW;None;None;BG2;1;;;Cow;;;
AMDUEL01;HUMANOID;CHAIN;FIGHTER;FIGHTER_MALE_HUMAN_LOW;amduel01;ammerc07;BG2;6;;;Mercenary;;;
AMDUEL02;HUMANOID;CHAIN;FIGHTER;FIGHTER_MALE_HUMAN_LOW;amduel02;ammerc07;BG2;6;;;Mercenary;;;
AMLICH01;UNDEAD;LICH;MAGE;LICH;amlich01;amlich01;BG2;30;;;Vongoethe;;;
AMMINOT;MONSTER;UMBERHULK;UMBERHULK;MINOTAUR;None;;BG2;4;;;Minotaur;;;
AMUMBER;MONSTER;UMBERHULK;UMBERHULK;UMBER_HULK;None;;BG2;4;;;Umber Hulk;;;
AMWYVERN;MONSTER;WYVERN;MAGE;WYVERN;Wyvern;lucy;BG2;7;;;Lucy;;BabyWyvern;false
ANBASIL;MONSTER;BASILISK;BASILISK_GREATER;BASILISK_GREATER;ANbasil;;HERTHIMONEY;10;;;Giant Basilisk ;;GreaterBasilisk;true
ANBCAT;ANIMAL;CAT;NO_CLASS;CAT;ANbcat;None;HERTHIMONEY;1;;;Bank Cat;;;
ANCAYTIG;HUMANOID;HALFORC;ORC;THIEF_FEMALE_HALFORC;ANcaytig;ANCAYTIG;HERTHIMONEY;13;;;Caityga;;;
ANDRAGON;MONSTER;DRAGON;RED_DRAGON;DRAGON_WHITE_YOUNG;ANdragon;ANDRAGON;HERTHIMONEY;14;;;Odrik;;;
ANGORI;UNDEAD;HUMAN;INNOCENT;MAGE_MALE_HUMAN;ANgori;ANgori;HERTHIMONEY;9;;;Gorion;;;
ANKHEG;MONSTER;ANKHEG;ANKHEG;ANKHEG;ankheg;;VIENXAY;3;;;Ankheg;;Ankheg;true
ANKHEG01;MONSTER;ANKHEG;ANKHEG;ANKHEG;None;;BG2;3;;;Ankheg;;Ankheg;true
ANKHEGF;MONSTER;ANKHEG;ANKHEG;ANKHEG;None;;BG1;3;;;Ankheg;;Ankheg;true
ANKHEGG;MONSTER;ANKHEG;ANKHEG;ANKHEG;ankheg;;VIENXAY;3;;;Ankheg;;Ankheg;true
ANKHEGQ;MONSTER;ANKHEG;ANKHEG;ANKHEG;ankheg;;VIENXAY;3;;;Ankheg;;Ankheg;true
ANLION1;ANIMAL;CAT;HUNTER_CREATURE;GREATCAT_LEOPARD;None;;HERTHIMONEY;4;;;Mountain Lion;;Leopard;false
ANLORNA;HUMANOID;TIEFLING;THIEF;THIEF_FEMALE_ELF;ANLorna;ANLORNA;HERTHIMONEY;20;;;Lorna;;;
ANMONSTR;MONSTER;NO_RACE;NO_CLASS;REMORHAZ;ANmonstr;;HERTHIMONEY;2;;;Monster;;;
ANORC1;HUMANOID;HALFORC;ORC;FIGHTER_MALE_HALFORC;ANorc1;ANORC1;HERTHIMONEY;12;;;Galtarro;;;
ANORC2;HUMANOID;HALFORC;ORC;FIGHTER_MALE_HALFORC;ANorc2;ANORC2;HERTHIMONEY;12;;;Three-Fingered;;;
ANSAHUA1;HUMANOID;SAHUAGIN;SAHUAGIN;SAHUAGIN;ANsahua1;ANSAHUA1;HERTHIMONEY;2;;;Rarrrshituoah;;;
ANSAHUA2;HUMANOID;SAHUAGIN;SAHUAGIN;SAHUAGIN;ANsahua2;ANSAHUA2;HERTHIMONEY;2;;;Furlusialeo;;;
ANSCELET;UNDEAD;SKELETON;SKELETON_WARRIOR;SKELETON_WARRIOR;ANscelet;ANSCELET;HERTHIMONEY;13;;;Skeleton Guardian;;SkeletonWarrior;false
ANSHAKAL;HUMANOID;HALFORC;ORC;FIGHTER_MALE_HALFORC;ANshakal;ANSHAKAL;HERTHIMONEY;12;;;Jackal;;;
ANSIRENE;HUMANOID;FAIRY;FAIRY_DRYAD;SIRINE;ANsirene;ANsirene;HERTHIMONEY;2;;;Eirin;;Dryad;false
ANSTAT01;WEAPON;SWORD;GNOLL;VULTURE;anstat01;anstat01;HERTHIMONEY;10;;;Magical Sword;;;
ANSTAT02;WEAPON;SWORD;GNOLL;VULTURE;anstat02;anstat02;HERTHIMONEY;10;;;Magical Sword;;;
ANSTAT03;WEAPON;SWORD;GNOLL;VULTURE;anstat03;anstat03;HERTHIMONEY;10;;;Magical Sword;;;
ANSTAT04;WEAPON;SWORD;GNOLL;VULTURE;anstat04;anstat04;HERTHIMONEY;10;;;Magical Sword;;;
ANSTAT05;WEAPON;SWORD;GNOLL;VULTURE;anstat05;anstat05;HERTHIMONEY;10;;;Magical Sword;;;
ANSTAT06;WEAPON;SWORD;GNOLL;VULTURE;anstat06;anstat06;HERTHIMONEY;10;;;Magical Sword;;;
ANTROLL;GIANTHUMANOID;TROLL;TROLL;TROLL;ANtroll;ANTROLL;HERTHIMONEY;6;;;Kid;;;
ANWOLF1;MONSTER;WOLF;WOLF_DREAD;WOLF_DREAD;ANwolf1;;HERTHIMONEY;1;;;Dire Wolf;;DreadWolf;false
APPAR;UNDEAD;SKELETON;SKELETON;SKELETON;APPAR;APPAR;BG1;1;;;Skeleton;;Skeleton;false
AR18FAM;HUMANOID;MEPHIT;MEPHIT;IMP;AR18FAM;;BG2;3;;;Mist Mephit;;;
AR18FIG;HUMANOID;ORC;FIGHTER;OROG_ELITE;gpfight1;gpfight1;BG2;16;;;Mercenary;;;
AR18SKEL;UNDEAD;SKELETON;SKELETON_WARRIOR;SKELETON_WARRIOR;None;;BG2;9;;;Skeleton Warrior;;SkeletonWarrior;true
ARDENO;HUMANOID;HOBGOBLIN;HOBGOBLIN;HOBGOBLIN;Ardenor;ardeno;BG1;7;;;Ardenor Crush;;;
ARGHAI;GIANTHUMANOID;OGRE;OGRE_HALFOGRE;HALF_OGRE;ARGHAIN;arghai;BG1;5;;;Arghain;;HalfOgre;true
ARGHH;GIANTHUMANOID;GOLEM;GOLEM_STONE;GOLEM_CLAY;arghh;;stratagems;14;;;Argh;;StoneGolem;false
ARMY01;HUMANOID;ORC;ORC;ORC_MELEE;None;None;BG2;4;;;Orc;;;
ARNGOL01;GIANTHUMANOID;GOLEM;GOLEM_FLESH;A7!GOLEM_FLESH_PST;None;;A7-GOLEMCONSTRUCTION;9;;;Golem;;FleshGolem;false
ASHIRU;UNDEAD;SPECTRE;FIGHTER_THIEF;THIEF_FEMALE_ELF;Ashiru;None;BG1;8;;;Ashirukuru;;Spectre;false
AVARICE;HUMANOID;GOLEM;GOLEM_IRON;FIGHTER_MALE_DWARF;avarice;AVARICE;BG1;1;;;Warder;;IronGolem;false
AVARICEM;HUMANOID;GOLEM;THIEF;THIEF_MALE_DWARF;avaricem;None;stratagems;12;;;Avarice;;;
B2#AML25;MONSTER;WYVERN;CLERIC_MAGE;WYVERN_FAMILIAR;B2#AML25;B2#AML25;WINGS;8;;CONTROLLED;Ammale;true;BabyWyvern;false
B2#AMML;MONSTER;WYVERN;CLERIC_MAGE;WYVERN_FAMILIAR;B2#AMML;B2#AMML;WINGS;5;;CONTROLLED;Ammale;true;BabyWyvern;false
B2#PHNX;MONSTER;WYVERN;CLERIC_MAGE;WYVERN_FAMILIAR;B2#PHNX;;WINGS;6;;;Phoenix;;BabyWyvern;false
BAINVI;HUMANOID;PLATE;LONG_SWORD;BIRD;BAINVI;None;BG1;1;;;;;;
BALOR01;MONSTER;DEMONIC;TANARI;TANARRI;balor01;;BG2;13;;;Balor;;;
BALOR01;MONSTER;DEMONIC;TANARI;TANARRI;balor01;;BG1;13;;;Balor;;;
BANSHE01;UNDEAD;WRAITH;NO_CLASS;WAILING_VIRGIN;banshe01;banshe01;BG2;7;;;Banshee;;Banshee;true
BARESH;MONSTER;LYCANTHROPE;WEREWOLF;CLERIC_MALE_HUMAN;Baresh;baresh;stratagems;12;;;Baresh;;;
BARESH2;MONSTER;LYCANTHROPE;FIGHTER;CLERIC_MALE_HUMAN;Baresh;None;stratagems;12;;;Baresh;;;
BARUK;HUMANOID;HOBGOBLIN;HOBGOBLIN;HOBGOBLIN;Baruk;BARUK;BG1;3;;;Ba'ruk;;;
BARWLF;MONSTER;LYCANTHROPE;WEREWOLF;WEREWOLF_GREATER;None;None;stratagems;7;;;Baresh;;;
BASGRT01;MONSTER;BASILISK;BASILISK_GREATER;BASILISK_GREATER;None;;BG2;10;;;Greater Basilisk;;GreaterBasilisk;true
BASILG;MONSTER;BASILISK;BASILISK_GREATER;BASILISK_GREATER;None;;BG1;10;;;Greater Basilisk;;GreaterBasilisk;true
BASILGSU;MONSTER;BASILISK;BASILISK_GREATER;BASILISK_GREATER;None;;BG2;10,9;SUMMONED;CONTROLLED;Greater Basilisk;true;GreaterBasilisk;true
BASILGSU;MONSTER;BASILISK;BASILISK_GREATER;BASILISK_GREATER;None;;BG1;10,9;SUMMONED;CONTROLLED;Greater Basilisk;true;GreaterBasilisk;true
BASILL;MONSTER;BASILISK;BASILISK;BASILISK;None;;BG1;6;;;Lesser Basilisk;;LesserBasilisk;true
BASILLSU;MONSTER;BASILISK;BASILISK;BASILISK;None;;BG2;6,7;SUMMONED;CONTROLLED;Lesser Basilisk;true;LesserBasilisk;true
BASILLSU;MONSTER;BASILISK;BASILISK;BASILISK;None;;BG1;6,7;SUMMONED;CONTROLLED;Lesser Basilisk;true;LesserBasilisk;true
BASILMUT;MONSTER;BASILISK;BASILISK_GREATER;BASILISK_GREATER;BASILMUT;;BG1;10;;;Greater Basilisk;;GreaterBasilisk;true
BASILNAD;MONSTER;BASILISK;BASILISK_GREATER;BASILISK_GREATER;BASILNAD;;BG1;10;;;Greater Basilisk;;GreaterBasilisk;true
BASLES01;MONSTER;BASILISK;BASILISK;BASILISK;None;;BG2;6;;;Lesser Basilisk;;LesserBasilisk;true
BATFORM1;MONSTER;NO_RACE;NO_CLASS;BLOB_MIST_CREATURE;None;None;BG2;1;;;Djinni;;;
BATIN01;ANIMAL;NO_RACE;NO_CLASS;BAT_INSIDE;batin01;;BG2;1;;;Bat;;;
BATOUT01;ANIMAL;NO_RACE;NO_CLASS;BAT_OUTSIDE;batout01;;BG2;1;;;Bat;;;
BATSU;ANIMAL;NO_RACE;FOOD_CREATURE;BAT_INSIDE;None;;SPELL_REV;1;SUMMONED;;Bat;true;;
BATTHO;MONSTER;GOLEM;GOLEM_IRON;FIGHTER_MALE_HUMAN;None;None;BG1;6;;;Battle Horror;;BattleHorror;true
BAT_DOOR;ANIMAL;NO_RACE;NO_CLASS;BAT_INSIDE;None;None;BG1;1;;;Bat;;;
BAT_IN;ANIMAL;NO_RACE;MAGE;BAT_INSIDE;None;None;BG1;1;;;Bat;;;
BAT_OUT;ANIMAL;NO_RACE;NO_CLASS;BAT_OUTSIDE;None;None;BG1;1;;;Bat;;;
BAZDRA02;MONSTER;DRAGON;MAGE;DRAGON_BROWN;Bazdra02;Bazdra02;BG2;30;;;Draconis;;;
BAZDRA03;MONSTER;DRAGON;RED_DRAGON;DRAGON_GREEN;Bazdra03;Bazdra03;BG2;24;;;Fll'Yissetat;;;
BAZEYE03;HUMANOID;NO_RACE;NO_CLASS;WIZARD_EYE;bazeye03;bazeye03;BG2;1;;;Observer;;;
BAZEYE04;HUMANOID;NO_RACE;NO_CLASS;WIZARD_EYE;bazeye04;bazeye04;BG2;1;;;Observer;;;
BAZGAU01;MONSTER;BEHOLDER;BEHOLDER;BEHOLDER_SMALL;bazgau01;bazgau01;BG2;9;;;Gauth;;;
BAZLIZ03;MONSTER;YUANTI;FIGHTER;LIZARD_MAN_ELITE;Bazliz03;Bazliz03;BG2;21;;;Lizard Man;;;
BAZLIZ04;MONSTER;YUANTI;FIGHTER;LIZARD_MAN_ELITE;Bazliz04;Bazliz04;BG2;25;;;Lizard Man Captain;;;
BD302BAN;UNDEAD;WRAITH;SPECTRE;WAILING_VIRGIN;BD302BAN;;BG1;7;;;Banshee;;Banshee;true
BD302BAS;MONSTER;BASILISK;BASILISK_GREATER;BASILISK_GREATER;NONE;;BG1;10;;;Greater Basilisk;;GreaterBasilisk;true
BD328OSO;ANIMAL;BEAR;BEAR_CAVE;BEAR_CAVE;;;BG1;8;;;Cave Bear;;CaveBear;true
BDABIBLA;MONSTER;DEMONIC;IMP;ABISHAI_BLACK;BDABIBLA;;BG1;4;;;Black Abishai;;;
BDABIGRE;MONSTER;DEMONIC;IMP;ABISHAI_GREEN;BDABIGRE;;BG1;4;;;Green Abishai;;;
BDABIRED;MONSTER;DEMONIC;IMP;ABISHAI_RED;BDABIRED;;BG1;6;;;Red Abishai;;;
BDABIS1D;HUMANOID;DEMONIC;FIGHTER;ABISHAI_BLACK;BDIMP;BDIMP;BG1;6;;;Abishai;;;
BDABIS2D;HUMANOID;DEMONIC;FIGHTER;ABISHAI_RED;BDIMP;BDIMP;BG1;6;;;Abishai;;;
BDABIS3D;HUMANOID;DEMONIC;FIGHTER;ABISHAI_GREEN;BDIMP;BDIMP;BG1;6;;;Abishai;;;
BDALALAI;GIANTHUMANOID;ELEMENTAL;ELEMENTAL_FIRE;ELEMENTAL_FIRE;BDALALAI;BDALALAI;BG1;16;;;Al-Alai;;;
BDANKH01;MONSTER;ANKHEG;ANKHEG;ANKHEG;BDANKH01;;BG1;10;;;Ankheg;;Ankheg;true
BDANKHEG;MONSTER;ANKHEG;ANKHEG;ANKHEG;None;;BG1;5;;;Ankheg;;Ankheg;true
BDANKHSU;MONSTER;ANKHEG;ANKHEG;ANKHEG;BDANKHSU;;BG1;5;SUMMONED;CONTROLLED;Ankheg;true;Ankheg;true
BDARBING;GIANTHUMANOID;OGRE;FIGHTER;OGRE;BDARBING;BDARBING;BG1;7;;;Arbinge;;OgreBerserker;true
BDASHA01;HUMANOID;GNOLL;FIGHTER;GNOLL;BDASHA01;BDCRUS;BG1;10;;;Wormgums;;;
BDASHIRU;UNDEAD;SPECTRE;FIGHTER_THIEF;THIEF_FEMALE_HUMAN;BDASHIRU;NONE;BG1;12;;;Shadow Aspect;;;
BDBARRE1;GENERAL_ITEM;NO_RACE;NO_CLASS;KEG2;BDBARRE1;BDBARREL;BG1;1;;;;;;
BDBARRE2;GENERAL_ITEM;NO_RACE;NO_CLASS;KEG2;BDBARRE2;BDBARREL;BG1;1;;;;;;
BDBARRE3;GENERAL_ITEM;NO_RACE;NO_CLASS;KEG2;BDBARRE3;BDBARREL;BG1;1;;;;;;
BDBARRE4;GENERAL_ITEM;NO_RACE;NO_CLASS;KEG2;BDBARRE4;BDBARREL;BG1;1;;;;;;
BDBARRE5;GENERAL_ITEM;NO_RACE;NO_CLASS;KEG2;BDBARRE5;BDBARREL;BG1;1;;;;;;
BDBATNC;ANIMAL;NO_RACE;NO_CLASS;BAT_OUTSIDE;BDBATNC;;BG1;1;;;Bat;;;
BDBATOUT;ANIMAL;NO_RACE;NO_CLASS;BAT_OUTSIDE;BDBATOUT;None;BG1;1;;;Bat;;;
BDBATTUK;HUMANOID;HOBGOBLIN;FIGHTER;HOBGOBLIN;BDBATTUK;BDBATTUK;BG1;6;;;Battuks;;;
BDBCHICK;ANIMAL;NO_RACE;FOOD_CREATURE;CHICKEN_BROWN;None;None;BG1;1;;;Chicken;;;
BDBDOG;ANIMAL;DOG;DOG_WILD;DOG_WILD;BDBDOG;;BG1;1;;;Wild Dog;;WildDog;true
BDBEARBL;ANIMAL;BEAR;BEAR_BLACK;BEAR_BLACK;BDBEARBL;;BG1;3;;;Black Bear;;BlackBear;true
BDBEARBN;ANIMAL;BEAR;BEAR_BROWN;BEAR_BROWN;BDBEARBR;;BG1;6;;;Brown Bear;;BrownBear;true
BDBEARBR;ANIMAL;BEAR;BEAR_BROWN;BEAR_BROWN;BDBEARBR;;BG1;6;;;Grizzly Bear;;BrownBear;true
BDBEARCA;ANIMAL;BEAR;BEAR_CAVE;BEAR_CAVE;BDBEARCA;;BG1;9;;;Cave Bear;;CaveBear;true
BDBEETBH;ANIMAL;BEETLE;HUNTER_CREATURE;BEETLE_BORING;BDBEETBH;;BG1;5;;;Boring Beetle;;;
BDBEETBM;ANIMAL;BEETLE;HUNTER_CREATURE;BEETLE_BOMBARDIER;BDBEETBM;;BG1;2;;;Bombardier Beetle;;;
BDBEETBR;ANIMAL;BEETLE;HUNTER_CREATURE;BEETLE_BORING;BDBEETBR;;BG1;5;;;Boring Beetle;;;
BDBEETFM;ANIMAL;BEETLE;HUNTER_CREATURE;BEETLE_FIRE;;;BG1;1;;;Fire Beetle;;;
BDBEETMH;ANIMAL;BEETLE;HUNTER_CREATURE;BEETLE_BOMBARDIER;BDBEETMH;;BG1;2;;;Bombardier Beetle;;;
BDBEETRH;ANIMAL;BEETLE;HUNTER_CREATURE;BEETLE_RHINOCEROS;BDBEETRH;;BG1;12;;;Rhinoceros Beetle;;;
BDBELHIF;MONSTER;DEMONIC;IMP;BELHIFET;BDBELHIF;BDBELHIF;BG1;25;;;Belhifet;;;
BDBERTOR;GIANTHUMANOID;OGRE;FIGHTER;OGRE;BDBERTOR;BDBETROR;BG1;11;;;Betror;;OgreBerserker;true
BDBGOBG1;HUMANOID;GOBLIN;FIGHTER;GOBLIN_AXE;BDBGOBG1;;BG1;3;SUMMONED;;Goblin Warrior;true;;
BDBGOBG2;HUMANOID;GOBLIN;FIGHTER;GOBLIN_CAPTAIN;BDBGOBG2;;BG1;5;SUMMONED;;Goblin Chieftain;true;;
BDBGOBG3;HUMANOID;GOBLIN;FIGHTER;GOBLIN_AXE;BDBGOBG3;;BG1;3;SUMMONED;;Goblin Warrior;true;;
BDBJARN;GIANTHUMANOID;TROLL;TROLL;TROLL_SMALL;BDBJARN;BDBJARN;BG1;8;;;Bjarn Littleclub;;;
BDBOAR01;ANIMAL;MAMMAL;FOOD_CREATURE;BOAR_ARCTIC;BDBOAR01;;BG1;3;;;White Boar;;;
BDBOAR02;ANIMAL;MAMMAL;FOOD_CREATURE;BOAR_WILD;BDBOAR01;;BG1;3;;;Wild Boar;;;
BDBOAR03;ANIMAL;MAMMAL;FOOD_CREATURE;BOAR_WILD;BDBOAR03;;BG1;7;;;Old Boar;;;
BDBONBAT;UNDEAD;SKELETON;NO_CLASS;BONEBAT;;;BG1;5;;;Bonebat;;Bonebat;true
BDBONEFI;MONSTER;DEMONIC;IMP;SKELETON_FIEND;BDBONEFI;;BG1;5;;;Bone Fiend;;;
BDBRAT;ANIMAL;NO_RACE;NO_CLASS;RAT;BDBRAT;;BG1;1;;;Rat;;;
BDBRESS;ANIMAL;NO_RACE;NO_CLASS;HORSE;BDBRESS;;BG1;1;;;Bress;;;
BDBRONZE;GIANTHUMANOID;GOLEM;FIGHTER;ANIMATED_PLATE_BRONZE;BDBRONZE;;BG1;9;;;Bronze Sentry;;HelmedHorror;false
BDBSQUIR;ANIMAL;NO_RACE;NO_CLASS;SQUIRREL;BDBSQUIR;;BG1;1;;;Squirrel;;;
BDBUGB01;HUMANOID;BUGBEAR;FIGHTER;BUGBEAR;BDBUGB01;NONE;BG1;4;;;Bugbear;;;
BDBUGB02;HUMANOID;BUGBEAR;FIGHTER;BUGBEAR;BDBUGB02;NONE;BG1;4;;;Bugbear;;;
BDBUGB03;HUMANOID;BUGBEAR;FIGHTER;BUGBEAR;BDBUGB03;NONE;BG1;4;;;Bugbear;;;
BDBUGB04;HUMANOID;BUGBEAR;FIGHTER_THIEF;BUGBEAR;BDBUGB04;NONE;BG1;4;;;Bugbear Stalker;;;
BDBUGB10;HUMANOID;BUGBEAR;FIGHTER;BUGBEAR;BDBUGB10;NONE;BG1;5;;;Bugbear Veteran;;;
BDBUGB11;HUMANOID;BUGBEAR;FIGHTER;BUGBEAR;BDBUGB11;NONE;BG1;5;;;Bugbear Veteran;;;
BDBUGB12;HUMANOID;BUGBEAR;FIGHTER;BUGBEAR_CAPTAIN;BDBUGB12;NONE;BG1;6;;;Bugbear Warleader;;;
BDBUGB20;HUMANOID;BUGBEAR;CLERIC;BUGBEAR;BDBUGB20;NONE;BG1;6;;;Bugbear Shaman;;;
BDBUGB21;HUMANOID;BUGBEAR;CLERIC;BUGBEAR_SHAMAN;BDBUGB21;NONE;BG1;7;;;Bugbear Elder;;;
BDBWOOSH;HUMANOID;NO_RACE;NO_CLASS;RAT_OUTSIDE;BDBWOOSH;BDBWOOSH;BG1;1;;;;;;
BDCAELA2;HUMANOID;AASIMAR;PALADIN;FIGHTER_FEMALE_HUMAN;BDCAELAR;BDCAELAR;BG1;15;;;Caelar Argent;;;
BDCAELA3;HUMANOID;AASIMAR;FIGHTER;FIGHTER_FEMALE_HUMAN;BDCAELAR;BDCAELAR;BG1;15;;;Caelar Argent;;;
BDCAELAR;HUMANOID;AASIMAR;FIGHTER;FIGHTER_FEMALE_HUMAN;BDCAELAR;BDCAELAR;BG1;15;;;Caelar Argent;;;
BDCAELD;HUMANOID;NO_RACE;NO_CLASS;RAT;BDCAELD;BDCAELAR;BG1;1;;;Caelar Argent;;;
BDCARLIN;UNDEAD;SPECTRE;INNOCENT;NOBLE_WOMAN;BDCARLIN;BDCARLIN;BG1;3;SUMMONED;;Carline;true;;
BDCATAPU;HUMANOID;NO_RACE;NO_CLASS;BIRD;BDCATAPU;NONE;BG1;1;;;;;;
BDCCCAE;HUMANOID;AASIMAR;PALADIN;FIGHTER_FEMALE_HUMAN;BDCCCAE;BDCCCAE;BG1;18;;;Caelar Argent;;;
BDCCHOB1;HUMANOID;HOBGOBLIN;FIGHTER;HOBGOBLIN;BDCCHOB1;;BG1;7;;;Mercenary;;;
BDCCHOB2;HUMANOID;HOBGOBLIN;FIGHTER;HOBGOBLIN;BDCCHOB2;;BG1;4;;;Crusader Recruit;;;
BDCCKOB1;HUMANOID;KOBOLD;KOBOLD;KOBOLD;BDCCKOB1;;BG1;1;;;Crusader Recruit;;;
BDCCOGR1;GIANTHUMANOID;OGRE;OGRE;OGRE;BDCCOGR1;;BG1;5;;;Ogre Crusader;;Ogre;false
BDCCORC1;HUMANOID;ORC;CLERIC;ORC_SHAMAN;BDCCORC1;;BG1;5;;;Orc Crusader;;;
BDCCRAW1;MONSTER;CARRIONCRAWLER;CARRIONCRAWLER;CARRION_CRAWLER;BDCCRAW1;;BG1;3;;;Carrion Crawler;;CarrionCrawler;true
BDCHAL01;HUMANOID;ORC;FIGHTER;ORC_ELITE_MELEE;BDCHAL01;BDCRUS;BG1;12;;;Axe Poet;;;
BDCHESKI;GIANTHUMANOID;OGRE;FIGHTER;OGRE;BDCHESKI;BDCHESKI;BG1;7;;;Cheski;;OgreBerserker;true
BDCHICBR;ANIMAL;NO_RACE;FOOD_CREATURE;CHICKEN_BROWN;BDCHICBR;None;BG1;1;;;Brown Rooster;;;
BDCHICKW;ANIMAL;BIRD;FOOD_CREATURE;CHICKEN_WHITE;BDCHICKW;BDCHICKW;BG1;1;;;Chicken;;;
BDCHICWI;ANIMAL;NO_RACE;FOOD_CREATURE;CHICKEN_WHITE;BDCHICWI;None;BG1;1;;;White Rooster;;;
BDCHILD;MONSTER;DOPPLEGANGER;DOPPLEGANGER_GREATER;GIRL;BDCHILD;BDCHILD;stratagems;9;;;Girl;;;
BDCHUNKS;ANIMAL;RABBIT;FOOD_CREATURE;CHUNKS;BDRAT;None;BG1;1;;;Rat;;;
BDCOLDH;UNDEAD;LICH;MAGE;MAGE_MALE_GNOME;BDCOLDH;BDCOLDH;BG1;18;;;Coldhearth Lich;;;
BDCONCOC;MONSTER;NO_RACE;NO_CLASS;MYCONID_RED;CONCOCTOR;BDCONCOC;BG1;6;;;Concocter;;;
BDCRAWMU;MONSTER;CARRIONCRAWLER;CARRIONCRAWLER;CARRION_CRAWLER;BDCRAWMU;;BG1;6;SUMMONED;;Mutated Crawler;true;CarrionCrawler;true
BDCROMMU;UNDEAD;SPECTRE;BARD;THIEF_MALE_HUMAN;BDCROMMU;BDCROMMU;BG1;3;SUMMONED;;Crommus;true;Spectre;false
BDCRU02D;HUMANOID;HOBGOBLIN;FIGHTER;HOBGOBLIN;BDCRU02D;;BG1;4;;;Crusader Recruit;;;
BDCRU101;HUMANOID;ORC;FIGHTER;ORC_MELEE;BDCRU101;BDCRUS29;BG1;7;;;Mercenary;;;
BDCRU102;HUMANOID;HOBGOBLIN;FIGHTER;HOBGOBLIN;BDCRU102;BDCRUS29;BG1;7;;;Mercenary;;;
BDCRU103;HUMANOID;GNOLL;FIGHTER;GNOLL;BDCRU103;BDCRUS29;BG1;7;;;Mercenary;;;
BDCRU104;HUMANOID;ORC;FIGHTER;OROG_ELITE;BDCRU104;BDCRUS29;BG1;7;;;Mercenary;;;
BDCRU115;HUMANOID;KOBOLD;FIGHTER;KOBOLD;BDCRU115;BDCRUS29;BG1;6;;;Mercenary;;;
BDCRU116;HUMANOID;KOBOLD;THIEF;KOBOLD;BDCRU116;BDCRUS29;BG1;7;;;Mercenary;;;
BDCRU117;HUMANOID;HOBGOBLIN;FIGHTER;HOBGOBLIN;BDCRU117;BDCRUS29;BG1;7;;;Mercenary;;;
BDCRU118;HUMANOID;ORC;FIGHTER;ORC_RANGE;BDCRU118;BDCRUS29;BG1;7;;;Mercenary;;;
BDCRU45;HUMANOID;ORC;FIGHTER;ORC_MELEE;BDCRU45;BDCRUS;BG1;7;;;Mercenary;;;
BDCRU46;HUMANOID;HOBGOBLIN;FIGHTER;HOBGOBLIN;BDCRU46;BDCRUS;BG1;7;;;Mercenary;;;
BDCRU47;HUMANOID;GNOLL;FIGHTER;GNOLL;BDCRU47;BDCRUS;BG1;7;;;Mercenary;;;
BDCRUDOG;ANIMAL;DOG;DOG_WILD;DOG_WILD;BDDOG;;BG1;1;;;Dog;;WildDog;true
BDCRUM40;HUMANOID;ORC;FIGHTER;ORC_RANGE;BDCRUM40;BDCRUS;BG1;7;;;Mercenary;;;
BDCRUM44;HUMANOID;HOBGOBLIN;FIGHTER;HOBGOBLIN;BDCRUM44;BDCRUS;BG1;7;;;Mercenary;;;
BDCRUM45;HUMANOID;ORC;FIGHTER;ORC_MELEE;BDCRUM45;BDCRUS;BG1;7;;;Mercenary;;;
BDCRUM46;HUMANOID;OGRE;FIGHTER;OROG;BDCRUM46;BDCRUS;BG1;7;;;Mercenary;;OgreBerserker;false
BDCRUM47;HUMANOID;KOBOLD;FIGHTER;KOBOLD;BDCRUM47;BDCRUS;BG1;6;;;Mercenary;;;
BDCRUM48;HUMANOID;HOBGOBLIN;FIGHTER;HOBGOBLIN;BDCRUM48;BDCRUS;BG1;7;;;Mercenary;;;
BDCRUML7;HUMANOID;HOBGOBLIN;FIGHTER;HOBGOBLIN;BDCRUML7;BDCRUS29;BG1;7;;;Mercenary;;;
BDCRUR29;HUMANOID;KOBOLD;FIGHTER_THIEF;KOBOLD;BDCRUR29;BDCRMERC;BG1;5;;;Crusader Recruit;;;
BDCRUS10;HUMANOID;OGRE;FIGHTER;OROG;BDCRUS10;BDCRUS10;BG1;8;;;Barachus;;OgreBerserker;false
BDCRUS14;HUMANOID;HOBGOBLIN;FIGHTER;HOBGOBLIN;BDCRUS14;BDCRUS10;BG1;7;;;Twelve-Fingers;;;
BDCRUS25;HUMANOID;HOBGOBLIN;FIGHTER;HOBGOBLIN;BDCRUS25;BDCRUS29;BG1;7;;;Mercenary;;;
BDCRUS86;HUMANOID;GNOLL;FIGHTER;GNOLL;BDCRUS86;BDCRUS;BG1;7;;;Crusader;;;
BDCRUS8D;HUMANOID;BUGBEAR;FIGHTER;BUGBEAR;BDCRUS5D;;BG1;9;;;Crusader Elite;;;
BDCRUSM5;HUMANOID;HOBGOBLIN;FIGHTER;HOBGOBLIN;BDCRUSM5;BDCRUS;BG1;7;;;Mercenary;;;
BDCUT57A;MONSTER;DEMONIC;IMP;ABISHAI_GREEN;BDABIGRE;;BG1;4;;;Green Abishai;;;
BDCUT57B;MONSTER;DEMONIC;IMP;LEMURE;BDLEMURE;BDLEMURE;BG1;2;;;Lemure;;;
BDCUT57C;MONSTER;DEMONIC;IMP;ABISHAI_BLACK;BDABIBLA;;BG1;4;;;Black Abishai;;;
BDCUTID;HUMANOID;NO_RACE;NO_CLASS;BIRD;BDCUTID;NONE;BG2;1;;;;;;
BDCUTID;HUMANOID;NO_RACE;NO_CLASS;BIRD;BDCUTID;NONE;BG1;1;;;;;;
BDCUTID2;ANIMAL;NO_RACE;NO_CLASS;BIRD;BDCUTID2;NONE;BG1;1;;;;;;
BDCUTSP6;HUMANOID;NO_RACE;NO_CLASS;BIRD;BDCUTSP6;NONE;BG1;1;;;;;;
BDDAEROS;UNDEAD;SPECTRE;FIGHTER;FIGHTER_MALE_DWARF;BDDAEROS;BDDAEROS;BG1;9;;;Daeros;;;
BDDANC01;MONSTER;MIST;MIST;WILL_O_WISP_SMALL;BDDANC01;;FAITHS_AND_POWERS;1;SUMMONED;;What in the...? Is someone behind me?;true;;
BDDANC01;MONSTER;MIST;MIST;WILL_O_WISP_SMALL;BDDANC01;;BG1;1;SUMMONED;;Dancing Light;true;;
BDDANC02;MONSTER;MIST;MIST;ELEMENTAL_FIRE_SMALL_PURPLE;BDDANC02;;BG1;4;SUMMONED;;Dancing Light;true;;
BDDARSKH;HUMANOID;MIND_FLAYER;MIND_FLAYER;MINDFLAYER;BDDARSKH;BDDARSKH;BG1;8;;;Darskhelin;;;
BDDCOR01;MONSTER;DEMONIC;IMP;CORNUGON;BDDCOR01;;BG1;10;;;Cornugon;;;
BDDEAD01;UNDEAD;GHOUL;FIGHTER;DROWNED_DEAD_RED;BDDEAD01;;BG1;7;;;Drowned in Blood;;;
BDDEADM;MONSTER;NO_RACE;NO_CLASS;MYCONID_RED;BDDEADM;NONE;BG1;6;;;Myconid;;;
BDDEADO;HUMANOID;ORC;FIGHTER;OROG;BDOROG01;;BG1;3;;;Orog;;;
BDDEADOG;ANIMAL;DOG;DOG_WILD;DOG_WILD;BDDEADOG;;BG1;1;;;Wild Dog;;WildDog;true
BDDEADTH;DEAD;HUMAN;MAGE;THIEF_MALE_HUMAN;BDDEADTH;NONE;BG1;1;;;Corpse;;;
BDDEVIL1;MONSTER;DEMONIC;IMP;ABISHAI_RED;BDDEVIL1;;BG1;6;;;Red Abishai;;;
BDDEVIL2;MONSTER;DEMONIC;IMP;ABISHAI_GREEN;BDDEVIL2;;BG1;4;;;Green Abishai;;;
BDDGOB1;HUMANOID;GOBLIN;FIGHTER;GOBLIN_ELITE_AXE;BDDGOB1;;BG1;9;;;Gar Fouleye;;;
BDDGOB2;HUMANOID;GOBLIN;FIGHTER;GOBLIN_AXE;BDDGOB2;;BG1;9;;;D'mak Greatgas;;;
BDDGOB3;HUMANOID;GOBLIN;FIGHTER;GOBLIN_AXE;BDDGOB3;;BG1;4;;;Sot Darkoozing;;;
BDDGOB4;HUMANOID;GOBLIN;FIGHTER;GOBLIN_AXE;BDDGOB4;;BG1;4;;;R'gosz the Puke;;;
BDDHORSE;ANIMAL;NO_RACE;NO_CLASS;HORSE;None;None;BG1;1;;;Horse;;;
BDDISPBE;ANIMAL;CAT;CAT;GREATCAT_PANTHER;BDDISPBE;;BG1;6;;;Displacer Beast;;DisplacerBeast;true
BDDISPBP;ANIMAL;CAT;CAT;GREATCAT_PANTHER;BDDISPBP;;BG1;9;;;Displacer Pack Lord;;DisplacerBeast;true
BDDLICH;UNDEAD;LICH;MAGE;LICH;BDDLICH;BDDLICH;BG1;11;;;Lich;;;
BDDMAKGR;UNDEAD;GOBLIN;FIGHTER;GOBLIN_AXE;BDDMAKGR;BDDMAKGR;BG1;4;;;D'mak Greatgas;;;
BDDODWD;DEAD;DWARF;CLERIC;CLERIC_MALE_DWARF;;;BG1;1;;;Dwarven Cleric;;;
BDDOG;ANIMAL;DOG;INNOCENT;DOG_WILD;BDDOG;;BG1;1;;;Dog;;WildDog;true
BDDOGW01;ANIMAL;DOG;DOG_WILD;DOG_GRAY;BDDOGW01;BDDOGW01;BG1;1;;;Little Wanderer;;WildDog;true
BDDOPPGR;MONSTER;DOPPLEGANGER;DOPPLEGANGER_GREATER;DOPPLEGANGER_GREATER;BDDOPPGR;;stratagems;9;;;Greater Doppelganger;;;
BDDRGGRY;MONSTER;DRAGON;GREEN_DRAGON;WYVERN;BDDRGGRY;;BG1;11;;;Young Green Dragon;;;
BDDRIDR1;MONSTER;SPIDER;FIGHTER_CLERIC;DRIDER_FEMALE;BDDRIDR1;;BG1;7;;;Drider;;;
BDDRIDRF;MONSTER;SPIDER;FIGHTER_CLERIC;DRIDER_FEMALE;BDDRIDRF;;BG1;7;;;Drider;;;
BDDRIDRM;MONSTER;SPIDER;FIGHTER_MAGE;DRIDER_MALE;BDDRIDRM;;BG1;7;;;Drider;;;
BDDSARC4;HUMANOID;HOBGOBLIN;FIGHTER;HOBGOBLIN;BDDSARCH;BDCRUS29;BG1;7;;;Mercenary;;;
BDDYINGM;MONSTER;NO_RACE;NO_CLASS;MYCONID_RED;BDDYINGM;BDDYINGM;BG1;5;;;Dying Myconid;;;
BDEARTHE;GIANTHUMANOID;ELEMENTAL;ELEMENTAL_EARTH;ELEMENTAL_EARTH;BDEARTHE;BDEARTHE;BG1;16;;;Greater Earth Elemental;;;
BDEFREET;GIANTHUMANOID;GENIE;GENIE_EFREETI;DJINNI_LEGS;BDEFREET;;BG1;10;SUMMONED;;Efreeti;true;;
BDEINER;GIANTHUMANOID;OGRE;FIGHTER;OGRE;BDEINER;BDEINER;BG1;11;;;Einer;;OgreBerserker;true
BDELEFIR;GIANTHUMANOID;ELEMENTAL;ELEMENTAL_FIRE;ELEMENTAL_FIRE;BDELEFIR;;BG1;16;SUMMONED;;Greater Fire Elemental;true;;
BDELF1D;DEAD;ELF;FIGHTER;FIGHTER_FEMALE_ELF;;;BG1;1;;;Elf;;;
BDELF2D;DEAD;ELF;FIGHTER;FIGHTER_FEMALE_ELF;;;BG1;1;;;Elf;;;
BDELF3D;DEAD;ELF;FIGHTER;FIGHTER_MALE_ELF;;;BG1;1;;;Elf;;;
BDELF4D;DEAD;ELF;FIGHTER;FIGHTER_FEMALE_ELF;;;BG1;1;;;Elf;;;
BDELFIRG;GIANTHUMANOID;ELEMENTAL;ELEMENTAL_FIRE;ELEMENTAL_FIRE;BDELFIRG;;BG1;16;SUMMONED;;Greater Fire Elemental;true;;
BDELFIRL;GIANTHUMANOID;ELEMENTAL;ELEMENTAL_FIRE;ELEMENTAL_FIRE;BDELFIRL;;BG1;6;;;Lesser Fire Elemental;;;
BDELFIRM;GIANTHUMANOID;ELEMENTAL;ELEMENTAL_FIRE;ELEMENTAL_FIRE_SMALL;BDELFIRM;;BG1;12;SUMMONED;;Fire Elemental;true;;
BDENDLES;UNDEAD;SPECTRE;SPECTRE;GHOST;BDENDLES;BDENDLES;BG1;13;;;Endless Watcher;;Spectre;false
BDENTCOR;DEAD;HUMAN;INNOCENT;NOBLE_WOMAN;BDENTCOR;None;BG1;1;;;Corpse;;;
BDENTHOR;ANIMAL;NO_RACE;NO_CLASS;HORSE;BDENTHOR;None;BG1;1;;;Horse;;;
BDENTRAN;GIANTHUMANOID;GIANT;GIANT;CYCLOPS;BDENTRAN;BDENTRAN;BG1;13;;;Cyclops;;;
BDERINYE;MONSTER;DEMONIC;IMP;MAGE_FEMALE_ELF;BDERINYE;;BG1;6;;;Erinyes;;;
BDETTIN;UNDEAD;SPECTRE;GIANT;ETTIN_GHOST;BDETTIN;BDETTIN;BG1;10;;;Ettin Ghost;;Ettin;true
BDFEYR;MONSTER;FEYR;NO_CLASS;FEYR_GREATER;BDFEYR;;BG1;16;;;Greater Feyr;;;
BDFFDOP1;MONSTER;DOPPLEGANGER;DOPPLEGANGER;DOPPLEGANGER;BDFFDOP1;BDFFDOPP;stratagems;5;;;Doppelganger;;;
BDFINHEP;MONSTER;DEMONIC;IMP;ABISHAI_RED;BDHEPHER;;BG1;9;;;Hephernaan;;;
BDFLOSS;HUMANOID;SAHUAGIN;FIGHTER;SAHUAGIN;BDFLOSS;BDFLOSS;BG1;10;;;Floss;;;
BDFORCW1;HUMANOID;KOBOLD;FIGHTER;KOBOLD;BDFORCW1;BDCRUS;BG1;7;;;Mercenary;;;
BDFORCW3;HUMANOID;HOBGOBLIN;FIGHTER;HOBGOBLIN;BDFORCW3;BDCRUS;BG1;7;;;Mercenary;;;
BDFRAT;ANIMAL;RABBIT;FOOD_CREATURE;RAT;BDFRAT;BDFRAT;BG1;1;;;Rat;;;
BDGARFOU;UNDEAD;GOBLIN;FIGHTER;GOBLIN_ELITE_AXE;BDGARFOU;BDGARFOU;BG1;5;;;Gar Fouleye;;;
BDGAUTH;MONSTER;BEHOLDER;BEHOLDER;BEHOLDER_SMALL;BDGAUTH;BDGAUTH;BG1;7;;;Gauth;;;
BDGHAST;UNDEAD;GHOUL;GHOUL_GHAST;GHAST;BDGHAST;;BG1;4;;;Ghast;;Ghast;true
BDGHASTG;UNDEAD;GHOUL;GHOUL_GHAST;GHAST_GREATER;BDGHASTG;;BG1;7;;;Greater Ghast;;GhoulLord;true
BDGHBRSU;ANIMAL;BEAR;SHAMAN;BEAR_POLAR;NONE;;BG1;9;SUMMONED;CONTROLLED;Ghost Bear;true;PolarBear;true
BDGHOSTF;UNDEAD;SPECTRE;SPECTRE;PEASANT_WOMAN_FIGHTER;BDGHOSTF;;BG1;10;;;Ghost;;PolarBear;true
BDGHOSTM;UNDEAD;SPECTRE;SPECTRE;PEASANT_MAN_FIGHTER;BDGHOSTM;;BG1;10;;;Ghost;;Ghost;true
BDGIANHI;GIANTHUMANOID;GIANT;GIANT;GIANT_HILL;BDGIANHI;;BG1;12;;;Hill Giant;;;
BDGIANHL;GIANTHUMANOID;GIANT;FIGHTER;GIANT_HILL;BDGIANHL;;BG1;13;;;Hill Giant Leader;;;
BDGIBBBR;HUMANOID;GIBBERLING;GIBBERLING;GIBBERLING_BROOD;BDGIBBBR;;BG1;6;;;Brood Gibberling;;;
BDGNALER;HUMANOID;GNOLL;FIGHTER;GNOLL;BDGNALER;BDGNALER;BG1;7;;;GnÃƒÂ¥ler;;;
BDGNARG;HUMANOID;ORC;FIGHTER;OROG_ELITE;BDGNARG;BDGNARG;BG1;12;;;Gnarg Big-Bug;;;
BDGNARG1;HUMANOID;ORC;FIGHTER;ORC_MELEE;BDGNARG1;BDCRUS29;BG1;7;;;Mercenary;;;
BDGNARG2;HUMANOID;ORC;FIGHTER;ORC_RANGE;BDGNARG2;BDCRUS29;BG1;7;;;Mercenary;;;
BDGNARG3;HUMANOID;ORC;FIGHTER;ORC_ELITE_MELEE;BDGNARG3;BDCRUS29;BG1;7;;;Mercenary;;;
BDGNARG4;HUMANOID;ORC;DRUID;ORC_SHAMAN;BDGNARG4;BDCRUS29;BG1;9;;;Orc Shaman;;;
BDGNARG5;HUMANOID;ORC;CLERIC;ORC_SHAMAN;BDGNARG5;BDCRUS29;BG1;10;;;Orc Priest;;;
BDGOB01;HUMANOID;GOBLIN;FIGHTER;GOBLIN_BOW;BDGOB01;;BG1;1;;;Goblin Archer;;;
BDGOB02;HUMANOID;GOBLIN;FIGHTER;GOBLIN_AXE;BDGOB02;;BG1;1;;;Goblin Warrior;;;
BDGOB03;HUMANOID;GOBLIN;FIGHTER;GOBLIN_CAPTAIN;BDGOB03;;BG1;4;;;Goblin Chieftain;;;
BDGOB04;HUMANOID;GOBLIN;DRUID;GOBLIN_SHAMAN;BDGOB04;;BG1;5;;;Goblin Witch Doctor;;;
BDGOB05;HUMANOID;GOBLIN;FIGHTER;GOBLIN_WORG;BDGOB05;;BG1;3;;;Goblin Worg Rider;;;
BDGOB06;HUMANOID;GOBLIN;FIGHTER;GOBLIN_WORG_CAPTAIN;BDGOB06;;BG1;4;;;Goblin Raid Leader;;;
BDGOB07;HUMANOID;GOBLIN;FIGHTER;GOBLIN_ELITE_BOW;BDGOB07;;BG1;2;;;Goblin Sharpshooter;;;
BDGOB08;HUMANOID;GOBLIN;FIGHTER;GOBLIN_ELITE_AXE;BDGOB08;;BG1;2;;;Goblin Veteran;;;
BDGOBBO1;HUMANOID;GOBLIN;FIGHTER;GOBLIN_ELITE_AXE;BDGOBBO1;;BG1;2;;;Goblin;;;
BDGOBBO2;HUMANOID;GOBLIN;FIGHTER;GOBLIN_ELITE_BOW;BDGOBBO2;;BG1;2;;;Goblin;;;
BDGOGH01;HUMANOID;GOBLIN;FIGHTER;GOBLIN_CAPTAIN;BDGOGH01;;BG1;5;SUMMONED;CONTROLLED;Goblin Chieftain;true;;
BDGOGH02;HUMANOID;GOBLIN;FIGHTER;GOBLIN_BOW;BDGOGH02;;BG1;3;SUMMONED;CONTROLLED;Goblin Warrior;true;;
BDGOLEMF;GIANTHUMANOID;GOLEM;GOLEM_FLESH;OGRILLON;BDGOLEMF;BDGOLEMF;BG1;9;;;;;FleshGolem;false
BDGOLSTO;GIANTHUMANOID;GOLEM;GOLEM_STONE;GOLEM_CLAY;BDGOLSTO;;BG1;14;;;Stone Golem;;StoneGolem;true
BDGRIMGO;HUMANOID;ORC;FIGHTER_CLERIC;OROG_SHAMAN;BDGRIMGO;BDGRIMGO;BG1;10;;;Grimgor;;;
BDGRIZHU;ANIMAL;BEAR;HUNTER_CREATURE;BEAR_BROWN;BDGRIZHU;;BG1;6;;;Grizzly Bear;;GrizzlyBear;true
BDGURGLE;HUMANOID;SAHUAGIN;FIGHTER;SAHUAGIN_IWD;BDGURGLE;BDGURGLE;BG1;10;;;Gurgle;;;
BDHALAT;MONSTER;DRAGON;SILVER_DRAGON;DRAGON_WHITE_YOUNG;BDHALATA;BDHALAT;BG1;16;;;Halatathlaer;;;
BDHALAT2;MONSTER;DRAGON;SILVER_DRAGON;DRAGON_WHITE_YOUNG;BDHALATA;BDHALAT;BG1;16;;;Halatathlaer;;;
BDHALATA;MONSTER;DRAGON;SILVER_DRAGON;DRAGON_WHITE_YOUNG;BDHALATA;BDHALATA;BG1;16;;;Halatathlaer;;;
BDHAMADC;HUMANOID;FAIRY;FAIRY_DRYAD;SIRINE;BDHAMADC;;BG1;4;;;Corrupted Hamadryad;;Hamadryad;true
BDHAMADR;HUMANOID;FAIRY;FAIRY_DRYAD;SIRINE;BDHAMADR;;BG1;4;;;Hamadryad;;Hamadryad;true
BDHAMATU;MONSTER;DEMONIC;IMP;ABISHAI_BLUE;BDHAMATU;;BG1;7;;;Hamatula;;;
BDHELCAT;ANIMAL;DEMONIC;IMP;GREATCAT_PANTHER;BDHELCAT;;BG1;7;;;Hellcat;;Hellcat;true
BDHELP01;MONSTER;SPIDER;SPIDER_GIANT;SPIDER_GIANT;BDHELP01;;BG1;4;SUMMONED;;Giant Spider;true;GiantSpider;true
BDHELP02;ANIMAL;CAT;CAT;GREATCAT_LEOPARD;BDLION01;;BG1;4;SUMMONED;;Lion;true;Lion;true
BDHELP03;MONSTER;SPIDER;SPIDER_SWORD;SPIDER_SWORD;BDHELP03;;BG1;5;SUMMONED;;Sword Spider;true;SwordSpider;true
BDHELP04;ANIMAL;CAT;CAT;GREATCAT_PANTHER;BDHELP04;;BG1;4;SUMMONED;;Panther;true;Jaguar;true
BDHOBG01;HUMANOID;HOBGOBLIN;FIGHTER;HOBGOBLIN;BDHOBG01;;BG1;4;;;Hobgoblin Captain;;;
BDHOBG02;HUMANOID;HOBGOBLIN;FIGHTER_THIEF;HOBGOBLIN;BDHOBG02;;BG1;2;;;Hobgoblin Scout;;;
BDHOBG03;HUMANOID;HOBGOBLIN;RANGER;HOBGOBLIN;BDHOBG03;;BG1;4;;;Hobgoblin Marksman;;;
BDHOBG04;HUMANOID;HOBGOBLIN;CLERIC;HOBGOBLIN;BDHOBG04;;BG1;3;;;Hobgoblin Priest;;;
BDHOBG05;HUMANOID;HOBGOBLIN;FIGHTER;HOBGOBLIN;BDHOBG05;;BG1;3;;;Hobgoblin Veteran;;;
BDHOOKHR;MONSTER;HOOK_HORROR;HUNTER_CREATURE;HOOK_HORROR;BDHOOKHR;;BG1;5;;;Hook Horror;;;
BDIDYLET;MONSTER;SOLAR;CLERIC;SOLAR;BDIDYLET;BDIDYLET;BG1;25;;;Idyletia;;;
BDILLARU;MONSTER;DEMONIC;IMP;MAGE_FEMALE_ELF;BDILLARU;BDILLARU;BG1;9;;;Illaruel;;;
BDIMOEDO;MONSTER;DOPPLEGANGER;DOPPLEGANGER_GREATER;THIEF_FEMALE_HUMAN;BDIMOEDO;BDIMOEDO;stratagems;9;;;Imoen;;;
BDIMOITM;HUMANOID;NO_RACE;NO_CLASS;BIRD;BDIMOITM;NONE;BG1;1;;;;;;
BDIMP;HUMANOID;IMP;IMP;IMP;BDIMP;;BG1;2;;;Imp;;;
BDIMPD;HUMANOID;DEMONIC;FIGHTER;IMP;BDIMP;BDIMP;BG1;6;;;Imp;;;
BDJELLMU;MONSTER;SLIME;MUSTARD_JELLY;SLIME_MUSTARD;None;;BG1;7;;;Mustard Jelly;;MustardJelly;true
BDJELLOC;MONSTER;SLIME;OCRE_JELLY;SLIME_OCHRE;BDJELLOC;;BG1;6;;;Ochre Jelly;;OchreJelly;true
BDJUNIA2;UNDEAD;GHOUL;GHOUL;GHAST;BDJUNIA2;;BG1;8;;;Junia;;Ghoul;false
BDKAG;HUMANOID;GNOLL;GNOLL;GNOLL;BDKAG;BDKAG;BG1;2;;;Kag;;;
BDKAMBAL;HUMANOID;KOBOLD;FIGHTER;KOBOLD;BDKAMBAL;BDKAMBAL;BG1;7;;;KÃƒÂ¥mbolder;;;
BDKEG;GENERAL_ITEM;NO_RACE;NO_CLASS;KEG1;BDKEG;;BG1;1;;;Barrel;;;
BDKEG2;GENERAL_ITEM;NO_RACE;NO_CLASS;KEG1;BDKEG2;;BG1;1;;;Barrel;;;
BDKEGX;GENERAL_ITEM;NO_RACE;NO_CLASS;KEG3;BDKEGX;;BG1;1;;;Barrel;;;
BDKORDEO;GIANTHUMANOID;OGRE;OGRE_OGRILLON;OGRILLON;BDKORDEO;BDTOMB5;BG1;2;;;Ogrillon;;Ogrillon;true
BDKRUNTU;MONSTER;RABBIT;CLERIC;RABBIT;BDWELL01;BDKRUNTU;BG1;10;;;Hide Armor;;;
BDLEMURD;HUMANOID;DEMONIC;FIGHTER;LEMURE;BDLEMURE;BDLEMURE;BG1;4;;;Lemure;;;
BDLEMURE;MONSTER;DEMONIC;IMP;LEMURE;BDLEMURE;BDLEMURE;BG1;2;;;Lemure;;;
BDLITLA;UNDEAD;SPECTRE;MAGE_THIEF;THIEF_FEMALE_GNOME;BDLITLA;BDLITILA;BG1;9;;;Litla;;Ghost;true
BDLON;MONSTER;LYCANTHROPE;WOLFWERE;THIEF_MALE_HUMAN;BDLON;BDLON;stratagems;6;;;Lon;;;
BDLONWER;MONSTER;LYCANTHROPE;WEREWOLF;WEREWOLF;BDLONWER;None;stratagems;7;;;Werewolf;;;
BDMCARRI;MONSTER;CARRIONCRAWLER;CARRIONCRAWLER;CARRION_CRAWLER;BDMCARRI;;BG1;5;;;Mutated Crawler;;CarrionCrawler;true
BDMENGO;GIANTHUMANOID;GOLEM;GOLEM_STONE;GOLEM_CLAY;NONE;NONE;BG1;14;SUMMONED;;Stone Golem;true;StoneGolem;true
BDMENHIR;GENERAL_ITEM;NO_RACE;NO_CLASS;NULL_ANIMATION;NONE;NONE;BG1;1;;;Ancient Menhir;;;
BDMEPE01;HUMANOID;MEPHIT;MEPHIT;IMP;BDMEPE01;;BG1;3;;;Earth Mephit;;;
BDMEPF01;HUMANOID;MEPHIT;MEPHIT;IMP;BDMEPF01;;BG1;3;;;Fire Mephit;;;
BDMEPHIT;HUMANOID;MEPHIT;MEPHIT;IMP;NONE;;BG1;3;;;Fire Mephit;;;
BDMEPHIW;HUMANOID;MEPHIT;MEPHIT;IMP;BDMEPHIW;BDMEPHIW;BG1;3;;;Water Mephit;;;
BDMEPI01;HUMANOID;MEPHIT;MEPHIT;IMP;BDMEPI01;;BG1;3;;;Ice Mephit;;;
BDMEPL01;HUMANOID;MEPHIT;MEPHIT;IMP;BDMEPL01;;BG1;3;;;Lightning Mephit;;;
BDMEPSUE;HUMANOID;MEPHIT;MEPHIT;IMP;BDMEPSUE;;BG1;3;SUMMONED;CONTROLLED;Earth Mephit;true;;
BDMEPSUF;HUMANOID;MEPHIT;MEPHIT;IMP;BDMEPSUF;;BG1;3;SUMMONED;CONTROLLED;Fire Mephit;true;;
BDMEPSUI;HUMANOID;MEPHIT;MEPHIT;IMP;BDMEPSUI;;BG1;3;SUMMONED;CONTROLLED;Ice Mephit;true;;
BDMEPSUL;HUMANOID;MEPHIT;MEPHIT;IMP;BDMEPSUL;;BG1;3;SUMMONED;CONTROLLED;Lightning Mephit;true;;
BDMIMIC;MONSTER;MIMIC;MIMIC;DOOM_GUARD;BDMIMIC;;BG1;10;;;Killer Mimic;;;
BDMKHI7;HUMANOID;GOBLIN;SHAMAN;MKHIIN;MKHIIN;BDMKHIIN;BG1;7;;;M'Khiin;;;
BDMORENT;MONSTER;DRAGON;GREEN_DRAGON;DRAGON_GREEN_JUVENILE;BDMORENT;BDMORENT;BG1;14;;;Morentherene;;;
BDMORRUK;GIANTHUMANOID;TROLL;TROLL;TROLL;BDMORRUK;BDMORRUK;BG1;8;;;Troll;;;
BDMUMM01;UNDEAD;GHOUL;GHOUL_REVEANT;MUMMY;BDMUMM01;;BG1;6;;;Mummy;;Mummy;true
BDMUMMY;UNDEAD;GHOUL;GHOUL_REVEANT;MUMMY;BDMUMMY;BDMUMMY;BG1;9;;;Fanegonorom;;Mummy;true
BDMURS;GIANTHUMANOID;OGRE;OGRE_MAGE;OGRE_MAGE;BDMURS;BDMURS;BG1;9;;;Murs;;OgreMage;true
BDMURS2;GIANTHUMANOID;OGRE;OGRE_MAGE;OGRE_MAGE;BDMURS;BDMURS;BG1;9;;;Murs;;OgreMage;true
BDMYC01;PLANT;MYCONID;NO_CLASS;MYCONID_RED;BDMYC01;;BG1;5;;;Red Myconid;;;
BDMYCBL;PLANT;MYCONID;NO_CLASS;MYCONID_BLUE;BDMYCBL;;BG1;6;;;Blue Myconid;;;
BDMYCELD;PLANT;MYCONID;NO_CLASS;MYCONID_BLUE;BDMYCELD;BDMYCELD;BG1;6;;;Myconid Elder;;;
BDMYCRD;PLANT;MYCONID;NO_CLASS;MYCONID_RED;BDMYCRD;;BG1;5;;;Red Myconid;;;
BDMYCSU1;PLANT;MYCONID;NO_CLASS;MYCONID_RED;BDMYCSU1;;BG1;5;SUMMONED;CONTROLLED;Red Myconid;true;;
BDNAZRAM;GIANTHUMANOID;GENIE;GENIE_NOBLE_DJINNI;DJINNI;BDNAZRAM;BDNAZRAM;BG1;10;;;Nazramu;;;
BDNEO;MONSTER;ANKHEG;ANKHEG;12289;None;;BG1;3;;;Ankheg;;Ankheg;true
BDNEOTHE;MONSTER;MIND_FLAYER;NEOTHELID;12289;BDNEOTHE;;BG1;16;;;Neothelid;;;
BDNEREID;HUMANOID;FAIRY;FAIRY_NEREID;SIRINE;BDNEREID;;BG1;4;;;Nereid;;Dryad;false
BDNOREST;HUMANOID;NO_RACE;NO_CLASS;BIRD;BDNOREST;NONE;BG1;1;;;;;;
BDNUBER1;UNDEAD;HUMAN;NO_CLASS;PEASANT_MAN_FIGHTER;BDNUBER1;BDNUBER;BG1;1;;;NÃƒÂ¼ber;;;
BDNUBER2;UNDEAD;HUMAN;NO_CLASS;FIGHTER_MALE_HUMAN;BDNUBER2;BDNUBER;BG1;1;;;NÃƒÂ¼ber;;;
BDNYMP01;HUMANOID;FAIRY;DRUID;SIRINE;BDNYMP01;;BG1;7;;;Nymph;;Nymph;true
BDNYMP02;HUMANOID;FAIRY;DRUID;SIRINE;BDNYMP02;;BG1;7;;;Corrupted Nymph;;Nymph;true
BDOCK1;GIANTHUMANOID;OGRE;OGRE;OGRE;BDock1;bdock1;BG2;4;;;Dockhand Ogre;;Ogre;false
BDOCK2;GIANTHUMANOID;OGRE;OGRE;OGRE;BDock2;bdock2;BG2;4;;;Dockhand Ogre;;Ogre;false
BDOFFSCR;HUMANOID;NO_RACE;NO_CLASS;BIRD;BDOFFSCR;NONE;BG2;1;;;;;;
BDOGRE01;GIANTHUMANOID;OGRE;OGRE;OGRE;BDOGRE01;;BG1;4;;;Ogre;;Ogre;true
BDOGRE02;GIANTHUMANOID;OGRE;FIGHTER;OGRE;BDOGRE02;;BG1;5;;;Ogre Berserker;;OgreBerserker;true
BDOGRE03;GIANTHUMANOID;OGRE;FIGHTER_MAGE;OGRE_MAGE;BDOGRE03;;BG1;5;;;Ogre Mage;;OgreMage;true
BDOGRE04;GIANTHUMANOID;OGRE;FIGHTER;HALF_OGRE;BDOGRE04;;BG1;5;;;Half-Ogre Veteran;;HalfOgre;true
BDOGRE05;GIANTHUMANOID;OGRE;SHAMAN;OGRE_MAGE;BDOGRE05;;BG1;6;;;Ogre Shaman;;OgreShaman;true
BDOGRE06;GIANTHUMANOID;OGRE;FIGHTER;OGRE;BDOGRE06;;BG1;7;;;Ogre Chieftain;;OgreBerserker;true
BDOGRE1D;GIANTHUMANOID;OGRE;OGRE;OGRE;BDOGREM;BDOGREM;BG1;4;;;Ogre;;Ogre;true
BDOGREDS;GIANTHUMANOID;OGRE;FIGHTER;OGRE;BDOGREDS;BDOGREDS;BG1;7;;;Ogre Berserker;;OgreBerserker;true
BDOGREF;GIANTHUMANOID;OGRE;OGRE;OGRE;BDOGREF;BDOGREF;BG1;4;;;Ogre;;Ogre;true
BDOGREM;GIANTHUMANOID;OGRE;OGRE;OGRE;BDOGREM;BDOGREM;BG1;5;;;Ogre;;Ogre;true
BDORC01;HUMANOID;ORC;ORC;ORC_MELEE;orc01;None;BG1;4;;;Half-Orc;;;
BDORC02;HUMANOID;ORC;ORC;ORC_SHAMAN;orc01;None;BG1;4;;;Half-Orc;;;
BDORC1D;DEAD;ORC;FIGHTER;ORC_MELEE;;;BG1;1;;;Orc Warrior;;;
BDORC2D;DEAD;ORC;FIGHTER;ORC_RANGE;;;BG1;1;;;Orc Archer;;;
BDOROG01;HUMANOID;ORC;FIGHTER;OROG;BDOROG01;;BG1;3;;;Orog;;;
BDOROG02;HUMANOID;ORC;FIGHTER;OROG_ELITE;BDOROG02;;BG1;5;;;Orog Elite;;;
BDOROG03;HUMANOID;ORC;CLERIC;OROG_SHAMAN;BDOROG03;;BG1;5;;;Orog Priest;;;
BDOROG04;HUMANOID;ORC;SHAMAN;OROG_SHAMAN;BDOROG04;;BG1;6;;;Orog Shaman;;;
BDOROG05;HUMANOID;ORC;FIGHTER_THIEF;OROG_ELITE;BDOROG05;;BG1;4;;;Orog Marauder;;;
BDOROG1D;DEAD;ORC;FIGHTER;OROG;;;BG1;1;;;Orog;;;
BDOROG2D;DEAD;ORC;FIGHTER;OROG_SHAMAN;;;BG1;1;;;Orog Priest;;;
BDOROGSG;HUMANOID;ORC;FIGHTER;OROG_CHIEFTAIN;BDOROGSG;;BG1;5;;;Orog Chieftain;;;
BDOTYG01;MONSTER;OTYUGH;OTYUGH;OTYUGH;BDOTYG01;;BG1;12;;;Neo-Otyugh;;;
BDOTYG02;MONSTER;OTYUGH;OTYUGH;OTYUGH;BDOTYG02;;BG1;8;;;Otyugh;;;
BDPCCASH;HUMANOID;NO_RACE;NO_CLASS;BIRD;BDPCCASH;NONE;BG1;1;;;;;;
BDPETSG;GIANTHUMANOID;GOLEM;GOLEM_STONE;GOLEM_MINI;BDPETSG;;A7-GolemConstruction;10;;;Lesser Stone Golem;;StoneGolem;false
BDPETSG2;GIANTHUMANOID;GOLEM;GOLEM_STONE;GOLEM_MINI;BDPETSG2;BDPETSG;A7-GolemConstruction;10;;;Lesser Stone Golem;;StoneGolem;false
BDPETSGS;GIANTHUMANOID;GOLEM;GOLEM_STONE;GOLEM_MINI;BDPETSGS;;A7-GolemConstruction;10;SUMMONED;CONTROLLED;Lesser Stone Golem;true;StoneGolem;false
BDPRISD1;ANIMAL;DOG;DOG_WAR;DOG_WAR;BDPRISD1;;BG1;1;;;Dog;;WarDog;true
BDPRISD2;ANIMAL;DOG;DOG_WAR;DOG_WAR;BDPRISD2;;BG1;1;;;Dog;;WarDog;true
BDPRISGU;HUMANOID;ORC;FIGHTER;ORC_MELEE;BDPRISGU;BDCRUS;BG1;7;;;Mercenary;;;
BDPUDDBL;MONSTER;SLIME;GREY_OOZE;BLACK_PUDDING;BDPUDDBL;;BG1;10;;;Black Pudding;;BlackPudding;true
BDPWATER;HUMANOID;FAIRY;FAIRY_NEREID;SIRINE;BDPWATER;BDPWATER;BG1;9;;;Nereid;;Dryad;false
BDRAGGEM;HUMANOID;GOBLIN;DRUID;GOBLIN_SHAMAN;BDRAGGEM;BDRAGGEM;BG1;5;;;Raggemos;;;
BDRAT;ANIMAL;RABBIT;FOOD_CREATURE;RAT_OUTSIDE;BDRAT;None;BG1;1;;;Rat;;;
BDRAT2;ANIMAL;RABBIT;FOOD_CREATURE;RAT_OUTSIDE;BDRAT2;None;BG1;1;;;Rat;;;
BDRATDIE;ANIMAL;RABBIT;FOOD_CREATURE;RAT_OUTSIDE;BDRAT;None;BG1;1;;;Rat;;;
BDRATNC;ANIMAL;RABBIT;FOOD_CREATURE;RAT_OUTSIDE;BDRATNC;;BG1;1;;;Rat;;;
BDRGOSZ;UNDEAD;GOBLIN;FIGHTER;GOBLIN_AXE;BDRGOSZ;BDRGOSZ;BG1;4;;;R'gosz the Puke;;;
BDRIDER1;HUMANOID;GOBLIN;FIGHTER;GOBLIN_WORG;BDRIDER1;;BG1;3;;;Worg Rider;;;
BDRIDER2;HUMANOID;GOBLIN;FIGHTER;GOBLIN_WORG;BDRIDER2;;BG1;5;;;Worg Rider;;;
BDSABN;HUMANOID;GOBLIN;FIGHTER;GOBLIN_WORG_CAPTAIN;BDSABN;;BG1;5;;;Sab'n;;;
BDSAC03;UNDEAD;ZOMBIE;ZOMBIE_NORMAL;ZOMBIE;BDSAC03;ZOMBIE;BG1;2;;;Zombie;;;
BDSALF01;MONSTER;SALAMANDER;ELEMENTAL_FIRE;SALAMANDER_FIRE;BDSALF01;;BG1;7;;;Fire Salamander;;;
BDSCRY;GENERAL_ITEM;NO_RACE;NO_CLASS;NULL_ANIMATION;BDSCRY;BDSCRY;BG1;1;;;Scrying Pool;;;
BDSDDD13;ANIMAL;NO_RACE;NO_CLASS;BIRD;BDSDDD13;None;BG1;1;;;Bird;;;
BDSEMAHL;GIANTHUMANOID;GIANT;FIGHTER;GIANT_VERBEEG;BDSEMAHL;BDSEMAHL;BG1;13;;;Semahl;;;
BDSENTRY;GIANTHUMANOID;GOLEM;NO_CLASS;ANIMATED_PLATE_BRONZE;BDSENTRY;;BG1;9;;;Sentry of Tempus;;;
BDSERVSU;MONSTER;ELEMENTAL;ELEMENTAL_AIR;ELEMENTAL_AIR_SMALL;NONE;;BG1;16;SUMMONED;;Aerial Servant;true;;
BDSHA01A;ANIMAL;NO_RACE;NO_CLASS;WOLF_DIRE;BDSHA01A;;BG2;2;SUMMONED;CONTROLLED;Fox Spirit;true;;
BDSHA01A;ANIMAL;NO_RACE;NO_CLASS;WOLF_DIRE;BDSHA01A;;BG1;2;SUMMONED;CONTROLLED;Fox Spirit;true;;
BDSHA01B;ANIMAL;NO_RACE;NO_CLASS;SNAKE;BDSHA01B;;BG2;2;SUMMONED;CONTROLLED;Snake Spirit;true;;
BDSHA01B;ANIMAL;NO_RACE;NO_CLASS;SNAKE;BDSHA01B;;BG1;2;SUMMONED;CONTROLLED;Snake Spirit;true;;
BDSHA01C;ANIMAL;DOG;DOG_WAR;DOG_WAR;BDSHAM1C;;BG2;2;SUMMONED;CONTROLLED;Hound Spirit;true;SpectralHound;true
BDSHA01C;ANIMAL;DOG;DOG_WAR;DOG_WAR;BDSHAM1C;;BG1;2;SUMMONED;CONTROLLED;Hound Spirit;true;SpectralHound;true
BDSHA06A;ANIMAL;NO_RACE;NO_CLASS;BEAR_BROWN;BDSHA06A;;BG2;4;SUMMONED;CONTROLLED;Bear Spirit;true;;
BDSHA06A;ANIMAL;NO_RACE;NO_CLASS;BEAR_BROWN;BDSHA06A;;BG1;4;SUMMONED;CONTROLLED;Bear Spirit;true;;
BDSHA06B;ANIMAL;NO_RACE;NO_CLASS;GREATCAT_PANTHER;BDSHA06B;;BG2;4;SUMMONED;CONTROLLED;Panther Spirit;true;;
BDSHA06B;ANIMAL;NO_RACE;NO_CLASS;GREATCAT_PANTHER;BDSHA06B;;BG1;4;SUMMONED;CONTROLLED;Panther Spirit;true;;
BDSHA06C;ANIMAL;NO_RACE;NO_CLASS;BOAR_ARCTIC;BDSHA06C;;BG2;4;SUMMONED;CONTROLLED;Boar Spirit;true;;
BDSHA06C;ANIMAL;NO_RACE;NO_CLASS;BOAR_ARCTIC;BDSHA06C;;BG1;4;SUMMONED;CONTROLLED;Boar Spirit;true;;
BDSHA12A;GIANTHUMANOID;ELEMENTAL;ELEMENTAL_FIRE;ELEMENTAL_FIRE_SMALL;BDSHA12A;;BG2;8;SUMMONED;CONTROLLED;Lesser Fire Spirit;true;;
BDSHA12A;GIANTHUMANOID;ELEMENTAL;ELEMENTAL_FIRE;ELEMENTAL_FIRE_SMALL;BDSHA12A;;BG1;8;SUMMONED;CONTROLLED;Lesser Fire Spirit;true;;
BDSHA12B;GIANTHUMANOID;ELEMENTAL;ELEMENTAL_AIR;ELEMENTAL_AIR_SMALL;BDSHA12B;;BG2;8;SUMMONED;CONTROLLED;Lesser Air Spirit;true;;
BDSHA12B;GIANTHUMANOID;ELEMENTAL;ELEMENTAL_AIR;ELEMENTAL_AIR_SMALL;BDSHA12B;;BG1;8;SUMMONED;CONTROLLED;Lesser Air Spirit;true;;
BDSHA12C;GIANTHUMANOID;ELEMENTAL;ELEMENTAL_EARTH;ELEMENTAL_EARTH_SMALL;BDSHA12C;;BG2;8;SUMMONED;CONTROLLED;Lesser Earth Spirit;true;;
BDSHA12C;GIANTHUMANOID;ELEMENTAL;ELEMENTAL_EARTH;ELEMENTAL_EARTH_SMALL;BDSHA12C;;BG1;8;SUMMONED;CONTROLLED;Lesser Earth Spirit;true;;
BDSHA18A;GIANTHUMANOID;ELEMENTAL;ELEMENTAL_FIRE;ELEMENTAL_FIRE;BDSHA18A;;BG2;12;SUMMONED;CONTROLLED;Fire Spirit;true;;
BDSHA18A;GIANTHUMANOID;ELEMENTAL;ELEMENTAL_FIRE;ELEMENTAL_FIRE;BDSHA18A;;BG1;12;SUMMONED;CONTROLLED;Fire Spirit;true;;
BDSHA18B;GIANTHUMANOID;ELEMENTAL;ELEMENTAL_AIR;ELEMENTAL_AIR;BDSHA18B;;BG2;12;SUMMONED;CONTROLLED;Air Spirit;true;;
BDSHA18B;GIANTHUMANOID;ELEMENTAL;ELEMENTAL_AIR;ELEMENTAL_AIR;BDSHA18B;;BG1;12;SUMMONED;CONTROLLED;Air Spirit;true;;
BDSHA18C;GIANTHUMANOID;ELEMENTAL;ELEMENTAL_EARTH;ELEMENTAL_EARTH;BDSHA18C;;BG2;12;SUMMONED;CONTROLLED;Earth Spirit;true;;
BDSHA18C;GIANTHUMANOID;ELEMENTAL;ELEMENTAL_EARTH;ELEMENTAL_EARTH;BDSHA18C;;BG1;12;SUMMONED;CONTROLLED;Earth Spirit;true;;
BDSHAD02;UNDEAD;SHADOW;SHADOW;SHADOW;BDSHAD02;;BG1;5;;;Angry Spirit;;Shadow;true
BDSHAD04;UNDEAD;SHADOW;SHADOW;SHADOW;BDSHAD02;;BG1;5;;;Shadow;;Shadow;true
BDSHADGR;UNDEAD;SHADOW;SHADOW;SHADOW_LARGE;BDSHADGR;;BG1;9;;;Greater Shadow;;GreaterShadow;true
BDSHADOW;UNDEAD;SHADOW;SHADOW;SHADOW_LARGE;BDSHADOW;BDSHADOW;BG1;9;;;Greater Shadow;;GreaterShadow;true
BDSHAMB;PLANT;SHAMBLING_MOUND;0;SHAMBLING_MOUND;BDSHAMB;;BG1;8;;;Shambling Mound;;;
BDSHJELL;MONSTER;SLIME;OCRE_JELLY;SLIME_OCHRE;BDSHJELL;;BG1;6;;;Ochre Jelly;;OchreJelly;true
BDSHKFAM;HUMANOID;MEPHIT;MEPHIT;IMP;BDSHKFAM;;BG1;3;;;Korlasz's Familiar;;;
BDSHME03;HUMANOID;GNOLL;FIGHTER;GNOLL;BDSHME03;;BG1;3;;;Gnoll Slasher;;;
BDSHRIE2;PLANT;SHRIEKER;NO_CLASS;SHRIEKER;BDSHRIE2;;BG1;3;;;Shrieker;;;
BDSHRIEK;PLANT;SHRIEKER;FOOD_CREATURE;SHRIEKER;BDSHRIEK;;BG1;3;;;Shrieker;;;
BDSHSOUL;UNDEAD;SHADOW;SHADOW;SHADOW_SMALL;;;BG1;7;;;Shadowed Soul;;Shadow;true
BDSHZOM1;UNDEAD;ZOMBIE;ZOMBIE_NORMAL;ZOMBIE_YELLOW;;;BG1;2;;;Zombie;;;
BDSICKLY;HUMANOID;GOBLIN;FIGHTER;GOBLIN_BOW;BDSICKLY;BDSICKLY;BG1;4;;;Sickly;;;
BDSKGR00;UNDEAD;SKELETON;SKELETON;SKELETON;;;BG1;1;;;Skeleton;;Skeleton;true
BDSKGR01;UNDEAD;SKELETON;FIGHTER;SKELETON_WARRIOR;;;BG1;6;;;Armored Skeleton;;SkeletonWarrior;true
BDSKGR02;UNDEAD;SKELETON;FIGHTER;SKELETON_MONSTER;;;BG1;6;;;Tattered Skeleton;;Skeleton;true
BDSKGR03;UNDEAD;SKELETON;SKELETON_BANEGUARD;SKELETON_FIEND;;;BG1;9;;;Bladed Skeleton;;Baneguard;true
BDSKGR04;UNDEAD;SKELETON;FIGHTER;SKELETON;;;BG1;4;;;Skeleton Archer;;Skeleton;true
BDSKGR05;UNDEAD;SKELETON;FIGHTER;SKELETON;;;BG1;4;;;Burning Skeleton;;Skeleton;true
BDSKGR06;UNDEAD;SKELETON;FIGHTER;SKELETON;;;BG1;4;;;Burning Skeleton;;Skeleton;true
BDSKGR07;UNDEAD;SKELETON;MAGE;LICH_WHITE;;;BG1;5;;;Skeletal Mage;;Skeleton;true
BDSKGR08;UNDEAD;SKELETON;FIGHTER;SKELETON_WARRIOR;;;BG1;9;;;Skeleton Warrior;;SkeletonWarrior;true
BDSLUG;GIANTHUMANOID;OGRE;FIGHTER;OGRE;BDSLUG;BDSLUG;BG1;9;;;Slug;;OgreBerserker;true
BDSLUG2;GIANTHUMANOID;OGRE;FIGHTER;OGRE;BDSLUG;BDSLUG;BG1;9;;;Slug;;OgreBerserker;true
BDSNAK01;ANIMAL;REPTILE;FIGHTER;SNAKE;BDSNAK01;;BG1;5;;;Giant Snake;;;
BDSNAKEH;ANIMAL;NO_RACE;HUNTER_CREATURE;SNAKE;BDSNAKEH;;BG1;2;;;Snake;;;
BDSNORGA;HUMANOID;BUGBEAR;FIGHTER;BUGBEAR_CAPTAIN;BDSNORGA;BDSNORGA;BG1;7;;;Snorgash;;;
BDSOGR1;GIANTHUMANOID;OGRE;FIGHTER;OGRE;BDSOGR1;BDSOGR;BG1;7;;;Ogre;;Ogre;true
BDSOGR2;GIANTHUMANOID;OGRE;FIGHTER;OGRE;BDSOGR2;BDSOGR;BG1;7;;;Ogre;;Ogre;true
BDSOTDAR;UNDEAD;GOBLIN;FIGHTER;GOBLIN_AXE;BDSOTDAR;BDSOTDAR;BG1;4;;;Sot Darkoozing;;;
BDSOTUK;UNDEAD;SPECTRE;BARD;THIEF_MALE_HUMAN;BDSOTUK;BDSOTUK;BG1;10;;;Sotuk;;Spectre;true
BDSPID7L;MONSTER;SPIDER;SPIDER_SWORD;SPIDER_SWORD;BDSPID7L;;BG1;5;;;Seven-Legged Spider;;SwordSpider;true
BDSPIDER;MONSTER;SPIDER;NO_CLASS;SPIDER_SMALL;BDSPIDER;;BG1;1;;;Small Spider;;HairySpider;true
BDSPIDGA;MONSTER;SPIDER;SPIDER_GIANT;MYRLOCHAR;BDSPIDGA;;BG1;9;;;Gargantuan Spider;;GargantuanSpider;true
BDSPIDGI;MONSTER;SPIDER;SPIDER_GIANT;SPIDER_GIANT;BDSPIDGI;;BG1;5;;;Giant Spider;;GiantSpider;true
BDSPIDHU;MONSTER;SPIDER;SPIDER_HUGE;SPIDER_HUGE;BDSPIDHU;;BG1;2;;;Huge Spider;;HugeSpider;true
BDSPIRIT;UNDEAD;SHADOW;SPECTRE;GHOST;BDSPIRIT;BDSPIRIT;BG1;7;;;Restless Spirit;;Spectre;true
BDSTONEC;ANIMAL;NO_RACE;NO_CLASS;RAT_OUTSIDE;bdstonec;NONE;BG1;20;;;<NO TEXT>;;;
BDSTSNAK;ANIMAL;REPTILE;NO_CLASS;SNAKE;BDSTSNAK;;BG1;8;;;Stone Snake;;;
BDSWORD;WEAPON;SWORD;LONG_SWORD;DANCING_SWORD;BDSWORD;BDSWORD;BG1;1;;;;;;
BDTARGET;ANIMAL;NO_RACE;NO_CLASS;RAT_OUTSIDE;bdtarget;NONE;BG1;20;;;<NO TEXT>;;;
BDTART;ANIMAL;NO_RACE;NO_CLASS;HORSE;BDTART;;BG1;1;;;Tart;;;
BDTEAM60;UNDEAD;SKELETON;MAGE;LICH_WHITE;BDTEAM60;BDTEAM;BG1;8;;;Skeletal Mage;;Skeleton;true
BDTEAM61;UNDEAD;SKELETON;SKELETON_BANEGUARD;SKELETON_FIEND;BDTEAM61;BDTEAM;BG1;9;;;Bladed Skeleton;;Baneguard;true
BDTEAM62;UNDEAD;SKELETON;FIGHTER;SKELETON_WARRIOR;BDTEAM62;BDTEAM;BG1;6;;;Armored Skeleton;;SkeletonWarrior;true
BDTEAM63;UNDEAD;SKELETON;FIGHTER;SKELETON;BDTEAM63;BDTEAM;BG1;5;;;Skeleton Archer;;Skeleton;true
BDTELEKI;WEAPON;SWORD;LONG_SWORD;DANCING_SWORD;BDTELEKI;;BG1;10;SUMMONED;CONTROLLED;Magical Sword;true;;
BDTESTEN;HUMANOID;KOBOLD;KOBOLD_XVART;KOBOLD_XVART;NONE;;BG1;1;;;Xvart;;;
BDTHRIX;MONSTER;DEMONIC;IMP;CORNUGON;BDTHRIX;BDTHRIX;BG1;16;;;Thrix;;;
BDTHRUDD;GIANTHUMANOID;TROLL;TROLL;TROLL;BDTHRUDD;BDTHRUDD;BG1;8;;;Troll;;;
BDTOLIKS;GIANTHUMANOID;TROLL;TROLL;TROLL;BDTOLIKS;BDTOLIKS;BG1;8;;;Troll;;;
BDTREANT;PLANT;TREANT;NO_CLASS;TREANT_DARK;;;BG1;9;;;Dark Treant;;Treant;false
BDTROL1D;DEAD;TROLL;FIGHTER;TROLL;;;BG1;1;;;Troll;;;
BDTROL2D;DEAD;TROLL;FIGHTER;TROLL_SMALL;;;BG1;1;;;Small Troll;;;
BDTROLL1;GIANTHUMANOID;TROLL;TROLL;TROLL;BDTROLL1;BDTROLL1;BG1;8;;;Troll;;;
BDTROLL2;GIANTHUMANOID;TROLL;TROLL;TROLL;BDTROLL2;BDTROLL2;BG1;8;;;Troll;;;
BDTROLSH;GIANTHUMANOID;TROLL;SHAMAN;TROLL_BLUE;BDTROLSH;;BG1;7;;;Troll Shamaness;;;
BDTSOLAK;UNDEAD;VAMPIRE;VAMPIRE;VAMPIRE;BDTSOLAK;BDTSOLAK;BG1;8;;;Tsolak;;;
BDULORI;GIANTHUMANOID;TROLL;TROLL;TROLL;BDULORI;BDULORI;BG1;8;;;Troll;;;
BDUMBER1;MONSTER;UMBERHULK;UMBERHULK;UMBER_HULK;BDUMBER1;;BG1;8;;;Umber Hulk;;;
BDUNSEN;UNDEAD;SKELETON;SKELETON_WARRIOR;SKELETON_WARRIOR;BDUNSEN;;BG1;7;;;Undead Sentry;;SkeletonWarrior;true
BDUNSLGU;UNDEAD;SHADOW;SHADOW;DEATH_KNIGHT;;;BG1;7;;;Unsleeping Guardian;;Shadow;false
BDURE1A;HUMANOID;ORC;FIGHTER;ORC_MELEE;BDURE1A;;BG1;3;;;Orc Warrior;;;
BDURE1B;HUMANOID;ORC;FIGHTER;ORC_RANGE;BDURE1B;;BG1;3;;;Orc Archer;;;
BDURE1C;HUMANOID;ORC;CLERIC;ORC_SHAMAN;BDURE1C;;BG1;3;;;Orc Priest;;;
BDURE3A;DEAD;ELF;MAGE;MAGE_MALE_ELF;;;BG1;1;;;Elf;;;
BDURE4A;MONSTER;DRAGON;GREEN_DRAGON;WYVERN;BDURE4A;BDURE4A;BG1;11;;;Young Green Dragon;;;
BDURE4B;GIANTHUMANOID;GIANT;GIANT;GIANT_HILL;BDURE4B;;BG1;12;;;Hill Giant;;;
BDURE4C;GIANTHUMANOID;GIANT;GIANT;GIANT_HILL;BDURE4C;;BG1;12;;;Hill Giant;;;
BDURE4D;GIANTHUMANOID;GIANT;FIGHTER;GIANT_HILL;BDURE4D;;BG1;13;;;Hill Giant Leader;;;
BDURE4E;GIANTHUMANOID;GIANT;GIANT;GIANT_HILL;BDURE4E;;BG1;12;;;Hill Giant;;;
BDURE6D;ANIMAL;WOLF;WOLF;WOLF;BDURE6D;;BG1;3;;;Wolf;;Wolf;true
BDVIDYAD;HUMANOID;RAKSHASA;FIGHTER_MAGE;RAKSHASA;BDVIDYAD;BDVIDYAD;BG1;11;;;Vidyadhar;;;
BDVOICE;HUMANOID;NO_RACE;NO_CLASS;BELHIFET;BDVOICE;BDVOICE;BG1;1;;;The Voice;;;
BDVOICE1;HUMANOID;NO_RACE;NO_CLASS;BELHIFET;BDVOICE1;BDVOICE1;BG1;1;;;Voice from the Icon;;;
BDWAVE11;GIANTHUMANOID;TROLL;TROLL;TROLL;BDWAVE1;BDWAVE11;BG1;8;;;Troll;;;
BDWAVE12;HUMANOID;ORC;FIGHTER;ORC_MELEE;BDWAVE1;;BG1;7;;;Orc Crusader;;;
BDWAVE13;GIANTHUMANOID;OGRE;FIGHTER;OGRE;BDWAVE1;;BG1;8;;;Ogre Crusader;;OgreBerserker;true
BDWAVE16;GIANTHUMANOID;OGRE;FIGHTER_MAGE;OGRE_MAGE;BDWAVE16;;BG1;7;;;Ogre Mage;;OgreMage;true
BDWAVE42;HUMANOID;HOBGOBLIN;FIGHTER_MAGE;HOBGOBLIN;BDWAVE4;;BG1;9;;;Kegleg;;;
BDWAVE43;HUMANOID;ORC;DRUID;ORC_SHAMAN;BDWAVE4;;BG1;9;;;Piercer of Boils;;;
BDWAVE53;HUMANOID;HOBGOBLIN;FIGHTER;HOBGOBLIN;BDWAVE5;;BG1;7;;;Crusader;;;
BDWE1STR;MONSTER;ELEMENTAL;NO_CLASS;ELEMENTAL_WATER;BDWE1STR;NONE;BG1;10;;;Water Elemental;;;
BDWE2STR;MONSTER;ELEMENTAL;NO_CLASS;ELEMENTAL_WATER;NONE;NONE;BG1;10;;CONTROLLED;Water Elemental;true;;
BDWELEDG;GIANTHUMANOID;ELEMENTAL;ELEMENTAL_WATER;ELEMENTAL_WATER;BDWELEDG;;BG1;16;SUMMONED;;Greater Water Elemental;true;;
BDWELEDS;GIANTHUMANOID;ELEMENTAL;ELEMENTAL_WATER;ELEMENTAL_WATER;BDWELEDS;;BG1;12;SUMMONED;;Water Elemental;true;;
BDWELEMS;GIANTHUMANOID;ELEMENTAL;ELEMENTAL_WATER;ELEMENTAL_WATER;BDWELEMS;;BG1;8;SUMMONED;CONTROLLED;Lesser Water Elemental;true;;
BDWELL01;MONSTER;RABBIT;CLERIC;RABBIT;BDWELL01;BDWELL01;BG1;10;;;Old Well;;;
BDWELL02;GIANTHUMANOID;ELEMENTAL;ELEMENTAL_WATER;ELEMENTAL_WATER;BDWELL02;BDWELL02;BG1;12;;;Well Spirit;;;
BDWIGHDD;UNDEAD;GHOUL;WIGHT;WIGHT_YELLOW;BDWIGHDD;;BG1;5;;;Imbued Wight;;;
BDWIGHT;UNDEAD;GHOUL;WIGHT;WIGHT_GRAY;BDWIGHT;;BG1;4;;;Wight;;;
BDWIGHT1;UNDEAD;GHOUL;WIGHT;WIGHT_GRAY;BDWIGHT1;;BG1;4;;;Wight;;;
BDWIGHT2;UNDEAD;GHOUL;WIGHT;WIGHT_YELLOW;BDWIGHT2;;BG1;5;;;Imbued Wight;;;
BDWIGHT3;UNDEAD;GHOUL;WIGHT;WIGHT_GREEN;BDWIGHT3;;BG1;6;;;Cold Wight;;;
BDWIGHTJ;UNDEAD;GHOUL;WIGHT;WIGHT_GRAY;BDWIGHT;;BG1;5;;;Wight;;;
BDWISP01;MONSTER;WILL-O-WISP;MIST;WILL_O_WISP;BDWISP01;;BG1;9;;;Will O'Wisp;;;
BDWISTAK;MONSTER;SPIDER;SPIDER_GIANT;SPIDER_GIANT;BDWISTAK;;BG1;4;;;Wistak;;GiantSpider;true
BDWOLF;ANIMAL;WOLF;WOLF;WOLF;BDWOLF;;BG1;3;;;Wolf;;Wolf;true
BDWOLF02;ANIMAL;WOLF;HUNTER_CREATURE;WOLF;BDWOLF02;;BG1;3;;;Wolf;;Wolf;true
BDWOLFDI;ANIMAL;WOLF;WOLF_DIRE;WOLF_DIRE;BDWOLFDI;;BG1;5;;;Dire Wolf;;DireWolf;true
BDWOLFDR;MONSTER;WOLF;WOLF_DREAD;WOLF_DREAD;BDWOLFDR;;BG1;5;;;Dread Wolf;;DreadWolf;true
BDWOLFVA;UNDEAD;WOLF;WOLF_VAMPIRIC;WOLF_VAMPIRIC;BDWOLFVA;;BG1;6;;;Vampiric Wolf;;VampiricWolf;true
BDWOMBAT;ANIMAL;STAFF;DOPPLEGANGER;GROUNDHOG;BDWOMBAT;;BG1;28;;;*squeak*;;;
BDWORG;ANIMAL;WOLF;WOLF_WORG;WORG;BDWORG;;BG1;3;;;Worg;;Worg;true
BDWORIS;UNDEAD;SPECTRE;PALADIN;FIGHTER_MALE_HUMAN;BDWORIS;BDWORIS;BG1;10;;;Woris;;Spectre;true
BDWRAI01;UNDEAD;WRAITH;WRAITH;SHADOW;BDWRAI01;NONE;BG1;6;;;Wraith;;;
BDWRAI02;UNDEAD;WRAITH;WRAITH;SHADOW;BDWRAI02;;BG1;6;;;Wraith;;;
BDWRAIT1;UNDEAD;WRAITH;WRAITH;SHADOW;BDWRAI01;;BG1;6;;;Wraith;;;
BDWRAT;MONSTER;LYCANTHROPE;WEREWOLF;RAT_OUTSIDE;bdwrat;BDWRAT;stratagems;7;;;Wererat;;;
BDWYRML1;MONSTER;WYVERN;WYVERN;WYRMLING_ALBINO;BDWYRML1;;BG1;7;;;Blind Albino Wyrmling;;Wyvern;false
BDWYRMLI;MONSTER;WYVERN;WYVERN;WYRMLING_ALBINO;BDWYRMLI;;BG1;7;;;Blind Albino Wyrmling;;Wyvern;false
BDWYVR01;MONSTER;WYVERN;WYVERN;WYVERN_BIG;BDWYVR01;;BG1;7;;;Wyvern;;Wyvern;true
BDWYVR02;MONSTER;WYVERN;WYVERN;WYVERN;BDWYVR02;;BG1;5;;;Baby Wyvern;;BabyWyvern;true
BDWYVR03;MONSTER;WYVERN;WYVERN;WYVERN_BIG;BDWYVR03;;BG1;11;;;Greater Wyvern;;GreaterWyvern;true
BDXHOST;MONSTER;DEMONIC;TANARI;GLABREZU;BDXHOST;BDXHOST;BG1;13;;;Xhost;;;
BDXPMTCH;MONSTER;NO_RACE;NO_CLASS;RABBIT;BDXPMTCH;;BG1;40;;;;;;
BDYAROK;GIANTHUMANOID;OGRE;FIGHTER;OGRE;BDYAROK;BDYAROK;BG1;10;;;Yarok;;OgreBerserker;true
BDYASHNA;HUMANOID;HOBGOBLIN;HOBGOBLIN;HOBGOBLIN;BDYASHNA;BDYASHNA;BG1;3;;;Yashna;;;
BDYMORI;UNDEAD;GHOUL;GHOUL_GHAST;WIGHT_GRAY;BDYMORI;;BG1;5;;;Wight;;Ghast;false
BDZHADRO;UNDEAD;LICH;MAGE;LICH;BDZHADRO;BDZHADRO;BG1;18;;;Zhadroth;;;
BDZIATAR;HUMANOID;HALF_DRAGON;FIGHTER_CLERIC;HALFDRAGON_GREEN;BDZIATAR;BDZIATAR;BG1;9;;;Ziatar;;;
BDZOMBIE;UNDEAD;ZOMBIE;ZOMBIE_NORMAL;ZOMBIE;NONE;ZOMBIE;BG1;2;;;Zombie;;;
BEARBL;ANIMAL;BEAR;BEAR_BLACK;BEAR_BLACK;None;;BG2;3;;;Black Bear;;BlackBear;true
BEARBL;ANIMAL;BEAR;BEAR_BLACK;BEAR_BLACK;bearbl;;VIENXAY;3;;;Black Bear;;BlackBear;true
ESXBEA;ANIMAL;BEAR;BEAR_BLACK;BEAR_BLACK;ESXBEA;;Eilistraee;3;;;Bear;;BlackBear;true
BEARBLSU;ANIMAL;BEAR;BEAR_BLACK;BEAR_BLACK;None;;BG2;3;SUMMONED;CONTROLLED;Black Bear;true;BlackBear;true
BEARBLSU;ANIMAL;BEAR;BEAR_BLACK;BEAR_BLACK;None;;BG1;3;SUMMONED;CONTROLLED;Black Bear;true;BlackBear;true
BEARBR;ANIMAL;BEAR;BEAR_BROWN;BEAR_BROWN;BEARBR;;ctb;5;;;Brown Bear;;BrownBear;true
BEARBR;ANIMAL;BEAR;BEAR_BROWN;BEAR_BROWN;bearbr;;VIENXAY;5;;;Brown Bear;;BrownBear;true
BEARBL01;ANIMAL;BEAR;BEAR_BLACK;BEAR_BLACK;None;;BG2;3;;;Black Bear;;BlackBear;true
BEARBRSU;ANIMAL;BEAR;BEAR_BROWN;BEAR_BROWN;None;;BG2;5;SUMMONED;CONTROLLED;Brown Bear;true;BrownBear;true
BEARBRSU;ANIMAL;BEAR;BEAR_BROWN;BEAR_BROWN;None;;BG1;5;SUMMONED;CONTROLLED;Brown Bear;true;BrownBear;true
BEARCA;ANIMAL;BEAR;BEAR_CAVE;BEAR_CAVE;bearca;;VIENXAY;6;;;Cave Bear;;CaveBear;true
D9EARBL;ANIMAL;BEAR;BEAR_BLACK;BEAR_BLACK;None;;BUTCHERY;3;;;Black Bear;;BlackBear;true
BEARCASU;ANIMAL;BEAR;BEAR_CAVE;BEAR_CAVE;None;;BG2;6;SUMMONED;;Cave Bear;true;CaveBear;true
BEARCASU;ANIMAL;BEAR;BEAR_CAVE;BEAR_CAVE;None;;BG1;6;SUMMONED;;Cave Bear;true;CaveBear;true
GLBEAR2;ANIMAL;BEAR;BEAR_BLACK;BEAR_BLACK;None;;BG2;3;;;Black Bear;;BlackBear;true
NBEARBL;ANIMAL;BEAR;BEAR_BLACK;BEAR_BLACK;None;;BG2;3;;;Black Bear;;BlackBear;true
BEARPO;ANIMAL;BEAR;BEAR_POLAR;BEAR_POLAR;bearpo;;VIENXAY;8;;;Polar Bear;;PolarBear;true
VBEARBL;ANIMAL;BEAR;BEAR_BLACK;BEAR_BLACK;None;;BG2;3;;;Black Bear;;BlackBear;true
BEARPO1;ANIMAL;BEAR;BEAR_POLAR;BEAR_POLAR;JaredPbear;;BG1;8;;;Polar Bear;;PolarBear;true
BEARPO2;ANIMAL;BEAR;BEAR_POLAR;BEAR_POLAR;None;;BG1;8;;;Polar Bear;;PolarBear;true
BEARPO3;ANIMAL;BEAR;BEAR_POLAR;BEAR_POLAR;bearpo3;;stratagems;8;;;Polar Bear;;PolarBear;true
BEARPOSU;ANIMAL;BEAR;BEAR_POLAR;BEAR_POLAR;None;;BG2;8;SUMMONED;;Mountain Bear;true;PolarBear;true
BEARPOSU;ANIMAL;BEAR;BEAR_POLAR;BEAR_POLAR;None;;BG1;8;SUMMONED;;Mountain Bear;true;PolarBear;true
BEHDIR01;MONSTER;BEHOLDER;BEHOLDER;BEHOLDER;None;;BG2;8;;;Director;;;
BEHELD01;MONSTER;BEHOLDER;BEHOLDER;BEHOLDER;None;;BG2;20;;;Elder Orb;;;
BEHGAS01;MONSTER;BEHOLDER;BEHOLDER;BEHOLDER_SMALL;None;;BG2;1;;;Gas Spore;;;
BEHGAU01;MONSTER;BEHOLDER;BEHOLDER;BEHOLDER_SMALL;None;;BG2;9;;;Gauth;;;
BEHHIV01;MONSTER;BEHOLDER;MAGE;BEHOLDER;behhiv01;behhiv01;STRATAGEMS;20;;;Hive Mother;;;
BEHOBS01;MONSTER;BEHOLDER;BEHOLDER;BEHOLDER;None;;BG2;9;;;Observer;;;
BEHOLD01;MONSTER;BEHOLDER;BEHOLDER;BEHOLDER;None;;BG2;9;;;Beholder;;;
BEHOLD01;MONSTER;BEHOLDER;BEHOLDER;BEHOLDER;None;;BG1;9;;;Beholder;;;
BEHSPE01;MONSTER;BEHOLDER;BEHOLDER;BEHOLDER;None;;BG2;4;;;Spectator;;;
BEHUND01;UNDEAD;BEHOLDER;BEHOLDER;BEHOLDER;None;;BG2;14;;;Death Tyrant;;;
BESAMEN;UNDEAD;GHOUL;GHOUL_GHAST;ZOMBIE;BESAMEN;BESAMEN;d0questpack;5;;;Besamen;;Ghast;true
BHCRYPT;UNDEAD;SPECTRE;SPECTRE;FIGHTER_MALE_HUMAN;bhcrypt;bhcrypt;BG2;8;;;Crypt King;;Spectre;false
BHEYE;MONSTER;BEHOLDER;BEHOLDER;BEHOLDER;UnseeingEye;Bheye;BG2;20;;;Unseeing Eye;;;
BHGHOUL1;UNDEAD;GHOUL;GHOUL;GHOUL;bhghoul1;bhghoul1;BG2;2;;;Ghoul;;Ghoul;true
BHGHOUL2;UNDEAD;GHOUL;GHOUL_GHAST;GHAST;bhghoul2;bhghoul2;BG2;5;;;Ghast;;Ghast;true
BHGHOUL3;UNDEAD;ZOMBIE;ZOMBIE_NORMAL;ZOMBIE;bhghoul3;bhghoul3;BG2;2;;;Zombie;;;
BHGHOUL4;UNDEAD;GHOUL;GHOUL_GHAST;GHAST;None;bhghoul4;BG2;5;;;Ghast;;Ghast;true
BHGHOUL5;UNDEAD;ZOMBIE;ZOMBIE_NORMAL;ZOMBIE;None;zombie;BG2;2;;;Zombie;;;
BHOBGOB;HUMANOID;HOBGOBLIN;HOBGOBLIN;HOBGOBLIN;bhobgob;;BG1;1;;;Hobgoblin;;;
BIRD;ANIMAL;NO_RACE;NO_CLASS;BIRD;None;None;BG2;1;;;Bird;;;
BIRD;ANIMAL;NO_RACE;NO_CLASS;BIRD;None;None;BG1;1;;;Bird;;;
BIRD_IN;ANIMAL;NO_RACE;NO_CLASS;BIRD_INSIDE;None;None;BG2;1;;;Bird;;;
BIRD_IN;ANIMAL;NO_RACE;NO_CLASS;BIRD_INSIDE;None;None;BG1;1;;;Bird;;;
BIRD_INE;ANIMAL;NO_RACE;NO_CLASS;BIRD_INSIDE;None;None;BG2;1;;;Bird;;;
BIRD_INE;ANIMAL;NO_RACE;NO_CLASS;BIRD_INSIDE;None;None;BG1;1;;;Bird;;;
BIRD_INN;ANIMAL;NO_RACE;NO_CLASS;BIRD_INSIDE;None;None;BG2;1;;;Bird;;;
BIRD_INN;ANIMAL;NO_RACE;NO_CLASS;BIRD_INSIDE;None;None;BG1;1;;;Bird;;;
BIRD_INS;ANIMAL;NO_RACE;NO_CLASS;BIRD_INSIDE;None;None;BG2;1;;;Bird;;;
BIRD_INS;ANIMAL;NO_RACE;NO_CLASS;BIRD_INSIDE;None;None;BG1;1;;;Bird;;;
BIRD_INW;ANIMAL;NO_RACE;NO_CLASS;BIRD_INSIDE;None;None;BG2;1;;;Bird;;;
BIRD_INW;ANIMAL;NO_RACE;NO_CLASS;BIRD_INSIDE;None;None;BG1;1;;;Bird;;;
BISHOP;HUMANOID;GOLEM;GOLEM_CLAY;CLERIC_MALE_HUMAN_LOW;BISHOP;None;stratagems;10;;;Bishop;;ClayGolem;false
BODFGT01;MONSTER;SPECTRE;NO_CLASS;DOOM_GUARD;bodfgt01;None;BG2;6;;;Grimwarder;;;
BODFGT02;MONSTER;SPECTRE;NO_CLASS;DOOM_GUARD;bodfgt02;None;BG2;6;;;Grimward Archer;;;
BODHI;UNDEAD;VAMPIRE;VAMPIRE;BODHI;Bodhi;Bodhi;BG2;25;;;Bodhi;;;
BODHI2;UNDEAD;VAMPIRE;FIGHTER_THIEF;BODHI;Bodhi2;Bodhi2;STRATAGEMS;25;;;Bodhi;;;
BODHIAMB;UNDEAD;VAMPIRE;VAMPIRE;BODHI;bodhiamb;bodhiamb;BG2;25;;;Bodhi;;;
BODMIST1;MONSTER;MIST;MIST;BLOB_MIST_CREATURE;None;None;BG2;1;;;Gaseous Form;;;
BODMIST2;MONSTER;MIST;MIST;BLOB_MIST_CREATURE;None;None;BG2;1;;;Gaseous Form;;;
BODTAN;UNDEAD;VAMPIRE;MAGE;VAMPIRE_FEMALE;bodtan;bodtan;BG2;16;;;Tanova;;;
BODVAM01;UNDEAD;VAMPIRE;FIGHTER_THIEF;VAMPIRE;bodvam01;bodvam01;STRATAGEMS;12;;;Durst;;;
BODVAM02;UNDEAD;VAMPIRE;FIGHTER_THIEF;VAMPIRE;bodvam02;bodvam02;STRATAGEMS;12;;;Gellal;;;
BOGRE1;GIANTHUMANOID;OGRE;OGRE;HALF_OGRE;bogre1;bogre1;BG2;4;;;Ogre;;Ogre;false
BONEBLD;WEAPON;SWORD;LONG_SWORD;DANCING_SWORD;bonebld;;BG2;10;;;Bone Blade;;;
BOO;ANIMAL;NO_RACE;NO_CLASS;RAT;None;None;BG2;1;;;Boo;;;
BOTSMITH;HUMANOID;IMP;IMP;IMP;botsmith;botsmith;BG2;1;;;Cespenar;;;
BOTSMITH;HUMANOID;IMP;IMP;IMP;botsmith;botsmith;BG1;1;;;Cespenar;;;
BOUNHA04;MONSTER;YUANTI;MAGE;YUAN-TI_PRIEST;bounha04;bounha04;BG2;12;;;Bounty Hunter;;;
BPAL_ATA;GIANTHUMANOID;GENIE;GENIE_DJINNI;DJINNI;BPAL_ATA;;BG1;5;;;Al-Atash;;;
BPAMBT1;UNDEAD;VAMPIRE;VAMPIRE;THIEF_FEMALE_HUMAN;BPAMBT1;None;BG1;8;;;Night Knives Thief;;;
BPAMBT2;UNDEAD;VAMPIRE;VAMPIRE;THIEF_MALE_HUMAN;BPAMBT2;None;BG1;8;;;Night Knives Thief;;;
BPANKHE1;MONSTER;ANKHEG;ANKHEG;ANKHEG;BPANKHE1;;BG1;3;;;Rabid Ankheg;;Ankheg;true
BPBASG01;MONSTER;BASILISK;BASILISK_GREATER;BASILISK_GREATER;BPBASG01;;BG1;10;;;Greater Basilisk;;GreaterBasilisk;true
BPBASL01;MONSTER;BASILISK;BASILISK;BASILISK;BPBASL01;;BG1;6;;;Lesser Basilisk;;LesserBasilisk;true
BPBORT;HUMANOID;GNOLL;FIGHTER;GNOLL;BPBORT;;BG1;3;;;Bort;;;
BPBRENDA;GIANTHUMANOID;DUERGAR;THIEF;THIEF_MALE_DWARF;BPBRENDA;BPBRENDA;BG1;5;;;Brendak;;;
BPCLAY;GIANTHUMANOID;GOLEM;GOLEM_CLAY;GOLEM_CLAY;BPENEMY ;;BG1;9;;;Clay Golem;;ClayGolem;true
BPCONCOC;MONSTER;MYCONID;NO_CLASS;MYCONID_RED;concoctor;BPCONCOC;BG1;6;;;Concocter;;;
BPCRCW01;MONSTER;CARRIONCRAWLER;CARRIONCRAWLER;CARRION_CRAWLER;BPCRCW01;;BG1;3;;;Carrion Crawler;;CarrionCrawler;true
BPDINGUE;GIANTHUMANOID;DUERGAR;MAGE;MAGE_MALE_DWARF;BPDINGUE;BPDINGUE;BG1;10;SUMMONED;;Dinguer the Mad;true;;
BPELAN;HUMANOID;RAKSHASA;MAGE;RAKSHASA;BPELAN;BPELAN;BG1;11;;;Elan Garaq;;;
BPELFIR1;GIANTHUMANOID;ELEMENTAL;ELEMENTAL_FIRE;ELEMENTAL_FIRE_SMALL;BPELFIR1;;BG1;12;;;Fire Elemental;;;
BPGHAS01;UNDEAD;GHOUL;GHOUL_GHAST;GHAST;BPGHAS01;;BG1;5;;;Ghast;;Ghast;true
BPGHGR01;UNDEAD;GHOUL;GHOUL_GHAST;GHAST;BPGHGR01;;BG1;6;;;Greater Ghoul;;GhoulLord;true
BPGHLOUR;MONSTER;BEHOLDER;BEHOLDER;BEHOLDER;BPGHLOUR;BPGHLOUR;BG1;9;;;Ghlouralk;;;
BPGIAFIR;GIANTHUMANOID;GIANT;FIGHTER;GIANT_FIRE;BPGIAFIR;BPHOGAR;BG1;20;;;Hogarl;;;
BPGIBB01;HUMANOID;GIBBERLING;GIBBERLING;GIBBERLING;BPGIBB01;;BG1;1;;;Mangey Gibberling;;;
BPGIBB02;HUMANOID;GIBBERLING;GIBBERLING;GIBBERLING;BPGIBB01;;BG1;1;;;Diseased Gibberling;;;
BPGIBB03;HUMANOID;GIBBERLING;GIBBERLING;GIBBERLING;None;;BG1;1;;;Healthy Gibberling;;;
BPGOFL01;GIANTHUMANOID;GOLEM;GOLEM_FLESH;GOLEM_CLAY;BPGOFL01;;BG1;9;;;Flesh Golem;;FleshGolem;true
BPHBAR1;HUMANOID;HOBGOBLIN;THIEF;HOBGOBLIN;BPHBAR1;;BG1;1;;;Redwater Archer;;;
BPHBWR1;HUMANOID;HOBGOBLIN;FIGHTER;HOBGOBLIN;BPHBWR1;;BG1;1;;;Redwater Warrior;;;
BPHBWZ1;HUMANOID;HOBGOBLIN;MAGE;HOBGOBLIN;BPHBWZ1;;BG1;5;;;Redwater Wizard;;;
BPICESAL;MONSTER;SALAMANDER;ELEMENTAL_WATER;SALAMANDER_FROST;None;None;BG1;8;;;Ice Salamander;;;
BPICESCL;MONSTER;SALAMANDER;CLERIC;SALAMANDER_FROST;BPICESCL;NONE;BG1;8;;;Ice Salamander Cleric;;;
BPIMQU01;HUMANOID;IMP;IMP;IMP;BPIMQU01;None;BG1;3;;;Quasit;;;
BPJLGR01;MONSTER;SLIME;MAGE;GRAY_OOZE;BPJLGR01;;BG1;3;;;Gray Ooze;;GrayOoze;true
BPJLMU01;MONSTER;SLIME;MUSTARD_JELLY;SLIME_MUSTARD;BPJLMU01;;BG1;7;;;Mustard Jelly;;MustardJelly;true
BPJLOC01;MONSTER;SLIME;OCRE_JELLY;SLIME_OCHRE;BPJLOC01;;BG1;6;;;Ochre Jelly;;OchreJelly;true
BPMAGDA;GIANTHUMANOID;DUERGAR;CLERIC;CLERIC_FEMALE_DWARF;BPMAGDA;BPMAGDA;BG1;5;;;Magda;;;
BPMPAR01;HUMANOID;MEPHIT;MEPHIT;IMP;BPMPAR01;;BG1;3;;;Air Mephit;;;
BPMPDU01;HUMANOID;MEPHIT;MEPHIT;IMP;BPMPDU01;;BG1;3;;;Dust Mephit;;;
BPMPEA01;HUMANOID;MEPHIT;MEPHIT;IMP;BPMPEA01;;BG1;3;;;Earth Mephit;;;
BPMPFI01;HUMANOID;MEPHIT;MEPHIT;IMP;BPMPFI01;;BG1;3;;;Fire Mephit;;;
BPMPIC01;HUMANOID;MEPHIT;MEPHIT;IMP;BPMPIC01;;BG1;3;;;Ice Mephit;;;
BPNAJIM;GIANTHUMANOID;GENIE;GENIE_EFREETI;DJINNI_LEGS;BPNAJIM;BPNAJIM;BG1;5;SUMMONED;;Najim;true;;
BPOGMA01;GIANTHUMANOID;OGRE;OGRE_MAGE;OGRE_MAGE;BPOGMA01;;BG1;5;;;Ogre Mage;;OgreMage;true
BPOGRE01;GIANTHUMANOID;OGRE;OGRE;OGRE;Ogre;;BG1;4;;;Ogre;;Ogre;true
BPREFF01;HUMANOID;PLATE;LONG_SWORD;BIRD;BPREFF01;None;BG1;1;;;Referee;;;
BPREVE01;UNDEAD;GHOUL;GHOUL_REVEANT;ZOMBIE;BPREVE01;;BG1;8;;;Revenant;;Mummy;false
BPSHADOW;UNDEAD;SHADOW;SHADOW;SHADOW;BPSHADOW;None;BG1;4;;;Shadow;;Shadow;true
BPSHAMB;MONSTER;ELEMENTAL;ELEMENTAL_EARTH;SHAMBLING_MOUND;BPENEMY ;;BG1;12;SUMMONED;;Shambling Mound;true;;
BPSKEL;GENERAL_ITEM;SKELETON;SKELETON;SKELETON;BPSKEL;;BG1;1;;;Crumbling Skeleton;;Skeleton;true
BPSLFS01;MONSTER;HUMAN;MUSTARD_JELLY;SLIME_MUSTARD;BPSLFS01;;BG1;7;;;Fission Slime;;FissionSlime;true
BPSLFS02;MONSTER;HUMAN;MUSTARD_JELLY;SLIME_MUSTARD;BPSLFS01;;BG1;7;;;Fission Slime;;FissionSlime;true
BPSPID01;MONSTER;SPIDER;SPIDER_HUGE;SPIDER_SMALL;BPSPID01;;BG1;5;;;Spider;;SwordSpider;true
BPSPID02;MONSTER;SPIDER;SPIDER_GIANT;SPIDER_GIANT;BPSPID02;;BG1;4;;;Giant Spider;;GiantSpider;true
BPSPID03;MONSTER;SPIDER;SPIDER_SWORD;SPIDER_SWORD;BPSPID03;;BG1;5;;;Sword Spider;;SwordSpider;true
BPSPY01;HUMANOID;PLATE;LONG_SWORD;BIRD;BPSPY01;None;BG1;1;;;;;;
BPSPY02;HUMANOID;PLATE;LONG_SWORD;BIRD;BPSPY02;None;BG1;1;;;;;;
BPTASL01;HUMANOID;KOBOLD;KOBOLD_TASLOI;KOBOLD_TASLOI;BPTASL01;;BG1;1;;;Tasloi;;;
BPTASL02;HUMANOID;KOBOLD;KOBOLD_TASLOI;KOBOLD_TASLOI;BPTASL02;;BG1;1;;;Tasloi;;;
BPTASL03;HUMANOID;KOBOLD;KOBOLD_TASLOI;KOBOLD_TASLOI;BPTASL03;;BG1;1;;;Tasloi;;;
BPTHARDE;GIANTHUMANOID;DUERGAR;FIGHTER;THIEF_MALE_DWARF;BPTHARDE;BPTHARDE;BG1;10;;;Thardek;;;
BPTROLL;MONSTER;TROLL;FIGHTER;TROLL;BPTROLL;;BG1;6;;;Troll;;;
BPVAMPMI;MONSTER;MIST;MIST;BLOB_MIST_CREATURE;BPVAMPMI;None;BG1;1;;;Night Knives Thief;;;
BPWRAI01;UNDEAD;WRAITH;WRAITH;SHADOW;BPWRAI01;None;BG1;6;;;Wraith;;;
BPXITHIS;GIANTHUMANOID;MIND_FLAYER;MIND_FLAYER;MINDFLAYER;BPXITHIS;BPXITHIS;BG1;5;;;Xithiss;;;
BRANWE;HUMANOID;STATUE;CLERIC;CLERIC_FEMALE_HUMAN;BRANWEN;branwe;BG1;2;;;Statue;;;
BRANWE5;HUMANOID;STATUE;CLERIC;CLERIC_FEMALE_HUMAN;BRANWEN;branwe;BG1;5;;;Statue;;;
BRITIK;HUMANOID;GNOLL;FIGHTER;GNOLL;BRITIK;;stratagems;5;;;Britik;;;
BSALGHST;ANIMAL;NO_RACE;SHADOW;RAT;BSALGHST;NONE;bst;8;SUMMONED;;Alguine;true;;
BSDIALOG;ANIMAL;NO_RACE;SHADOW;RAT;BSDIALOG;BSDIALOG;bst;8;SUMMONED;;;true;;
BSDOPP01;MONSTER;DOPPLEGANGER;DOPPLEGANGER;DOPPLEGANGER;bsdopp01;BSDOPP01;stratagems;4;;;Doppelganger;;;
BSDOPP02;MONSTER;DOPPLEGANGER;DOPPLEGANGER_GREATER;DOPPLEGANGER_GREATER;bsdopp02;;stratagems;9;;;Greater Doppelganger;;;
BSDOPP03;MONSTER;DOPPLEGANGER;DOPPLEGANGER;DOPPLEGANGER;bsdopp03;;stratagems;4;;;Doppelganger;;;
BSDOPP04;MONSTER;DOPPLEGANGER;DOPPLEGANGER_GREATER;DOPPLEGANGER_GREATER;bsdopp04;;stratagems;9;;;Greater Doppelganger;;;
BSDOPP05;MONSTER;DOPPLEGANGER;DOPPLEGANGER;DOPPLEGANGER;bsdopp05;;stratagems;4;;;Doppelganger;;;
BSDOPP06;MONSTER;DOPPLEGANGER;DOPPLEGANGER_GREATER;DOPPLEGANGER_GREATER;bstailor;;stratagems;9;;;Greater Doppelganger;;;
BSDOPP07;MONSTER;DOPPLEGANGER;DOPPLEGANGER;DOPPLEGANGER;bsdopp07;;stratagems;4;;;Doppelganger;;;
BSFRELEM;GIANTHUMANOID;ELEMENTAL;ELEMENTAL_FIRE;ELEMENTAL_FIRE_SMALL;bsfrelem;BSFRELEM;bst;10;;;Lesser Fire Elemental;;;
BSGHAST1;UNDEAD;GHOUL;GHOUL_GHAST;GHAST;BSGHAST1;;bst;4;;;Ghast;;Ghast;true
BSGLABRE;MONSTER;DEMONIC;TANARI;GLABREZU;BSGLABRE;NONE;bst;10;SUMMONED;;Glabrezu;true;;
BSGNOLD2;HUMANOID;GNOLL;GNOLL;GNOLL;NONE;NONE;bst;2;;;Gnoll;;;
BSGNOLD4;HUMANOID;GNOLL;GNOLL;GNOLL;BSGNOLD4;;bst;4;;;Gnoll Chieftain;;;
BSGNOLD5;HUMANOID;GNOLL;GNOLL;GNOLL;BSGNOLD5;NONE;bst;2;;;Gnoll;;;
BSGNOLLD;HUMANOID;GNOLL;GNOLL;GNOLL;NONE;;bst;2;;;Gnoll;;;
BSMIMIC1;MONSTER;MIMIC;MIMIC;DOOM_GUARD;bsmimic1;BSMIMIC1;bst;10;;;Mimic Fledgling;;;
BSMYCON1;MONSTER;KOBOLD;NO_CLASS;MYCONID_RED;bsmycon1;;bst;6;;;Myconid;;;
BSOGRED;HUMANOID;OGRE;OGRE;OGRE;BSOGRED;BSOGRED;bst;4;;;Ogre;;Ogre;true
BSORCARC;HUMANOID;ORC;ORC;ORC_ELITE_RANGE;bsorcarc;BSORCARC;bst;5;;;Orc Archer;;;
BSORCMGE;HUMANOID;ORC;MAGE;ORC_SHAMAN;bsorcmge;bsorcmge;bst;12;;;Orc Mage;;;
BSORCPRS;HUMANOID;ORC;CLERIC;ORC_SHAMAN;bsorcprs;BSORCPRS;bst;8;;;Orc Priest;;;
BSORCWRK;HUMANOID;ORC;ORC;ORC_MELEE;bsorcwrk;BSORCWRK;bst;4;;;Orc Worker;;;
BSOTYUGH;MONSTER;OTYUGH;OTYUGH;OTYUGH;BSOTYUGH;;bst;10;;;Otyugh;;;
BSPLSPRT;DEAD;SPECTRE;SPECTRE;ELEMENTAL_AIR_SMALL;None;;bst;8;;;Drowned Spirit;;Spectre;true
BSRABBIT;ANIMAL;RABBIT;FOOD_CREATURE;RABBIT;bsrabbit;BSRABBIT;bst;1;;;Rabbit;;;
BSSAHU01;HUMANOID;SAHUAGIN;SAHUAGIN;SAHUAGIN;bssahu01;None;bst;8;;;Sahuagin Priestess;;;
BSSAHU02;HUMANOID;SAHUAGIN;SAHUAGIN;SAHUAGIN;bssahu02;;bst;16;;;Sahuagin Chieftain;;;
BSSAHU03;HUMANOID;SAHUAGIN;SAHUAGIN;SAHUAGIN;bssahu03;;bst;2;;;Sahuagin;;;
BSSAHU04;HUMANOID;SAHUAGIN;SAHUAGIN;SAHUAGIN;bssahu04;BSSAHU04;bst;2;;;Sahuagin Scout;;;
BSSEATRL;GIANTHUMANOID;TROLL;TROLL;TROLL_BLUE;bsseatrl;;bst;6;;;Sea Troll;;;
BSTAIL02;HUMANOID;HUMAN;DOPPLEGANGER;NOBLE_WOMAN;BSTAIL02;BSTAIL02;bst;1;;;Tailor's Assistant;;;
BSTAILOR;HUMANOID;HUMAN;DOPPLEGANGER;NOBLE_MAN;bstailor;BSTAILOR;bst;1;;;Master Usher;;;
BSTANAR;MONSTER;DEMONIC;TANARI;TANARRI;BSTANAR;NONE;bst;10;;;Nabassu Fledgling;;;
BSTQ010;ANIMAL;RABBIT;FOOD_CREATURE;RAT;bstq010;bstq010;bst;1;;;Betsy the Rat;;;
BSVOICE;ANIMAL;NO_RACE;SHADOW;RAT;BSVOICE;BSVOICE;bst;8;SUMMONED;;Voice;true;;
BSVPRAB;UNDEAD;WOLF;WOLF_VAMPIRIC;RABBIT;bsvprab;;bst;8;;;Vampiric Rabbit;;VampiricWolf;false
BSWLLSPY;HUMANOID;NO_RACE;NO_CLASS;DOOM_GUARD;bswllspy;bswllspy;bst;10;;;Seatower Well;;;
BUGABO02;GENERAL_ITEM;0;0;GOLEM_IRON;pettin;None;BG2;1;;;;;;
BUGABO03;GENERAL_ITEM;0;0;GOLEM_IRON;pettin;None;BG2;1;;;;;;
BULLRUSH;HUMANOID;HOBGOBLIN;HOBGOBLIN;HOBGOBLIN;BULLRUSH;BULLRUSH;BG1;3;;;Bullrush;;;
BEARBR01;ANIMAL;BEAR;BEAR_BROWN;BEAR_BROWN;None;;BG2;5;;;Brown Bear;;BrownBear;true
B_CAMO;GIANTHUMANOID;GENIE;CLERIC;NULL_ANIMATION;B_CAMO;NONE;FAITHS_AND_POWERS;25;;;;;;
B_CAMO;GIANTHUMANOID;GENIE;CLERIC;NULL_ANIMATION;B_CAMO;NONE;faiths_and_powers;25;;;;;;
B_CAT1;ANIMAL;CAT;CAT;GREATCAT_LEOPARD;SUMSHT01;;FAITHS_AND_POWERS;6;;;He... he could be. I didn't get a description. Dammit, this is all falling apart!;;Leopard;false
D9VBEA9;ANIMAL;BEAR;BEAR_BROWN;BEAR_BROWN;None;;BUTCHERY;5;;;Brown Bear;;BrownBear;true
B_PH07;UNDEAD;SKELETON;SKELETON_WARRIOR;SKELETON_WARRIOR;NONE;;FAITHS_AND_POWERS;13;;;I don't know you at all, and you don't know me. Let's keep it that way.;;SkeletonWarrior;false
B_PH08B;HUMANOID;MIND_FLAYER;MIND_FLAYER;MINDFLAYER;UDMIND03;;FAITHS_AND_POWERS;8;;;You're an idiot, Anomen. It's no wonder you haven't become a knight yet.;;;
B_PH08C;GIANTHUMANOID;TROLL;TROLL;TROLL_BLUE;NONE;;FAITHS_AND_POWERS;14;;;He was a kind and patient man, and a great mentor.;;;
B_PH08D;MONSTER;GOLEM;GOLEM_IRON;GOLEM_IRON_IWD;IRON_GOLEM;NONE;FAITHS_AND_POWERS;18;;;The drawbridge has been lowered.;;IronGolem;false
B_SKMON;UNDEAD;SPECTRAL_UNDEAD;SPECTRE;GHOST;GHAST;NONE;FAITHS_AND_POWERS;15;;;Ghost;;;
B_WELE1;GIANTHUMANOID;ELEMENTAL;ELEMENTAL_WATER;WATER_WEIRD;NONE;;FAITHS_AND_POWERS;12;;CONTROLLED;Water Elemental;true;;
B_WELE1;GIANTHUMANOID;ELEMENTAL;ELEMENTAL_WATER;WATER_WEIRD;NONE;;faiths_and_powers;12;;CONTROLLED;Water Elemental;true;;
B_WELE2;GIANTHUMANOID;ELEMENTAL;ELEMENTAL_WATER;ELEMENTAL_WATER;NONE;;FAITHS_AND_POWERS;16;;CONTROLLED;Water Elemental;true;;
B_WELE2;GIANTHUMANOID;ELEMENTAL;ELEMENTAL_WATER;ELEMENTAL_WATER;NONE;;faiths_and_powers;16;;CONTROLLED;Water Elemental;true;;
B_WELE3;GIANTHUMANOID;ELEMENTAL;ELEMENTAL_WATER;ELEMENTAL_WATER;NONE;;FAITHS_AND_POWERS;24;;CONTROLLED;Greater Water Elemental;true;;
B_WELE3;GIANTHUMANOID;ELEMENTAL;ELEMENTAL_WATER;ELEMENTAL_WATER;NONE;;faiths_and_powers;24;;CONTROLLED;Greater Water Elemental;true;;
B_WLF;ANIMAL;WOLF;WOLF_WINTER;WOLF_WINTER;NONE;;FAITHS_AND_POWERS;9;;;No. Never mind. I do not wish to speak further about this, <CHARNAME>... excuse me.;;WinterWolf;false
C#BESQ0A;HUMANOID;NO_RACE;NO_CLASS;DOOM_GUARD;c#besq0a;c#besq0a;C#BRAGE;10;;;Girl's Voice;;;
C#EBG1BD;HUMANOID;NO_RACE;NO_CLASS;DOOM_GUARD;c#ebg1bd;c#ebg1bd;C#ENDLESSBG1;10;;;<CHARNAME>'s Bed;;;
C#LCCENS;MONSTER;SPIDER;SPIDER_PHASE;SPIDER_PHASE;c#lccens;c#lccens;BG1RE;5;;;Ghostly Spirit;;GhostwalkSpider;true
C#LCIN3M;HUMANOID;HUMAN;DOPPLEGANGER;NOBLE_MAN;C#LCIN3M;C#LCIN3M;BG1RE;1;;;Man;;;
C#LCIN3W;HUMANOID;HUMAN;DOPPLEGANGER;NOBLE_WOMAN;C#LCIN3W;C#LCIN3W;BG1RE;1;;;Woman;;;
C#NOCAT;ANIMAL;NO_RACE;NO_CLASS;CAT;c#nocat;None;BG1RE;1;;;Cat;;;
C#Q04002;MONSTER;WYVERN;MAGE;WYVERN;C#Q04002;;BGQE;7;;;Baby Wyvern;;BabyWyvern;true
C#Q04009;MONSTER;SPIDER;SPIDER_WRAITH;SPIDER_WRAITH;C#Q04009;C#Q04009;BGQE;3;;;Wraith Spider;;WraithSpider;true
C#Q06002;UNDEAD;SKELETON;NO_CLASS;ZOMBIE;C#Q06002;C#Q06002;BGQE;2;;;Zombie;;;
C#Q11CAT;ANIMAL;NO_RACE;NO_CLASS;CAT;c#q11cat;C#Q11CAT;BG1RE;1;;;Kitty;;;
C#Q11COW;ANIMAL;NO_RACE;MAGE;COW;c#q11cow;c#q11cow;BG1RE;1;;;Berta;;;
C#SOSPD1;MONSTER;SPIDER;SPIDER_GIANT;SPIDER_GIANT;c#sospd1;c#sospd1;C#SOLAUFEIN;4;;;Giant Spider;;GiantSpider;false
C#SOSPDD;MONSTER;SPIDER;SPIDER_GIANT;SPIDER_GIANT;;;C#SOLAUFEIN;4;;;Giant Spider;;GiantSpider;false
C#STBBHL;HUMANOID;NO_RACE;NO_CLASS;BIRD;c#stbbhl;NONE;C#SODBOABRI;1;;;;;;
C02AKOKO;ANIMAL;CAT;CAT;CAT;c02akoko;c02akoko;Aura_BG1_2_EET;1;;;Koko;;Jaguar;false
C02AORC1;HUMANOID;ORC;FIGHTER;ORC_MELEE;c02aorc1;;Aura_BG1_2_EET;3;;;Orc Warrior;;;
C02AORC2;HUMANOID;ORC;FIGHTER;ORC_MELEE;c02aorc2;;Aura_BG1_2_EET;3;;;Orc Warrior;;;
C02AUTO;GIANTHUMANOID;GOLEM;FIGHTER;C0_AURA_AUTOMATON;c02auto;c02auto;Aura_BG1_2_EET;9;;;Bronze Automaton;;HelmedHorror;false
C02DEMKN;MONSTER;DEMONIC;TANARI;DEATH_KNIGHT;C02DemKn;NONE;SIRENE;16;SUMMONED;;Demon Knight;true;;
C02DOROG;HUMANOID;ORC;FIGHTER;OROG_CHIEFTAIN;BDOROGSG;;DRAKE;15;;;Orog Chieftain;;;
C02SIRB;HUMANOID;TIEFLING;CLERIC_MAGE;MAGE_MALE_ELF;C02SirB;C02SirB;SIRENE;21;;;Mysterious Figure;;;
C02SIREN;HUMANOID;TIEFLING;PALADIN;FIGHTER_FEMALE_ELF;C0Sirene;C02Siren;SIRENE;6;;;Sirene;;;
C0ACERI;HUMANOID;DRAGON;THIEF;THIEF_FEMALE_GNOME;c0aceri;c0aceri;Aura_BG1_2_EET;21;;;Ceri;;;
C0ACERI2;HUMANOID;DRAGON;THIEF;THIEF_FEMALE_GNOME;c0aceri;c0aceri2;Aura_BG1_2_EET;21;;;Ceri;;;
C0AEELE;GIANTHUMANOID;ELEMENTAL;ELEMENTAL_EARTH;-1;c0aeele;c0aeele;Aura_BG1_2_EET;18;;;Colossal Earth Elemental;;;
C0AFIR01;MONSTER;SALAMANDER;ELEMENTAL_FIRE;SALAMANDER_FIRE;c0afir01;c0afir01;Aura_BG1_2_EET;18;;;S'aalvlani;;;
C0AFIR02;GIANTHUMANOID;ELEMENTAL;ELEMENTAL_FIRE;FIGHTER_MALE_DWARF;c0afir02;;Aura_BG1_2_EET;16;;;Azer Warrior;;;
C0AFIR03;GIANTHUMANOID;GIANT;FIGHTER;GIANT_FIRE;c0afir03;None;Aura_BG1_2_EET;20;;;Fire Giant;;;
C0AFIR04;GIANTHUMANOID;GIANT;FIGHTER;GIANT_FIRE;c0afir04;None;Aura_BG1_2_EET;20;;;Fire Giant;;;
C0AFIR05;GIANTHUMANOID;ELEMENTAL;ELEMENTAL_FIRE;ELEMENTAL_FIRE;c0afir05;c0afir05;Aura_BG1_2_EET;20;;;Duke V'thilix;;;
C0AFIR06;HUMANOID;GENIE;FIGHTER_MAGE;EFREETI_NOBLE;c0afir06;;Aura_BG1_2_EET;17;;;Izzeel al-Zakeer;;;
C0AFIR07;HUMANOID;ELEMENTAL;CLERIC;CLERIC_FEMALE_DWARF;c0afir07;;Aura_BG1_2_EET;20;;;Lakai G'alavai;;;
C0AFIR08;GIANTHUMANOID;ELEMENTAL;ELEMENTAL_FIRE;ELEMENTAL_FIRE_SMALL;c0afir08;;Aura_BG1_2_EET;5;;;V'thilix's Ember;;;
C0AFIR09;GIANTHUMANOID;ELEMENTAL;ELEMENTAL_FIRE;ELEMENTAL_FIRE;c0afir05;c0afir05;Aura_BG1_2_EET;20;;;V'thilix, Undying Cinder;;;
C0AFIR10;MONSTER;PLATE;NO_CLASS;DOOM_GUARD_LARGER;c0afir10;SHALT01;Aura_BG1_2_EET;8;;;Inextinguishable Flame;;;
C0AFIR11;HUMANOID;NO_RACE;NO_CLASS;SEAGULL;c0afir11;None;Aura_BG1_2_EET;1;;;;;;
C0AGOL01;GIANTHUMANOID;GOLEM;GOLEM_IRON;C0_ADAMANTITE_GOLEM;C0AGOL01;;Aura_BG1_2_EET;18;;;Adamantite Automaton;;IronGolem;false
C0AGOL02;GIANTHUMANOID;GOLEM;GOLEM_IRON;C0_ADAMANTITE_GOLEM;C0AGOL01;C0AGOL02;Aura_BG1_2_EET;18;;;Adamantite Automaton;;IronGolem;false
C0AGOL03;GIANTHUMANOID;GOLEM;GOLEM_IRON;C0_MITHRIL_GOLEM;C0AGOL01;C0AGOL03;Aura_BG1_2_EET;18;;;Mithral Automaton;;IronGolem;false
C0AGOL04;GIANTHUMANOID;GOLEM;GOLEM_STONE;C0_SHIELD_GUARD;C0AGOL04;;Aura_BG1_2_EET;14;;;Lantanese Battle Automaton;;StoneGolem;false
C0AGOL05;GIANTHUMANOID;GOLEM;GOLEM_IRON;C0_ADAMANTITE_GOLEM;C0AGOL01;;Aura_BG1_2_EET;18;;;Adamantite Automaton;;IronGolem;false
C0AGOL06;GIANTHUMANOID;GOLEM;GOLEM_IRON;C0_MITHRIL_GOLEM;C0AGOL01;;Aura_BG1_2_EET;18;;;Mithral Automaton;;IronGolem;false
C0AGOL07;GIANTHUMANOID;GOLEM;GOLEM_STONE;C0_SHIELD_GUARD;C0AGOL04;;Aura_BG1_2_EET;14;;;Lantanese Battle Automaton;;StoneGolem;false
C0AICE01;HUMANOID;FAIRY;MAGE;C0_SNOW_HAG;c0aice01;c0aice01;Aura_BG1_2_EET;18;;;Ishallir;;;
C0AKEG1;GENERAL_ITEM;KEG;NO_CLASS;KEG1;;;Aura_BG1_2_EET;1;;;Smokepowder Barrel;;;
C0AKOKO;ANIMAL;CAT;CAT;CAT;c0akoko;c0akoko;Aura_BG1_2_EET;1;;;Koko;;Jaguar;false
C0AKOKO2;ANIMAL;CAT;CAT;CAT;c0akoko2;c0akoko;Aura_BG1_2_EET;1;;;Koko;;Jaguar;false
C0AQMON1;GIANTHUMANOID;HUMAN;GOLEM_STONE;C0_MUTANT;C0AQMON1;C0AQMON1;Aura_BG1_2_EET;14;;;Abomination;;;
C0AQMON2;GIANTHUMANOID;HUMAN;GOLEM_STONE;C0_MUTANT;C0AQMON2;C0AQMON2;Aura_BG1_2_EET;14;;;Abomination;;;
C0AU#AT1;MONSTER;GOLEM;NO_CLASS;C0_AUTOCANNON;c0au#at1;NONE;Aura_BG1_2_EET;6;;CONTROLLED;Lantan Autocannon;true;;
C0AUALCH;ANIMAL;NO_RACE;NO_CLASS;DOOM_GUARD;c0aualch;c0aualch;Aura_BG1_2_EET;1;;;Alchemy;;;
C0AUICE1;GIANTHUMANOID;ELEMENTAL;ELEMENTAL_AIR;ELEMENTAL_AIR;c0auice1;c0auice1;Aura_BG1_2_EET;16;;;Orglash;;;
C0AUICEB;HUMANOID;NO_RACE;NO_CLASS;SEAGULL;c0auiceb;c0auiceb;Aura_BG1_2_EET;1;;;;;;
C0AUIN3A;GIANTHUMANOID;GOLEM;SORCERER;C0_AURA_AUTOMATON;c0auin3;c0auin3;Aura_BG1_2_EET;8;;;Bronze Automaton;;;
C0AUIN3B;GIANTHUMANOID;GOLEM;SORCERER;C0_AURA_AUTOMATON_JADE;c0auin3;c0auin3;Aura_BG1_2_EET;14;;;Jade Automaton;;;
C0AUIN3C;GIANTHUMANOID;GOLEM;SORCERER;C0_AURA_AUTOMATON_BLACK;c0auin3;c0auin3;Aura_BG1_2_EET;22;;;Adamantine Automaton;;;
C0AUIN3D;GIANTHUMANOID;GOLEM;FIGHTER_MAGE;GOLEM_CLAY;c0auin3;C0AUIN3;Aura_BG1_2_EET;20;;;;;FleshGolem;false
C0AUIN4;ANIMAL;NO_RACE;NO_CLASS;DOOM_GUARD;c0auin4;c0auin4;Aura_BG1_2_EET;1;;;Wandcrafting;;;
C0AUSPE1;MONSTER;BEHOLDER;BEHOLDER;BEHOLDER_SMALL;C0AUSPE1;C0AUSPE1;Aura_BG1_2_EET;9;;;Spectator Messenger;;;
C0AUSUMM;ANIMAL;NO_RACE;NO_CLASS;DOOM_GUARD;C0AUSUMM;;Aura_BG1_2_EET;1;;;;;;
C0AUWLF1;ANIMAL;WOLF;WOLF_DIRE;WOLF_WINTER;C0AUWLF1;C0AUWLF1;Aura_BG1_2_EET;12;;;Amatsugami-no-ken;;DireWolf;false
C0AWHIRL;GIANTHUMANOID;ELEMENTAL;ELEMENTAL_AIR;DOOM_GUARD;c0awhirl;c0awhirl;Aura_BG1_2_EET;12;;;Whirlwind;;;
C0AYUKI;HUMANOID;FAIRY;FAIRY_DRYAD;MAGE_FEMALE_ELF;c0ayuki;c0ayuki;Aura_BG1_2_EET;15;;;Shirayuri;;Dryad;false
C0CARNIF;ANIMAL;WOLF;WOLF_WORG;WOLF_WORG;c0carnif;c0carnif;Aura_BG1_2_EET;12;;;Carnifex;;Worg;false
D9VBEAE;ANIMAL;BEAR;BEAR_BROWN;BEAR_BROWN;None;;BUTCHERY;5;;;Brown Bear;;BrownBear;true
D9VBEAR;ANIMAL;BEAR;BEAR_BROWN;BEAR_BROWN;None;;BUTCHERY;5;;;Brown Bear;;BrownBear;true
C0D2_S2;ANIMAL;WOLF;WOLF_DIRE;WOLF_WINTER;C0D2_SM;;ARTISANSKITPACK;1;;CONTROLLED;Spirit Wolf;true;DireWolf;false
C0D2_S2;ANIMAL;WOLF;WOLF_DIRE;WOLF_WINTER;C0D2_SM;;ArtisansKitpack;1;;CONTROLLED;Spirit Wolf;true;DireWolf;false
C0D2_S3;ANIMAL;NO_RACE;NO_CLASS;GREATCAT_LEOPARD;C0D2_SM;;ARTISANSKITPACK;1;;CONTROLLED;Spirit Lion;true;;
C0D2_S3;ANIMAL;NO_RACE;NO_CLASS;GREATCAT_LEOPARD;C0D2_SM;;ArtisansKitpack;1;;CONTROLLED;Spirit Lion;true;;
C0D2_S4;ANIMAL;NO_RACE;NO_CLASS;SNAKE;C0D2_SM;;ARTISANSKITPACK;1;;CONTROLLED;Spirit Snake;true;;
C0D2_S4;ANIMAL;NO_RACE;NO_CLASS;SNAKE;C0D2_SM;;ArtisansKitpack;1;;CONTROLLED;Spirit Snake;true;;
C0DEATHK;HUMANOID;DEMONIC;FIGHTER_MAGE;DEATH_KNIGHT;uddeath;uddeath;SIRENE_BG2;18;;;Demon Knight;;;
C0DESUM1;UNDEAD;SKELETON;SKELETON_WARRIOR;SKELETON;C0DESUM1;;STRATAGEMS;3;SUMMONED;CONTROLLED;Skeleton Warrior;true;SkeletonWarrior;true
C0DESUM1;UNDEAD;SKELETON;SKELETON_WARRIOR;SKELETON;C0DESUM1;;stratagems;3;SUMMONED;CONTROLLED;Skeleton Warrior;true;SkeletonWarrior;true
C0DESUM2;UNDEAD;SKELETON;SKELETON_WARRIOR;SKELETON;C0DESUM1;;STRATAGEMS;5;SUMMONED;CONTROLLED;Skeleton Warrior;true;SkeletonWarrior;true
C0DESUM2;UNDEAD;SKELETON;SKELETON_WARRIOR;SKELETON;C0DESUM1;;stratagems;5;SUMMONED;CONTROLLED;Skeleton Warrior;true;SkeletonWarrior;true
C0DESUM3;UNDEAD;SKELETON;SKELETON_WARRIOR;SKELETON_MONSTER;C0DESUM1;;STRATAGEMS;7;SUMMONED;CONTROLLED;Skeleton Warrior;true;SkeletonWarrior;true
C0DESUM3;UNDEAD;SKELETON;SKELETON_WARRIOR;SKELETON_MONSTER;C0DESUM1;;stratagems;7;SUMMONED;CONTROLLED;Skeleton Warrior;true;SkeletonWarrior;true
C0DESUM4;UNDEAD;SKELETON;SKELETON_WARRIOR;SKELETON_WARRIOR;C0DESUM1;;BARDICWONDERS;9;SUMMONED;;Skeleton Warrior;true;SkeletonWarrior;true
C0DESUM4;UNDEAD;SKELETON;SKELETON_WARRIOR;SKELETON_WARRIOR;C0DESUM1;;BardicWonders;9;SUMMONED;;Skeleton Warrior;true;SkeletonWarrior;true
C0DESUM5;UNDEAD;SKELETON;SKELETON_WARRIOR;SKELETON_WARRIOR;C0DESUM1;;BARDICWONDERS;15;SUMMONED;CONTROLLED;Skeleton Warrior;true;SkeletonWarrior;true
C0DESUM5;UNDEAD;SKELETON;SKELETON_WARRIOR;SKELETON_WARRIOR;C0DESUM1;;BardicWonders;15;SUMMONED;CONTROLLED;Skeleton Warrior;true;SkeletonWarrior;true
C0FS#06;ANIMAL;NO_RACE;NO_CLASS;NULL_ANIMATION;C0FS#06;C0FS#06;ARTISANSKITPACK;1;;;;;;
C0FS#06;ANIMAL;NO_RACE;NO_CLASS;NULL_ANIMATION;;;ArtisansKitpack;1;;;;;;
C0HVARAN;MONSTER;SPIDER;SORCERER;C0_ARANEA;C0HVARAN;;paina;20;;;Aranea Elder;;;
C0HVARAN;MONSTER;SPIDER;SORCERER;C0_ARANEA;C0HVARAN;;ArtisansKitpack;20;;;Aranea Elder;;;
C0KORSH;HUMANOID;HOBGOBLIN;FIGHTER;HOBGOBLIN;c0korsh;c0korsh;Aura_BG1_2_EET;14;;;"Korsh ""Chip"" Thurgarr";;;
C0KORSHB;HUMANOID;HOBGOBLIN;FIGHTER;HOBGOBLIN;c0korshb;c0korshb;Aura_BG1_2_EET;14;;;"Torpuk ""Trip"" Thurgarr";;;
C0KV4809;HUMANOID;NO_RACE;NO_CLASS;BIRD;C0KV4809;None;KVEL_BG1;1;;;;;;
C0KVOG01;DEAD;ORC;FIGHTER;OROG;C0KVOG01;;KVEL_BG1;1;;;Orog;;;
C0KVOG02;HUMANOID;ORC;FIGHTER;OROG;C0KVOG02;;KVEL_BG1;3;;;Orog;;;
C0KVOG03;HUMANOID;ORC;FIGHTER;OROG_ELITE;C0KVOG03;;KVEL_BG1;5;;;Orog Elite;;;
D9VBEAT;ANIMAL;BEAR;BEAR_BROWN;BEAR_BROWN;None;;BUTCHERY;5;;;Brown Bear;;BrownBear;true
C0MN#FI;ANIMAL;NO_RACE;NO_CLASS;NULL_ANIMATION;C0MN#FI;C0MN#FI;ARTISANSKITPACK;1;;;;;;
C0MN#FI;ANIMAL;NO_RACE;NO_CLASS;NULL_ANIMATION;C0MN#FI;C0MN#FI;ArtisansKitpack;1;;;;;;
C0MUFFY2;HUMANOID;NO_RACE;NO_CLASS;STATIC_HUMANCLERIC_MAN_CHAIR;C0MUFFY2;C0MUFFY2;Aura_BG1_2_EET;1;;;Muffy;;;
C0PKITT;MONSTER;SPIDER;SPIDER_HUGE;SPIDER_HUGE;SPIDFGSU;;paina;12;SUMMONED;CONTROLLED;Kitthix;true;HugeSpider;false
C0PMVM1F;UNDEAD;VAMPIRE;VAMPIRE;VAMPIRE_FEMALE;C0PMVM;VVMALE1;ARTISANSKITPACK;8;SUMMONED;CONTROLLED;Vampire Fledgling;true;;
C0PMVM1F;UNDEAD;VAMPIRE;VAMPIRE;VAMPIRE_FEMALE;C0PMVM;VVMALE1;ArtisansKitpack;8;SUMMONED;CONTROLLED;Vampire Fledgling;true;;
C0PMVM1M;UNDEAD;VAMPIRE;VAMPIRE;VAMPIRE;C0PMVM;VVMALE1;ARTISANSKITPACK;8;SUMMONED;CONTROLLED;Vampire Fledgling;true;;
C0PMVM1M;UNDEAD;VAMPIRE;VAMPIRE;VAMPIRE;C0PMVM;VVMALE1;ArtisansKitpack;8;SUMMONED;CONTROLLED;Vampire Fledgling;true;;
C0PMVM2F;UNDEAD;VAMPIRE;VAMPIRE;VAMPIRE_FEMALE;C0PMVM;VVMALE1;ARTISANSKITPACK;12;SUMMONED;CONTROLLED;Vampire;true;;
C0PMVM2F;UNDEAD;VAMPIRE;VAMPIRE;VAMPIRE_FEMALE;C0PMVM;VVMALE1;ArtisansKitpack;12;SUMMONED;CONTROLLED;Vampire;true;;
C0PMVM2M;UNDEAD;VAMPIRE;VAMPIRE;VAMPIRE;C0PMVM;VVMALE1;ARTISANSKITPACK;12;SUMMONED;CONTROLLED;Vampire;true;;
C0PMVM2M;UNDEAD;VAMPIRE;VAMPIRE;VAMPIRE;C0PMVM;VVMALE1;ArtisansKitpack;12;SUMMONED;CONTROLLED;Vampire;true;;
C0PMVM3F;UNDEAD;VAMPIRE;VAMPIRE;VAMPIRE_FEMALE;C0PMVM;VVMALE1;ARTISANSKITPACK;16;SUMMONED;CONTROLLED;Vampire Elder;true;;
C0PMVM3F;UNDEAD;VAMPIRE;VAMPIRE;VAMPIRE_FEMALE;C0PMVM;VVMALE1;ArtisansKitpack;16;SUMMONED;CONTROLLED;Vampire Elder;true;;
C0PMVM3M;UNDEAD;VAMPIRE;VAMPIRE;VAMPIRE;C0PMVM;VVMALE1;ARTISANSKITPACK;16;SUMMONED;CONTROLLED;Vampire Elder;true;;
C0PMVM3M;UNDEAD;VAMPIRE;VAMPIRE;VAMPIRE;C0PMVM;VVMALE1;ArtisansKitpack;16;SUMMONED;CONTROLLED;Vampire Elder;true;;
C0PMVM4F;UNDEAD;VAMPIRE;VAMPIRE;VAMPIRE_FEMALE;C0PMVM;VVMALE1;ARTISANSKITPACK;18;SUMMONED;CONTROLLED;Ancient Vampire;true;;
C0PMVM4F;UNDEAD;VAMPIRE;VAMPIRE;VAMPIRE_FEMALE;C0PMVM;VVMALE1;ArtisansKitpack;18;SUMMONED;CONTROLLED;Ancient Vampire;true;;
C0PMVM4M;UNDEAD;VAMPIRE;VAMPIRE;VAMPIRE;C0PMVM;VVMALE1;ARTISANSKITPACK;18;SUMMONED;CONTROLLED;Ancient Vampire;true;;
C0PMVM4M;UNDEAD;VAMPIRE;VAMPIRE;VAMPIRE;C0PMVM;VVMALE1;ArtisansKitpack;18;SUMMONED;CONTROLLED;Ancient Vampire;true;;
C0PR#EF;HUMANOID;NO_RACE;NO_CLASS;BIRD;C0PR#EF;None;ARTISANSKITPACK;1;;;;;;
C0PR#EF;HUMANOID;NO_RACE;NO_CLASS;BIRD;C0PR#EF;None;BardicWonders;1;;;;;;
C0SD-A1C;UNDEAD;SHADOW;THIEF;THIEF_MALE_HUMAN;C0SD-A1A;None;ARTISANSKITPACK;3;;CONTROLLED;Shadow;true;;
C0SD-A1C;UNDEAD;SHADOW;THIEF;THIEF_MALE_HUMAN;C0SD-A1A;None;ArtisansKitpack;3;;CONTROLLED;Shadow;true;;
C0SIRE2;HUMANOID;TIEFLING;PALADIN;FIGHTER_FEMALE_ELF;C0Sirene;C0Sire2;SIRENE_BG2;8;;;Sirene;;;
C0SIRE25;HUMANOID;TIEFLING;PALADIN;FIGHTER_FEMALE_ELF;C0Sirene;C0Sire25;SIRENE_BG2;8;;;Sirene;;;
C0SIRENE;HUMANOID;TIEFLING;PALADIN;FIGHTER_FEMALE_ELF;C0Sirene;C0Sirene;SIRENE;2;;;Sirene;;;
C0SIRENG;UNDEAD;ELF;NO_CLASS;CLERIC_FEMALE_ELF;C0SirenG;C0SirenG;SIRENE_BG2;10;;;Sirene;;;
C0SLOVE2;HUMANOID;TIEFLING;CLERIC_MAGE;MAGE_MALE_ELF;c0slove2;c0slove2;SIRENE_BG2;21;;;T'samon;;;
C0SRAID1;HUMANOID;ORC;FIGHTER;ORC_ELITE_MELEE;c0sraid1;c0sraid1;SIRENE_BG2;20;;;Fighter;;;
C0SRAID2;HUMANOID;ORC;FIGHTER;ORC_ELITE_MELEE;c0sraid2;c0sraid2;SIRENE_BG2;20;;;Fighter;;;
C0SRAID3;HUMANOID;ORC;FIGHTER;ORC_ELITE_MELEE;c0sraid3;c0sraid3;SIRENE_BG2;20;;;Fighter;;;
C0SRAID9;HUMANOID;ORC;FIGHTER;ORC_ELITE_MELEE;c0sraid9;c0sraid9;SIRENE_BG2;20;;;Fighter;;;
C0TSAMON;HUMANOID;TIEFLING;CLERIC_MAGE;MAGE_MALE_ELF;c0tsamon;c0tsamon;SIRENE_BG2;21;;;T'samon;;;
C0WSPIR1;HUMANOID;NO_RACE;FIGHTER;FIGHTER_MALE_HUMAN;C0WSPIR1;;ARTISANSKITPACK;;;;Spirit Warrior;;;
C0WSPIR2;HUMANOID;NO_RACE;RANGER;FIGHTER_MALE_HUMAN;C0WSPIR2;;ARTISANSKITPACK;;;;Spirit Archer;;;
C0WSPIR3;HUMANOID;NO_RACE;FIGHTER;FIGHTER_MALE_HUMAN;C0WSPIR3;;ARTISANSKITPACK;;;;Spirit Berserker;;;
C0WSPIR4;HUMANOID;NO_RACE;FIGHTER;FIGHTER_MALE_HUMAN;C0WSPIR4;;ARTISANSKITPACK;;;;Spirit Berserker;;;
C0WSPIR5;HUMANOID;NO_RACE;FIGHTER_CLERIC;MAGE_MALE_HUMAN;C0WSPIR5;;ARTISANSKITPACK;;;;Ancestral Spirit;;;
C0WSPIR6;HUMANOID;NO_RACE;RANGER;FIGHTER_FEMALE_ELF;C0WSPIR6;;ARTISANSKITPACK;;;;Valkyrie Archer;;;
C0WSPIR7;HUMANOID;NO_RACE;FIGHTER_CLERIC;FIGHTER_FEMALE_ELF;C0WSPIR7;;ARTISANSKITPACK;;;;Valkyrie Shieldmaiden;;;
C2KIT;MONSTER;SPIDER;SPIDER_SWORD;SPIDER_SWORD;None;;ITEMUPGRADE;10;SUMMONED;;Improved Kitthix;true;SwordSpider;false
C6BAT;MONSTER;NO_RACE;NO_CLASS;BAT_INSIDE;c6bat;None;BG2;1;;;Bat;;;
C6BGUARD;UNDEAD;VAMPIRE;FIGHTER_MAGE;VAMPIRE;c6bguard;c6bguard;STRATAGEMS;14;;;Guard;;;
C6BMIST;MONSTER;MIST;MIST;BAT_INSIDE;None;None;BG2;1;;;Bat;;;
C6BODHI;UNDEAD;VAMPIRE;FIGHTER_THIEF;BODHI;c6bodhi;c6bodhi;STRATAGEMS;25;;;Bodhi;;;
C6DEL;UNDEAD;VAMPIRE;FIGHTER_THIEF;VAMPIRE;c6del;c6del;STRATAGEMS;12;;;Del;;;
C6DROWGO;GIANTHUMANOID;ELEMENTAL;ELEMENTAL_FIRE;ELEMENTAL_FIRE;c6drowgo;;BG2;10;;;Fire Elemental;;;
C6GUEN;ANIMAL;CAT;CAT;GREATCAT_PANTHER;None;;BG2;4;SUMMONED;;Guenhwyvar;true;Jaguar;false
C6GUEN2;ANIMAL;CAT;CAT;GREATCAT_PANTHER;c6guen2;;BG2;4;;;Guenhwyvar;;Jaguar;false
C6HAREI;UNDEAD;VAMPIRE;FIGHTER_THIEF;VAMPIRE_FEMALE;c6harei;c6harei;STRATAGEMS;12;;;Hareishan;;;
C6LANF;MONSTER;LYCANTHROPE;WOLFWERE;WEREWOLF_GREATER;c6lanf;c6lanf;STRATAGEMS;11;;;Lanfear;;;
C6MERE;UNDEAD;VAMPIRE;FIGHTER_THIEF;VAMPIRE_FEMALE;c6mere;c6mere;STRATAGEMS;12;;;Meredath;;;
C6SALIA;UNDEAD;VAMPIRE;FIGHTER_THIEF;VAMPIRE_FEMALE;c6salia;c6salia;STRATAGEMS;12;;;Salia;;;
C6TANOV;UNDEAD;VAMPIRE;MAGE;VAMPIRE_FEMALE;c6tanov;c6tanov;STRATAGEMS;16;;;Tanova;;;
C6VALEN;UNDEAD;VAMPIRE;FIGHTER_THIEF;VAMPIRE_FEMALE;c6valen;c6valen;STRATAGEMS;14;;;Valen;;;
C6VAMP01;UNDEAD;VAMPIRE;FIGHTER_THIEF;VAMPIRE;None;None;STRATAGEMS;8;;;Fledgling Vampire;;;
C6VFLM01;UNDEAD;VAMPIRE;FIGHTER_THIEF;VAMPIRE;None;None;STRATAGEMS;8;;;Fledgling Vampire;;;
C6WERE1;MONSTER;LYCANTHROPE;WEREWOLF;WEREWOLF;None;None;STRATAGEMS;7;;;Wolfwere;;;
C6WERE2;MONSTER;LYCANTHROPE;WOLFWERE;WEREWOLF;c6were2;None;STRATAGEMS;7;;;Wolfwere;;;
CA#CAIR1;MONSTER;ELEMENTAL;ELEMENTAL_AIR;ELEMENTAL_AIR_SMALL;NONE;;FAITHS_AND_POWERS;8;;CONTROLLED;Air Elemental;true;;
CA#CAIR2;MONSTER;ELEMENTAL;ELEMENTAL_AIR;ELEMENTAL_AIR;NONE;;FAITHS_AND_POWERS;16;;CONTROLLED;Air Elemental;true;;
CA#CAIR3;MONSTER;ELEMENTAL;ELEMENTAL_AIR;ELEMENTAL_AIR;NONE;;FAITHS_AND_POWERS;24;;CONTROLLED;Greater Air Elemental;true;;
CA#DASTR;HUMANOID;PLANATAR;FIGHTER;CLERIC_MALE_ELF;CA#DASTR;NONE;CELESTIALS;14;;;Astral Deva;;;
CA#DMOND;HUMANOID;PLANATAR;FIGHTER;CLERIC_MALE_ELF;CA#DASTR;NONE;CELESTIALS;12;;;Monadic Deva;;;
CA#DMOVA;HUMANOID;PLANATAR;FIGHTER_MAGE;CLERIC_MALE_ELF;ca#dastr;DEVAGOOD;CELESTIALS;10;;;Movanic Deva;;;
CA#FDEVA;HUMANOID;DARKPLANATAR;FIGHTER;CLERIC_FEMALE_ELF;devaevil;NONE;CELESTIALS;14;;;Fallen Deva;;;
CA#FPLAN;GIANTHUMANOID;DARKPLANATAR;FIGHTER_MAGE;MAGE_FEMALE_ELF;planevil;PLANGOOD;CELESTIALS;16;;;Fallen Planetar;;;
CA#LWISH;GIANTHUMANOID;GENIE;GENIE_DAO;DJINNI;WISH01;CA#LWISH;CELESTIALS;25;;;Djinni;;;
CA#PLAN;GIANTHUMANOID;PLANATAR;FIGHTER_CLERIC;MAGE_MALE_ELF;PLANGOOD;PLANGOOD;CELESTIALS;16;;;Planetar;;;
CA#SEAR1;MONSTER;ELEMENTAL;ELEMENTAL_EARTH;ELEMENTAL_EARTH;NONE;;FAITHS_AND_POWERS;12;;CONTROLLED;Earth Elemental;true;;
CA#SEAR2;MONSTER;ELEMENTAL;ELEMENTAL_EARTH;ELEMENTAL_EARTH;NONE;;FAITHS_AND_POWERS;16;;CONTROLLED;Earth Elemental;true;;
CA#SEAR3;MONSTER;ELEMENTAL;ELEMENTAL_EARTH;ELEMENTAL_EARTH;None;;FAITHS_AND_POWERS;24;;CONTROLLED;Greater Earth Elemental;true;;
CA#ZFIR1;GIANTHUMANOID;ELEMENTAL;ELEMENTAL_FIRE;ELEMENTAL_FIRE_SMALL;NONE;;FAITHS_AND_POWERS;12;;CONTROLLED;Fire Elemental;true;;
CA#ZFIR2;GIANTHUMANOID;ELEMENTAL;ELEMENTAL_FIRE;ELEMENTAL_FIRE;NONE;;FAITHS_AND_POWERS;16;;CONTROLLED;Fire Elemental;true;;
CA#ZFIR3;GIANTHUMANOID;ELEMENTAL;ELEMENTAL_FIRE;ELEMENTAL_FIRE;NONE;;FAITHS_AND_POWERS;24;;CONTROLLED;Greater Fire Elemental;true;;
CAILAN;HUMANOID;STATUE;FIGHTER;FIGHTER_MALE_HUMAN;CAILAN;CAILAN;BG1;6;;;Statue;;;
CAMBION1;GIANTHUMANOID;DEMONIC;THIEF;DEATH_KNIGHT;None;;BG2;20;;;Cambion;;;
CAMBION2;GIANTHUMANOID;DEMONIC;TANARI;DEATH_KNIGHT;None;;BG2;9;;;Cambion;;;
CARCRA01;MONSTER;CARRIONCRAWLER;CARRIONCRAWLER;CARRION_CRAWLER;None;;BG2;3;;;Carrion Crawler;;CarrionCrawler;false
CARRIO;MONSTER;CARRIONCRAWLER;CARRIONCRAWLER;CARRION_CRAWLER;None;;BG2;3;;;Carrion Crawler;;CarrionCrawler;true
CARRIO;MONSTER;CARRIONCRAWLER;CARRIONCRAWLER;CARRION_CRAWLER;carrio;;BG1;3;;;Carrion Crawler;;CarrionCrawler;true
CARRIOSU;MONSTER;CARRIONCRAWLER;CARRIONCRAWLER;CARRION_CRAWLER;None;;BG2;5;SUMMONED;CONTROLLED;Mutated Crawler;true;CarrionCrawler;true
CARRIOSU;MONSTER;CARRIONCRAWLER;CARRIONCRAWLER;CARRION_CRAWLER;None;;BG1;5;SUMMONED;CONTROLLED;Mutated Crawler;true;CarrionCrawler;true
CAT;ANIMAL;CAT;HUNTER_CREATURE;CAT;cat;None;BG2;1;;;Cat;;;
CAT;ANIMAL;CAT;CAT;CAT;None;None;BG1;1;;;Cat;;Jaguar;false
CATCHE01;ANIMAL;CAT;HUNTER_CREATURE;GREATCAT_LEOPARD;None;;BG2;4;;;Cheetah;;Leopard;false
CATDEAD;ANIMAL;CAT;CAT;CAT;None;None;BG2;1;;;Cat;;Jaguar;false
CATDEAD;ANIMAL;CAT;CAT;CAT;None;None;BG1;1;;;Cat;;Jaguar;false
CATJAG01;ANIMAL;CAT;HUNTER_CREATURE;GREATCAT_PANTHER;None;;BG2;4;;;Panther;;Jaguar;true
CATJAG01;ANIMAL;CAT;HUNTER_CREATURE;GREATCAT_PANTHER;CATJAG01;;BG1;4;;;Panther;;Jaguar;true
CATJAGSU;ANIMAL;CAT;CAT;GREATCAT_LEOPARD;None;;SPELL_REV;4;SUMMONED;;Leopard;true;Leopard;true
CATJAGSU;ANIMAL;CAT;CAT;GREATCAT_LEOPARD;None;;stratagems;4;SUMMONED;;Leopard;true;Leopard;true
CATJAGWP;ANIMAL;CAT;CAT;GREATCAT_PANTHER;None;;BG2;4;SUMMONED;CONTROLLED;Panther;true;Jaguar;false
CATLEO01;ANIMAL;CAT;HUNTER_CREATURE;GREATCAT_LEOPARD;None;;BG2;4;;;Leopard;;Leopard;false
CATLIM01;ANIMAL;CAT;HUNTER_CREATURE;GREATCAT_LEOPARD;None;;BG2;4;;;Mountain Lion;;MountainLion;true
CATLIM01;ANIMAL;CAT;HUNTER_CREATURE;GREATCAT_LEOPARD;CATLIM01;;BG1;4;;;Mountain Lion;;MountainLion;true
CATLIO01;ANIMAL;CAT;HUNTER_CREATURE;GREATCAT_LEOPARD;None;;BG2;4;;;Lion;;Leopard;false
CATLIOSU;ANIMAL;CAT;CAT;GREATCAT_LEOPARD;SUMSHT01;;BG2;4;SUMMONED;CONTROLLED;Lion;true;Lion;true
CATLIOSU;ANIMAL;CAT;CAT;GREATCAT_LEOPARD;SUMSHT01;;BG1;4;SUMMONED;CONTROLLED;Lion;true;Lion;true
CATLIOWP;ANIMAL;CAT;CAT;GREATCAT_LEOPARD;catliowp;;BG2;5,8;SUMMONED;CONTROLLED;Joolon;true;Lion;true
CATLIOWP;ANIMAL;CAT;CAT;GREATCAT_LEOPARD;catliowp;;BG1;5,8;SUMMONED;CONTROLLED;Joolon;true;Lion;true
CATLIS01;ANIMAL;CAT;HUNTER_CREATURE;GREATCAT_LEOPARD;None;;BG2;4;;;Spotted Lion;;Leopard;false
CATLYN01;ANIMAL;CAT;HUNTER_CREATURE;GREATCAT_LEOPARD;None;;BG2;4;;;Giant Lynx;;Leopard;false
CATP;ANIMAL;NO_RACE;MAGE;CAT;PetrinesCat;None;BG2;1;;;Angel the Cat;;;
CATP;ANIMAL;CAT;CAT;CAT;PetrinesCat;None;BG1;1;;;Angel the Cat;;Jaguar;false
CATPAN01;ANIMAL;CAT;CAT;GREATCAT_PANTHER;CATPAN01;;ctb;4;;;Panther;;Jaguar;false
CATTAC;HUMANOID;HOBGOBLIN;HOBGOBLIN;HOBGOBLIN;CATTACK;cattac;BG1;6;;;Cattack;;;
CATTIG01;ANIMAL;CAT;CAT;GREATCAT_LEOPARD;cattig01;;BG2;4;;;Wild Tiger;;Leopard;false
CAVENE;ANIMAL;BEAR;BEAR_CAVE;BEAR_CAVE;CAVENE;none;BG1;1;;;Cave Bear;;CaveBear;true
CB3545XB;MONSTER;DEMONIC;TANARI;DOOM_GUARD;CB3545XB;CB3545XB;ctb;23;;;Animated Crossbow;;;
CB3547BL;MONSTER;DEMONIC;TANARI;DOOM_GUARD;CB3547BL;;ctb;10;;;Animated Sword;;;
CB3548DP;HUMANOID;PLATE;LONG_SWORD;BIRD;CB3548DP;;ctb;1;;;;;;
CB3559WB;MONSTER;NO_RACE;TANARI;BIRD;CB3559WB;;ctb;25;;;;;;
CB3560WB;MONSTER;NO_RACE;TANARI;BIRD;CB3560WB;;ctb;25;;;;;;
CB3575EX;MONSTER;NO_RACE;TANARI;BIRD;CB3575EX;CB3575EX;ctb;25;;;;;;
CB3579P1;HUMANOID;GNOLL;GNOLL;FIGHTER_MALE_ELF;CB3579P1;;ctb;10;;;Magical Sword;;;
CB3579P2;HUMANOID;GNOLL;GNOLL;FIGHTER_MALE_ELF;CB3579P2;;ctb;10;;;Magical Sword;;;
CB3579P3;HUMANOID;GNOLL;GNOLL;FIGHTER_MALE_ELF;CB3579P3;;ctb;10;;;Magical Sword;;;
CB3579P4;HUMANOID;GNOLL;GNOLL;FIGHTER_MALE_ELF;CB3579P4;;ctb;10;;;Magical Sword;;;
CB3579P5;HUMANOID;GNOLL;GNOLL;FIGHTER_MALE_ELF;CB3579P5;;ctb;10;;;Magical Sword;;;
CB3579P6;HUMANOID;GNOLL;GNOLL;FIGHTER_MALE_ELF;CB3579P6;;ctb;10;;;Magical Sword;;;
CB3597PA;UNDEAD;VAMPIRE;VAMPIRE;VAMPIRE_FEMALE;CB3597PA;CB3597PA;ctb;12;;;Parisa;;;
CB368DRG;UNDEAD;DRAGON;SHADOW_DRAGON;DRAGON_SILVER;CB368DRG;;ctb;30;;;Dracolich;;;
CB521SLD;MONSTER;DRAGON;SHADOW_DRAGON;DRAGON_BLUE;CB521SLD;CB521SLD;ctb;30;;;Blue Dragon;;;
CB566SPY;HUMANOID;PLATE;LONG_SWORD;BIRD;CB566SPY;None;ctb;1;;;;;;
CB585AN1;ANIMAL;CAT;HUNTER_CREATURE;GREATCAT_LEOPARD;None;;ctb;4;;;Giant Lynx;;Leopard;false
NBEARBR;ANIMAL;BEAR;BEAR_BROWN;BEAR_BROWN;None;;BG2;5;;;Brown Bear;;BrownBear;true
CB585AN3;ANIMAL;WOLF;HUNTER_CREATURE;WOLF;None;;ctb;3;;;Wolf;;Wolf;false
CB585AN4;ANIMAL;DOG;DOG_WILD;DOG_WILD;None;;ctb;1;;;Wild Dog;;WildDog;false
CB585AN5;ANIMAL;CAT;CAT;GREATCAT_PANTHER;CATPAN01;;ctb;4;;;Panther;;Jaguar;false
CB585AN6;ANIMAL;DOG;DOG_WILD;DOG_WILD;None;;ctb;1;;;Wild Dog;;WildDog;false
VBEARBR;ANIMAL;BEAR;BEAR_BROWN;BEAR_BROWN;None;;BG2;5;;;Brown Bear;;BrownBear;true
CB585AN8;ANIMAL;WOLF;HUNTER_CREATURE;WOLF;None;;ctb;3;;;Wolf;;Wolf;false
CB595BLB;ANIMAL;WOLF;WOLF;WOLF;CB595blb;;ctb;3;;;Rabid Wolf;;Wolf;false
BEARCA01;ANIMAL;BEAR;BEAR_CAVE;BEAR_CAVE;None;;BG2;6;;;Cave Bear;;CaveBear;true
CB595DER;DEAD;NO_RACE;NO_CLASS;DEER;CB595DER;;ctb;1;;;Deer;;;
CB595DRB;ANIMAL;NO_RACE;FOOD_CREATURE;DEER;CB595drb;;ctb;1;;;Rabid Deer;;;
OHDANIM1;ANIMAL;BEAR;BEAR_CAVE;BEAR_CAVE;TRANIM01;;BG2;6;;;Cave Bear;;CaveBear;true
CBAPPAR1;UNDEAD;SKELETON;SKELETON;SKELETON;CBAPPAR1;APPAR;ctb;1;;;Skeleton;;Skeleton;false
CBASHIRU;UNDEAD;HUMAN;FIGHTER_THIEF;THIEF_FEMALE_ELF;CBASHIRU;None;ctb;8;;;Ashirukuru;;;
CBBDAW01;MONSTER;DRAGON;SHADOW_DRAGON;DRAGON_BLUE;CBBDAW01;CBBDAW01;ctb;30;;;Darammareth S'ooloun Crommadar Ammanth Kuleera;;;
CBBDAW02;MONSTER;NO_RACE;TANARI;DOOM_GUARD;CBBDAW02;;ctb;25;;;;;;
CBBDFHJD;MONSTER;NO_RACE;TANARI;BIRD;CBBDFHJD;;ctb;25;;;;;;
CBBDFHJE;MONSTER;NO_RACE;TANARI;BIRD;CBBDFHJE;;ctb;25;;;;;;
CBBDHELP;MONSTER;DRAGON;SHADOW_DRAGON;DRAGON_BLUE;CBBDHELP;CBBDHELP;ctb;30;;;Darammareth S'ooloun Crommadar Ammanth Kuleera;;;
CBBDSL01;MONSTER;DRAGON;SHADOW_DRAGON;DRAGON_BLUE;CBBDSL01;CBBDSL01;ctb;30;;;Blue Dragon;;;
CBBDSL02;HUMANOID;NO_RACE;NO_CLASS;DOOM_GUARD_LARGER;CBBDSL02;CBBDSL01;ctb;30;;;Blue Dragon;;;
CBBDSLDS;MONSTER;NO_RACE;TANARI;BIRD;CBBDSLDS;;ctb;25;;;Blue Dragon;;;
CBBGBER1;HUMANOID;HOBGOBLIN;HOBGOBLIN;BUGBEAR;CBBGBER1;;ctb;6;;;Bugbear;;;
CBBGBER2;HUMANOID;HOBGOBLIN;HOBGOBLIN;BUGBEAR;CBBGBER2;;ctb;6;;;Bugbear;;;
CBBGBERA;HUMANOID;HOBGOBLIN;HOBGOBLIN;BUGBEAR;CBBGBER1;;ctb;6;;;Bugbear;;;
CBBGBERB;HUMANOID;HOBGOBLIN;HOBGOBLIN;BUGBEAR;CBBGBER1;;ctb;12;;;Bugbear;;;
CBBGBERC;HUMANOID;HOBGOBLIN;HOBGOBLIN;BUGBEAR;CBBGBER1;;ctb;16;;;Bugbear;;;
CBBGBERD;HUMANOID;HOBGOBLIN;HOBGOBLIN;BUGBEAR;CBBGBER1;;ctb;18;;;Bugbear;;;
CBBGBERW;HUMANOID;HOBGOBLIN;HOBGOBLIN;BUGBEAR_CAPTAIN;CBBGBER2;;ctb;6;;;Bugbear;;;
CBBGBERX;HUMANOID;HOBGOBLIN;HOBGOBLIN;BUGBEAR_CAPTAIN;CBBGBER2;;ctb;12;;;Bugbear;;;
CBBGBERY;HUMANOID;HOBGOBLIN;HOBGOBLIN;BUGBEAR_CAPTAIN;CBBGBER2;;ctb;16;;;Bugbear;;;
CBBGBERZ;HUMANOID;HOBGOBLIN;HOBGOBLIN;BUGBEAR_CAPTAIN;CBBGBER2;;ctb;18;;;Bugbear;;;
CBBLKDRG;MONSTER;DRAGON;SHADOW_DRAGON;DRAGON_BLACK;CBBLKDRG;;ctb;23;;;Black Dragon;;;
CBBODH66;UNDEAD;VAMPIRE;VAMPIRE;BODHI;CBBODH66;CBBODH66;ctb;25;;;Bodhi;;;
CBC8CTD3;UNDEAD;DRAGON;SHADOW_DRAGON;DRAGON_SILVER;CBC8CTD3;;ctb;30;;;Dracolich;;;
CBC8CTL2;UNDEAD;LICH;MAGE;LICH;CBC8CTL2;;ctb;9;;;Cult Lich;;;
CBC8CTL3;UNDEAD;LICH;MAGE;LICH;CBC8CTL3;;ctb;27;;;Cult Lich;;;
CBC8CTL4;UNDEAD;DEMILICH;MAGE;DEMILICH;CBC8CTL4;None;ctb;27;;;Cult Lich;;;
CBC8CTU3;UNDEAD;SKELETON;SKELETON_WARRIOR;SKELETON_WARRIOR;CBC8CTU3;;ctb;9;;;Undead Cultist;;SkeletonWarrior;false
CBC8CTZL;HUMANOID;LICH;MAGE;LICH;CBC8CTZL;CBC8CTZL;ctb;27;;;Zannaster the Lich;;;
TRANIM01;ANIMAL;BEAR;BEAR_CAVE;BEAR_CAVE;tranim01;;BG2;6;;CONTROLLED;Cave Bear;true;CaveBear;true
CBCWTHEX;MONSTER;NO_RACE;TANARI;BIRD;CBCWTHEX;NONE;ctb;25;;;;;;
CBDNCSWD;ANIMAL;SWORD;LONG_SWORD;DANCING_SWORD;CBDNCSWD;;ctb;2;;;Dancing Broadsword;;;
CBDRIFAL;MONSTER;SPIDER;MAGE;DRIDER_MALE;CBDRIFAL;;ctb;22;;;Drider;;;
CBDRIFML;MONSTER;SPIDER;CLERIC;DRIDER_MALE;CBDRIFML;None;ctb;24;;;Drider Priestess;;;
CBDRIFSL;MONSTER;SPIDER;CLERIC;DRIDER_MALE;CBDRIFSL;None;ctb;24;;;Drider Priestess;;;
CBDRIMML;MONSTER;SPIDER;FIGHTER;DRIDER_FEMALE;CBDRIMML;;ctb;18;;;Drider;;;
CBDRIMSL;MONSTER;SPIDER;FIGHTER;DRIDER_FEMALE;CBDRIMSL;;ctb;18;;;Drider;;;
CBELHOE;GIANTHUMANOID;OGRE;OGRE;OGRE;HACK;HACK;ctb;11;;;Elhoe;;Ogre;false
CBEMDM01;MONSTER;DEMONIC;TANARI;IMP;CBEMDM01;CBEMDM01;ctb;25;;;Lesser Demon Lord;;;
CBEMDM02;MONSTER;DEMONIC;TANARI;DEMOGORGON;CBEMDM02;CBEMDM02;ctb;25;;;Demogorgon;;;
CBEMKOBL;HUMANOID;KOBOLD;KOBOLD;KOBOLD;None;;ctb;1;;;Kobold Commando;;;
CBGORGRD;GIANTHUMANOID;GOLEM;GOLEM_IRON;GOLEM_IRON;gorgrd01;;ctb;18;;;Guardian Golem;;IronGolem;false
CBGORGRE;GIANTHUMANOID;GOLEM;GOLEM_IRON;GOLEM_IRON;kpgol04;KPGOL04;ctb;18;;;Iron Golem;;IronGolem;false
CBGRDYUN;MONSTER;YUANTI;LONG_SWORD;YUAN-TI_ELITE;CBGRDYUN;CBGRDYUN;ctb;14;;;Yuan-Ti of House Extaminos;;;
CBGRNDRG;MONSTER;DRAGON;SILVER_DRAGON;DRAGON_GREEN;CBDRGGRN;;ctb;34;;;Green Dragon;;;
CBGRVAMP;UNDEAD;VAMPIRE;VAMPIRE;VAMPIRE;CBGRVAMP;None;ctb;8;;;Vampire;;;
CBHAKSH1;GIANTHUMANOID;OGRE;OGRE_MAGE;MIST_CREATURE;CBHAKSH1;;ctb;12;;;Hakeashar;;OgreMage;false
CBHAKSHR;GIANTHUMANOID;OGRE;OGRE_MAGE;MIST_CREATURE;CBHAKSHR;;ctb;12;;;Hakeashar;;OgreMage;false
CBHARPY1;MONSTER;HOBGOBLIN;HOBGOBLIN;HALFDRAGON_BLACK;CBHARPY1;;ctb;7;;;Harpy;;;
CBHARPY2;MONSTER;HOBGOBLIN;HOBGOBLIN;HALFDRAGON_RED;CBHARPY2;;ctb;6;;;Harpy;;;
CBHARPYA;MONSTER;HOBGOBLIN;HOBGOBLIN;HALFDRAGON_BLACK;CBHARPY1;;ctb;7;;;Harpy;;;
CBHARPYB;MONSTER;HOBGOBLIN;HOBGOBLIN;HALFDRAGON_BLACK;CBHARPY1;;ctb;9;;;Harpy;;;
CBHARPYC;MONSTER;HOBGOBLIN;HOBGOBLIN;HALFDRAGON_BLACK;CBHARPY1;;ctb;9;;;Harpy;;;
CBHARPYD;MONSTER;HOBGOBLIN;HOBGOBLIN;HALFDRAGON_BLACK;CBHARPY1;;ctb;10;;;Harpy;;;
CBHARPYW;MONSTER;HOBGOBLIN;HOBGOBLIN;HALFDRAGON_RED;CBHARPY2;;ctb;7;;;Harpy;;;
CBHARPYX;MONSTER;HOBGOBLIN;HOBGOBLIN;HALFDRAGON_RED;CBHARPY2;;ctb;9;;;Harpy;;;
CBHARPYY;MONSTER;HOBGOBLIN;HOBGOBLIN;HALFDRAGON_RED;CBHARPY2;;ctb;9;;;Harpy;;;
CBHARPYZ;MONSTER;HOBGOBLIN;HOBGOBLIN;HALFDRAGON_RED;CBHARPY2;;ctb;10;;;Harpy;;;
CBHLDYT1;MONSTER;YUANTI;LONG_SWORD;YUAN-TI_PRIEST;YUANTI;None;ctb;14;;;Yuan-Ti of House Extaminos;;;
CBHLDYT2;MONSTER;YUANTI;LONG_SWORD;YUAN-TI_ELITE;YUANTI;;ctb;10;;;Yuan-Ti Elite;;;
CBHLDYT3;MONSTER;YUANTI;LONG_SWORD;YUAN-TI_ELITE;YUANTI;;ctb;7;;;Yuan-Ti;;;
CBHLDYT4;MONSTER;YUANTI;LONG_SWORD;YUAN-TI_PRIEST;YUANTI;None;ctb;12;;;Yuan-Ti Mage;;;
CBJELLMU;MONSTER;HUMAN;MUSTARD_JELLY;SLIME_MUSTARD;JELLSPA;;ctb;7;;;Mustard Jelly;;;
CBLNIGHT;HUMANOID;114;FAIRY_SIRINE;SIRINE;Meiala;MEIALA;ctb;11;;;Lady Nightshade;;;
CBMALR1X;HUMANOID;PLATE;LONG_SWORD;BIRD;CBMALR1X;;ctb;1;;;;;;
CBMALR5A;MONSTER;DEMONIC;TANARI;DOOM_GUARD;CBMALR5a;;ctb;10;;;Phantom Arm;;;
CBMALR6A;UNDEAD;WRAITH;WRAITH;GHAST;CBMALR6a;;ctb;6;;CONTROLLED;Wraith;true;;
CBMALR6B;UNDEAD;WRAITH;WRAITH;GHOST;CBMALR6B;;ctb;8;;;Specter;;;
CBMALRDM;MONSTER;DEMONIC;TANARI;MARILITH;CBMALRDM;;ctb;32;;;Permatrated Mage;;;
CBMALSPY;HUMANOID;PLATE;LONG_SWORD;BIRD;CBMALSPY;None;ctb;1;;;;;;
CBMASTVP;UNDEAD;VAMPIRE;VAMPIRE;VAMPIRE;CBMASTVP;None;ctb;8;;;Master Vampire;;;
CBMINTO;HUMANOID;HUMAN;HOBGOBLIN;HOBGOBLIN;BULLRUSH;BULLRUSH;ctb;3;;;Minto;;;
CBMKEBOK;HUMANOID;PLATE;LONG_SWORD;BIRD;CBMKEBOK;None;ctb;1;;;;;;
CBREDDRG;MONSTER;DRAGON;FIGHTER_MAGE_CLERIC;DRAGON_RED;CBDRGRED;;ctb;23;;;Red Dragon;;;
CBRYBREL;UNDEAD;NO_RACE;NO_CLASS;LICH_BLACK;CBRYBREL;CBRYBREL;ctb;1;;;Uncle Donny;;;
CBSELIMS;UNDEAD;SHADOW;MAGE;GHOST;CBSELIMS;CBSELIMS;ctb;21;;;Selim Sivad;;;
CBSHDWKY;UNDEAD;VAMPIRE;VAMPIRE;VAMPIRE_FEMALE;CBSHDWKY;CBSHDWKY;ctb;12;;;Parisa;;;
CBSMHRSE;ANIMAL;NO_RACE;NO_CLASS;HORSE;CBSMHRSE;None;ctb;1;;;Sir John Johns;;;
CBSMTRGT;ANIMAL;NO_RACE;FOOD_CREATURE;GROUNDHOG;CBSMTRGT;CBSMTRGT;ctb;1;;;Target;;;
CBSPKDED;MONSTER;DEMONIC;TANARI;DEVA_MONADIC;CBSPKDED;CBSPKDED;ctb;25;;;Spirit;;;
CBTREANT;MONSTER;ELEMENTAL;FIGHTER;TREANT_DARK;CBTREANT;;ctb;8;;;Treant;;;
CBUNDEAD;UNDEAD;SKELETON;SKELETON;SKELETON;CBUNDEAD;;ctb;5;;;Random Undead;;Skeleton;false
CBVAMGRY;UNDEAD;VAMPIRE;VAMPIRE;VAMPIRE_FEMALE;CBVAMGRY;CBVAMGRY;ctb;11;;;Hareishan;;;
CBWAUKCH;ANIMAL;NO_RACE;NO_CLASS;MOOSE;moose01;;ctb;1;;;Moose;;;
CBYELDRG;MONSTER;DRAGON;RED_DRAGON;DRAGON_GREEN;CBYELDRG;;ctb;23;SUMMONED;CONTROLLED;Yellow Dragon;true;;
CBYT4446;MONSTER;YUANTI;LONG_SWORD;YUAN-TI_PRIEST;CBYT4446;NONE;ctb;14;;;Yuan-Ti of House Extaminos;;;
CBYT4447;MONSTER;YUANTI;LONG_SWORD;YUAN-TI_ELITE;CBYT4446;;ctb;10;;;Yuan-Ti of House Extaminos;;;
CBZOMB01;UNDEAD;SKELETON;NO_CLASS;ZOMBIE;CBZOMB01;;ctb;2;;;Myrkul's Legionnaire;;;
CBZOMB02;UNDEAD;SKELETON;SKELETON_WARRIOR;SKELETON_WARRIOR;CBZOMB02;;STRATAGEMS;9;;;Dread Warrior;;SkeletonWarrior;false
CBZOMBD1;UNDEAD;SKELETON;NO_CLASS;ZOMBIE;CBZOMB01;;ctb;2;;;Myrkul's Legionnaire;;;
CBZOMBD2;UNDEAD;SKELETON;SKELETON_WARRIOR;SKELETON_WARRIOR;CBZOMB02;;STRATAGEMS;9;;;Dread Warrior;;SkeletonWarrior;false
CB_BIRD1;ANIMAL;NO_RACE;NO_CLASS;VULTURE;CB_BIRD1;None;ctb;1;;;Bird;;;
CB_COW;ANIMAL;NO_RACE;NO_CLASS;COW;None;None;ctb;1;;;Cow;;;
CB_HORSE;ANIMAL;NO_RACE;NO_CLASS;HORSE;None;None;ctb;1;;;Horse;;;
CD09HAG;MONSTER;FAIRY;FAIRY_DRYAD;FAT_WOMAN;CD09HAG;CD09HAG;THECALLING;;;;Pelerlertiana;;Dryad;false
CD09SPC;MONSTER;NO_RACE;NO_CLASS;SHRIEKER;CD09SPC;;THECALLING;;;;Spore Colony;;;
CD23TRO;GIANTHUMANOID;TROLL;TROLL;TROLL;CD23TRO;;THECALLING;;;;Moaning Troll;;;
CD41COR;UNDEAD;GHOUL;GHOUL_GHAST;GHAST;CD41COR;;THECALLING;;;;Manifestation of Corruption;;Ghast;false
CD41GUAR;GIANTHUMANOID;ELEMENTAL;ELEMENTAL_EARTH;SHAMBLING_MOUND;cd41guar;None;THECALLING;;;;Dreamheart's Guardian;;;
CD41HEA;HUMANOID;GOLEM;GOLEM_IRON;DOOM_GUARD;CD41HEA;CD41HEA;THECALLING;;;;Dreamheart;;IronGolem;false
CD41SHA;UNDEAD;FAIRY;FAIRY_SIRINE;SIRINE;CD41SHA;;THECALLING;;;;Fear of Stasis;;Sirine;false
CD41WOL1;UNDEAD;WOLF;WOLF_VAMPIRIC;WOLF_VAMPIRIC;CD41WOL1;;THECALLING;;;;Vampiric Wolf - Pack Leader;;VampiricWolf;false
CD41WOL2;UNDEAD;WOLF;WOLF_DREAD;WOLF_DREAD;CD41WOL2;;THECALLING;;;;Zombie-Wolf;;DreadWolf;false
CD51CH;HUMANOID;GNOLL;GNOLL;GNOLL;CD51CH;CD51CH;THECALLING;;;;Chieftain Hvalanya;;;
CD51GHO;MONSTER;GOLEM;GOLEM_IRON;FIGHTER_MALE_HUMAN;CD51GHO;CD51GHO;THECALLING;;;;Kalvranalan;;BattleHorror;false
CD51GO;HUMANOID;GNOLL;GNOLL;GNOLL;CD51GO;CD51GO;THECALLING;;;;Watchdog Purkht;;;
CD51GS;HUMANOID;ORC;SHAMAN;GNOLL;CD51GS;CD51GS;THECALLING;;;;Shaman Sirkhr;;;
CD51GW;HUMANOID;GNOLL;GNOLL;GNOLL;NONE;;THECALLING;;;;Gnoll-Weakling;;;
CD51GZ;UNDEAD;ZOMBIE;ZOMBIE_NORMAL;GNOLL;CD51GZ;ZOMBIE;THECALLING;;;;Gnoll Witherling;;;
CDMHKOBO;HUMANOID;KOBOLD;KOBOLD;KOBOLD;None;;BG1;1;;;Kobold;;;
CDMHSKEL;UNDEAD;SKELETON;SKELETON;SKELETON;None;None;BG1;1;;;Skeleton;;Skeleton;true
CDNEFGAS;MONSTER;NO_RACE;NO_CLASS;BLOB_MIST_CREATURE;None;None;BG2;1;;;Gaseous Form;;;
CDTROLL1;MONSTER;TROLL;TROLL;TROLL;troll01;;BG2;6;;;Troll;;;
CDTROLL2;MONSTER;TROLL;TROLL;TROLL;troll02;;BG2;6;;;Troll;;;
VBEARCA;ANIMAL;BEAR;BEAR_CAVE;BEAR_CAVE;None;;BG2;6;;;Cave Bear;;CaveBear;true
CEDELICH;UNDEAD;LICH;MAGE;LICH;cedelich;cedelich;ctb;19;;;Deril Lich;;;
CEFALD02;ANIMAL;CAT;CAT;GREATCAT_PANTHER;cefald01;;BG2;15;;;Faldorn;;Jaguar;false
CEGLUT;HUMANOID;OGRE;GOLEM_CLAY;GOLEM_CLAY;ceglut;ceglut;BG2;9;;;Glut;;;
CELICH;UNDEAD;LICH;MAGE;LICH;celich;celich;BG2;29;;;Lagole Gon;;;
CENTEO;HUMANOID;SPIDER;SPIDER_CENTEOL;STATIC_SPIDER_WOMAN;CENTEOL;CENTEO;BG1;11;;;Centeol;;;
CESKEL01;UNDEAD;SKELETON;SKELETON_WARRIOR;SKELETON_WARRIOR;ceskel01;;BG2;9;;;Skeleton Warrior;;SkeletonWarrior;true
CH7SPY;HUMANOID;PLATE;LONG_SWORD;BIRD;ch7spy;None;BG2;1;;;;;;
CHAK;GIANTHUMANOID;OGRE;OGRE;OROG_ELITE;chak;None;BG2;13;;;Chak;;Ogre;false
CHALRV01;GIANTHUMANOID;NO_RACE;NO_CLASS;RAVER;chalrv01;chalrv01;BG2;30;;;The Ravager;;;
CHALSLAY;MONSTER;DEMONIC;NO_CLASS;SLAYER;chalslay;chalslay;BG2;25;;;Slayer;;;
CHALTROL;GIANTHUMANOID;TROLL;TROLL;TROLL;chevil03;chevil03;BG2;8;;;Giant Troll;;;
CHESS;MONSTER;NO_RACE;NO_CLASS;DOOM_GUARD;None;chess;BG1;8;;;Ethereal Voice;;;
CHEVIL01;HUMANOID;KOBOLD;KOBOLD;KOBOLD;chevil01;chevil01;BG2;3;;;Kobold Commando;;;
CHEVIL02;MONSTER;DOPPLEGANGER;DOPPLEGANGER;DOPPLEGANGER;chevil01;chevil01;STRATAGEMS;4;;;Doppelganger;;;
CHEVIL03;GIANTHUMANOID;OGRE;OGRE_MAGE;OGRE_MAGE;chevil03;chevil03;BG2;5;;;Ogre Mage;;OgreMage;false
CHEVIL04;HUMANOID;SAHUAGIN;FIGHTER;SAHUAGIN;chevil03;chevil03;BG2;10;;;Sahuagin;;;
CHEVIL05;HUMANOID;GNOLL;GNOLL;GNOLL;chevil03;chevil03;BG2;6;;;Gnoll Captain;;;
CHEVIL08;UNDEAD;VAMPIRE;FIGHTER_THIEF;BODHI;chevil08;chevil08;STRATAGEMS;25;;;Bodhi;;;
CHHERD;ANIMAL;NO_RACE;NO_CLASS;CHICKEN;None;None;BG1;1;;;Chicken;;;
CHICKDEF;ANIMAL;NO_RACE;NO_CLASS;CHICKEN;None;None;BG2;1;;;Rabid Chicken;;;
CHICKDEF;ANIMAL;NO_RACE;FOOD_CREATURE;CHICKEN;None;None;BG1;1;;;Rabid Chicken;;;
CHICKE;ANIMAL;NO_RACE;NO_CLASS;CHICKEN;None;None;BG2;1;;;Chicken;;;
CHICKE;ANIMAL;NO_RACE;FOOD_CREATURE;CHICKEN;None;None;BG1;1;;;Chicken;;;
CHICKER;ANIMAL;NO_RACE;NO_CLASS;CHICKEN;None;None;BG2;1;;;Rabid Chicken;;;
CHICKER;ANIMAL;NO_RACE;FOOD_CREATURE;CHICKEN;None;None;BG1;1;;;Rabid Chicken;;;
CHTAZ01;HUMANOID;ORC;FIGHTER;OROG_CHIEFTAIN;chtaz01;chtaz01;BG2;23;;;Tazok;;;
CHWRAITH;UNDEAD;WRAITH;WRAITH;KOBOLD_XVART;chwraith;None;BG2;5;;;Child Spirit;;;
CLGOL01;GIANTHUMANOID;GOLEM;GOLEM_CLAY;GOLEM_CLAY;clgol01;clgol01;BG2;9;;;Clay Golem;;ClayGolem;false
COHNTA;UNDEAD;VAMPIRE;FIGHTER_THIEF;VAMPIRE;cohnta;cohnta;STRATAGEMS;8;;;Cohn Ta'glaen;;;
COPLION;ANIMAL;CAT;WOLF_DIRE;GREATCAT_LEOPARD;Tabitha;;BG2;4;;;Tabitha;;Leopard;false
CORPSE1;DEAD;HUMAN;MAGE;FIGHTER_MALE_HUMAN;None;None;BG1;1;;;Corpse;;;
CORPSE2;DEAD;ELF;MAGE;MAGE_FEMALE_ELF;None;None;BG1;1;;;Corpse;;;
CORPSE3;DEAD;HUMAN;MAGE;MAGE_FEMALE_HUMAN;None;None;BG1;1;;;Corpse;;;
CORWYVRN;MONSTER;WYVERN;WYVERN;WYVERN_BIG;CORWYVRN;;BG1;7;;;Wyvern;;Wyvern;true
COW;ANIMAL;NO_RACE;NO_CLASS;COW;None;None;BG2;1;;;Cow;;;
COW;ANIMAL;NO_RACE;FOOD_CREATURE;COW;None;None;BG1;1;;;Cow;;;
COWH;ANIMAL;NO_RACE;NO_CLASS;COW;HulriksCow;None;BG2;1;;;Cow;;;
COWH;ANIMAL;NO_RACE;FOOD_CREATURE;COW;HulriksCow;None;BG1;1;;;Cow;;;
CPCHICK1;ANIMAL;DOG;DOG_WAR;DOG_WAR;Cpchick1;;BG2;1;;;Party's Dog;;WarDog;false
CPCHICK2;ANIMAL;DOG;DOG_WAR;DOG_WAR;Cpchick2;;BG2;1;;;Surly's Dog;;WarDog;false
CRYPTCRA;MONSTER;CARRIONCRAWLER;CARRIONCRAWLER;CARRION_CRAWLER;None;;BG1;3;;;Crypt Crawler;;CarrionCrawler;true
CSGOLEM;GIANTHUMANOID;GOLEM;GOLEM_CLAY;GOLEM_CLAY;csgolem;None;BG2;9;;;Golem;;ClayGolem;false
CUBODHI;UNDEAD;VAMPIRE;VAMPIRE;BODHI;Cubodhi;Cubodhi;BG2;25;;;Bodhi;;;
CULTBH1;MONSTER;BEHOLDER;BEHOLDER;BEHOLDER_SMALL;None;Cultbh2;BG2;9;;;Gauth;;;
CULTBH2;MONSTER;BEHOLDER;BEHOLDER;BEHOLDER_SMALL;None;Cultbh2;BG2;9;;;Gauth;;;
CULTBH3;MONSTER;BEHOLDER;BEHOLDER;BEHOLDER;cultbh3;Cultbh3;BG2;9;;;Beholder;;;
CULTBH4;MONSTER;BEHOLDER;BEHOLDER;BEHOLDER;cultbh4;Cultbh4;BG2;4;;;Spectator;;;
CUTSPY;HUMANOID;NO_RACE;NO_CLASS;BIRD;cutspy;None;BG2;1;;;;;;
CUTSPY;HUMANOID;NO_RACE;NO_CLASS;BIRD;cutspy;None;BG1;1;;;;;;
CUTSPY2;HUMANOID;NO_RACE;NO_CLASS;BIRD;cutspy2;None;BG2;1;;;;;;
CUTSPY2;HUMANOID;NO_RACE;NO_CLASS;BIRD;CUTSPY2;NONE;BG1;1;;;;;;
D0BATHO;MONSTER;NO_RACE;NO_CLASS;FIGHTER_MALE_HUMAN;None;;d0questpack;6;;;Battle Horror;;;
D0FUNDOG;ANIMAL;DOG;HUNTER_CREATURE;DOG_WAR;d0fundog;None;d0questpack;1;;;Dog;;WarDog;false
D0LICH01;UNDEAD;LICH;MAGE;LICH;d0lich01;D0LICH01;d0questpack;20;;;Nazariel;;;
D0LICH02;UNDEAD;LICH;MAGE;LICH;d0lich02;;d0questpack;20;;;Nazariel;;;
D0MONTY2;UNDEAD;ZOMBIE;NO_CLASS;ZOMBIE;D0MONTY2;D0MONTY2;d0questpack;2;;;Zombie;;;
D0OGREMA;GIANTHUMANOID;OGRE;OGRE_MAGE;OGRE_MAGE;None;;d0questpack;5;;;Ogre Mage;;OgreMage;false
D0QPGUDE;HUMANOID;NO_RACE;NO_CLASS;BIRD;d0qpgude;;d0questpack;1;;;;;;
D0QPSY01;HUMANOID;ORC;ORC;ORC_MELEE;orc01;None;d0questpack;4;;;Sythillisian Soldier;;;
D0QPSY02;HUMANOID;ORC;ORC;ORC_ELITE_RANGE;orc02;;d0questpack;5;;;Sythillisian Soldier;;;
D0QPSY03;HUMANOID;HOBGOBLIN;HOBGOBLIN;HOBGOBLIN;None;None;d0questpack;4;;;Sythillisian Soldier;;;
D0QPSY04;HUMANOID;KOBOLD;THIEF;GOBLIN_BOW;None;;d0questpack;1;;;Sythillisian Soldier;;;
D0QPSY05;GIANTHUMANOID;OGRE;OGRE;OGRE;Ogre;;d0questpack;4;;;Sythillisian Soldier;;Ogre;false
D0QPSY06;HUMANOID;KOBOLD;THIEF;KOBOLD;None;;d0questpack;1;;;Sythillisian Soldier;;;
D0QPSY07;GIANTHUMANOID;OGRE;OGRE_OGRILLON;OGRILLON;None;;d0questpack;2;;;Sythillisian Soldier;;Ogrillon;false
D0QPSY08;HUMANOID;GNOLL;GNOLL;GNOLL;None;;d0questpack;3;;;Sythillisian Soldier;;;
D0QPSY09;GIANTHUMANOID;OGRE;OGRE;MINOTAUR;Ogre;;d0questpack;4;;;Sythillisian Soldier;;Ogre;false
D0QPSY10;GIANTHUMANOID;ETTIN;GIANT;ETTIN;plshfg01;plshfg01;d0questpack;12;;;Sythillisian Soldier;;Ettin;false
D0QPWIGI;MONSTER;DEMONIC;TANARI;GIRL;d0qpwigi;d0qpwigi;d0questpack;14;;;Girl;;;
D0QPWII1;HUMANOID;NO_RACE;NO_CLASS;BIRD;d0qpwii1;;d0questpack;1;;;;;;
D0QPWII2;HUMANOID;NO_RACE;NO_CLASS;BIRD;d0qpwii2;;d0questpack;1;;;;;;
D0QPWIMA;MONSTER;DEMONIC;TANARI;MARILITH;d0qpwima;d0qpwima;d0questpack;20;;;Abraxxi;;;
D0VAMSIM;UNDEAD;VAMPIRE;VAMPIRE;VAMPIRE_FEMALE;vampsime;D0VAMSIM;d0questpack;8;;;Sime;;;
D0WIZCON;MONSTER;NO_RACE;NO_CLASS;MAGE_MALE_HUMAN;;;d0questpack;16;;;Wizard Construct;;;
D1GHOST;UNDEAD;HUMAN;FIGHTER;ELEMENTAL_AIR;d1moth;d1moth;BG2;1;;;Alianna;;;
D1GORI;UNDEAD;HUMAN;INNOCENT;MAGE_MALE_HUMAN;d1gori;d1gori;BG2;9;;;Gorion;;;
D1MOTHDW;UNDEAD;DWARF;FIGHTER;CLERIC_FEMALE_DWARF;d1moth;d1moth;BG2;1;;;Alianna;;;
D1MOTHEL;UNDEAD;ELF;FIGHTER;CLERIC_FEMALE_ELF;d1moth;d1moth;BG2;1;;;Alianna;;;
D1MOTHHA;UNDEAD;HALFLING;FIGHTER;CLERIC_FEMALE_HALFLING;d1moth;d1moth;BG2;1;;;Alianna;;;
D1MOTHHU;UNDEAD;HUMAN;FIGHTER;CLERIC_FEMALE_HUMAN;d1moth;d1moth;BG2;1;;;Alianna;;;
D1SKEL;UNDEAD;HUMAN;INNOCENT;SKELETON;d1gori;d1gori;BG2;9;;;Gorion;;;
D2DOP;MONSTER;DOPPLEGANGER;DOPPLEGANGER_GREATER;DOPPLEGANGER_GREATER;Dopdop;;stratagems;9;;;Greater Doppelganger;;;
D2DUR;MONSTER;DOPPLEGANGER;FIGHTER;FIGHTER_MALE_DWARF;DOPDUR;None;stratagems;18;;;Durlag Trollkiller;;;
D2FUE;MONSTER;DOPPLEGANGER;BARD;THIEF_MALE_DWARF;DOPFUE;None;stratagems;3;;;Fuernebol;;;
D2ISL;MONSTER;DOPPLEGANGER;MAGE;MAGE_FEMALE_DWARF;DOPISL;None;stratagems;10;;;Islanne;;;
D2KIE;MONSTER;DOPPLEGANGER;CLERIC;CLERIC_MALE_DWARF;DOPKIE;None;stratagems;8;;;Kiel the Legion Killer;;;
D5CLGOL;GIANTHUMANOID;GOLEM;GOLEM_CLAY;GOLEM_CLAY;golcla01;;FAITHS_AND_POWERS;9;SUMMONED;CONTROLLED;Clay Construct;true;ClayGolem;false
D5CLGOL;GIANTHUMANOID;GOLEM;GOLEM_CLAY;GOLEM_CLAY;golcla01;;faiths_and_powers;9;SUMMONED;CONTROLLED;Clay Construct;true;ClayGolem;false
D5DAUSTO;HUMANOID;AASIMAR;PALADIN;FIGHTER_MALE_HUMAN;D5DAUSTO;D5DAUSTO;Reflections_of_Destiny;7;;;Sir Dauston;;;
D5DRSSP1;ANIMAL;NO_RACE;NO_CLASS;SPIDER_WRAITH;None;;FAITHS_AND_POWERS;1;SUMMONED;CONTROLLED;Spirit Spider;true;;
D5DRSSP1;ANIMAL;NO_RACE;NO_CLASS;SPIDER_WRAITH;None;;faiths_and_powers;1;SUMMONED;CONTROLLED;Spirit Spider;true;;
D5DRSSP2;ANIMAL;NO_RACE;NO_CLASS;SPIDER_WRAITH;None;;FAITHS_AND_POWERS;3;SUMMONED;CONTROLLED;Spirit Spider;true;;
D5DRSSP2;ANIMAL;NO_RACE;NO_CLASS;SPIDER_WRAITH;None;;faiths_and_powers;3;SUMMONED;CONTROLLED;Spirit Spider;true;;
D5DRSSP3;ANIMAL;NO_RACE;NO_CLASS;SPIDER_WRAITH;None;;FAITHS_AND_POWERS;5;SUMMONED;CONTROLLED;Spirit Spider;true;;
D5DRSSP3;ANIMAL;NO_RACE;NO_CLASS;SPIDER_WRAITH;None;;faiths_and_powers;5;SUMMONED;CONTROLLED;Spirit Spider;true;;
D5DRSSP4;ANIMAL;NO_RACE;NO_CLASS;SPIDER_WRAITH;None;;FAITHS_AND_POWERS;7;SUMMONED;CONTROLLED;Spirit Spider;true;;
D5DRSSP4;ANIMAL;NO_RACE;NO_CLASS;SPIDER_WRAITH;None;;faiths_and_powers;7;SUMMONED;CONTROLLED;Spirit Spider;true;;
D5DRSSP5;ANIMAL;NO_RACE;NO_CLASS;SPIDER_WRAITH;None;;FAITHS_AND_POWERS;10;SUMMONED;CONTROLLED;Spirit Spider;true;;
D5DRSSP5;ANIMAL;NO_RACE;NO_CLASS;SPIDER_WRAITH;None;;faiths_and_powers;10;SUMMONED;CONTROLLED;Spirit Spider;true;;
D5FPSP2;GIANTHUMANOID;GENIE;GENIE_DAO;RABBIT;FISH02;B_DOM00;FAITHS_AND_POWERS;25;;;;;;
D5FPSP2;GIANTHUMANOID;GENIE;GENIE_DAO;RABBIT;FISH02;B_DOM00;faiths_and_powers;25;;;;;;
D5JUGOL;GIANTHUMANOID;GOLEM;GOLEM_IRON;GOLEM_IRON;tomegol4;;FAITHS_AND_POWERS;18;SUMMONED;CONTROLLED;Juggernaut Construct;true;IronGolem;false
D5JUGOL;GIANTHUMANOID;GOLEM;GOLEM_IRON;GOLEM_IRON;tomegol4;;faiths_and_powers;18;SUMMONED;CONTROLLED;Juggernaut Construct;true;IronGolem;false
D5KIFO;GIANTHUMANOID;GENIE;GENIE_DAO;DJINNI;Fish02;;MIGHT_AND_GUILE;25;;;;;;
D5KIFO;GIANTHUMANOID;GENIE;GENIE_DAO;DJINNI;Fish02;;might_and_guile;25;;;;;;
D5PACOR1;WEAPON;SWORD;LONG_SWORD;DANCING_SWORD;None;;FAITHS_AND_POWERS;10;SUMMONED;CONTROLLED;My <LADYLORD>, I ask that you leave me alone with my grief. Your presence reminds me of my failure to uphold my oath, and it wracks my breast with pain.;true;;
D5PACOR1;WEAPON;SWORD;LONG_SWORD;DANCING_SWORD;None;;faiths_and_powers;10;SUMMONED;CONTROLLED;Magical Sword;true;;
D5PACOR2;WEAPON;SWORD;LONG_SWORD;DANCING_SWORD;None;;FAITHS_AND_POWERS;10;SUMMONED;CONTROLLED;My <LADYLORD>, I ask that you leave me alone with my grief. Your presence reminds me of my failure to uphold my oath, and it wracks my breast with pain.;true;;
D5PACOR2;WEAPON;SWORD;LONG_SWORD;DANCING_SWORD;None;;faiths_and_powers;10;SUMMONED;CONTROLLED;Magical Sword;true;;
D5PACOR3;WEAPON;SWORD;LONG_SWORD;DANCING_SWORD;None;;FAITHS_AND_POWERS;10;SUMMONED;CONTROLLED;My <LADYLORD>, I ask that you leave me alone with my grief. Your presence reminds me of my failure to uphold my oath, and it wracks my breast with pain.;true;;
D5PACOR3;WEAPON;SWORD;LONG_SWORD;DANCING_SWORD;None;;faiths_and_powers;10;SUMMONED;CONTROLLED;Magical Sword;true;;
D5PACOR4;WEAPON;SWORD;LONG_SWORD;DANCING_SWORD;None;;FAITHS_AND_POWERS;10;SUMMONED;CONTROLLED;My <LADYLORD>, I ask that you leave me alone with my grief. Your presence reminds me of my failure to uphold my oath, and it wracks my breast with pain.;true;;
D5PACOR4;WEAPON;SWORD;LONG_SWORD;DANCING_SWORD;None;;faiths_and_powers;10;SUMMONED;CONTROLLED;Magical Sword;true;;
D5PACOR5;WEAPON;SWORD;LONG_SWORD;DANCING_SWORD;None;;FAITHS_AND_POWERS;10;SUMMONED;CONTROLLED;My <LADYLORD>, I ask that you leave me alone with my grief. Your presence reminds me of my failure to uphold my oath, and it wracks my breast with pain.;true;;
D5PACOR5;WEAPON;SWORD;LONG_SWORD;DANCING_SWORD;None;;faiths_and_powers;10;SUMMONED;CONTROLLED;Magical Sword;true;;
D5PADLG;GIANTHUMANOID;GENIE;GENIE_DAO;DJINNI;Fish02;;FAITHS_AND_POWERS;25;;;;;;
D5PADLG;GIANTHUMANOID;GENIE;GENIE_DAO;DJINNI;Fish02;;faiths_and_powers;25;;;;;;
D5PAZW;GIANTHUMANOID;GENIE;GENIE_DAO;DJINNI;Fish02;;FAITHS_AND_POWERS;25;;;;;;
D5PAZW;GIANTHUMANOID;GENIE;GENIE_DAO;DJINNI;Fish02;;faiths_and_powers;25;;;;;;
D5RHBTL;ANIMAL;BEETLE;217;BEETLE_RHINOCEROS;BeetRhin;None;FAITHS_AND_POWERS;12;SUMMONED;CONTROLLED;Rhinocerous Beetle;true;;
D5RHBTL;ANIMAL;BEETLE;217;BEETLE_RHINOCEROS;BeetRhin;None;faiths_and_powers;12;SUMMONED;CONTROLLED;Rhinocerous Beetle;true;;
D5SCDLG;GIANTHUMANOID;GENIE;GENIE_DAO;DJINNI;Fish02;;FAITHS_AND_POWERS;25;;;;;;
D5SCDLG;GIANTHUMANOID;GENIE;GENIE_DAO;DJINNI;Fish02;;faiths_and_powers;25;;;;;;
D5SMBTL;ANIMAL;BEETLE;NO_CLASS;BEETLE_FIRE;_MBfi;None;FAITHS_AND_POWERS;1;;CONTROLLED;Beetle Swarm;true;;
D5SMBTL;ANIMAL;BEETLE;NO_CLASS;BEETLE_FIRE;_MBfi;None;faiths_and_powers;1;;CONTROLLED;Beetle Swarm;true;;
D5SMSPID;MONSTER;SPIDER;SPIDER_HUGE;SPIDER_SMALL;OHHSPID2;;FAITHS_AND_POWERS;3;;CONTROLLED;Beetle Swarm;true;HuntingSpider;true
D5SMSPID;MONSTER;SPIDER;SPIDER_HUGE;SPIDER_SMALL;OHHSPID2;;faiths_and_powers;3;;CONTROLLED;Beetle Swarm;true;HuntingSpider;true
D5SPHCH;GIANTHUMANOID;GENIE;GENIE_DAO;DJINNI;Fish02;;FAITHS_AND_POWERS;25;;;;;;
D5SPHCH;GIANTHUMANOID;GENIE;GENIE_DAO;DJINNI;Fish02;;faiths_and_powers;25;;;;;;
D5STGOL;GIANTHUMANOID;GOLEM;GOLEM_STONE;GOLEM_CLAY;golsto01;;FAITHS_AND_POWERS;14;SUMMONED;CONTROLLED;Stone Construct;true;StoneGolem;false
D5STGOL;GIANTHUMANOID;GOLEM;GOLEM_STONE;GOLEM_CLAY;golsto01;;faiths_and_powers;14;SUMMONED;CONTROLLED;Stone Construct;true;StoneGolem;false
D5TELBGT;ANIMAL;NO_RACE;NO_CLASS;BIRD;D5TELBGT;;Reflections_of_Destiny;1;;;;;;
D5WOLFD1;UNDEAD;WOLF;WOLF_DREAD;WOLF_DREAD;None;;FAITHS_AND_POWERS;5;;CONTROLLED;Dread Wolf;true;DreadWolf;true
D5WOLFD1;UNDEAD;WOLF;WOLF_DREAD;WOLF_DREAD;None;;faiths_and_powers;5;;CONTROLLED;Dread Wolf;true;DreadWolf;true
D5XCRS1;GIANTHUMANOID;GENIE;GENIE_DAO;DJINNI;Fish02;;FAITHS_AND_POWERS;25;;;;;;
D5XCRS1;GIANTHUMANOID;GENIE;GENIE_DAO;DJINNI;Fish02;;faiths_and_powers;25;;;;;;
D5_MASK3;UNDEAD;SHADOW;SHADOW;SHADOW;None;;FAITHS_AND_POWERS;3;;;Shadow;;Shadow;true
D5_MASK3;UNDEAD;SHADOW;SHADOW;SHADOW;None;;faiths_and_powers;3;;;Shadow;;Shadow;true
D5_RABB;ANIMAL;RABBIT;FOOD_CREATURE;RABBIT;rabbit01;None;FAITHS_AND_POWERS;1;SUMMONED;CONTROLLED;Rabbit;true;;
D5_RABB;ANIMAL;RABBIT;FOOD_CREATURE;RABBIT;rabbit01;None;faiths_and_powers;1;SUMMONED;CONTROLLED;Rabbit;true;;
D5_SHAM;GIANTHUMANOID;ELEMENTAL;ELEMENTAL_EARTH;SHAMBLING_MOUND;Shmnd02;;FAITHS_AND_POWERS;16;SUMMONED;;Shambling Mound;true;;
D5_WW01;MONSTER;LYCANTHROPE;WEREWOLF;WEREWOLF;None;None;STRATAGEMS;7;;CONTROLLED;werewolf;true;;
D5_WW01;MONSTER;LYCANTHROPE;WEREWOLF;WEREWOLF;None;None;stratagems;7;;CONTROLLED;werewolf;true;;
D5_WW02;MONSTER;LYCANTHROPE;WOLFWERE;WEREWOLF_GREATER;GreaterWolf;None;STRATAGEMS;11;;;greater werewolf;;;
D5_WW02;MONSTER;LYCANTHROPE;WOLFWERE;WEREWOLF_GREATER;GreaterWolf;None;stratagems;11;;;greater werewolf;;;
D5_WW03;MONSTER;LYCANTHROPE;WEREWOLF;WEREWOLF_GREATER;None;None;STRATAGEMS;8;;;werewolf lord;;;
D5_WW03;MONSTER;LYCANTHROPE;WEREWOLF;WEREWOLF_GREATER;None;None;stratagems;8;;;werewolf lord;;;
D9AAAXX;HUMANOID;ORC;ORC;ORC_MELEE;orc01;D9AAAXX;BUTCHERY;4;;;Orc;;;
D9AKEB01;ANIMAL;NO_RACE;NO_CLASS;SNAKE;snake01;None;BUTCHERY;8;;;Boalisk;;;
D9AKEB03;ANIMAL;NO_RACE;NO_CLASS;SNAKE;snake01;None;BUTCHERY;8;;;Boalisk;;;
D9AKEB0D;ANIMAL;NO_RACE;NO_CLASS;SNAKE;snake01;None;BUTCHERY;8;;;Boalisk;;;
D9AKEB0X;ANIMAL;NO_RACE;NO_CLASS;SNAKE;snake01;None;BUTCHERY;8;;;Boalisk;;;
D9AST01;UNDEAD;GHOUL;GHOUL_GHAST;GHAST;None;;BUTCHERY;5;;;Ghast;;Ghast;false
D9AST0G;UNDEAD;GHOUL;GHOUL_GHAST;GHAST;None;;BUTCHERY;5;;;Ghast;;Ghast;false
D9AST0Y;UNDEAD;GHOUL;GHOUL_GHAST;GHAST;None;;BUTCHERY;5;;;Ghast;;Ghast;false
D9ASTHH;UNDEAD;GHOUL;GHOUL_GHAST;GHAST;None;;BUTCHERY;5;;;Ghast;;Ghast;false
D9BGUARD;UNDEAD;VAMPIRE;FIGHTER_MAGE;VAMPIRE;c6bguard;none;BUTCHERY;14;;;Guard;;;
D9C055;HUMANOID;ORC;ORC;OROG;orc05;None;BUTCHERY;5;;;Orog;;;
D9C066;HUMANOID;ORC;ORC;OROG_ELITE;orc06;None;BUTCHERY;5;;;Orog;;;
D9C0R;HUMANOID;ORC;ORC;ORC_ELITE_RANGE;orc02;;BUTCHERY;5;;;Orc Archer;;;
D9C0Z;HUMANOID;ORC;ORC;ORC_MELEE;orc01;None;BUTCHERY;4;;;Orc;;;
D9C0Z1;HUMANOID;ORC;ORC;ORC_MELEE;orc01;None;BUTCHERY;4;;;Orc;;;
D9C0Z3;HUMANOID;ORC;ORC;ORC_MELEE;orc01;None;BUTCHERY;4;;;Orc;;;
D9CAT;ANIMAL;CAT;HUNTER_CREATURE;GREATCAT_LEOPARD;None;;BUTCHERY;4;;;Spotted Lion;;Leopard;false
D9CATJ;ANIMAL;CAT;HUNTER_CREATURE;GREATCAT_PANTHER;None;;BUTCHERY;4;;;Panther;;Jaguar;false
D9CATT;ANIMAL;CAT;HUNTER_CREATURE;GREATCAT_PANTHER;None;;BUTCHERY;4;;;Panther;;Jaguar;false
D9CAX;ANIMAL;CAT;HUNTER_CREATURE;GREATCAT_LEOPARD;None;;BUTCHERY;4;;;Spotted Lion;;Leopard;false
D9DFBBB;MONSTER;SPECTRE;NO_CLASS;DOOM_GUARD;bodfgt02;None;BUTCHERY;6;;;Grimward Archer;;;
D9DFGAAA;MONSTER;SPECTRE;NO_CLASS;DOOM_GUARD;bodfgt01;None;BUTCHERY;6;;;Grimwarder;;;
D9DFGT01;MONSTER;SPECTRE;NO_CLASS;DOOM_GUARD;bodfgt01;None;BUTCHERY;6;;;Grimwarder;;;
D9DFGT02;MONSTER;SPECTRE;NO_CLASS;DOOM_GUARD;bodfgt02;None;BUTCHERY;6;;;Grimward Archer;;;
D9DFGT03;MONSTER;SPECTRE;NO_CLASS;DOOM_GUARD;bodfgt01;None;BUTCHERY;6;;;Grimwarder;;;
D9DJJJ;MONSTER;SPECTRE;NO_CLASS;DOOM_GUARD;bodfgt01;None;BUTCHERY;6;;;Grimwarder;;;
D9DRAZT;MONSTER;DRAGON;SILVER_DRAGON;DRAGON_SILVER;udsilver;D9DRAZTR;BUTCHERY;23;;;DrAzTiK;;;
CBCHIMRA;ANIMAL;BEAR;BEAR_BROWN;CHIMERA;None;;ctb;9;;;Chimera;;Chimera;false
D9EFEL01;GIANTHUMANOID;ELEMENTAL;ELEMENTAL_FIRE;ELEMENTAL_FIRE_SMALL;elefel01;;BUTCHERY;10;;;Lesser Fire Elemental;;;
D9ELARAA;UNDEAD;SKELETON;SKELETON;SKELETON;skelar01;None;BUTCHERY;6;;;Skeleton Archer;;Skeleton;false
D9ELARBB;UNDEAD;SKELETON;SKELETON;SKELETON;skelar01;None;BUTCHERY;6;;;Skeleton Archer;;Skeleton;false
D9ELARFF;UNDEAD;SKELETON;SKELETON;SKELETON;D9ELARFF;D9ELARFF;BUTCHERY;6;;;Skeleton Archer;;Skeleton;false
D9ELARFX;UNDEAD;SKELETON;SKELETON;SKELETON;D9ELARFX;D9ELARFX;BUTCHERY;6;;;Skeleton Archer;;Skeleton;false
D9ELARGG;UNDEAD;SKELETON;SKELETON;SKELETON;D9ELARGG;D9ELARGG;BUTCHERY;6;;;Skeleton Archer;;Skeleton;false
D9ELARKK;UNDEAD;SKELETON;SKELETON;SKELETON;D9ELARKK;D9ELARKK;BUTCHERY;6;;;Skeleton Archer;;Skeleton;false
D9ELARTT;UNDEAD;SKELETON;SKELETON;SKELETON;skelar01;None;BUTCHERY;6;;;Skeleton Archer;;Skeleton;false
D9ELARXX;UNDEAD;SKELETON;SKELETON;SKELETON;skelar01;None;BUTCHERY;6;;;Skeleton Archer;;Skeleton;false
D9ELARYC;UNDEAD;SKELETON;SKELETON;SKELETON;D9ELARYC;D9ELARYC;BUTCHERY;6;;;Skeleton Archer;;Skeleton;false
D9ELARYY;UNDEAD;SKELETON;SKELETON;SKELETON;skelar01;None;BUTCHERY;6;;;Skeleton Archer;;Skeleton;false
D9ELARZZ;UNDEAD;SKELETON;SKELETON;SKELETON;skelar01;None;BUTCHERY;6;;;Skeleton Archer;;Skeleton;false
D9ELSU11;UNDEAD;SKELETON;SKELETON_WARRIOR;SKELETON_MONSTER;None;;BUTCHERY;7;SUMMONED;;Skeleton Warrior;true;SkeletonWarrior;false
D9ELWA;UNDEAD;SKELETON;SKELETON_WARRIOR;SKELETON_WARRIOR;None;;BUTCHERY;10;;;Skeleton Warrior;;SkeletonWarrior;false
D9FIR;GIANTHUMANOID;ELEMENTAL;ELEMENTAL_FIRE;ELEMENTAL_FIRE;None;;BUTCHERY;12;;;Fire Elemental;;;
D9GGGGG;UNDEAD;VAMPIRE;FIGHTER_THIEF;VAMPIRE;D9GGGGG;D9GGGGG;BUTCHERY;8;;;Fledgling Vampire;;;
D9HCHF01;HUMANOID;SAHUAGIN;FIGHTER;SAHUAGIN_LARGE;None;;BUTCHERY;16;;;Elite Rebel;;;
D9HGRD01;HUMANOID;SAHUAGIN;FIGHTER;SAHUAGIN;sahgrd01;sahgrd01;BUTCHERY;7;;;Rebel novice;;;
D9HGRD02;HUMANOID;SAHUAGIN;FIGHTER;SAHUAGIN;sahgrd02;sahgrd02;BUTCHERY;7;;;Rebel novice;;;
D9HGRD08;HUMANOID;SAHUAGIN;FIGHTER;SAHUAGIN;sahgrd01;sahgrd01;BUTCHERY;12;;;Rebel;;;
D9HGRD09;HUMANOID;SAHUAGIN;FIGHTER;SAHUAGIN;sahgrd02;sahgrd02;BUTCHERY;12;;;Rebel;;;
D9HGRD99;HUMANOID;SAHUAGIN;FIGHTER;SAHUAGIN;sahgrd02;sahgrd02;BUTCHERY;12;;;Sahuagin Royal Guard;;;
D9HGRDOU;HUMANOID;SAHUAGIN;FIGHTER;SAHUAGIN;D9HGRDOU;D9HGRDOU;BUTCHERY;7;;;Rebel novice;;;
D9HGRDOX;HUMANOID;SAHUAGIN;FIGHTER;SAHUAGIN;D9HGRDOX;D9HGRDOX;BUTCHERY;7;;;Rebel novice;;;
D9HPR1;HUMANOID;SAHUAGIN;CLERIC;SAHUAGIN;sahpr1;none;BUTCHERY;20;;;High Priestess;;;
D9HPR5;HUMANOID;SAHUAGIN;CLERIC;SAHUAGIN;sahpr5;sahpr5;BUTCHERY;9;;;Priestess novice;;;
D9HPRI01;HUMANOID;SAHUAGIN;FIGHTER;SAHUAGIN_LARGE;None;;BUTCHERY;16;;;Elite Rebel;;;
D9HRAMB3;HUMANOID;SAHUAGIN;CLERIC;SAHUAGIN;sahramb3;sahramb3;BUTCHERY;14;;;Priestess;;;
D9IDGI01;MONSTER;SPIDER;SPIDER_GIANT;SPIDER_GIANT;spidgi01;;BUTCHERY;4;;;Giant Spider;;GiantSpider;false
D9IDGI02;MONSTER;SPIDER;SPIDER_GIANT;SPIDER_GIANT;spidgi01;;BUTCHERY;4;;;Giant Spider;;GiantSpider;false
D9IDGI03;MONSTER;SPIDER;SPIDER_GIANT;SPIDER_GIANT;spidgi01;;BUTCHERY;4;;;Giant Spider;;GiantSpider;false
D9IDPH01;MONSTER;SPIDER;SPIDER_PHASE;SPIDER_PHASE;None;;BUTCHERY;5;;;Phase Spider;;PhaseSpider;false
D9IDSM01;MONSTER;SPIDER;SPIDER_HUGE;SPIDER_SMALL;None;;BUTCHERY;5;;;Small Spider;;HairySpider;false
D9IDSM02;MONSTER;SPIDER;SPIDER_HUGE;SPIDER_WRAITH;None;;BUTCHERY;10;;;Mutated Spider;;HairySpider;false
D9IDSW01;MONSTER;SPIDER;SPIDER_SWORD;SPIDER_SWORD;None;;BUTCHERY;5;;;Sword Spider;;SwordSpider;false
D9IDSW03;MONSTER;SPIDER;SPIDER_SWORD;SPIDER_SWORD;None;;BUTCHERY;5;;;Sword Spider;;SwordSpider;false
D9IDSW0A;MONSTER;SPIDER;SPIDER_SWORD;SPIDER_SWORD;None;;BUTCHERY;5;;;Sword Spider;;SwordSpider;false
D9IDSW0B;MONSTER;SPIDER;SPIDER_SWORD;SPIDER_SWORD;None;;BUTCHERY;5;;;Sword Spider;;SwordSpider;false
D9IDSW0C;MONSTER;SPIDER;SPIDER_SWORD;SPIDER_SWORD;None;;BUTCHERY;5;;;Sword Spider;;SwordSpider;false
D9IDSWXC;MONSTER;SPIDER;SPIDER_SWORD;SPIDER_SWORD;None;;BUTCHERY;5;;;Sword Spider;;SwordSpider;false
D9LCLA01;GIANTHUMANOID;GOLEM;GOLEM_CLAY;GOLEM_CLAY;golcla01;;BUTCHERY;9;;;Clay Golem;;ClayGolem;false
D9LFDI01;ANIMAL;WOLF;WOLF_DIRE;WOLF_DIRE;None;;BUTCHERY;4;;;Dire Wolf;;DireWolf;false
D9LFDI02;ANIMAL;WOLF;WOLF_DIRE;WOLF_DIRE;None;;BUTCHERY;4;;;Dire Wolf;;DireWolf;false
D9LFDI03;ANIMAL;WOLF;WOLF_DIRE;WOLF_DIRE;None;;BUTCHERY;4;;;Dire Wolf;;DireWolf;false
D9LFDICC;ANIMAL;WOLF;WOLF_DIRE;WOLF_DIRE;None;;BUTCHERY;4;;;Dire Wolf;;DireWolf;false
D9LFDICH;ANIMAL;WOLF;WOLF_DIRE;WOLF_DIRE;None;;BUTCHERY;4;;;Dire Wolf;;DireWolf;false
D9LFDR01;MONSTER;WOLF;WOLF_DREAD;WOLF_DREAD;None;;BUTCHERY;1;;;Dread Wolf;;DreadWolf;false
D9LFDR02;MONSTER;WOLF;WOLF_DREAD;WOLF_DREAD;None;;BUTCHERY;1;;;Dread Wolf;;DreadWolf;false
D9LFDR03;MONSTER;WOLF;WOLF_DREAD;WOLF_DREAD;None;;BUTCHERY;1;;;Dread Wolf;;DreadWolf;false
D9LFGR01;MONSTER;LYCANTHROPE;WOLFWERE;WEREWOLF_GREATER;GreaterWolf;None;BUTCHERY;11;;;Greater Wolfwere;;;
D9LFLE01;GIANTHUMANOID;GOLEM;GOLEM_FLESH;A7!GOLEM_FLESH_PST;None;;BUTCHERY;9;;;Flesh Golem;;FleshGolem;false
D9LFLE0X;GIANTHUMANOID;GOLEM;GOLEM_FLESH;A7!GOLEM_FLESH_PST;None;D9LFLE0X;BUTCHERY;9;;;Flesh Golem;;FleshGolem;false
D9LFWE01;MONSTER;LYCANTHROPE;WEREWOLF;WEREWOLF;None;None;BUTCHERY;7;;;Wolfwere;;;
D9LFWEXX;MONSTER;LYCANTHROPE;WEREWOLF;WEREWOLF;None;D9LFWEXX;BUTCHERY;7;;;Wolfwere;;;
D9LFWI01;ANIMAL;WOLF;WOLF_WINTER;WOLF_WINTER;None;;BUTCHERY;6;;;Winter Wolf;;WinterWolf;false
D9LGRFIR;MONSTER;SALAMANDER;ELEMENTAL_FIRE;SALAMANDER_FIRE;salgrfir;None;BUTCHERY;10;;;Salamander Noble;;;
D9LICE01;GIANTHUMANOID;GOLEM;GOLEM_IRON;GOLEM_ICE;None;;BUTCHERY;20;;;Ice Golem;;IronGolem;false
D9LIRO01;GIANTHUMANOID;GOLEM;GOLEM_IRON;GOLEM_IRON_IWD;None;;BUTCHERY;18;;;Iron Golem;;IronGolem;false
D9LJUG01;GIANTHUMANOID;GOLEM;GOLEM_STONE;GOLEM_CLAY;None;;BUTCHERY;14;;;Juggernaut Golem;;StoneGolem;false
D9LKILL2;GIANTHUMANOID;GOLEM;GOLEM_IRON;GOLEM_IRON;None;;BUTCHERY;18;;;Adamantite Golem;;IronGolem;false
D9LLOC;MONSTER;SLIME;OCRE_JELLY;SLIME_OCHRE;None;;BUTCHERY;6;;;Ochre Jelly;;OchreJelly;false
D9LMUS01;MONSTER;SLIME;MUSTARD_JELLY;SLIME_MUSTARD;None;;BUTCHERY;7;;;Mustard Jelly;;MustardJelly;false
D9LSAN01;GIANTHUMANOID;GOLEM;GOLEM_CLAY;GOLEM_CLAY;None;;BUTCHERY;9;;;Sand Golem;;ClayGolem;false
D9LSTO01;GIANTHUMANOID;GOLEM;GOLEM_STONE;GOLEM_CLAY;golsto01;;BUTCHERY;14;;;Stone Golem;;StoneGolem;false
D9LTBH1;MONSTER;BEHOLDER;BEHOLDER;BEHOLDER_SMALL;None;Cultbh2;BUTCHERY;9;;;Gauth;;;
D9LTBH3;MONSTER;BEHOLDER;BEHOLDER;BEHOLDER;cultbh3;Cultbh3;BUTCHERY;9;;;Beholder;;;
D9MBJU01;UNDEAD;ZOMBIE;ZOMBIE_NORMAL;ZOMBIE;None;zombie;BUTCHERY;5;;;Zombie;;;
D9MEM666;UNDEAD;VAMPIRE;FIGHTER_THIEF;VAMPIRE_FEMALE;vamemi01;None;BUTCHERY;14;;;Ancient Vampire;;;
D9MEMI01;UNDEAD;VAMPIRE;FIGHTER_THIEF;VAMPIRE_FEMALE;vamemi01;None;BUTCHERY;14;;;Ancient Vampire;;;
D9MF444;UNDEAD;VAMPIRE;FIGHTER_THIEF;VAMPIRE;None;None;BUTCHERY;8;;;Fledgling Vampire;;;
D9MFLF01;UNDEAD;VAMPIRE;FIGHTER_THIEF;VAMPIRE_FEMALE;None;None;BUTCHERY;8;;;Fledgling Vampire;;;
D9MFLM01;UNDEAD;VAMPIRE;FIGHTER_THIEF;VAMPIRE;None;None;BUTCHERY;8;;;Fledgling Vampire;;;
D9MFLM03;UNDEAD;VAMPIRE;FIGHTER_THIEF;VAMPIRE;None;None;BUTCHERY;8;;;Fledgling Vampire;;;
D9MFLMRF;UNDEAD;VAMPIRE;FIGHTER_THIEF;VAMPIRE;None;d9MFLMRF;BUTCHERY;8;;;Fledgling Vampire;;;
D9MFVFV;UNDEAD;VAMPIRE;FIGHTER_THIEF;VAMPIRE;None;None;BUTCHERY;8;;;Fledgling Vampire;;;
D9MFVVV;UNDEAD;VAMPIRE;FIGHTER_THIEF;VAMPIRE_FEMALE;None;None;BUTCHERY;8;;;Fledgling Vampire;;;
D9MGRE01;UNDEAD;GHOUL;GHOUL_REVEANT;MUMMY;MUMGRE01;Mummy;BUTCHERY;14;;;Greater Mummy;;Mummy;false
D9MMY;UNDEAD;GHOUL;GHOUL_REVEANT;MUMMY;Mummy01;Mummy;BUTCHERY;7;;;Mummy;;Mummy;false
D9MSUC01;MONSTER;DEMONIC;TANARI;SIRINE;demsuc01;None;BUTCHERY;12;;;Succubus;;;
D9MVER01;UNDEAD;VAMPIRE;FIGHTER_THIEF;VAMPIRE_FEMALE;vamver01;None;BUTCHERY;12;;;Elder Vampire;;;
D9MVER02;UNDEAD;VAMPIRE;FIGHTER_THIEF;VAMPIRE_FEMALE;vamver01;None;BUTCHERY;12;;;Elder Vampire;;;
D9OGMAGE;GIANTHUMANOID;OGRE;OGRE_MAGE;OGRE_MAGE;None;;BUTCHERY;5;;;Ogre Mage;;OgreMage;false
D9OGR01;UNDEAD;GHOUL;GHOUL_GHAST;GHAST;None;;BUTCHERY;6;;;Greater Ghoul;;Ghast;false
D9OGR0M;UNDEAD;GHOUL;GHOUL_GHAST;GHAST;None;;BUTCHERY;6;;;Greater Ghoul;;Ghast;false
D9OGRGA;GIANTHUMANOID;ORC;FIGHTER;OGRE;D9OGRGA;None;BUTCHERY;5;;;Ogre Berserker;;;
D9OGRGA2;GIANTHUMANOID;OGRE;FIGHTER;OGRE;D9OGRGA2;;BUTCHERY;5;;;Ogre Barbarian;;OgreBerserker;false
D9OGRRT;UNDEAD;GHOUL;GHOUL_GHAST;GHAST;None;;BUTCHERY;6;;;Greater Ghoul;;Ghast;false
D9OGYYY;UNDEAD;GHOUL;GHOUL_GHAST;GHAST;None;;BUTCHERY;6;;;Greater Ghoul;;Ghast;false
D9OLDE01;GIANTHUMANOID;TROLL;TROLL;TROLL;TROLDE01;;BUTCHERY;6;;;Desert Troll;;;
D9OLGI01;GIANTHUMANOID;TROLL;TROLL;TROLL;Trolgi01;;BUTCHERY;8;;;Giant Troll;;;
D9OLIC01;GIANTHUMANOID;TROLL;TROLL;TROLL_SMALL;None;;BUTCHERY;6;;;Ice Troll;;;
D9OLICFF;GIANTHUMANOID;TROLL;TROLL;TROLL_SMALL;None;D9OLICFF;BUTCHERY;6;;;Ice Troll;;;
D9OLL01;GIANTHUMANOID;TROLL;TROLL;TROLL;troll01;;BUTCHERY;8;;;Troll;;;
D9OLL0R;GIANTHUMANOID;TROLL;TROLL;TROLL;troll01;;BUTCHERY;8;;;Troll;;;
D9OLL0Y;GIANTHUMANOID;TROLL;TROLL;TROLL;troll01;;BUTCHERY;8;;;Troll;;;
D9OLO999;UNDEAD;GHOUL;GHOUL;GHOUL;None;;BUTCHERY;7;;;Ghoul Lord;;Ghoul;false
D9OLOR01;UNDEAD;GHOUL;GHOUL;GHOUL;None;;BUTCHERY;7;;;Ghoul Lord;;Ghoul;false
D9OLSI01;GIANTHUMANOID;TROLL;SPECTRAL_TROLL;TROLL_BLUE;TROLSI01;;BUTCHERY;9;;;Spirit Troll;;;
D9OLSP01;GIANTHUMANOID;TROLL;SPECTRAL_TROLL;TROLL_BLUE;TROLSP01;;BUTCHERY;9;;;Spectral Troll;;;
D9ORC01;HUMANOID;ORC;FIGHTER;ORC_MELEE;D9ORC01;None;BUTCHERY;5;;;Orc;;;
D9ORC05;HUMANOID;ORC;FIGHTER;OROG;D9ORC05;None;BUTCHERY;7;;;Orog;;;
D9ORC05B;HUMANOID;ORC;FIGHTER;OROG;D9ORC05B;None;BUTCHERY;7;;;Orog;;;
D9ORGAHJ;HUMANOID;ORC;FIGHTER;ORC_MELEE;D9ORGAHJ;None;BUTCHERY;5;;;Orc;;;
D9ORGAME;HUMANOID;ORC;FIGHTER;ORC_ELITE_MELEE;D9ORGAME;None;BUTCHERY;5;;;Orc;;;
D9P01;HUMANOID;IMP;IMP;IMP;None;None;BUTCHERY;3;;;Imp;;;
D9PQUA01;HUMANOID;IMP;IMP;IMP;None;None;BUTCHERY;3;;;Quasit;;;
D9REGR01;MONSTER;LYCANTHROPE;WEREWOLF;WEREWOLF_GREATER;None;None;BUTCHERY;7;;;Greater Werewolf;;;
D9SALF00;MONSTER;SALAMANDER;ELEMENTAL_FIRE;SALAMANDER_FIRE;None;None;BUTCHERY;8;;;Salamander;;;
D9SALFIA;MONSTER;SALAMANDER;ELEMENTAL_FIRE;SALAMANDER_FIRE;None;D9SALFIA;BUTCHERY;8;;;Salamander;;;
D9SALFIR;MONSTER;SALAMANDER;ELEMENTAL_FIRE;SALAMANDER_FIRE;None;None;BUTCHERY;8;;;Salamander;;;
D9SC12;UNDEAD;SKELETON;CLERIC;SKELETON;None;;BUTCHERY;12;;;Experienced Skeleton Cleric;;Skeleton;false
D9SC12A;UNDEAD;SKELETON;CLERIC;SKELETON;None;;BUTCHERY;12;;;Experienced Skeleton Cleric;;Skeleton;false
D9SC12B;UNDEAD;SKELETON;CLERIC;SKELETON;None;;BUTCHERY;12;;;Experienced Skeleton Cleric;;Skeleton;false
D9SC13;UNDEAD;SKELETON;CLERIC;SKELETON;None;;BUTCHERY;12;;;Experienced Skeleton Cleric;;Skeleton;false
D9SC13A;UNDEAD;SKELETON;CLERIC;SKELETON;None;;BUTCHERY;12;;;Experienced Skeleton Cleric;;Skeleton;false
D9SC13B;UNDEAD;SKELETON;CLERIC;SKELETON;None;;BUTCHERY;12;;;Experienced Skeleton Cleric;;Skeleton;false
D9SC14;UNDEAD;SKELETON;CLERIC;SKELETON;None;;BUTCHERY;12;;;Experienced Skeleton Cleric;;Skeleton;false
D9SC14A;UNDEAD;SKELETON;CLERIC;SKELETON;None;;BUTCHERY;12;;;Experienced Skeleton Cleric;;Skeleton;false
D9SC14B;UNDEAD;SKELETON;CLERIC;SKELETON;None;;BUTCHERY;12;;;Experienced Skeleton Cleric;;Skeleton;false
D9SC16;UNDEAD;SKELETON;CLERIC;SKELETON;None;;BUTCHERY;12;;;Elite Skeleton Cleric;;Skeleton;false
D9SC16B;UNDEAD;SKELETON;CLERIC;SKELETON;None;;BUTCHERY;16;;;Elite Skeleton Cleric;;Skeleton;false
D9SC17;UNDEAD;SKELETON;CLERIC;SKELETON;None;;BUTCHERY;16;;;Elite Skeleton Cleric;;Skeleton;false
D9SC17B;UNDEAD;SKELETON;CLERIC;SKELETON;None;;BUTCHERY;16;;;Elite Skeleton Cleric;;Skeleton;false
D9SC18;UNDEAD;SKELETON;CLERIC;SKELETON;None;;BUTCHERY;16;;;Elite Skeleton Cleric;;Skeleton;false
D9SC18B;UNDEAD;SKELETON;CLERIC;SKELETON;None;;BUTCHERY;16;;;Elite Skeleton Cleric;;Skeleton;false
D9SC7;UNDEAD;SKELETON;CLERIC;SKELETON;None;;BUTCHERY;7;;;Skeleton Cleric novice;;Skeleton;false
D9SC7A;UNDEAD;SKELETON;CLERIC;SKELETON;None;;BUTCHERY;7;;;Skeleton Cleric novice;;Skeleton;false
D9SC7B;UNDEAD;SKELETON;CLERIC;SKELETON;None;;BUTCHERY;7;;;Skeleton Cleric novice;;Skeleton;false
D9SC8;UNDEAD;SKELETON;CLERIC;SKELETON;None;;BUTCHERY;7;;;Skeleton Cleric novice;;Skeleton;false
D9SC8A;UNDEAD;SKELETON;CLERIC;SKELETON;None;;BUTCHERY;7;;;Skeleton Cleric novice;;Skeleton;false
D9SC8B;UNDEAD;SKELETON;CLERIC;SKELETON;None;;BUTCHERY;7;;;Skeleton Cleric novice;;Skeleton;false
D9SC9;UNDEAD;SKELETON;CLERIC;SKELETON;None;;BUTCHERY;7;;;Skeleton Cleric novice;;Skeleton;false
D9SC9A;UNDEAD;SKELETON;CLERIC;SKELETON;None;;BUTCHERY;7;;;Skeleton Cleric novice;;Skeleton;false
D9SC9B;UNDEAD;SKELETON;CLERIC;SKELETON;None;;BUTCHERY;7;;;Skeleton Cleric novice;;Skeleton;false
D9SDEM04;MONSTER;DEMONIC;TANARI;GHAST;obsdem04;obsdem04;BUTCHERY;10;;;Maurezhi;;;
D9SKL01;UNDEAD;SKELETON;CLERIC;SKELETON_MONSTER;hgskl01;hgskl01;BUTCHERY;20;;;Skeleton Cleric;;Skeleton;false
D9SKL02;UNDEAD;SKELETON;THIEF;SKELETON;hgskl02;hgskl02;BUTCHERY;20;;;Skeleton Assassin;;Skeleton;false
D9SKL03;UNDEAD;SKELETON;MAGE;SKELETON;hgskl03;None;BUTCHERY;20;;;Skeleton Mage;;Skeleton;false
D9SKL04;UNDEAD;SKELETON;SKELETON_WARRIOR;SKELETON_WARRIOR;hgskl04;skelwa01;BUTCHERY;20;;;Skeleton Warrior;;SkeletonWarrior;false
D9SKL06;UNDEAD;SKELETON;CLERIC;SKELETON_MONSTER;hgskl01;hgskl01;BUTCHERY;20;;;Skeleton Cleric;;Skeleton;false
D9SKL07;UNDEAD;SKELETON;MAGE;SKELETON;hgskl03;None;BUTCHERY;20;;;Skeleton Mage;;Skeleton;false
D9SKL08;UNDEAD;SKELETON;THIEF;SKELETON;hgskl02;hgskl02;BUTCHERY;20;;;Skeleton Assassin;;Skeleton;false
D9SKL09;UNDEAD;SKELETON;SKELETON_WARRIOR;SKELETON_WARRIOR;hgskl04;skelwa01;BUTCHERY;20;;;Skeleton Warrior;;SkeletonWarrior;false
D9SM12;UNDEAD;SKELETON;MAGE;SKELETON;None;;BUTCHERY;12;;;Experienced Skeleton Mage;;Skeleton;false
D9SM12A;UNDEAD;SKELETON;MAGE;SKELETON;None;;BUTCHERY;12;;;Experienced Skeleton Mage;;Skeleton;false
D9SM12B;UNDEAD;SKELETON;MAGE;SKELETON;None;;BUTCHERY;16;;;Experienced Skeleton Mage;;Skeleton;false
D9SM13;UNDEAD;SKELETON;MAGE;SKELETON;None;;BUTCHERY;12;;;Experienced Skeleton Mage;;Skeleton;false
D9SM13A;UNDEAD;SKELETON;MAGE;SKELETON;None;;BUTCHERY;12;;;Experienced Skeleton Mage;;Skeleton;false
D9SM13B;UNDEAD;SKELETON;MAGE;SKELETON;None;;BUTCHERY;16;;;Experienced Skeleton Mage;;Skeleton;false
D9SM14;UNDEAD;SKELETON;MAGE;SKELETON;None;;BUTCHERY;12;;;Experienced Skeleton Mage;;Skeleton;false
D9SM14A;UNDEAD;SKELETON;MAGE;SKELETON;None;;BUTCHERY;12;;;Experienced Skeleton Mage;;Skeleton;false
D9SM14B;UNDEAD;SKELETON;MAGE;SKELETON;None;;BUTCHERY;16;;;Experienced Skeleton Mage;;Skeleton;false
D9SM16;UNDEAD;SKELETON;MAGE;SKELETON;None;;BUTCHERY;16;;;Elite Skeleton Mage;;Skeleton;false
D9SM16B;UNDEAD;SKELETON;MAGE;SKELETON;None;;BUTCHERY;16;;;Elite Skeleton Mage;;Skeleton;false
D9SM17;UNDEAD;SKELETON;MAGE;SKELETON;None;;BUTCHERY;12;;;Elite Skeleton Mage;;Skeleton;false
D9SM17B;UNDEAD;SKELETON;MAGE;SKELETON;None;;BUTCHERY;12;;;Elite Skeleton Mage;;Skeleton;false
D9SM18;UNDEAD;SKELETON;MAGE;SKELETON;None;;BUTCHERY;16;;;Elite Skeleton Mage;;Skeleton;false
D9SM18B;UNDEAD;SKELETON;MAGE;SKELETON;None;;BUTCHERY;16;;;Elite Skeleton Mage;;Skeleton;false
D9SM7;UNDEAD;SKELETON;MAGE;SKELETON;None;;BUTCHERY;7;;;Skeleton Mage novice;;Skeleton;false
D9SM7A;UNDEAD;SKELETON;MAGE;SKELETON;None;;BUTCHERY;7;;;Skeleton Mage novice;;Skeleton;false
D9SM7B;UNDEAD;SKELETON;MAGE;SKELETON;None;;BUTCHERY;7;;;Skeleton Mage novice;;Skeleton;false
D9SM8;UNDEAD;SKELETON;MAGE;SKELETON;None;;BUTCHERY;7;;;Skeleton Mage novice;;Skeleton;false
D9SM8A;UNDEAD;SKELETON;MAGE;SKELETON;None;;BUTCHERY;7;;;Skeleton Mage novice;;Skeleton;false
D9SM8B;UNDEAD;SKELETON;MAGE;SKELETON;None;;BUTCHERY;7;;;Skeleton Mage novice;;Skeleton;false
D9SM9;UNDEAD;SKELETON;MAGE;SKELETON;None;;BUTCHERY;7;;;Skeleton Mage novice;;Skeleton;false
D9SM9A;UNDEAD;SKELETON;MAGE;SKELETON;None;;BUTCHERY;7;;;Skeleton Mage novice;;Skeleton;false
D9SM9B;UNDEAD;SKELETON;MAGE;SKELETON;None;;BUTCHERY;7;;;Skeleton Mage novice;;Skeleton;false
D9STVA01;UNDEAD;MIST;MIST;MIST_CREATURE;mistva;None;BUTCHERY;5;;;Vampiric Mist;;;
D9STVA03;UNDEAD;MIST;MIST;MIST_CREATURE;mistva;None;BUTCHERY;5;;;Vampiric Mist;;;
D9TANOV;UNDEAD;VAMPIRE;MAGE;VAMPIRE_FEMALE;c6tanov;none;BUTCHERY;16;;;Vampire Mage;;;
D9TAZOK;HUMANOID;OGRE;FIGHTER;HALF_OGRE;tazok;tazok;BUTCHERY;18;;;Tazok;;Ogre;false
D9TAZOKX;HUMANOID;OGRE;FIGHTER;HALF_OGRE;D9TazokX;none;BUTCHERY;19;;;Tazok;;Ogre;false
D9UMB01;MONSTER;UMBERHULK;UMBERHULK;UMBER_HULK;kpumb01;;BUTCHERY;6;;;Umber Hulk;;;
D9UMB02;MONSTER;UMBERHULK;UMBERHULK;UMBER_HULK;kpumb01;;BUTCHERY;6;;;Umber Hulk;;;
C0MBEAR;ANIMAL;BEAR;BEAR_BROWN;BEAR_BROWN;NONE;;ArtisansKitpack_npc;9;;;Great Red Bear;;GrizzlyBear;true
BEARGR;ANIMAL;BEAR;BEAR_BROWN;BEAR_BROWN;None;;BG2;9;;;Grizzly Bear;;GrizzlyBear;true
BEARGRSU;ANIMAL;BEAR;BEAR_BROWN;BEAR_BROWN;None;;BG2;9;SUMMONED;CONTROLLED;Grizzly Bear;true;GrizzlyBear;true
CB585AN2;ANIMAL;BEAR;BEAR_BROWN;BEAR_BROWN;None;;ctb;9;;;Grizzly Bear;;GrizzlyBear;true
D9YDEM01;MONSTER;DEMONIC;TANARI;FIEND_GREEN;abydem01;none;BUTCHERY;12;;;Tanar'ri;;;
D9YUAN02;MONSTER;YUANTI;FIGHTER;YUAN-TI_ELITE;YUANTI;;BUTCHERY;7;;;Greater Yuan-ti;;;
D9YUAN03;MONSTER;YUANTI;MAGE;YUAN-TI_PRIEST;YUANTI;None;BUTCHERY;12;;;Yuan-Ti Mage;;;
D9YUAN05;MONSTER;YUANTI;MAGE;YUAN-TI_PRIEST;YUANTI;None;BUTCHERY;14;;;Yuan-ti Prince;;;
D9YUAN0X;MONSTER;YUANTI;FIGHTER;YUAN-TI;YUANTI;D9YUAN0X;BUTCHERY;7;;;Yuan-ti ;;;
D9YUGH;MONSTER;OTYUGH;OTYUGH;OTYUGH;None;;BUTCHERY;10;;;Otyugh;;;
DAABOL;MONSTER;NO_RACE;FIGHTER;DOOM_GUARD;daabol;daabol;BG2;4;;;Aboleth;;;
DACEMIST;MONSTER;NO_RACE;NO_CLASS;BLOB_MIST_CREATURE;None;None;BG2;1;;;Gaseous Form;;;
DADOG;ANIMAL;DOG;DOG_WAR;DOG_WAR;dadog;dadog;BG2;2;;;Dog;;WarDog;false
DAESE;MONSTER;LYCANTHROPE;MAGE;MAGE_FEMALE_HUMAN;Daese;None;stratagems;8;;;Daese;;;
DAESEWLF;MONSTER;LYCANTHROPE;WOLFWERE;WEREWOLF;daesewlf;None;stratagems;7;;;Daese;;;
DAGENIE;GIANTHUMANOID;GENIE;GENIE_DJINNI;DJINNI;dagenie;dagenie;BG2;5;;;Dola Fadoon;;;
DAGITH1;HUMANOID;GITHYANKI;FIGHTER_MAGE;GITHYANKI;dagith1;dagith1;BG2;11;;;Githyanki Captain;;;
DAGITH2;HUMANOID;GITHYANKI;FIGHTER;GITHYANKI;dagith2;dagith2;BG2;7;;;Githyanki;;;
DAGNOLL;HUMANOID;GNOLL;GNOLL;GNOLL;dagnoll;;BG2;2;;;Gnoll;;;
DAITEL;HUMANOID;SPECTRE;MAGE;MAGE_MALE_HUMAN;DAITEL;DAITEL;stratagems;12;;;Ghost;;Ghost;true
DAKOBOLD;HUMANOID;KOBOLD;KOBOLD;KOBOLD;dakobold;dakobold;BG2;1;;;Kobold;;;
DAMIND1;HUMANOID;MIND_FLAYER;MIND_FLAYER;MINDFLAYER;damind1;damind1;BG2;12;;;Mind Flayer;;;
DAMIND2;HUMANOID;MIND_FLAYER;MIND_FLAYER;MINDFLAYER;damind2;damind2;BG2;12;;;Mind Flayer;;;
DARRYL;HUMANOID;KOBOLD;KOBOLD_XVART;KOBOLD_XVART;DARRYL;DARRYL;BG1;1;;;Darryl;;;
DARRYL2;HUMANOID;KOBOLD;KOBOLD_TASLOI;KOBOLD_TASLOI;DARRYL2;darryl;BG1;1;;;Darryl;;;
DASPITRO;MONSTER;TROLL;TROLL;TROLL;daspitro;;BG2;6;;;Spirit Troll;;;
DATROLL;MONSTER;TROLL;TROLL;TROLL;datroll;;BG2;6;;;Troll;;;
DAUMBER;MONSTER;UMBERHULK;UMBERHULK;UMBER_HULK;daumber;;BG2;6;;;Umber Hulk;;;
DBONEF01;MONSTER;DEMONIC;IMP;SKELETON_FIEND;dbonef01;None;BG2;11;;;Bone Fiend;;;
DDGUARD1;GIANTHUMANOID;GENIE;GENIE_EFREETI;EFREETI_NOBLE;ddguard1;ddguard1;BG2;12;;;Guardian;;;
DDGUARD2;GIANTHUMANOID;GENIE;GENIE_EFREETI;EFREETI_NOBLE;ddguard2;ddguard2;BG2;12;;;Guardian;;;
DDGUARD3;GIANTHUMANOID;GENIE;GENIE_EFREETI;EFREETI_NOBLE;ddguard3;ddguard3;BG2;12;;;Guardian;;;
DDGUARD4;GIANTHUMANOID;GENIE;GENIE_EFREETI;EFREETI_NOBLE;ddguard4;ddguard4;BG2;12;;;Guardian;;;
DDGUARD5;GIANTHUMANOID;GENIE;GENIE_EFREETI;EFREETI_NOBLE;ddguard5;ddguard5;BG2;12;;;Guardian;;;
DDGUARD6;GIANTHUMANOID;GENIE;GENIE_EFREETI;EFREETI_NOBLE;ddguard6;ddguard6;BG2;12;;;Guardian;;;
DDGUARD7;GIANTHUMANOID;ELEMENTAL;ELEMENTAL_FIRE;ELEMENTAL_FIRE;ddguard7;ddguard7;BG2;10;;;Guardian;;;
DEADBEH1;MONSTER;BEHOLDER;BEHOLDER;BEHOLDER;None;;BG2;9;;;Beholder;;;
DEADBEH2;MONSTER;BEHOLDER;BEHOLDER;BEHOLDER_SMALL;None;;BG2;9;;;Gauth;;;
DEADCOW1;ANIMAL;NO_RACE;NO_CLASS;COW;None;None;BG2;1;;;Cow;;;
DEADCOW2;ANIMAL;NO_RACE;NO_CLASS;COW;None;None;BG2;1;;;Cow;;;
DEADDEM1;MONSTER;DEMONIC;IMP;CORNUGON;demcor01;None;BG2;17;;;Cornugon;;;
DEADDEM2;MONSTER;DEMONIC;TANARI;IMP;dquas01;None;BG2;8;;;Quasit;;;
DEADHOR1;ANIMAL;NO_RACE;NO_CLASS;HORSE;None;None;BG2;1;;;Horse;;;
DEADHOR2;ANIMAL;NO_RACE;NO_CLASS;HORSE;None;None;BG2;1;;;Horse;;;
DEATHKNI;HUMANOID;DEMONIC;FIGHTER_MAGE;DEATH_KNIGHT;deathkni;deathkni;BG2;18;;;Demon Knight;;;
DECK615;HUMANOID;DEMONIC;FIGHTER_MAGE;DEATH_KNIGHT;None;None;BG2;18;;;Demon Knight;;;
DECK615;HUMANOID;DEMONIC;FIGHTER_MAGE;DEATH_KNIGHT;None;None;BG1;18;;;Demon Knight;;;
DECK622;UNDEAD;SKELETON;SKELETON_WARRIOR;SKELETON_FIEND;deck622;deck622;BG2;20;;;Death Shade;;SkeletonWarrior;false
DECK622;UNDEAD;SKELETON;SKELETON_WARRIOR;SKELETON_FIEND;deck622;deck622;BG1;20;;;Death Shade;;SkeletonWarrior;false
DECKFELE;GIANTHUMANOID;ELEMENTAL;ELEMENTAL_FIRE;ELEMENTAL_FIRE;None;;BG2;16;SUMMONED;;Fire Elemental;true;;
DECKFELE;GIANTHUMANOID;ELEMENTAL;ELEMENTAL_FIRE;ELEMENTAL_FIRE;None;;BG1;16;SUMMONED;;Fire Elemental;true;;
DEER01;ANIMAL;NO_RACE;FOOD_CREATURE;DEER;DEER01;None;ctb;1;;;Deer;;;
DELAIN;MONSTER;LYCANTHROPE;INNOCENT;CLERIC_FEMALE_ELF;DELAINY;DELAINY1;stratagems;6;;;Delainy;;;
DELAIN2;MONSTER;LYCANTHROPE;WEREWOLF;CLERIC_FEMALE_ELF;DELAINY;DELAINY2;stratagems;6;;;Delainy;;;
DELMIST;MONSTER;MIST;MIST;BLOB_MIST_CREATURE;None;None;BG2;1;;;Gaseous Form;;;
DEMABI01;MONSTER;DEMONIC;TANARI;CORNUGON;abisred1;None;BG2;13;;;Abishai;;;
DEMBAL01;MONSTER;DEMONIC;TANARI;TANARRI;dembal01;;BG2;24;;;Balor;;;
DEMBAL02;MONSTER;DEMONIC;TANARI;TANARRI;dembal01;;BG2;24;;;Balor;;;
DEMCOR01;MONSTER;DEMONIC;IMP;CORNUGON;demcor01;None;BG2;17;;;Cornugon;;;
DEMGLA01;MONSTER;DEMONIC;TANARI;GLABREZU;demgla01;None;BG2;17;;;Glabrezu;;;
DEMGLAB;MONSTER;DEMONIC;TANARI;GLABREZU;demglab;None;BG2;17;;;Glabrezu;;;
DEMGLAB2;MONSTER;DEMONIC;TANARI;GLABREZU;demglab;None;BG2;17;;;Glabrezu;;;
DEMGLASU;MONSTER;DEMONIC;FIGHTER_MAGE_CLERIC;GLABREZU;DEMGLAB;;SPELL_REV;15,17;;;Glabrezu;true;;
DEMGLASU;MONSTER;DEMONIC;FIGHTER_MAGE_CLERIC;GLABREZU;DEMGLAB;;stratagems;15,17;;;Glabrezu;true;;
DEMILICH;UNDEAD;DEMILICH;MAGE;DEMILICH;demilich;None;BG2;35;;;Demilich;;;
DEMLORD;MONSTER;DEMONIC;TANARI;TANARRI;demlord;;BG2;13;;;Lesser Demon Lord;;;
DEMMAU01;MONSTER;DEMONIC;TANARI;LICH_BLACK;demmau01;;BG2;10;;;Maurezhi;;;
DEMNAB01;MONSTER;DEMONIC;TANARI;FIEND_GREEN;demnab01;None;STRATAGEMS;12;;;Nabassu;;;
DEMNAB02;MONSTER;DEMONIC;TANARI;FIEND_GREEN;demnab01;None;STRATAGEMS;12;;;Nabassu;;;
DEMNABSU;MONSTER;DEMONIC;TANARI;FIEND_GREEN;demnabsu;None;STRATAGEMS;10,12;SUMMONED;;Nabassu;true;;
DEMNABSU;MONSTER;DEMONIC;TANARI;TANARRI;demnabsu;None;BG1;10,12;SUMMONED;;Nabassu;true;;
DEMOGOR1;MONSTER;DEMONIC;TANARI;DOOM_GUARD;demogor1;GorDemo;BG2;23;;;Imprisoned One;;;
DEMOGOR2;MONSTER;DEMONIC;TANARI;DEMOGORGON;demogor2;zGorDemo;BG2;30;;;Demogorgon;;;
DEMOSUM1;MONSTER;DEMONIC;TANARI;MARILITH;Demosum1;demosum1;BG2;14,20;;;Marilith;;;
DEMOSUM1;MONSTER;DEMONIC;TANARI;MARILITH;Demosum1;demosum1;BG1;14,20;;;Marilith;;;
DEMOSUM2;MONSTER;DEMONIC;TANARI;TANARRI;demosum2;demosum2;BG2;14,24;;;Balor;;;
DEMOSUM2;MONSTER;DEMONIC;TANARI;TANARRI;demosum2;demosum2;BG1;14,24;;;Balor;;;
DEMOSUM3;MONSTER;DEMONIC;TANARI;GLABREZU;demosum3;demosum3;BG2;10,17;;;Glabrezu;;;
DEMOSUM3;MONSTER;DEMONIC;TANARI;GLABREZU;demosum3;demosum3;BG1;10,17;;;Glabrezu;;;
DEMOSUM4;GIANTHUMANOID;DEMONIC;FIGHTER_MAGE;DEATH_KNIGHT;demosum4;demosum4;BG2;20;;;Cambion;;;
DEMOSUM4;GIANTHUMANOID;DEMONIC;FIGHTER_MAGE;DEATH_KNIGHT;demosum4;demosum4;BG1;20;;;Cambion;;;
DEMPIT;MONSTER;DEMONIC;TANARI;RAVER;dempit;None;BG2;24;;;Pit Fiend;;;
DEMPIT01;MONSTER;DEMONIC;TANARI;RAVER;dempit01;None;BG2;13,24;;;Pit Fiend;;;
DEMPIT01;MONSTER;DEMONIC;TANARI;TANARRI;dempit01;None;BG1;13,24;;;Pit Fiend;;;
DEMPITSU;MONSTER;DEMONIC;FIGHTER_MAGE_CLERIC;RAVER;dempit;None;STRATAGEMS;20,24;;;Pit Fiend;true;;
DEMPITSU;MONSTER;DEMONIC;FIGHTER_MAGE_CLERIC;TANARRI;dempit;None;stratagems;20,24;;;Pit Fiend;true;;
DEMSUC01;MONSTER;DEMONIC;TANARI;SIRINE;demsuc01;None;BG2;6,12;;;Succubus;;;
DEMSUC01;MONSTER;DEMONIC;TANARI;SIRINE;demsuc01;None;BG1;6,12;;;Succubus;;;
DERINY01;MONSTER;DEMONIC;IMP;FIGHTER_FEMALE_HUMAN;deriny01;None;BG2;12;;;Erinyes;;;
DESTUS;HUMANOID;KOBOLD;KOBOLD_XVART;KOBOLD_XVART;None;DESTUS;BG1;1;;;Destus Gurn;;;
DEVAEVIL;HUMANOID;DARKPLANATAR;FIGHTER_CLERIC;CLERIC_FEMALE_ELF;devaevil;DEVAEVIL;SPELL_REV;14;;;Fallen Deva;;;
DEVAEVIL;HUMANOID;DARKPLANATAR;FIGHTER_CLERIC;CLERIC_FEMALE_ELF;devaevil;DEVAEVIL;stratagems;14;;;Fallen Deva;;;
DEVAGOOD;HUMANOID;PLANATAR;FIGHTER_CLERIC;CLERIC_MALE_ELF;devagood;DEVAGOOD;SPELL_REV;14;;;Deva;;;
DEVAGOOD;HUMANOID;PLANATAR;FIGHTER_CLERIC;CLERIC_MALE_ELF;devagood;DEVAGOOD;stratagems;14;;;Deva;;;
DEVAST01;MONSTER;SOLAR;CLERIC_MAGE;CLERIC_MALE_ELF;None;None;jtweaks;25;;;Astral Deva;;;
DEVMON01;MONSTER;SOLAR;CLERIC_MAGE;CLERIC_MALE_ELF;None;None;jtweaks;25;;;Monadic Deva;;;
DGLAB01;MONSTER;DEMONIC;TANARI;GLABREZU;dglab01;None;BG2;17;;;Glabrezu;;;
DGTROL01;GIANTHUMANOID;TROLL;FIGHTER;TROLL;dgtrol01;;BG2;6;;;Troll;;;
DGTROL02;GIANTHUMANOID;TROLL;MAGE;TROLL;dgtrol02;;BG2;6;;;Troll;;;
DIMP01;MONSTER;DEMONIC;IMP;IMP;dimp01;None;BG2;7;;;Imp;;;
DJINNISU;GIANTHUMANOID;GENIE;GENIE_DJINNI;DJINNI_LEGS;None;;BG2;5,11;SUMMONED;CONTROLLED;Djinni;true;;
DJINNISU;GIANTHUMANOID;GENIE;GENIE_DJINNI;DJINNI_LEGS;None;;BG1;5,11;SUMMONED;CONTROLLED;Djinni;true;;
DOGBLINK;ANIMAL;DOG;DOG_WILD;DOG_WILD;None;;BG1;1;;;Blink Dog;;BlinkDog;true
DOGWA;ANIMAL;DOG;DOG_WAR;DOG_WAR;None;;BG1;2;;;War Dog;;WarDog;true
DOGWAR01;ANIMAL;DOG;DOG_WAR;DOG_WAR;None;;BG2;2;;;War Dog;;WarDog;false
DOGWASU;ANIMAL;DOG;DOG_WAR;DOG_WAR;None;;BG2;2;SUMMONED;;War Dog;true;WarDog;true
DOGWASU;ANIMAL;DOG;DOG_WAR;DOG_WAR;None;;BG1;2;SUMMONED;;War Dog;true;WarDog;true
DOGWAWP;ANIMAL;DOG;DOG_WAR;DOG_WAR;None;;BG2;3;SUMMONED;CONTROLLED;Astral Hound;true;SpectralHound;true
DOGWAWP;ANIMAL;DOG;DOG_WAR;DOG_WAR;None;;BG1;3;SUMMONED;CONTROLLED;Astral Hound;true;SpectralHound;true
DOGWI;ANIMAL;DOG;DOG_WILD;DOG_WILD;None;;BG1;1;;;Wild Dog;;WildDog;true
DOGWIL01;ANIMAL;DOG;DOG_WILD;DOG_WILD;None;;BG2;1;;;Wild Dog;;WildDog;false
DOGWISU;ANIMAL;DOG;DOG_WILD;DOG_WILD;None;;BG2;1,3;SUMMONED;CONTROLLED;Rabid Dog;true;WildDog;true
DOGWISU;ANIMAL;DOG;DOG_WILD;DOG_WILD;None;;BG1;1,3;SUMMONED;CONTROLLED;Wild Dog;true;WildDog;true
DOOMDUR;MONSTER;GOLEM;NO_CLASS;FIGHTER_MALE_DWARF;None;None;stratagems;8;;;Dwarven Doom Guard;;DoomGuard;true
DOOMGU;MONSTER;GOLEM;GOLEM_IRON;FIGHTER_MALE_HUMAN;None;None;BG1;8;;;Doom Guard;;DoomGuard;true
DOOMSA;MONSTER;GOLEM;GOLEM_IRON;FIGHTER_MALE_HUMAN;Doomsayer;DOOMSAY;BG1;6;;;Doomsayer;;DoomSayer;true
DOPALD;MONSTER;DOPPLEGANGER;DOPPLEGANGER;FAT_MAN;dopald;;stratagems;1;;;Merchant;;;
DOPCLE01;MONSTER;DOPPLEGANGER;CLERIC;CLERIC_MALE_DWARF;DOPKIE;None;STRATAGEMS;8;;;Kiel the Legion Killer;;;
DOPDOP;MONSTER;DOPPLEGANGER;DOPPLEGANGER_GREATER;DOPPLEGANGER_GREATER;Dopdop;;stratagems;9;;;Greater Doppelganger;;;
DOPDUR;MONSTER;DOPPLEGANGER;FIGHTER;FIGHTER_MALE_DWARF;DOPDUR;None;stratagems;18;;;Durlag Trollkiller;;;
DOPDUR1;MONSTER;DOPPLEGANGER;DOPPLEGANGER_GREATER;FIGHTER_MALE_DWARF;DOPDUR1;DOPDUR1;stratagems;9;;;Durlag Trollkiller;;;
DOPDUR2;MONSTER;DOPPLEGANGER;DOPPLEGANGER_GREATER;FIGHTER_MALE_DWARF;DOPDUR2;DOPDUR2;stratagems;18;;;Durlag Trollkiller;;;
DOPDUR3;MONSTER;DOPPLEGANGER;DOPPLEGANGER_GREATER;FIGHTER_MALE_DWARF;DOPDUR3;DOPDUR3;stratagems;18;;;Durlag Trollkiller;;;
DOPFUE;MONSTER;DOPPLEGANGER;BARD;THIEF_MALE_DWARF;DOPFUE;None;stratagems;3;;;Fuernebol;;;
DOPGRE01;MONSTER;DOPPLEGANGER;DOPPLEGANGER_GREATER;DOPPLEGANGER_GREATER;None;;STRATAGEMS;9;;;Greater Doppelganger;;;
DOPISL;MONSTER;DOPPLEGANGER;MAGE;MAGE_FEMALE_DWARF;DOPISL;None;stratagems;10;;;Islanne;;;
DOPKIE;MONSTER;DOPPLEGANGER;DOPPLEGANGER;CLERIC_MALE_DWARF;DOPKIE;None;stratagems;8;;;Kiel the Legion Killer;;;
DOPMAG01;MONSTER;DOPPLEGANGER;MAGE;MAGE_FEMALE_DWARF;DOPISL;None;STRATAGEMS;10;;;Islanne.;;;
DOPMER;MONSTER;DOPPLEGANGER;DOPPLEGANGER;FAT_MAN;SSDopple;Dopmer;stratagems;1;;;Merchant;;;
DOPMGR01;MONSTER;DOPPLEGANGER;MAGE;DOPPLEGANGER_GREATER;DOPISL;None;STRATAGEMS;10;;;Islanne.;;;
DOPPGR;MONSTER;DOPPLEGANGER;DOPPLEGANGER_GREATER;DOPPLEGANGER_GREATER;None;;stratagems;9;;;Greater Doppelganger;;;
DOPPL7;MONSTER;DOPPLEGANGER;DOPPLEGANGER;DOPPLEGANGER;None;;stratagems;1;;;Doppelganger;;;
DOPPLE;MONSTER;DOPPLEGANGER;DOPPLEGANGER;DOPPLEGANGER;None;;stratagems;4;;;Doppelganger;;;
DOPPLE01;MONSTER;DOPPLEGANGER;DOPPLEGANGER;DOPPLEGANGER;None;;STRATAGEMS;4;;;Doppelganger;;;
DOPPSS;MONSTER;DOPPLEGANGER;DOPPLEGANGER;DOPPLEGANGER;SSDopple;;stratagems;1;;;Doppelganger;;;
DOPTHI01;MONSTER;DOPPLEGANGER;BARD;THIEF_MALE_DWARF;DOPFUE;None;STRATAGEMS;3;;;Fuernebol;;;
DOPWAR01;MONSTER;DOPPLEGANGER;FIGHTER;FIGHTER_MALE_DWARF;DOPDUR;None;STRATAGEMS;18;;;Durlag Trollkiller;;;
DOPZORL;MONSTER;DOPPLEGANGER;DOPPLEGANGER;DOPPLEGANGER;None;;stratagems;1;;;Doppelganger;;;
DPMON01;HUMANOID;MIND_FLAYER;MIND_FLAYER;MINDFLAYER;dpmon01;dpmon01;BG2;1;;;Mind Flayer;;;
DPMON02;UNDEAD;LICH;MAGE;LICH;dpmon02;dpmon02;BG2;1;;;Lich;;;
DPMON03;UNDEAD;VAMPIRE;VAMPIRE;VAMPIRE;dpmon03;dpmon03;BG2;1;;;Vampire;;;
DQUAS01;MONSTER;DEMONIC;TANARI;IMP;dquas01;None;BG2;8;;;Quasit;;;
DRAGBLAC;MONSTER;DRAGON;SHADOW_DRAGON;DRAGON_BLACK;Dragblac;dragblac;BG2;23;;;Nizidramanii'yt;;;
DRAGBLUE;MONSTER;DRAGON;SHADOW_DRAGON;DRAGON_BLUE;Abazigal;Abazigal;BG2;32;;;Abazigal;;;
DRAGBROW;MONSTER;DRAGON;RED_DRAGON;DRAGON_BROWN;DragBrow;;BG2;23;;;Brown Dragon;;;
DRAGPURP;MONSTER;DRAGON;SHADOW_DRAGON;DRAGON_PURPLE;DragPurp;None;BG2;23;;;Purple Dragon;;;
DRAGRED;MONSTER;DRAGON;RED_DRAGON;DRAGON_RED;DragRed;;BG2;23;;;Red Dragon;;;
DRAGSHAD;MONSTER;DRAGON;SHADOW_DRAGON;DRAGON_BLACK;ShaDra01;ShaDra01;BG2;23;;;Thaxll'ssillyia;;;
DRAGSILV;MONSTER;DRAGON;SILVER_DRAGON;DRAGON_SILVER;DragSilv;;BG2;23;;;Silver Dragon;;;
DRAGYELL;MONSTER;DRAGON;RED_DRAGON;DRAGON_RED;DragYell;;BG2;23;;;Yellow Dragon;;;
DRAKE01;MONSTER;DRAGON;WYVERN;WYVERN_BIG;drake01;drake01;ascension;12;;;Fire Drake;;;
DRAKE02;MONSTER;DRAGON;WYVERN;WYVERN_BIG;drake01;drake01;ascension;12;;;Shadow Drake;;;
DRAKE03;MONSTER;DRAGON;WYVERN;WYVERN_BIG;drake01;drake01;ascension;12;;;Ice Drake;;;
DRAKE04;MONSTER;DRAGON;WYVERN;WYVERN_BIG;drake01;drake01;ascension;12;;;Earth Drake;;;
DRBOD;UNDEAD;VAMPIRE;VAMPIRE;BODHI;drbod;None;BG2;25;;;Bodhi;;;
DREPPI3;MONSTER;DOPPLEGANGER;DOPPLEGANGER;CLERIC_MALE_HUMAN;None;dreppi3;STRATAGEMS;3;;;Dreppin;;;
DREPPI3;MONSTER;DOPPLEGANGER;DOPPLEGANGER;CLERIC_MALE_HUMAN;None;dreppi3;stratagems;3;;;Dreppin;;;
DROTH;HUMANOID;OGRE;OGRE_MAGE;OGRE_MAGE;Droth;DROTH;BG1;5;;;Droth;;OgreMage;true
DRSHCH01;HUMANOID;MIST;FIGHTER_MAGE;MIST_CREATURE;drshch01;drshch01;STRATAGEMS;12;;;Chaos ;;;
DRSHNL01;MONSTER;TROLL;DRUID;TROLL;drshnl02;drshnl01;STRATAGEMS;14;;;Nilthiri;;;
DRSHNL02;MONSTER;TROLL;TROLL;TROLL;DRSHNL02;DRSHNL02;BG2;6;;;Nilthiri;;;
DRSHNL11;MONSTER;TROLL;TROLL;TROLL;drshnl02;;BG2;6;;;Nilthiri;;;
DRSHNL21;MONSTER;TROLL;TROLL;TROLL;drshnl02;;BG2;6;;;Nilthiri;;;
DRSHSP01;HUMANOID;SPECTRE;MAGE;MONK;drshsp01;drshsp01;BG2;14;;;Spirit of the Grove;;;
DRSLAYER;GIANTHUMANOID;LICH;MIST;SLAYER;drslayer;drslayer;BG2;20;;;Slayer;;;
DRSTATU1;HUMANOID;PLATE;LONG_SWORD;DOOM_GUARD;drstatu1;drstatu1;BG2;1;;;Statue;;;
DRSTATU2;HUMANOID;PLATE;LONG_SWORD;DOOM_GUARD;drstatu2;drstatu2;BG2;1;;;Statue;;;
DRSTATU3;HUMANOID;PLATE;LONG_SWORD;DOOM_GUARD;drstatu3;drstatu3;BG2;1;;;Statue;;;
DRUEAR01;MONSTER;ELEMENTAL;ELEMENTAL_EARTH;ELEMENTAL_EARTH;None;;FAITHS_AND_POWERS;24;SUMMONED;CONTROLLED;Earth Elemental;true;;
DRUFIR01;GIANTHUMANOID;ELEMENTAL;ELEMENTAL_FIRE;ELEMENTAL_FIRE;None;;BG2;24;SUMMONED;;Fire Elemental;true;;
DRUSH;GIANTHUMANOID;OGRE;OGRE_MAGE;OGRE_MAGE;drush;drush;BG2;5;;;Drush;;OgreMage;false
DRY01;HUMANOID;BASILISK;INNOCENT;SIRINE;CDryad;dryad;BG2;2;;;Dryad;;Dryad;true
DRYAD;HUMANOID;FAIRY;INNOCENT;SIRINE;CDryad;dryad;BG1;2;;;Dryad of the Cloud Peaks;;Dryad;true
DRYAD02;HUMANOID;0;INNOCENT;SIRINE;CDryad;none;BG2;2;;;Dryad of the Cloudpeaks;;Dryad;true
DRYAD03;HUMANOID;0;INNOCENT;SIRINE;CDryad;none;BG2;2;;;Dryad of the Cloudpeaks;;Dryad;true
DRYADHA;HUMANOID;FAIRY;FIGHTER;SIRINE;None;none;BG1;8;;;Hamadryad;;Hamadryad;true
DSTONE1;GIANTHUMANOID;GOLEM;GOLEM_STONE;GOLEM_CLAY;None;;BG2;14;;;Stone Golem;;StoneGolem;false
DUMFUE;HUMANOID;GOLEM;GOLEM_IRON;DOOM_GUARD;dumfue;None;BG1;30;;;Sparring Dummy;;IronGolem;false
DUMISL;HUMANOID;GOLEM;GOLEM_IRON;DOOM_GUARD;dumisl;None;BG1;30;;;Sparring Dummy;;IronGolem;false
DUMKIE;HUMANOID;GOLEM;GOLEM_IRON;DOOM_GUARD;dumkie;None;BG1;30;;;Sparring Dummy;;IronGolem;false
DUPLICA1;HUMANOID;GOLEM;GOLEM_FLESH;OGRILLON;duplica1;None;BG1;15;;;Mirror Fiend;;FleshGolem;false
DUPLICA2;MONSTER;ETTERCAP;ETTERCAP;ETTERCAP;duplica2;None;BG1;5;;;Mirror Fiend;;Ettercap;false
DUPLICA3;MONSTER;DOPPLEGANGER;MAGE;DOPPLEGANGER_GREATER;Duplica3;None;stratagems;9;;;Mirror Fiend;;;
DUPLICA4;MONSTER;ETTERCAP;ETTERCAP;ETTERCAP;duplica4;None;BG1;5;;;Mirror Fiend;;Ettercap;false
DUPLICA5;MONSTER;ETTERCAP;ETTERCAP;ETTERCAP;duplica5;None;BG1;5;;;Mirror Fiend;;Ettercap;false
DUPLICA6;MONSTER;DOPPLEGANGER;MAGE;DOPPLEGANGER_GREATER;Duplica6;None;stratagems;9;;;Mirror Fiend;;;
DURLAGT;HUMANOID;SPECTRE;INNOCENT;FIGHTER_MALE_DWARF_LOW;DurlagT;DURLAGT;BG1;14;;;Durlag Trollkiller;;Spectre;true
DURLYL;MONSTER;LYCANTHROPE;INNOCENT;FIGHTER_MALE_HUMAN;DURLYLE;durlyle1;stratagems;6;;;Durlyle;;;
DURLYL2;MONSTER;LYCANTHROPE;FIGHTER;FIGHTER_MALE_HUMAN;DURLYLE;durlyle2;stratagems;6;;;Durlyle;;;
DURSWORD;HUMANOID;SWORD;LONG_SWORD;DOOM_GUARD;DURSWORD;DURSWORD;BG1;1;;;Durlag's Pride;;;
DVAMPFL;UNDEAD;VAMPIRE;VAMPIRE;VAMPIRE;CSThief1;None;BG2;1;;;Vampire;;;
DVDEATHK;UNDEAD;DEMONIC;FIGHTER_MAGE;DEATH_KNIGHT;demnabsu;None;SPELL_REV;13;;;Death Knight;;;
DVDJINNI;GIANTHUMANOID;GENIE;FIGHTER_MAGE;DJINNI;NONE;;SPELL_REV;9;;;Djinni;;;
DVEFREET;GIANTHUMANOID;GENIE;FIGHTER_MAGE;DJINNI_LEGS;NONE;;SPELL_REV;9;;;Efreeti;;;
DVNYMPH;HUMANOID;FAIRY;DRUID;SIRINE;nymphsu;None;SPELL_REV;7;SUMMONED;;Nymph;true;Nymph;false
DVSTALK;MONSTER;ELEMENTAL;RANGER;DOOM_GUARD;None;None;SPELL_REV;8;SUMMONED;;Invisible Stalker;true;;
DVWRAITH;UNDEAD;WRAITH;WRAITH;SHADOW;None;;SPELL_REV;5;SUMMONED;;Wraith;true;;
DW#ABBL1;MONSTER;DRAGON;SHADOW_DRAGON;DRAGON_BLACK;dw#abbl1;dw#abbl1;STRATAGEMS;23;;;Olinissimous;;;
DW#ABBL2;MONSTER;DRAGON;SHADOW_DRAGON;DRAGON_BLACK;dw#abbl2;dw#abbl2;STRATAGEMS;23;;;Zirimanat'ryl;;;
DW#ABDGY;MONSTER;DRAGON;RED_DRAGON;DRAGON_BROWN;Anadramatis;dw#abdgy;STRATAGEMS;28;;;Anadramatis;;;
DW#ABGRE;MONSTER;DRAGON;RED_DRAGON;DRAGON_GREEN;dw#abgre;dw#abgre;STRATAGEMS;25;;;Ithy'nassendra;;;
DW#ABRED;MONSTER;DRAGON;RED_DRAGON;DRAGON_RED;dw#abred;dw#abred;STRATAGEMS;26;;;Carnifex;;;
DW#ANGSK;UNDEAD;SKELETON;SKELETON_WARRIOR;SKELETON;None;;stratagems;9;;;Skeleton Warrior;;SkeletonWarrior;true
DW#ASVM1;UNDEAD;VAMPIRE;FIGHTER_THIEF;VAMPIRE_FEMALE;vam1514a;None;STRATAGEMS;10;;;Elder Vampire;;;
DW#ASVM2;UNDEAD;VAMPIRE;FIGHTER_THIEF;VAMPIRE_FEMALE;vam1514b;None;STRATAGEMS;9;;;Vampire;;;
DW#BASUM;MONSTER;DEMONIC;TANARI;TANARRI;dw#basum;;STRATAGEMS;24;;;Balor;;;
DW#BAZPF;MONSTER;DEMONIC;IMP;RAVER;dw#bazpf;None;STRATAGEMS;24;;;Pit Fiend;;;
DW#BFSUM;MONSTER;DEMONIC;IMP;SKELETON_FIEND;dw#bfsum;None;STRATAGEMS;12;;;Bone Fiend;;;
DW#C3CHE;HUMANOID;HOBGOBLIN;FIGHTER;HOBGOBLIN;None;dw#hobgc;stratagems;3;;;Hobgoblin Elite;;;
DW#C3HB1;HUMANOID;HOBGOBLIN;FIGHTER;HOBGOBLIN;dw#c3hb1;None;stratagems;3;;;Hobgoblin Elite;;;
DW#C3HB2;HUMANOID;HOBGOBLIN;FIGHTER;HOBGOBLIN;dw#c3hb2;None;stratagems;3;;;Hobgoblin Elite;;;
DW#CLDKI;ANIMAL;NO_RACE;NO_CLASS;BIRD;dw#cldki;None;STRATAGEMS;1;;;Bird;;;
DW#CLDKI;ANIMAL;NO_RACE;NO_CLASS;BIRD;dw#cldki;None;stratagems;1;;;Bird;;;
DW#CLPES;ANIMAL;NO_RACE;NO_CLASS;BIRD;dw#cldki;None;STRATAGEMS;1;;;Bird;;;
DW#CLPES;ANIMAL;NO_RACE;NO_CLASS;BIRD;dw#cldki;None;stratagems;1;;;Bird;;;
DW#CLWEB;ANIMAL;NO_RACE;NO_CLASS;BIRD;dw#cldki;None;STRATAGEMS;1;;;Bird;;;
DW#CLWEB;ANIMAL;NO_RACE;NO_CLASS;BIRD;dw#cldki;None;stratagems;1;;;Bird;;;
DW#COSUM;MONSTER;DEMONIC;IMP;CORNUGON;dw#cosum;None;STRATAGEMS;17;;;Cornugon;;;
DW#DAVHO;MONSTER;GOLEM;GOLEM_IRON;FIGHTER_MALE_HUMAN;None;None;stratagems;6;;;Battle Horror;;BattleHorror;true
DW#DEFOG;ANIMAL;NO_RACE;NO_CLASS;BIRD;dw#cldki;None;STRATAGEMS;1;;;Bird;;;
DW#DEFOG;ANIMAL;NO_RACE;NO_CLASS;BIRD;dw#cldki;None;stratagems;1;;;Bird;;;
DW#DIASK;UNDEAD;SKELETON;SKELETON_WARRIOR;SKELETON;None;;stratagems;9;;;Skeleton Warrior;;SkeletonWarrior;true
DW#DIFFI;HUMANOID;NO_RACE;NO_CLASS;BIRD;dw#diffi;DW#DIFFI;STRATAGEMS;;;;;;;
DW#DIFFI;HUMANOID;NO_RACE;NO_CLASS;BIRD;dw#diffi;DW#DIFFI;stratagems;;;;;;;
DW#DOP7;MONSTER;DOPPLEGANGER;DOPPLEGANGER_GREATER;DOPPLEGANGER_GREATER;GDOPP7;;stratagems;1;;;Greater Doppelganger;;;
DW#DOP71;MONSTER;DOPPLEGANGER;DOPPLEGANGER_GREATER;DOPPLEGANGER_GREATER;GDOPP71;;stratagems;1;;;Greater Doppelganger;;;
DW#DOP72;MONSTER;DOPPLEGANGER;DOPPLEGANGER_GREATER;DOPPLEGANGER_GREATER;GDOPP72;;stratagems;1;;;Greater Doppelganger;;;
DW#DOP73;MONSTER;DOPPLEGANGER;DOPPLEGANGER_GREATER;DOPPLEGANGER_GREATER;GDOPP73;;stratagems;1;;;Greater Doppelganger;;;
DW#DOP74;MONSTER;DOPPLEGANGER;DOPPLEGANGER_GREATER;DOPPLEGANGER_GREATER;GDOPP74;;stratagems;1;;;Greater Doppelganger;;;
DW#DOP75;MONSTER;DOPPLEGANGER;DOPPLEGANGER_GREATER;DOPPLEGANGER_GREATER;GDOPP75;;stratagems;1;;;Greater Doppelganger;;;
DW#DOPSS;MONSTER;DOPPLEGANGER;DOPPLEGANGER;DOPPLEGANGER;SSDopple;;stratagems;1;;;Doppelganger;;;
DW#DOPZO;MONSTER;DOPPLEGANGER;DOPPLEGANGER;DOPPLEGANGER;None;;stratagems;1;;;Doppelganger;;;
DW#DRCTG;GIANTHUMANOID;GOLEM;GOLEM_STONE;GOLEM_CLAY;golsto01;;STRATAGEMS;14;;;Stone Golem;;StoneGolem;false
DW#DRCTX;MONSTER;DEMONIC;TANARI;TANARRI;telbal1;;STRATAGEMS;24;;;Balor;;;
DW#DRCTY;MONSTER;DEMONIC;TANARI;GLABREZU;demgla01;None;STRATAGEMS;17;;;Glabrezu;;;
DW#DRCTZ;MONSTER;DEMONIC;TANARI;FIEND_GREEN;demnab01;None;STRATAGEMS;12;;;Nabassu;;;
DW#DRXG1;MONSTER;DEMONIC;TANARI;GLABREZU;dw#drxg1;demosum3;STRATAGEMS;17;;;Glabrezu;;;
DW#DRXG2;MONSTER;DEMONIC;TANARI;GLABREZU;dw#drxg2;demosum3;STRATAGEMS;17;;;Glabrezu;;;
DW#ELDEE;GIANTHUMANOID;ELEMENTAL;ELEMENTAL_EARTH;ELEMENTAL_EARTH;dw#eldee;;STRATAGEMS;10;;;Greater Earth Elemental;;;
DW#ELDO1;MONSTER;BEHOLDER;BEHOLDER;BEHOLDER;None;;STRATAGEMS;20;;;Elder Orb;;;
DW#ELDO2;MONSTER;BEHOLDER;BEHOLDER;BEHOLDER;None;;STRATAGEMS;20;;;Elder Orb;;;
DW#ELDO3;MONSTER;BEHOLDER;BEHOLDER;BEHOLDER;None;;STRATAGEMS;20;;;Elder Orb;;;
DW#ELDO4;MONSTER;BEHOLDER;BEHOLDER;BEHOLDER;None;;STRATAGEMS;20;;;Elder Orb;;;
DW#FSTOR;ANIMAL;NO_RACE;NO_CLASS;BIRD;dw#cldki;None;STRATAGEMS;1;;;Bird;;;
DW#FSTOR;ANIMAL;NO_RACE;NO_CLASS;BIRD;dw#cldki;None;stratagems;1;;;Bird;;;
DW#GHGRA;MONSTER;SLIME;GREY_OOZE;GRAY_OOZE;None;;STRATAGEMS;3;;;Gray Ooze;;WhitePudding;false
DW#GHGRE;MONSTER;SLIME;GREEN_SLIME;SLIME_OLIVE;None;;STRATAGEMS;2;;;Green Slime;;GreenSlime;false
DW#GHOCH;MONSTER;SLIME;OCRE_JELLY;SLIME_OCHRE;None;;STRATAGEMS;6;;;Ochre Jelly;;OchreJelly;false
DW#GHOTY;MONSTER;OTYUGH;OTYUGH;OTYUGH;None;;STRATAGEMS;10;;;Otyugh;;;
DW#GRBAL;MONSTER;DEMONIC;TANARI;TANARRI;demosum2;demosum2;wheels;24;;;Balor;;;
DW#GRGLA;MONSTER;DEMONIC;TANARI;GLABREZU;demosum3;demosum3;wheels;17;;;Glabrezu;;;
DW#GRMAR;MONSTER;DEMONIC;TANARI;MARILITH;Demosum1;demosum1;wheels;20;;;Marilith;;;
DW#GRSOL;MONSTER;DEMONIC;NO_CLASS;DEVA_MONADIC;dw#grsol;dw#grsol;wheels;35;;;Fallen Solar;;;
DW#HDP7;MONSTER;DOPPLEGANGER;DOPPLEGANGER_GREATER;DOPPLEGANGER_GREATER;GDOPP7;;stratagems;1;;;Greater Doppelganger;;;
DW#HDP71;MONSTER;DOPPLEGANGER;DOPPLEGANGER_GREATER;DOPPLEGANGER_GREATER;GDOPP71;;stratagems;1;;;Greater Doppelganger;;;
DW#HDP72;MONSTER;DOPPLEGANGER;DOPPLEGANGER_GREATER;DOPPLEGANGER_GREATER;GDOPP72;;stratagems;1;;;Greater Doppelganger;;;
DW#HDP73;MONSTER;DOPPLEGANGER;THIEF;DOPPLEGANGER_GREATER;GDOPP73;;stratagems;8;;;Doppelganger Assassin;;;
DW#HDP74;MONSTER;DOPPLEGANGER;CLERIC;DOPPLEGANGER_GREATER;GDOPP74;;stratagems;9;;;Doppelganger Shaman;;;
DW#HDP75;MONSTER;DOPPLEGANGER;MAGE;DOPPLEGANGER_GREATER;GDOPP75;;stratagems;9;;;Doppelganger Mage;;;
DW#HGWA1;GIANTHUMANOID;GIANT;FIGHTER;GIANT_FIRE;hgwar01;None;STRATAGEMS;21;;;Fire Giant;;;
DW#HGWA2;GIANTHUMANOID;GIANT;FIGHTER;GIANT_FIRE;hgwar01;None;STRATAGEMS;21;;;Fire Giant;;;
DW#HGWA3;GIANTHUMANOID;GIANT;FIGHTER;GIANT_FIRE;hgwar01;None;STRATAGEMS;21;;;Fire Giant;;;
DW#HGWA4;GIANTHUMANOID;GIANT;FIGHTER;GIANT_FIRE;hgwar01;None;STRATAGEMS;21;;;Fire Giant;;;
DW#HGWA5;GIANTHUMANOID;GIANT;FIGHTER;GIANT_FIRE;hgwar01;None;STRATAGEMS;21;;;Fire Giant;;;
DW#HGWA6;GIANTHUMANOID;GIANT;FIGHTER;GIANT_FIRE;hgwar01;None;STRATAGEMS;21;;;Fire Giant;;;
DW#ICYU1;MONSTER;YUANTI;MAGE;YUAN-TI_PRIEST;YUANTI;None;STRATAGEMS;12;;;Yuan-Ti Mage;;;
DW#ICYU2;MONSTER;YUANTI;MAGE;YUAN-TI_PRIEST;YUANTI;None;STRATAGEMS;12;;;Yuan-Ti Mage;;;
DW#ICYUA;MONSTER;YUANTI;MAGE;YUAN-TI_PRIEST;YUANTI;None;STRATAGEMS;12;;;Yuan-Ti Mage;;;
DW#INCEN;ANIMAL;NO_RACE;NO_CLASS;BIRD;dw#cldki;None;STRATAGEMS;1;;;Bird;;;
DW#INCEN;ANIMAL;NO_RACE;NO_CLASS;BIRD;dw#cldki;None;stratagems;1;;;Bird;;;
DW#ISTOR;ANIMAL;NO_RACE;NO_CLASS;BIRD;dw#cldki;None;STRATAGEMS;1;;;Bird;;;
DW#ISTOR;ANIMAL;NO_RACE;NO_CLASS;BIRD;dw#cldki;None;stratagems;1;;;Bird;;;
DW#KBACH;HUMANOID;KOBOLD;KOBOLD;KOBOLD;none;;stratagems;6;;;Kobold Chieftain;;;
DW#KBACM;HUMANOID;KOBOLD;KOBOLD;KOBOLD;None;;stratagems;1;;;Kobold Commando;;;
DW#KBAGD;HUMANOID;KOBOLD;KOBOLD;KOBOLD;none;;stratagems;2;;;Kobold Guard;;;
DW#KBAS2;HUMANOID;KOBOLD;MAGE;KOBOLD;none;;stratagems;6;;;Kobold Shaman;;;
DW#KBASH;HUMANOID;KOBOLD;MAGE;KOBOLD;none;;stratagems;6;;;Kobold Shaman;;;
DW#KOBCH;HUMANOID;KOBOLD;KOBOLD;KOBOLD;none;;stratagems;6;;;Kobold Chieftain;;;
DW#KOBGD;HUMANOID;KOBOLD;KOBOLD;KOBOLD;none;;stratagems;2;;;Kobold Guard;;;
DW#KOBSH;HUMANOID;KOBOLD;MAGE;KOBOLD;none;;stratagems;6;;;Kobold Shaman;;;
DW#KPSPY;HUMANOID;NO_RACE;NO_CLASS;BIRD;dw#kpspy;None;STRATAGEMS;1;;;;;;
DW#KPUM1;MONSTER;UMBERHULK;UMBERHULK;UMBER_HULK;None;;STRATAGEMS;6;;;Umber Hulk;;;
DW#KPUM2;MONSTER;UMBERHULK;UMBERHULK;UMBER_HULK;None;;STRATAGEMS;10;;;Umber Hulk Elder;;;
DW#KPYI1;MONSTER;YUANTI;MAGE;YUAN-TI_PRIEST;YUANTI;None;STRATAGEMS;14;;;Yuan-Ti Mage;;;
DW#KPYI2;MONSTER;YUANTI;MAGE;YUAN-TI_PRIEST;YUANTI;None;STRATAGEMS;14;;;Yuan-Ti Mage;;;
DW#KPYU1;MONSTER;YUANTI;MAGE;YUAN-TI_PRIEST;YUANTI;None;STRATAGEMS;12;;;Yuan-Ti Mage;;;
DW#KPYU2;MONSTER;YUANTI;MAGE;YUAN-TI_PRIEST;YUANTI;None;STRATAGEMS;12;;;Yuan-Ti Mage;;;
DW#LENWI;HUMANOID;NO_RACE;NO_CLASS;BIRD;cutspy;None;stratagems;1;;;Wizard Eye;;;
DW#LICH1;UNDEAD;LICH;MAGE;LICH;lich01;;STRATAGEMS;25;;;Lich;;;
DW#LICH2;UNDEAD;LICH;MAGE;LICH;lich01;;STRATAGEMS;25;;;Lich;;;
DW#LICH3;UNDEAD;LICH;MAGE;LICH;lich01;;STRATAGEMS;25;;;Lich;;;
DW#LICH4;UNDEAD;LICH;MAGE;LICH;lich01;;STRATAGEMS;25;;;Lich;;;
DW#LICH5;UNDEAD;LICH;MAGE;LICH;lich01;;STRATAGEMS;25;;;Lich;;;
DW#LICH6;UNDEAD;LICH;MAGE;LICH;lich01;;STRATAGEMS;25;;;Lich;;;
DW#LICH7;UNDEAD;LICH;MAGE;LICH;lich01;;STRATAGEMS;25;;;Lich;;;
DW#LICH8;UNDEAD;LICH;MAGE;LICH;lich01;;STRATAGEMS;25;;;Lich;;;
DW#LICH9;UNDEAD;LICH;MAGE;LICH;lich01;;STRATAGEMS;25;;;Lich;;;
DW#METEO;ANIMAL;NO_RACE;NO_CLASS;BIRD;dw#cldki;None;STRATAGEMS;1;;;Bird;;;
DW#METEO;ANIMAL;NO_RACE;NO_CLASS;BIRD;dw#cldki;None;stratagems;1;;;Bird;;;
DW#MIHOA;HUMANOID;HOBGOBLIN;HOBGOBLIN;HOBGOBLIN;None;;stratagems;1;;;Hobgoblin;;;
DW#MIHOB;HUMANOID;HOBGOBLIN;HOBGOBLIN;HOBGOBLIN;None;;stratagems;1;;;Hobgoblin;;;
DW#MIHOE;HUMANOID;HOBGOBLIN;FIGHTER;HOBGOBLIN;None;None;stratagems;3;;;Hobgoblin Elite;;;
DW#MULKA;HUMANOID;KOBOLD;KOBOLD;KOBOLD;None;;stratagems;1;;;Kobold;;;
DW#MULKC;HUMANOID;KOBOLD;KOBOLD;KOBOLD;None;;stratagems;1;;;Kobold Commando;;;
DW#MULSA;UNDEAD;SKELETON;SKELETON;SKELETON;None;None;stratagems;1;;;Skeleton;;Skeleton;true
DW#MULSK;UNDEAD;SKELETON;SKELETON;SKELETON;None;None;stratagems;1;;;Skeleton;;Skeleton;true
DW#ODAM1;HUMANOID;NO_RACE;NO_CLASS;BIRD;;None;STRATAGEMS;24;;;Apprentice;;;
DW#ODAM2;UNDEAD;VAMPIRE;MAGE;VAMPIRE_FEMALE;bodtan;bodtan;STRATAGEMS;16;;;Apprentice;;;
DW#OGHOB;HUMANOID;HOBGOBLIN;FIGHTER;HOBGOBLIN;None;None;stratagems;3;;;Hobgoblin Elite;;;
DW#REWO;UNDEAD;WOLF;WOLF_DREAD;WOLF_DREAD;None;;stratagems;1;;;Dread Wolf;;DreadWolf;true
DW#RNLG1;HUMANOID;KOBOLD;FIGHTER;GOBLIN_BOW;None;;STRATAGEMS;1;;;Goblin;;;
DW#RNLG2;HUMANOID;KOBOLD;FIGHTER;GOBLIN_BOW;dw#rnlg2;;STRATAGEMS;1;;;Goblin;;;
DW#RNLG3;HUMANOID;KOBOLD;FIGHTER;GOBLIN_BOW;dw#rnlg3;;STRATAGEMS;1;;;Goblin;;;
DW#RRAK1;HUMANOID;RAKSHASA;RAKSHASA;RAKSHASA;raksha01;None;STRATAGEMS;9;;;Rakshasa;;;
DW#RRAK2;HUMANOID;RAKSHASA;RAKSHASA;RAKSHASA;rakruh01;None;STRATAGEMS;11;;;Ruhk;;;
DW#RRAK3;HUMANOID;RAKSHASA;MAGE;RAKSHASA;rakraj01;None;STRATAGEMS;15;;;Rajah;;;
DW#RRAK4;HUMANOID;RAKSHASA;MAGE;RAKSHASA;rakmah01;None;STRATAGEMS;17;;;Maharajah;;;
DW#SBAIM;MONSTER;DEMONIC;TANARI;TANARRI;demosum2;demosum2;STRATAGEMS;24;;;Balor;;;
DW#SEMSK;UNDEAD;SKELETON;SKELETON_WARRIOR;SKELETON;None;;stratagems;9;;;Skeleton Warrior;;SkeletonWarrior;true
DW#SENGL;MONSTER;DEMONIC;TANARI;GLABREZU;dglab01;None;STRATAGEMS;17;;;Glabrezu;;;
DW#SENYL;MONSTER;DEMONIC;TANARI;DROW_FEMALE;GorTan3;None;STRATAGEMS;15;;;Yochlol;;;
DW#SOLRA;KEY;NO_RACE;NO_CLASS;RAT;dw#solra;None;STRATAGEMS;1;;;Point;;;
DW#SPHMI;GIANTHUMANOID;OGRE;OGRE;MINOTAUR;Ogre;;STRATAGEMS;4;;;Minotaur;;Ogre;false
DW#SPHO1;HUMANOID;ORC;ORC;OROG;orc05;None;STRATAGEMS;5;;;Orog;;;
DW#SPHO2;HUMANOID;ORC;ORC;OROG_ELITE;orc06;None;STRATAGEMS;5;;;Orog;;;
DW#STINK;ANIMAL;NO_RACE;NO_CLASS;BIRD;dw#cldki;None;STRATAGEMS;1;;;Bird;;;
DW#STINK;ANIMAL;NO_RACE;NO_CLASS;BIRD;dw#cldki;None;stratagems;1;;;Bird;;;
DW#SUFFO;ANIMAL;NO_RACE;NO_CLASS;BIRD;dw#cldki;None;STRATAGEMS;1;;;Bird;;;
DW#SUFFO;ANIMAL;NO_RACE;NO_CLASS;BIRD;dw#cldki;None;stratagems;1;;;Bird;;;
DW#SWEET;ANIMAL;NO_RACE;NO_CLASS;BIRD;dw#cldki;None;STRATAGEMS;1;;;Bird;;;
DW#SWEET;ANIMAL;NO_RACE;NO_CLASS;BIRD;dw#cldki;None;stratagems;1;;;Bird;;;
DW#TYGOL;MONSTER;BEHOLDER;BEHOLDER;BEHOLDER;None;;STRATAGEMS;9;;;Tyrant Golem;;;
DW#ULCGR;HUMANOID;NO_RACE;NO_CLASS;BIRD;cutspy;None;stratagems;1;;;;;;
DW#ULCWO;UNDEAD;WOLF;WOLF_VAMPIRIC;WOLF_VAMPIRIC;None;;stratagems;8;;;Wolf of Ulcaster;;VampiricWolf;true
DW#VIBEH;MONSTER;BEHOLDER;BEHOLDER;BEHOLDER;None;;wheels;9;;;Beholder;;;
DW#VIBON;MONSTER;DEMONIC;IMP;SKELETON_FIEND;GorBat5;None;wheels;12;;;Bone Fiend;;;
DW#VIEGL;ANIMAL;NO_RACE;NO_CLASS;WIZARD_EYE;eyeegl01;eyeegl01;wheels;10;;;Eagle Eye;;;
DW#VIELE;GIANTHUMANOID;ELEMENTAL;ELEMENTAL_EARTH;ELEMENTAL_EARTH_SMALL;None;;wheels;10;;;Lesser Earth Elemental;;;
DW#VIGOL;GIANTHUMANOID;GOLEM;GOLEM_IRON;GOLEM_IRON;None;;wheels;18;;;Iron Golem;;IronGolem;false
DW#VIILL;HUMANOID;MIND_FLAYER;MIND_FLAYER;MINDFLAYER;mindfl01;None;wheels;12;;;Mind Flayer;;;
DW#VIKUO;HUMANOID;KUO-TOA;KUO-TOA;KUO-TOA;None;;wheels;10;;;Kuo-toan Warrior;;;
DW#VILIZ;MONSTER;YUANTI;FIGHTER;LIZARD_MAN_ELITE;Bazliz03;Bazliz03;wheels;21;;;Lizard Man;;;
DW#VISAL;MONSTER;SALAMANDER;ELEMENTAL_WATER;SALAMANDER_FROST;salgrice;None;wheels;17;;;Ice Salamander;;;
DW#VMRAT;ANIMAL;NO_RACE;NO_CLASS;RAT;None;None;STRATAGEMS;6;;;Giant Rat;;;
DW#VMWO1;ANIMAL;WOLF;WOLF_DIRE;WOLF_DIRE;None;;STRATAGEMS;4;;;Dire Wolf;;DireWolf;false
DW#VMWO2;ANIMAL;WOLF;WOLF_DIRE;WOLF_DIRE;None;;STRATAGEMS;4;;;Dire Wolf;;DireWolf;false
DW#VMWO3;MONSTER;WOLF;WOLF_DREAD;WOLF_DREAD;None;;STRATAGEMS;1;;;Dread Wolf;;DreadWolf;false
DW#VMWO4;MONSTER;WOLF;WOLF_DREAD;WOLF_DREAD;None;;STRATAGEMS;1;;;Dread Wolf;;DreadWolf;false
DW#VSTOR;ANIMAL;NO_RACE;NO_CLASS;BIRD;dw#cldki;None;STRATAGEMS;1;;;Bird;;;
DW#VSTOR;ANIMAL;NO_RACE;NO_CLASS;BIRD;dw#cldki;None;stratagems;1;;;Bird;;;
DW#WATE2;MONSTER;ELEMENTAL;ELEMENTAL_WATER;WATER_WEIRD;NONE;;STRATAGEMS;12;SUMMONED;;Water Elemental;true;;
DW#WATE2;MONSTER;ELEMENTAL;ELEMENTAL_WATER;WATER_WEIRD;NONE;;stratagems;12;SUMMONED;;Water Elemental;true;;
DW#WATE3;MONSTER;ELEMENTAL;ELEMENTAL_WATER;WATER_WEIRD;NONE;;STRATAGEMS;16;SUMMONED;;Greater Water Elemental;true;;
DW#WATE3;MONSTER;ELEMENTAL;ELEMENTAL_WATER;WATER_WEIRD;NONE;;stratagems;16;SUMMONED;;Not this pseudo-humble talk again!;true;;
DW#WISH1;GIANTHUMANOID;GENIE;GENIE_DAO;DJINNI;Wish02;wish25;STRATAGEMS;25;;;Djinni;;;
DW#WISH2;GIANTHUMANOID;GENIE;GENIE_DAO;DJINNI;Wish02;wish25;STRATAGEMS;25;;;Djinni;;;
DW#WISH3;GIANTHUMANOID;GENIE;GENIE_DAO;DJINNI;Wish02;wish25;STRATAGEMS;25;;;Djinni;;;
DW#WISH4;GIANTHUMANOID;GENIE;GENIE_DAO;DJINNI;Wish02;wish25;STRATAGEMS;25;;;Djinni;;;
DW#WISH5;GIANTHUMANOID;GENIE;GENIE_DAO;DJINNI;Wish02;wish25;STRATAGEMS;25;;;Djinni;;;
DW#WISH6;GIANTHUMANOID;GENIE;GENIE_DAO;DJINNI;Wish02;wish25;STRATAGEMS;25;;;Djinni;;;
DW#WISH7;GIANTHUMANOID;GENIE;GENIE_DAO;DJINNI;Wish02;wish25;STRATAGEMS;25;;;Djinni;;;
DW#WRFOG;ANIMAL;NO_RACE;NO_CLASS;BIRD;dw#cldki;None;STRATAGEMS;1;;;Bird;;;
DW#WRFOG;ANIMAL;NO_RACE;NO_CLASS;BIRD;dw#cldki;None;stratagems;1;;;Bird;;;
DW#WRMO1;UNDEAD;HUMAN;MONK;MONK_MALE_HUMAN;balelit1;None;wheels;18;;;Bhaal-Touched;;;
DW#WRMO2;UNDEAD;HUMAN;MONK;MONK_MALE_HUMAN;balelit2;None;wheels;18;;;Bhaal-Touched;;;
DW#WRMO3;UNDEAD;HUMAN;MONK;MONK_MALE_HUMAN;balelit3;None;wheels;18;;;Bhaal-Touched;;;
DW#WRMO4;UNDEAD;HUMAN;MONK;MONK_MALE_HUMAN;balelit4;None;wheels;18;;;Bhaal-Touched;;;
DW#WWOLF;MONSTER;LYCANTHROPE;WEREWOLF;WEREWOLF;None;None;stratagems;7;;;Werewolf;;;
DW#YSDRA;MONSTER;DRAGON;RED_DRAGON;DRAGON_RED;DragRed;;STRATAGEMS;23;;;Brimstone;;;
DWCUTCTR;HUMANOID;NO_RACE;NO_CLASS;BIRD;dwcutctr;None;STRATAGEMS;1;;;;;;
DWDVGLAB;MONSTER;DEMONIC;FIGHTER_MAGE_CLERIC;GLABREZU;DEMGLAB;;STRATAGEMS;15;;;Glabrezu;;;
DWDVPITF;MONSTER;DEMONIC;FIGHTER_MAGE_CLERIC;TANARRI;dempit;None;STRATAGEMS;20;;;Pit Fiend;;;
DX#DALID;UNDEAD;VAMPIRE;MAGE;VAMPIRE_FEMALE;dx#dalid;dx#dalid;COWLEDMENACE;16;;;Dalina;;;
DX#DEMI;UNDEAD;DEMILICH;MAGE;DEMILICH;dx#demi;dx#demid;COWLEDMENACE;27;;;Zallanora the Demilich;;;
DX#LICH1;UNDEAD;LICH;MAGE;LICH;DX#LICH1;dx#lichd;COWLEDMENACE;20;;;Kartak Spellseer;;;
DX#LICHJ;UNDEAD;LICH;MAGE;LICH;dx#lichj;;COWLEDMENACE;26;;;Jymahna;;;
DX#LICHT;UNDEAD;LICH;MAGE;LICH;grvlch01;;COWLEDMENACE;19;;;Rune Lich;;;
DX#MUMMY;UNDEAD;GHOUL;CLERIC;MUMMY;dx#mummy;;COWLEDMENACE;20;;;Servant of Kartak;;GreaterMummy;false
DX#SHOOL;UNDEAD;LICH;MAGE;LICH;DX#SHOOL;dx#shool;COWLEDMENACE;27;;;Shoon VII;;;
DX#SHOON;UNDEAD;SPECTRE;MAGE;WAILING_VIRGIN;dx#shoon;dx#shd;COWLEDMENACE;27;;;Shoon VII;;;
EFREETSU;GIANTHUMANOID;GENIE;GENIE_EFREETI;EFREETI_NOBLE;None;;BG2;5,12;SUMMONED;CONTROLLED;Efreeti;true;;
EFREETSU;GIANTHUMANOID;GENIE;GENIE_EFREETI;DJINNI_LEGS;None;;BG1;5,12;SUMMONED;CONTROLLED;Efreeti;true;;
ELAIR01;GIANTHUMANOID;ELEMENTAL;ELEMENTAL_AIR;ELEMENTAL_AIR;None;;BG2;12;;;Air Elemental;;;
ELAIRG01;GIANTHUMANOID;ELEMENTAL;ELEMENTAL_AIR;ELEMENTAL_AIR;None;;BG2;16;;;Greater Air Elemental;;;
ELAIRL01;GIANTHUMANOID;ELEMENTAL;ELEMENTAL_AIR;ELEMENTAL_AIR_SMALL;None;;BG2;8;;;Lesser Air Elemental;;;
ELAIRPR3;MONSTER;ELEMENTAL;ELEMENTAL_EARTH;ELEMENTAL_AIR;None;;ITEMUPGRADE;24;SUMMONED;CONTROLLED;Greater Air Elemental;true;;
ELAIRSU1;MONSTER;ELEMENTAL;ELEMENTAL_AIR;ELEMENTAL_AIR_SMALL;NONE;;SPELL_REV;8;SUMMONED;;Lesser Air Elemental;true;;
ELAIRSU1;MONSTER;ELEMENTAL;ELEMENTAL_AIR;ELEMENTAL_AIR_SMALL;NONE;;stratagems;8;SUMMONED;;Lesser Air Elemental;true;;
ELAIRSU2;MONSTER;ELEMENTAL;ELEMENTAL_AIR;ELEMENTAL_AIR;NONE;;SPELL_REV;12;SUMMONED;;Air Elemental;true;;
ELAIRSU2;MONSTER;ELEMENTAL;ELEMENTAL_AIR;ELEMENTAL_AIR;NONE;;stratagems;12;SUMMONED;;Air Elemental;true;;
ELAIRSU3;MONSTER;ELEMENTAL;ELEMENTAL_AIR;ELEMENTAL_AIR;NONE;;SPELL_REV;16;SUMMONED;;Greater Air Elemental;true;;
ELAIRSU3;MONSTER;ELEMENTAL;ELEMENTAL_AIR;ELEMENTAL_AIR;NONE;;stratagems;16;SUMMONED;;Greater Air Elemental;true;;
ELAIRSU4;GIANTHUMANOID;ELEMENTAL;ELEMENTAL_AIR;ELEMENTAL_AIR;None;;BG2;24;SUMMONED;CONTROLLED;Elder Air Elemental;true;;
ELAIRSU4;GIANTHUMANOID;ELEMENTAL;ELEMENTAL_AIR;ELEMENTAL_AIR;None;;BG1;24;SUMMONED;CONTROLLED;Elder Air Elemental;true;;
ELAIRSUW;GIANTHUMANOID;ELEMENTAL;ELEMENTAL_AIR;ELEMENTAL_AIR_SMALL;None;;BG2;8;SUMMONED;CONTROLLED;Air Elemental;true;;
ELAIRSUW;MONSTER;ELEMENTAL;ELEMENTAL_AIR;ELEMENTAL_AIR_SMALL;None;;BG1;8;SUMMONED;CONTROLLED;Air Elemental;true;;
ELARIL01;GIANTHUMANOID;ELEMENTAL;ELEMENTAL_AIR;ELEMENTAL_AIR_SMALL;None;;BG2;8;;;Lesser Air Elemental;;;
ELEAR01;GIANTHUMANOID;ELEMENTAL;ELEMENTAL_EARTH;ELEMENTAL_EARTH;None;;BG2;10;;;Earth Elemental;;;
ELEARB01;UNDEAD;SPECTRE;FIGHTER;MAGE_MALE_HUMAN;elearb01;elearb01;BG2;4;;;Apparition;;Ghost;false
ELEARB02;UNDEAD;SPECTRE;FIGHTER;MAGE_MALE_HUMAN;elearb02;elearb02;BG2;4;;;Apparition;;Ghost;false
ELEARB03;UNDEAD;SPECTRE;FIGHTER;MAGE_MALE_HUMAN;elearb03;elearb03;BG2;4;;;Apparition;;Ghost;false
ELEARB04;UNDEAD;SPECTRE;FIGHTER;MAGE_MALE_HUMAN;elearb04;elearb04;BG2;4;;;Apparition;;Ghost;false
ELEARB05;UNDEAD;SPECTRE;FIGHTER;MAGE_MALE_HUMAN;elearb05;elearb05;BG2;4;;;Apparition;;Ghost;false
ELEARB06;UNDEAD;SPECTRE;FIGHTER;MAGE_MALE_HUMAN;elearb06;elearb06;BG2;4;;;Apparition;;Ghost;false
ELEARB07;UNDEAD;SPECTRE;FIGHTER;MAGE_MALE_HUMAN;elearb07;elearb07;BG2;4;;;Apparition;;Ghost;false
ELEARB08;UNDEAD;SPECTRE;FIGHTER;MAGE_MALE_HUMAN;elearb08;elearb08;BG2;4;;;Apparition;;Ghost;false
ELEARB09;UNDEAD;SPECTRE;FIGHTER;MAGE_MALE_HUMAN;elearb09;elearb09;BG2;4;;;Apparition;;Ghost;false
ELEARB10;UNDEAD;SPECTRE;FIGHTER;MAGE_MALE_HUMAN;elearb10;elearb10;BG2;4;;;Apparition;;Ghost;false
ELEARB11;UNDEAD;SPECTRE;FIGHTER;MAGE_MALE_HUMAN;elearb11;elearb11;BG2;4;;;Apparition;;Ghost;false
ELEARG01;GIANTHUMANOID;ELEMENTAL;ELEMENTAL_EARTH;ELEMENTAL_EARTH;None;;BG2;10;SUMMONED;;Greater Earth Elemental;true;;
ELEARG01;GIANTHUMANOID;ELEMENTAL;ELEMENTAL_EARTH;ELEMENTAL_EARTH;None;;BG1;10;SUMMONED;;Greater Earth Elemental;true;;
ELEARL01;GIANTHUMANOID;ELEMENTAL;ELEMENTAL_EARTH;ELEMENTAL_EARTH_SMALL;None;;BG2;10;;;Lesser Earth Elemental;;;
ELEARPR;GIANTHUMANOID;ELEMENTAL;ELEMENTAL_EARTH;ELEMENTAL_EARTH;None;;BG2;12;SUMMONED;CONTROLLED;Earth Elemental;true;;
ELEARPR;MONSTER;ELEMENTAL;ELEMENTAL_EARTH;ELEMENTAL_EARTH;None;;BG1;12;SUMMONED;CONTROLLED;Earth Elemental;true;;
ELEARPR2;GIANTHUMANOID;ELEMENTAL;ELEMENTAL_EARTH;ELEMENTAL_EARTH;None;;BG2;16;SUMMONED;CONTROLLED;Earth Elemental;true;;
ELEARPR2;MONSTER;ELEMENTAL;ELEMENTAL_EARTH;ELEMENTAL_EARTH;None;;BG1;16;SUMMONED;CONTROLLED;Greater Earth Elemental;true;;
ELEARPR3;GIANTHUMANOID;ELEMENTAL;ELEMENTAL_EARTH;ELEMENTAL_EARTH;None;;BG2;24;SUMMONED;CONTROLLED;Earth Elemental;true;;
ELEARPR3;MONSTER;ELEMENTAL;ELEMENTAL_EARTH;ELEMENTAL_EARTH;None;;BG1;24;SUMMONED;CONTROLLED;Elder Earth Elemental;true;;
ELEARSU;GIANTHUMANOID;ELEMENTAL;ELEMENTAL_EARTH;ELEMENTAL_EARTH;None;;BG2;16;;;Earth Elemental;true;;
ELEARSU1;MONSTER;ELEMENTAL;ELEMENTAL_EARTH;ELEMENTAL_EARTH_SMALL;NONE;;SPELL_REV;8;SUMMONED;;Lesser Earth Elemental;true;;
ELEARSU2;MONSTER;ELEMENTAL;ELEMENTAL_EARTH;ELEMENTAL_EARTH;NONE;;SPELL_REV;12;SUMMONED;;Earth Elemental;true;;
ELEARSU2;MONSTER;ELEMENTAL;ELEMENTAL_EARTH;ELEMENTAL_EARTH;NONE;;stratagems;12;SUMMONED;;Earth Elemental;true;;
ELEARSU3;MONSTER;ELEMENTAL;ELEMENTAL_EARTH;ELEMENTAL_EARTH;NONE;;SPELL_REV;16;SUMMONED;;Greater Earth Elemental;true;;
ELEARSU3;MONSTER;ELEMENTAL;ELEMENTAL_EARTH;ELEMENTAL_EARTH;NONE;;stratagems;16;SUMMONED;;Greater Earth Elemental;true;;
ELEARSU4;GIANTHUMANOID;ELEMENTAL;ELEMENTAL_EARTH;ELEMENTAL_EARTH;None;;BG2;24;SUMMONED;CONTROLLED;Earth Elemental;true;;
ELEARSU4;MONSTER;ELEMENTAL;ELEMENTAL_EARTH;ELEMENTAL_EARTH;None;;BG1;24;SUMMONED;CONTROLLED;Elder Earth Elemental;true;;
ELEARSUW;GIANTHUMANOID;ELEMENTAL;ELEMENTAL_EARTH;ELEMENTAL_EARTH_SMALL;None;;BG2;8;SUMMONED;CONTROLLED;Earth Elemental;true;;
ELEARSUW;MONSTER;ELEMENTAL;ELEMENTAL_EARTH;ELEMENTAL_EARTH_SMALL;None;;BG1;8;SUMMONED;CONTROLLED;Lesser Earth Elemental;true;;
ELEEEL01;GIANTHUMANOID;ELEMENTAL;ELEMENTAL_EARTH;ELEMENTAL_EARTH;eleeel01;;BG2;10;;;Lesser Earth Elemental;;;
ELEFEL01;GIANTHUMANOID;ELEMENTAL;ELEMENTAL_FIRE;ELEMENTAL_FIRE_SMALL;elefel01;;BG2;10;;;Lesser Fire Elemental;;;
ELEHOB01;HUMANOID;HOBGOBLIN;FIGHTER;GOBLIN_BOW;elehob01;;STRATAGEMS;1;;;Goblin Commando;;;
ELEILL01;HUMANOID;MIND_FLAYER;MIND_FLAYER;MINDFLAYER;eleill01;eleill01;BG2;12;;;Mind Flayer;;;
ELEKOB01;HUMANOID;KOBOLD;KOBOLD;KOBOLD;elekob01;;BG2;1;;;Kobold Commando;;;
ELEKUO01;HUMANOID;KUO-TOA;KUO-TOA;KUO-TOA;elekuo01;;BG2;2;;;Kuo-toan Warrior;;;
ELEKUO02;HUMANOID;KUO-TOA;FIGHTER_THIEF;KUO-TOA;elekuo02;;BG2;5;;;Kuo-toan Whip;;;
ELEMCHAN;GIANTHUMANOID;ELEMENTAL;ELEMENTAL_AIR;ELEMENTAL_AIR;ELEMCHAN;;FAITHS_AND_POWERS;20;;CONTROLLED;Chan;true;;
ELEMCHAN;GIANTHUMANOID;ELEMENTAL;ELEMENTAL_AIR;ELEMENTAL_AIR;elemchan;;stratagems;20;;CONTROLLED;Chan;true;;
ELEMCRYO;GIANTHUMANOID;ELEMENTAL;ELEMENTAL_EARTH;GOLEM_ICE;elemcryo;;BG2;20;;;Cryonax;;;
ELEMEP01;HUMANOID;MEPHIT;MEPHIT;IMP;elemep01;;BG2;3;;;Ooze Mephit;;;
ELEMEP02;HUMANOID;MEPHIT;MEPHIT;IMP;elemep02;;BG2;3;;;Steam Mephit;;;
ELEMEP03;HUMANOID;MEPHIT;MEPHIT;IMP;elemep03;;BG2;3;;;Salt Mephit;;;
ELEMEP04;HUMANOID;MEPHIT;MEPHIT;IMP;elemep04;;BG2;3;;;Fire Mephit;;;
ELEMEP05;HUMANOID;MEPHIT;MEPHIT;IMP;elemep05;;BG2;3;;;Magma Mephit;;;
ELEMEP06;HUMANOID;MEPHIT;MEPHIT;IMP;elemep06;;BG2;3;;;Earth Mephit;;;
ELEMEP07;HUMANOID;MEPHIT;MEPHIT;IMP;elemep07;;BG2;3;;;Mineral Mephit;;;
ELEMEP08;HUMANOID;MEPHIT;MEPHIT;IMP;elemep08;;BG2;3;;;Dust Mephit;;;
ELEMHYDR;GIANTHUMANOID;ELEMENTAL;NO_CLASS;WATER_WEIRD;elemhydr;None;BG2;20;;;Olhydra;;;
ELEMIMIX;GIANTHUMANOID;ELEMENTAL;ELEMENTAL_FIRE;ELEMENTAL_FIRE;elemimix;;BG2;20;;;Imix;;;
ELEMOGRE;GIANTHUMANOID;ELEMENTAL;ELEMENTAL_EARTH;ELEMENTAL_EARTH;elemogre;;BG2;20;;;Ogremoch;;;
ELEMSUNN;GIANTHUMANOID;ELEMENTAL;ELEMENTAL_EARTH;ELEMENTAL_EARTH;ELEMSUNN;;FAITHS_AND_POWERS;20;;CONTROLLED;Sunnis;true;;
ELEMSUNN;GIANTHUMANOID;ELEMENTAL;ELEMENTAL_EARTH;ELEMENTAL_EARTH;elemsunn;;BG1;20;;CONTROLLED;Sunnis;true;;
ELEMYANC;GIANTHUMANOID;ELEMENTAL;ELEMENTAL_EARTH;ELEMENTAL_AIR;elemyanc;;BG2;20;;;Yan-C-Bin;;;
ELEMZAAM;GIANTHUMANOID;ELEMENTAL;ELEMENTAL_FIRE;ELEMENTAL_FIRE;ELEMZAAM;;FAITHS_AND_POWERS;20;;CONTROLLED;Zaaman Rul;true;;
ELEMZAAM;GIANTHUMANOID;ELEMENTAL;ELEMENTAL_FIRE;ELEMENTAL_FIRE;elemzaam;;BG1;20;;CONTROLLED;Zaaman Rul;true;;
ELEOTY01;MONSTER;OTYUGH;OTYUGH;OTYUGH;eleoty01;;BG2;12;;;Greater Otyugh;;;
ELEPUZ01;UNDEAD;SPECTRE;NO_CLASS;STATIC_NOBLE_MAN_CHAIR;elepuz01;elepuz01;BG2;4;;;Apparition;;;
ELEPUZ02;UNDEAD;SPECTRE;NO_CLASS;STATIC_NOBLE_MAN_CHAIR;elepuz02;elepuz02;BG2;4;;;Apparition;;;
ELEPUZ03;UNDEAD;SPECTRE;NO_CLASS;STATIC_NOBLE_WOMAN_CHAIR;elepuz03;elepuz03;BG2;4;;;Apparition;;;
ELEPUZ04;UNDEAD;SPECTRE;NO_CLASS;STATIC_NOBLE_WOMAN_CHAIR;elepuz04;elepuz04;BG2;4;;;Apparition;;;
ELESAH01;HUMANOID;SAHUAGIN;FIGHTER;SAHUAGIN;elesah01;;STRATAGEMS;12;;;Sahuagin Baron;;;
ELESAH02;HUMANOID;SAHUAGIN;FIGHTER;SAHUAGIN;elesah02;;STRATAGEMS;12;;;Sahuagin Baronial Guard;;;
ELETRO01;HUMANOID;TROLL;TROLL;TROLL;eletro01;None;BG2;6;;;Troll;;;
ELETRO02;HUMANOID;TROLL;TROLL;TROLL;eletro02;None;BG2;8;;;Troll Shaman;;;
ELETRO03;HUMANOID;TROLL;TROLL;TROLL;eletro01;;BG2;6;;;Troll;;;
ELFIR;GIANTHUMANOID;ELEMENTAL;ELEMENTAL_FIRE;ELEMENTAL_FIRE;None;;BG2;12;;;Fire Elemental;;;
ELFIR01;GIANTHUMANOID;ELEMENTAL;ELEMENTAL_FIRE;ELEMENTAL_FIRE;None;;BG2;12;;;Fire Elemental;;;
ELFIRG01;GIANTHUMANOID;ELEMENTAL;ELEMENTAL_FIRE;ELEMENTAL_FIRE;None;;BG2;16;;;Greater Fire Elemental;;;
ELFIRL01;GIANTHUMANOID;ELEMENTAL;ELEMENTAL_FIRE;ELEMENTAL_FIRE_SMALL;None;;BG2;8;;;Lesser Fire Elemental;;;
ELFIRPR;GIANTHUMANOID;ELEMENTAL;ELEMENTAL_FIRE;ELEMENTAL_FIRE_SMALL;None;;BG2;12;SUMMONED;CONTROLLED;Fire Elemental;true;;
ELFIRPR;GIANTHUMANOID;ELEMENTAL;ELEMENTAL_FIRE;ELEMENTAL_FIRE_SMALL;None;;BG1;12;SUMMONED;CONTROLLED;Fire Elemental;true;;
ELFIRPR2;GIANTHUMANOID;ELEMENTAL;ELEMENTAL_FIRE;ELEMENTAL_FIRE;None;;BG2;16;SUMMONED;CONTROLLED;Fire Elemental;true;;
ELFIRPR2;GIANTHUMANOID;ELEMENTAL;ELEMENTAL_FIRE;ELEMENTAL_FIRE;None;;BG1;16;SUMMONED;CONTROLLED;Greater Fire Elemental;true;;
ELFIRPR3;GIANTHUMANOID;ELEMENTAL;ELEMENTAL_FIRE;ELEMENTAL_FIRE;None;;BG2;24;SUMMONED;CONTROLLED;Fire Elemental;true;;
ELFIRPR3;GIANTHUMANOID;ELEMENTAL;ELEMENTAL_FIRE;ELEMENTAL_FIRE;None;;BG1;24;SUMMONED;CONTROLLED;Elder Fire Elemental;true;;
ELFIRSU;GIANTHUMANOID;ELEMENTAL;ELEMENTAL_FIRE;ELEMENTAL_FIRE;None;;BG2;16;SUMMONED;CONTROLLED;Fire Elemental;true;;
ELFIRSU1;GIANTHUMANOID;ELEMENTAL;ELEMENTAL_FIRE;ELEMENTAL_FIRE_SMALL;NONE;;SPELL_REV;8;SUMMONED;;Lesser Fire Elemental;true;;
ELFIRSU1;GIANTHUMANOID;ELEMENTAL;ELEMENTAL_FIRE;ELEMENTAL_FIRE_SMALL;NONE;;BG1;8;SUMMONED;;Lesser Fire Elemental;true;;
ELFIRSU2;GIANTHUMANOID;ELEMENTAL;ELEMENTAL_FIRE;ELEMENTAL_FIRE;NONE;;SPELL_REV;12;SUMMONED;;Fire Elemental;true;;
ELFIRSU2;GIANTHUMANOID;ELEMENTAL;ELEMENTAL_FIRE;ELEMENTAL_FIRE;NONE;;stratagems;12;SUMMONED;;Fire Elemental;true;;
ELFIRSU3;GIANTHUMANOID;ELEMENTAL;ELEMENTAL_FIRE;ELEMENTAL_FIRE;NONE;;SPELL_REV;16;SUMMONED;;Greater Fire Elemental;true;;
ELFIRSU3;GIANTHUMANOID;ELEMENTAL;ELEMENTAL_FIRE;ELEMENTAL_FIRE;NONE;;stratagems;16;SUMMONED;;Greater Fire Elemental;true;;
ELFIRSU4;GIANTHUMANOID;ELEMENTAL;ELEMENTAL_FIRE;ELEMENTAL_FIRE;None;;BG2;24;SUMMONED;CONTROLLED;Fire Elemental;true;;
ELFIRSU4;GIANTHUMANOID;ELEMENTAL;ELEMENTAL_FIRE;ELEMENTAL_FIRE;None;;BG1;24;SUMMONED;CONTROLLED;Elder Fire Elemental;true;;
ELFIRSUW;GIANTHUMANOID;ELEMENTAL;ELEMENTAL_FIRE;ELEMENTAL_FIRE_SMALL;None;;BG2;12;SUMMONED;CONTROLLED;Fire Elemental;true;;
ELFIRSUW;GIANTHUMANOID;ELEMENTAL;ELEMENTAL_FIRE;ELEMENTAL_FIRE_SMALL;None;;BG1;12;SUMMONED;CONTROLLED;Lesser Fire Elemental;true;;
ELMIND01;HUMANOID;MIND_FLAYER;MIND_FLAYER;MINDFLAYER;elmind01;None;BG2;12;;;Mind Flayer;;;
ELMINS;MONSTER;DOPPLEGANGER;DOPPLEGANGER_GREATER;ELMINSTER;None;elmins4;stratagems;29;;;Elminster;;;
ELMINS4;MONSTER;DOPPLEGANGER;DOPPLEGANGER_GREATER;ELMINSTER;Elmins4;elmins4;stratagems;29;;;Elminster;;;
ELWATG01;GIANTHUMANOID;ELEMENTAL;NO_CLASS;WATER_WEIRD;None;;BG2;16;;;Greater Water Elemental;;;
EMITAR3;MONSTER;DOPPLEGANGER;DOPPLEGANGER;FAT_WOMAN;EMITAR3;None;stratagems;1;;;Emissary Tar;;;
ENDDEM01;MONSTER;DEMONIC;TANARI;GLABREZU;enddem01;None;BG2;10;;;Glabrezu;;;
ENDDEM02;MONSTER;DEMONIC;TANARI;GLABREZU;enddem02;None;BG2;10;;;Glabrezu;;;
ENDDEM03;MONSTER;DEMONIC;TANARI;TANARRI;enddem03;None;BG2;10;;;Balor;;;
ENDDEM04;MONSTER;DEMONIC;TANARI;TANARRI;enddem04;None;BG2;10;;;Nabassu;;;
ENDDEM05;MONSTER;DEMONIC;TANARI;TANARRI;enddem05;None;BG2;10;;;Nabassu;;;
ENDSKE01;UNDEAD;SKELETON;SKELETON_WARRIOR;SKELETON;endske01;;BG2;9;;;Skeleton Warrior;;SkeletonWarrior;false
ENDSKE02;UNDEAD;SKELETON;SKELETON_WARRIOR;SKELETON;endske02;;BG2;9;;;Skeleton Warrior;;SkeletonWarrior;false
ENDSKE03;UNDEAD;SKELETON;SKELETON_WARRIOR;SKELETON;endske03;;BG2;9;;;Skeleton Warrior;;SkeletonWarrior;false
ENDSKE04;UNDEAD;SKELETON;SKELETON_WARRIOR;SKELETON;endske04;;BG2;9;;;Skeleton Warrior;;SkeletonWarrior;false
ENFO25;HUMANOID;PLATE;LONG_SWORD;DOOM_GUARD;ENFO25;None;BG2;1;;;;;;
ENFORAM;HUMANOID;PLATE;LONG_SWORD;DOOM_GUARD;ENFORAM;None;BG2;1;;;;;;
ERIK3;MONSTER;DOPPLEGANGER;DOPPLEGANGER;FIGHTER_MALE_HUMAN;erik3;None;stratagems;3;;;Erik;;;
ES8WATR;MONSTER;ELEMENTAL;ELEMENTAL_WATER;WATER_WEIRD;NONE;;STRATAGEMS;8;SUMMONED;;Lesser Water Elemental;true;;
ES8WATR;MONSTER;ELEMENTAL;ELEMENTAL_WATER;WATER_WEIRD;NONE;;stratagems;8;SUMMONED;;Lesser Water Elemental;true;;
CB585AN7;ANIMAL;BEAR;BEAR_BROWN;BEAR_BROWN;None;;ctb;9;;;Grizzly Bear;;GrizzlyBear;true
ESXBLADE;HUMANOID;GNOLL;GNOLL;DANCING_SWORD;NONE;;Eilistraee;10;SUMMONED;CONTROLLED;Dancing Blade;true;;
ESXCD;MONSTER;DEMONIC;TANARI;RAVER;ESXCD;ESXCD;STRATAGEMS;24;;;Chain Demon;;;
ESXLICH;UNDEAD;DEMILICH;MAGE;DEMILICH;ESXLICH;;Eilistraee;27;;;DemiLich;;;
ESXRAB;ANIMAL;RABBIT;FOOD_CREATURE;RABBIT;ESXRAB;ESXRAB;Eilistraee;1;;;Rabbit;;;
ESXSER;UNDEAD;SHADOW;FIGHTER;ELEMENTAL_AIR_SMALL;ESXSER;ESXSER;Eilistraee;3;;;Mist Creature;;;
ESXSERM;UNDEAD;ZOMBIE;NO_CLASS;ZOMBIE;ESXSERM;;Eilistraee;2;;;Deadly zombie;;;
ESXSNA;ANIMAL;NO_RACE;NO_CLASS;SNAKE;ESXSNA;NONE;Eilistraee;5;;;Child of Sseth;;;
ESXYOEA;HUMANOID;TIEFLING;BARD;MAGE_FEMALE_ELF;ESXYOEA;ESXYOEA;Eilistraee;15;;;Yoea;;;
ETTER01;MONSTER;ETTERCAP;ETTERCAP;ETTERCAP;None;;BG2;5;;;Ettercap;;Ettercap;false
ETTERC;MONSTER;ETTERCAP;ETTERCAP;ETTERCAP;None;;BG1;5;;;Ettercap;;Ettercap;true
ETTERC1;MONSTER;ETTERCAP;ETTERCAP;ETTERCAP;None;;BG1;5;;;Ettercap;;Ettercap;true
ETTERCSU;MONSTER;ETTERCAP;ETTERCAP;ETTERCAP;None;;BG2;5;SUMMONED;CONTROLLED;Ettercap;true;Ettercap;true
ETTERCSU;MONSTER;ETTERCAP;ETTERCAP;ETTERCAP;None;;BG1;5;SUMMONED;CONTROLLED;Ettercap;true;Ettercap;true
EVALT;MONSTER;LYCANTHROPE;WEREWOLF;FIGHTER_MALE_HUMAN;evalt;evalt;stratagems;5;;;Evalt;;;
EXTRAX;GENERAL_ITEM;0;0;FAT_MAN;EXTRAX;None;BG2;1;;;;;;
EYEBHL01;HUMANOID;BEHOLDER;BEHOLDER;WIZARD_EYE;eyebhl01;eyebhl01;BG2;15;;;Eye of the Beholder;;;
EYEDED01;HUMANOID;WRAITH;NO_CLASS;WIZARD_EYE;eyeded01;eyeded01;BG2;15;;;Eye of the Dead;;;
EYEEGL01;ANIMAL;NO_RACE;NO_CLASS;WIZARD_EYE;eyeegl01;eyeegl01;BG2;10;;;Eagle Eye;;;
FAIZAH;HUMANOID;STATUE;MAGE;MAGE_MALE_HUMAN;FAIZAH;FAIZAH;BG1;6;;;Statue;;;
FAMCAT;ANIMAL;CAT;THIEF;CAT;FAMCAT;FAMIL3;SPELL_REV;3;;;Cat;;;
FAMCAT;ANIMAL;CAT;THIEF;CAT;FAMCAT;FAMIL3;stratagems;3;;;Cat;;;
FAMCAT25;ANIMAL;CAT;THIEF;CAT;FAMCAT;FAMIL325;SPELL_REV;8;;;Cat;;;
FAMDOG;ANIMAL;DOG;DOG_WILD;DOG_WILD;famdog;;BG2;1;;;Wild Dog;;WildDog;false
FAMDUS25;HUMANOID;MEPHIT;MEPHIT;IMP;FAMDUST;FAMIL225;SPELL_REV;8;;;Dust Mephit;;;
FAMDUST;HUMANOID;MEPHIT;MEPHIT;IMP;FAMDUST;FAMIL2;SPELL_REV;3;;;Dust Mephit;;;
FAMDUST;HUMANOID;MEPHIT;MEPHIT;IMP;FAMDUST;FAMIL2;stratagems;3;;;Dust Mephit;;;
FAMFAI25;MONSTER;WYVERN;MAGE;WYVERN_FAMILIAR;FAMFAIR;FAMIL125;SPELL_REV;8;;;Fairy Dragon;;BabyWyvern;false
FAMFAIR;MONSTER;WYVERN;MAGE;WYVERN_FAMILIAR;FAMFAIR;FAMIL1;SPELL_REV;3;;;Fairy Dragon;;BabyWyvern;false
FAMFAIR;MONSTER;WYVERN;MAGE;WYVERN_FAMILIAR;FAMFAIR;FAMIL1;stratagems;3;;;Fairy Dragon;;BabyWyvern;false
FAMFER;ANIMAL;NO_RACE;THIEF;GROUNDHOG;FAMFER;FAMIL3;SPELL_REV;3;;;Ferret;;;
FAMFER;ANIMAL;NO_RACE;THIEF;GROUNDHOG;FAMFER;FAMIL3;stratagems;3;;;Ferret;;;
FAMFER25;ANIMAL;NO_RACE;THIEF;GROUNDHOG;FAMFER;FAMIL325;SPELL_REV;8;;;Ferret;;;
FAMFIRE;HUMANOID;MEPHIT;MEPHIT;IMP;famfire;;BG2;3;;;Fire Mephit;;;
FAMIMP;HUMANOID;IMP;IMP;IMP;FAMIMP;FAMIL2;SPELL_REV;3;;;Imp;;;
FAMIMP;HUMANOID;IMP;IMP;IMP;FAMIMP;FAMIL2;stratagems;3;;;Imp;;;
FAMIMP25;HUMANOID;IMP;IMP;IMP;FAMIMP;FAMIL225;SPELL_REV;8;;;Imp;;;
FAMLIGHT;HUMANOID;MEPHIT;MEPHIT;IMP;famlight;;BG2;3;;;Lightning Mephit;;;
FAMMIST;HUMANOID;MEPHIT;MEPHIT;IMP;fammist;;BG2;3;;;Mist Mephit;;;
FAMPSD;MONSTER;WYVERN;MAGE;WYVERN_FAMILIAR;FAMPSD;FAMIL1;SPELL_REV;3;;;Pseudo-dragon;;BabyWyvern;false
FAMPSD;MONSTER;WYVERN;MAGE;WYVERN_FAMILIAR;FAMPSD;FAMIL1;stratagems;3;;;Pseudo-dragon;;BabyWyvern;false
FAMPSD25;MONSTER;WYVERN;MAGE;WYVERN_FAMILIAR;FAMPSD;FAMIL125;SPELL_REV;8;;;Pseudo-dragon;;BabyWyvern;false
FAMQUA25;MONSTER;IMP;MAGE;IMP;FAMQUAS;FAMIL225;SPELL_REV;8;;;Quasit;;;
FAMQUAS;MONSTER;IMP;MAGE;IMP;FAMQUAS;FAMIL2;SPELL_REV;3;;;Quasit;;;
FAMQUAS;MONSTER;IMP;MAGE;IMP;FAMQUAS;FAMIL2;stratagems;3;;;Quasit;;;
FAMRAB;ANIMAL;RABBIT;THIEF;RABBIT;FAMRAB;FAMIL3;SPELL_REV;3;;;Rabbit;;;
FAMRAB;ANIMAL;RABBIT;THIEF;RABBIT;FAMRAB;FAMIL3;stratagems;3;;;Rabbit;;;
FAMRAB25;ANIMAL;RABBIT;THIEF;RABBIT;FAMRAB;FAMIL325;SPELL_REV;8;;;Rabbit;;;
FAMRAD;HUMANOID;MEPHIT;MEPHIT;IMP;famrad;;BG2;3;;;Radiant Mephit;;;
FAMWAR;ANIMAL;DOG;DOG_WAR;DOG_WAR;famwar;;BG2;2;;;War Dog;;WarDog;false
FANGEL01;MONSTER;DEMONIC;TANARI;DEVA_MONADIC;solar;None;BG2;25;;;Fallen Solar;;;
FARMWE;MONSTER;LYCANTHROPE;WEREWOLF;FIGHTER_MALE_HUMAN;Farmwe;farmwe;stratagems;1;;;Farmer;;;
FARTHI;MONSTER;LYCANTHROPE;INNOCENT;GIRL;Farthing;FARTHI;stratagems;0;;;Farthing;;;
FEAR;HUMANOID;GHOUL;GHOUL_REVEANT;FIGHTER_MALE_DWARF;fear;FEAR;BG1;1;;;Warder;;Mummy;false
FEARM;UNDEAD;GHOUL;GHOUL_REVEANT;ZOMBIE;fearm;None;VIENXAY;15;;;Fear;;Mummy;false
FGOLEM;GIANTHUMANOID;GOLEM;GOLEM_FLESH;OGRILLON;None;None;A7-GolemConstruction;9;;;Flesh Golem;;FleshGolem;true
FINABAZ;MONSTER;DRAGON;FIGHTER_MAGE;FIGHTER_MALE_HUMAN;finabaz;;STRATAGEMS;30;;;Abazigal;;;
FINABSPY;HUMANOID;NO_RACE;NO_CLASS;BIRD;cutspy;None;ascension;1;;;;;;
FINALUF;HUMANOID;DEMONIC;MAGE;FIGHTER_FEMALE_ELF;finaluf;None;ascension;12;;;Alu-Fiend;;;
FINBABAU;MONSTER;DEMONIC;THIEF;LICH_BLACK;finbabau;None;ascension;9;;;Babau;;;
FINBALOR;MONSTER;DEMONIC;TANARI;TANARRI;finbalor;;ascension;24;;;Balor;;;
FINBODH;UNDEAD;VAMPIRE;FIGHTER_THIEF;BODHI;finbodh;finbodh;STRATAGEMS;25;;;Bodhi;;;
FINCAMB2;MONSTER;DEMONIC;FIGHTER;FIGHTER_MALE_ELF;fincamb2;;ascension;20;;;Cambion;;;
FINGLAB;MONSTER;DEMONIC;TANARI;GLABREZU;finglab;None;ascension;17;;;Glabrezu;;;
FINMARIL;MONSTER;DEMONIC;TANARI;MARILITH;finmaril;;ascension;20;;;Marilith;;;
FINNABAS;MONSTER;DEMONIC;TANARI;FIEND_GREEN;finnabas;None;STRATAGEMS;12;;;Nabassu;;;
FINRAVER;GIANTHUMANOID;LICH;MIST;RAVER;slayer;;ascension;20;;;Slayer;;;
FINSOL01;MONSTER;DEMONIC;TANARI;SOLAR;finsol01;finsol01;BG2;25;;;Solar;;;
FINSOL02;GIANTHUMANOID;ELEMENTAL;ELEMENTAL_EARTH;ELEMENTAL_AIR;finsol02;;BG2;20;;;Yan-C-Bin;;;
FINSOL03;GIANTHUMANOID;ELEMENTAL;ELEMENTAL_EARTH;GOLEM_ICE;finsol03;;BG2;20;;;Cryonax;;;
FINSOL04;MONSTER;DEMONIC;NO_CLASS;DEVA_MONADIC;finsol04;None;BG2;35;;;Fallen Solar;;;
FINSOLA2;MONSTER;DEMONIC;NO_CLASS;DEVA_MONADIC;finsola2;None;ascension;35;;;Fallen Solar;;;
FINSOLA3;MONSTER;DEMONIC;NO_CLASS;DEVA_MONADIC;finsola3;None;ascension;35;;;Fallen Solar;;;
FINSOLAR;MONSTER;DEMONIC;NO_CLASS;DEVA_MONADIC;finsolar;None;ascension;35;;;Fallen Solar;;;
FINSUCC;MONSTER;DEMONIC;TANARI;SIRINE;finsucc;;ascension;12;;;Succubus;;;
FINYAGA;GIANTHUMANOID;GIANT;FIGHTER;GIANT_FIRE;finyaga;;ascension;25;;;Yaga-Shura;;;
FIRAMB01;MONSTER;LYCANTHROPE;WOLFWERE;WEREWOLF_GREATER;firamb01;firamb01;STRATAGEMS;10;;;Captain;;;
FIRAMB02;HUMANOID;HOBGOBLIN;FIGHTER;HOBGOBLIN;firamb02;firamb02;BG2;1;;;Gerg;;;
FIRAMB03;MONSTER;TROLL;TROLL;TROLL_SMALL;firamb03;firamb03;BG2;6;;;Troll;;;
FIRAMB04;MONSTER;LYCANTHROPE;WOLFWERE;FIGHTER_MALE_HUMAN;firamb01;firamb01;STRATAGEMS;10;;;Captain;;;
FIRAMB05;MONSTER;TROLL;TROLL;TROLL_SMALL;firamb05;None;BG2;6;;;Troll;;;
FIRARC01;HUMANOID;ORC;ORC;ORC_ELITE_RANGE;firarc01;;BG2;6;;;Orc Archer;;;
FIRBAN04;HUMANOID;ORC;ORC;ORC_MELEE;firban04;;BG2;6;;;Orc;;;
FIRBAN05;HUMANOID;ORC;ORC;ORC_ELITE_RANGE;firban05;;BG2;6;;;Orc;;;
FIRKRA01;ANIMAL;DRAGON;RED_DRAGON;FIGHTER_MALE_HUMAN;firkra01;firkra01;BG2;1;;;Lord Jierdan;;;
FIRKRA02;MONSTER;DRAGON;RED_DRAGON;DRAGON_RED;firkra02;firkra02;BG2;23;;;Firkraag;;;
FIRKRA03;GENERAL_ITEM;SWORD;FIGHTER;STATIC_HUMANCLERIC_MAN_CHAIR;firkra03;firkra03;ctb;1;;;Voice;;;
FIRLCH01;UNDEAD;LICH;MAGE;LICH;firlch01;firlch01;BG2;33;;;Fire Lich;;;
FIRMON01;UNDEAD;WRAITH;NO_CLASS;SIRINE;firmon01;firmon01;BG2;7;;;Banshee;;Banshee;true
FIRMON02;UNDEAD;SKELETON;SKELETON_WARRIOR;SKELETON;None;;BG2;13;;;Skeleton Warrior;;SkeletonWarrior;false
FIRMON03;MONSTER;BEHOLDER;BEHOLDER;BEHOLDER;firmon03;;BG2;8;;;Director;;;
FIRMON04;UNDEAD;GHOUL;GHOUL_REVEANT;FIGHTER_MALE_HUMAN;monfir04;monfir04;BG2;15;;;Revenant;;Mummy;false
FIRORC01;HUMANOID;ORC;FIGHTER;OROG_CHIEFTAIN;firorc01;firorc01;BUTCHERY;13;;;Chieftain DigDag;;;
FIRORC02;HUMANOID;ORC;ORC;ORC_MELEE;firorc02;firorc02;BG2;6;;;Derg the Orc;;;
FIRORC03;HUMANOID;ORC;ORC;ORC_ELITE_MELEE;firorc03;firorc03;BG2;1;;;Flaylan the Orc;;;
FIRRAK01;MONSTER;RAKSHASA;RAKSHASA;RAKSHASA;firrak01;firrak01;BG2;18;;;Ruhk Transmuter;;;
FIRRAK02;MONSTER;RAKSHASA;RAKSHASA;RAKSHASA;firrak02;firrak02;BG2;11;;;Ruhk;;;
FIRTRL01;MONSTER;TROLL;TROLL;TROLL;firtrl01;firtrl01;BG2;6;;;Troll Cook;;;
FIRWLF01;MONSTER;LYCANTHROPE;WEREWOLF;FIGHTER_MALE_HUMAN;firwlf01;firwlf01;STRATAGEMS;7;;;Grancor;;;
FIRWLF02;MONSTER;LYCANTHROPE;WEREWOLF;FIGHTER_MALE_HUMAN;firwlf02;firwlf02;STRATAGEMS;7;;;Falik;;;
FIRWRA01;UNDEAD;WRAITH;WRAITH;SHADOW;firwra01;firwra01;BG2;8;;;Greater Wraith;;;
FLIND;HUMANOID;GNOLL;GNOLL;GNOLL;None;;BG1;2;;;Flind;;;
FLINDB;HUMANOID;GNOLL;GNOLL;GNOLL;flindb;;BG1;2;;;Flind;;;
FLIND_A;HUMANOID;GNOLL;GNOLL;GNOLL;None;;BG1;2;;;Flind;;;
FLIND_B;HUMANOID;GNOLL;GNOLL;GNOLL;None;;BG1;2;;;Flind;;;
FLIND_C;HUMANOID;GNOLL;GNOLL;GNOLL;None;;BG1;2;;;Flind;;;
FLINTAL1;HUMANOID;GNOLL;GNOLL;GNOLL;None;;BG1;2;;;Flind;;;
FSDOG;ANIMAL;DOG;DOG_WAR;DOG_WAR;FSDog;FSDog;BG2;2;;;War Dog;;WarDog;false
FSDRAGON;MONSTER;DRAGON;RED_DRAGON;DRAGON_GREEN;FSdragon;fsdragon;BG2;24;;;Dragon;;;
FSGHOS;UNDEAD;SPECTRE;SPECTRE;ELEMENTAL_AIR;FSGhos;None;BG2;10;;;Ghost;;Spectre;false
FSGHOS2;UNDEAD;SPECTRE;SPECTRE;ELEMENTAL_AIR;FSGhos;None;BG2;10;;;Ghost;;Spectre;false
FSGIBB;HUMANOID;GIBBERLING;GIBBERLING;GIBBERLING;FSGibb;None;BG2;1;;;Gibberling;;;
FSGLOB;MONSTER;PLATE;NO_CLASS;BIRD;FSGlobe;FSGlobe;BG2;8;;;Globe Machine;;;
FSGOBL;HUMANOID;KOBOLD;GIBBERLING;GOBLIN_AXE;FSGoblin;None;BG2;1;;;Goblin;;;
FSHORDE1;HUMANOID;HOBGOBLIN;HOBGOBLIN;GOBLIN_ELITE_AXE;None;;BG2;1;;;Goblin;;;
FSHORDE2;HUMANOID;KOBOLD;HOBGOBLIN;GOBLIN_BOW;None;;STRATAGEMS;1;;;Goblin;;;
FSHORDE3;HUMANOID;HOBGOBLIN;HOBGOBLIN;GOBLIN_AXE;None;;BG2;1;;;Goblin;;;
FSHORDE4;HUMANOID;ORC;ORC;ORC_MELEE;None;None;BG2;4;;;Orc;;;
FSHORDE5;HUMANOID;ORC;CLERIC;ORC_SHAMAN;None;;BG2;12;;;Orc Priest;;;
FSHORDE6;HUMANOID;ORC;ORC;ORC_ELITE_RANGE;None;;BG2;5;;;Orc Archer;;;
FSMUMM;UNDEAD;GHOUL;GHOUL_REVEANT;MUMMY;FSMumm;None;BG2;7;;;Mummy;;Mummy;false
FSMUMM2;UNDEAD;GHOUL;GHOUL_REVEANT;MUMMY;FSMumm;None;BG2;7;;;Mummy;;Mummy;false
FSMUMM3;UNDEAD;GHOUL;GHOUL_REVEANT;MUMMY;FSMumm;None;BG2;7;;;Mummy;;Mummy;false
FSRIDD;HUMANOID;IMP;IMP;IMP;FSRidd;FSRidd;BG2;3;;;Imp;;;
FSSKEL;UNDEAD;SKELETON;SKELETON;SKELETON;FSSkel;None;BG2;1;;;Skeleton;;Skeleton;false
FTOWUB_C;MONSTER;LYCANTHROPE;INNOCENT;PEASANT_WOMAN;None;FTOWUB;stratagems;1;;;Commoner;;;
FTOWUB_D;MONSTER;LYCANTHROPE;INNOCENT;PEASANT_WOMAN;None;FTOWUB;stratagems;1;;;Commoner;;;
FTOWWI;MONSTER;LYCANTHROPE;INNOCENT;CLERIC_FEMALE_HUMAN;None;FTOWWI;stratagems;1;;;Commoner;;;
FTOWWI_A;MONSTER;LYCANTHROPE;INNOCENT;CLERIC_FEMALE_HUMAN;None;FTOWWI;stratagems;1;;;Commoner;;;
FTOWWI_B;MONSTER;LYCANTHROPE;INNOCENT;CLERIC_FEMALE_HUMAN;None;FTOWWI;stratagems;1;;;Commoner;;;
FTOWWI_C;MONSTER;LYCANTHROPE;INNOCENT;CLERIC_FEMALE_HUMAN;None;FTOWWI;stratagems;1;;;Commoner;;;
FTOWWI_D;MONSTER;LYCANTHROPE;INNOCENT;CLERIC_FEMALE_HUMAN;None;FTOWWI;stratagems;1;;;Commoner;;;
FTOWWI_E;MONSTER;LYCANTHROPE;INNOCENT;CLERIC_FEMALE_HUMAN;None;FTOWWI;stratagems;1;;;Commoner;;;
FUERNE;MONSTER;DOPPLEGANGER;BARD;THIEF_MALE_DWARF;FUERNEBOL;None;stratagems;3;;;Fuernebol;;;
FULLER3;MONSTER;DOPPLEGANGER;DOPPLEGANGER;FIGHTER_MALE_HUMAN;None;fuller3;stratagems;3;;;Fuller;;;
GARKLA;HUMANOID;GNOLL;GNOLL;GNOLL;GARCLAX;GARKLA;BG1;4;;;Garclax;;;
GAROCK;GIANTHUMANOID;OGRE;FIGHTER;MINOTAUR;Garock;garock;STRATAGEMS;23;;;Garock;;OgreBerserker;false
GASFORM1;MONSTER;NO_RACE;NO_CLASS;BLOB_MIST_CREATURE;None;None;BG2;1;;;Gaseous Form;;;
GASFORM2;MONSTER;NO_RACE;NO_CLASS;BLOB_MIST_CREATURE;None;None;BG2;1;;;Gaseous Form;;;
GASFORM3;MONSTER;NO_RACE;NO_CLASS;BLOB_MIST_CREATURE;None;None;BG2;1;;;Gaseous Form;;;
GASFORM4;MONSTER;NO_RACE;NO_CLASS;BLOB_MIST_CREATURE;None;None;BG2;1;;;Gaseous Form;;;
GASFORM4;MONSTER;NO_RACE;NO_CLASS;BLOB_MIST_CREATURE;gasform4;None;BG1;1;;;Gaseous Form;;;
GATEKE;HUMANOID;WOLF;WOLF;FIGHTER_MALE_HUMAN;Gatekeeper;gatewere;BG1;4;;;Gatekeeper;;Wolf;false
GATEWERE;MONSTER;LYCANTHROPE;WEREWOLF;FIGHTER_MALE_HUMAN;Gatekeeper;gatewere;stratagems;4;;;Gatekeeper;;;
GDOPP7;MONSTER;DOPPLEGANGER;DOPPLEGANGER_GREATER;DOPPLEGANGER_GREATER;GDOPP7;;stratagems;1;;;Greater Doppelganger;;;
GDOPP71;MONSTER;DOPPLEGANGER;DOPPLEGANGER_GREATER;DOPPLEGANGER_GREATER;GDOPP71;;stratagems;1;;;Greater Doppelganger;;;
GDOPP72;MONSTER;DOPPLEGANGER;DOPPLEGANGER_GREATER;DOPPLEGANGER_GREATER;GDOPP72;;stratagems;1;;;Greater Doppelganger;;;
GDOPP73;MONSTER;DOPPLEGANGER;DOPPLEGANGER_GREATER;DOPPLEGANGER_GREATER;GDOPP73;;stratagems;1;;;Greater Doppelganger;;;
GDOPP74;MONSTER;DOPPLEGANGER;DOPPLEGANGER_GREATER;DOPPLEGANGER_GREATER;GDOPP74;;stratagems;1;;;Greater Doppelganger;;;
GDOPP75;MONSTER;DOPPLEGANGER;DOPPLEGANGER_GREATER;DOPPLEGANGER_GREATER;GDOPP75;;stratagems;1;;;Greater Doppelganger;;;
GELTIK;HUMANOID;HOBGOBLIN;HOBGOBLIN;HOBGOBLIN;GELTIK;None;BG1;3;;;Geltik;;;
GEMCH01;ANIMAL;NO_RACE;NO_CLASS;CHICKEN;gemch01;GEMCH01;HERTHIMONEY;1;;;Chicken;;;
GEMCH02;ANIMAL;NO_RACE;NO_CLASS;CHICKEN;gemch02;GEMCH02;HERTHIMONEY;1;;;Chicken;;;
GENDAO01;GIANTHUMANOID;GENIE;GENIE_DAO;DJINNI;None;;BG2;8;;;Dao;;;
GENDJI01;GIANTHUMANOID;GENIE;GENIE_DJINNI;DJINNI;None;;BG2;11;;;Djinni;;;
GENDJN01;GIANTHUMANOID;GENIE;GENIE_NOBLE_DJINNI;DJINNI;None;;BG2;13;;;Noble Djinni;;;
GENEFN01;GIANTHUMANOID;GENIE;GENIE_NOBLE_EFREETI;EFREETI_NOBLE;None;;BG2;14;;;Noble Efreeti;;;
GENEFR01;GIANTHUMANOID;GENIE;GENIE_EFREETI;EFREETI_NOBLE;None;;BG2;12;;;Efreeti;;;
GENIE01;GIANTHUMANOID;GENIE;GENIE_DAO;DJINNI;None;;BG2;5;;;Genie;;;
GENIE02;GIANTHUMANOID;GENIE;GENIE_DAO;DJINNI_LEGS;None;;BG2;5;;;Genie;;;
GENIE03;GIANTHUMANOID;GENIE;GENIE_DAO;DJINNI;None;;BG2;5;;;Genie;;;
GENIE04;GIANTHUMANOID;GENIE;GENIE_DAO;DJINNI;None;;BG2;5;;;Genie;;;
GENIE1;GIANTHUMANOID;GENIE;GENIE_DAO;DJINNI;None;genie1;BG2;8;;;Genie;;;
GENPEASM;HUMANOID;NO_RACE;NO_CLASS;PEASANT_MAN;dpstat02;dpstat02;BG2;1;;;Peasant;;;
GHAST;UNDEAD;GHOUL;GHOUL_GHAST;GHAST;None;;BG1;4;;;Ghast;;Ghast;true
GHAST01;UNDEAD;GHOUL;GHOUL_GHAST;GHAST;None;;BG2;5;;;Ghast;;Ghast;true
GHASTD;UNDEAD;GHOUL;GHOUL_GHAST;GHAST;None;;BG1;4;;;Ghast;;Ghast;true
GHASTF01;UNDEAD;GHOUL;GHOUL_GHAST;GHAST;None;;BG2;6;;;Fell Ghast;;Ghast;true
GHASTF01;UNDEAD;GHOUL;GHOUL_GHAST;GHAST;None;;NTOTSC;6;;;Fell Ghast;;Ghast;true
GHASTGSU;UNDEAD;GHOUL;GHOUL_GHAST;GHAST;None;;BG2;6;SUMMONED;;Greater Ghast;true;Ghast;true
GHASTS;UNDEAD;GHOUL;GHOUL_GHAST;GHAST;None;;BG1;4;SUMMONED;CONTROLLED;Ghast;true;Ghast;true
GHASTSU;UNDEAD;SKELETON;SKELETON;SKELETON;None;;BG2;3;SUMMONED;CONTROLLED;Skeleton;true;Skeleton;true
GHASTSU;UNDEAD;SKELETON;SKELETON;SKELETON;None;;BG1;3;SUMMONED;CONTROLLED;Skeleton;true;Skeleton;true
GHJMU;MONSTER;SLIME;MUSTARD_JELLY;SLIME_MUSTARD;None;;STRATAGEMS;7;;;Mustard Jelly;;MustardJelly;false
GHOGR01;UNDEAD;GHOUL;GHOUL_GHAST;GHAST;None;;BG2;6;;;Greater Ghoul;;GhoulLord;true
GHOLOR01;UNDEAD;GHOUL;GHOUL;GHOUL;None;;BG2;7;;;Ghoul Lord;;GhoulLord;true
GHOUL;UNDEAD;GHOUL;GHOUL;GHOUL;None;;BG1;2;;;Ghoul;;Ghoul;true
GHOUL01;UNDEAD;GHOUL;GHOUL;GHOUL;None;;BG2;2;;;Ghoul;;Ghoul;true
GHOULLOR;UNDEAD;GHOUL;GHOUL_GHAST;GHAST;None;;BG1;4;;;Greater Ghoul;;GhoulLord;true
GHOULSU;UNDEAD;GHOUL;GHOUL;GHOUL;None;;BG2;2;SUMMONED;;Ghoul;true;Ghoul;true
GHOULSU;UNDEAD;GHOUL;GHOUL;GHOUL;None;;BG1;2;SUMMONED;;Ghoul;true;Ghoul;true
GIAFIR01;GIANTHUMANOID;GIANT;FIGHTER;GIANT_FIRE;None;None;BG2;21;;;Fire Giant;;;
GIANTF01;GIANTHUMANOID;GIANT;GIANT;OGRE;giantf01;None;BG2;15;;;Fire Giant;;;
GIBBER;HUMANOID;GIBBERLING;GIBBERLING;GIBBERLING;gibber;;BG1;1;;;Gibberling;;;
GIBBER01;HUMANOID;GIBBERLING;GIBBERLING;GIBBERLING;None;;BG2;1;;;Gibberling;;;
GIBBER02;HUMANOID;GIBBERLING;GIBBERLING;GIBBERLING;None;;BG1;1;;;Diseased Gibberling;;;
GIBBER2;HUMANOID;GIBBERLING;GIBBERLING;GIBBERLING;None;;BG1;1;;;Diseased Gibberling;;;
GIBBERSU;HUMANOID;GIBBERLING;GIBBERLING;GIBBERLING;None;;BG2;1;SUMMONED;;Gibberling;true;;
GIBBERSU;HUMANOID;GIBBERLING;GIBBERLING;GIBBERLING;None;;BG1;1;SUMMONED;;Gibberling;true;;
GIBBLAUR;HUMANOID;GIBBERLING;GIBBERLING;GIBBERLING;gibblaur;;BG1;1;;;Gibberling;;;
GIBMUT01;HUMANOID;GIBBERLING;GIBBERLING;GIBBERLING;None;;BG2;1;;;Mutated Gibberling;;;
GISBOMB;ANIMAL;BEETLE;NO_CLASS;BEETLE_BOMBARDIER;BeetBomb;None;STRATAGEMS;2;SUMMONED;CONTROLLED;Bombardier Beetle;true;;
GISBOMB;ANIMAL;BEETLE;NO_CLASS;BEETLE_BOMBARDIER;BeetBomb;None;stratagems;2;SUMMONED;CONTROLLED;Bombardier Beetle;true;;
GISBORB;ANIMAL;BEETLE;NO_CLASS;BEETLE_BOMBARDIER;BeetBomb;None;STRATAGEMS;5;SUMMONED;CONTROLLED;Boring Beetle;true;;
GISBORB;ANIMAL;BEETLE;NO_CLASS;BEETLE_BOMBARDIER;BeetBomb;None;stratagems;5;SUMMONED;CONTROLLED;Boring Beetle;true;;
GITH01;HUMANOID;GITHYANKI;FIGHTER;GITHYANKI;gith01;None;BG2;9;;;Warrior;;;
GITH02;HUMANOID;GITHYANKI;FIGHTER;GITHYANKI;gith02;None;BG2;9;;;Knight;;;
GITH03;HUMANOID;GITHYANKI;PALADIN;GITHYANKI;gith03;None;BG2;11;;;Anti-Paladin;;;
GITH04;HUMANOID;GITHYANKI;FIGHTER_MAGE;GITHYANKI;gith04;None;STRATAGEMS;5;;;Gish;;;
GITH05;HUMANOID;GITHYANKI;MAGE;GITHYANKI;gith05;None;BG2;8;;;Warlock;;;
GITH06;HUMANOID;GITHYANKI;FIGHTER_MAGE;GITHYANKI;gith06;None;STRATAGEMS;10;;;Captain;;;
GLADIA01;MONSTER;LYCANTHROPE;WEREWOLF;FIGHTER_MALE_HUMAN;Gatekeeper;gatewere;STRATAGEMS;4;;;Gatekeeper;;;
GLART;HUMANOID;HOBGOBLIN;HOBGOBLIN;HOBGOBLIN;CampHobg;GLART;BG1;1;;;Hobgoblin;;;
GLBEAR;MONSTER;TROLL;TROLL;BEAR_BLACK;GladiatorBear;;BG2;3;;;Troll;;;
OHBMENA3;ANIMAL;BEAR;BEAR_BROWN;BEAR_BROWN;OHBMENA3;;BG2;9;;;Grizzly Bear;;GrizzlyBear;true
GLOBSHAM;MONSTER;ELEMENTAL;ELEMENTAL_EARTH;SHAMBLING_MOUND;None;;BG2;12;SUMMONED;CONTROLLED;Shambling Mound;true;;
GLOBSHAM;MONSTER;ELEMENTAL;ELEMENTAL_EARTH;SHAMBLING_MOUND;None;;BG1;12;SUMMONED;CONTROLLED;Shambling Mound;true;;
GLOWTES2;MONSTER;NO_RACE;NO_CLASS;FIGHTER_FEMALE_HUMAN;None;None;BG1;8;;;Invisible Stalker;;;
GLOWTEST;MONSTER;NO_RACE;NO_CLASS;FIGHTER_MALE_ELF;None;None;BG1;6;;;Helmed Horror;;HelmedHorror;true
GMAYOR;UNDEAD;GHOUL;GHOUL_GHAST;GHAST;None;gmayor;BG2;5;;;Theshal;;Ghast;true
GNARL;HUMANOID;OGRE;OGRE_OGRILLON;OGRILLON;Gnarl;gnarl;BG1;5;;;Gnarl;;Ogrillon;true
GNLCAP01;HUMANOID;GNOLL;GNOLL;GNOLL;None;;BG2;4;;;Gnoll Captain;;;
GNLCAPSU;HUMANOID;GNOLL;GNOLL;GNOLL;None;;SPELL_REV;5;SUMMONED;;Gnoll Elite;true;;
GNLELI01;HUMANOID;GNOLL;GNOLL;GNOLL;None;;BG2;3;;;Gnoll Elite;;;
GNLFLI01;HUMANOID;GNOLL;GNOLL;GNOLL;None;;BG2;2;;;Flind;;;
GNLSLA01;HUMANOID;GNOLL;GNOLL;GNOLL;None;;BG2;2;;;Gnoll Slasher;;;
GNLVET01;HUMANOID;GNOLL;GNOLL;GNOLL;None;;BG2;2;;;Gnoll Veteran;;;
GNLWAR01;HUMANOID;GNOLL;GNOLL;GNOLL;None;;BG2;2;;;Gnoll;;;
GNOLL;HUMANOID;GNOLL;GNOLL;GNOLL;None;;BG1;2;;;Gnoll;;;
GNOLL01;HUMANOID;GNOLL;GNOLL;GNOLL;None;;BG2;2;;;Gnoll;;;
GNOLL02;HUMANOID;GNOLL;GNOLL;GNOLL;None;;BG1;2;;;Gnoll;;;
GNOLL03;HUMANOID;GNOLL;GNOLL;GNOLL;None;;BG1;2;;;Gnoll;;;
GNOLL04;HUMANOID;GNOLL;GNOLL;GNOLL;None;;BG1;2;;;Gnoll;;;
GNOLL05;HUMANOID;GNOLL;GNOLL;GNOLL;None;;BG1;2;;;Gnoll;;;
GNOLL2;HUMANOID;GNOLL;GNOLL;GNOLL;None;;BG1;2;;;Gnoll;;;
GNOLL3;HUMANOID;GNOLL;GNOLL;GNOLL;None;;BG1;2;;;Gnoll;;;
GNOLL5;HUMANOID;GNOLL;GNOLL;GNOLL;Gnoll5;GNOLL5;BG1;2;;;Ludrug;;;
GNOLL5A;HUMANOID;GNOLL;GNOLL;GNOLL;Gnoll5a;GNOLL5A;BG1;2;;;Gnoll;;;
GNOLLD;HUMANOID;GNOLL;GNOLL;GNOLL;None;;BG1;2;;;Gnoll;;;
GNOLLHP1;HUMANOID;GNOLL;GNOLL;GNOLL;None;;BG2;2;;;Gnoll;;;
GNOLLPER;HUMANOID;GNOLL;GNOLL;GNOLL;None;;BG1;2;;;Gnoll;;;
GNOLLSU;HUMANOID;GNOLL;GNOLL;GNOLL;None;;BG2;4;SUMMONED;;Gnoll Elite;true;;
GNOLLSU;HUMANOID;GNOLL;GNOLL;GNOLL;None;;BG1;4;SUMMONED;;Gnoll Elite;true;;
GNOLL_A;HUMANOID;GNOLL;GNOLL;GNOLL;None;;BG1;2;;;Gnoll Elite;;;
GNOLL_B;HUMANOID;GNOLL;GNOLL;GNOLL;None;;BG1;2;;;Gnoll;;;
GNOLL_BB;HUMANOID;GNOLL;GNOLL;GNOLL;gnoll_bb;;BG1;2;;;Gnoll;;;
GNOLL_C;HUMANOID;GNOLL;GNOLL;GNOLL;None;;BG1;4;;;Gnoll Chieftain;;;
GNOLL_D;HUMANOID;GNOLL;GNOLL;GNOLL;None;;BG1;2;;;Gnoll Slasher;;;
GNOLL_E;HUMANOID;GNOLL;GNOLL;GNOLL;None;;BG1;2;;;Gnoll Veteran;;;
GNOLL_EB;HUMANOID;GNOLL;GNOLL;GNOLL;gnoll_eb;;BG1;2;;;Gnoll Veteran;;;
GNOLTAL1;HUMANOID;GNOLL;GNOLL;GNOLL;None;;BG1;2;;;Gnoll Elite;;;
GNOLTAL2;HUMANOID;GNOLL;GNOLL;GNOLL;None;;BG1;2;;;Gnoll;;;
GNOLTAL3;HUMANOID;GNOLL;GNOLL;GNOLL;None;;BG1;2;;;Gnoll Slasher;;;
GNOLTAL4;HUMANOID;GNOLL;GNOLL;GNOLL;None;;BG1;2;;;Gnoll Veteran;;;
GOLADA01;GIANTHUMANOID;GOLEM;GOLEM_IRON;GOLEM_IRON;None;;BG2;18;;;Adamantite Golem;;IronGolem;false
GOLBON01;UNDEAD;SKELETON;SKELETON_WARRIOR;SKELETON_WARRIOR;None;None;BG2;14;;;Skeleton Warrior;;SkeletonWarrior;false
GOLBRA01;GIANTHUMANOID;GOLEM;GOLEM_CLAY;A7!GOLEM_BRAIN;None;;A7-GOLEMCONSTRUCTION;12;;;Brain Golem;;ClayGolem;false
GOLBUR01;GIANTHUMANOID;GOLEM;ELEMENTAL_FIRE;BURNING_MAN;None;;BG2;16;;;Burning Man;;;
GOLCLA01;GIANTHUMANOID;GOLEM;GOLEM_CLAY;GOLEM_CLAY;golcla01;;BG2;9;;;Clay Golem;;ClayGolem;false
GOLEM01;GIANTHUMANOID;GOLEM;GOLEM_CLAY;GOLEM_CLAY;None;;BG2;9;;;Clay Golem;;ClayGolem;false
GOLEMF;GIANTHUMANOID;GOLEM;GOLEM_FLESH;OGRILLON;None;;BG1;9;;;Flesh Golem;;FleshGolem;true
GOLEMF2;GIANTHUMANOID;GOLEM;GOLEM_FLESH;OGRILLON;None;;BG1;9;;;Flesh Golem;;FleshGolem;true
GOLFLE01;GIANTHUMANOID;GOLEM;GOLEM_FLESH;A7!GOLEM_FLESH_PST;None;;A7-GOLEMCONSTRUCTION;9;;;Flesh Golem;;FleshGolem;false
GOLICE01;GIANTHUMANOID;GOLEM;GOLEM_IRON;GOLEM_ICE;None;;BG2;20;;;Ice Golem;;IronGolem;false
GOLIRO01;GIANTHUMANOID;GOLEM;GOLEM_IRON;GOLEM_IRON_IWD;None;;A7-GOLEMCONSTRUCTION;18;;;Iron Golem;;IronGolem;false
GOLIROXT;GIANTHUMANOID;GOLEM;GOLEM_IRON;GOLEM_IRON_IWD;None;GOLIROXT;BUTCHERY;18;;;Iron Golem;;IronGolem;false
GOLIROXX;GIANTHUMANOID;GOLEM;GOLEM_IRON;GOLEM_IRON_IWD;None;GOLIROXX;BUTCHERY;18;;;Iron Golem;;IronGolem;false
GOLJUG01;GIANTHUMANOID;GOLEM;GOLEM_STONE;GOLEM_CLAY;None;;BG2;14;;;Juggernaut Golem;;StoneGolem;false
GOLKILL2;GIANTHUMANOID;GOLEM;GOLEM_IRON;GOLEM_IRON;None;;BG2;18;;;Adamantite Golem;;IronGolem;false
GOLMAG01;GIANTHUMANOID;GOLEM;GOLEM_CLAY;ELEMENTAL_FIRE_PURPLE;golmag01;None;BG2;10;;;Magic Golem;;ClayGolem;false
GOLSAN01;GIANTHUMANOID;GOLEM;GOLEM_CLAY;GOLEM_CLAY;None;;BG2;9;;;Sand Golem;;ClayGolem;false
GOLSTO01;GIANTHUMANOID;GOLEM;GOLEM_STONE;GOLEM_CLAY;golsto01;;BG2;14;;;Stone Golem;;StoneGolem;false
GOLSTO01;GIANTHUMANOID;GOLEM;GOLEM_STONE;GOLEM_CLAY;golsto01;;stratagems;14;;;I am quite sure that the membership of a thieves' guild would include several people capable of whatever you ask. Danger of being recognized seems a minor concern if one is able to not be seen at all. Why do you need me?;;StoneGolem;false
GONCE;UNDEAD;VAMPIRE;FIGHTER_THIEF;VAMPIRE_FEMALE;gonce;gonce;STRATAGEMS;8;;;Meredath;;;
GORAIR01;GIANTHUMANOID;ELEMENTAL;ELEMENTAL_AIR;ELEMENTAL_AIR_SMALL;gorair01;;BG2;8;;;Lesser Air Elemental;;;
GORAIR02;GIANTHUMANOID;ELEMENTAL;ELEMENTAL_AIR;ELEMENTAL_AIR;gorair02;;BG2;16;;;Greater Air Elemental;;;
GORALT1;HUMANOID;NO_RACE;NO_CLASS;STATIC_HUMANCLERIC_MAN_CHAIR;GorAlt1;GorAlt1;BG2;1;;;Guardian;;;
GORALU01;MONSTER;DEMONIC;TANARI;FIGHTER_FEMALE_ELF;goralu01;None;BG2;12;;;Alu-Fiend;;;
GORBAT1;MONSTER;DEMONIC;IMP;RAVER;GorBat1;GorBat1;STRATAGEMS;24;;;Ka'rashur;;;
GORBAT2;MONSTER;DEMONIC;IMP;FIGHTER_FEMALE_HUMAN;GorBat2;None;BG2;12;;;Erinyes;;;
GORBAT3;MONSTER;DEMONIC;IMP;CORNUGON;GorBat3;None;BG2;17;;;Cornugon;;;
GORBAT4;MONSTER;DEMONIC;IMP;IMP;GorBat4;None;BG2;7;;;Imp;;;
GORBAT5;MONSTER;DEMONIC;IMP;SKELETON_FIEND;GorBat5;None;BG2;12;;;Bone Fiend;;;
GORBEL;MONSTER;PLATE;NO_CLASS;BIRD;GorBel;GorBel;BG2;8;;;Bell Jar;;;
GORCAMB;GIANTHUMANOID;DEMONIC;TANARI;DEATH_KNIGHT;GorCamb;GorCamb;BG2;18;;;Aesgareth;;;
GORCAMB2;HUMANOID;TIEFLING;MAGE;MAGE_FEMALE_ELF;GorCamb2;gorcamb2;BG2;25;;;Tiefling;;;
GORCAMB3;HUMANOID;TIEFLING;CLERIC;CLERIC_FEMALE_ELF;GorCamb3;gorcamb2;BG2;25;;;Tiefling;;;
GORCAMB4;HUMANOID;TIEFLING;THIEF;THIEF_MALE_ELF;GorCamb4;gorcamb2;BG2;18;;;Tiefling;;;
GORCAMB5;HUMANOID;TIEFLING;FIGHTER;FIGHTER_MALE_ELF;GorCamb5;gorcamb2;BG2;21;;;Tiefling;;;
GORCAMB6;ANIMAL;CAT;CAT;GREATCAT_PANTHER;gorcamb6;None;BG2;12;;;Fell Cat;;Jaguar;false
GORCAMB7;ANIMAL;CAT;CAT;GREATCAT_PANTHER;gorcamb7;None;BG2;12;;;Fell Cat;;Jaguar;false
GORCHR;MONSTER;DEMONIC;TANARI;TANARRI;GorChr;GorChr;BG2;28;;;Chromatic Demon;;;
GORDECK1;WEAPON;HUMAN;FIGHTER;FIGHTER_MALE_HUMAN_LOW;GorDeck1;None;BG2;12;;;Fighter;;;
GORDECK2;WEAPON;HUMAN;FIGHTER;FIGHTER_MALE_HUMAN;GorDeck2;None;BG2;12;;;Fighter;;;
GORDECK3;WEAPON;HUMAN;FIGHTER;FIGHTER_MALE_HUMAN;GorDeck3;None;BG2;12;;;Fighter;;;
GORDECK4;WEAPON;HUMAN;FIGHTER;FIGHTER_MALE_HUMAN;GorDeck4;None;BG2;12;;;Fighter;;;
GORDECKB;WEAPON;GOLEM;GOLEM_IRON;GOLEM_IRON;GorDeckB;;BG2;18;;;Adamantite Golem;;IronGolem;false
GORDEM;MONSTER;DEMONIC;TANARI;TANARRI;gordem;;BG2;13;;;Balor;;;
GORDEM2;MONSTER;DEMONIC;IMP;SALAMANDER_FROST;gordem2;;BG2;11;;;Velithuu;;;
GORDEMC1;MONSTER;DEMONIC;TANARI;TANARRI;gordemc1;;BG2;13;;;Balor;;;
GORF;HUMANOID;OGRE;FIGHTER;HALF_OGRE;gorf;gorf1;BG2;9,5;;;Gorf the Squisher;;Ogre;true
GORF;GIANTHUMANOID;OGRE;OGRE;OGRE;GORF;None;BG1;9,5;;;Gorf;;Ogre;true
GORF03;HUMANOID;OGRE;FIGHTER;HALF_OGRE;gorf;gorf1;BG2;8;;;Gorf the Squisher;;Ogre;false
GORFAN;HUMANOID;NO_RACE;NO_CLASS;BIRD;GorFan;None;BG2;1;;;;;;
GORFIR01;GIANTHUMANOID;ELEMENTAL;ELEMENTAL_FIRE;ELEMENTAL_FIRE;GorFir01;;BG2;16;;;Greater Fire Elemental;;;
GORFIR02;GIANTHUMANOID;ELEMENTAL;ELEMENTAL_FIRE;ELEMENTAL_FIRE;GorFir02;;BG2;16;;;Greater Fire Elemental;;;
GORFIR03;GIANTHUMANOID;ELEMENTAL;ELEMENTAL_FIRE;ELEMENTAL_FIRE;GorFir03;;BG2;16;;;Greater Fire Elemental;;;
GORFIR04;GIANTHUMANOID;ELEMENTAL;ELEMENTAL_FIRE;ELEMENTAL_FIRE;GorFir04;;BG2;16;;;Greater Fire Elemental;;;
GORFIRG;GIANTHUMANOID;GIANT;GIANT;GIANT_FIRE;gorfirg;None;BG2;15;;;Fire Giant;;;
GORGIT;HUMANOID;GITHYANKI;PALADIN;GITHYANKI;GorGit;GorGit;STRATAGEMS;25;;;Captain;;;
GORGITC1;HUMANOID;GITHYANKI;MAGE;GITHYANKI;GorGitc1;None;BG2;10;;;Githyanki;;;
GORGITC2;HUMANOID;GITHYANKI;MAGE;GITHYANKI;GorGitc2;None;BG2;10;;;Githyanki;;;
GORGITC3;HUMANOID;GITHYANKI;MAGE;GITHYANKI;GorGitc3;None;BG2;10;;;Githyanki;;;
GORGITC4;HUMANOID;GITHYANKI;MAGE;GITHYANKI;GorGitc4;None;BG2;10;;;Githyanki;;;
GORGITH2;HUMANOID;GITHYANKI;FIGHTER;GITHYANKI;gorgith2;None;BG2;20;;;Githyanki;;;
GORGOLI;GIANTHUMANOID;GOLEM;GOLEM_IRON;GOLEM_ICE;gorgoli;;BG2;18;;;Ice Golem;;IronGolem;false
GORGRD01;GIANTHUMANOID;GOLEM;GOLEM_IRON;GOLEM_IRON_IWD;gorgrd01;;A7-GOLEMCONSTRUCTION;18;;;Guardian Golem;;IronGolem;false
GORGRD02;GIANTHUMANOID;GOLEM;GOLEM_IRON;GOLEM_IRON_IWD;gorgrd02;;A7-GOLEMCONSTRUCTION;18;;;Guardian Golem;;IronGolem;false
GORGUA01;HUMANOID;TIEFLING;MAGE;IRENICUS_ROBED;gorgua01;None;BG2;25;;;Aurumach Rilmani;;;
GORGUA02;HUMANOID;TIEFLING;FIGHTER;FIGHTER_MALE_HUMAN_LOW;gorgua02;None;BG2;15;;;Ferrumach Rilmani;;;
GORGUA03;UNDEAD;HUMAN;FIGHTER_CLERIC;CLERIC_FEMALE_HUMAN_LOW;gorgua02;None;BG2;25;;;Guardian Spirit;;;
GORGUA04;UNDEAD;HUMAN;PALADIN;FIGHTER_MALE_HUMAN_LOW;gorgua04;None;BG2;20;;;Guardian Spirit;;;
GORGUA05;UNDEAD;HUMAN;PALADIN;FIGHTER_MALE_HUMAN_LOW;gorgua04;None;BG2;20;;;Guardian Spirit;;;
GORIMP01;HUMANOID;IMP;IMP;IMP;GorImp01;GorImp01;BG2;3;;;Imp;;;
GORION3;MONSTER;DOPPLEGANGER;DOPPLEGANGER_GREATER;MAGE_MALE_HUMAN;Gorion3;gorion3;stratagems;9;;;Gorion;;;
GORJELF2;MONSTER;SLIME;MUSTARD_JELLY;SLIME_OLIVE;None;;BG2;2;;;Ooze Puddle;;MustardJelly;false
GORJELFU;MONSTER;SLIME;MUSTARD_JELLY;SLIME_OLIVE;None;;BG2;2;;;Ooze Puddle;;MustardJelly;false
GORJELGR;MONSTER;SLIME;GREEN_SLIME;SLIME_OLIVE;None;;BG2;2;;;Green Slime;;GreenSlime;false
GORKUO01;HUMANOID;KUO-TOA;KUO-TOA;KUO-TOA;None;;BG2;10;;;Kuo-toan Warrior;;;
GORKUO02;HUMANOID;KUO-TOA;KUO-TOA;KUO-TOA;None;;BG2;10;;;Kuo-toan Archer;;;
GORKUO03;HUMANOID;KUO-TOA;CLERIC_THIEF;KUO-TOA;None;;BG2;12;;;Kuo-toan Priest;;;
GORKUO04;HUMANOID;KUO-TOA;FIGHTER;KUO-TOA_LARGE;kuocap01;;BG2;16;;;Kuo-toan Captain;;;
GORKUO05;HUMANOID;KUO-TOA;FIGHTER_THIEF;KUO-TOA;None;None;BG2;8;;;Kuo-toan Whip;;;
GORLIC01;UNDEAD;LICH;MAGE;LICH;gorlic01;None;BG2;33;;;Azamantes;;;
GORLUM;MONSTER;PLATE;NO_CLASS;DOOM_GUARD;GorLum;GorLum2;Aura_BG1_2_EET;8;;;Machine of Lum the Mad;;;
GORMIM01;MONSTER;MIMIC;MIMIC;DOOM_GUARD;gormim01;None;BG2;10;;;Killer Mimic;;;
GORMIM02;MONSTER;MIMIC;MIMIC;DOOM_GUARD;gormim02;None;BG2;10;;;Killer Mimic;;;
GORMIM03;MONSTER;MIMIC;MIMIC;DOOM_GUARD;gormim03;None;BG2;10;;;Killer Mimic;;;
GORMIM04;MONSTER;MIMIC;MIMIC;DOOM_GUARD;gormim04;None;BG2;10;;;Killer Mimic;;;
GORMINC1;HUMANOID;MIND_FLAYER;MIND_FLAYER;MINDFLAYER;gorminc1;None;BG2;8;;;Mind Flayer;;;
GORMINC2;HUMANOID;MIND_FLAYER;MIND_FLAYER;MINDFLAYER;gorminc2;None;BG2;8;;;Mind Flayer;;;
GORMINC3;HUMANOID;MIND_FLAYER;MIND_FLAYER;MINDFLAYER;gorminc3;None;BG2;8;;;Mind Flayer;;;
GORMINC4;HUMANOID;MIND_FLAYER;MIND_FLAYER;MINDFLAYER;gorminc4;None;BG2;8;;;Mind Flayer;;;
GORMIND;HUMANOID;MIND_FLAYER;NO_CLASS;MINDFLAYER;gormind;None;BG2;14;;;Ulitharid;;;
GORMISTI;UNDEAD;MIST;MIST;MIST_CREATURE;None;None;BG2;12;;;Ice Mist;;;
GORMISTP;MONSTER;MIST;MIST;MIST_CREATURE;mistpo01;None;BG2;6;;;Poison Mist;;;
GORORC01;HUMANOID;ORC;ORC;ORC_MELEE;orc01;None;BG2;11;;;Orc;;;
GORORC02;HUMANOID;ORC;ORC;ORC_ELITE_RANGE;orc02;;BG2;7;;;Orc Archer;;;
GORORC03;HUMANOID;ORC;MAGE;ORC_SHAMAN;orc04;;BG2;12;;;Orc Mage;;;
GORPRI1;UNDEAD;LICH;CLERIC;LICH;gorpri1;gorpri1;BG2;25;;;Priest;;;
GORSAL;MONSTER;DRAGON;RED_DRAGON;DRAGON_RED;GorSal;GorSal;BG2;26;;;Saladrex;;;
GORSKU01;UNDEAD;LICH;MAGE;DEMILICH;None;None;BG2;20;;;Flaming Skull;;;
GORSNAKE;ANIMAL;NO_RACE;NO_CLASS;SNAKE;gorsnake;None;BG2;5;;;Giant Snake;;;
GORSPY;HUMANOID;PLATE;LONG_SWORD;BIRD;gorspy;None;BG2;1;;;;;;
GORSTA01;HUMANOID;GOLEM;FIGHTER;FIGHTER_MALE_HUMAN;gorsta01;None;STRATAGEMS;21;;;Statue;;DoomGuard;false
GORSTA02;HUMANOID;GOLEM;FIGHTER;FIGHTER_MALE_ELF;gorsta02;None;STRATAGEMS;21;;;Statue;;HelmedHorror;false
GORSTA03;HUMANOID;GOLEM;CLERIC;CLERIC_FEMALE_HUMAN;gorsta03;None;STRATAGEMS;22;;;Statue;;;
GORSTA04;HUMANOID;GOLEM;CLERIC;CLERIC_MALE_DWARF;gorsta04;None;STRATAGEMS;22;;;Statue;;;
GORSTA05;HUMANOID;GOLEM;FIGHTER;FIGHTER_FEMALE_HUMAN;gorsta05;None;STRATAGEMS;21;;;Statue;;HelmedHorror;false
GORSTA07;HUMANOID;GOLEM;THIEF;THIEF_MALE_HUMAN;gorsta07;None;STRATAGEMS;25;;;Statue;;;
GORSTA08;GIANTHUMANOID;GOLEM;GOLEM_IRON;GOLEM_IRON_IWD;gorsta08;None;A7-GOLEMCONSTRUCTION;20;;;Statue;;IronGolem;false
GORSTA09;HUMANOID;GOLEM;FIGHTER;FIGHTER_MALE_ELF;gorsta09;None;STRATAGEMS;21;;;Statue;;HelmedHorror;false
GORSTA10;MONSTER;GOLEM;UMBERHULK;GNOLL;gorsta10;None;STRATAGEMS;20;;;Statue;;;
GORSTA11;HUMANOID;GOLEM;MAGE;MAGE_FEMALE_ELF;gorsta11;None;STRATAGEMS;20;;;Statue;;;
GORSTA12;GIANTHUMANOID;GOLEM;ELEMENTAL_FIRE;OGRE;gorsta12;None;STRATAGEMS;20;;;Statue;;;
GORSTALK;MONSTER;HUMAN;NO_CLASS;DOOM_GUARD;gorstalk;;BG2;8;;;Guardian of Air;;;
GORSUC01;MONSTER;DEMONIC;TANARI;SIRINE;gorsuc01;gorsuc01;BG2;12;;;Succubus;;;
GORTAN1;MONSTER;DEMONIC;TANARI;TANARRI;GorTan1;GorTan1;BG2;24;;;Tahazzar;;;
GORTAN2;MONSTER;DEMONIC;TANARI;SIRINE;GorTan2;None;BG2;12;;;Succubus;;;
GORTAN3;MONSTER;DEMONIC;TANARI;DROW_FEMALE;GorTan3;None;BG2;15;;;Yochlol;;;
GORTAN4;MONSTER;DEMONIC;TANARI;GLABREZU;GorTan4;None;BG2;17;;;Glabrezu;;;
GORTAN5;MONSTER;DEMONIC;TANARI;IMP;GorTan5;None;BG2;8;;;Quasit;;;
GORTAN6;MONSTER;DEMONIC;TANARI;LICH_BLACK;GorTan6;None;BG2;10;;;Maurezhi;;;
GORTOR1;MONSTER;PLATE;NO_CLASS;DOOM_GUARD;GorTor1;GorTor1;BG2;8;;;Torch;;;
GORTOR2;MONSTER;PLATE;NO_CLASS;DOOM_GUARD;GorTor2;GorTor2;BG2;8;;;Torch;;;
GORTOR3;MONSTER;PLATE;NO_CLASS;DOOM_GUARD;GorTor3;GorTor3;BG2;8;;;Torch;;;
GORTOR4;MONSTER;PLATE;NO_CLASS;DOOM_GUARD;GorTor4;GorTor4;BG2;8;;;Torch;;;
GORTOR5;MONSTER;PLATE;NO_CLASS;DOOM_GUARD;GorTor5;GorTor5;BG2;8;;;Torch;;;
GORTOR6;MONSTER;PLATE;NO_CLASS;DOOM_GUARD;GorTor6;GorTor6;BG2;8;;;Torch;;;
GORWOM01;MONSTER;DEMONIC;TANARI;SIRINE;GorWom01;None;BG2;12;;;Nalmissra;;;
GORWOM02;MONSTER;DEMONIC;RANGER;FIGHTER_FEMALE_HUMAN;gorwom02;None;BG2;23;;;The Huntress;;;
GORWOM03;MONSTER;DEMONIC;TANARI;MARILITH;GorWom03;gorwom03;BG2;20;;;Y'tossi;;;
GORWOM05;MONSTER;BEHOLDER;MAGE;BEHOLDER;GorWom05;GorWom05;STRATAGEMS;20;;;Hive Mother;;;
GORWOM06;HUMANOID;DEMONIC;FIGHTER;FIGHTER_FEMALE_HUMAN;GorWom06;GorWom06;BG2;25;;;Xei Win Toh;;;
GORWOWE;MONSTER;LYCANTHROPE;WOLFWERE;WEREWOLF_GREATER;None;None;STRATAGEMS;7;;;Wolfwere;;;
GPDOG1;ANIMAL;DOG;DOG_WAR;DOG_WAR;famwar;;BG2;4;;;War Dog;;WarDog;false
GPFAM1;HUMANOID;MEPHIT;MEPHIT;IMP;None;;BG2;3;;;Pitch;;;
GPFIGHT1;HUMANOID;OGRE;FIGHTER;OGRE;gpfight1;gpfight1;BG2;16;;;Boz;;OgreBerserker;false
GPSIMB;HUMANOID;HOBGOBLIN;HOBGOBLIN;GOBLIN_BOW;gpsimb;gpsimb;BG2;12;;;Simbja;;;
GPSKEL1;UNDEAD;SKELETON;SKELETON;SKELETON;gpskel1;;BG2;5;SUMMONED;;Skeleton;true;Skeleton;false
GRAE;GIANTHUMANOID;TROLL;TROLL;TROLL;Grae;grae;BG2;6;;;Grae;;;
GRAEL;UNDEAD;GHOUL;GHOUL_GHAST;GHAST;None;GRAEL;BG1;4;;;Grael;;Ghast;true
GRHOG01;ANIMAL;NO_RACE;FOOD_CREATURE;GROUNDHOG;None;None;BG2;1;;;Groundhog;;;
GRHOG01;ANIMAL;NO_RACE;FOOD_CREATURE;GROUNDHOG;;;BG1;1;;;Groundhog;;;
GROMG02;HUMANOID;ORC;FIGHTER;ORC_MELEE;gromg02;gromg02;BG2;10;;;Il-Khan Soldier;;;
GROMG07;HUMANOID;ORC;FIGHTER;ORC_MELEE;gromg07;None;BG2;20;;;Il-Khan Soldier;;;
GROMMIN;MONSTER;GIANT;CLERIC;MINOTAUR;grommin;;ascension;16;;;Minotaur Battle Priest;;;
GRON;UNDEAD;GHOUL;GHOUL_GHAST;GHAST;None;gron;BG2;6;;;Theshal;;Ghast;false
GRREVEN;UNDEAD;GHOUL;GHOUL_REVEANT;ZOMBIE;GRREVEN;grreven;BG2;8;;;Revenant;;Mummy;false
GRSKEL1;UNDEAD;SKELETON;SKELETON_WARRIOR;SKELETON_WARRIOR;None;grskel1;BG2;9;;;Skeleton Warrior;;SkeletonWarrior;true
GRSKEL2;UNDEAD;SKELETON;SKELETON_WARRIOR;SKELETON_WARRIOR;None;grskel2;BG2;9;;;Skeleton Warrior;;SkeletonWarrior;true
GRTOMB01;UNDEAD;SKELETON;SKELETON_WARRIOR;SKELETON_MONSTER;None;;BG2;9;;;Skeleton Warrior;;SkeletonWarrior;true
GRVLCH01;UNDEAD;LICH;MAGE;LICH;grvlch01;grvlch01;BG2;30;;;Lich;;;
GTCIT1;UNDEAD;GHOUL;GHOUL;GHOUL;None;Gtcit1;BG2;2;;;Ghoul;;Ghoul;true
GTCIT2;UNDEAD;GHOUL;GHOUL;GHOUL;None;Gtcit2;BG2;2;;;Ghoul;;Ghoul;true
GTCIT3;UNDEAD;ZOMBIE;ZOMBIE_NORMAL;ZOMBIE;None;Gtcit3;BG2;2;;;Zombie;;;
GTCIT4;UNDEAD;ZOMBIE;ZOMBIE_NORMAL;ZOMBIE;None;Gtcit4;BG2;2;;;Zombie;;;
GTCIT5;UNDEAD;ZOMBIE;ZOMBIE_NORMAL;ZOMBIE;None;Gtcit5;BG2;2;;;Zombie;;;
GV#CORPS;DEAD;HUMAN;MAGE;FIGHTER_MALE_HUMAN;GV#CORPS;NONE;GLAMNPCPACK;1;;;Corpse;;;
GV#SPID;MONSTER;SPIDER;SPIDER_HUGE;SPIDER_SMALL;BPSPID01;;GLAMNPCPACK;5;;;Spider;;SwordSpider;true
GV#THUN;ANIMAL;CAT;MAGE_THIEF;CAT;GV#THUN;GV#THUN;GLAMNPCPACK;3;;;Thundercat;;;
GV#THUN2;ANIMAL;CAT;MAGE_THIEF;CAT;GV#THUN2;GV#THUN;GLAMNPCPACK;3;;;Thundercat;;;
G_PISPY;HUMANOID;NO_RACE;NO_CLASS;DOOM_GUARD;g_pispy;None;tnt;1;;;;;;
HACK;GIANTHUMANOID;OGRE;OGRE;OGRE;HACK;HACK;BG1;11;;;Hack;;Ogre;true
HAER10;HUMANOID;TIEFLING;BARD;CLERIC_MALE_ELF;HaerDalis;Haerda;BG2;10;;;Haer'Dalis;;;
HAER11;HUMANOID;TIEFLING;BARD;CLERIC_MALE_ELF;HaerDalis;Haerda;BG2;11;;;Haer'Dalis;;;
HAER13;HUMANOID;TIEFLING;BARD;CLERIC_MALE_ELF;HaerDalis;HaerDa;BG2;13;;;Haer'Dalis;;;
HAER15;HUMANOID;TIEFLING;BARD;CLERIC_MALE_ELF;HaerDalis;HaerDa;BG2;15;;;Haer'Dalis;;;
HAER19;HUMANOID;TIEFLING;BARD;CLERIC_MALE_ELF;HaerDalis;HaerD25a;BG2;15;;;Haer'Dalis;;;
HAIRTO;HUMANOID;OGRE;OGRE_OGRILLON;OGRILLON;Hairtooth;hairto;BG1;5;;;Hairtooth;;Ogrillon;true
HAKSU;MONSTER;MIST;MIST;MIST_CREATURE;None;;SPELL_REV;12;SUMMONED;;Hakeashar;true;;
HAKSU;MONSTER;MIST;MIST;MIST_CREATURE;None;;stratagems;12;SUMMONED;;Hakeashar;true;;
HAKT;HUMANOID;HOBGOBLIN;HOBGOBLIN;HOBGOBLIN;HAKT;None;BG1;5;;;Hakt;;;
HAMASU;HUMANOID;FAIRY;DRUID;SIRINE;None;none;SPELL_REV;4;SUMMONED;;Hamadryad;true;Nymph;false
HDRAGRED;MONSTER;DRAGON;SHADOW_DRAGON;DRAGON_BLACK;hdragred;None;BG2;23;;;Dragon;;;
HDRAGSIL;MONSTER;DRAGON;SILVER_DRAGON;DRAGON_SILVER;hdragsil;hdragsil;d0questpack;23;;;Dragon;;;
HELLBEH1;MONSTER;BEHOLDER;BEHOLDER;BEHOLDER;hellbeh1;;BG2;9;;;Elder Orb;;;
HELLBEH2;MONSTER;BEHOLDER;BEHOLDER;BEHOLDER;hellbeh2;;BG2;9;;;Elder Orb;;;
HELLFEAR;MONSTER;DEMONIC;TANARI;TANARRI;hellfear;hellfear;BG2;10;;;Fear;;;
HELLGEN;GIANTHUMANOID;GENIE;GENIE_NOBLE_EFREETI;DJINNI;hellgen;hellgen;BG2;13;;;Enslaved Genie;;;
HELLGEN2;GIANTHUMANOID;GENIE;GENIE_NOBLE_EFREETI;DJINNI;hellgen;HELLGEN;d0questpack;13;;;Enslaved Genie;;;
HELLGREE;MONSTER;DEMONIC;TANARI;TANARRI;hellgree;hellgree;BG2;10;;;Greed;;;
HELLHO01;ANIMAL;DOG;DOG_WAR;WOLF_DIRE;None;;BG2;7;;;Hell Hound;;WarDog;false
HELLIL01;ANIMAL;DOG;DOG_WAR;WOLF_DIRE;None;;BG2;7;;;Hell Hound;;WarDog;false
HELLPRID;MONSTER;DEMONIC;TANARI;TANARRI;hellprid;hellprid;BG2;10;;;Pride;;;
HELLSELF;MONSTER;DEMONIC;TANARI;TANARRI;hellself;HELLSELF;d0questpack;10;;;Selfishness;;;
HELLSLAY;GIANTHUMANOID;DEMONIC;FIGHTER_MAGE;SLAYER;hellslay;helljon;STRATAGEMS;20;;;Slayer;;;
HELLSPY;HUMANOID;PLATE;LONG_SWORD;BIRD;hellspy;None;BG2;1;;;;;;
HELLSPY2;HUMANOID;NO_RACE;NO_CLASS;BIRD;hellspy2;None;BG2;1;;;;;;
HELLSPY3;HUMANOID;NO_RACE;NO_CLASS;BIRD;hellspy3;None;BG2;1;;;;;;
HELLSPY4;HUMANOID;NO_RACE;NO_CLASS;BIRD;hellspy4;None;BG2;1;;;;;;
HELLSPY5;HUMANOID;NO_RACE;NO_CLASS;BIRD;hellspy5;None;BG2;1;;;;;;
HELLSPY6;HUMANOID;NO_RACE;NO_CLASS;BIRD;hellspy6;None;BG2;1;;;;;;
HELMHO;MONSTER;GOLEM;GOLEM_IRON;DOOM_GUARD;None;None;BG1;6;;;Helmed Horror;;HelmedHorror;true
HGBER01;GIANTHUMANOID;GIANT;CLERIC;GIANT_FIRE;hgber01;yagber;BG2;26;;;Berenn;;;
HGFEL01;ANIMAL;CAT;CAT;GREATCAT_PANTHER;hgfel01;None;BG2;12;;;Fell Cat;;Jaguar;false
HGMAG01;GIANTHUMANOID;GIANT;MAGE;GIANT_FIRE;hgmag01;;BG2;18;;;Fire Giant Mage;;;
HGMAG02;GIANTHUMANOID;GIANT;MAGE;GIANT_FIRE;hgmag02;;BG2;18;;;Fire Giant Mage;;;
HGMIS01;UNDEAD;WRAITH;MIST;MIST_CREATURE;hgmis01;None;BG2;15;;;Vampiric Wraith;;;
HGMIS02;UNDEAD;WRAITH;MIST;MIST_CREATURE;hgmis02;None;BG2;16;;;Swamp Horror;;;
HGMND2;GIANTHUMANOID;ELEMENTAL;ELEMENTAL_EARTH;SHAMBLING_MOUND;Smound;;BG2;20;;;Shambling Mound;;;
HGMOUND;GIANTHUMANOID;ELEMENTAL;ELEMENTAL_EARTH;SHAMBLING_MOUND;Smound;;BG2;20;;;Shambling Mound;;;
HGNYMPH;HUMANOID;FAIRY;FAIRY_NYMPH;SIRINE;None;None;BG2;5;;;Nymph;;Nymph;true
HGSAL01;MONSTER;SALAMANDER;ELEMENTAL_FIRE;SALAMANDER_FIRE;None;None;BG2;10;;;Fire Salamander;;;
HGSAL01;MONSTER;ELEMENTAL;ELEMENTAL_FIRE;SALAMANDER_FIRE;None;None;NTOTSC;10;;;Fire Salamander;;;
HGSKL01;UNDEAD;SKELETON;CLERIC;SKELETON_MONSTER;hgskl01;hgskl01;BG2;25;;;Skeleton Cleric;;Skeleton;false
HGSKL02;UNDEAD;SKELETON;THIEF;SKELETON;hgskl02;hgskl02;BG2;24;;;Skeleton Assassin;;Skeleton;false
HGSKL03;UNDEAD;SKELETON;MAGE;SKELETON;hgskl03;None;BG2;20;;;Skeleton Mage;;Skeleton;false
HGSKL04;UNDEAD;SKELETON;SKELETON_WARRIOR;SKELETON_WARRIOR;hgskl04;skelwa01;BG2;20;;;Skeleton Warrior;;SkeletonWarrior;true
HGSKU01;UNDEAD;LICH;MAGE;DEMILICH;hgsku01;None;BG2;20;;;Flaming Skull;;;
HGTRL01;GIANTHUMANOID;TROLL;TROLL;TROLL;hgtrl01;;BG2;11;;;Fire Troll;;;
HGTRL02;GIANTHUMANOID;TROLL;TROLL;TROLL;hgtrl02;;BG2;11;;;Fire Troll;;;
HGWAR01;GIANTHUMANOID;GIANT;FIGHTER;GIANT_FIRE;hgwar01;None;BG2;15;;;Fire Giant;;;
HGWAR02;GIANTHUMANOID;GIANT;FIGHTER;GIANT_FIRE;hgwar02;None;BG2;23;;;Elite Fire Giant;;;
HGWRA01;UNDEAD;WRAITH;MAGE;MAGE_MALE_HUMAN;hgwra01;hgwra01;BG2;30;;;Gorion;;;
HGWRA02;UNDEAD;WRAITH;WRAITH;SHADOW;hgwra02;hgwra02;BG2;15;;;Devil Shade;;;
HGWRA03;UNDEAD;WRAITH;WRAITH;SHADOW;hgwra02;hgwra02;BG2;15;;;Devil Shade;;;
HIDDEN;HUMANOID;MIND_FLAYER;MIND_FLAYER;MONK_MALE_HUMAN;None;hidden;BG2;12;;;Hidden;;;
HLDEMI;UNDEAD;DEMILICH;MAGE;DEMILICH;hldemi;hldemi;BG2;30;;;Kangaxx the Demilich;;;
HLHIVE;MONSTER;BEHOLDER;MAGE;BEHOLDER;hlhive;hlhive;STRATAGEMS;9;;;Hive Mother;;;
HLKANG;UNDEAD;LICH;MAGE;LICH;hlkang;hlkang;BG2;30;;;Kangaxx the Lich;;;
HLLICH;UNDEAD;LICH;MAGE;LICH;hllich;hllich;BG2;30;;;Elemental Lich;;;
HLMAFER;HUMANOID;GNOLL;FIGHTER;MINOTAUR;hlmafer;hlmafer;BG2;17;;;Maferan;;;
HLOLAF;HUMANOID;ORC;FIGHTER;OROG_ELITE;hlolaf;hlolaf;BG2;17;;;Olaf Rassmusen;;;
HLORB;MONSTER;BEHOLDER;BEHOLDER;BEHOLDER;None;;BG2;9;;;Elder Orb;;;
HLSHADE;UNDEAD;LICH;MAGE;LICH;hlshade;hlshade;BG2;30;;;Shade Lich;;;
HLSHANG;UNDEAD;LICH;MAGE;LICH;hlshang;hlshang;BG2;29;;;Shangalar;;;
HLSHYR;UNDEAD;VAMPIRE;FIGHTER_THIEF;VAMPIRE_FEMALE;hlshyr;hlshyr;STRATAGEMS;13;;;Shyressa;;;
HLSKULL;UNDEAD;LICH;FIGHTER;MAGE_MALE_HUMAN;hlskull;hlskull;BG2;4;;;Golden Skull;;;
HLVAXAL;MONSTER;BEHOLDER;BEHOLDER;BEHOLDER;hlvaxal;hlvaxal;BG2;20;;;Vaxall;;;
HOBARC01;HUMANOID;HOBGOBLIN;HOBGOBLIN;HOBGOBLIN;hobarc01;;STRATAGEMS;1;;;Hobgoblin Archer;;;
HOBARC02;HUMANOID;HOBGOBLIN;RANGER;HOBGOBLIN;hobarc02;;BG2;2;;;Hobgoblin Archer;;;
HOBARCSU;HUMANOID;HOBGOBLIN;FIGHTER;HOBGOBLIN;None;;SPELL_REV;2;SUMMONED;;Hobgoblin Archer;true;;
HOBCAP01;HUMANOID;HOBGOBLIN;HOBGOBLIN;HOBGOBLIN;HobgoblinLeader;;STRATAGEMS;5;;;Hobgoblin Captain;;;
HOBCHIL1;HUMANOID;HOBGOBLIN;HOBGOBLIN;HOBGOBLIN;None;;BG1;1;;;Hobgoblin;;;
HOBCHIL2;HUMANOID;HOBGOBLIN;HOBGOBLIN;HOBGOBLIN;None;None;BG1;3;;;Hobgoblin Elite;;;
HOBELI01;HUMANOID;HOBGOBLIN;HOBGOBLIN;HOBGOBLIN;None;None;BG2;4;;;Hobgoblin Elite;;;
HOBELITE;HUMANOID;HOBGOBLIN;FIGHTER;HOBGOBLIN;None;None;stratagems;3;;;Hobgoblin Elite;;;
HOBGBEG1;HUMANOID;HOBGOBLIN;HOBGOBLIN;HOBGOBLIN;None;;BG1;1;;;Hobgoblin;;;
HOBGBEG2;HUMANOID;HOBGOBLIN;HOBGOBLIN;HOBGOBLIN;None;;BG1;1;;;Hobgoblin;;;
HOBGBEG3;HUMANOID;HOBGOBLIN;HOBGOBLIN;HOBGOBLIN;None;;BG1;1;;;Hobgoblin;;;
HOBGBEG4;HUMANOID;HOBGOBLIN;HOBGOBLIN;HOBGOBLIN;None;;BG1;1;;;Hobgoblin;;;
HOBGBEG5;HUMANOID;HOBGOBLIN;HOBGOBLIN;HOBGOBLIN;None;;BG1;1;;;Hobgoblin;;;
HOBGBEG6;HUMANOID;HOBGOBLIN;HOBGOBLIN;HOBGOBLIN;None;;BG1;1;;;Hobgoblin;;;
HOBGBEG7;HUMANOID;HOBGOBLIN;HOBGOBLIN;HOBGOBLIN;None;;BG1;1;;;Hobgoblin;;;
HOBGBEG8;HUMANOID;HOBGOBLIN;HOBGOBLIN;HOBGOBLIN;None;;BG1;1;;;Hobgoblin;;;
HOBGBEG9;HUMANOID;HOBGOBLIN;HOBGOBLIN;HOBGOBLIN;None;None;BG1;3;;;Hobgoblin Elite;;;
HOBGO2;HUMANOID;HOBGOBLIN;HOBGOBLIN;HOBGOBLIN;None;;BG1;1;;;Hobgoblin;;;
HOBGO3;HUMANOID;HOBGOBLIN;HOBGOBLIN;HOBGOBLIN;None;;BG1;1;;;Hobgoblin;;;
HOBGO4;HUMANOID;HOBGOBLIN;HOBGOBLIN;HOBGOBLIN;None;;BG1;1;;;Hobgoblin;;;
HOBGO5;HUMANOID;HOBGOBLIN;HOBGOBLIN;HOBGOBLIN;None;HOBGO5;BG1;1;;;Hobgoblin;;;
HOBGO6;HUMANOID;HOBGOBLIN;HOBGOBLIN;HOBGOBLIN;None;;BG1;1;;;Hobgoblin;;;
HOBGOA_A;HUMANOID;HOBGOBLIN;HOBGOBLIN;HOBGOBLIN;None;;BG1;1;;;Hobgoblin;;;
HOBGOA_B;HUMANOID;HOBGOBLIN;HOBGOBLIN;HOBGOBLIN;None;;BG1;1;;;Hobgoblin;;;
HOBGOA_C;HUMANOID;HOBGOBLIN;HOBGOBLIN;HOBGOBLIN;None;;BG1;1;;;Hobgoblin;;;
HOBGOA_D;HUMANOID;HOBGOBLIN;HOBGOBLIN;HOBGOBLIN;None;;BG1;1;;;Hobgoblin;;;
HOBGOA_E;HUMANOID;HOBGOBLIN;HOBGOBLIN;HOBGOBLIN;None;;BG1;1;;;Hobgoblin;;;
HOBGOB;HUMANOID;HOBGOBLIN;HOBGOBLIN;HOBGOBLIN;None;;BG1;1;;;Hobgoblin;;;
HOBGOB01;HUMANOID;HOBGOBLIN;HOBGOBLIN;HOBGOBLIN;None;;BG2;1;;;Gerg;;;
HOBGOB03;HUMANOID;HOBGOBLIN;HOBGOBLIN;HOBGOBLIN;None;;BG1;1;;;Hobgoblin;;;
HOBGOB04;HUMANOID;HOBGOBLIN;HOBGOBLIN;HOBGOBLIN;None;;BG1;1;;;Hobgoblin;;;
HOBGOB05;HUMANOID;HOBGOBLIN;HOBGOBLIN;HOBGOBLIN;None;;BG1;1;;;Hobgoblin;;;
HOBGOBA;HUMANOID;HOBGOBLIN;HOBGOBLIN;HOBGOBLIN;None;;BG1;1;;;Hobgoblin;;;
HOBGOBC;HUMANOID;HOBGOBLIN;HOBGOBLIN;HOBGOBLIN;CampHobgoblin;dw#hobgc;stratagems;4;;;Chill Hobgoblin;;;
HOBGOBSU;HUMANOID;HOBGOBLIN;HOBGOBLIN;HOBGOBLIN;None;None;BG2;1,4;SUMMONED;CONTROLLED;Hobgoblin Elite;true;;
HOBGOBSU;HUMANOID;HOBGOBLIN;HOBGOBLIN;HOBGOBLIN;None;;BG1;1,4;SUMMONED;CONTROLLED;Hobgoblin Elite;true;;
HOBGOB_A;HUMANOID;HOBGOBLIN;HOBGOBLIN;HOBGOBLIN;None;;BG1;1;;;Hobgoblin;;;
HOBGOB_B;HUMANOID;HOBGOBLIN;HOBGOBLIN;HOBGOBLIN;None;;BG1;1;;;Hobgoblin;;;
HOBGOB_C;HUMANOID;HOBGOBLIN;HOBGOBLIN;HOBGOBLIN;None;;BG1;1;;;Hobgoblin;;;
HOBGOB_D;HUMANOID;HOBGOBLIN;HOBGOBLIN;HOBGOBLIN;None;;BG1;1;;;Hobgoblin;;;
HOBGOB_E;HUMANOID;HOBGOBLIN;HOBGOBLIN;HOBGOBLIN;None;;BG1;1;;;Hobgoblin;;;
HOBGOD;HUMANOID;HOBGOBLIN;HOBGOBLIN;HOBGOBLIN;None;HOBGOD;BG1;1;;;Hobgoblin;;;
HOBGZHUR;HUMANOID;HOBGOBLIN;HOBGOBLIN;HOBGOBLIN;hobgzhur;;BG1;1;;;Hobgoblin;;;
HOBJOIA;HUMANOID;HOBGOBLIN;HOBGOBLIN;HOBGOBLIN;None;;BG1;1;;;Hobgoblin;;;
HOBSHA01;HUMANOID;HOBGOBLIN;CLERIC;HOBGOBLIN;hobsha01;;BG2;3;;;Hobgoblin Shaman;;;
HOBSHASU;HUMANOID;HOBGOBLIN;CLERIC;HOBGOBLIN;None;;SPELL_REV;4;SUMMONED;;Hobgoblin Shaman;true;;
HOBWAR01;HUMANOID;HOBGOBLIN;FIGHTER;HOBGOBLIN;hobwar01;;BG2;1;;;Hobgoblin Warrior;;;
HOBWIZ01;HUMANOID;HOBGOBLIN;MAGE;HOBGOBLIN;hobwiz01;;BG2;5;;;Hobgoblin Wizard;;;
HORSE;ANIMAL;NO_RACE;NO_CLASS;HORSE;None;None;BG2;1;;;Horse;;;
HORSE;ANIMAL;NO_RACE;NO_CLASS;HORSE;None;None;BG1;1;;;Horse;;;
HSPECTR1;UNDEAD;ELF;NO_CLASS;CLERIC_FEMALE_ELF;spech1;spech1;BG2;10;;;Spectral Harpist;;;
HSPECTR2;UNDEAD;HUMAN;NO_CLASS;FIGHTER_MALE_HUMAN;spech2;spech2;BG2;10;;;Spectral Harpist;;;
HSPECTR3;UNDEAD;ELF;NO_CLASS;MAGE_MALE_ELF;spech3;spech3;BG2;10;;;Spectral Harpist;;;
HULL3;MONSTER;DOPPLEGANGER;DOPPLEGANGER;FIGHTER_MALE_HUMAN;Hull;hull3;stratagems;3;;;Hull;;;
H_CATCAC;ANIMAL;CAT;CAT;CAT;h_catcac;None;GORGON;1;;;Shadow;;Jaguar;false
H_KATREC;HUMANOID;FAIRY;0;SIRINE;h_katrec;H_KATRED;GORGON;2;;;Katreda;;Dryad;true
H_SNAK2C;ANIMAL;NO_RACE;NO_CLASS;SNAKE;h_snak2c;None;GORGON;5;;;"Baldwin ""The Butcher"" Glendale";;;
H_SNAKEC;ANIMAL;NO_RACE;HUNTER_CREATURE;SNAKE;h_snakec;;GORGON;4;;;Snake;;;
I#VYOCH;GIANTHUMANOID;DEMONIC;NO_CLASS;TANARRI;i#vyoch;i#vyoch;VICONIA;9;;;Yochlol;;;
ICBONE01;GIANTHUMANOID;GOLEM;GOLEM_STONE;SKELETON_FIEND;icbone01;;BG2;14;;;Bone Golem;;BoneGolem;false
ICFUNG02;MONSTER;NO_RACE;NO_CLASS;SHRIEKER;icfung02;;BG2;6;;;Spore Colony;;;
ICFUNGUS;MONSTER;NO_RACE;NO_CLASS;SHRIEKER;icfungus;;BG2;6;;;Spore Colony;;;
ICGOB01;HUMANOID;KOBOLD;HOBGOBLIN;GOBLIN_BOW;None;;STRATAGEMS;1;;;Goblin;;;
ICGOB02;HUMANOID;KOBOLD;HOBGOBLIN;GOBLIN_ELITE_BOW;None;;STRATAGEMS;1;;;Goblin;;;
ICGOB03;HUMANOID;KOBOLD;HOBGOBLIN;GOBLIN_AXE;None;;BG2;1;;;Goblin;;;
ICGOB04;HUMANOID;KOBOLD;HOBGOBLIN;GOBLIN_ELITE_AXE;None;;BG2;1;;;Goblin Captain;;;
ICHARY;UNDEAD;SKELETON;SKELETON_WARRIOR;SKELETON;ICHARYD;ichary;BG1;15;;;Icharyd;;SkeletonWarrior;true
ICLIZ01;HUMANOID;YUANTI;FIGHTER;LIZARD_MAN_ELITE;None;;BG2;2;;;Lizard Man;;;
ICLIZ02;HUMANOID;YUANTI;FIGHTER;LIZARD_KING;None;;BG2;2;;;Gorkale;;;
ICMARILI;MONSTER;DEMONIC;TANARI;FIRE_RING;icmarili;icmarili;BG2;12;;;Marilith;;;
ICMIN01;GIANTHUMANOID;OGRE;OGRE;MINOTAUR;Ogre;;BG2;4;;;Minotaur;;Ogre;false
ICMYC01;MONSTER;MYCONID;NO_CLASS;MYCONID_RED;icmyc01;;BG2;6;;;Myconid;;;
ICMYC01;MONSTER;MYCONID;NO_CLASS;MYCONID_RED;icmyc01;;BG1;6;;;Myconid;;;
ICMYC02;MONSTER;MYCONID;NO_CLASS;MYCONID_BLUE;ICMYC02;;BG2;6;;;Myconid King;;;
ICSALCOL;MONSTER;SALAMANDER;ELEMENTAL_WATER;SALAMANDER_FROST;None;None;BG2;8;;;Ice Salamander;;;
ICSALFIR;MONSTER;SALAMANDER;ELEMENTAL_FIRE;SALAMANDER_FIRE;None;None;BG2;8;;;Salamander;;;
ICYUAN01;MONSTER;YUANTI;FIGHTER;YUAN-TI;YUANTI;;ctb;7;;;Yuan-ti ;;;
ICYUAN02;MONSTER;YUANTI;FIGHTER;YUAN-TI_ELITE;YUANTI;;ctb;7;;;Greater Yuan-ti;;;
ICYUAN03;MONSTER;YUANTI;MAGE;YUAN-TI_PRIEST;YUANTI;None;ctb;12;;;Yuan-ti Mage;;;
ICYUAN04;MONSTER;YUANTI;FIGHTER;YUAN-TI_ELITE;YUANTI;;ctb;10;;;Yuan-ti Elite;;;
ICYUAN05;MONSTER;YUANTI;MAGE;YUAN-TI_PRIEST;YUANTI;None;ctb;14;;;Yuan-ti Prince;;;
IDEMON01;GIANTHUMANOID;DEMONIC;TANARI;DEATH_KNIGHT;None;;BG2;9;;;Cambion;;;
IDEMON02;GIANTHUMANOID;DEMONIC;TANARI;DEATH_KNIGHT;None;;BG2;9;;;Cambion;;;
IDJINNI;GIANTHUMANOID;GENIE;GENIE_DAO;DJINNI;Malaaq;idjinni;BG2;8;;;Genie;;;
IDRYAD01;HUMANOID;FAIRY;FAIRY_DRYAD;SIRINE;Ulene;idryad1;BG2;2;;;Ulene;;Dryad;true
IDRYAD02;HUMANOID;FAIRY;FAIRY_DRYAD;SIRINE;Cania;idryad2;BG2;2;;;Cania;;Dryad;true
IDRYAD03;HUMANOID;FAIRY;FAIRY_DRYAD;SIRINE;Elyme;idryad3;BG2;2;;;Elyme;;Dryad;true
IGIBBER;HUMANOID;GIBBERLING;GIBBERLING;GIBBERLING;AataqahGibber;;BG2;1;;;Gibberling;;;
IGIBBER;HUMANOID;GIBBERLING;GIBBERLING;GIBBERLING;None;;BG1;1;;;Gibberling;;;
IGOLEM01;GIANTHUMANOID;GOLEM;GOLEM_CLAY;GOLEM_CLAY;None;igolem1;BG2;9;;;Sewage Golem;;ClayGolem;false
IGOLEM02;GIANTHUMANOID;GOLEM;GOLEM_CLAY;GOLEM_CLAY;None;igolem2;BG2;9;;;Jailkeep Golem;;ClayGolem;false
IGOLFLE1;GIANTHUMANOID;GOLEM;GOLEM_CLAY;GOLEM_MINI;None;igolfle1;A7-GOLEMCONSTRUCTION;9;;;Lesser Clay Golem;;ClayGolem;false
IGOLFLE2;GIANTHUMANOID;GOLEM;GOLEM_CLAY;GOLEM_MINI;igolfle2;igolfle2;A7-GOLEMCONSTRUCTION;9;;;Lesser Clay Golem;;ClayGolem;false
IGOLFLE3;GIANTHUMANOID;GOLEM;GOLEM_CLAY;GOLEM_MINI;None;igolfle3;A7-GOLEMCONSTRUCTION;9;;;Lesser Clay Golem;;ClayGolem;false
IGOLFLE4;GIANTHUMANOID;GOLEM;GOLEM_CLAY;GOLEM_MINI;None;igolfle4;A7-GOLEMCONSTRUCTION;9;;;Lesser Clay Golem;;ClayGolem;false
IHOBGOB;HUMANOID;HOBGOBLIN;HOBGOBLIN;HOBGOBLIN;None;;BG1;1;;;Hobgoblin;;;
IKOBOLD;HUMANOID;KOBOLD;KOBOLD;KOBOLD;None;;BG1;1;;;Kobold;;;
ILLCAMB;GIANTHUMANOID;DEMONIC;THIEF;DEATH_KNIGHT;None;;BG2;9;;;Cambion;;;
ILLCAMB2;GIANTHUMANOID;DEMONIC;THIEF;DEATH_KNIGHT;None;;BG2;9;;;Cambion;;;
ILLUWERE;MONSTER;LYCANTHROPE;WEREWOLF;WEREWOLF;None;None;STRATAGEMS;7;;;Werewolf;;;
IMP01;HUMANOID;IMP;IMP;IMP;None;None;BG2;3;;;Imp;;;
IMPBOD1;UNDEAD;VAMPIRE;MAGE;VAMPIRE;;;STRATAGEMS;16;;;Hazarmaveth;;;
IMPBOD2;UNDEAD;VAMPIRE;MAGE;VAMPIRE_FEMALE;;;STRATAGEMS;16;;;Manasseh;;;
IMPQUA01;HUMANOID;IMP;IMP;IMP;None;None;BG2;3;;;Quasit;;;
INGOT;HUMANOID;GNOLL;GNOLL;GNOLL;INGOT;INGOT;BG1;2;;;Ingot;;;
INVISABO;HUMANOID;NO_RACE;NO_CLASS;BIRD;invisabo;None;BG2;1;;;;;;
IOGREMAG;GIANTHUMANOID;OGRE;OGRE_MAGE;OGRE_MAGE;AataqahOgre;;BG2;5;;;Ogre Mage;;OgreMage;false
IOTYUGH;MONSTER;OTYUGH;OTYUGH;OTYUGH;None;;BG2;10;;;Otyugh;;;
ISKELET;UNDEAD;SKELETON;SKELETON;SKELETON;Skeleton;;BG1;1;;;Skeleton;;Skeleton;true
ISLA;HUMANOID;SPECTRE;INNOCENT;MAGE_FEMALE_DWARF_LOW;ISLA;ISLANNE;BG1;14;;;Islanne;;Spectre;true
ISLANN;MONSTER;DOPPLEGANGER;MAGE;MAGE_FEMALE_DWARF;ISLANNE;None;stratagems;10;;;Islanne;;;
ISLSIR;HUMANOID;FAIRY;FAIRY_SIRINE;SIRINE;islsir;ISLSIR;BG1;11;;;Sirine Queen;;Sirine;true
ISNFPAR;MONSTER;CARRIONCRAWLER;CARRIONCRAWLER;CARRION_CRAWLER;;;ISNF;3;;;Parasite of Grief;;CarrionCrawler;false
ISNFV1;UNDEAD;HUMAN;NO_CLASS;FIGHTER_MALE_HUMAN;ISNFV1;ISNFV1;ISNF;10;;;Orion's Voice;;;
ISNFV2;UNDEAD;ELF;NO_CLASS;CLERIC_FEMALE_ELF;ISNFV2;ISNFV2;ISNF;10;;;Selene's Voice;;;
ISNFXEN;UNDEAD;VAMPIRE;VAMPIRE;LICH_BLACK;ISNFXEN;ISNFXEN;ISNF;8;;;The Incomplete;;;
ISNFXIN;UNDEAD;ELF;NO_CLASS;CLERIC_FEMALE_ELF;ISNFXIN;ISNFXIN;ISNF;10;;;Fading Shape;;;
ISNFXS1;HUMANOID;NO_RACE;NO_CLASS;MAGE_FEMALE_HUMAN;ISNFXS1;ISNFXS1;ISNF;10;;;Memory;;;
ISNFXS2;HUMANOID;NO_RACE;NO_CLASS;MAGE_FEMALE_HUMAN;ISNFXS2;ISNFXS2;ISNF;10;;;Memory;;;
ISNFXS3;HUMANOID;NO_RACE;NO_CLASS;MAGE_FEMALE_HUMAN;ISNFXS3;ISNFXS3;ISNF;10;;;Memory;;;
ISNFXS4;HUMANOID;NO_RACE;NO_CLASS;MAGE_FEMALE_HUMAN;ISNFXS4;ISNFXS4;ISNF;10;;;Memory;;;
ISNFXS5;HUMANOID;NO_RACE;NO_CLASS;MAGE_FEMALE_HUMAN;ISNFXS5;ISNFXS5;ISNF;10;;;Memory;;;
ISNFXS6;HUMANOID;NO_RACE;NO_CLASS;MAGE_FEMALE_HUMAN;ISNFXS6;ISNFXS6;ISNF;10;;;Memory;;;
ISNFXS7;HUMANOID;NO_RACE;NO_CLASS;MAGE_FEMALE_HUMAN;ISNFXS7;ISNFXS7;ISNF;10;;;Memory;;;
ISNFXSP;UNDEAD;SHADOW;FIGHTER;MONK;SHADOW01;NONE;ISNF;3;;;Blind Spirit;;;
ITASLOI;HUMANOID;KOBOLD;KOBOLD_TASLOI;KOBOLD_TASLOI;None;;BG1;1;;;Tasloi;;;
IVAMP01;UNDEAD;VAMPIRE;FIGHTER_THIEF;VAMPIRE;None;None;STRATAGEMS;12;;;Vampire;;;
IXVART;HUMANOID;KOBOLD;KOBOLD_XVART;KOBOLD_XVART;None;;BG1;1;;;Xvart;;;
J#SIRIN1;MONSTER;114;FAIRY_SIRINE;SIRINE;J#sirin1;;BLACKHEARTS;5;;;Sirine;;Sirine;true
J#SIRIN2;MONSTER;114;FAIRY_SIRINE;SIRINE;J#sirin2;;BLACKHEARTS;5;;;Sirine;;Sirine;true
JAGUARSU;ANIMAL;CAT;NO_CLASS;GREATCAT_PANTHER;None;;BG2;5;SUMMONED;CONTROLLED;Jaguar;true;Jaguar;false
JANGIT01;HUMANOID;GITHYANKI;FIGHTER_MAGE;GITHYANKI;Jangith1;jangit01;BG2;11;;;Githyanki;;;
JANGIT02;HUMANOID;GITHYANKI;FIGHTER;GITHYANKI;Jangith2;jangit02;BG2;11;;;Githyanki;;;
JARLICH;UNDEAD;LICH;MAGE;LICH;Jarlich;Jarlich;BG2;28;;;Deirex;;;
JELGRA01;MONSTER;SLIME;GREY_OOZE;GRAY_OOZE;None;;BG2;3;;;Gray Ooze;;WhitePudding;false
JELGRE01;MONSTER;SLIME;GREEN_SLIME;SLIME_OLIVE;None;;BG2;2;;;Green Slime;;GreenSlime;false
JELLGR;MONSTER;SLIME;MAGE;GRAY_OOZE;None;;BG2;3;;;Gray Ooze;;GrayOoze;true
JELLGR;MONSTER;SLIME;GREY_OOZE;GRAY_OOZE;None;;BG1;3;;;Gray Ooze;;GrayOoze;true
JELLGRSU;MONSTER;SLIME;GREEN_SLIME;SLIME_OLIVE;None;;SPELL_REV;2;SUMMONED;;Green Slime;true;GreenSlime;true
JELLMU;MONSTER;SLIME;MUSTARD_JELLY;SLIME_MUSTARD;None;;BG2;7;;;Mustard Jelly;;MustardJelly;true
JELLMU;MONSTER;SLIME;MUSTARD_JELLY;SLIME_MUSTARD;None;;BG1;7;;;Mustard Jelly;;MustardJelly;true
JELLMUL;MONSTER;SLIME;MUSTARD_JELLY;SLIME_MUSTARD;Jellmul;;BG1;7;;;Mustard Jelly;;MustardJelly;true
JELLMUSU;MONSTER;SLIME;MUSTARD_JELLY;SLIME_MUSTARD;None;;BG2;7;SUMMONED;CONTROLLED;Mustard Jelly;true;MustardJelly;true
JELLMUSU;MONSTER;SLIME;MUSTARD_JELLY;SLIME_MUSTARD;None;;BG1;7;SUMMONED;CONTROLLED;Mustard Jelly;true;MustardJelly;true
JELLOC;MONSTER;SLIME;OCRE_JELLY;SLIME_OCHRE;None;;BG2;6;;;Ochre Jelly;;OchreJelly;true
JELLOC;MONSTER;SLIME;OCRE_JELLY;SLIME_OCHRE;None;;BG1;6;;;Ochre Jelly;;OchreJelly;true
JELLSPA;MONSTER;SLIME;MUSTARD_JELLY;SLIME_MUSTARD;JELLSPA;;BG1;7;;;Fission Slime;;FissionSlime;true
JELLYCO;MONSTER;SLIME;OCRE_JELLY;SLIME_OCHRE;None;;BG1;6;;;Ochre Jelly;;OchreJelly;true
JELLYGR;MONSTER;SLIME;MAGE;SLIME_OLIVE;None;;BG2;2;;;Green Slime;;GreenSlime;true
JELLYGR;MONSTER;SLIME;GREEN_SLIME;SLIME_OLIVE;None;;BG1;2;;;Green Slime;;GreenSlime;true
JELLYGR2;MONSTER;SLIME;GREEN_SLIME;SLIME_OLIVE;None;;BG1;2;;;Green Slime;;GreenSlime;true
JELLYMU;MONSTER;SLIME;MUSTARD_JELLY;SLIME_MUSTARD;None;;BG1;7;;;Mustard Jelly;;MustardJelly;true
JELMUS01;MONSTER;SLIME;MUSTARD_JELLY;SLIME_MUSTARD;None;;BG2;7;;;Mustard Jelly;;MustardJelly;false
JELOCH01;MONSTER;SLIME;OCRE_JELLY;SLIME_OCHRE;None;;BG2;6;;;Ochre Jelly;;OchreJelly;false
JELOLI01;MONSTER;SLIME;OLIVE_SLIME;SLIME_OLIVE;jeloli01;;ub;6;;;Olive Slime;;OliveSlimeCreature;false
JONDAL3;MONSTER;DOPPLEGANGER;DOPPLEGANGER;FIGHTER_MALE_HUMAN;None;jondal3;STRATAGEMS;3;;;Jondalar;;;
JONDAL3;MONSTER;DOPPLEGANGER;DOPPLEGANGER;FIGHTER_MALE_HUMAN;None;JONDAL3;stratagems;3;;;Jondalar;;;
JONDALW;MONSTER;LYCANTHROPE;WEREWOLF;WEREWOLF;None;None;STRATAGEMS;7;;;Jondal;;;
JONDALW;MONSTER;LYCANTHROPE;WOLFWERE;WEREWOLF;None;None;stratagems;7;;;Jondal;;;
JONDEM01;MONSTER;DEMONIC;TANARI;GLABREZU;jondem01;None;BG2;17;;;Glabrezu;;;
JONDEM02;MONSTER;DEMONIC;TANARI;TANARRI;jondem02;None;BG2;24;;;Balor;;;
JONDEM03;MONSTER;DEMONIC;TANARI;GLABREZU;jondem03;None;BG2;17;;;Glabrezu;;;
JONDEM04;MONSTER;DEMONIC;TANARI;TANARRI;jondem04;None;BG2;24;;;Balor;;;
JONDEM05;MONSTER;DEMONIC;TANARI;GLABREZU;jondem05;None;BG2;17;;;Glabrezu;;;
JORIN;MONSTER;LYCANTHROPE;WEREWOLF;FIGHTER_MALE_HUMAN;Jorin;jorin;stratagems;4;;;Jorin;;;
JUGJUG01;GIANTHUMANOID;GOLEM;GOLEM_STONE;GOLEM_CLAY;Juggernaut;jugjug01;BG2;14;;;Stone Golem;;StoneGolem;false
JUGJUG02;GIANTHUMANOID;GOLEM;GOLEM_STONE;GOLEM_CLAY;Juggernaut;;BG2;14;;;Stone Golem;;StoneGolem;false
JUGMIM01;MONSTER;MIMIC;MIMIC;DOOM_GUARD;jugmim01;None;BG2;10;;;Killer Mimic;;;
JUMJUM;MONSTER;HUMAN;BASILISK_GREATER;SIRINE;basilisk;;ascension;8;;;Il-Khan Medusa;;Medusa;true
JY_00DB;ANIMAL;CAT;THIEF;GREATCAT_PANTHER;None;;d0questpack;14;;;Greater Displacer Beast;;Jaguar;false
JY_00DB1;ANIMAL;CAT;THIEF;GREATCAT_PANTHER;None;;d0questpack;12;;;Displacer Beast;;Jaguar;false
KAHRK;HUMANOID;OGRE;OGRE_MAGE;OGRE_MAGE;KAHRK;kahrk;BG1;12;;;Kahrk;;OgreMage;true
KAISH2;MONSTER;LYCANTHROPE;WEREWOLF;CLERIC_FEMALE_HUMAN_LOW;KAISH2;KAISH2;stratagems;5;;;Kaishas Gan;;;
KAISHA;MONSTER;LYCANTHROPE;WEREWOLF;CLERIC_FEMALE_HUMAN_LOW;KAISHA;KAISH;stratagems;5;;;Kaishas Gan;;;
KAISHWLF;MONSTER;LYCANTHROPE;WEREWOLF;WEREWOLF_GREATER;kaishwlf;None;stratagems;7;;;Kaishas Gan;;;
KALDRAN;ANIMAL;BEAR;BEAR_POLAR;BEAR_POLAR;kaldran;;BG1;8;;;Kaldran the Bear;;PolarBear;true
KARAN3;MONSTER;DOPPLEGANGER;DOPPLEGANGER;MONK;None;KARAN3;stratagems;1;;;Karan;;;
KAROUG;MONSTER;LYCANTHROPE;WOLFWERE;FIGHTER_MALE_HUMAN;karoug;karoug;stratagems;11;;;Karoug;;;
KCHILD1;HUMANOID;ORC;OGRE;PEASANT_MAN;None;kchild1;BG2;4;;;Peasant;;;
KCHILD2;HUMANOID;ORC;OGRE;PEASANT_WOMAN;None;kchild2;BG2;4;;;Peasant;;;
KDEMON01;GIANTHUMANOID;DEMONIC;TANARI;DEATH_KNIGHT;None;;BG2;9;;;Cambion;;;
KEARTH;MONSTER;ELEMENTAL;ELEMENTAL_EARTH;ELEMENTAL_EARTH_SMALL;None;;BG2;10;;;Earth Elemental;;;
KELZOMB;UNDEAD;ZOMBIE;ZOMBIE_NORMAL;ZOMBIE;kelzomb;None;BG2;8;;;Zombie;;;
KGENIE1;GIANTHUMANOID;GENIE;GENIE_DAO;DJINNI_LEGS;None;kgenie1;BG2;8;;;Genie;;;
KGENIE2;GIANTHUMANOID;GENIE;GENIE_DAO;DJINNI_LEGS;None;kgenie2;BG2;8;;;Genie;;;
KIEL;UNDEAD;DWARF;CLERIC;CLERIC_MALE_DWARF;KIEL;kiel;BG1;5;;;Kiel the Legion Killer;;;
KIEL2;UNDEAD;DWARF;CLERIC;CLERIC_MALE_DWARF;KIEL2;None;BG1;5;;;Kiel the Legion Killer;;;
KING;HUMANOID;GOLEM;FIGHTER_MAGE;CLERIC_MALE_HUMAN;KING;None;stratagems;9;;;King;;BattleHorror;false
KIRINH;HUMANOID;DEMONIC;MAGE;SIRINE;KIRINHALE;KIRINHAL;BG1;0;;;Kirinhale;;;
KNIGHT;MONSTER;GOLEM;GOLEM_CLAY;FIGHTER_MALE_HUMAN;KNIGHT;None;stratagems;8;;;Knight;;BattleHorror;false
KNIGHT1;HUMANOID;SPECTRE;SPECTRE;FIGHTER_MALE_HUMAN;Knight1;KNIGHT;BG1;30;;;Ghost Knight;;Spectre;false
KNIGHT2;HUMANOID;SPECTRE;SPECTRE;FIGHTER_FEMALE_ELF;Knight2;KNIGHT;BG1;30;;;Ghost Knight;;Spectre;false
KNIGHT3;HUMANOID;SPECTRE;SPECTRE;FIGHTER_MALE_ELF;Knight3;KNIGHT;BG1;30;;;Ghost Knight;;Spectre;false
KNIGHT4;HUMANOID;SPECTRE;SPECTRE;FIGHTER_MALE_HUMAN;Knight4;KNIGHT;BG1;30;;;Ghost Knight;;Spectre;false
KNIGHT5;HUMANOID;SPECTRE;SPECTRE;FIGHTER_FEMALE_HUMAN;Knight5;KNIGHT;BG1;30;;;Ghost Knight;;Spectre;false
KNIGHT6;HUMANOID;SPECTRE;SPECTRE;FIGHTER_MALE_HUMAN;Knight6;KNIGHT;BG1;30;;;Ghost Knight;;Spectre;false
KNIGHTSK;UNDEAD;SKELETON;SKELETON;SKELETON;None;KNIGHTSK;BG1;1;;;Undead Knight;;Skeleton;true
KOBALD01;HUMANOID;KOBOLD;KOBOLD;KOBOLD;None;;BG2;1;;;Kobold;;;
KOBAMP01;HUMANOID;KOBOLD;KOBOLD;KOBOLD;None;;BG2;1;;;Kobold Amplifier;;;
KOBARC01;HUMANOID;KOBOLD;KOBOLD;KOBOLD;None;;STRATAGEMS;1;;;Kobold;;;
KOBBEG1;HUMANOID;KOBOLD;KOBOLD;KOBOLD;None;;BG1;1;;;Kobold;;;
KOBBEG2;HUMANOID;KOBOLD;KOBOLD;KOBOLD;None;;BG1;1;;;Kobold;;;
KOBBEG3;HUMANOID;KOBOLD;KOBOLD;KOBOLD;None;;BG1;1;;;Kobold;;;
KOBCAP01;HUMANOID;KOBOLD;KOBOLD;KOBOLD;None;;STRATAGEMS;5;;;Kobold Captain;;;
KOBCAP01;HUMANOID;KOBOLD;PALADIN;KOBOLD;None;;BG1;5;;;Kobold Captain;;;
KOBCOM01;HUMANOID;KOBOLD;KOBOLD;KOBOLD;None;;BG2;1;;;Kobold Commando;;;
KOBCOMM;HUMANOID;KOBOLD;KOBOLD;KOBOLD;None;;BG1;1;;;Kobold Commando;;;
KOBKAM01;HUMANOID;KOBOLD;KOBOLD;KOBOLD;None;None;BG2;1;;;Kamikaze Kobold;;;
KOBMEM01;HUMANOID;KOBOLD;KOBOLD;KOBOLD;None;;BG2;1;;;Kobold Recorder;;;
KOBOLA_A;HUMANOID;KOBOLD;KOBOLD;KOBOLD;None;;BG1;1;;;Kobold;;;
KOBOLA_B;HUMANOID;KOBOLD;KOBOLD;KOBOLD;None;;BG1;1;;;Kobold;;;
KOBOLA_C;HUMANOID;KOBOLD;KOBOLD;KOBOLD;None;;BG1;1;;;Kobold;;;
KOBOLA_D;HUMANOID;KOBOLD;KOBOLD;KOBOLD;None;;BG1;1;;;Kobold;;;
KOBOLA_E;HUMANOID;KOBOLD;KOBOLD;KOBOLD;None;;BG1;1;;;Kobold;;;
KOBOLD;HUMANOID;KOBOLD;KOBOLD;KOBOLD;None;;BG1;1;;;Kobold;;;
KOBOLD02;HUMANOID;KOBOLD;KOBOLD;KOBOLD;None;;BG1;1;;;Kobold;;;
KOBOLD03;HUMANOID;KOBOLD;KOBOLD;KOBOLD;None;;BG1;1;;;Kobold;;;
KOBOLD10;HUMANOID;KOBOLD;KOBOLD;KOBOLD;None;;BG1;1;;;Kobold;;;
KOBOLD11;HUMANOID;KOBOLD;KOBOLD;KOBOLD;None;;BG1;1;;;Kobold;;;
KOBOLD12;HUMANOID;KOBOLD;KOBOLD;KOBOLD;None;;BG1;1;;;Kobold;;;
KOBOLD2;HUMANOID;KOBOLD;KOBOLD;KOBOLD;None;;BG1;1;;;Kobold;;;
KOBOLD3;HUMANOID;KOBOLD;KOBOLD;KOBOLD;None;;BG1;1;;;Kobold;;;
KOBOLD4;HUMANOID;KOBOLD;KOBOLD;KOBOLD;None;;BG1;1;;;Kobold;;;
KOBOLD5;HUMANOID;KOBOLD;KOBOLD;KOBOLD;None;;BG1;1;;;Kobold;;;
KOBOLD6;HUMANOID;KOBOLD;KOBOLD;KOBOLD;None;;BG1;1;;;Kobold;;;
KOBOLD7;HUMANOID;KOBOLD;KOBOLD;KOBOLD;None;;BG1;4;;;Kobold;;;
KOBOLD8;HUMANOID;KOBOLD;KOBOLD;KOBOLD;None;;BG1;1;;;Kobold;;;
KOBOLD9;HUMANOID;KOBOLD;KOBOLD;KOBOLD;None;;BG1;1;;;Kobold;;;
KOBOLDA;HUMANOID;KOBOLD;KOBOLD;KOBOLD;None;;BG1;1;;;Kobold;;;
KOBOLDAB;HUMANOID;KOBOLD;KOBOLD;KOBOLD;Koboldab;;BG1;1;;;Kobold;;;
KOBOLDAL;HUMANOID;KOBOLD;KOBOLD;KOBOLD;None;;BG1;1;;;Kobold;;;
KOBOLDFL;HUMANOID;KOBOLD;KOBOLD;KOBOLD;None;;BG1;1;;;Kobold;;;
KOBOLDSU;HUMANOID;KOBOLD;KOBOLD;KOBOLD;None;;BG2;1,3;SUMMONED;CONTROLLED;Kobold Commando;true;;
KOBOLDSU;HUMANOID;KOBOLD;KOBOLD;KOBOLD;None;;BG1;1,3;SUMMONED;CONTROLLED;Kobold Commando;true;;
KOBOLD_A;HUMANOID;KOBOLD;KOBOLD;KOBOLD;None;;BG1;1;;;Kobold;;;
KOBOLD_B;HUMANOID;KOBOLD;KOBOLD;KOBOLD;None;;BG1;1;;;Kobold;;;
KOBOLD_C;HUMANOID;KOBOLD;KOBOLD;KOBOLD;None;;BG1;1;;;Kobold;;;
KOBOLD_D;HUMANOID;KOBOLD;KOBOLD;KOBOLD;None;;BG1;1;;;Kobold;;;
KOBOLD_E;HUMANOID;KOBOLD;KOBOLD;KOBOLD;None;;BG1;1;;;Kobold;;;
KOBSCR01;HUMANOID;KOBOLD;MAGE;KOBOLD;None;;STRATAGEMS;1;;;Kobold Scribe;;;
KOBSHA01;HUMANOID;KOBOLD;KOBOLD;KOBOLD;None;;STRATAGEMS;3;;;Kobold Shaman;;;
KOBSLA01;HUMANOID;KOBOLD;KOBOLD;KOBOLD;None;;BG2;5;;;Kobold Slave;;;
KOBSOU01;HUMANOID;KOBOLD;KOBOLD;KOBOLD;None;;BG2;1;;;Kobold Amplifier;;;
KOBSWI01;HUMANOID;KOBOLD;KOBOLD;KOBOLD;None;;BG2;1;;;Kobold Swift;;;
KOBTAR01;HUMANOID;KOBOLD;KOBOLD;BIRD;None;;BG2;1;;;Kobold Amplifier;;;
KOBWAR01;HUMANOID;KOBOLD;KOBOLD;KOBOLD;None;;BG2;1;;;Kobold;;;
KOBWIT01;HUMANOID;KOBOLD;MAGE;KOBOLD;None;;STRATAGEMS;5;;;Kobold Witch Doctor;;;
KORAX;UNDEAD;GHOUL;GHOUL_REVEANT;GHOUL;korax;KORAX;VIENXAY;2;;;Korax the Ghoul;;Ghoul;true
KPDOG01;ANIMAL;DOG;DOG_WILD;DOG_WILD;kpdog01;;BG2;1;;;Sparky;;WildDog;false
KPDOG02;ANIMAL;DOG;DOG_WILD;DOG_WILD;kpdog02;;BG2;1;;;Rex;;WildDog;false
KPDOG03;ANIMAL;DOG;DOG_WILD;DOG_WILD;kpdog03;;BG2;1;;;Rover;;WildDog;false
KPDOG04;ANIMAL;DOG;DOG_WILD;DOG_WILD;kpdog04;;BG2;1;;;Spot;;WildDog;false
KPGOL01;GIANTHUMANOID;GOLEM;GOLEM_FLESH;A7!GOLEM_FLESH_PST;kpgol01;kpgol01;A7-GOLEMCONSTRUCTION;9;;;Flesh Golem;;FleshGolem;false
KPGOL02;GIANTHUMANOID;GOLEM;GOLEM_CLAY;GOLEM_CLAY;None;;BG2;9;;;Clay Golem;;ClayGolem;false
KPGOL03;GIANTHUMANOID;GOLEM;GOLEM_STONE;GOLEM_CLAY;kpgol03;kpgol03;BG2;14;;;Stone Golem;;StoneGolem;false
KPGOL04;GIANTHUMANOID;GOLEM;GOLEM_IRON;GOLEM_IRON_IWD;kpgol04;kpgol04;A7-GOLEMCONSTRUCTION;18;;;Iron Golem;;IronGolem;false
KPGOL05;GIANTHUMANOID;GOLEM;GOLEM_STONE;GOLEM_CLAY;kpgol05;kpgol05;BG2;14;;;Stone Golem;;StoneGolem;false
KPGOL06;GIANTHUMANOID;GOLEM;GOLEM_FLESH;A7!GOLEM_FLESH_PST;kpgol06;kpgol06;A7-GOLEMCONSTRUCTION;9;;;Flesh Golem;;FleshGolem;false
KPSHAM01;MONSTER;YUANTI;MAGE;YUAN-TI_PRIEST;YUANTI;kpsham01;ctb;12;;;Yuan-ti Mage;;;
KPTROL01;GIANTHUMANOID;TROLL;TROLL;TROLL;kptrol01;kptrol01;BG2;6;;;Troll;;;
KPTROL02;GIANTHUMANOID;TROLL;TROLL;TROLL;kptrol02;kptrol02;BG2;6;;;Troll;;;
KPTROL03;GIANTHUMANOID;TROLL;TROLL;TROLL;kptrol03;kptrol03;BG2;6;;;Troll;;;
KPTROL04;GIANTHUMANOID;TROLL;TROLL;TROLL;kptrol04;kptrol04;BG2;6;;;Troll;;;
KPTROL05;GIANTHUMANOID;TROLL;TROLL;TROLL;None;;BG2;6;;;Troll;;;
KPTROL06;GIANTHUMANOID;TROLL;TROLL;TROLL_SMALL;None;;BG2;6;;;Ice Troll;;;
KPTROL13;MONSTER;TROLL;TROLL;TROLL;kptrol03;kptrol03;BG2;6;;;Troll;;;
KPTROL23;MONSTER;TROLL;TROLL;TROLL;kptrol03;;BG2;6;;;Troll;;;
KPUMB01;MONSTER;UMBERHULK;UMBERHULK;UMBER_HULK;kpumb01;;BG2;6;;;Umber Hulk;;;
KPYUAN01;GIANTHUMANOID;YUANTI;FIGHTER;YUAN-TI_ELITE;YUANTI;;ctb;7;;;Greater Yuan-ti;;;
KROTAN;HUMANOID;OGRE;OGRE_MAGE;OGRE;None;krotan;BG1;0;;;Krotan;;OgreMage;true
KRUIN;HUMANOID;GITHYANKI;MAGE;GITHYANKI;kruin;kruin;BG2;15;;;Kruin;;;
KRYLA;MONSTER;LYCANTHROPE;WEREWOLF;PEASANT_WOMAN;Maiden;KRYLA;stratagems;5;;;Kryla;;;
KRYSKEL;UNDEAD;SKELETON;SKELETON;SKELETON;KRYSKEL;KRYSKEL;BG1;1;;;Skeleton;;Skeleton;true
KRYSKEL1;UNDEAD;SKELETON;SKELETON;SKELETON;KRYSKEL1;None;BG1;1;;;Rick;;Skeleton;true
KRYSKEL2;UNDEAD;SKELETON;SKELETON;SKELETON;KRYSKEL2;None;BG1;1;;;Shane;;Skeleton;true
KRYSKEL3;UNDEAD;SKELETON;SKELETON;SKELETON;KRYSKEL3;None;BG1;1;;;Daryl;;Skeleton;true
KRYSKEL4;UNDEAD;SKELETON;SKELETON;SKELETON;KRYSKEL4;None;BG1;1;;;Glenn;;Skeleton;true
KRYSKEL5;UNDEAD;SKELETON;SKELETON;SKELETON;KRYSKEL5;None;BG1;1;;;Lori;;Skeleton;true
KRYSKEL6;UNDEAD;SKELETON;SKELETON;SKELETON;KRYSKEL6;None;BG1;1;;;Hagar;;Skeleton;true
KSHADOW;UNDEAD;SHADOW;SHADOW;SHADOW;kshadow;kshadow;BG2;4;;;Shadow;;Shadow;true
KSLAVE01;HUMANOID;FAIRY;FIGHTER;SIRINE;None;kslave01;BG2;1;;;Pleasure Slave;;Dryad;false
KUOARC20;HUMANOID;KUO-TOA;FIGHTER;KUO-TOA;kuoarc20;None;BG2;20;;;Kuo-toan Archer;;;
KUOCAP01;HUMANOID;KUO-TOA;FIGHTER;KUO-TOA_LARGE;kuocap01;;BG2;10;;;Kuo-toan Captain;;;
KUOCLE20;HUMANOID;KUO-TOA;CLERIC;KUO-TOA;kuocle20;None;BG2;29;;;Kuo-toan Captain;;;
KUOLIE01;HUMANOID;KUO-TOA;KUO-TOA;KUO-TOA;None;;BG2;8;;;Kuo-toan Lieutenant;;;
KUOMAG01;HUMANOID;KUO-TOA;MAGE;KUO-TOA;None;;BG2;10;;;Kuo-toan Wizard;;;
KUOMON01;HUMANOID;KUO-TOA;KUO-TOA;KUO-TOA_LARGE;None;;BG2;7;;;Kuo-toan Monitor;;;
KUOPRI01;HUMANOID;KUO-TOA;CLERIC_THIEF;KUO-TOA;None;;BG2;10;;;Kuo-toan Priest;;;
KUOTOA01;HUMANOID;KUO-TOA;KUO-TOA;KUO-TOA;None;;BG2;2;;;Kuo-toan Warrior;;;
KUOWAR01;HUMANOID;KUO-TOA;KUO-TOA;KUO-TOA;None;;BG2;6;;;Kuo-toan Warrior;;;
KUOWAR20;HUMANOID;KUO-TOA;FIGHTER;KUO-TOA;kuowar20;None;BG2;20;;;Kuo-toan Warrior;;;
KUOWHI01;HUMANOID;KUO-TOA;FIGHTER_THIEF;KUO-TOA;None;;BG2;5;;;Kuo-toan Whip;;;
KWEREWL;MONSTER;LYCANTHROPE;WEREWOLF;WEREWOLF;None;None;STRATAGEMS;7;;;Werewolf;;;
L#2EDDOG;ANIMAL;DOG;DOG_WAR;L#_PUPPY;L#2EDDOG;L#2EDDOG;skiecost;2;;;Puppy;;WarDog;false
L#2EDJCK;UNDEAD;WRAITH;MAGE;CLERIC_MALE_HALFORC;L#2EDJCK;L#2EDJCK;skiecost;30;;;Jackly;;;
L#2EDVAM;UNDEAD;VAMPIRE;VAMPIRE;FIGHTER_MALE_HUMAN;L#2EDVAM;L#2EDVAM;skiecost;8;;;Eddard;;;
L#2KOBKO;HUMANOID;KOBOLD;KOBOLD;KOBOLD;L#KOBKO;L#2KOBKO;SOTSC;1;;;Zee;;;
L#2SDLIC;UNDEAD;LICH;MAGE;LICH;L#2SDLIC;L#2SDLIC;skiecost;9;;;Xamh the Retired;;;
L#2SDMES;HUMANOID;TIEFLING;BARD;MAGE_FEMALE_ELF;L#2SDMES;L#2SDMES;skiecost;15;;;Missini;;;
L#2SDMO4;MONSTER;DEMONIC;TANARI;FIEND_GREEN;L#2SDMO4;;STRATAGEMS;12;;;Soultaker's Manifestation;;;
L#2SDNM1;MONSTER;SLIME;MUSTARD_JELLY;L#2SD_SOULTAKER_MIASMA;L#2SDNM1;;skiecost;7;;;Soul Miasma;;MustardJelly;false
L#2SDNM2;GIANTHUMANOID;GOLEM;GOLEM_CLAY;L#2SD_SOULTAKER_GOLEM;L#2SDNM2;;skiecost;9;;;Soultaker Golem;;ClayGolem;false
L#2SDVDE;MONSTER;GOLEM;GOLEM_IRON;THIEF_FEMALE_HUMAN;L#2SDVDE;;skiecost;8;;;Skie;;IronGolem;false
L#2SDVO1;MONSTER;GOLEM;GOLEM_IRON;THIEF_MALE_HUMAN;L#2SDVO1;;skiecost;8;;;Her NaÃƒÂ¯vety;;IronGolem;false
L#2SDVO2;MONSTER;GOLEM;GOLEM_IRON;FIGHTER_MALE_HUMAN;L#2SDVO2;;skiecost;8;;;Her Father's Expectation;;BattleHorror;false
L#2SDVO3;MONSTER;GOLEM;GOLEM_IRON;THIEF_FEMALE_HUMAN;L#2SDVO3;;skiecost;8;;;Her Reckless Bravado;;IronGolem;false
L#2SDVO4;MONSTER;GOLEM;GOLEM_IRON;MONK;L#2SDVO4;;skiecost;8;;;Her Hooded Oppressor;;IronGolem;false
L#2SDVO5;MONSTER;GOLEM;GOLEM_IRON;FIGHTER_MALE_HUMAN;L#2SDVO5;;skiecost;8;;;Her Leader;;BattleHorror;false
L#2SDVO6;MONSTER;GOLEM;GOLEM_IRON;FIGHTER_MALE_HUMAN;L#2SDVO6;;skiecost;8;;;Her Grief and Stings of Remorse;;BattleHorror;false
L#2SDVO7;MONSTER;GOLEM;GOLEM_IRON;FIGHTER_MALE_HUMAN;L#2SDVO7;;skiecost;8;;;Her Indiscipline;;BattleHorror;false
L#2SDVOA;UNDEAD;MIST;MIST;MIST_CREATURE;L#2SDVOA;;skiecost;12;;;Hurtful Mockery;;;
L#2SDVOC;MONSTER;GOLEM;KOBOLD_XVART;KOBOLD_XVART;L#2SDVOC;;skiecost;1;;;Reckless Decision;;;
L#2SDVOE;MONSTER;GOLEM;KOBOLD_XVART;SKELETON;L#2SDVOE;;skiecost;1;;;Murderous Command;;;
L#AFDRA;MONSTER;DRAGON;RED_DRAGON;DRAGON_BROWN;L#AFDRA;L#AFDRA;WHINHILL;23;;;Vivembirondt;;;
L#AFRAT;ANIMAL;NO_RACE;NO_CLASS;RAT;NONE;NONE;WHINHILL;1;;;Enraged Rat;;;
L#AFU;HUMANOID;KOBOLD;CLERIC_THIEF;L#AFU;L#AFU;L#AFU;WHINHILL;6;;;Afu-Zuuvi;;;
L#AFU25;HUMANOID;KOBOLD;CLERIC_THIEF;KOBOLD;L#AFU;L#AFU25;WHINHILL;6;;;Afu-Zuuvi;;;
L#AMBAM;UNDEAD;SPECTRAL_UNDEAD;SPECTRE;INVISIBLE_SMALL;L#AMBAM;L#AMBAM;SOTSC;10;;;Amber Flower;;Spectre;true
L#APEAP;ANIMAL;NO_RACE;NO_CLASS;GREATCAT_LEOPARD;L#APEAP;L#APEAP;SOTSC;13;;;Starfang Tiger;;;
L#APEST;HUMANOID;FAIRY;INNOCENT;SIRINE;L#APEST;L#APEST;SOTSC;2;;;Y'Uula;;Dryad;true
L#ASCH1;ANIMAL;NO_RACE;NO_CLASS;CHICKEN;L#ASCHI;L#ASCHI;ALABASTERSANDS;1;;;Ophelia;;;
L#ASCH2;ANIMAL;NO_RACE;NO_CLASS;CHICKEN;L#ASCHI;L#ASCHI;ALABASTERSANDS;1;;;Mana;;;
L#ASCH3;ANIMAL;NO_RACE;NO_CLASS;CHICKEN;L#ASCHI;L#ASCHI;ALABASTERSANDS;1;;;Gima;;;
L#ASCH4;ANIMAL;NO_RACE;NO_CLASS;CHICKEN;L#ASCHI;L#ASCHI;ALABASTERSANDS;1;;;Sarhie;;;
L#ASCH5;ANIMAL;NO_RACE;NO_CLASS;CHICKEN;L#ASCHI;L#ASCHI;ALABASTERSANDS;1;;;Ana;;;
L#ASCH6;ANIMAL;NO_RACE;NO_CLASS;CHICKEN;L#ASCHI;L#ASCHI;ALABASTERSANDS;1;;;Cindy;;;
L#ASCH7;ANIMAL;NO_RACE;NO_CLASS;CHICKEN;L#ASCHI;L#ASCHI;ALABASTERSANDS;1;;;Lusia;;;
L#ASCH8;ANIMAL;NO_RACE;NO_CLASS;CHICKEN;L#ASCHI;L#ASCHI;ALABASTERSANDS;1;;;Balha;;;
L#ASCH9;ANIMAL;NO_RACE;NO_CLASS;CHICKEN;L#ASCHI;L#ASCHI;ALABASTERSANDS;1;;;Vivi;;;
L#ASCHS;ANIMAL;NO_RACE;NO_CLASS;CHICKEN;L#ASCHI;L#ASCHS;ALABASTERSANDS;1;;;Lady Cornelia Selina IV;;;
L#ASGHO;UNDEAD;HUMAN;NO_CLASS;FIGHTER_MALE_HUMAN;L#ASGHO;L#ASGHO;ALABASTERSANDS;10;;;Ghost;;;
L#ASGUD;ANIMAL;DOG;DOG_WAR;DOG_WAR;L#ASGUD;;ALABASTERSANDS;2;;;Barker;;WarDog;false
L#ASPOS;ANIMAL;DOG;FIGHTER;GROUNDHOG;L#ASPOS;L#ASPOS;ALABASTERSANDS;1;;;Mr. O. Possum;;;
L#ASPT2;GIANTHUMANOID;OGRE;OGRE_MAGE;OGRE_MAGE;L#ASPT2;L#ASPT2;ALABASTERSANDS;5;;;Bijmal;;OgreMage;false
L#ASRAT;ANIMAL;NO_RACE;MAGE;RAT;L#ASRAT;L#ASRAT;ALABASTERSANDS;1;;;Stinkyfur;;;
L#ASSIR;MONSTER;BASILISK;BARD;SIRINE;L#ASSIR;L#ASSIR;ALABASTERSANDS;5;;;Copper Sirine;;Sirine;
L#BASGA;MONSTER;BEHOLDER;BEHOLDER;BEHOLDER_SMALL;None;;SOTSC;9;;;Fierce Gauth;;;
L#BASTRE;UNDEAD;SPECTRAL_UNDEAD;SPECTRE;INVISIBLE_MEDIUM;L#BASTRE;L#BASTRE;SOTSC;10;;;Tree of Shades;;Spectre;true
L#BHACO;UNDEAD;GHOUL;GHOUL_GHAST;LICH;L#BHACO;L#BHACO;SOTSC;4;;;Ixjan, The Collector;;Ghast;false
L#BUGBU;ANIMAL;BEETLE;HUNTER_CREATURE;BEETLE_RHINOCEROS;L#BUGBU;;SOTSC;12;;;Beetle;;;
L#CHICH1;HUMANOID;CHIMERA;WOLFWERE;CHIMERA;L#CHICH1;L#CHICH1;SOTSC;8;;;Luna;;;
L#CHICH2;HUMANOID;CHIMERA;WOLFWERE;CHIMERA;L#CHICH2;L#CHICH2;SOTSC;8;;;Elder Chimera;;;
L#CHIEN;HUMANOID;OGRE;FIGHTER;HALF_OGRE;L#CHIEN;L#CHIEN;SOTSC;8;;;Eglarh;;HalfOgre;true
L#CIREN;HUMANOID;FAIRY;INNOCENT;BLOB_MIST_CREATURE;L#CIREN;L#CIREN;SOTSC;2;;;Energy of Planar Shades;;;
L#CULGI;HUMANOID;GIBBERLING;GIBBERLING;GIBBERLING;L#CULGI;;SOTSC;1;;;Tamed Gibberling;;;
L#CULGU;MONSTER;DEMONIC;TANARI;SKELETON_FIEND;L#CULGU;L#CULGU;SOTSC;10;;;Tanar'ri Bones;;;
L#CULMON;UNDEAD;GOLEM;0;SHAMBLING_MOUND;L#CULMON;;SOTSC;10;;;Cult of the Dragon Monstrosity;;;
L#CURS;GIANTHUMANOID;OGRE;OGRE_MAGE;MIST_CREATURE;L#CURS;;foundlings;9;;;Curse;;OgreMage;false
L#DEERZO;UNDEAD;ZOMBIE;ZOMBIE_NORMAL;DEER;L#DEERZO;;SOTSC;2;;;Zombie Deer;;;
L#FAIEN3;ANIMAL;WOLF;WOLF;WOLF;L#FAIEN3;L#FAIEN3;SOTSC;3;;;Apsu;;DireWolf;true
L#FAIRAT;ANIMAL;RABBIT;FOOD_CREATURE;RAT;L#FAIRAT;L#FAIRAT;SOTSC;1;;;Dire Rat;;;
L#FFAM;MONSTER;WYVERN;MAGE;WYVERN_BIG;L#FFAM;L#FFAM;foundlings;7;;;Familiar;;Wyvern;false
L#FOGR2;UNDEAD;MIST;MIST;FAT_WOMAN;L#FOGR2;L#FOGR2;foundlings;12;;;Gray Hag;;;
L#FOGRA;UNDEAD;MIST;MIST;MIST_CREATURE;L#FOGRA;L#FOGRA;foundlings;12;;;Gray Spectre;;;
L#FOMIST;MONSTER;BASILISK;BASILISK;BLOB_MIST_CREATURE;L#FOMIST;;foundlings;6;;;Pearl Mist;;LesserBasilisk;true
L#FOUD;ANIMAL;DRAGON;CLERIC;THIEF_MALE_HUMAN;L#FOUD;L#FSHA;foundlings;23;;;Thaxll'ssillyia;;;
L#FRGB1;HUMANOID;KOBOLD;KOBOLD_XVART;KOBOLD_XVART;NONE;;SOTSC;1;;;Boopgloomrak;;;
L#FSP37;GIANTHUMANOID;MIST;FIGHTER;REVENANT;;;foundlings;25;;;Shadowbound;;;
L#FSPS2;UNDEAD;SHADOW;FIGHTER;SHADOW;L#SUMSHAD;NONE;foundlings;3;SUMMONED;CONTROLLED;Shadow;true;Shadow;false
L#FSW;HUMANOID;GNOLL;GNOLL;DANCING_SWORD;L#FSW;L#FSW;foundlings;10;;;;;;
L#FWMMER;UNDEAD;SPECTRE;FIGHTER;THIEF_FEMALE_ELF;L#FWMMER;L#FWMMER;SOTSC;4;;;Long Gone Merchant;;Spectre;true
L#GNOAL;UNDEAD;SHADOW;SHADOW;THIEF_FEMALE_HUMAN;L#GNOAL;L#GNOAL;SOTSC;4;SUMMONED;;Shadow Prophet;true;Shadow;true
L#GNOEN;UNDEAD;SHADOW;SHADOW;SHADOW;L#GNOEN;L#GNOEN;SOTSC;4;SUMMONED;;Shadow Master;true;Shadow;true
L#GNOSH;UNDEAD;SHADOW;SHADOW;SHADOW;L#GNOSH;;SOTSC;4;SUMMONED;;Shadow;true;Shadow;true
L#GNOWY;MONSTER;WYVERN;WYVERN;L#_SHADE_WYVERN;L#GNOWY;;SOTSC;7;;;Shade Wyvern;;Wyvern;false
L#GOLIR;GIANTHUMANOID;GOLEM;GOLEM_IRON;GOLEM_IRON;L#GOLIR;L#GOLIR;SOTSC;18;;;Damaged Golem;;IronGolem;false
L#GUAR;GIANTHUMANOID;GENIE;GENIE_DAO;WAILING_VIRGIN;L#GUAR;L#GUAR;foundlings;5;;;Misty Guardian;;;
L#HALWO;UNDEAD;WOLF;WOLF_DREAD;L#_DOG_MOSS;L#HALWO;L#HALWO;SOTSC;1;;;Cu-sith;;DreadWolf;true
L#HAUSK;UNDEAD;SKELETON;SKELETON;SKELETON;L#HAUSK;L#HAUSK;SOTSC;1;;;Skeletal Captain;;Skeleton;true
L#HIGBO;UNDEAD;SPECTRAL_UNDEAD;SPECTRE;INVISIBLE_SMALL;L#HIGBO;L#HIGBO;SOTSC;10;;;Bookshelf;;Spectre;true
L#HNDDU;HUMANOID;GOLEM;GOLEM_IRON;DOOM_GUARD;;NONE;SOTSC;30;;;Sparring Dummy;;IronGolem;false
L#HNDRST;HUMANOID;GOLEM;GOLEM_IRON;DOOM_GUARD;L#HNDRST;L#HNDRST;SOTSC;30;;;My Very Own Hideout;;IronGolem;false
L#JNBONE;MONSTER;DEMONIC;TANARI;SKELETON_FIEND;L#JNBONE;;JUNIPERANDTHESTONELEECH;12;;;Dried Bones;;;
L#JNCOWE;MONSTER;LYCANTHROPE;WEREWOLF;L#JN_COYOTLWERE;None;None;STRATAGEMS;7;;;Starving Coyotlwere;;;
L#JNCOY;MONSTER;WOLF;WOLF_DREAD;WOLF_DREAD;None;;JUNIPERANDTHESTONELEECH;1;;;Coyote;;DreadWolf;false
L#JNDOG;ANIMAL;WOLF;HUNTER_CREATURE;WOLF;L#JNDOG;L#JNDOG;JUNIPERANDTHESTONELEECH;3;;;Azor;;Wolf;false
L#JNDYBB;MONSTER;DEMONIC;TANARI;L#JN_DYBBUK;L#JNDYBB;L#JNDYBB;JUNIPERANDTHESTONELEECH;1;;;Dybbuk-Possessed Priest;;;
L#JNHSN;ANIMAL;NO_RACE;NO_CLASS;L#JN_HUGE_SNAKE;L#JNHSN;L#JNHSN;JUNIPERANDTHESTONELEECH;1;;;Sythlissvin, The Snake Father;;;
L#JNJACW;MONSTER;LYCANTHROPE;WEREWOLF;L#JN_JACKALWERE;NONE;NONE;STRATAGEMS;7;;;Jackalwere;;;
L#JNMINI;MONSTER;DEMONIC;TANARI;DEVA_MONADIC;L#JNMINI;;JUNIPERANDTHESTONELEECH;25;;;That with Burnt Wings;;;
L#JNSNA;ANIMAL;NO_RACE;NO_CLASS;SNAKE;L#JNSNA;;JUNIPERANDTHESTONELEECH;8;;;Sand Snake;;;
L#JNSUC;MONSTER;DEMONIC;TANARI;SIRINE;demsuc01;None;JUNIPERANDTHESTONELEECH;12;;;Succubus;;;
L#KEGST;HUMANOID;GOLEM;GOLEM_IRON;KEG1;L#KEGST;L#KEGST;SOTSC;30;;;Barrel;;IronGolem;false
L#KOBKO;HUMANOID;KOBOLD;KOBOLD;KOBOLD;L#KOBKO;L#KOBKO;SOTSC;1;;;Zee;;;
L#KOBSW;HUMANOID;KOBOLD;KOBOLD;KOBOLD;L#KOBSW;;SOTSC;1;;;Rovo, The Unlikely Hero;;;
L#LIGWI;UNDEAD;GHOUL;GHOUL_GHAST;WILL_O_WISP;L#LIGWI;L#LIGWI;SOTSC;4;;;Infesting Light;;Ghast;false
L#MCBEH;MONSTER;BEHOLDER;BEHOLDER;BEHOLDER;None;;SOTSC;9;;;Beholder;;;
L#MCBUGB;HUMANOID;BUGBEAR;FIGHTER;BUGBEAR;L#MCBUGB;;SOTSC;4;;;Bugbear;;;
L#MCGOB1;HUMANOID;KOBOLD;THIEF;GOBLIN_BOW;NEGOB01;;SOTSC;1;;;Goblin Ã¢â‚¬â€œ Archer;;;
L#MCGOB2;HUMANOID;HOBGOBLIN;HOBGOBLIN;GOBLIN_AXE;NONE;;SOTSC;1;;;Goblin;;;
L#MCMIN;GIANTHUMANOID;MINOTAUR;OGRE;MINOTAUR;MINOTAUR;;SOTSC;4;;;Minotaur;;Minotaur;true
L#MCNWB1;ANIMAL;MAMMAL;FOOD_CREATURE;BOAR_WILD;L#MCNWB1;;SOTSC;3;;;Wild Boar;;;
L#MCNWB2;ANIMAL;MAMMAL;FOOD_CREATURE;BOAR_WILD;L#MCNWB2;;SOTSC;3;;;Wild Boar;;;
L#MCOTY;MONSTER;OTYUGH;OTYUGH;OTYUGH;NONE;;SOTSC;10;;;Otyugh;;;
L#MCSNA;ANIMAL;NO_RACE;NO_CLASS;SNAKE;snake01;None;SOTSC;5;;;Giant Snake;;;
L#MCWBA;MONSTER;LYCANTHROPE;WEREWOLF;WEREBADGER;;;stratagems;7;;;Werebadger;;;
L#MCWRA;MONSTER;LYCANTHROPE;WEREWOLF;WERERAT;;;stratagems;7;;;Wererat;;;
L#MIMMI;MONSTER;ANKHEG;ANKHEG;DOOM_GUARD;L#MIMMI;L#MIMMI;SOTSC;3;;;Fierce Young Mimic;;Ankheg;true
L#MYCMY;PLANT;SHRIEKER;NO_CLASS;SHRIEKER;L#MYCMY;L#MYCMY;SOTSC;3;;;Myconid;;;
L#NDC1;MONSTER;BASILISK;FAIRY_SIRINE;SIRINE;L#NDC1;;SOUTHERNEDGE;5;;;Sirine;;Sirine;true
L#NDC2;MONSTER;ANKHEG;ANKHEG;ANKHEG;L#NDC2;;SOUTHERNEDGE;3;;;Greater Ankheg;;Ankheg;true
L#NDCAT;ANIMAL;CAT;MAGE;CAT;L#NDCAT;L#NDCAT;SOUTHERNEDGE;1;;;Mr. Cat;;;
L#NDCOW;ANIMAL;NO_RACE;NO_CLASS;COW;L#NDCOW;L#NDCOW;SOUTHERNEDGE;1;;;Nessie;;;
L#NDGAU;MONSTER;BEHOLDER;BEHOLDER;BEHOLDER_SMALL;L#NDGAU;L#NDGAU;SOUTHERNEDGE;9;;;Ooglyph, the Tasloi Master;;;
L#NDGNO;HUMANOID;GNOLL;GNOLL;GNOLL;L#NDGNO;L#NDGNO;SOUTHERNEDGE;2;;;Ghurklu;;;
L#NDPAR;GIANTHUMANOID;MIND_FLAYER;NO_CLASS;FEYR_GREATER;L#NDPAR;;SOUTHERNEDGE;16;;;Parasite;;;
L#NDRAT;MONSTER;YUANTI;FIGHTER;RAT;L#NDRAT;;SOUTHERNEDGE;7;;;More Than Just a Rat;;;
L#NDVAM;UNDEAD;VAMPIRE;VAMPIRE;VAMPIRE;L#NDVAM;L#NDVAM;SOUTHERNEDGE;8;;;Crynn;;;
L#NIBC3;HUMANOID;LEATHER;FIGHTER;THIEF_MALE_HUMAN;L#NIBC3;L#NIBC3;TANGLEDISLE;1;;;Hron;;;
L#NIDOG;ANIMAL;DOG;DOG_WAR;DOG_WILD;L#NIDOG;L#NIDOG;TANGLEDISLE;2;;;Mr. Dog;;WarDog;false
L#NIGOL;GIANTHUMANOID;GOLEM;GOLEM_CLAY;GOLEM_CLAY;L#NIGOL;L#NIGOL;TANGLEDISLE;9;;;Faithful Golem;;ClayGolem;false
L#NIJAA3;MONSTER;DRAGON;SILVER_DRAGON;DRAGON_SILVER;L#NIJAA3;L#NIJAA3;TANGLEDISLE;23;;;Tyalavah;;;
L#NIMF0;HUMANOID;MIND_FLAYER;MIND_FLAYER;MINDFLAYER;L#NIMF0;L#NIMF0;TANGLEDISLE;12;;;Ila'thashagh;;;
L#NIMF5;GIANTHUMANOID;ELEMENTAL;NO_CLASS;WATER_WEIRD;L#NIMF5;L#NIMF5;TANGLEDISLE;20;;;Uklj the Serpent of Infinity;;;
L#NIMF6;UNDEAD;SKELETON;CLERIC;SKELETON_MONSTER;L#NIMF6;L#NIMF6;TANGLEDISLE;20;;;Ukk'an the Bone of Wrath;;Skeleton;false
L#NISNA;ANIMAL;NO_RACE;NO_CLASS;SNAKE;L#NISNA;L#NISNA;TANGLEDISLE;8;;;Tromblo;;;
L#NIXVA;HUMANOID;KOBOLD;KOBOLD_XVART;KOBOLD_XVART;L#NIXVA;L#NIXVA;TANGLEDISLE;1;;;Moomik;;;
L#NSBAS1;MONSTER;BASILISK;BASILISK_GREATER;BASILISK_GREATER;L#NSBAS;;OOZE;10;;;Greater Basilisk;;GreaterBasilisk;true
L#NSBAS2;MONSTER;BASILISK;BASILISK;BASILISK;L#NSBAS;;OOZE;6;;;Basilisk;;LesserBasilisk;true
L#NSBEH;MONSTER;BEHOLDER;BEHOLDER;BEHOLDER;L#NSBEH;L#NSBEH;OOZE;9;;;Eyeblinker;;;
L#NSCHIL;MONSTER;PLANATAR;CLERIC_MAGE;GIRL;L#NSCHIL;L#NSCHIL;jtweaks;25;;;Biya;;;
L#NSSULJ;MONSTER;BASILISK;BASILISK_GREATER;BASILISK_GREATER;L#NSSULJ;;OOZE;10;;;Suljak;;GreaterBasilisk;true
L#NWDOP1;MONSTER;DOPPLEGANGER;DOPPLEGANGER;DOPPLEGANGER;L#NWDOP1;L#NWDOP1;STRATAGEMS;4;;;Koreeh;;;
L#NWDOP2;MONSTER;DOPPLEGANGER;DOPPLEGANGER;DOPPLEGANGER;L#NWDOP2;L#NWDOP2;STRATAGEMS;4;;;Hex;;;
L#NWGL2;HUMANOID;KOBOLD;PALADIN;KOBOLD;L#NWGL2;;BRIDGESBLOCK;5;;;Bo the Scaled;;;
L#NWM4C;UNDEAD;SKELETON;BARD;DEMILICH;L#NWM4C;;BRIDGESBLOCK;3;SUMMONED;CONTROLLED;Mumbling Skull;true;;
L#NWOERE;UNDEAD;LICH;MAGE;LICH;L#NWOERE;L#NWOERE;BRIDGESBLOCK;11;;;Aafroya'ghin;;;
L#NWOERX;MONSTER;UMBERHULK;UMBERHULK;MINOTAUR;L#NWOERX;;BRIDGESBLOCK;4;;;Minotaur;;;
L#NWRAT;ANIMAL;NO_RACE;FOOD_CREATURE;RAT;L#NWRAT;L#NWRAT;BRIDGESBLOCK;1;;;Mr. Rat;;;
L#ORM1;UNDEAD;SPECTRAL_UNDEAD;SPECTRE;INVISIBLE_MEDIUM;L#ORM1;L#ORM1;SOTSC;10;;;Ormyrr Corpse;;Spectre;true
L#ORM2;UNDEAD;SPECTRAL_UNDEAD;SPECTRE;INVISIBLE_MEDIUM;L#ORM2;L#ORM2;SOTSC;10;;;Ormyrr Corpse;;Spectre;true
L#ORMETT;UNDEAD;SPECTRE;GIANT;ETTIN;L#ORMETT;L#ORMETT;SOTSC;10;;;Ettin Ã¢â‚¬â€œ Revenant;;Spectre;true
L#ORMWIL;UNDEAD;GHOUL;GHOUL_GHAST;WILL_O_WISP;L#ORMWIL;L#ORMWIL;SOTSC;4;;;Mountain Light;;Ghast;false
L#RAT;ANIMAL;NO_RACE;NO_CLASS;FIGHTER_MALE_HUMAN;L#RAT;;foundlings;1;;;Faded-to-Gray;;;
L#RVBANS;UNDEAD;WRAITH;NO_CLASS;WAILING_VIRGIN;L#RVBAN1;;BLOODIEDSTINGSOFBAROVIA;7;;;Geist;;Banshee;false
L#RVBAT;ANIMAL;NO_RACE;NO_CLASS;CLERIC_MALE_ELF;L#RVBAT;;BLOODIEDSTINGSOFBAROVIA;1;;;Barovian Bat;;;
L#RVBATF;MONSTER;NO_RACE;NO_CLASS;BAT_INSIDE;;;BLOODIEDSTINGSOFBAROVIA;1;;;Bat;;;
L#RVBBB;PLANT;ELEMENTAL;ELEMENTAL_EARTH;TREANT_DARK;L#RVBBB;;BLOODIEDSTINGSOFBAROVIA;20;;;Crooked Death's Head Tree;;;
L#RVBBBH;UNDEAD;ZOMBIE;NO_CLASS;DEMILICH;L#RVBBBH;;BLOODIEDSTINGSOFBAROVIA;2;;;Dreadful Head;;;
L#RVBOAR;ANIMAL;NO_RACE;NO_CLASS;BOAR_WILD;L#RVBOAR;;BLOODIEDSTINGSOFBAROVIA;4;;;Angered Boar;;;
L#RVBSM;UNDEAD;HUMAN;FIGHTER;FIGHTER_MALE_HUMAN;L#RVBSM;L#RVBSM;BLOODIEDSTINGSOFBAROVIA;12;;;Blacksmith's Ghost;;;
L#RVCHI1;UNDEAD;HALFLING;NO_CLASS;BOY;L#RVCHI1;L#RVCHI1;BLOODIEDSTINGSOFBAROVIA;1;;;Little Borniv;;;
L#RVCHI2;UNDEAD;HALFLING;NO_CLASS;BOY;L#RVCHI2;;BLOODIEDSTINGSOFBAROVIA;1;;;Child;;;
L#RVCHI3;UNDEAD;HALFLING;NO_CLASS;GIRL;L#RVCHI3;;BLOODIEDSTINGSOFBAROVIA;1;;;Child;;;
L#RVCHSU;UNDEAD;MIST;MIST;GIRL;L#RVCHSU;;BLOODIEDSTINGSOFBAROVIA;5;SUMMONED;CONTROLLED;Misty;true;;
L#RVGOLE;GIANTHUMANOID;GOLEM;GOLEM_CLAY;OGRILLON;L#RVGOLE;;BLOODIEDSTINGSOFBAROVIA;9;;;Wax Golem;;ClayGolem;false
L#RVHONE;MONSTER;SLIME;OCRE_JELLY;L#RV_NECROTIC_HONEY;L#RVHONE;;BLOODIEDSTINGSOFBAROVIA;6;;;Necrotic Honey;;OchreJelly;false
L#RVKING;UNDEAD;SPECTRAL_UNDEAD;SPECTRE;INVISIBLE_SMALL;L#RVKING;L#RVKING;BLOODIEDSTINGSOFBAROVIA;10;;;Venirlaw Bloodjacket;;;
L#RVKNI;GIANTHUMANOID;DEMONIC;THIEF;DEATH_KNIGHT;L#RVKNI;L#RVKNI;BLOODIEDSTINGSOFBAROVIA;20;;;Undead Knight;;;
L#RVLADY;UNDEAD;SKELETON;FAIRY_SIRINE;SIRINE;L#RVLADY;L#RVLADY;BLOODIEDSTINGSOFBAROVIA;5;;;Lady of the Bones Buried in Mud;;;
L#RVLOUP;MONSTER;LYCANTHROPE;WEREWOLF;L#RV_LOUP_GAROU;L#RVLOUP;;STRATAGEMS;9;;;ViÃƒÂ¢sz, the Loup Garou;;;
L#RVMAGG;HUMANOID;GIBBERLING;GIBBERLING;L#RV_BEE_MAGGOT;None;;BLOODIEDSTINGSOFBAROVIA;1;;;Bloodlusty Maggot;;;
L#RVRAVE;ANIMAL;NO_RACE;NO_CLASS;L#RV_RAVEN;L#RVRAVE;L#RVRAVE;BLOODIEDSTINGSOFBAROVIA;1;;;Raven;;;
L#RVSERV;UNDEAD;SPECTRE;SPECTRE;SHADOW_SMALL;L#RVSERV;L#RVSERV;BLOODIEDSTINGSOFBAROVIA;10;;;Servant's Ghost;;Spectre;false
L#RVSKLP;UNDEAD;SKELETON;CLERIC;SKELETON;L#RVSKLP;;BLOODIEDSTINGSOFBAROVIA;20;;;Skeletal Priest;;Skeleton;false
L#RVSNAK;ANIMAL;NO_RACE;NO_CLASS;SNAKE;L#RVSNAK;;BLOODIEDSTINGSOFBAROVIA;8;;;Snake;;;
L#RVSWA2;GENERAL_ITEM;BEETLE;VAMPIRE;L#RV_WILLOMIST;L#RVSWAR;;BLOODIEDSTINGSOFBAROVIA;7;;;Buzzing Swarm;;;
L#RVSWAR;GENERAL_ITEM;BEETLE;VAMPIRE;L#RV_WILLOMIST;L#RVSWAR;;BLOODIEDSTINGSOFBAROVIA;7;;;Buzzing Swarm;;;
L#RVTRE1;UNDEAD;SPECTRAL_UNDEAD;SPECTRE;INVISIBLE_MEDIUM;L#RVTRE1;L#RVTRE1;BLOODIEDSTINGSOFBAROVIA;10;;;Tree and Vines;;;
L#RVTREA;PLANT;SHAMBLING_MOUND;ELEMENTAL_EARTH;TREANT_DARK;L#RVTREA;;BLOODIEDSTINGSOFBAROVIA;20;;;Bloodied Treant;;;
L#RVVAMP;UNDEAD;VAMPIRE;VAMPIRE;VAMPIRE;L#RVVAMP;L#RVVAMP;BLOODIEDSTINGSOFBAROVIA;8;;;Sjerhan;;;
L#RVVGAS;MONSTER;NO_RACE;NO_CLASS;BLOB_MIST_CREATURE;L#RVVGAS;L#RVVGAS;BLOODIEDSTINGSOFBAROVIA;1;;;Gaseous Form;;;
L#RVWERE;MONSTER;LYCANTHROPE;WEREWOLF;WEREWOLF;NONE;NONE;STRATAGEMS;7;;;Bee-Covered Werewolf;;;
L#RVWOM;UNDEAD;WRAITH;WRAITH;L#RV_WILLOMIST;;;BLOODIEDSTINGSOFBAROVIA;3;;;Will O'Mist;;;
L#RVZDOE;UNDEAD;ZOMBIE;GHOUL_GHAST;L#RV_ZOMBIEDOE;L#RVZDOE;;BLOODIEDSTINGSOFBAROVIA;6;;;Zombie Doe;;;
L#RVZOMB;UNDEAD;ZOMBIE;NO_CLASS;ZOMBIE;L#RVZOMB;L#RVZOMB;BLOODIEDSTINGSOFBAROVIA;2;;;Fog Cadaver;;;
L#SHA1;UNDEAD;SHADOW;FIGHTER;SHADOW;L#SHA1;L#SHA1;foundlings;3;;;Shadow;;Shadow;false
L#SHADM;GIANTHUMANOID;DEMONIC;TANARI;DEATH_KNIGHT;L#SHADM;L#SHADM;SOTSC;9;;;Kimrayor, The Shard-Shatterer;;;
L#SKEST;UNDEAD;SPECTRE;FIGHTER;SKELETON;L#SKEST;L#SKEST;SOTSC;4;;;Skeletal Mother;;Ghast;true
L#SSH;GIANTHUMANOID;DARKPLANATAR;BARD;THIEF_FEMALE_ELF;L#SSH;L#SSH;foundlings;25;;;Shadow Hatchling;;;
L#ULCC1;UNDEAD;SPECTRE;FIGHTER;BOY;L#ULCC1;L#ULCC1;SOTSC;4;;;Tomasz;;Spectre;true
L#ULCC2;UNDEAD;SPECTRE;FIGHTER;GIRL;L#ULCC2;L#ULCC2;SOTSC;4;;;Monarah;;Spectre;true
L#ULCC3;UNDEAD;SPECTRE;FIGHTER;BOY;L#ULCC3;L#ULCC3;SOTSC;4;;;Ynak;;Spectre;true
L#ULCC4;UNDEAD;SPECTRE;FIGHTER;BOY;L#ULCC4;L#ULCC4;SOTSC;4;;;Peepuu;;Spectre;true
L#ULCCH;UNDEAD;SPECTRE;FIGHTER;GIRL;L#ULCCH;L#ULCCH;SOTSC;4;;;Czaya;;Spectre;true
L#ULCSP;MONSTER;SPIDER;SPIDER_PHASE;SPIDER_WRAITH;L#ULCSP;L#ULCSP;SOTSC;5;;;Ssimkh, the Ghost-Feeding Spider;;GhostwalkSpider;true
L#ULGEN1;UNDEAD;SPECTRE;FIGHTER;FIGHTER_MALE_ELF;L#ULGEN1;L#ULGEN1;SOTSC;6;;;Captain Gloghaff Mintshow;;Spectre;true
L#ULGGH;UNDEAD;SPECTRE;FIGHTER;CLERIC_FEMALE_HUMAN;L#ULGGH;L#ULGGH;SOTSC;4;;;Moontia;;Spectre;true
L#USHA11;MONSTER;LYCANTHROPE;WEREWOLF;WEREWOLF_GREATER;l#usha11;None;STRATAGEMS;8;SUMMONED;CONTROLLED;Werewolf;true;;
L#WBATL;MONSTER;LYCANTHROPE;WEREWOLF;WEREBADGER;L#WBATL;L#WBATL;stratagems;7;;;Shandraha;;;
L#WOLST;ANIMAL;WOLF;WOLF_WINTER;WOLF_WINTER;L#WOLST;L#WOLST;SOTSC;6;;;Pregnant Wolf;;WinterWolf;true
L#XVAST;HUMANOID;KOBOLD;KOBOLD_XVART;KOBOLD_XVART;L#XVAST;L#XVAST;SOTSC;1;;;Roomokum;;;
L#XZE;UNDEAD;REVENANT;PALADIN;FIGHTER_FEMALE_HUMAN;L#XZE;L#XZE;INLOVEUNDEATH;7;;;XzelÃƒÂ«;;;
L#XZE25;UNDEAD;REVENANT;PALADIN;FIGHTER_FEMALE_HUMAN;L#XZE;L#XZE25;INLOVEUNDEATH;7;;;XzelÃƒÂ«;;;
L#XZEANK;UNDEAD;ANKHEG;ANKHEG;L#_ANKHEG_ZOMBIE;L#XZEANK;;INLOVEUNDEATH;3;;;Dreadful Zombie Ankheg;;Ankheg;true
L#XZEANS;UNDEAD;ANKHEG;ANKHEG;L#_ANKHEG_ZOMBIE;L#XZEANS;;INLOVEUNDEATH;3;;;Zombie Ankheg;;Ankheg;true
L#XZECHI;MONSTER;WYVERN;WYVERN;L#_CHIMERA_INFERNAL;L#XZECHI;L#XZECHI;INLOVEUNDEATH;10;;;Ou'Ghallazz, The Three-Headed Beast;;Wyvern;false
L#XZECLE;UNDEAD;SKELETON;CLERIC;SKELETON;L#XZECLE;L#XZECLE;INLOVEUNDEATH;6;;;Arlg, The Skeletal Cleric;;Skeleton;false
L#XZECUR;UNDEAD;DEMONIC;FIGHTER;FIGHTER_FEMALE_HUMAN;L#XZECUR;L#XZECUR;INLOVEUNDEATH;20;;;Taszandav, the Curst;;;
L#XZEDWA;UNDEAD;DWARF;FIGHTER;FIGHTER_MALE_DWARF;L#XZEDWA;L#XZEDWA;INLOVEUNDEATH;18;;;Gidgin, the Gone Dwarf;;;
L#XZEGOL;GIANTHUMANOID;GOLEM;GOLEM_FLESH;OGRILLON;L#XZEGOL;L#XZEGOL;INLOVEUNDEATH;9;;;Grave Dirt Golem;;FleshGolem;false
L#XZEOHM;UNDEAD;GHOUL;GHOUL;GHOUL;L#XZEOHM;L#XZEOHM;INLOVEUNDEATH;2;;;Ohm, the Ghoul;;Ghoul;false
L#XZEP1A;UNDEAD;SKELETON;SKELETON;SKELETON;L#XZEP1;;INLOVEUNDEATH;1;;CONTROLLED;Cherished Skeleton;true;Skeleton;false
L#XZEP1B;UNDEAD;SKELETON;SKELETON;SKELETON;L#XZEP1;;INLOVEUNDEATH;5;;CONTROLLED;Cherished Skeleton;true;Skeleton;false
L#XZEP1C;UNDEAD;SKELETON;SKELETON;SKELETON;L#XZEP1;;INLOVEUNDEATH;9;;CONTROLLED;Cherished Skeleton;true;Skeleton;false
L#XZEP1D;UNDEAD;SKELETON;SKELETON;SKELETON;L#XZEP1;;INLOVEUNDEATH;13;;CONTROLLED;Cherished Skeleton;true;Skeleton;false
L#XZEP1E;UNDEAD;SKELETON;SKELETON;SKELETON;L#XZEP1;;INLOVEUNDEATH;17;;CONTROLLED;Cherished Skeleton;true;Skeleton;false
L#XZEP1F;UNDEAD;SKELETON;SKELETON;SKELETON;L#XZEP1;;INLOVEUNDEATH;20;;CONTROLLED;Cherished Skeleton;true;Skeleton;false
L0EMIS;GIANTHUMANOID;ELEMENTAL;ELEMENTAL_AIR;ELEMENTAL_AIR_SMALL;L0EMIS;L0EMIS;WILLOWISP;12;;;Emissary Shy'glegh;;;
L0EMISX;GIANTHUMANOID;ELEMENTAL;ELEMENTAL_AIR;ELEMENTAL_AIR_SMALL;L0EMISX;L0EMISX;WILLOWISP;12;;;Eidolon Mist;;;
L0GHAS;MONSTER;DEMONIC;TANARI;FIEND_GREEN;L0GHAS;;STRATAGEMS;12;;;Ghastlycleaver;;;
L0MERCH;UNDEAD;SPECTRE;SPECTRE;MAGE_MALE_HUMAN;L0MERCH;L0MERCH;WILLOWISP;10;;;Merchant;;Ghost;false
L0MOW;UNDEAD;SPECTRE;BARD;WILL_O_WISP;L0MOW;L0MOW;WILLOWISP;12;;;Mother-o'-wisps;;;
L0MOW2;UNDEAD;SPECTRE;BARD;WILL_O_WISP;L0MOW1;L0MOW1;WILLOWISP;12;;CONTROLLED;Mother-o'-wisps;true;;
L0SMWII;UNDEAD;WILL-O-WISP;SHADOW;WILL_O_WISP_SMALL;;L0SMWII;WILLOWISP;4;SUMMONED;;Cold Light;true;;
L0SPID;MONSTER;SPIDER;SPIDER_SWORD;SPIDER_SWORD;L0SPID;;WILLOWISP;5;;;Dencrawler Spider;;SwordSpider;false
L0SPIDX;MONSTER;SPIDER;SPIDER_SWORD;SPIDER_HUGE;L0SPIDX;L0SPIDX;WILLOWISP;5;;;Spider;;SwordSpider;false
L0SQ;ANIMAL;NO_RACE;FOOD_CREATURE;SQUIRREL;L0SQ;NONE;WILLOWISP;1;;;Squirrel;;;
L0SUMM1;MONSTER;WRAITH;NO_CLASS;DOOM_GUARD;L0SUMM1;NONE;WILLOWISP;2;SUMMONED;CONTROLLED;Necrotic Fireflies;true;;
L0SUMM2;MONSTER;SPECTRAL_UNDEAD;NO_CLASS;WILL_O_WISP_SMALL;L0SUMM2;NONE;WILLOWISP;2;SUMMONED;CONTROLLED;Lesser Will-o'-Wisp;true;;
L0SUMM3;MONSTER;WRAITH;NO_CLASS;DOOM_GUARD;L0SUMM3;NONE;WILLOWISP;2;SUMMONED;CONTROLLED;Greater Necrotic Fireflies;true;;
L0SUMM4;MONSTER;SPECTRAL_UNDEAD;NO_CLASS;WILL_O_WISP;L0SUMM4;NONE;WILLOWISP;2;SUMMONED;CONTROLLED;Will-o'-Wisp;true;;
L0SUMM5;UNDEAD;SPECTRE;SPECTRE;MAGE_MALE_HUMAN;L0SUMM5;NONE;WILLOWISP;10;SUMMONED;CONTROLLED;Spectre;true;Ghost;false
L0SUMM6;MONSTER;SPECTRAL_UNDEAD;NO_CLASS;WILL_O_WISP;L0SUMM6;NONE;WILLOWISP;12;SUMMONED;CONTROLLED;Greater Will-o'-Wisp;true;;
L0SUMM7;MONSTER;ELEMENTAL;MIST;MIST_CREATURE;L0SUMM7;NONE;WILLOWISP;12;SUMMONED;CONTROLLED;Fiery Spirit;true;;
L0TREE;UNDEAD;SHADOW;FIGHTER;TREANT_DARK;SHADOW01;NONE;WILLOWISP;12;;;Dark Treant;;;
L0UDBEA;MONSTER;MIND_FLAYER;SOD_TMP;12289;L0UDBEA;L0UDBEA;WILLOWISP;16;;;Beast of Gloom;;;
L0UDWI;UNDEAD;MEPHIT;MEPHIT;WILL_O_WISP;L0UDWI;;WILLOWISP;3;;;Dense Energy;;;
L0WILL;UNDEAD;SPECTRE;SHAMAN;CLERIC_MALE_HUMAN;L0WILL;L0WILL;WILLOWISP;8;;;Will;;;
L0WILL25;UNDEAD;SPECTRE;SHAMAN;CLERIC_MALE_HUMAN;L0WILL;L0WILL25;WILLOWISP;8;;;Will;;;
L0WISP1;UNDEAD;WILL-O-WISP;BARD;WILL_O_WISP;L0WISP1;L0WISP1;WILLOWISP;9;;;Will-o'-wisp;;;
L0WISP2;UNDEAD;WILL-O-WISP;BARD;WILL_O_WISP;L0WISP2;L0WISP2;WILLOWISP;9;;;Storyteller Wisp;;;
L0WSPDM;UNDEAD;SPECTRAL_UNDEAD;SHADOW;WILL_O_WISP_SMALL;L0WSPDM;;WILLOWISP;3;;;Dreadful Light;;;
L0WSPWS;UNDEAD;SPECTRAL_UNDEAD;SHADOW;WILL_O_WISP;L0WSPWS;;WILLOWISP;7;;;Will-o'-wisp;;;
LACEDO01;UNDEAD;GHOUL;GHOUL;GHOUL;None;;BG2;5;;;Lacedon;;Ghoul;true
LACEDO02;UNDEAD;GHOUL;GHOUL_GHAST;GHAST;None;;BG2;9;;;Greater Lacedon;;GhoulLord;true
LAHL;MONSTER;LYCANTHROPE;WEREWOLF;FIGHTER_MALE_HUMAN;lahl;LAHL;stratagems;1;;;Lahl;;;
LARRIA;MONSTER;FAIRY;MAGE;SIRINE;LARRIA;larria;stratagems;6;;;Larriaz;;Sirine;true
LARRY;HUMANOID;KOBOLD;KOBOLD;KOBOLD;LARRY;larry;BG1;1;;;Larry;;;
LARZE;GIANTHUMANOID;OGRE;OGRE;OGRE;LARZE;larze;BG1;11;;;Larze;;Ogre;true
LASMIST;MONSTER;NO_RACE;NO_CLASS;BLOB_MIST_CREATURE;None;None;BG2;1;;;Gaseous Form;;;
LASSAL;UNDEAD;VAMPIRE;FIGHTER_THIEF;VAMPIRE;Lassal;lassal;STRATAGEMS;12;;;Lassal;;;
LASSAL02;UNDEAD;VAMPIRE;FIGHTER_THIEF;VAMPIRE;Lassal02;lassal02;STRATAGEMS;12;;;Lassal;;;
LAUNE;UNDEAD;VAMPIRE;FIGHTER_THIEF;VAMPIRE_FEMALE;laune;laune;STRATAGEMS;8;;;Meredath;;;
LESTER;UNDEAD;GHOUL;GHOUL;ZOMBIE;lester;lester;BG2;29;;;Uncle Lester;;Ghoul;false
LI#DRUAI;MONSTER;ELEMENTAL;ELEMENTAL_EARTH;ELEMENTAL_AIR;None;;FAITHS_AND_POWERS;24;SUMMONED;CONTROLLED;Greater Air Elemental;true;;
LI#DRUWA;GIANTHUMANOID;ELEMENTAL;NO_CLASS;WATER_WEIRD;None;;FAITHS_AND_POWERS;24;;CONTROLLED;Greater Water Elemental;true;;
LICH01;HUMANOID;NO_RACE;NO_CLASS;BIRD;;None;STRATAGEMS;1;;;;;;
LICHEL01;UNDEAD;LICH;MAGE;LICH;None;None;BG2;30;;;Elemental Lich;;;
LLYLLA;ANIMAL;NO_RACE;NO_CLASS;DEER;Llylla;Llylla;BG2;1;;;Llylla;;;
LOUPGAR;MONSTER;LYCANTHROPE;WEREWOLF;WEREWOLF_GREATER;loupgar;None;stratagems;7;;;Selaad Gan;;;
LOVE;HUMANOID;GOLEM;GOLEM_IRON;FIGHTER_MALE_DWARF;love;LOVE;BG1;1;;;Warder;;IronGolem;false
LOVEM;HUMANOID;GOLEM;GOLEM_IRON;FIGHTER_FEMALE_DWARF;lovem;None;VIENXAY;12;;;Love;;IronGolem;false
M05DEMON;MONSTER;DEMONIC;TANARI;TANARRI;m05demon;;BG2;13;;;Balor;;;
M05PCSPY;HUMANOID;PLATE;LONG_SWORD;BIRD;m05pcspy;None;BG2;1;;;;;;
M05SPIR1;UNDEAD;ELF;INNOCENT;FIGHTER_MALE_ELF;m05spir1;None;BG2;1;;;Elven Spirit;;;
M05SPIR2;UNDEAD;ELF;INNOCENT;FIGHTER_MALE_ELF;m05spir2;None;BG2;1;;;Elven Spirit;;;
MALKAL;UNDEAD;GHOUL;GHOUL_REVEANT;GHOUL;None;malkal;BG1;0;;;Mal-Kalen;;GhoulLord;true
MALKAX;HUMANOID;HOBGOBLIN;HOBGOBLIN;HOBGOBLIN;MALKAX;None;BG1;3;;;Malkax;;;
MANE;HUMANOID;NO_RACE;NO_CLASS;GHOUL;None;;BG2;1;;;Mane;;;
MARALE;MONSTER;LYCANTHROPE;INNOCENT;CLERIC_FEMALE_HUMAN;Maralee;MARALE;stratagems;2;;;Maralee;;;
MARALE2;MONSTER;LYCANTHROPE;INNOCENT;CLERIC_FEMALE_HUMAN;Maralee;MARALE2;stratagems;2;;;Maralee;;;
MDAIR;GIANTHUMANOID;ELEMENTAL;ELEMENTAL_AIR;ELEMENTAL_AIR;None;MDAir;BG2;12;;;Air Elemental;;;
MDAIR2;GIANTHUMANOID;ELEMENTAL;ELEMENTAL_AIR;ELEMENTAL_AIR;None;MDAir2;BG2;12;;;Air Elemental;;;
MDAIRG;GIANTHUMANOID;ELEMENTAL;ELEMENTAL_AIR;ELEMENTAL_AIR;None;MDAir;BG2;16;;;Greater Air Elemental;;;
MDAIRG2;GIANTHUMANOID;ELEMENTAL;ELEMENTAL_AIR;ELEMENTAL_AIR;None;MDAir2;BG2;16;;;Greater Air Elemental;;;
MDDUST;HUMANOID;MEPHIT;MEPHIT;IMP;DUSTMEP;MDDust;BG2;3;;;Dust Mephit;;;
MDEARTH;GIANTHUMANOID;ELEMENTAL;ELEMENTAL_EARTH;ELEMENTAL_EARTH;MDEarth;MDEarth;BG2;24;;;Earth Elemental;;;
MDEARTH2;GIANTHUMANOID;ELEMENTAL;ELEMENTAL_EARTH;ELEMENTAL_EARTH;EARTHMEP;MDEarth;BG2;24;;;Earth Elemental;;;
MDHSSS;GIANTHUMANOID;ELEMENTAL;ELEMENTAL_AIR;ELEMENTAL_AIR;None;MDHsss;BG2;16;;;Greater Air Elemental;;;
MDRAK;HUMANOID;RAKSHASA;MAGE;RAKSHASA;MDrak;MDRak;BG2;11;;;Maharajah;;;
MEIALA;HUMANOID;FAIRY;FAIRY_SIRINE;SIRINE;Meiala;meiala;BG1;11;;;Meiala the Sirine;;Sirine;true
MEKEAR01;GIANTHUMANOID;ELEMENTAL;ELEMENTAL_EARTH;ELEMENTAL_EARTH_SMALL;mekear01;mekear01;BG2;10;;;Lesser Earth Elemental;;;
MEKIMP01;MONSTER;IMP;MAGE;IMP;mekimp01;mekimp01;STRATAGEMS;4;;;Imp;;;
MELRAT;KEY;NO_RACE;NO_CLASS;RAT;melrat;None;ascension;1;;;;;;
MELSUM01;MONSTER;DEMONIC;TANARI;GLABREZU;dglab01;None;BG2;17;;;Glabrezu;;;
MELSUM02;HUMANOID;DEMONIC;FIGHTER_MAGE;DEATH_KNIGHT;uddeath;uddeath;STRATAGEMS;18;;;Demon Knight;;;
MELSUM03;UNDEAD;BEHOLDER;BEHOLDER;BEHOLDER;None;;BG2;14;;;Death Tyrant;;;
MELSUM04;MONSTER;DEMONIC;TANARI;TANARRI;demosum2;demosum2;BG2;24;;;Balor;;;
MELSUM05;MONSTER;DEMONIC;TANARI;MARILITH;Demosum1;demosum1;BG2;20;;;Marilith;;;
MELSUM06;UNDEAD;MIND_FLAYER;MIND_FLAYER;MINDFLAYER;None;None;BG2;20;;;Alhoon;;;
MEMNIS;HUMANOID;WOLF;WOLF;THIEF_MALE_HUMAN;Memnis;memnis;BG1;3;;;Meym;;Wolf;false
MENDAS;MONSTER;LYCANTHROPE;WEREWOLF;MAGE_MALE_HUMAN;mendas;menda1;stratagems;20;;;Mendas;;;
MENDAS2;MONSTER;LYCANTHROPE;WEREWOLF;MAGE_MALE_HUMAN;mendas;menda2;stratagems;20;;;Mendas;;;
MENDAS3;MONSTER;LYCANTHROPE;MAGE;MAGE_MALE_HUMAN;mendas3;menda4;stratagems;10;;;Mendas;;;
MEPAIR01;HUMANOID;MEPHIT;MEPHIT;IMP;None;;BG2;3;;;Air Mephit;;;
MEPDUS01;HUMANOID;MEPHIT;MEPHIT;IMP;None;;BG2;3;;;Dust Mephit;;;
MEPEAR01;HUMANOID;MEPHIT;MEPHIT;IMP;None;;BG2;3;;;Earth Mephit;;;
MEPEAR01;HUMANOID;MEPHIT;MEPHIT;IMP;NONE;;BG1;3;;;Earth Mephit;;;
MEPFIR01;HUMANOID;MEPHIT;MEPHIT;IMP;None;;BG2;3;;;Fire Mephit;;;
MEPHSP1;MONSTER;NO_RACE;NO_CLASS;DOOM_GUARD;MephitPortal1;None;BG2;0;;;Mephit Portal;;;
MEPHSP2;MONSTER;NO_RACE;NO_CLASS;DOOM_GUARD;MephitPortal2;None;BG2;0;;;Mephit Portal;;;
MEPHSP3;MONSTER;NO_RACE;NO_CLASS;DOOM_GUARD;MephitPortal3;None;BG2;0;;;Mephit Portal;;;
MEPHSP4;MONSTER;NO_RACE;NO_CLASS;DOOM_GUARD;MephitPortal4;None;BG2;0;;;Mephit Portal;;;
MEPICE01;HUMANOID;MEPHIT;MEPHIT;IMP;None;;BG2;3;;;Ice Mephit;;;
MEPICE02;HUMANOID;MEPHIT;MEPHIT;IMP;Mepice02;;BG2;3;;;Ice Mephit;;;
MEPLIG01;HUMANOID;MEPHIT;MEPHIT;IMP;None;;BG2;3;;;Lightning Mephit;;;
MEPMAG01;HUMANOID;MEPHIT;MEPHIT;IMP;None;;BG2;3;;;Magma Mephit;;;
MEPMAG01;HUMANOID;MEPHIT;MEPHIT;IMP;MEPMAG01;;BG1;3;;;Magma Mephit;;;
MEPMAG02;HUMANOID;MEPHIT;MEPHIT;IMP;Mepmag02;;BG2;3;;;Magma Mephit;;;
MEPMIN01;HUMANOID;MEPHIT;MEPHIT;IMP;None;;BG2;3;;;Mineral Mephit;;;
MEPMIS01;HUMANOID;MEPHIT;MEPHIT;IMP;None;;BG2;3;;;Mist Mephit;;;
MEPOOZ01;HUMANOID;MEPHIT;MEPHIT;IMP;None;;BG2;3;;;Ooze Mephit;;;
MEPRAD01;HUMANOID;MEPHIT;MEPHIT;IMP;None;;BG2;3;;;Radiant Mephit;;;
MEPRAD02;HUMANOID;MEPHIT;MEPHIT;IMP;Meprad02;;BG2;3;;;Radiant Mephit;;;
MEPSAL01;HUMANOID;MEPHIT;MEPHIT;IMP;None;;BG2;3;;;Salt Mephit;;;
MEPSMO01;HUMANOID;MEPHIT;MEPHIT;IMP;None;;BG2;3;;;Smoke Mephit;;;
MEPSMO02;HUMANOID;MEPHIT;MEPHIT;IMP;Mepsmo02;;BG2;3;;;Smoke Mephit;;;
MEPSTE01;HUMANOID;MEPHIT;MEPHIT;IMP;None;;BG2;3;;;Steam Mephit;;;
MEYM;MONSTER;LYCANTHROPE;WOLFWERE;THIEF_MALE_HUMAN;meym;meym;stratagems;6;;;Meym;;;
MGKET01;HUMANOID;MACE;FIGHTER;FIGHTER_MALE_HUMAN;mgket01;mgket01;BG2;8;;;Lord Ketlaar Argrim;;;
MIMIC01;MONSTER;MIMIC;MIMIC;DOOM_GUARD;mimick;None;BG2;10;;;Killer Mimic;;;
MINDAL01;UNDEAD;MIND_FLAYER;MIND_FLAYER;MINDFLAYER;mindal01;None;dw_lanthorn;20;;;Alhoon;;;
MINDFL01;HUMANOID;MIND_FLAYER;MIND_FLAYER;MINDFLAYER;mindfl01;None;BG2;8,12;;;Mind Flayer;;;
MINDFL01;HUMANOID;MIND_FLAYER;MIND_FLAYER;MINDFLAYER;mindfl01;None;BG1;8,12;;;Mind Flayer;;;
MINDUL01;HUMANOID;MIND_FLAYER;NO_CLASS;MINDFLAYER;None;None;BG2;14;;;Ulitharid;;;
MINDVA01;UNDEAD;MIND_FLAYER;MIND_FLAYER;MINDFLAYER;None;None;BG2;12;;;Vampiric Illithid;;;
MINDVAM;UNDEAD;MIND_FLAYER;MIND_FLAYER;MINDFLAYER;None;None;BG2;12;;;Vampiric Illithid;;;
MISTCD01;MONSTER;MIST;MIST;MIST_CREATURE;None;None;BG2;12;;;Crimson Death;;;
MISTHO01;UNDEAD;MIST;MIST;MIST_CREATURE;mistho01;None;BG2;12;;;Mist Horror;;;
MISTPO01;MONSTER;MIST;MIST;MIST_CREATURE;mistpo01;None;BG2;6;SUMMONED;;Poison Mist;true;;
MISTPO01;MONSTER;MIST;MIST;MIST_CREATURE;mistpo01;None;BG1;6;SUMMONED;;Poison Mist;true;;
MISTVA01;UNDEAD;MIST;MIST;MIST_CREATURE;mistva;None;BG2;5;;;Vampiric Mist;;;
MISTWA01;UNDEAD;MIST;MIST;MIST_CREATURE;mistwa;None;BG2;12;;;Wandering Horror;;;
MOBHA03;UNDEAD;SKELETON;THIEF;AC#MERRENOLOTH;mobha03;;CRUCIBLE;20;;;Entropic Reaper;;;
MOBHA03K;UNDEAD;SKELETON;THIEF;AC#MERRENOLOTH;mobha03k;;CRUCIBLE;20;;;Entropic Reaper;;;
MOBHA04;MONSTER;DEMONIC;TANARI;AC#BEBILITH;mobha04;;CRUCIBLE;10;;;Bebilith;;;
MOBHA09;MONSTER;DEMONIC;TANARI;MO_BALOR_NWN;mobha09;;CRUCIBLE;21;;;Balor;;;
MOBHA10;MONSTER;DEMONIC;TANARI;MO_BALOR_NWN;mobha10;mobha10;CRUCIBLE;21;;;Drargumaz;;;
MOBHA11;MONSTER;DEMONIC;TANARI;GLABREZU;mobha11;None;CRUCIBLE;10;;;Glabrezu;;;
MOBHA12;MONSTER;DARKPLANATAR;CLERIC_MAGE;DEVA_MONADIC;mobha12;;jtweaks;25;;;Fallen Planetar;;;
MOBHA13;MONSTER;DARKPLANATAR;CLERIC_MAGE;DEVA_MONADIC;mobha13;mobha13;jtweaks;25;;;Hasdiel;;;
MOBHA14;MONSTER;ANTISOLAR;CLERIC_MAGE;DEVA_MONADIC;mobha14;;jtweaks;25;;;Fallen Deva;;;
MOBHA15;HUMANOID;DEMONIC;FIGHTER_MAGE;DEATH_KNIGHT;mobha15;;CRUCIBLE;18;;;Demon Knight;;;
MOBHA16;MONSTER;DEMONIC;IMP;FIGHTER_FEMALE_ELF;mobha16;None;CRUCIBLE;18;;;Lilitu;;;
MOBHA19;MONSTER;NO_RACE;CLERIC;DOOM_GUARD_LARGER;mobha19;MOBHA19;CRUCIBLE;8;;;Statue;;;
MOBHA20;MONSTER;DEMONIC;TANARI;MARILITH;mobha20;MOBHA20;CRUCIBLE;20;;;Sapphira;;;
MOBHA21;MONSTER;DEMONIC;TANARI;MO_SUCCUBUS_NWN;mobha21;None;CRUCIBLE;9;;;Succubus;;;
MOBHA22;MONSTER;DEMONIC;TANARI;MO_SUCCUBUS_NWN;MOBHA22;MOBHA22;CRUCIBLE;9;;;Kirinhale;;;
MOBHA23;HUMANOID;DEMONIC;CLERIC;AC#TRUE_SHADOW;mobha23;MOBHA23;CRUCIBLE;25;;;Belchaad the Juggernaut;;;
MOBHA24;HUMANOID;DEMONIC;FIGHTER_MAGE;DEATH_KNIGHT;mobha24;;CRUCIBLE;22;;;Galgomach;;;
MOBHA25;MONSTER;DEMONIC;TANARI;MARILITH;mobha25;;CRUCIBLE;23;;;Zephaniah;;;
MOBHA26;MONSTER;DEMONIC;IMP;FIGHTER_FEMALE_ELF;mobha26;None;CRUCIBLE;23;;;Melalas;;;
MOBHA27;MONSTER;DEMONIC;TANARI;MO_BALOR_NWN;mobha27;;CRUCIBLE;23;;;Toz'gadath;;;
MOBHA28;MONSTER;PLANATAR;NO_CLASS;AC#TRIAS;mobha28;MOBHA28;CRUCIBLE;25;;;Malchediel;;;
MOBHA28A;MONSTER;PLANATAR;NO_CLASS;AC#TRIAS;MOBHA28a;MOBHA28a;CRUCIBLE;25;;;Malchediel;;;
MOBHA30;MONSTER;NO_RACE;TANARI;BIRD;ppguy01;MOBHA30;CRUCIBLE;25;;;;;;
MOBHA31;MONSTER;NO_RACE;TANARI;BIRD;ppguy01;MOBHA31;CRUCIBLE;25;;;;;;
MOBHA32;MONSTER;NO_RACE;TANARI;BIRD;ppguy01;MOBHA32;CRUCIBLE;25;;;;;;
MOBHA33;MONSTER;NO_RACE;TANARI;BIRD;ppguy01;MOBHA33;CRUCIBLE;25;;;;;;
MOBHA35;UNDEAD;LICH;CLERIC_MAGE;LICH;mobha35;None;CRUCIBLE;31;;;Zendrilar;;;
MOBHA36;UNDEAD;LICH;MAGE;LICH;mobha36;None;CRUCIBLE;34;;;Tagreloth;;;
MOBHA39;ANIMAL;CAT;HUNTER_CREATURE;AC#DISPLACER_BEAST;mobha39;;CRUCIBLE;12;;;Macula;;;
MOBHA42;UNDEAD;LICH;SORCERER;LICH;mobha42;None;CRUCIBLE;34;;;Azzeth;;;
MOBHA43;UNDEAD;MIST;MIST;MIST_CREATURE;mobha43;None;CRUCIBLE;12;;;Phiuhl;;;
MOBHA45;MONSTER;DARKPLANATAR;CLERIC_MAGE;DEVA_MONADIC;mobha45;mobha45;jtweaks;25;;;Osmadiel;;;
MOBHA46;UNDEAD;LICH;SORCERER;LICH;mobha46;mobha46;CRUCIBLE;34;;;Gaohan Ralahr;;;
MOBHA47;HUMANOID;GIANT;FIGHTER;GIANT_FOMORIAN;mobha47;;CRUCIBLE;25;;;Mutant Fomorian Giant;;;
MOBHA48;MONSTER;LYCANTHROPE;WEREWOLF;WEREWOLF_GREATER;mobha48;None;STRATAGEMS;14;;;Hellfire Werewolf;;;
MOBHA49;MONSTER;UMBERHULK;UMBERHULK;UMBER_HULK_VODYANOI;mobha49;;CRUCIBLE;15;;;Twisted Abyssal Hulk;;;
MOBHA50;HUMANOID;DEMONIC;CLERIC;OROG_SHAMAN;mobha50;;CRUCIBLE;22;;;Corrupted Orog Shaman;;;
MOBHA52;WEAPON;SWORD;GNOLL;DANCING_SWORD;None;;CRUCIBLE;10;;;Magical Sword;;;
MOBHA53;GIANTHUMANOID;DEMONIC;MAGE;AC#FELL_PST;mobha53;mobha53;CRUCIBLE;5;;;Jambi;;;
MOBHA53A;GIANTHUMANOID;DEMONIC;MAGE;C0_AURA_AUTOMATON_UNARMED_HUGE;mobha53;MOBHA53;CRUCIBLE;5;;;Another challenge. Alright, alright... let's just get this over with.;;;
MOBHA54;MONSTER;WOLF;WOLF_WORG;WORG;mobha54;;CRUCIBLE;10;;;Barghest;;Worg;false
MOBHA57;MONSTER;DRAGON;RED_DRAGON;MO_PYRO_DRAGON_NWN;mobha57;;CRUCIBLE;30;;;Pyroclastic Dragon;;;
MOBHA58;GIANTHUMANOID;DEMONIC;TANARI;DEATH_KNIGHT;mobha58;mobha58;CRUCIBLE;18;;;Malik;;;
MOBHA59;GIANTHUMANOID;GOLEM;GOLEM_CLAY;GOLEM_CLAY;mobha59;;CRUCIBLE;9;;;Clay Golem;;ClayGolem;false
MOBHA60;HUMANOID;IMP;IMP;IMP;mobha60;mobha60;CRUCIBLE;3;;;Nekri;;;
MOBHA61;UNDEAD;LICH;MAGE;LICH_BLACK;mobha61;;CRUCIBLE;30;;;Necromancer;;;
MOBHA62;MONSTER;DEMONIC;TANARI;SKELETON_FIEND;mobha62;None;CRUCIBLE;12;;;Bone Fiend;;;
MOONDOG;ANIMAL;DOG;DOG_WAR;DOG_MOON;moondog;moondog;BG2;12;SUMMONED;CONTROLLED;Cerebus;true;WarDog;false
MOOSE;ANIMAL;NO_RACE;NO_CLASS;MOOSE;None;None;BG2;1;;;Moose;;;
MOOSE01;ANIMAL;NO_RACE;NO_CLASS;MOOSE;moose01;;BG2;1;;;Moose;;;
MOOSE01;ANIMAL;NO_RACE;FOOD_CREATURE;MOOSE;MOOSE01;;BG1;1;;;Moose;;;
MS7BGRD;UNDEAD;SKELETON;FIGHTER;SKELETON_FIEND;Ghast;None;STRATAGEMS;8;SUMMONED;CONTROLLED;Boneguard;true;Baneguard;false
MS7BGRD;UNDEAD;SKELETON;FIGHTER;SKELETON_FIEND;Ghast;None;stratagems;8;SUMMONED;CONTROLLED;Boneguard;true;Baneguard;false
MS7UMBH;MONSTER;UMBERHULK;FIGHTER;UMBER_HULK;Ghast;None;STRATAGEMS;9;SUMMONED;;Umber Hulk;true;;
MS7UMBH;MONSTER;UMBERHULK;FIGHTER;UMBER_HULK;Ghast;None;stratagems;9;SUMMONED;;Umber Hulk;true;;
MTOWWI;MONSTER;LYCANTHROPE;INNOCENT;FIGHTER_MALE_HUMAN;None;MTOWWI;stratagems;1;;;Commoner;;;
MTOWWI_A;MONSTER;LYCANTHROPE;INNOCENT;FIGHTER_MALE_HUMAN;None;MTOWWI;stratagems;1;;;Commoner;;;
MTOWWI_B;MONSTER;LYCANTHROPE;INNOCENT;FIGHTER_MALE_HUMAN;None;MTOWWI;stratagems;1;;;Commoner;;;
MTOWWI_C;MONSTER;LYCANTHROPE;INNOCENT;FIGHTER_MALE_HUMAN;None;MTOWWI;stratagems;1;;;Commoner;;;
MTOWWI_D;MONSTER;LYCANTHROPE;INNOCENT;FIGHTER_MALE_HUMAN;None;MTOWWI;stratagems;1;;;Commoner;;;
MTOWWI_E;MONSTER;LYCANTHROPE;INNOCENT;FIGHTER_MALE_HUMAN;None;MTOWWI;stratagems;1;;;Commoner;;;
MUGGER4;GIANTHUMANOID;OGRE;OGRE;OGRE;SlumsMugger4;mugger4;BG2;4;;;Ogre;;Ogre;false
MUMGRE01;UNDEAD;GHOUL;GHOUL_REVEANT;MUMMY;MUMGRE01;Mummy;BG2;14;;;Greater Mummy;;GreaterMummy;true
MUMMY;UNDEAD;GHOUL;GHOUL_REVEANT;MUMMY;Mummy;Mummy;BG2;7;;;Mummy;;Mummy;true
MUMMY01;UNDEAD;GHOUL;GHOUL_REVEANT;MUMMY;Mummy01;Mummy;BG2;7;;;Mummy;;Mummy;true
NARRAT;HUMANOID;NO_RACE;NO_CLASS;DOOM_GUARD;NARRAT;narrat;BG1;8;;;Dradeel;;;
NARRAT2;HUMANOID;NO_RACE;NO_CLASS;DOOM_GUARD;NARRAT2;narrat2;BG1;8;;;Dradeel;;;
TREVIL04;ANIMAL;BEAR;BEAR_BROWN;BEAR_BROWN;None;;BG2;9;;;Grizzly Bear;;GrizzlyBear;true
NCAT;ANIMAL;CAT;NO_CLASS;CAT;None;None;BG2;1;;;Cat;;;
NCHICK;ANIMAL;NO_RACE;NO_CLASS;CHICKEN;None;None;BG2;1;;;Chicken;;;
NCOW;ANIMAL;NO_RACE;NO_CLASS;COW;None;None;BG2;1;;;Cow;;;
NDOG;ANIMAL;DOG;NO_CLASS;DOG_WILD;None;;BG2;1;;;Dog;;WildDog;false
NECHICK1;ANIMAL;NO_RACE;FOOD_CREATURE;CHICKEN;None;None;BG1;1;;;Chicken;;;
NEDEER1;ANIMAL;NO_RACE;FOOD_CREATURE;DEER;None;None;BG1;1;;;Deer;;;
NEGOB01;HUMANOID;KOBOLD;THIEF;GOBLIN_BOW;NEGOB01;;BG1;1;;;Goblin;;;
NEGOB02;HUMANOID;HOBGOBLIN;HOBGOBLIN;GOBLIN_AXE;None;;BG1;1;;;Goblin;;;
NEGOB03;HUMANOID;HOBGOBLIN;HOBGOBLIN;GOBLIN_AXE;None;;BG1;1;;;Goblin;;;
NEGUAR01;HUMANOID;KOBOLD;THIEF;GOBLIN_BOW;NEGUAR01;NEGOBB01;BG1;1;;;Goblin;;;
NEGUAR02;HUMANOID;KOBOLD;THIEF;GOBLIN_BOW;NEGUAR02;NEGOBB02;BG1;1;;;Goblin;;;
NEINVI;MONSTER;NO_RACE;NO_CLASS;DOOM_GUARD;NEINVI;NERILSA;BG1;8;;;;;;
NEMOOSE1;ANIMAL;NO_RACE;NO_CLASS;MOOSE;moose01;;BG1;1;;;Moose;;;
NEOGRE;GIANTHUMANOID;OGRE;OGRE;OGRE;NEOGRE;;BG1;4;;;Ogre Berserker;;OgreBerserker;true
NERABIT1;ANIMAL;RABBIT;NO_CLASS;RABBIT;rabbit01;None;BG1;1;;;Rabbit;;;
NEROGDOK;HUMANOID;HOBGOBLIN;THIEF;HOBGOBLIN;NEROGDOK;NEROGDOK;BG1;5;;;Rogdok;;;
NESQRL;ANIMAL;RABBIT;NO_CLASS;SQUIRREL;NESQRL;NESQRL;BG1;1;;;Squirrel;;;
NEUMBER;MONSTER;UMBERHULK;UMBERHULK;UMBER_HULK;NEUMBER;;BG1;6;;;Umber Hulk;;;
NEVAZIAH;UNDEAD;LICH;MAGE;LICH;nevaziah;nevaziah;BG2;14;;;Nevaziah;;;
NEVM1;UNDEAD;GHOUL;GHOUL;SHADOW;NevPupil;;BG2;5;;;Wight;;Ghoul;false
NEVM2;UNDEAD;SKELETON;SKELETON_WARRIOR;SKELETON_MONSTER;NevPupil;grskel2;BG2;7;;;Skeleton Warrior;;SkeletonWarrior;true
NEVM3;UNDEAD;GHOUL;GHOUL_GHAST;GHAST;NevPupil;;BG2;6;;;Ghast;;Ghast;true
NEVM4;UNDEAD;VAMPYRE;VAMPYRE;VAMPIRE;nevm4;None;d0questpack;13;;;Vampyre;;;
NEVM5;UNDEAD;ZOMBIE;ZOMBIE_NORMAL;ZOMBIE;NevPupil;zombie;BG2;2;;;Zombie;;;
NEXLIT;HUMANOID;KOBOLD;KOBOLD_XVART;KOBOLD_XVART;Nexlit;NEXLIT;BG1;1;;;Nexlit the Xvart;;;
NHORSE;ANIMAL;NO_RACE;NO_CLASS;HORSE;None;None;BG2;1;;;Horse;;;
NISHRUSU;MONSTER;MIST;MIST;MIST_CREATURE;NONE;;SPELL_REV;9;SUMMONED;;Nishruu;true;;
NISHRUSU;MONSTER;MIST;MIST;MIST_CREATURE;NONE;;stratagems;9;SUMMONED;;Nishruu;true;;
NOSAVE;HUMANOID;NO_RACE;NO_CLASS;BIRD;NoSave;None;BG2;1;;;;;;
NTARCHAN;HUMANOID;FAIRY;FAIRY_DRYAD;SIRINE;NTARCHAN;NTARCHAN;NTOTSC;2;;;Archandra;;Dryad;true
NTASHIRU;UNDEAD;HUMAN;FIGHTER_THIEF;THIEF_FEMALE_ELF;ASHIRU;;NTOTSC;8;;;Ashirukuru;;;
NTASSAIA;HUMANOID;FAIRY;FAIRY_DRYAD;SIRINE;NTASSAIA;NTTAMASS;NTOTSC;2;;;Assaia;;Dryad;true
NTBEARPO;ANIMAL;BEAR;BEAR_POLAR;BEAR_POLAR;NTBearPo;;NTOTSC;8;;;Mountain Bear;;PolarBear;true
NTBKNIGH;HUMANOID;SPECTRE;FIGHTER;FIGHTER_MALE_HUMAN;BKNIGHT;;NTOTSC;15;;;Knight from the Grave;;Spectre;true
NTBPWATC;HUMANOID;WRAITH;FIGHTER;FIGHTER_MALE_HUMAN;NTBPWATC;NTBPWATC;NTOTSC;15;;;Catacomb Warder;;;
NTDEATH1;HUMANOID;DEMONIC;FIGHTER_MAGE;DEATH_KNIGHT;NTDEATH1;;NTOTSC;15;;;Demonknight;;;
NTDEATHK;HUMANOID;DEMONIC;FIGHTER_MAGE;DEATH_KNIGHT;NTDEATHK;NTDEATHK;NTOTSC;15;;;Demonknight;;;
NTDEMON;MONSTER;DEMONIC;TANARI;TANARRI;NONE;;NTOTSC;30;;;Doomsayer;;;
NTDOOMBE;MONSTER;NO_RACE;NO_CLASS;BEAR_POLAR;MISIO;;NTOTSC;6;;;Teddy the Doomsayer;;;
NTESSILA;HUMANOID;FAIRY;FAIRY_DRYAD;SIRINE;NTESSILA;NTESSILA;NTOTSC;2;;;Essila;;Dryad;true
NTFOREOG;GIANTHUMANOID;OGRE;OGRE_MAGE;OGRE_MAGE;NTFOREOG;;NTOTSC;5;;;Ogre Mage;;OgreMage;true
NTGGHOT1;UNDEAD;SPECTRE;FIGHTER;DEATH_KNIGHT;NTGGHOT1;NONE;NTOTSC;12;;;General Ghotal;;Spectre;true
NTGGHOTA;UNDEAD;SPECTRE;FIGHTER;DEATH_KNIGHT;NTGGHOTA;NTGGHOTA;NTOTSC;12;;;General Ghotal;;Spectre;true
NTGOLBON;GIANTHUMANOID;GOLEM;GOLEM_STONE;SKELETON_FIEND;ICBONE01;;NTOTSC;14;;;Bone Golem;;BoneGolem;true
NTGOLSTO;GIANTHUMANOID;GOLEM;GOLEM_STONE;GOLEM_CLAY;golsto01;;NTOTSC;14;;;Stone Golem;;StoneGolem;true
NTHAEBAL;UNDEAD;VAMPIRE;MAGE;MAGE_MALE_HUMAN;NTHAEBAL;NTHAEBAL;NTOTSC;12;;;Haeball;;;
NTHELLS1;MONSTER;ELEMENTAL;ELEMENTAL_FIRE;SALAMANDER_FIRE;None;None;NTOTSC;10;;;Fire Salamander;;;
NTHELLS2;MONSTER;ELEMENTAL;ELEMENTAL_FIRE;SALAMANDER_FIRE;NTHUMBAB;NTHUMBAB;NTOTSC;10;;;Humbaba;;;
NTHELLS3;MONSTER;ELEMENTAL;ELEMENTAL_FIRE;SALAMANDER_FIRE;None;None;NTOTSC;10;;;Fire Salamander;;;
NTHELLSA;MONSTER;ELEMENTAL;ELEMENTAL_FIRE;SALAMANDER_FIRE;NTOOGOOR;NTOOGOOR;NTOTSC;10;;;Oogoor;;;
NTHOBGOD;HUMANOID;HOBGOBLIN;HOBGOBLIN;HOBGOBLIN;NTHOBGOD;NTHOBGOD;NTOTSC;1;;;Hobgod;;;
NTINDFI1;MONSTER;DEMONIC;TANARI;LICH_BLACK;NTINDFI1;NONE;NTOTSC;13;;;Maurezhi;;;
NTINDFI2;MONSTER;DEMONIC;TANARI;LICH_BLACK;NTINDFI2;NONE;NTOTSC;13;;;Maurezhi;;;
NTINDFIG;MONSTER;DEMONIC;TANARI;SIRINE;NTINDFIG;NTINDFIG;NTOTSC;6;;;Succubus;;;
NTKROTAN;HUMANOID;OGRE;OGRE;OGRE_MAGE;NTKROTAN;NTKROTAN;NTOTSC;15;;;Krotan;;OgreMage;true
NTLUCRET;HUMANOID;FAIRY;FAIRY_DRYAD;SIRINE;NTLUCRET;NTLUCRET;NTOTSC;2;;;Lucretia;;Dryad;true
NTMILEA;HUMANOID;FAIRY;FAIRY_DRYAD;SIRINE;NTMILEA;NTMILEA;NTOTSC;2;;;Milea;;Dryad;true
NTOGREDA;GIANTHUMANOID;OGRE;OGRE;OGRE;NTOGREDA;;NTOTSC;4;;;Daddy;;Ogre;true
NTORC03;HUMANOID;ORC;CLERIC;ORC_SHAMAN;NTORC03;;NTOTSC;3;;;Orc Priest;;;
NTORCS3;HUMANOID;ORC;CLERIC;ORC_SHAMAN;NTORCS3;;NTOTSC;3;;;Orc Priest;;;
NTPAULIA;HUMANOID;FAIRY;FAIRY_DRYAD;SIRINE;NTPAULIA;NTPAULIA;NTOTSC;2;;;Paulia;;Dryad;true
NTPOOCH;ANIMAL;DOG;DOG_WAR;DOG_WAR;Pooch;;NTOTSC;2;;;Pooch;;WarDog;true
NTROACH;MONSTER;DEMONIC;TANARI;TANARRI;NTROACH;;NTOTSC;20;;;Lesser Tanar'ri;;;
NTSALMI1;MONSTER;ELEMENTAL;ELEMENTAL_FIRE;SALAMANDER_FROST;NTMEANDA;NTMEANDA;NTOTSC;8;;;Meandar;;;
NTSALMI2;MONSTER;ELEMENTAL;ELEMENTAL_FIRE;SALAMANDER_FROST;NTSALMI2;;NTOTSC;8;;;Kolchear;;;
NTSALMI3;MONSTER;ELEMENTAL;ELEMENTAL_FIRE;SALAMANDER_FROST;None;NTSALMI3;NTOTSC;8;;;Ice Salamander;;;
NTSALMIC;MONSTER;ELEMENTAL;ELEMENTAL_FIRE;SALAMANDER_FROST;None;None;NTOTSC;8;;;Ice Salamander;;;
NTSHORCA;UNDEAD;SHADOW;FIGHTER;ORC_ELITE_RANGE;NTSHORCA;NONE;NTOTSC;6;;;Shadowed Orc Archer;;;
NTSHORCG;UNDEAD;SHADOW;FIGHTER;ORC_MELEE;NTSHORCG;NONE;NTOTSC;7;;;Shadowed Orc Grunt;;;
NTSILUA;MONSTER;FAIRY;FAIRY_SIRINE;SIRINE;NTSILUA;NTSILUA;NTOTSC;6;;;Sirine;;Sirine;true
NTSIRIN2;MONSTER;FAIRY;FAIRY_SIRINE;SIRINE;Sirine02;;NTOTSC;5;;;Sirine;;Sirine;true
NTSIRIN4;MONSTER;FAIRY;FAIRY_SIRINE;SIRINE;Sirine04;NTTAMASS;NTOTSC;5;;;Sirine;;Sirine;true
NTSIRINE;MONSTER;FAIRY;FAIRY_SIRINE;SIRINE;NTSIRINE;NTSIRINE;NTOTSC;5;;;Krestian's friend;;Sirine;true
NTTAMAEL;HUMANOID;FAIRY;FAIRY_DRYAD;SIRINE;NTTAMAEL;NTTAMASS;NTOTSC;2;;;Tamael;;Dryad;true
NTTORDI1;MONSTER;NO_RACE;NO_CLASS;FIGHTER_MALE_HUMAN;TORDION1;NTTORDIO;NTOTSC;9;;;Torqion;;;
NTTORDI2;MONSTER;NO_RACE;NO_CLASS;FIGHTER_MALE_HUMAN;TORDION2;NTTORDIO;NTOTSC;9;;;Torqion;;;
NTTORDIO;MONSTER;NO_RACE;NO_CLASS;FIGHTER_MALE_HUMAN;TORDION;NTTORDIO;NTOTSC;9;;;Torqion;;;
NTWELT;GIANTHUMANOID;OGRE;OGRE;OGRE;NTWELT;NTWELT;NTOTSC;4;;;Welt;;Ogre;true
NTWYVERN;MONSTER;WYVERN;MAGE;WYVERN_BIG;Drake;;NTOTSC;20;;;Fire Wyvern;;Wyvern;false
NTZOMBIE;UNDEAD;ZOMBIE;ZOMBIE_NORMAL;ZOMBIE;NONE;ZOMBIE;NTOTSC;2;;;Zombie;;;
NWOLF;ANIMAL;WOLF;WOLF;WOLF;None;;BG2;3;;;Wolf;;Wolf;false
NWYVBAB;MONSTER;WYVERN;WYVERN;WYVERN;Wyvern;;BG2;7;;;Baby Wyvern;;BabyWyvern;false
NYMPHSU;HUMANOID;FAIRY;FAIRY_NYMPH;SIRINE;nymphsu;None;BG2;5;SUMMONED;CONTROLLED;Nymph;true;Nymph;true
NYMPHSU;GENERAL_ITEM;FAIRY;FAIRY_NYMPH;SIRINE;nymphsu;None;BG1;5;SUMMONED;CONTROLLED;Nymph;true;Nymph;true
O#BRELE1;GIANTHUMANOID;ELEMENTAL;ELEMENTAL_FIRE;ELEMENTAL_FIRE;O#BrEle1;;BACKBRYNNLAW;10;;;Greater Fire Elemental;;;
O#BRELE2;GIANTHUMANOID;ELEMENTAL;ELEMENTAL_FIRE;ELEMENTAL_FIRE;O#BrEle2;;BACKBRYNNLAW;10;;;Greater Fire Elemental;;;
O#BRELE3;GIANTHUMANOID;ELEMENTAL;ELEMENTAL_FIRE;ELEMENTAL_FIRE;O#BrEle3;;BACKBRYNNLAW;10;;;Greater Fire Elemental;;;
O#BRELE4;GIANTHUMANOID;ELEMENTAL;ELEMENTAL_FIRE;ELEMENTAL_FIRE;O#BrEle4;;BACKBRYNNLAW;10;;;Greater Fire Elemental;;;
O#BRIMP1;HUMANOID;MEPHIT;MEPHIT;IMP;O#BrImp1;;BACKBRYNNLAW;3;;;Fire Mephit;;;
O#BRIMP2;HUMANOID;MEPHIT;MEPHIT;IMP;O#BrImp2;;BACKBRYNNLAW;3;;;Fire Mephit;;;
O#BRIMP3;HUMANOID;MEPHIT;MEPHIT;IMP;O#BrImp3;;BACKBRYNNLAW;3;;;Magma Mephit;;;
O#BRIMP4;HUMANOID;MEPHIT;MEPHIT;IMP;O#BrImp4;;BACKBRYNNLAW;3;;;Smoke Mephit;;;
O#BRSAL1;MONSTER;SALAMANDER;ELEMENTAL_FIRE;SALAMANDER_FIRE;O#BrSal1;None;BACKBRYNNLAW;8;;;Salamander;;;
O#BRSAL2;MONSTER;SALAMANDER;ELEMENTAL_FIRE;SALAMANDER_FIRE;O#BrSal2;None;BACKBRYNNLAW;8;;;Salamander;;;
O#DAEADW;UNDEAD;DWARF;FIGHTER;CLERIC_FEMALE_DWARF;O#DAEALI;O#DAEALI;REUNION;1;;;Alianna;;;
O#DAEAEL;UNDEAD;ELF;FIGHTER;CLERIC_FEMALE_ELF;O#DAEALI;O#DAEALI;REUNION;1;;;Alianna;;;
O#DAEAHA;UNDEAD;HALFLING;FIGHTER;CLERIC_FEMALE_HALFLING;O#DAEALI;O#DAEALI;REUNION;1;;;Alianna;;;
O#DAEAHU;UNDEAD;HUMAN;FIGHTER;CLERIC_FEMALE_HUMAN;O#DAEALI;O#DAEALI;REUNION;1;;;Alianna;;;
O#DAEGOR;UNDEAD;HUMAN;INNOCENT;MAGE_MALE_HUMAN;O#DAEGOR;O#DAEGOR;REUNION;9;;;Gorion;;;
O#DAEMA1;MONSTER;DEMONIC;TANARI;MARILITH;O#DAEMA1;O#DAEMA1;REUNION;14;;;Marilith;;;
O#DAEMA2;MONSTER;DEMONIC;TANARI;MARILITH;O#DAEMA2;O#DAEMA2;REUNION;14;;;Marilith;;;
O#DAEMA3;MONSTER;DEMONIC;TANARI;MARILITH;O#DAEMA3;O#DAEMA3;REUNION;14;;;Marilith;;;
O#DAEMAJ;HUMANOID;DEMONIC;FIGHTER_MAGE;DEATH_KNIGHT;O#DAEMAJ;O#DAEMAJ;REUNION;18;;;Evil Majordomo;;;
O#GHOST;UNDEAD;HALFLING;NO_CLASS;BOY;O#Ghost;O#Ghost;BACKBRYNNLAW;1;;;Monroe;;;
O#LLARG1;GIANTHUMANOID;GOLEM;GOLEM_CLAY;ELEMENTAL_FIRE_PURPLE;O#LLARG1;O#LLARG1;SELLSWORDS;10;;;Magic Golem;;ClayGolem;false
O#LLARG2;GIANTHUMANOID;GOLEM;GOLEM_CLAY;ELEMENTAL_FIRE_PURPLE;O#LLARG2;O#LLARG2;SELLSWORDS;10;;;Magic Golem;;ClayGolem;false
O#LLARG3;GIANTHUMANOID;GOLEM;GOLEM_CLAY;ELEMENTAL_FIRE_PURPLE;O#LLARG3;O#LLARG3;SELLSWORDS;10;;;Magic Golem;;ClayGolem;false
O#LLARU1;UNDEAD;GHOUL;GHOUL_REVEANT;MUMMY;O#LLARU1;O#LLARU1;SELLSWORDS;7;;;Mummy;;Mummy;true
O#LLARU2;UNDEAD;GHOUL;GHOUL_REVEANT;MUMMY;O#LLARU2;O#LLARU2;SELLSWORDS;7;;;Mummy;;Mummy;true
O#LLARU3;UNDEAD;GHOUL;GHOUL_REVEANT;MUMMY;O#LLARU3;O#LLARU3;SELLSWORDS;7;;;Mummy;;Mummy;true
O#LLARU4;UNDEAD;GHOUL;GHOUL_REVEANT;MUMMY;O#LLARU4;O#LLARU4;SELLSWORDS;7;;;Mummy;;Mummy;true
O#LLARU5;UNDEAD;GHOUL;GHOUL_REVEANT;MUMMY;O#LLARU5;O#LLARU5;SELLSWORDS;7;;;Mummy;;Mummy;true
O#LLARU6;UNDEAD;GHOUL;GHOUL_REVEANT;MUMMY;O#LLARU6;O#LLARU6;SELLSWORDS;7;;;Mummy;;Mummy;true
O#LLDEM;MONSTER;DEMONIC;TANARI;TANARRI;O#LLDEM;O#LLDEM;SELLSWORDS;10;;;Demon;;;
O#LLGIT2;HUMANOID;GITHYANKI;FIGHTER;GITHYANKI;O#LLGIT2;O#LLGIT2;SELLSWORDS;3;;;Knight;;;
O#LLGIT3;HUMANOID;GITHYANKI;FIGHTER;GITHYANKI;O#LLGIT3;O#LLGIT3;SELLSWORDS;3;;;Knight;;;
O#LLGIT4;HUMANOID;GITHYANKI;FIGHTER;GITHYANKI;O#LLGIT4;O#LLGIT4;SELLSWORDS;3;;;Knight;;;
O#LLGITH;HUMANOID;GITHYANKI;FIGHTER;GITHYANKI;O#LLGITH;O#LLGITH;SELLSWORDS;3;;;Knight;;;
O#LLGIW;HUMANOID;GITHYANKI;FIGHTER;GITHYANKI;O#LLGiw;O#LLGiw;SELLSWORDS;3;;;Knight;;;
O#LLGIW1;HUMANOID;GITHYANKI;FIGHTER;GITHYANKI;O#LLGiw1;O#LLGiw1;SELLSWORDS;3;;;Knight;;;
O#LLGIW2;HUMANOID;GITHYANKI;FIGHTER;GITHYANKI;O#LLGiw2;O#LLGiw2;SELLSWORDS;3;;;Knight;;;
O#LLGIW3;HUMANOID;GITHYANKI;FIGHTER;GITHYANKI;O#LLGiw3;O#LLGiw3;SELLSWORDS;3;;;Knight;;;
O#LLGIW4;HUMANOID;GITHYANKI;FIGHTER;GITHYANKI;O#LLGiw4;O#LLGiw4;SELLSWORDS;3;;;Knight;;;
O#LLGOL1;GIANTHUMANOID;GOLEM;GOLEM_CLAY;GOLEM_CLAY;O#LLGOL1;O#LLGOL1;SELLSWORDS;12;;;Brain Golem;;ClayGolem;false
O#LLGOL2;GIANTHUMANOID;GOLEM;GOLEM_CLAY;GOLEM_CLAY;O#LLGOL2;O#LLGOL2;SELLSWORDS;12;;;Brain Golem;;ClayGolem;false
O#LLGOL3;GIANTHUMANOID;GOLEM;GOLEM_CLAY;GOLEM_CLAY;O#LLGOL3;O#LLGOL3;SELLSWORDS;12;;;Brain Golem;;ClayGolem;false
O#LLGUA1;GIANTHUMANOID;ELEMENTAL;ELEMENTAL_EARTH;ELEMENTAL_EARTH;O#LLGua1;O#LLGua1;SELLSWORDS;10;;;Greater Earth Elemental;;;
O#LLGUA2;GIANTHUMANOID;ELEMENTAL;ELEMENTAL_EARTH;ELEMENTAL_EARTH;O#LLGua2;O#LLGua2;SELLSWORDS;10;;;Greater Earth Elemental;;;
O#LLGUA5;MONSTER;DEMONIC;TANARI;DROW_FEMALE;O#LLGua5;O#LLGua5;SELLSWORDS;15;;;Yochlol;;;
O#LLGUA6;MONSTER;DEMONIC;TANARI;GLABREZU;O#LLGua6;O#LLGua6;SELLSWORDS;17;;;Glabrezu;;;
O#LLILJ1;HUMANOID;MIND_FLAYER;MIND_FLAYER;MINDFLAYER;O#LLILLJ;O#LLILLJ;SELLSWORDS;12;;;Mind Flayer;;;
O#LLILJ2;HUMANOID;MIND_FLAYER;MIND_FLAYER;MINDFLAYER;O#LLILLJ;O#LLILLJ;SELLSWORDS;12;;;Mind Flayer;;;
O#LLILL1;HUMANOID;MIND_FLAYER;MIND_FLAYER;MINDFLAYER;O#LLILL1;O#LLILL1;SELLSWORDS;12;;;Mind Flayer;;;
O#LLILL2;HUMANOID;MIND_FLAYER;MIND_FLAYER;MINDFLAYER;O#LLILL2;O#LLILL2;SELLSWORDS;12;;;Mind Flayer;;;
O#LLKOB1;HUMANOID;KOBOLD;KOBOLD;KOBOLD;O#LLKOB1;O#LLKOB1;SELLSWORDS;1;;;Kobold;;;
O#LLKOB2;HUMANOID;KOBOLD;KOBOLD;KOBOLD;O#LLKOB2;O#LLKOB2;SELLSWORDS;1;;;Kobold;;;
O#LLKOB3;HUMANOID;KOBOLD;KOBOLD;KOBOLD;O#LLKOB3;O#LLKOB3;SELLSWORDS;1;;;Kobold;;;
O#LLORB1;MONSTER;BEHOLDER;BEHOLDER;BEHOLDER;O#LLOrb1;O#LLOrb1;SELLSWORDS;20;;;Elder Orb;;;
O#LLORB2;MONSTER;BEHOLDER;BEHOLDER;BEHOLDER;O#LLOrb2;O#LLOrb2;SELLSWORDS;20;;;Elder Orb;;;
O#LLSHA1;UNDEAD;SHADOW;FIGHTER;SHADOW;O#LLSHA1;O#LLSHA1;SELLSWORDS;5;;;Shadow Fiend;;Shadow;false
O#LLSHA2;UNDEAD;SHADOW;FIGHTER;SHADOW;O#LLSHA2;O#LLSHA2;SELLSWORDS;5;;;Shadow Fiend;;Shadow;false
O#LLSHA3;UNDEAD;SHADOW;FIGHTER;SHADOW;O#LLSHA3;O#LLSHA3;SELLSWORDS;5;;;Shadow Fiend;;Shadow;false
O#LLSHA4;UNDEAD;SHADOW;FIGHTER;SHADOW;O#LLSHA4;O#LLSHA4;SELLSWORDS;5;;;Shadow Fiend;;Shadow;false
O#LLSHA5;UNDEAD;SHADOW;FIGHTER;SHADOW;O#LLSHA5;O#LLSHA5;SELLSWORDS;5;;;Shadow Fiend;;Shadow;false
O#LLSHA6;UNDEAD;SHADOW;FIGHTER;SHADOW;O#LLSHA6;O#LLSHA6;SELLSWORDS;5;;;Shadow Fiend;;Shadow;false
O#LLSHAD;UNDEAD;SHADOW;FIGHTER;SHADOW;O#LLSHAD;O#LLSHAD;SELLSWORDS;11;;;Devil Shade;;Shadow;false
O#LLSPI1;MONSTER;SPIDER;SPIDER_GIANT;SPIDER_GIANT;O#LLSpi1;O#LLSpi1;SELLSWORDS;4;;;Giant Spider;;GiantSpider;false
O#LLSPI2;MONSTER;SPIDER;SPIDER_GIANT;SPIDER_GIANT;O#LLSpi2;O#LLSpi2;SELLSWORDS;4;;;Giant Spider;;GiantSpider;false
O#LLSPI3;MONSTER;SPIDER;SPIDER_GIANT;SPIDER_GIANT;O#LLSpi3;O#LLSpi3;SELLSWORDS;4;;;Giant Spider;;GiantSpider;false
O#LLSPI4;MONSTER;SPIDER;SPIDER_GIANT;SPIDER_GIANT;O#LLSpi4;O#LLSpi4;SELLSWORDS;4;;;Giant Spider;;GiantSpider;false
O#LLTRO1;GIANTHUMANOID;TROLL;TROLL;TROLL;O#LLTro1;O#LLTro1;SELLSWORDS;8;;;Giant Troll;;;
O#LLTRO2;GIANTHUMANOID;TROLL;TROLL;TROLL;O#LLTro2;O#LLTro2;SELLSWORDS;8;;;Giant Troll;;;
O#LLTRO3;GIANTHUMANOID;TROLL;SPECTRAL_TROLL;TROLL_BLUE;O#LLTro3;O#LLTro3;SELLSWORDS;6;;;Spirit Troll;;;
O#LLTRO4;GIANTHUMANOID;TROLL;SPECTRAL_TROLL;TROLL_BLUE;O#LLTro4;O#LLTro4;SELLSWORDS;6;;;Spirit Troll;;;
O#LLUMB1;MONSTER;UMBERHULK;UMBERHULK;UMBER_HULK;O#LLUMB1;O#LLUMB1;SELLSWORDS;6;;;Umber Hulk;;;
O#LLUMB2;MONSTER;UMBERHULK;UMBERHULK;UMBER_HULK;O#LLUMB2;O#LLUMB2;SELLSWORDS;6;;;Umber Hulk;;;
O#WIZGO1;GIANTHUMANOID;GOLEM;GOLEM_CLAY;GOLEM_CLAY;O#WIZGO1;O#WIZGO1;BACKBRYNNLAW;9;;;Clay Golem;;ClayGolem;false
O#WIZGO2;GIANTHUMANOID;GOLEM;GOLEM_CLAY;GOLEM_CLAY;O#WIZGO2;O#WIZGO2;BACKBRYNNLAW;9;;;Clay Golem;;ClayGolem;false
OBSDEM01;MONSTER;DEMONIC;TANARI;FIEND_GREEN;TANAR;obsdem01;STRATAGEMS;12;;;Lea'liyl;;;
OBSDEM02;HUMANOID;DEMONIC;TANARI;GHOUL;OBSDEM02;;ctb;3;;;Mane;;;
OBSDEM03;MONSTER;BEHOLDER;BEHOLDER;BEHOLDER;obsdem03;obsdem03;BG2;16;;;Elder Orb;;;
OBSDEM04;MONSTER;DEMONIC;TANARI;GHAST;obsdem04;obsdem04;BG2;10;;;Maurezhi;;;
OBSDEM05;MONSTER;DEMONIC;TANARI;TANARRI;obsdem05;obsdem05;BG2;7;;;Nabassu;;;
OBSERVE;HUMANOID;PLATE;LONG_SWORD;BIRD;observe;None;BG2;1;;;;;;
OBSERVE;HUMANOID;PLATE;LONG_SWORD;BIRD;observe;None;AC_QUEST;1;;;;;;
OBSFIR01;GIANTHUMANOID;GENIE;GENIE_NOBLE_EFREETI;EFREETI_NOBLE;None;;BG2;14;;;Noble Efreeti;;;
OBSFIR02;HUMANOID;MEPHIT;MEPHIT;IMP;None;;BG2;3;;;Fire Mephit;;;
OBSFIR03;HUMANOID;MEPHIT;MEPHIT;IMP;None;;BG2;3;;;Magma Mephit;;;
OBSFIR04;HUMANOID;MEPHIT;MEPHIT;IMP;None;;BG2;3;;;Smoke Mephit;;;
OBSFIR05;ANIMAL;DOG;DOG_WAR;WOLF_DIRE;None;;BG2;7;;;Hell Hound;;WarDog;false
OBSFIR06;GIANTHUMANOID;ELEMENTAL;ELEMENTAL_FIRE;ELEMENTAL_FIRE;None;;BG2;10;;;Greater Fire Elemental;;;
OBSGOL01;GIANTHUMANOID;GOLEM;GOLEM_CLAY;GOLEM_CLAY;obsgol01;obsgol01;BG2;9;;;Guardian Golem;;ClayGolem;false
OBSGOL02;GIANTHUMANOID;GOLEM;GOLEM_CLAY;GOLEM_CLAY;obsgol02;None;BG2;1;;;Deactivated Guardian Golem;;ClayGolem;false
OBSICE01;GIANTHUMANOID;TROLL;TROLL;TROLL;None;;BG2;9;;;Snow Troll;;;
OBSICE02;HUMANOID;MEPHIT;MEPHIT;IMP;None;;BG2;3;;;Ice Mephit;;;
OBSICE03;ANIMAL;WOLF;WOLF_WINTER;WOLF_WINTER;None;;BG2;6;;;Winter Wolf;;WinterWolf;false
BEARPO01;ANIMAL;BEAR;BEAR_POLAR;BEAR_POLAR;None;;BG2;8;;;Mountain Bear;;PolarBear;true
OBSICE11;GIANTHUMANOID;TROLL;TROLL;TROLL;None;;BG2;9;;;Snow Troll;;;
OBSMOD01;MONSTER;GOLEM;GOLEM_IRON;GOLEM_IRON;obsmod01;;BG2;1;;;Modron;;IronGolem;false
OBSSAH01;HUMANOID;SAHUAGIN;FIGHTER;SAHUAGIN;obssah01;;STRATAGEMS;12;;;Sahuagin Baron;;;
OBSSAH02;HUMANOID;SAHUAGIN;CLERIC;SAHUAGIN;obssah02;None;STRATAGEMS;8;;;Sahuagin Priestess;;;
OBSSAH03;HUMANOID;SAHUAGIN;FIGHTER;SAHUAGIN;obssah03;;STRATAGEMS;12;;;Sahuagin Baronial Guard;;;
OBSSAH04;HUMANOID;SAHUAGIN;SAHUAGIN;SAHUAGIN;obssah04;;ctb;10;;;Sahuagin;;;
OBSSAH05;HUMANOID;SAHUAGIN;SAHUAGIN;SAHUAGIN;obssah05;;ctb;10;;;Sahuagin;;;
OGRE;GIANTHUMANOID;OGRE;OGRE;OGRE;Ogre;;BG1;4;;;Ogre;;Ogre;true
OGRE01;GIANTHUMANOID;OGRE;OGRE;OGRE;Ogre;;BG2;4;;;Ogre;;Ogre;false
OGRE02;GIANTHUMANOID;OGRE;OGRE;OGRE;Ogre02;;BG1;4;;;Ogre;;Ogre;true
OGRE03;GIANTHUMANOID;OGRE;OGRE;OGRE;None;;BG1;4;;;Ogre;;Ogre;true
OGRE04;GIANTHUMANOID;OGRE;OGRE;OGRE;None;;BG1;4;;;Ogre;;Ogre;true
OGRE05;GIANTHUMANOID;OGRE;OGRE;OGRE;None;;BG1;4;;;Ogre;;Ogre;true
OGREBERZ;GIANTHUMANOID;OGRE;OGRE;OGRE;Ogre;;BG1;4;;;Ogre Berserker;;OgreBerserker;true
OGREBJOR;GIANTHUMANOID;OGRE;OGRE_HALFOGRE;HALF_OGRE;None;;BG1;2;;;Half Ogre;;HalfOgre;true
OGRECO;GIANTHUMANOID;OGRE;OGRE;OGRE;None;OGRECO;BG1;4;;;Ogre;;Ogre;true
OGRED;HUMANOID;OGRE;OGRE;OGRE;None;OGRED;BG1;4;;;Ogre;;Ogre;true
OGREGR;GIANTHUMANOID;OGRE;OGRE_OGRILLON;OGRILLON;None;;BG1;2;;;Ogrillon;;Ogrillon;true
OGREGR1;GIANTHUMANOID;OGRE;OGRE_OGRILLON;OGRILLON;None;;BG1;2;;;Ogrillon;;Ogrillon;true
OGREGR2;GIANTHUMANOID;OGRE;OGRE_OGRILLON;OGRILLON;None;;BG1;2;;;Ogrillon;;Ogrillon;true
OGREGR3;GIANTHUMANOID;OGRE;OGRE_OGRILLON;OGRILLON;None;;BG1;2;;;Ogrillon;;Ogrillon;true
OGREGR4;GIANTHUMANOID;OGRE;OGRE_OGRILLON;OGRILLON;None;;BG1;2;;;Ogrillon;;Ogrillon;true
OGREGRSU;GIANTHUMANOID;OGRE;FIGHTER;OGRE;Ogre;;SPELL_REV;5;SUMMONED;;Ogre Berserker;true;OgreBerserker;true
OGREGRSU;GIANTHUMANOID;OGRE;FIGHTER;OGRE;Ogre;;stratagems;5;SUMMONED;;Ogre Berserker;true;OgreBerserker;true
OGREGR_A;GIANTHUMANOID;OGRE;OGRE_OGRILLON;OGRILLON;None;;BG1;2;;;Ogrillon;;Ogrillon;true
OGREGR_B;GIANTHUMANOID;OGRE;OGRE_OGRILLON;OGRILLON;None;;BG1;2;;;Ogrillon;;Ogrillon;true
OGREGR_C;GIANTHUMANOID;OGRE;OGRE_OGRILLON;OGRILLON;None;;BG1;2;;;Ogrillon;;Ogrillon;true
OGREGR_D;GIANTHUMANOID;OGRE;OGRE_OGRILLON;OGRILLON;None;;BG1;2;;;Ogrillon;;Ogrillon;true
OGREHA;GIANTHUMANOID;OGRE;OGRE_HALFOGRE;HALF_OGRE;None;;BG1;2;;;Half Ogre;;HalfOgre;true
OGREHA1;GIANTHUMANOID;OGRE;OGRE_HALFOGRE;HALF_OGRE;None;;BG1;2;;;Half Ogre;;HalfOgre;true
OGREHA2;GIANTHUMANOID;OGRE;OGRE_HALFOGRE;HALF_OGRE;None;;BG1;2;;;Half Ogre;;HalfOgre;true
OGREHA3;GIANTHUMANOID;OGRE;OGRE_HALFOGRE;HALF_OGRE;None;;BG1;2;;;Half Ogre;;HalfOgre;true
OGREHA4;GIANTHUMANOID;OGRE;OGRE_HALFOGRE;HALF_OGRE;None;;BG1;2;;;Half Ogre;;HalfOgre;true
OGREHA5;GIANTHUMANOID;OGRE;OGRE_HALFOGRE;HALF_OGRE;None;;BG1;2;;;Half Ogre;;HalfOgre;true
OGREHA_A;GIANTHUMANOID;OGRE;OGRE_HALFOGRE;HALF_OGRE;None;;BG1;2;;;Half Ogre;;HalfOgre;true
OGREHA_B;GIANTHUMANOID;OGRE;OGRE_HALFOGRE;HALF_OGRE;None;;BG1;2;;;Half Ogre;;HalfOgre;true
OGREHA_C;GIANTHUMANOID;OGRE;OGRE_HALFOGRE;HALF_OGRE;None;;BG1;2;;;Half Ogre;;HalfOgre;true
OGREHA_D;GIANTHUMANOID;OGRE;OGRE_HALFOGRE;HALF_OGRE;None;;BG1;2;;;Half Ogre;;HalfOgre;true
OGREHA_E;GIANTHUMANOID;OGRE;OGRE_HALFOGRE;HALF_OGRE;None;;BG1;2;;;Half Ogre;;HalfOgre;true
OGRELESU;GIANTHUMANOID;OGRE;OGRE_OGRILLON;OGRILLON;None;;BG2;3;SUMMONED;CONTROLLED;Ogrillon;true;Ogrillon;true
OGRELESU;GIANTHUMANOID;OGRE;OGRE_OGRILLON;OGRILLON;None;;BG1;3;SUMMONED;CONTROLLED;Ogrillon;true;Ogrillon;true
OGREMA;GIANTHUMANOID;OGRE;OGRE_MAGE;OGRE_MAGE;None;;BG1;5;;;Ogre Mage;;OgreMage;true
OGREMA01;GIANTHUMANOID;OGRE;OGRE_MAGE;OGRE_MAGE;None;;BG2;5;;;Ogre Mage;;OgreMage;false
OGREMA02;GIANTHUMANOID;OGRE;OGRE_MAGE;OGRE_MAGE;DICK;ogrma3;BG1;5;;;Ogre Mage;;OgreMage;true
OGREMA03;GIANTHUMANOID;OGRE;OGRE_MAGE;OGRE_MAGE;cmogremage;ogrma2;VIENXAY;5;;;Ogre Mage;;OgreMage;true
OGREMASU;GIANTHUMANOID;OGRE;FIGHTER_MAGE;OGRE_MAGE;None;;SPELL_REV;6;SUMMONED;;Ogre Mage;true;OgreMage;true
OGREMASU;GIANTHUMANOID;OGRE;FIGHTER_MAGE;OGRE_MAGE;None;;stratagems;6;SUMMONED;;Ogre Mage;true;OgreMage;true
OGREMA_A;GIANTHUMANOID;OGRE;OGRE_MAGE;OGRE_MAGE;None;;BG1;5;;;Ogre Mage;;OgreMage;true
OGREMA_B;GIANTHUMANOID;OGRE;OGRE_MAGE;OGRE_MAGE;None;;BG1;5;;;Ogre Mage;;OgreMage;true
OGREMA_C;GIANTHUMANOID;OGRE;OGRE_MAGE;OGRE_MAGE;None;;BG1;5;;;Ogre Mage;;OgreMage;true
OGREMA_D;GIANTHUMANOID;OGRE;OGRE_MAGE;OGRE_MAGE;None;ogrelead;BG1;5;;;Ogre Mage;;OgreMage;true
OGREMBA;HUMANOID;OGRE;OGRE_MAGE;OGRE_MAGE;SewerOgre;OGRMBA;BG1;0;;;Ogre Mage;;OgreMage;true
OGREMIRI;GIANTHUMANOID;OGRE;OGRE_OGRILLON;OGRILLON;None;;BG1;2;;;Ogrillon;;Ogrillon;true
OGRES;GIANTHUMANOID;OGRE;OGRE;OGRE;Ogre;None;BG1;4;;;Ogre;;Ogre;true
OGRESU;GIANTHUMANOID;OGRE;OGRE;OGRE;Ogre;;BG2;4;SUMMONED;CONTROLLED;Ogre;true;Ogre;true
OGRESU;GIANTHUMANOID;OGRE;OGRE;OGRE;Ogre;;BG1;4;SUMMONED;CONTROLLED;Ogre;true;Ogre;true
OGREUNSH;GIANTHUMANOID;OGRE;OGRE;OGRE;Ogre;;BG1;4;;;Ogre;;Ogre;true
OGRE_A;GIANTHUMANOID;OGRE;OGRE;OGRE;Ogre;;BG1;4;;;Ogre;;Ogre;true
OGRE_B;GIANTHUMANOID;OGRE;OGRE;OGRE;Ogre;;BG1;4;;;Ogre;;Ogre;true
OGRE_C;GIANTHUMANOID;OGRE;OGRE;OGRE;Ogre;;BG1;4;;;Ogre;;Ogre;true
OGRE_D;GIANTHUMANOID;OGRE;OGRE;OGRE;Ogre;;BG1;4;;;Ogre;;Ogre;true
OGRE_E;GIANTHUMANOID;OGRE;OGRE;OGRE;Ogre;;BG1;4;;;Ogre;;Ogre;true
OGRHAL01;GIANTHUMANOID;OGRE;OGRE_HALFOGRE;HALF_OGRE;None;;BG2;2;;;Half Ogre;;HalfOgre;false
OGRILL01;GIANTHUMANOID;OGRE;OGRE_OGRILLON;OGRILLON;None;;BG2;2;;;Ogrillon;;Ogrillon;false
OGRMAG01;GIANTHUMANOID;OGRE;OGRE_MAGE;OGRE_MAGE;None;;BG2;5;;;Ogre Mage;;OgreMage;false
OGRMBA;HUMANOID;OGRE;OGRE_MAGE;OGRE_MAGE;SewerOgre;OGRMBA;BG1;5;;;Ogre Mage;;OgreMage;true
OHB3BODH;UNDEAD;VAMPIRE;VAMPIRE;BODHI;ohb3bodh;;BG2;25;;;Bodhi;;;
OHB3DEM1;MONSTER;DEMONIC;IMP;CORNUGON;ohb3dem1;None;BG2;17;;;Cornugon;;;
OHB3DEM2;MONSTER;DEMONIC;IMP;CORNUGON;ohb3dem2;None;BG2;17;;;Cornugon;;;
OHB3DEM3;MONSTER;DEMONIC;IMP;CORNUGON;ohb3dem3;None;BG2;17;;;Cornugon;;;
OHB3VMP1;UNDEAD;VAMPIRE;VAMPIRE;VAMPIRE_FEMALE;ohb3vmp1;None;BG2;14;;;Vampire;;;
OHB3VMP2;UNDEAD;VAMPIRE;VAMPIRE;VAMPIRE_FEMALE;ohb3vmp2;None;BG2;14;;;Vampire;;;
OHB3VMP3;UNDEAD;VAMPIRE;VAMPIRE;VAMPIRE;ohb3vmp3;None;BG2;14;;;Vampire;;;
OHB5BHAL;MONSTER;DEMONIC;TANARI;SAREVOK;ohb5bhal;;BG2;25;;;Bhaal;;;
OHBBANNO;GIANTHUMANOID;GOLEM;GOLEM_IRON;GOLEM_IRON;OHBBANNO;OHBBANNO;BG2;30;;;Bannor;;IronGolem;false
OHBCEL01;MONSTER;ANTISOLAR;CLERIC;CLERIC_FEMALE_ELF;OHBCEL01;;CELESTIALS;27;;;Ariziel;;;
OHBCEL02;MONSTER;ANTISOLAR;CLERIC;CLERIC_FEMALE_ELF;OHBCEL02;;CELESTIALS;22;;;Fallen Astral Deva;;;
OHBCEL03;MONSTER;ANTISOLAR;CLERIC;CLERIC_FEMALE_ELF;OHBCEL03;;CELESTIALS;20;;;Fallen Monadic Deva;;;
OHBCONCO;MONSTER;MYCONID;NO_CLASS;MYCONID_RED;OHBCONCO;OHBCONCO;BG2;6;;;The Concocter;;;
OHBCUTSC;GENERAL_ITEM;NO_RACE;NO_CLASS;RAT;OHBCUTSC;;BG2;40;;;;;;
OHBDEM01;MONSTER;DEMONIC;TANARI;TANARRI;OHBDEM01;;BG2;24;;;T'alcor;;;
OHBDEM02;MONSTER;DEMONIC;TANARI;GLABREZU;OHBDEM02;;BG2;10;;;Glabrezu;;;
OHBDEM03;MONSTER;DEMONIC;TANARI;MARILITH;OHBDEM03;;BG2;13;;;Marilith;;;
OHBDEM04;MONSTER;DEMONIC;TANARI;SIRINE;OHBDEM04;;BG2;6;;;Succubus;;;
OHBDEV01;MONSTER;DEMONIC;IMP;TANARRI;OHBDEV01;;BG2;24;;;Maadrazel;;;
OHBDEV02;MONSTER;DEMONIC;IMP;CORNUGON;OHBDEV02;;BG2;10;;;Cornugon;;;
OHBDEV03;MONSTER;DEMONIC;IMP;SALAMANDER_FROST;OHBDEV03;;BG2;11;;;Gelugon;;;
OHBDEV04;MONSTER;DEMONIC;IMP;FIGHTER_FEMALE_HUMAN;OHBDEV04;;BG2;6;;;Erinyes;;;
OHBDLI01;UNDEAD;DEMILICH;MAGE;DEMILICH;OHBDLI01;;BG2;31;;;Dogar;;;
OHBDLI02;UNDEAD;DEMILICH;MAGE;DEMILICH;OHBDLI02;;BG2;31;;;Kazon;;;
OHBDORMA;GIANTHUMANOID;GENIE;CLERIC_MAGE;EFREETI_NOBLE;OHBDORMA;OHBDORMA;BG2;28;;;Dormamus;;;
OHBDRAG1;MONSTER;DRAGON;CLERIC_MAGE;DRAGON_SILVER;OHBDRAG1;;BG2;29;;;Yllaxxia;;;
OHBDRAG2;MONSTER;DRAGON;CLERIC_MAGE;WYVERN_BIG;OHBDRAG2;;BG2;13;;;Orluss;;;
OHBDRAG3;MONSTER;DRAGON;CLERIC_MAGE;WYVERN_BIG;OHBDRAG2;;BG2;13;;;Nyzzlar;;;
OHBDVA01;MONSTER;ANTISOLAR;CLERIC_MAGE;CLERIC_FEMALE_ELF;OHBDVA01;NONE;jtweaks;25;;;Fallen Deva;;;
OHBEAI01;GIANTHUMANOID;ELEMENTAL;ELEMENTAL_AIR;ELEMENTAL_AIR;OHBEAI01;;BG2;21;;;Greater Air Elemental;;;
OHBEEA01;GIANTHUMANOID;ELEMENTAL;ELEMENTAL_EARTH;ELEMENTAL_EARTH;OHBEEA01;;BG2;21;;;Greater Earth Elemental;;;
OHBEFI01;GIANTHUMANOID;ELEMENTAL;ELEMENTAL_FIRE;ELEMENTAL_FIRE;OHBEFI01;;BG2;24;;;Greater Fire Elemental;;;
OHBELGIA;HUMANOID;TIEFLING;FIGHTER;FIGHTER_MALE_ELF;ohbelgia;ohbelgia;BG2;18;;;Elgiad;;;
OHBEWWEI;MONSTER;ELEMENTAL;NO_CLASS;WATER_WEIRD;OHBEWWEI;;BG2;21;;;Greater Water Weird;;;
OHBFAN01;GIANTHUMANOID;GENIE;GENIE_NOBLE_EFREETI;FAT_MAN;ohbfan01;ohbdorma;BG2;1;;;Fan;;;
OHBFAN02;GIANTHUMANOID;GOLEM;GOLEM_IRON;PEASANT_MAN;ohbfan02;OHBBANNO;BG2;1;;;Fan;;IronGolem;false
OHBFAN03;MONSTER;ELEMENTAL;ELEMENTAL_FIRE;PEASANT_MAN;ohbfan03;OHBTHASS;BG2;1;;;Fan;;;
OHBGIT01;HUMANOID;GITHYANKI;PALADIN;GITHYANKI;OHBGIT01;;BG2;18;;;Anti-Paladin;;;
OHBGIT02;HUMANOID;GITHYANKI;FIGHTER;GITHYANKI;OHBGIT02;;BG2;19;;;Warrior;;;
OHBGIT03;HUMANOID;GITHYANKI;FIGHTER_MAGE;GITHYANKI;OHBGIT03;;BG2;13;;;Gish;;;
OHBGIT04;HUMANOID;GITHYANKI;FIGHTER_MAGE;GITHYANKI;OHBGIT04;NONE;BG2;11;;;Githyanki Captain;;;
OHBGOL01;GIANTHUMANOID;GOLEM;GOLEM_IRON;GOLEM_IRON;OHBGOL01;;BG2;26;;;Greater Clay Golem;;IronGolem;false
OHBGOL02;GIANTHUMANOID;GOLEM;GOLEM_CLAY;GOLEM_CLAY;OHBGOL02;;BG2;11;;;Clay Golem;;ClayGolem;false
OHBGOL03;GIANTHUMANOID;GOLEM;GOLEM_CLAY;GOLEM_MINI;OHBGOL02;;BG2;9;;;Lesser Clay Golem;;ClayGolem;false
OHBGOLB1;GIANTHUMANOID;GOLEM;NO_CLASS;SKELETON_FIEND;OHBGOLB1;;BG2;25;;;Greater Bone Golem;;BoneGolem;false
OHBIMIM;UNDEAD;MIND_FLAYER;MIND_FLAYER;MINDFLAYER;OHBIMIM;OHBIMIM;BG2;8;;;Magical Item Merchant;;;
OHBJOKMY;MONSTER;NO_RACE;NO_CLASS;MYCONID_RED;OHBJOKER;OHBJOKER;BG2;15;;;Joker;;;
OHBLIC01;UNDEAD;LICH;MAGE;WAILING_VIRGIN;OHBLIC01;;BG2;22;;;Leah Redsun;;;
OHBLIZ01;HUMANOID;YUANTI;FIGHTER;LIZARD_MAN_ELITE;OHBLIZ01;;BG2;14;;;Lizard Man Chieftain;;;
OHBLIZ02;HUMANOID;YUANTI;FIGHTER;LIZARD_MAN_ELITE;OHBLIZ02;;BG2;12;;;Lizard Man Elite;;;
OHBMENA1;UNDEAD;WOLF;WOLF_VAMPIRIC;WOLF_VAMPIRIC;OHBMENA1;;BG2;8;;;Vampiric Wolf;;VampiricWolf;false
OHBMENA2;ANIMAL;NO_RACE;NO_CLASS;MOOSE;OHBMENA2;;BG2;9;;;Dangerous Moose;;;
D9ARPO01;ANIMAL;BEAR;BEAR_POLAR;BEAR_POLAR;None;;BUTCHERY;8;;;Mountain Bear;;PolarBear;true
OHBMENA4;ANIMAL;CAT;HUNTER_CREATURE;GREATCAT_LEOPARD;OHBMENA4;;BG2;4;;;Mountain Lion;;Leopard;false
OHBMENA5;ANIMAL;NO_RACE;NO_CLASS;SNAKE;OHBMENA5;NONE;BG2;8;;;Boalisk;;;
OHBMENA6;MONSTER;CARRIONCRAWLER;CARRIONCRAWLER;CARRION_CRAWLER;OHBMENA6;;BG2;3;;;Carrion Crawler;;CarrionCrawler;false
OHBMENA7;MONSTER;SPIDER;SPIDER_PHASE;SPIDER_PHASE;OHBMENA7;;BG2;5;;;Vortex Spider;;PhaseSpider;false
OHBMENA8;MONSTER;WYVERN;WYVERN;WYVERN_BIG;OHBMENA8;;BG2;10;;;Greater Wyvern;;Wyvern;false
OHBMIN01;HUMANOID;OGRE;FIGHTER;MINOTAUR;OHBMIN01;;BG2;11;;;Minotaur;;OgreBerserker;false
OHBMINSU;HUMANOID;OGRE;FIGHTER;MINOTAUR;OHBMINSU;;BG2;13;SUMMONED;;Minotaur;true;OgreBerserker;false
OHBMND01;HUMANOID;MIND_FLAYER;MIND_FLAYER;MINDFLAYER;OHBMND01;;BG2;8;;;Mind Flayer;;;
OHBMND02;HUMANOID;MIND_FLAYER;NO_CLASS;MINDFLAYER;OHBMND02;;BG2;11;;;Ulitharid;;;
OHBNAJIM;GIANTHUMANOID;GENIE;CLERIC_MAGE;DJINNI;OHBNAJIM;OHBNAJIM;BG2;27;;;Najim;;;
OHBORC01;HUMANOID;ORC;FIGHTER;ORC_MELEE;OHBORC01;;BG2;9;;;Orc;;;
OHBORC02;HUMANOID;ORC;ORC;ORC_ELITE_RANGE;OHBORC02;;BG2;9;;;Orc Archer;;;
OHBORC03;HUMANOID;ORC;CLERIC;ORC_SHAMAN;OHBORC03;;BG2;10;;;Orc Priest;;;
OHBORC04;HUMANOID;ORC;MAGE;ORC_SHAMAN;OHBORC04;;BG2;12;;;Orc Mage;;;
OHBRAK01;HUMANOID;RAKSHASA;MAGE;RAKSHASA;OHBRAK01;;BG2;23;;;Maharajah;;;
OHBRAK02;HUMANOID;RAKSHASA;FIGHTER_MAGE;RAKSHASA;OHBRAK02;;BG2;17;;;Ruhk;;;
OHBRAK03;HUMANOID;RAKSHASA;FIGHTER_MAGE;RAKSHASA;OHBRAK03;;BG2;6;;;Rakshasa;;;
OHBRFF01;HUMANOID;PLATE;LONG_SWORD;BIRD;OHBRFF01;NONE;BG2;1;;;;;;
OHBSAH01;HUMANOID;SAHUAGIN;FIGHTER;SAHUAGIN_LARGE;OHBSAH01;;BG2;22;;;Sahuagin Prince;;;
OHBSAH02;HUMANOID;SAHUAGIN;SAHUAGIN;SAHUAGIN;OHBSAH02;NONE;BG2;8;;;Sahuagin Priestess;;;
OHBSAH03;HUMANOID;SAHUAGIN;SAHUAGIN;SAHUAGIN;OHBSAH03;;BG2;2;;;Sahuagin Baron;;;
OHBSPI01;MONSTER;SPIDER;SPIDER_HUGE;SPIDER_SMALL;OHBSPI01;;BG2;6;;;Small Spider;;HairySpider;false
OHBSZASS;UNDEAD;LICH;MAGE;MAGE_MALE_HUMAN;OHBSZASS;OHBSZASS;BG2;29;;;Mysterious Figure;;;
OHBTHASS;MONSTER;NO_RACE;MAGE;SALAMANDER_FIRE;OHBTHASS;OHBTHASS;BG2;24;;;Thassk Kun;;;
OHBUMB01;MONSTER;UMBERHULK;UMBERHULK;UMBER_HULK;OHBUMB01;;BG2;12;;;Umber Hulk Elder;;;
OHBVMP01;UNDEAD;VAMPIRE;MAGE;VAMPIRE;OHBVMP01;;BG2;18;;;Gaul;;;
OHBVMP02;HUMANOID;VAMPIRE;FIGHTER;VAMPIRE;OHBVMP02;;BG2;18;;;Vampire;;;
OHBVMP03;UNDEAD;HUMAN;THIEF;VAMPIRE_FEMALE;OHBVMP03;;BG2;21;;;Vampire;;;
OHBVMP04;UNDEAD;VAMPIRE;VAMPIRE;VAMPIRE_FEMALE;OHBVMP04;NONE;BG2;13;;;Vampire;;;
OHBWAT01;GIANTHUMANOID;ELEMENTAL;NO_CLASS;WATER_WEIRD;OHBWAT01;;BG2;16;;;Greater Water Elemental;;;
OHBWING;MONSTER;DARKPLANATAR;CLERIC_MAGE;MAGE_FEMALE_ELF;OHBWING;OHBWING;CELESTIALS;34;;;The Winged;;;
OHBWING2;MONSTER;DARKPLANATAR;CLERIC_MAGE;MAGE_FEMALE_ELF;OHBWING2;OHBWING2;CELESTIALS;34;;;The Winged;;;
OBSICE04;ANIMAL;BEAR;BEAR_POLAR;BEAR_POLAR;None;;BG2;8;;;Mountain Bear;;PolarBear;true
OHDANIM2;ANIMAL;WOLF;WOLF;WOLF;tranim02;;BG2;3;;;Wolf;;Wolf;false
OHDANIM3;ANIMAL;CAT;WOLF_DIRE;GREATCAT_PANTHER;tranim03;;BG2;4;;;Panther;;Jaguar;false
OHDANIM4;MONSTER;SPIDER;SPIDER_HUGE;SPIDER_SMALL;None;;BG2;5;;;Small Spider;;HairySpider;false
OHDAZOT1;MONSTER;DEMONIC;TANARI;THIEF_FEMALE_HUMAN;OHDAZOT1;OHDAZOTH;BG2;12;;;Azothet;;;
OHDAZOTH;MONSTER;DEMONIC;TANARI;THIEF_FEMALE_HUMAN;OHDAZOTH;OHDAZOTH;BG2;12;;;Azothet;;;
OHDBRIDE;HUMANOID;HUMAN;FAIRY_NYMPH;NOBLE_WOMAN;OHDBRIDE;OHDBRIDE;BG2;1;;;Bride;;;
OHDCDAWG;ANIMAL;DOG;DOG_WAR;DOG_MOON;OHDCDAWG;;BG2;12;;;Celestial Hound;;WarDog;false
OHDDDOLR;MONSTER;DRAGON;SILVER_DRAGON;DRAGON_SILVER;OHDDDOLR;OHDDDOLR;BG2;23;;;Dolrassa;;;
OHDDIXTH;MONSTER;DRAGON;SILVER_DRAGON;DRAGON_SILVER;ohddixth;OHDDIXTH;BG2;23;;;Ixthezzys;;;
OHDFAER;MONSTER;WYVERN;MAGE;WYVERN_FAMILIAR;OHDFAER;;BG2;15;;;Faerie Dragon;;BabyWyvern;false
OHDGOLD;GENERAL_ITEM;STATUE;NO_CLASS;OGRE;ohdgold;None;BG2;20;;;Statue;;;
OHDNYMPH;HUMANOID;FAIRY;FIGHTER;SIRINE;;;BG2;8;;;Nymph;;Dryad;false
OHDPLANB;GIANTHUMANOID;PLANATAR;CLERIC_MAGE;MAGE_MALE_ELF;OHDPLANB;OHDPLANJ;jtweaks;25;;;Planetar of Justice;;;
OHDPLANJ;MONSTER;PLANATAR;CLERIC_MAGE;MAGE_MALE_ELF;ohdplanj;OHDPLANJ;jtweaks;25;;;Planetar of Justice;;;
OHDPLANL;MONSTER;PLANATAR;CLERIC_MAGE;MAGE_MALE_ELF;OHDPLANL;OHDPLANL;jtweaks;25;;;Planetar;;;
OHDPORTL;GENERAL_ITEM;SWORD;FIGHTER;STATIC_HUMANCLERIC_MAN_CHAIR;OHDSWAZ;OHDSWAZ;BG2;1;;;Glowing Portal;;;
OHDPPLAN;MONSTER;PLANATAR;CLERIC_MAGE;MAGE_MALE_ELF;OHDPPLAN;OHDPPLAN;jtweaks;25;;;Planetar;;;
OHDRANKH;MONSTER;ANKHEG;ANKHEG;ANKHEG;NONE;;BG2;10;;;Corrupted Ankheg;;Ankheg;true
OHDSCROL;GENERAL_ITEM;SWORD;FIGHTER;STATIC_HUMANCLERIC_MAN_CHAIR;OHDSCROL;OHDSCROL;BG2;1;;;Scroll of Retribution;;;
OHDSOLAR;MONSTER;PLANATAR;CLERIC_MAGE;MAGE_MALE_ELF;OHDSOLAR;OHDSOLAR;jtweaks;25;;;Planetar;;;
OHDSPLAN;GIANTHUMANOID;PLANATAR;CLERIC_MAGE;MAGE_MALE_ELF;ohdsplan;OHDPLANJ;jtweaks;25;;;Planetar of Justice;;;
OHDSWAZ;GENERAL_ITEM;SWORD;FIGHTER;STATIC_HUMANCLERIC_MAN_CHAIR;OHDSWORD;OHDSWORD;BG2;1;;;Azothet;;;
OHDSWUR;GENERAL_ITEM;SWORD;FIGHTER;STATIC_HUMANCLERIC_MAN_CHAIR;OHDSWORD;OHDSWORD;BG2;1;;;Ur-Gothoz;;;
OHDTMFIL;MONSTER;WYVERN;MAGE;WYVERN_FAMILIAR;OHDTMFIL;OHDTMFIL;BG2;15;;;The Magnificent Fil;;BabyWyvern;false
OHDUGCUT;MONSTER;DEMONIC;TANARI;GLABREZU;OHDUGOTH;OHDUGOTH;STRATAGEMS;17;;;Ur-Gothoz;;;
OHDUGOTH;MONSTER;DEMONIC;TANARI;GLABREZU;OHDUGOTH;OHDUGOTH;STRATAGEMS;17;;;Ur-Gothoz;;;
OHDWNTRB;HUMANOID;FAIRY;FIGHTER;SIRINE;OHDWNTRB;OHDWNTRB;BG2;8;;;Winterbrook;;Dryad;false
OHDXACH;MONSTER;DEMONIC;TANARI;GLABREZU;OHDXACH;OHDXACH;BG2;17;;;Xachrimos;;;
OHDXACH2;MONSTER;DEMONIC;TANARI;GLABREZU;OHDXACH;;BG2;17;;;Xachrimos;;;
OHDYARR;HUMANOID;FAIRY;FIGHTER;SIRINE;OHDYARR;OHDYARR;BG2;8;;;Yarrow;;Dryad;false
OHGITH03;HUMANOID;GITHYANKI;PALADIN;GITHYANKI;gith03;None;BG2;11;;;Anti-Paladin;;;
OHHALHOO;UNDEAD;MIND_FLAYER;MIND_FLAYER;MINDFLAYER;NONE;NONE;BG2;16;;;Alhoon;;;
OHHBONEG;UNDEAD;SKELETON;GOLEM_FLESH;SKELETON_FIEND;dbonef01;None;BG2;11;;;Bone Fiend;;Baneguard;false
OHHBOROK;HUMANOID;YUANTI;FIGHTER;YUAN-TI_ELITE;ohhborok;OHHBOROK;BG2;16;;;Borok-Tosst;;;
OHHBURIC;UNDEAD;WRAITH;WRAITH;FIGHTER_MALE_HUMAN;OHHBURIC;OHHBURIC;BG2;6;;;Burich;;;
OHHCGAS;MONSTER;NO_RACE;NO_CLASS;BLOB_MIST_CREATURE;ohhcgas;;BG2;1;;;Gaseous Form;;;
OHHDECOY;UNDEAD;LICH;MAGE;LICH;OHHDECOY;OHHDECOY;BG2;9;;;Lich;;;
OHHDJINN;GIANTHUMANOID;GENIE;GENIE_NOBLE_DJINNI;DJINNI_LEGS;;;BG2;12;;;Furious Djinni;;;
OHHDRAGO;UNDEAD;VAMPIRE;FIGHTER;DEATH_KNIGHT;OHHDRAGO;OHHDRAGO;BG2;10;;;Dragomir the Red;;;
OHHEX10;UNDEAD;VAMPIRE;THIEF;THIEF_FEMALE_HUMAN;hexxat;HEXXAT;BG2;10;;;Hexxat;;;
OHHEX11;UNDEAD;VAMPIRE;THIEF;THIEF_FEMALE_HUMAN;hexxat;HEXXAT;BG2;11;;;Hexxat;;;
OHHEX13;UNDEAD;VAMPIRE;THIEF;THIEF_FEMALE_HUMAN;hexxat;HEXXAT;BG2;13;;;Hexxat;;;
OHHEX15;UNDEAD;VAMPIRE;THIEF;THIEF_FEMALE_HUMAN;hexxat;HEXXAT;BG2;15;;;Hexxat;;;
OHHEX25;UNDEAD;VAMPIRE;THIEF;THIEF_FEMALE_HUMAN;HEXXAT;HEXXA25A;BG2;15;;;Hexxat;;;
OHHEX8;UNDEAD;VAMPIRE;THIEF;THIEF_FEMALE_HUMAN;HEXXAT;HEXXAT;BG2;8;;;Hexxat;;;
OHHEX9;UNDEAD;VAMPIRE;THIEF;THIEF_FEMALE_HUMAN;hexxat;HEXXAT;BG2;10;;;Hexxat;;;
OHHGFORM;MONSTER;NO_RACE;NO_CLASS;BLOB_MIST_CREATURE;ohhgform;NONE;BG2;1;;;Gaseous Form;;;
OHHGMUM;UNDEAD;GHOUL;CLERIC;MUMMY;OHHGMUM;;BG2;34;;;Greater Mummy;;GreaterMummy;false
OHHGOXXA;UNDEAD;MIND_FLAYER;MIND_FLAYER;MINDFLAYER;OHHGOXXA;OHHGOXXA;BG2;16;;;Goxxa the Alhoon;;;
OHHGPRST;UNDEAD;LICH;CLERIC;MONK;OHHGPRST;OHHGPRST;BG2;11;;;Ghostly Priest;;;
OHHKORK;UNDEAD;LICH;MAGE;LICH_BLACK;OHHKORK;OHHKORK;BG2;30;;;Korkorran;;;
OHHKUNG;UNDEAD;GHOUL;CLERIC;MUMMY;OHHKUNG;OHHKUNG;BG2;19;;;Nan Kung Chi;;GreaterMummy;false
OHHMIND;HUMANOID;MIND_FLAYER;MIND_FLAYER;MINDFLAYER;ohhmind;NONE;BG2;12;;;Mind Flayer;;;
OHHMUMMY;UNDEAD;GHOUL;GHOUL_REVEANT;MUMMY;OHHMUMMY;NONE;BG2;9;;;Greater Mummy;;Mummy;false
OHHRAT;ANIMAL;NO_RACE;FOOD_CREATURE;RAT;rat;None;BG2;1;SUMMONED;CONTROLLED;Rat;true;;
OHHSHAD;UNDEAD;SHADOW;SHADOW;SHADOW;None;None;BG2;4;SUMMONED;CONTROLLED;Shadow;true;Shadow;false
OHHSHFI1;UNDEAD;SHADOW;FIGHTER;SHADOW;OHHSHFI1;None;BG2;5;;;Shadow Fiend;;Shadow;false
OHHSHFI2;UNDEAD;SHADOW;FIGHTER;SHADOW;OHHSHFI2;None;BG2;11;;;Devil Shade;;Shadow;false
OHHSHWL1;UNDEAD;SHADOW;WOLF_DIRE;WOLF_SHADOW;OHHSHWL1;;BG2;4;;;Shade Wolf;;;
OHHSPI01;MONSTER;SPIDER;SPIDER_SWORD;SPIDER_SWORD;OHHSPI01;OHHSPI01;BG2;5;;;Spider;;SwordSpider;false
OHHSPI02;MONSTER;SPIDER;SPIDER_SWORD;SPIDER_WRAITH;OHHSPI02;OHHSPI02;BG2;5;;;Spider;;SwordSpider;false
OHHSPI03;MONSTER;SPIDER;SPIDER_SWORD;SPIDER_SWORD;OHHSPI01;NONE;BG2;15;;;Spider;;SwordSpider;false
OHHSPID1;MONSTER;SPIDER;SPIDER_GIANT;SPIDER_GIANT;OHHSPID1;;BG2;4;;;Bloated Spider;;GiantSpider;false
OHHSPID2;MONSTER;SPIDER;SPIDER_HUGE;SPIDER_SMALL;OHHSPID2;;BG2;5;;;Small Spider;;HairySpider;false
OHHTLASS;UNDEAD;SKELETON;GOLEM_FLESH;SKELETON_FIEND;OHHTLASS;;BG2;20;;;T'lassus of the Bones;;Baneguard;false
OHHUMBER;MONSTER;UMBERHULK;UMBERHULK;UMBER_HULK;OHHUMBER;NONE;BG2;6;;;Umber Hulk;;;
OHHWOLF;ANIMAL;WOLF;WOLF;WOLF;None;;BG2;4;SUMMONED;CONTROLLED;Wolf;true;Wolf;false
OHNAVRUM;WEAPON;HUMAN;FIGHTER;FIGHTER_MALE_HUMAN_LOW;OHNAVRUM;OHNAVRUM;BG2;12;;;Avrum;;;
OHNCAT;ANIMAL;CAT;HUNTER_CREATURE;CAT;OHNCAT;NONE;BG2;1;;;Cat;;;
OHNETTIN;GIANTHUMANOID;ETTIN;GIANT;ETTIN;OHNETTIN;OHNETTIN;BG2;10;;;Ettin;;Ettin;false
OHNGHALL;GIANTHUMANOID;OGRE;FIGHTER;MINOTAUR;OHNGHALL;OHNGHALL;BG2;14;;;Ghallus;;OgreBerserker;false
OHNGNCAP;HUMANOID;GNOLL;GNOLL;GNOLL;OHNGNCAP;;BG2;4;;;Gnoll Captain;;;
OHNGNEL1;HUMANOID;GNOLL;GNOLL;GNOLL;OHNGNEL1;;BG2;3;;;Gnoll Elite;;;
OHNGNEL2;HUMANOID;GNOLL;GNOLL;GNOLL;OHNGNEL2;;BG2;3;;;Gnoll Elite;;;
OHNIMIM;UNDEAD;MIND_FLAYER;MIND_FLAYER;MINDFLAYER;OHNIMIM;OHNIMIM;BG2;8;;;Magical Item Merchant;;;
OHNJEROM;ANIMAL;NO_RACE;NO_CLASS;SEAGULL;OHNJEROM;;BG2;1;;;Jerome the Bird;;;
OHNOGREB;GIANTHUMANOID;OGRE;OGRE;OGRE;OHNOGREB;;BG2;7;;;Ogre;;Ogre;false
OHNREFIN;ANIMAL;CAT;CAT;CAT;OHNREFIN;;BG2;30;;;;;Jaguar;false
OHNSNAKE;ANIMAL;NO_RACE;NO_CLASS;SNAKE;OHNSNAKE;OHNSNAKE;BG2;4;;;Speaking Snake;;;
OHNSQU01;ANIMAL;NO_RACE;NO_CLASS;SQUIRREL;OHNSQU01;;BG2;1;;;Squirrel;;;
OHNSQU02;ANIMAL;NO_RACE;NO_CLASS;SQUIRREL;OHNSQU02;;BG2;1;;;Squirrel;;;
OHNSUB11;ANIMAL;CAT;CAT;CAT;OHNSUB11;OHNSUB11;BG2;30;;;Subject 11 Notes;;Jaguar;false
OHNSUB13;ANIMAL;CAT;CAT;CAT;OHNSUB13;OHNSUB13;BG2;30;;;Subject 13 Notes;;Jaguar;false
OHNSUB34;ANIMAL;CAT;CAT;CAT;OHNSUB34;OHNSUB34;BG2;30;;;Subject 34 Notes;;Jaguar;false
OHNSUB42;ANIMAL;CAT;CAT;CAT;OHNSUB42;OHNSUB42;BG2;30;;;Subject 42 Notes;;Jaguar;false
OHNSUB5;ANIMAL;CAT;CAT;CAT;OHNSUB5;OHNSUB5;BG2;30;;;Subject 5 Notes;;Jaguar;false
OHNSUB55;ANIMAL;CAT;CAT;CAT;OHNSUB55;OHNSUB55;BG2;30;;;Subject 55 Notes;;Jaguar;false
OHNSUB69;ANIMAL;CAT;CAT;CAT;OHNSUB69;OHNSUB69;BG2;30;;;Subject 69 Notes;;Jaguar;false
OHNSUB9;ANIMAL;CAT;CAT;CAT;OHNSUB9;OHNSUB9;BG2;30;;;Subject 9 Notes;;Jaguar;false
OHNSZASS;UNDEAD;LICH;MAGE;MAGE_MALE_HUMAN;OHNSZASS;OHNSZASS;BG2;29;;;Szass Tam;;;
OHNVBALR;MONSTER;DEMONIC;TANARI;TANARRI;OHNVBALR;;BG2;20;;;Balor;;;
OHNVORC;HUMANOID;ORC;FIGHTER;ORC_MELEE;OHNVORC;;BG2;13;SUMMONED;;Elite Orc;true;;
OHNWISH;GIANTHUMANOID;GENIE;GENIE_NOBLE_DJINNI;DJINNI;OHNWISH;;BG2;20;;;Noble Djinni;;;
OHNYUAN;MONSTER;YUANTI;FIGHTER;YUAN-TI;OHNYUAN;;BG2;12;;;Yuan-ti ;;;
OHNYUANG;MONSTER;YUANTI;FIGHTER;YUAN-TI_ELITE;OHNYUAN;;BG2;18;;;Yuan-ti Elite;;;
OHNYUANM;MONSTER;YUANTI;MAGE;YUAN-TI_PRIEST;OHNYUANM;NONE;BG2;15;;;Yuan-ti Mage;;;
OHRDOG;ANIMAL;DOG;DOG_WILD;DOG_WILD;OHRDOG;;BG2;1;;;Wild Dog;;WildDog;false
OHRGEWLF;ANIMAL;WOLF;WOLF_DIRE;WOLF_DIRE;OHRGEWLF;;BG2;4;;;Dire Wolf;;DireWolf;false
OHRGHOST;ANIMAL;RABBIT;FOOD_CREATURE;RABBIT;OHRGHOST;;BG2;1;;;Ghost;;;
OHRJADEN;MONSTER;LYCANTHROPE;CLERIC;CLERIC_FEMALE_HUMAN;OHRJADEN;OHRJADEN;STRATAGEMS;10;;;Jaden;;;
OHRLEOP;ANIMAL;CAT;HUNTER_CREATURE;GREATCAT_LEOPARD;OHRLEOP;;BG2;4;;;Leopard;;Leopard;false
OHRMOOSE;ANIMAL;NO_RACE;NO_CLASS;MOOSE;OHRMOOSE;;BG2;9;;;Dangerous Moose;;;
OHRSCAVE;ANIMAL;RABBIT;FOOD_CREATURE;RABBIT;OHRSCAVE;;BG2;1;;;Shadow Cavern;;;
OHRSGATE;ANIMAL;RABBIT;FOOD_CREATURE;RABBIT;OHRSGATE;;BG2;1;;;Shadow Portal;;;
OHRSHAD1;UNDEAD;SHADOW;SHADOW;SHADOW;OHRSHAD1;;BG2;11;;;Shadow Creature;;Shadow;false
OHRSHAD2;UNDEAD;SHADOW;SHADOW;SHADOW;OHRSHAD2;OHRSHAD2;BG2;11;;;Shadow Creature;;Shadow;false
OHRSHAD3;UNDEAD;SHADOW;SHADOW;SHADOW;OHRSHAD3;;BG2;11;;;Shadow Creature;;Shadow;false
OHRSHFIE;UNDEAD;SHADOW;SHADOW;SHADOW;OHRSHFIE;;BG2;5;;;Shadow Fiend;;Shadow;false
OHRSTALK;MONSTER;ELEMENTAL;ELEMENTAL_AIR;DOOM_GUARD;OHRSTALK;;BG2;8;;;Invisible Stalker;;;
OHRTRUTH;MONSTER;MIST;MIST;MIST_CREATURE;OHRTRUTH;OHRTRUTH;BG2;20;;;The Truth;;;
OHRWHEEL;ANIMAL;RABBIT;FOOD_CREATURE;RABBIT;OHRWHEEL;;BG2;1;;;Wheel of Obliteration;;;
OHRWOLF;ANIMAL;WOLF;HUNTER_CREATURE;WOLF;OHRWOLF;;BG2;3;;;Wolf;;Wolf;false
OHRYXTRA;MONSTER;DRAGON;SHADOW_DRAGON;MAGE_FEMALE_HUMAN;OHRYXTRA;OHRYXTRA;BG2;20;;;Yxtrazzal;;;
OOPAH;GIANTHUMANOID;OGRE;INNOCENT;OGRE;Ogre;None;BG1;4;;;The Amazing Oopah;;Ogre;true
OOPAH2;GIANTHUMANOID;OGRE;OGRE;OGRE;Ogre;None;BG1;5;;;The Amazing Oopah;;Ogre;true
ORC01;HUMANOID;ORC;ORC;ORC_MELEE;orc01;None;BG2;3,4;;;Orc;;;
ORC01;HUMANOID;ORC;FIGHTER;ORC_MELEE;ORC01;;BG1;3,4;;;Orc Warrior;;;
ORC02;HUMANOID;ORC;ORC;ORC_ELITE_RANGE;orc02;;BG2;3,5;;;Orc Archer;;;
ORC02;HUMANOID;ORC;FIGHTER;ORC_RANGE;ORC02;;BG1;3,5;;;Orc Archer;;;
ORC03;HUMANOID;ORC;CLERIC;ORC_SHAMAN;orc03;;BG2;3,12;;;Orc Priest;;;
ORC03;HUMANOID;ORC;CLERIC;ORC_SHAMAN;ORC03;;BG1;3,12;;;Orc Priest;;;
ORC033;HUMANOID;ORC;CLERIC;ORC_SHAMAN;orc03;;BUTCHERY;12;;;Orc Priest;;;
ORC04;HUMANOID;ORC;MAGE;ORC_SHAMAN;orc04;;BG2;5,12;;;Orc Mage;;;
ORC04;HUMANOID;ORC;FIGHTER;ORC_ELITE_MELEE;ORC04;;BG1;5,12;;;Orc Leader;;;
ORC044;HUMANOID;ORC;MAGE;ORC_SHAMAN;orc04;;BUTCHERY;12;;;Orc Mage;;;
ORC05;HUMANOID;ORC;ORC;OROG;orc05;None;BG2;6,5;;;Orog;;;
ORC05;HUMANOID;ORC;SHAMAN;ORC_SHAMAN;ORC05;;BG1;6,5;;;Orc Shaman;;;
ORC06;HUMANOID;ORC;ORC;OROG_ELITE;orc06;None;BG2;4,5;;;Orog;;;
ORC06;HUMANOID;ORC;FIGHTER_THIEF;ORC_MELEE;ORC06;;BG1;4,5;;;Orc Raider;;;
ORC07;HUMANOID;ORC;RANGER;ORC_ELITE_RANGE;ORC07;;BG1;4;;;Orc Bowmaster;;;
ORCDED;HUMANOID;ORC;ORC;ORC_MELEE;orcded;None;BG2;4;;;;;;
OTYUGH;MONSTER;OTYUGH;OTYUGH;OTYUGH;None;;BG2;10;;;Otyugh;;;
OTYUGH;MONSTER;OTYUGH;OTYUGH;OTYUGH;NONE;;BG1;10;;;Otyugh;;;
OTYUGH01;MONSTER;OTYUGH;OTYUGH;OTYUGH;None;;BG2;10;;;Otyugh;;;
OTYUGHSU;MONSTER;OTYUGH;OTYUGH;OTYUGH;None;;SPELL_REV;7;SUMMONED;;Otyugh;true;;
P#WOLF01;ANIMAL;WOLF;WOLF_WINTER;WOLF_WINTER;p#wolf01;P#WOLF;BG1NPC;6;;;Winter Wolf;;WinterWolf;true
P#WOLF02;ANIMAL;WOLF;WOLF_DIRE;WOLF_DIRE;p#wolf02;P#WOLF;BG1NPC;4;;;Dire Wolf;;DireWolf;true
P#WOLF03;MONSTER;WOLF;WOLF_DREAD;WOLF_DREAD;p#wolf03;P#WOLF;BG1NPC;1;;;Dread Wolf;;DreadWolf;true
P#WOLF04;UNDEAD;WOLF;WOLF_VAMPIRIC;WOLF_VAMPIRIC;p#wolf04;P#WOLF;BG1NPC;8;;;Vampiric Wolf;;VampiricWolf;true
P#WOLF05;MONSTER;WOLF;WOLF_DREAD;WOLF;p#wolf05;P#WOLF;BG1NPC;1;;;Wolf;;DreadWolf;true
PAIREL01;GIANTHUMANOID;ELEMENTAL;ELEMENTAL_AIR;ELEMENTAL_AIR;pairel01;pairel01;BG2;10;;;Air Elemental;;;
PALIN;MONSTER;LYCANTHROPE;WOLFWERE;THIEF_MALE_HUMAN;Hunter;palin;stratagems;5;;;Palin;;;
PALKNI01;HUMANOID;HUMAN;OGRE_MAGE;OGRE_MAGE;palkni01;;STRATAGEMS;10;;;Ogre Mage;;;
PALKNI02;HUMANOID;HUMAN;OGRE;OGRE;palkni02;;STRATAGEMS;10;;;Ogre;;;
PALKNI03;HUMANOID;HUMAN;GNOLL;GNOLL;palkni03;;STRATAGEMS;10;;;Gnoll Elite;;;
PALKNI04;HUMANOID;HUMAN;OGRE;OGRE;palkni04;palkni05;STRATAGEMS;10;;;Ogre;;;
PALKNI05;HUMANOID;HUMAN;WYVERN;WYVERN;palkni05;;STRATAGEMS;12;;;Baby Wyvern;;;
PARDA3;MONSTER;DOPPLEGANGER;DOPPLEGANGER;MONK;None;parda3;stratagems;1;;;Parda;;;
PAWN;MONSTER;GOLEM;GOLEM_CLAY;FIGHTER_MALE_DWARF;PAWN;None;BG1;5;;;Pawn;;DoomGuard;false
PBHUNT01;HUMANOID;TIEFLING;BARD;FIGHTER_MALE_ELF;pbhunt01;pbhunt01;BG2;12;;;Aawill;;;
PBHUNT03;HUMANOID;YUANTI;MAGE;YUAN-TI_PRIEST;pbhunt03;pbhunt03;BG2;14;;;Bounty Hunter;;;
PBHUNT04;HUMANOID;YUANTI;MAGE;YUAN-TI_PRIEST;pbhunt04;pbhunt04;BG2;12;;;Bounty Hunter;;;
PETTIN;GIANTHUMANOID;ETTIN;GIANT;ETTIN;pettin;None;BG2;10;;;Ettin;;Ettin;false
PETTIN;GIANTHUMANOID;ETTIN;GIANT;ETTIN;PETTIN;;BG1;10;;;Ettin;;Ettin;false
PGNALVAM;UNDEAD;VAMPIRE;MAGE;MAGE_FEMALE_HUMAN;PGNalVam;PGVAMNAL;STRATAGEMS;16;;;Nalia;;;
PHEAS01;ANIMAL;NO_RACE;FOOD_CREATURE;PHEASANT;None;None;BG2;1;;;Pheasant;;;
PHEAS01;ANIMAL;NO_RACE;FOOD_CREATURE;PHEASANT;PHEAS01;;BG1;1;;;Pheasant;;;
PHLYDI3;MONSTER;DOPPLEGANGER;DOPPLEGANGER;MAGE_FEMALE_HUMAN;None;phlydi3;STRATAGEMS;6;;;Phlydia;;;
PHLYDI3;MONSTER;DOPPLEGANGER;DOPPLEGANGER;MAGE_FEMALE_HUMAN;None;phlydi3;stratagems;6;;;Phlydia;;;
PLANET01;MONSTER;PLANATAR;CLERIC_MAGE;TANARRI;None;None;jtweaks;25;;;Planetar;;;
PLANEVIL;HUMANOID;DARKPLANATAR;FIGHTER_CLERIC;MAGE_FEMALE_ELF;planevil;PLANEVIL;SPELL_REV;18;;;Fallen Planetar;;;
PLANEVIL;HUMANOID;DARKPLANATAR;FIGHTER_CLERIC;MAGE_FEMALE_ELF;planevil;PLANEVIL;stratagems;18;;;Fallen Planetar;;;
PLANGOOD;HUMANOID;PLANATAR;FIGHTER_CLERIC;MAGE_MALE_ELF;plangood;PLANGOOD;SPELL_REV;18;;;Planetar;;;
PLANGOOD;HUMANOID;PLANATAR;FIGHTER_CLERIC;MAGE_MALE_ELF;plangood;PLANGOOD;stratagems;18;;;Planetar;;;
PLANWISH;GIANTHUMANOID;DARKPLANATAR;CLERIC_MAGE;DEVA_MONADIC;planevil;planevil;jtweaks;25;;;Fallen Planetar;;;
PLSHFG01;GIANTHUMANOID;ETTIN;GIANT;ETTIN;plshfg01;plshfg01;BG2;12;;;Ettin;;Ettin;false
PLSHFG02;GIANTHUMANOID;ETTIN;GIANT;ETTIN;plshfg02;plshfg02;BG2;12;;;Ettin;;Ettin;false
PLSHHG01;HUMANOID;HOBGOBLIN;RANGER;HOBGOBLIN;None;;BG2;2;;;Hobgoblin Slayer;;;
PLSHHG02;HUMANOID;HOBGOBLIN;MAGE;HOBGOBLIN;plshhg02;plshhg02;BG2;10;;;Hobgoblin Wizard;;;
PLSHOM01;GIANTHUMANOID;OGRE;OGRE_MAGE;OGRE_MAGE;plshom01;plshom01;BG2;8;;;Ogre Mage;;OgreMage;false
PLYBASS;MONSTER;BASILISK;BASILISK;BASILISK;None;;BG2;6;;;Lesser Basilisk;;LesserBasilisk;true
PLYBEAR1;ANIMAL;BEAR;BEAR_BROWN;BEAR_BROWN;BEARBR;;STRATAGEMS;5;;;Brown Bear;;BrownBear;true
PLYBEAR1;ANIMAL;BEAR;BEAR_BROWN;BEAR_BROWN;bearbr;;stratagems;5;;;Brown Bear;;BrownBear;true
PLYBEAR2;ANIMAL;BEAR;BEAR_BLACK;BEAR_BLACK;None;;STRATAGEMS;3;;;Black Bear;;BlackBear;true
PLYBEAR2;ANIMAL;BEAR;BEAR_BLACK;BEAR_BLACK;bearbl;;stratagems;3;;;Black Bear;;BlackBear;true
PLYFLIND;HUMANOID;GNOLL;GNOLL;GNOLL;None;;BG2;2;;;Flind;;;
PLYFLIND;HUMANOID;GNOLL;GNOLL;GNOLL;None;;BG1;2;;;Flind;;;
PLYJELL1;MONSTER;SLIME;MUSTARD_JELLY;SLIME_MUSTARD;None;;STRATAGEMS;7;;;Mustard Jelly;;MustardJelly;true
PLYJELL1;MONSTER;SLIME;MUSTARD_JELLY;SLIME_MUSTARD;None;;stratagems;7;;;Mustard Jelly;;MustardJelly;true
PLYOGRE;GIANTHUMANOID;OGRE;OGRE;OGRE;Ogre;;BG2;4;;;Ogre;;Ogre;true
PLYOGRE;GIANTHUMANOID;OGRE;OGRE;OGRE;Ogre;;BG1;4;;;Ogre;;Ogre;true
PLYSALA;MONSTER;SALAMANDER;ELEMENTAL_FIRE;SALAMANDER_FIRE;None;;BG2;8;;;Fire Salamander;;;
PLYSALA;MONSTER;SALAMANDER;ELEMENTAL_FIRE;SALAMANDER_FIRE;None;;BG1;8;;;Fire Salamander;;;
PLYSPID;MONSTER;SPIDER;SPIDER_SWORD;SPIDER_SWORD;None;;BG2;5;;;Sword Spider;;SwordSpider;true
PLYSPID;MONSTER;SPIDER;SPIDER_SWORD;SPIDER_SWORD;None;;BG1;5;;;Sword Spider;;SwordSpider;true
PLYSPID2;MONSTER;SPIDER;SPIDER_GIANT;SPIDER_GIANT;;;BG2;4;;;Giant Spider;;GiantSpider;true
PLYSPID2;MONSTER;SPIDER;SPIDER_GIANT;SPIDER_GIANT;None;;BG1;4;;;Giant Spider;;GiantSpider;true
PLYTROLL;MONSTER;TROLL;TROLL;TROLL;troll01;;BG2;6;;;Troll;;;
PLYWOLF;MONSTER;WOLF;WOLF_DREAD;WOLF;None;;BG2;1;;;Wolf;;DreadWolf;true
PLYWOLF;MONSTER;WOLF;WOLF_DREAD;WOLF;None;;BG1;1;;;Wolf;;DreadWolf;true
PLYWYVRN;MONSTER;WYVERN;WYVERN;WYVERN;Wyvern;;BG2;7;;;Baby Wyvern;;BabyWyvern;true
PLYWYVRN;MONSTER;WYVERN;WYVERN;WYVERN;Wyvern;;BG1;7;;;Baby Wyvern;;BabyWyvern;true
PMASTER;MONSTER;DEMONIC;TANARI;FIEND_GREEN;pmaster;pmaster;STRATAGEMS;12;;;Master of Thralls;;;
POGHM9;MONSTER;DOPPLEGANGER;DOPPLEGANGER;MAGE_MALE_HUMAN;None;poghm9;BG2;3;;;Priest of Oghma;;;
POGHM9;MONSTER;DOPPLEGANGER;DOPPLEGANGER;MAGE_MALE_HUMAN;None;POGHM9;BG1;3;;;Priest of Oghma;;;
POLYCARR;MONSTER;CARRIONCRAWLER;CARRIONCRAWLER;CARRION_CRAWLER;None;;BG2;3;;;Carrion Crawler;;CarrionCrawler;false
POLYOCHR;MONSTER;SLIME;MUSTARD_JELLY;SLIME_MUSTARD;None;;BG2;6;;;Mustard Jelly;;MustardJelly;false
POLYRAT;ANIMAL;NO_RACE;NO_CLASS;RAT;None;None;BG2;1;;;Rat;;;
PPALT;MONSTER;STATUE;SHADOW;FIRE_RING;ppalt;ppalt;BG2;8;;;Altar;;;
PPALTK1;HUMANOID;KOBOLD;KOBOLD;KOBOLD;ppaltk1;ppaltk1;BG2;6;;;Kobold Shaman;;;
PPALTK2;HUMANOID;KOBOLD;KOBOLD;KOBOLD;ppaltk2;ppaltk2;BG2;6;;;Kobold Shaman;;;
PPBODBAT;MONSTER;NO_RACE;NO_CLASS;BAT_INSIDE;None;None;BG2;1;;;Vampire Bat;;;
PPBODHI3;UNDEAD;VAMPIRE;VAMPIRE;BODHI;ppbodhi3;ppbodhi3;BG2;14;;;Bodhi;;;
PPBODHI4;UNDEAD;VAMPIRE;FIGHTER_THIEF;BODHI;ppbodhi4;ppbodhi4;STRATAGEMS;14;;;Bodhi;;;
PPDEL;UNDEAD;VAMPIRE;FIGHTER_THIEF;VAMPIRE_FEMALE;ppdel;ppdel;STRATAGEMS;10;;;Del;;;
PPDEMON;MONSTER;DEMONIC;TANARI;TANARRI;ppdemon;ppdemon;BG2;10;;;Demon;;;
PPDJINN;GIANTHUMANOID;GENIE;GENIE_DJINNI;DJINNI;ppdjinn;ppdjinn;BG2;5;;;Genie;;;
PPDJINN;GIANTHUMANOID;GENIE;GENIE_DJINNI;DJINNI;ppdjinn;ppdjinn;BG1;5;;;Genie;;;
PPDJINN2;GIANTHUMANOID;GENIE;GENIE_NOBLE_DJINNI;DJINNI;ppdjinn2;;BG2;13;;;Noble Djinni;;;
PPGITH;HUMANOID;GITHYANKI;FIGHTER_MAGE;GITHYANKI;ppgith;ppgith;BG2;11;;;Githyanki Captain;;;
PPGITHGI;HUMANOID;GITHYANKI;FIGHTER_MAGE;GITHYANKI;ppgithgi;ppgithgi;BG2;6;;;Githyanki;;;
PPGITHMA;HUMANOID;GITHYANKI;MAGE;GITHYANKI;ppgithma;ppgithma;BG2;9;;;Githyanki;;;
PPGITHWA;HUMANOID;GITHYANKI;FIGHTER;GITHYANKI;ppgithwa;ppgithwa;BG2;9;;;Githyanki;;;
PPGUARD1;HUMANOID;KOBOLD;KOBOLD;KOBOLD_XVART;ppguard1;;BG2;6;;;Kobold;;;
PPGUARD2;HUMANOID;KOBOLD;KOBOLD;KOBOLD;ppguard2;;BG2;6;;;Kobold;;;
PPGUARD3;HUMANOID;KOBOLD;KOBOLD;KOBOLD;ppguard3;;BG2;6;;;Kobold;;;
PPGUARD4;HUMANOID;KOBOLD;MAGE;KOBOLD;ppguard4;;STRATAGEMS;5;;;Kobold Witch Doctor;;;
PPGUY01;MONSTER;NO_RACE;TANARI;BIRD;ppguy01;ppguy01;BG2;25;;;;;;
PPGUY02;MONSTER;NO_RACE;TANARI;BIRD;ppguy02;ppguy02;ascension;25;;;;;;
PPINVI01;MONSTER;STATUE;SHADOW;DOOM_GUARD;ppinvi01;;BG2;8;;;Magnet;;;
PPIRON;GIANTHUMANOID;GOLEM;GOLEM_CLAY;GOLEM_CLAY;ppiron;;BG2;9;;;Clay Golem;;ClayGolem;false
PPJOYE;UNDEAD;VAMPIRE;FIGHTER_THIEF;VAMPIRE;ppjoye;ppjoye;STRATAGEMS;12;;;Dace Sontan;;;
PPJOYE2;UNDEAD;VAMPIRE;FIGHTER_THIEF;VAMPIRE;ppjoye2;ppjoye2;STRATAGEMS;12;;;Dace Apparition;;;
PPMIND01;HUMANOID;MIND_FLAYER;MIND_FLAYER;MINDFLAYER;ppmind01;None;BG2;14;;;Ulitharid;;;
PPNAB01;MONSTER;DEMONIC;TANARI;TANARRI;ppnab01;None;BG2;7;;;Nabassu;;;
PPNAB02;MONSTER;DEMONIC;TANARI;TANARRI;ppnab02;None;BG2;7;;;Nabassu;;;
PPNAB03;MONSTER;DEMONIC;TANARI;TANARRI;ppnab03;None;BG2;7;;;Nabassu;;;
PPPARIS;UNDEAD;VAMPIRE;FIGHTER_THIEF;VAMPIRE_FEMALE;ppparis;ppparis;STRATAGEMS;10;;;Parisa;;;
PPRIDD;MONSTER;STATUE;SHADOW;DOOM_GUARD_LARGER;ppridd;ppridd;BG2;8;;;Statue;;;
PPSAHA;HUMANOID;SAHUAGIN;SAHUAGIN;SAHUAGIN;ppsaha;ppsaha;BG2;2;;;Sahuagin;;;
PPSAHALE;HUMANOID;SAHUAGIN;SAHUAGIN;SAHUAGIN;ppsahale;ppsahale;BG2;2;;;Sahuagin Baron;;;
PPSTAT01;MONSTER;NO_RACE;NO_CLASS;DOOM_GUARD_LARGER;ppstat01;ppstat01;BG2;8;;;Statue of Riddles;;;
PPTROLL1;HUMANOID;TROLL;SPECTRAL_TROLL;TROLL;pptroll1;;BG2;9;;;Spirit Troll;;;
PPTROLL2;HUMANOID;TROLL;SPECTRAL_TROLL;TROLL;pptroll1;;BG2;6;;;Spirit Troll;;;
PPUMB02;MONSTER;UMBERHULK;UMBERHULK;UMBER_HULK;ppumb01;;BG2;6;;;Umber Hulk;;;
PPVALEN;UNDEAD;VAMPIRE;FIGHTER_THIEF;VAMPIRE_FEMALE;ppvalen;ppvalen;STRATAGEMS;14;;;Valen;;;
PRIDE;HUMANOID;GOLEM;GOLEM_IRON;FIGHTER_MALE_DWARF;pride;PRIDE;BG1;1;;;Warder;;IronGolem;false
PRIDEM;HUMANOID;GOLEM;FIGHTER_CLERIC;FIGHTER_MALE_DWARF;pridem;None;stratagems;12;;;Pride;;DoomGuard;false
PUDDEN01;MONSTER;SLIME;MUSTARD_JELLY;GRAY_OOZE;None;;BG2;3;;;Dense Pudding;;MustardJelly;false
PUDDEN02;MONSTER;SLIME;MUSTARD_JELLY;GRAY_OOZE;pudden01;;BG2;3;;;Dense Pudding;;MustardJelly;false
PWARDEN;HUMANOID;DEMONIC;FIGHTER_MAGE;DEATH_KNIGHT;pwarden;PWARDEN;BG2;18;;;Warden;;;
PWYVV01;MONSTER;WYVERN;WYVERN;WYVERN_BIG;pwyvv01;pwyvv01;BG2;10;;;Wyvern;;Wyvern;false
QDFVSLS;HUMANOID;NO_RACE;NO_CLASS;MAGE_MALE_ELF;0;QDFVSLS;TOMEANDBLOOD;25;;;;;;
QDFVSLS;HUMANOID;NO_RACE;NO_CLASS;MAGE_MALE_ELF;0;QDFVSLS;TomeAndBlood;25;;;;;;
QUEEN;HUMANOID;GOLEM;MAGE;MAGE_FEMALE_ELF;QUEEN;None;stratagems;8;;;Queen;;;
RABBIT;ANIMAL;RABBIT;FOOD_CREATURE;RABBIT;None;None;BG2;1;;;Rabbit;;;
RABBIT;ANIMAL;NO_RACE;FOOD_CREATURE;RABBIT;None;None;BG1;1;;;Rabbit;;;
RABBIT01;ANIMAL;RABBIT;NO_CLASS;RABBIT;rabbit01;None;BG2;1;;;Rabbit;;;
RABBITSU;ANIMAL;RABBIT;FOOD_CREATURE;RABBIT;rabbit01;None;BG2;1;SUMMONED;CONTROLLED;Rabbit;true;;
RABBITSU;ANIMAL;RABBIT;FOOD_CREATURE;RABBIT;rabbit01;None;BG1;1;SUMMONED;CONTROLLED;Rabbit;true;;
RAELIS;HUMANOID;TIEFLING;BARD;MAGE_FEMALE_ELF;Raelis;raelis;BG2;15;;;Raelis Shai;;;
RAKMAH01;HUMANOID;RAKSHASA;MAGE;RAKSHASA;rakmah01;None;BG2;17;;;Maharajah;;;
RAKRAJ01;HUMANOID;RAKSHASA;MAGE;RAKSHASA;rakraj01;None;BG2;15;;;Rajah;;;
RAKRUH01;HUMANOID;RAKSHASA;RAKSHASA;RAKSHASA;rakruh01;None;STRATAGEMS;11;;;Ruhk;;;
RAKSHA01;HUMANOID;RAKSHASA;RAKSHASA;RAKSHASA;raksha01;None;BG2;9;;;Rakshasa;;;
RAMAZ;ANIMAL;CAT;HUNTER_CREATURE;GREATCAT_LEOPARD;ramaz;;ascension;10;;;Ramazith;;Leopard;false
RANCE;HUMANOID;STATUE;FIGHTER;FIGHTER_MALE_HUMAN;RANCE;RANCE;BG1;6;;;Statue;;;
RASHAD;MONSTER;DOPPLEGANGER;DOPPLEGANGER;CLERIC_MALE_HUMAN;RASHAD;rashad;stratagems;5;;;Rashad;;;
RAT;ANIMAL;NO_RACE;FOOD_CREATURE;RAT;rat;None;BG2;1;;;Rat;;;
RAT;ANIMAL;RABBIT;FOOD_CREATURE;RAT;None;None;BG1;1;;;Rat;;;
RAT2;ANIMAL;NO_RACE;NO_CLASS;RAT;None;None;BG2;1;;;Rat;;;
RAT2;ANIMAL;RABBIT;FOOD_CREATURE;RAT;REVRAT;None;BG1;1;;;Rat;;;
RATCHI;HUMANOID;KOBOLD;KOBOLD;KOBOLD;RATCHILD;ratchi;BG1;6;;;Ratchild;;;
RAY;HUMANOID;GIBBERLING;GIBBERLING;GIBBERLING;None;;BG1;1;;;Diseased Gibberling;;;
REEVOR3;MONSTER;DOPPLEGANGER;DOPPLEGANGER;FIGHTER_MALE_DWARF;None;reevor3;STRATAGEMS;5;;;Reevor;;;
REEVOR3;MONSTER;DOPPLEGANGER;DOPPLEGANGER;FIGHTER_MALE_DWARF;None;REEVOR3;stratagems;5;;;Reevor;;;
RERAK01;HUMANOID;RAKSHASA;RAKSHASA;NOBLE_MAN;rerak01;rerak01;BG2;9;;;Traveler;;;
RERAK02;HUMANOID;RAKSHASA;RAKSHASA;FAT_MAN;rerak02;None;BG2;9;;;Traveler;;;
RERAK03;HUMANOID;RAKSHASA;RAKSHASA;PEASANT_WOMAN;rerak03;None;BG2;9;;;Traveler;;;
RERAK04;HUMANOID;RAKSHASA;RAKSHASA;PEASANT_MAN;rerak04;rerak01;BG2;9;;;Traveler;;;
RERAK05;HUMANOID;RAKSHASA;RAKSHASA;NOBLE_WOMAN;rerak05;None;BG2;9;;;Traveler;;;
RERAK06;HUMANOID;RAKSHASA;RAKSHASA;FAT_WOMAN;rerak06;None;BG2;9;;;Traveler;;;
REVEN01;UNDEAD;GHOUL;GHOUL_REVEANT;ZOMBIE;REVEN;reven3;BG2;8;;;Revenant;;Mummy;false
REVENT;UNDEAD;GHOUL;GHOUL_REVEANT;ZOMBIE;REVEN;reven3;BG1;15;;;Revenant;;Mummy;false
RE_DRYAD;MONSTER;FAIRY;FAIRY_SIRINE;SIRINE;RE_Dryad;RE_DRYAD;Blackhearts;5;;;Dryad;;Dryad;true
RE_MEKRN;MONSTER;FAIRY;FAIRY_SIRINE;SIRINE;RE_Dryad;RE_DRYAD;Blackhearts;5;;;Dryad;;Sirine;false
RH#ADVMP;UNDEAD;VAMPIRE;VAMPIRE;FIGHTER_MALE_HUMAN;rh#advmp;rh#vadr;adrian;8;;;Adrian;;;
RH#ISVMP;UNDEAD;VAMPIRE;VAMPIRE;FIGHTER_FEMALE_HUMAN;rh#isvmp;rh#isvmp;ISRA_BG2;8;;;Isra;;;
RH#RAT;ANIMAL;NO_RACE;FOOD_CREATURE;RAT;rh#rat;;ISRA_BG2;1;;;Rat;;;
RIFTCR01;UNDEAD;GHOUL;GHOUL_GHAST;GHAST;Riftcr01;Riftcr01;BG2;7;;;Greater Ghoul;;GhoulLord;true
RIFTCR02;UNDEAD;SKELETON;SKELETON_WARRIOR;SKELETON_WARRIOR;riftcr02;riftcr02;STRATAGEMS;9;;;Skeleton Warrior;;SkeletonWarrior;true
RIFTCR03;UNDEAD;GHOUL;GHOUL_REVEANT;MUMMY;Riftcr03;riftcr03;BG2;14;;;Greater Mummy;;GreaterMummy;true
RIFTCR04;MONSTER;NO_RACE;NO_CLASS;TANARRI;Riftcr04;Riftcr04;BG2;7;;;Empathic Manifestation;;;
RIFTG01;HUMANOID;NO_RACE;NO_CLASS;STATIC_HUMANCLERIC_MAN_CHAIR;None;Riftg01;BG2;1;;;Guardian;;;
RIFTG02;HUMANOID;NO_RACE;NO_CLASS;STATIC_HUMANCLERIC_MAN_CHAIR;None;Riftg02;BG2;1;;;Statue;;;
RNGBEH01;UNDEAD;BEHOLDER;BEHOLDER;BEHOLDER;rngbeh01;rngbeh01;BG2;9;;;Death Tyrant;;;
RNGSHA;UNDEAD;SHADOW;SHADOW;SHADOW;None;None;BG2;4;;;Shadow;;Shadow;true
RNGSHA01;UNDEAD;SHADOW;SHADOW;SHADOW;None;rngsha01;BG2;4;;;Shadow;;Shadow;true
RNGSHA02;UNDEAD;SHADOW;RANGER;SHADOW;rngsha02;rngsha02;BG2;12;;;Shadow Patrick;;Shadow;false
RNGSHA03;UNDEAD;SHADOW;SHADOW;SHADOW;rngsha03;rngsha03;BG2;4;;;Shadow;;Shadow;true
RNGSHA04;UNDEAD;SHADOW;SHADOW;SHADOW;rngsha04;rngsha04;BG2;5;;;Shadow Jailor;;Shadow;true
RNGSHA2D;UNDEAD;SHADOW;SHADOW;FIGHTER_MALE_HUMAN;rngsha2d;rngsha2d;BG2;5;;;Shadow Patrick;;Shadow;false
RNGSTA01;SHIELD;NO_RACE;FIGHTER;DOOM_GUARD;rngsta01;rngsta01;BG2;12;;;Sun Statue;;;
RNGWLF01;MONSTER;LYCANTHROPE;WEREWOLF;THIEF_FEMALE_HUMAN_LOW;rngwlf01;rngwlf01;STRATAGEMS;7;;;Anath;;;
RNGWLF02;MONSTER;LYCANTHROPE;WEREWOLF;WEREWOLF_GREATER;rngwlf02;None;STRATAGEMS;7;;;Anath;;;
RNGWLF03;MONSTER;LYCANTHROPE;WEREWOLF;WEREWOLF_GREATER;rngwlf03;rngwlf03;STRATAGEMS;7;;;Anath;;;
RNGWLF04;MONSTER;LYCANTHROPE;WEREWOLF;WEREWOLF_GREATER;rngwlf04;;STRATAGEMS;7;;;Anath;;;
RNGWLF05;MONSTER;LYCANTHROPE;WEREWOLF;WEREWOLF_GREATER;rngwlf05;;STRATAGEMS;7;;;Anath;;;
ROCK;GIANTHUMANOID;OGRE;FIGHTER;MINOTAUR;Rock;rock;STRATAGEMS;23;;;Rock;;OgreBerserker;false
ROGTRO01;GIANTHUMANOID;TROLL;TROLL;TROLL_BLUE;rogtro02;;BG2;6;;;Sea Troll;;;
ROGTRO02;MONSTER;TROLL;TROLL;TROLL_BLUE;rogtro02;;BG2;6;;;Sea Troll;;;
ROOK;MONSTER;GOLEM;GOLEM_CLAY;FIGHTER_MALE_ELF;ROOK;None;stratagems;8;;;Rook;;HelmedHorror;false
RORCA01;HUMANOID;ORC;ORC;ORC_ELITE_RANGE;rogron;None;BG2;3;;;Orc Archer;;;
RORCL01;HUMANOID;ORC;ORC;OROG;rogron;rorcl01;BG2;5;;;Orog Leader;;;
RORCS01;HUMANOID;ORC;ORC;OROG_CHIEFTAIN;rogron;rorcs01;BG2;3;;;Orog;;;
RR#ALCH;ANIMAL;HUMAN;MAGE;RAT;RR#ALCH;RR#ALCH;rr;30;;;Alchemy;;;
RR#ARLEJ;ANIMAL;HUMAN;MAGE;RAT;RR#ARLEJ;RR#ARLEJ;rr;20;;;Arledrian's Journal;;;
RR#CTEST;ANIMAL;HUMAN;MAGE;RAT;RR#CTEST;NONE;rr;20;;;<NO TEXT>;;;
RR#OBSRV;HUMANOID;PLATE;LONG_SWORD;BIRD;RR#OBSRV;NONE;rr;1;;;<NO TEXT>;;;
RR#SCRL;ANIMAL;CAT;CAT;CAT;RR#SCRL;;rr;30;;;Scribe Scrolls;;Jaguar;false
RR#SHM01;GIANTHUMANOID;ELEMENTAL;ELEMENTAL_EARTH;ELEMENTAL_EARTH_SMALL;RR#SHM;;rr;11;SUMMONED;;Lesser Shambler;true;;
RR#SHM02;GIANTHUMANOID;ELEMENTAL;ELEMENTAL_EARTH;SHAMBLING_MOUND;RR#SHM;;rr;16;SUMMONED;;Shambling Mound;true;;
RR#SHM03;GIANTHUMANOID;ELEMENTAL;ELEMENTAL_EARTH;SHAMBLING_MOUND;RR#SHM;;rr;20;SUMMONED;;Greater Shambler;true;;
RR#STGOL;GIANTHUMANOID;GOLEM;GOLEM_CLAY;GOLEM_CLAY;RR#STGOL;;rr;9;;;Clay Golem;;ClayGolem;false
RR#VAM01;UNDEAD;VAMPIRE;VAMPIRE;VAMPIRE;RR#VAM01;NONE;rr;8;;;Vampire;;;
RR#VWARD;ANIMAL;HUMAN;MAGE;RAT;RR#VWARD;RR#VWARD;rr;20;;;Venduris' Scroll;;;
RR#WSPI;UNDEAD;HUMAN;FIGHTER;FIGHTER_MALE_HUMAN;RR#WSPI;;rr;19;;;Spirit Warrior;;;
RSBEARBL;ANIMAL;BEAR;BEAR_BLACK;BEAR_BLACK;None;;BG1;3;;;Black Bear;;BlackBear;true
RSDTROLL;MONSTER;TROLL;TROLL;TROLL_SNOW;RSDTROLL;;BG1;7;;;Snow Troll;;;
RSGIBBER;HUMANOID;GIBBERLING;GIBBERLING;GIBBERLING;None;;BG1;1;;;Gibberling;;;
RSGOB;HUMANOID;HOBGOBLIN;HOBGOBLIN;GOBLIN_AXE;None;;BG1;1;;;Goblin;;;
RSKEL01;UNDEAD;SKELETON;SKELETON;SKELETON;rskel01;None;BG2;1;;;Skeleton;;Skeleton;false
RSKEL02;UNDEAD;SKELETON;SKELETON_WARRIOR;SKELETON_WARRIOR;rskel02;rskel02;BG2;9;;;Skeleton Warrior;;SkeletonWarrior;true
RSKEL03;UNDEAD;SKELETON;SKELETON;SKELETON;rskel03;rskel03;BG2;6;;;Skeleton;;Skeleton;false
RSPIRIT1;UNDEAD;FAIRY;NO_CLASS;SIRINE;rspirit01;mairyn;BG2;14;;;Mairyn;;Dryad;false
RSSPIDGI;MONSTER;SPIDER;SPIDER_GIANT;SPIDER_GIANT;None;;BG1;4;;;Giant Spider;;GiantSpider;true
RSSPY01;HUMANOID;PLATE;LONG_SWORD;BIRD;RSSPY01;None;BG1;1;;;;;;
RSSPY02;HUMANOID;PLATE;LONG_SWORD;BIRD;RSSPY02;None;BG1;1;;;;;;
RSWOLF;ANIMAL;WOLF;WOLF;WOLF;None;;BG1;3;;;Wolf;;Wolf;true
RUFIE;ANIMAL;WOLF;WOLF_DIRE;WOLF_DIRE;Rufie;rufie;BG1;4;;;Rufie;;DireWolf;true
RUMAR02;HUMANOID;DEMONIC;TANARI;FIEND_GREEN;demnab;None;STRATAGEMS;12;;;Nabassu;;;
RUMAR03;MONSTER;IMP;MAGE;IMP;rumar03;rumar03;STRATAGEMS;6;;;Imp;;;
RZOMB01;UNDEAD;ZOMBIE;ZOMBIE_NORMAL;ZOMBIE;None;zombie;BG2;5;;;Zombie;;;
SAHAMB01;HUMANOID;SAHUAGIN;SAHUAGIN;SAHUAGIN;sahamb01;None;BG2;10;;;Rebel;;;
SAHAMB02;HUMANOID;SAHUAGIN;SAHUAGIN;SAHUAGIN;sahamb02;None;BG2;10;;;Rebel;;;
SAHAMB03;HUMANOID;SAHUAGIN;CLERIC;SAHUAGIN;sahamb03;None;STRATAGEMS;8;;;Rebel;;;
SAHAMB04;HUMANOID;SAHUAGIN;SAHUAGIN;SAHUAGIN;sahamb04;None;BG2;10;;;Sahuagin;;;
SAHAMB05;HUMANOID;SAHUAGIN;SAHUAGIN;SAHUAGIN;sahamb05;None;BG2;10;;;Sahuagin;;;
SAHAMB06;HUMANOID;SAHUAGIN;CLERIC;SAHUAGIN;sahamb06;None;STRATAGEMS;8;;;Sahuagin;;;
SAHANGU;HUMANOID;SAHUAGIN;NO_CLASS;SALAMANDER_FROST;None;None;BG2;2;SUMMONED;;Anguiliian;true;;
SAHBAR01;HUMANOID;SAHUAGIN;FIGHTER;SAHUAGIN;None;;STRATAGEMS;12;;;Sahuagin Baronial Guard;;;
SAHBAR02;HUMANOID;SAHUAGIN;FIGHTER;SAHUAGIN;None;;STRATAGEMS;12;;;Sahuagin Baron;;;
SAHBAR03;HUMANOID;SAHUAGIN;FIGHTER;SAHUAGIN;sahbar03;sahbar03;STRATAGEMS;12;;;Baron Thelokassyil;;;
SAHBEH01;MONSTER;BEHOLDER;BEHOLDER;BEHOLDER;sahbeh01;sahbeh01;BG2;4;;;Spectator;;;
SAHBEH02;UNDEAD;KUO-TOA;FIGHTER;KUO-TOA;sahbeh02;sahbeh02;BG2;16;;;Sziltar's Apparition;;;
SAHBEH03;UNDEAD;HUMAN;NO_CLASS;FIGHTER_MALE_HUMAN;sahbeh02;sahbeh03;BG2;6;;;Sziltar's Apparition;;;
SAHBEH04;UNDEAD;ELF;FIGHTER_MAGE;FIGHTER_MALE_ELF;sahbeh04;None;BG2;14;;;Sziltar's Apparition;;;
SAHCAPT0;HUMANOID;SAHUAGIN;FIGHTER;SAHUAGIN;sahcpt01;sahcpt01;STRATAGEMS;12;;;Captain Alyittyl;;;
SAHCAPT1;HUMANOID;SAHUAGIN;FIGHTER;SAHUAGIN;sahcpt01;sahcpt01;STRATAGEMS;12;;;Captain Alyittyl;;;
SAHCHF01;HUMANOID;SAHUAGIN;FIGHTER;SAHUAGIN;None;;STRATAGEMS;16;;;Sahuagin Chieftain;;;
SAHCHF02;HUMANOID;SAHUAGIN;FIGHTER;SAHUAGIN;sahchf02;sahchf02;STRATAGEMS;14;;;Sahuagin Chieftain;;;
SAHCPT01;HUMANOID;SAHUAGIN;FIGHTER;SAHUAGIN;sahcpt01;sahcpt01;STRATAGEMS;18;;;Captain Alyittyl;;;
SAHCPT02;HUMANOID;SAHUAGIN;FIGHTER;SAHUAGIN;sahcpt02;sahcpt02;STRATAGEMS;18;;;Captain Feerlattiys;;;
SAHEXTRA;HUMANOID;SAHUAGIN;FIGHTER;SAHUAGIN;sahextra;None;STRATAGEMS;12;;;Sahuagin Royal Guard;;;
SAHGRD01;HUMANOID;SAHUAGIN;FIGHTER;SAHUAGIN;sahgrd01;sahgrd01;STRATAGEMS;12;;;Sahuagin Royal Guard;;;
SAHGRD02;HUMANOID;SAHUAGIN;FIGHTER;SAHUAGIN;sahgrd02;sahgrd02;STRATAGEMS;12;;;Sahuagin Royal Guard;;;
SAHGRD03;HUMANOID;SAHUAGIN;FIGHTER;SAHUAGIN;sahgrd03;sahgrd03;STRATAGEMS;12;;;Sahuagin Royal Guard;;;
SAHIMP01;HUMANOID;IMP;IMP;IMP;sahimp01;sahimp01;BG2;3;;;Imp;;;
SAHIMP02;HUMANOID;IMP;IMP;IMP;sahimp02;sahimp02;BG2;3;;;Imp;;;
SAHIMP03;HUMANOID;IMP;NO_CLASS;ELMINSTER;sahimp03;sahimp03;BG2;3;;;Elminster;;;
SAHIMP04;HUMANOID;IMP;NO_CLASS;MAGE_MALE_HUMAN;sahimp04;sahimp04;BG2;3;;;Khelben;;;
SAHIMP05;HUMANOID;IMP;NO_CLASS;MAGE_FEMALE_ELF;sahimp05;sahimp05;BG2;3;;;Alustriel;;;
SAHIMP06;HUMANOID;IMP;NO_CLASS;FIGHTER_MALE_HUMAN;sahimp06;sahimp06;BG2;3;;;Piergeiron;;;
SAHIMP07;HUMANOID;IMP;NO_CLASS;DRIZZT;sahimp07;SAHIMP07;BG2;3;;;Drizzt;;;
SAHKIN01;HUMANOID;SAHUAGIN;SAHUAGIN;SAHUAGIN_LARGE;None;;BG2;13;;;Sahuagin King;;;
SAHKNG01;HUMANOID;SAHUAGIN;FIGHTER;SAHUAGIN_LARGE;sahkng01;sahkng01;STRATAGEMS;20;;;King Ixilthetocal;;;
SAHKNG02;HUMANOID;SAHUAGIN;FIGHTER;SAHUAGIN_LARGE;sahkng01;sahkng01;STRATAGEMS;20;;;King Ixilthetocal;;;
SAHLACE;UNDEAD;GHOUL;GHOUL;GHOUL;None;None;BG2;5;SUMMONED;;Lacedon;true;Ghoul;true
SAHOTY01;GIANTHUMANOID;ETTIN;GIANT;ETTIN;sahoty01;sahoty01;BG2;12;;;Ettin;;Ettin;false
SAHPR1;HUMANOID;SAHUAGIN;CLERIC;SAHUAGIN;sahpr1;sahpr1;BG2;20;;;Royal High Priestess Senityili;;;
SAHPR2;HUMANOID;SAHUAGIN;FIGHTER;SAHUAGIN_LARGE;sahpr2;sahpr2;STRATAGEMS;20;;;Prince Villynaty;;;
SAHPR3;HUMANOID;SAHUAGIN;CLERIC;SAHUAGIN;sahpr3;sahpr3;BG2;20;;;High Priestess Tlyysixxous;;;
SAHPR4;HUMANOID;SAHUAGIN;CLERIC;SAHUAGIN;sahpr4;sahpr4;BG2;20;;;Senior Priestess Sallinithyl;;;
SAHPR5;HUMANOID;SAHUAGIN;CLERIC;SAHUAGIN;sahpr5;sahpr5;BG2;9;;;Priestess of Sekolah;;;
SAHPRI01;HUMANOID;SAHUAGIN;FIGHTER;SAHUAGIN_LARGE;None;;STRATAGEMS;16;;;Sahuagin Prince;;;
SAHPRI02;HUMANOID;SAHUAGIN;CLERIC;SAHUAGIN;None;;STRATAGEMS;1;;;Royal High Priestess;;;
SAHRAMB1;HUMANOID;SAHUAGIN;SAHUAGIN;SAHUAGIN;sahramb1;;BG2;10;;;Rebel;;;
SAHRAMB2;HUMANOID;SAHUAGIN;SAHUAGIN;SAHUAGIN;sahramb2;;BG2;10;;;Rebel;;;
SAHRAMB3;HUMANOID;SAHUAGIN;CLERIC;SAHUAGIN;sahramb3;sahramb3;BG2;14;;;Priestess;;;
SAHRAMB4;HUMANOID;SAHUAGIN;SAHUAGIN;SAHUAGIN;sahramb4;;BG2;10;;;Rebel;;;
SAHRAMB5;HUMANOID;SAHUAGIN;SAHUAGIN;SAHUAGIN;sahramb5;;BG2;10;;;Rebel;;;
SAHRAR01;HUMANOID;SAHUAGIN;SAHUAGIN;SAHUAGIN;sahrar01;sahrar01;BG2;10;;;Rebel;;;
SAHREB02;HUMANOID;SAHUAGIN;FIGHTER;SAHUAGIN_LARGE;sahreb02;None;STRATAGEMS;20;;;Prince Villynaty;;;
SAHRGR01;HUMANOID;SAHUAGIN;SAHUAGIN;SAHUAGIN;sahrgr01;sahrgr01;BG2;10;;;Rebel;;;
SAHRGR02;HUMANOID;SAHUAGIN;SAHUAGIN;SAHUAGIN;sahrgr02;sahrgr02;BG2;10;;;Rebel;;;
SAHRGR03;HUMANOID;SAHUAGIN;SAHUAGIN;SAHUAGIN;sahrgr03;sahrgr03;BG2;10;;;Rebel;;;
SAHRNT01;HUMANOID;SAHUAGIN;SAHUAGIN;SAHUAGIN;sahrnt01;sahrnt01;BG2;10;;;Rebel;;;
SAHRYL01;HUMANOID;SAHUAGIN;FIGHTER;SAHUAGIN;None;;STRATAGEMS;12;;;Sahuagin Royal Guard;;;
SAHSKEL;UNDEAD;SKELETON;SKELETON_WARRIOR;SKELETON_WARRIOR;None;None;BG2;9;SUMMONED;;Skeleton Warrior;true;SkeletonWarrior;true
SAHSPC01;UNDEAD;SPECTRE;SPECTRE;MAGE_MALE_HUMAN;sahspc01;sahspc01;BG2;5;;;Specter;;Ghost;false
SAHSSS01;HUMANOID;SAHUAGIN;SAHUAGIN;SAHUAGIN;Sahsss01;;BG2;10;;;Rebel;;;
SAHSSS02;HUMANOID;SAHUAGIN;SAHUAGIN;SAHUAGIN;Sahsss02;;BG2;10;;;Rebel;;;
SAHSSS03;HUMANOID;SAHUAGIN;SAHUAGIN;SAHUAGIN;sahsss03;;BG2;10;;;Rebel;;;
SAHUAG01;HUMANOID;SAHUAGIN;SAHUAGIN;SAHUAGIN;None;;BG2;10;;;Sahuagin;;;
SAHZOM01;UNDEAD;ZOMBIE;ZOMBIE_NORMAL;ZOMBIE;sahzom01;sahzom01;BG2;12;;;Sea Zombie Lord;;;
SAHZOMB;UNDEAD;ZOMBIE;ZOMBIE_NORMAL;ZOMBIE;None;None;BG2;2;SUMMONED;;Sea Zombie;true;;
SALGRFIR;MONSTER;SALAMANDER;ELEMENTAL_FIRE;SALAMANDER_FIRE;salgrfir;None;BG2;10;;;Salamander Noble;;;
SALGRICE;MONSTER;SALAMANDER;ELEMENTAL_WATER;SALAMANDER_FROST;salgrice;None;BG2;17;;;Frost Salamander;;;
SARBAT;MONSTER;NO_RACE;NO_CLASS;BAT_INSIDE;sarbat;None;BG2;1;;;Bat;;;
SARBUL04;HUMANOID;ORC;FIGHTER;ORC_ELITE_MELEE;sarbul04;sarbul05;BG2;7;;;Il-Khan Soldier;;;
SARCULTO;HUMANOID;ORC;FIGHTER;ORC_MELEE;sarculto;sarcult;BG2;7;;;Orc Cultist;;;
SARFAKI2;GIANTHUMANOID;GIANT;FIGHTER;DOOM_GUARD;sarfaki2;None;BG2;20;;;Fire Giant;;;
SARFAKIE;GIANTHUMANOID;GIANT;FIGHTER;DOOM_GUARD;sarfakie;None;BG2;20;;;Fire Giant;;;
SARGRD04;HUMANOID;ORC;FIGHTER;ORC_ELITE_MELEE;None;None;BG2;20;;;Fighter;;;
SARGRD10;HUMANOID;ORC;FIGHTER;ORC_ELITE_MELEE;sargrd10;None;BG2;20;;;Fighter;;;
SARORC01;HUMANOID;ORC;FIGHTER;ORC_MELEE;sarorc01;sarorc01;BG2;12;;;Elite Orc;;;
SARORO01;HUMANOID;ORC;FIGHTER;OROG;saroro01;saroro01;BG2;12;;;Elite Orog;;;
SARREIN1;HUMANOID;ORC;FIGHTER;ORC_MELEE;sartro01;sartro01;BG2;7;;;Orc;;;
SARSPIR;UNDEAD;SPECTRE;SPECTRE;BEGGAR_MAN;sarspir;sarspir;BG2;10;;;Prison Spirit;;Spectre;false
SARTRO01;HUMANOID;ORC;FIGHTER;ORC_MELEE;sartro01;sartro01;BG2;7;;;Orc;;;
SARTRO03;HUMANOID;ORC;FIGHTER;OROG;sartro03;sartro03;BG2;7;;;Orog;;;
SARVAM01;UNDEAD;VAMPIRE;FIGHTER_THIEF;VAMPIRE_FEMALE;sarvam01;sarvam01;STRATAGEMS;25;;;Phlydian;;;
SARVAM02;UNDEAD;VAMPIRE;FIGHTER_THIEF;VAMPIRE;None;None;STRATAGEMS;8;;;Vampire;;;
SARVAM03;UNDEAD;VAMPIRE;FIGHTER_THIEF;VAMPIRE_FEMALE;None;None;STRATAGEMS;8;;;Vampire;;;
SCHLUM;MONSTER;SLIME;MAGE;SLIME_OLIVE;SCHLUMPSA;schlum;BG2;2;;;Schlumpsha the Sewer King;;OliveSlimeCreature;true
SCHLUM;MONSTER;SLIME;NO_CLASS;SLIME_OLIVE;SCHLUMPSA;SCHLUM;stratagems;2;;;Schlumpsha the Sewer King;;OliveSlimeCreature;true
SDSHADFI;UNDEAD;SHADOW;FIGHTER;SHADOW;None;None;BG2;12;;;Shadow Fiend;;Shadow;false
SDSHADOW;UNDEAD;SHADOW;FIGHTER;SHADOW;None;None;BG2;12;;;Shadow;;Shadow;true
SEAGUL;ANIMAL;NO_RACE;NO_CLASS;SEAGULL;None;None;BG2;1;;;;;;
SEAGUL;ANIMAL;NO_RACE;NO_CLASS;SEAGULL;None;None;BG1;1;;;;;;
SENBEH01;MONSTER;BEHOLDER;BEHOLDER;BEHOLDER;senbeh01;senbeh01;BG2;4;;;Spectator;;;
SENDARK;UNDEAD;SHADOW;SHADOW;LICH_BLACK;sendark;none;BG2;20;;;Dark Master;;Shadow;false
SENILL01;MONSTER;MIND_FLAYER;MIND_FLAYER;MINDFLAYER;senill01;senill01;BG2;14;;;Mithykyl;;;
SENILL02;MONSTER;MIND_FLAYER;MIND_FLAYER;MINDFLAYER;senill01;senill01;BG2;14;;;Mithykyl;;;
SENLICH;UNDEAD;LICH;MAGE;LICH;senlich;senlich;BG2;34;;;Odamaron;;;
SENSMSP;MONSTER;SPIDER;SPIDER_HUGE;SPIDER_SMALL;None;;BG2;10;;;Mutated Spider;;HairySpider;false
SENSMSP2;HUMANOID;ORC;ORC;OROG;sensmsp;None;BG2;8;;;Orog;;;
SENSPI01;MONSTER;SPIDER;SPIDER_PHASE;SPIDER_PHASE;senspi01;;BG2;18;;;Lashar'ra;;PhaseSpider;false
SENSTALK;MONSTER;SPECTRE;NO_CLASS;DOOM_GUARD;senstalk;None;BG2;8;SUMMONED;;Invisible Stalker;true;;
SERVSU;MONSTER;ELEMENTAL;ELEMENTAL_AIR;ELEMENTAL_AIR_SMALL;NONE;;SPELL_REV;13;SUMMONED;;Aerial Servant;true;;
SERVSU;MONSTER;ELEMENTAL;ELEMENTAL_AIR;ELEMENTAL_AIR_SMALL;NONE;;stratagems;13;SUMMONED;;Aerial Servant;true;;
SEVPAT03;MONSTER;IMP;MAGE;IMP;sevpat03;sevpat03;STRATAGEMS;8;;;Pooky;;;
SEWARC01;HUMANOID;ORC;FIGHTER;ORC_RANGE;sewarc01;sewarc01;BG2;14;;;Orc Archer;;;
SEWARC02;HUMANOID;ORC;FIGHTER;ORC_RANGE;sewarc02;sewarc02;BG2;14;;;Orc Archer;;;
SEWCC;MONSTER;CARRIONCRAWLER;CARRIONCRAWLER;CARRION_CRAWLER;SEWCC;;BG2;3;;;Carrion Crawler;;CarrionCrawler;false
SEWERF1;GIANTHUMANOID;OGRE;OGRE_OGRILLON;OGRILLON;SEWERF1;sewerf;BG1;2;;;Sewerfolk;;Ogrillon;true
SEWERF2;UNDEAD;ZOMBIE;ZOMBIE_NORMAL;ZOMBIE;SEWERF2;SEWERF;BG1;2;;;Sewerfolk;;;
SEWERF3;UNDEAD;GHOUL;GHOUL_GHAST;GHAST;SEWERF3;sewerf;BG1;4;;;Sewerfolk;;Ghast;true
SEWERF4;GIANTHUMANOID;OGRE;OGRE;OGRE;SEWERF4;sewerf;BG1;4;;;Sewerfolk;;Ogre;true
SEWORO01;HUMANOID;ORC;FIGHTER;OROG;seworo01;seworo01;BG2;14;;;Elite Orog;;;
SEWRAK01;HUMANOID;RAKSHASA;RAKSHASA;RAKSHASA;sewrak01;;BG2;9;;;Rakshasa;;;
SEWSHA01;UNDEAD;SHADOW;FIGHTER;SHADOW;sewsha01;None;BG2;5;;;Shadow Fiend;;Shadow;false
SEWSHA02;UNDEAD;SHADOW;FIGHTER;SHADOW;sewsha02;None;BG2;5;;;Shadow Fiend;;Shadow;false
SEWSHA03;UNDEAD;SHADOW;FIGHTER;SHADOW;sewsha03;None;BG2;3;;;Shadow;;Shadow;true
SEWSW;GENERAL_ITEM;SWORD;FIGHTER;STATIC_HUMANCLERIC_MAN_CHAIR;sewsw;sewsw;BG2;1;;;Glowing Pool;;;
SEWYAG02;HUMANOID;ORC;FIGHTER;ORC_RANGE;sewyag02;sewyag02;BG2;14;;;Orc Archer;;;
SEWYAG03;HUMANOID;ORC;FIGHTER;OROG;sewyag03;sewyag03;BG2;12;;;Elite Orog;;;
SHAAVA01;MONSTER;NO_RACE;CLERIC;DOOM_GUARD_LARGER;shaava01;shaava01;BG2;8;;;Statue;;;
SHADEL;UNDEAD;SHADOW;SHADOW;LICH_BLACK;shadel;shadel;BG2;20;;;Shade Lord;;Shadow;false
SHADELD;UNDEAD;SHADOW;SHADOW;LICH_BLACK;shadeld;None;BG2;20;;;Shade Lord;;Shadow;false
SHADFI01;UNDEAD;SHADOW;FIGHTER;SHADOW;shadfi01;None;BG2;5;;;Shadow Fiend;;Shadow;false
SHADFI02;UNDEAD;SHADOW;FIGHTER;SHADOW;shadfi01;None;BG2;11;;;Devil Shade;;Shadow;false
SHADFI02;UNDEAD;SHADOW;FIGHTER;SHADOW;shadfi01;None;BG1;11;;;Devil Shade;;Shadow;false
SHADOW01;UNDEAD;SHADOW;FIGHTER;SHADOW;shadow01;None;BG2;3;;;Shadow;;Shadow;true
SHADOW01;UNDEAD;SHADOW;FIGHTER;SHADOW_SMALL;shadow01;None;NTOTSC;3;;;Shadow Warrior;;Shadow;true
SHADOWSU;UNDEAD;SHADOW;SHADOW;SHADOW;None;;SPELL_REV;3;SUMMONED;;Shadow;true;Shadow;true
SHADOWSU;UNDEAD;SHADOW;SHADOW;SHADOW;None;;stratagems;3;SUMMONED;;Shadow;true;Shadow;true
SHADRA01;ANIMAL;DRAGON;SHADOW_DRAGON;DRAGON_BLACK;ShaDra01;ShaDra01;STRATAGEMS;23;;;Thaxll'ssillyia;;;
SHAGHO01;UNDEAD;HUMAN;FIGHTER;FIGHTER_MALE_HUMAN;shagho01;shagho01;BG2;12;;;Badon's Ghost;;;
SHAGHO02;UNDEAD;HUMAN;FIGHTER;FIGHTER_MALE_HUMAN;shagho02;shagho02;BG2;12;;;Dettseh's Ghost;;;
SHALT01;MONSTER;PLATE;NO_CLASS;DOOM_GUARD_LARGER;shalt01;shalt01;BG2;8;;;Shadow Altar;;;
SHAPE;MONSTER;DOPPLEGANGER;DOPPLEGANGER_GREATER;FAT_MAN;None;shape;STRATAGEMS;8;;;Frennedan;;;
SHAWOL01;UNDEAD;SHADOW;WOLF_DIRE;WOLF_SHADOW;None;;BG2;4;;;Shade Wolf;;DireWolf;true
SHAWOL01;UNDEAD;SHADOW;WOLF_DIRE;WOLF_SHADOW;None;;BG1;4;;;Shade Wolf;;DireWolf;true
SHAWOL02;UNDEAD;SHADOW;WOLF_DIRE;WOLF_SHADOW;None;;BG2;5;;;Greater Shade Wolf;;;
SHBONES;UNDEAD;SKELETON;SKELETON_WARRIOR;SKELETON;shbones;None;BG2;8;;;Skeleton Warrior;;SkeletonWarrior;false
SHEARTH;GIANTHUMANOID;ELEMENTAL;ELEMENTAL_EARTH;ELEMENTAL_EARTH;None;;BG2;10;;;Earth Elemental;;;
SHEARTH;GIANTHUMANOID;ELEMENTAL;ELEMENTAL_EARTH;ELEMENTAL_EARTH;None;;BG1;10;;;Earth Elemental;;;
SHFIRE;GIANTHUMANOID;ELEMENTAL;ELEMENTAL_FIRE;ELEMENTAL_FIRE_SMALL;None;;BG2;10;;;Fire Elemental;;;
SHFIRE;GIANTHUMANOID;ELEMENTAL;ELEMENTAL_FIRE;ELEMENTAL_FIRE_SMALL;None;;BG1;10;;;Fire Elemental;;;
SHIRON;GIANTHUMANOID;GOLEM;GOLEM_IRON;GOLEM_IRON_IWD;None;;A7-GOLEMCONSTRUCTION;18;;;Iron Golem;;IronGolem;true
SHIRON;GIANTHUMANOID;GOLEM;GOLEM_IRON;GOLEM_IRON;None;;BG1;18;;;Iron Golem;;IronGolem;true
SHMIND;HUMANOID;MIND_FLAYER;MIND_FLAYER;MINDFLAYER;udmind03;;BG2;8;;;Mind Flayer;;;
SHMIND;HUMANOID;MIND_FLAYER;MIND_FLAYER;MINDFLAYER;udmind03;;BG1;8;;;Mind Flayer;;;
SHOAL;MONSTER;FAIRY;FAIRY_NEREID;SIRINE;Shoal;shoal;BG1;4;;;Shoal the Nereid;;Dryad;false
SHTHASS3;HUMANOID;OGRE;THIEF;OGRE;shthass3;shthass3;BG2;8;;;Thief;;Ogre;false
SHTROLL;MONSTER;TROLL;TROLL;TROLL;troll01;;BG2;6;;;Troll;;;
SHTROLL;MONSTER;TROLL;TROLL;TROLL;troll01;;BG1;6;;;Troll;;;
SHWOLF;MONSTER;LYCANTHROPE;WOLFWERE;WEREWOLF_GREATER;GreaterWolf;None;STRATAGEMS;11;;;Greater Wolfwere;;;
SHWOLF;MONSTER;LYCANTHROPE;WOLFWERE;WEREWOLF_GREATER;GreaterWolf;None;stratagems;11;;;Greater Wolfwere;;;
SICKRAT;ANIMAL;NO_RACE;NO_CLASS;RAT;None;None;BG2;6;;;Diseased Rat;;;
SIL;MONSTER;FAIRY;FAIRY_SIRINE;SIRINE;Sil;sil;BG1;6;;;Sil;;Sirine;true
SIMDEMON;MONSTER;DEMONIC;TANARI;FIGHTER_MALE_ELF;SIMDEMON;;BG1;7;;;Thrall of Azothet;;;
SIRINE;MONSTER;FAIRY;FAIRY_SIRINE;SIRINE;Sirine;;BG1;5;;;Sirine;;Sirine;true
SIRINE01;MONSTER;BASILISK;FAIRY_SIRINE;SIRINE;Sirine;;BG2;5;;;Sirine;;Sirine;
SIRINE02;MONSTER;FAIRY;FAIRY_SIRINE;SIRINE;Sirine;;BG1;5;;;Sirine;;Sirine;true
SIRINE_A;MONSTER;FAIRY;FAIRY_SIRINE;SIRINE;Sirine;;BG1;4;;;Sirine;;Sirine;true
SIRINE_B;MONSTER;FAIRY;FAIRY_SIRINE;SIRINE;Sirine;;BG1;5;;;Sirine;;Sirine;true
SKCORP01;GENERAL_ITEM;0;0;CLERIC_MALE_HUMAN;skcorp01;None;BG2;1;;;;;;
SKCORP02;GENERAL_ITEM;0;0;CHUNKS;skcorp01;None;BG2;1;;;;;;
SKELACI;UNDEAD;SKELETON;SKELETON;SKELETON;None;None;BG1;1;;;Skeleton;;Skeleton;true
SKELAR01;UNDEAD;SKELETON;SKELETON;SKELETON;skelar01;None;BG2;6;;;Skeleton Archer;;Skeleton;true
SKELAR01;UNDEAD;SKELETON;SKELETON;SKELETON;skelar01;None;NTOTSC;6;;;Skeleton Archer;;Skeleton;true
SKELAR02;UNDEAD;SKELETON;SKELETON;SKELETON;skelar01;None;BG2;6;;;Skeleton Archer;;Skeleton;true
SKELAR02;UNDEAD;SKELETON;SKELETON;SKELETON;skelar01;None;AC_QUEST;6;;;Skeleton Archer;;Skeleton;true
SKELDED;UNDEAD;SKELETON;SKELETON_WARRIOR;SKELETON;skelded;None;BG2;7;;;;;SkeletonWarrior;false
SKELDED;UNDEAD;SKELETON;SKELETON_WARRIOR;SKELETON;skelded;None;stratagems;7;;;;;SkeletonWarrior;false
SKELDIS;UNDEAD;SKELETON;SKELETON;SKELETON;None;None;BG1;1;;;Skeleton;;Skeleton;true
SKELE2;UNDEAD;SKELETON;SKELETON;SKELETON;None;None;BG2;1;;;Skeleton;;Skeleton;true
SKELE2;UNDEAD;SKELETON;SKELETON;SKELETON;None;None;BG1;1;;;Skeleton;;Skeleton;true
SKELET;UNDEAD;SKELETON;SKELETON;SKELETON;None;None;BG1;1;;;Skeleton;;Skeleton;true
SKELET01;UNDEAD;SKELETON;SKELETON;SKELETON;None;None;BG2;1;;;Skeleton;;Skeleton;false
SKELET02;UNDEAD;SKELETON;SKELETON;SKELETON;None;;BG1;1;;;Skeleton;;Skeleton;true
SKELET03;UNDEAD;SKELETON;SKELETON;SKELETON;None;;BG1;1;;;Skeleton;;Skeleton;true
SKELETB;UNDEAD;SKELETON;SKELETON;SKELETON;skeletonb;;BLACKHEARTS;1;;;Skeleton;;Skeleton;true
SKELETS;UNDEAD;SKELETON;SKELETON;SKELETON;None;None;BG1;1;;;Skeleton;;Skeleton;true
SKELET_A;UNDEAD;SKELETON;SKELETON;SKELETON;None;None;BG1;1;;;Skeleton;;Skeleton;true
SKELET_B;UNDEAD;SKELETON;SKELETON;SKELETON;None;None;BG1;1;;;Skeleton;;Skeleton;true
SKELET_C;UNDEAD;SKELETON;SKELETON;SKELETON;None;None;BG1;1;;;Skeleton;;Skeleton;true
SKELFIRE;UNDEAD;SKELETON;SKELETON;SKELETON;None;None;BG1;1;;;Skeleton;;Skeleton;true
SKELGRSU;UNDEAD;SKELETON;SKELETON;SKELETON_MONSTER;None;None;SPELL_REV;5;SUMMONED;;Greater Skeleton;true;Skeleton;true
SKELHP1;UNDEAD;SKELETON;SKELETON;SKELETON;None;None;BG2;1;;;Skeleton;;Skeleton;false
SKELICE;UNDEAD;SKELETON;SKELETON;SKELETON;None;None;BG1;1;;;Skeleton;;Skeleton;true
SKELLESU;UNDEAD;SKELETON;SKELETON;SKELETON;None;;SPELL_REV;2;SUMMONED;;Skeleton;true;Skeleton;true
SKELMEL;UNDEAD;SKELETON;SKELETON;SKELETON;None;None;BG1;1;;;Skeleton;;Skeleton;true
SKELPETR;UNDEAD;SKELETON;SKELETON;SKELETON;None;None;BG1;1;;;Skeleton;;Skeleton;true
SKELSU01;UNDEAD;SKELETON;SKELETON_WARRIOR;SKELETON;None;;STRATAGEMS;3;SUMMONED;CONTROLLED;Skeleton Warrior;true;SkeletonWarrior;true
SKELSU01;UNDEAD;SKELETON;SKELETON_WARRIOR;SKELETON;None;;stratagems;3;SUMMONED;CONTROLLED;Skeleton Warrior;true;SkeletonWarrior;true
SKELSU07;UNDEAD;SKELETON;SKELETON_WARRIOR;SKELETON;None;;STRATAGEMS;5;SUMMONED;CONTROLLED;Skeleton Warrior;true;SkeletonWarrior;true
SKELSU07;UNDEAD;SKELETON;SKELETON_WARRIOR;SKELETON;None;;stratagems;5;SUMMONED;CONTROLLED;Skeleton Warrior;true;SkeletonWarrior;true
SKELSU11;UNDEAD;SKELETON;SKELETON_WARRIOR;SKELETON_MONSTER;None;;STRATAGEMS;7;SUMMONED;CONTROLLED;Skeleton Warrior;true;SkeletonWarrior;true
SKELSU11;UNDEAD;SKELETON;SKELETON_WARRIOR;SKELETON_MONSTER;None;;stratagems;7;SUMMONED;CONTROLLED;Skeleton Warrior;true;SkeletonWarrior;true
SKELWA;UNDEAD;SKELETON;SKELETON_WARRIOR;SKELETON_WARRIOR;None;;BG2;9,10;;;Skeleton Warrior;;SkeletonWarrior;true
SKELWA;UNDEAD;SKELETON;SKELETON_WARRIOR;SKELETON;None;;BG1;9,10;;;Skeleton Warrior;;SkeletonWarrior;true
SKELWA01;UNDEAD;SKELETON;SKELETON_WARRIOR;SKELETON_WARRIOR;skelwa01;skelwa01;BG2;9;;;Skeleton Warrior;;SkeletonWarrior;true
SKELWA01;UNDEAD;SKELETON;SKELETON_WARRIOR;SKELETON_WARRIOR;skelwa01;skelwa01;NTOTSC;9;;;Skeleton Warrior;;SkeletonWarrior;true
SKELWA02;UNDEAD;SKELETON;SKELETON_WARRIOR;SKELETON_WARRIOR;None;;BG2;9;;;Skeleton Warrior;;SkeletonWarrior;true
SKELWA02;UNDEAD;SKELETON;SKELETON_WARRIOR;SKELETON;None;;BG1;9;;;Skeleton Warrior;;SkeletonWarrior;true
SKELWA03;UNDEAD;SKELETON;SKELETON_WARRIOR;SKELETON_MONSTER;None;;BG2;13;;;Skeleton Warrior;;SkeletonWarrior;true
SKELWA03;UNDEAD;SKELETON;SKELETON_WARRIOR;SKELETON;None;;BG1;13;;;Skeleton Warrior;;SkeletonWarrior;true
SKELWASU;UNDEAD;SKELETON;SKELETON_WARRIOR;SKELETON_WARRIOR;None;;BG2;9;SUMMONED;;Skeleton Warrior;true;SkeletonWarrior;true
SKELWASU;UNDEAD;SKELETON;SKELETON_WARRIOR;SKELETON_WARRIOR;None;;stratagems;9;SUMMONED;;Skeleton Warrior;true;SkeletonWarrior;true
SLANDOR;GIANTHUMANOID;OGRE;OGRE;MINOTAUR;slandor;slandor;SLANDOR;4;;;Andorian;;Ogre;false
SLAYER;GIANTHUMANOID;LICH;MIST;SLAYER;slayer;;BG2;20;;;Slayer;;;
SLAYSH01;MONSTER;DEMONIC;SPECTRE;SLAYER;slaysh01;None;BG2;11;;;Slayer Shadow;;Spectre;true
SLAYSH01;MONSTER;DEMONIC;SPECTRE;SLAYER;slaysh01;None;BG1;11;;;Slayer Shadow;;Spectre;true
SLCAT;ANIMAL;CAT;NO_CLASS;CAT;None;None;BG2;1;;;Missy;;;
SLIFIS01;MONSTER;SLIME;MUSTARD_JELLY;SLIME_MUSTARD;slifis01;;BG2;7;;;Fission Slime;;MustardJelly;false
SLIFIS02;MONSTER;SLIME;MUSTARD_JELLY;SLIME_MUSTARD;slifis01;;BG2;7;;;Fission Slime;;MustardJelly;false
SMOUND01;GIANTHUMANOID;ELEMENTAL;ELEMENTAL_EARTH;SHAMBLING_MOUND;Smound;;BG2;8;;;Shambling Mound;;;
SMOUNDSU;GIANTHUMANOID;ELEMENTAL;ELEMENTAL_EARTH;SHAMBLING_MOUND;SMOUND;;FAITHS_AND_POWERS;8;SUMMONED;CONTROLLED;Shambling Mound;true;;
SMOUNDSU;GIANTHUMANOID;ELEMENTAL;ELEMENTAL_EARTH;SHAMBLING_MOUND;SMOUND;;faiths_and_powers;8;SUMMONED;CONTROLLED;Shambling Mound;true;;
SMSPID02;MONSTER;SPIDER;SPIDER_PHASE;SPIDER_PHASE;smspid02;;BG2;5;;;Vortex Spider;;VortexSpider;true
SMSPID02;MONSTER;SPIDER;SPIDER_PHASE;SPIDER_PHASE;smspid02;;BG1;5;;;Vortex Spider;;VortexSpider;true
SNAKE01;ANIMAL;NO_RACE;NO_CLASS;SNAKE;snake01;None;BG2;1;;;Snake;;;
SNAKEB01;ANIMAL;NO_RACE;NO_CLASS;SNAKE;snake01;None;BG2;8;;;Boalisk;;;
SNAKEG01;ANIMAL;NO_RACE;NO_CLASS;SNAKE;snake01;None;BG2;5;;;Giant Snake;;;
SNAKEGSU;ANIMAL;NO_RACE;GIANT;SNAKE;None;;SPELL_REV;5;SUMMONED;;Giant Snake;true;;
SOLAR;MONSTER;DEMONIC;TANARI;SOLAR;solar;solar;BG2;25;;;Solar;;;
SOLAR01;MONSTER;DEMONIC;TANARI;SOLAR;solar;None;BG2;25;;;Solar;;;
SOLIA1;MONSTER;LYCANTHROPE;INNOCENT;GIRL;SOLIA1;SOLIA1;stratagems;1;;;Solianna;;;
SOLIA2;MONSTER;LYCANTHROPE;INNOCENT;GIRL;SOLIA2;SOLIA2;stratagems;1;;;Solianna;;;
B_PBEAR1;ANIMAL;BEAR;BEAR_POLAR;BEAR_POLAR;NONE;;FAITHS_AND_POWERS;13;;;Polar Bear;;PolarBear;true
CB595BRB;ANIMAL;BEAR;BEAR_BROWN;BEAR_BROWN;CB595brb;;ctb;5;;;Rabid Bear;;BrownBear;true
CB595GRB;ANIMAL;BEAR;BEAR_BROWN;BEAR_BROWN;CB595grb;;ctb;9;;;Rabid Bear;;GrizzlyBear;true
C0D2_S1;ANIMAL;BEAR;BEAR_POLAR;BEAR_POLAR;C0D2_SM;;ARTISANSKITPACK;1;;CONTROLLED;Spirit Bear;true;PolarBear;false
SPBEAR1;ANIMAL;BEAR;BEAR_POLAR;BEAR_POLAR;None;;BG2;1;SUMMONED;CONTROLLED;Spirit Bear;true;PolarBear;false
SPBEAR2;ANIMAL;BEAR;BEAR_POLAR;BEAR_POLAR;None;;BG2;3;SUMMONED;CONTROLLED;Spirit Bear;true;PolarBear;false
SPBEAR3;ANIMAL;BEAR;BEAR_POLAR;BEAR_POLAR;None;;BG2;5;SUMMONED;CONTROLLED;Spirit Bear;true;PolarBear;false
SPECTR01;UNDEAD;SPECTRE;SPECTRE;MAGE_MALE_HUMAN;None;None;BG2;10;;;Specter;;Ghost;false
SPELLH01;MONSTER;MIST;MIST;MIST_CREATURE;None;None;BG2;11;;;Spellhaunt;;;
SPIDFGSU;MONSTER;SPIDER;SPIDER_SWORD;SPIDER_SWORD;spidfgsu;;item_rev;2,8;SUMMONED;CONTROLLED;Kitthix;true;GiantSpider;true
SPIDFGSU;MONSTER;SPIDER;SPIDER_HUGE;SPIDER_HUGE;spidfgsu;;BG1;2,8;SUMMONED;CONTROLLED;Kitthix;true;GiantSpider;true
SPIDGI;MONSTER;SPIDER;SPIDER_GIANT;SPIDER_GIANT;None;;BG1;4;;;Giant Spider;;GiantSpider;true
SPIDGI01;MONSTER;SPIDER;SPIDER_GIANT;SPIDER_GIANT;spidgi01;;BG2;4;;;Giant Spider;;GiantSpider;false
SPIDGISU;MONSTER;SPIDER;SPIDER_GIANT;SPIDER_GIANT;None;;BG2;4;SUMMONED;;Giant Spider;true;GiantSpider;true
SPIDGISU;MONSTER;SPIDER;SPIDER_GIANT;SPIDER_GIANT;None;;BG1;4;SUMMONED;;Giant Spider;true;GiantSpider;true
SPIDHU;MONSTER;SPIDER;SPIDER_HUGE;SPIDER_HUGE;None;;BG1;2;;;Huge Spider;;HugeSpider;true
SPIDHU01;MONSTER;SPIDER;SPIDER_HUGE;SPIDER_HUGE;spidhu01;;BG2;2;;;Huge Spider;;HugeSpider;false
SPIDLAND;MONSTER;SPIDER;SPIDER_HUGE;SPIDER_HUGE;None;;BG1;2;;;Huge Spider;;HugeSpider;true
SPIDPH;MONSTER;SPIDER;SPIDER_PHASE;SPIDER_PHASE;None;;BG1;5;;;Phase Spider;;PhaseSpider;true
SPIDPH01;MONSTER;SPIDER;SPIDER_PHASE;SPIDER_PHASE;None;;BG2;5;;;Phase Spider;;PhaseSpider;false
SPIDPHAS;MONSTER;SPIDER;SPIDER_PHASE;SPIDER_PHASE;None;;BG1;5;;;Astral Phase Spider;;PhaseSpider;true
SPIDPHSU;MONSTER;SPIDER;SPIDER_PHASE;SPIDER_PHASE;None;;BG2;5;SUMMONED;;Phase Spider;true;PhaseSpider;true
SPIDPHSU;MONSTER;SPIDER;SPIDER_PHASE;SPIDER_PHASE;None;;BG1;5;SUMMONED;;Phase Spider;true;PhaseSpider;true
SPIDSM01;MONSTER;SPIDER;SPIDER_HUGE;SPIDER_SMALL;None;;BG2;1,5;;;Small Spider;;HairySpider;true
SPIDSM01;MONSTER;SPIDER;NO_CLASS;SPIDER_SMALL;SPIDSM01;;BG1;1,5;;;Small Spider;;HairySpider;true
SPIDSM02;MONSTER;SPIDER;SPIDER_HUGE;SPIDER_SMALL;None;;BG2;10;;;Mutated Spider;;HairySpider;false
SPIDSW;MONSTER;SPIDER;SPIDER_SWORD;SPIDER_SWORD;None;;BG1;5;;;Sword Spider;;SwordSpider;true
SPIDSW01;MONSTER;SPIDER;SPIDER_SWORD;SPIDER_SWORD;None;;BG2;5;;;Sword Spider;;SwordSpider;true
SPIDSW01;MONSTER;SPIDER;SPIDER_SWORD;SPIDER_SWORD;None;;BG1;5;;;Sword Spider;;SwordSpider;true
SPIDSWSU;MONSTER;SPIDER;SPIDER_SWORD;SPIDER_SWORD;None;;BG2;5;SUMMONED;;Sword Spider;true;SwordSpider;true
SPIDSWSU;MONSTER;SPIDER;SPIDER_SWORD;SPIDER_SWORD;None;;BG1;5;SUMMONED;;Sword Spider;true;SwordSpider;true
SPIDVO01;MONSTER;SPIDER;SPIDER_PHASE;SPIDER_PHASE;None;;BG2;5;;;Vortex Spider;;PhaseSpider;false
SPIDWR;MONSTER;SPIDER;SPIDER_WRAITH;SPIDER_WRAITH;None;;BG1;3;;;Wraith Spider;;WraithSpider;true
SPIDWR01;MONSTER;SPIDER;SPIDER_WRAITH;SPIDER_WRAITH;None;;BG2;3;;;Wraith Spider;;WraithSpider;true
SPIDWR01;MONSTER;SPIDER;SPIDER_WRAITH;SPIDER_WRAITH;None;;NTOTSC;3;;;Wraith Spider;;WraithSpider;true
SPIRBEAR;ANIMAL;BEAR;BEAR_POLAR;BEAR_POLAR;None;;BG2;10;SUMMONED;CONTROLLED;Spirit Bear;true;PolarBear;true
SPIRBEAR;ANIMAL;BEAR;BEAR_POLAR;BEAR_POLAR;None;;BG1;10;SUMMONED;CONTROLLED;Spirit Bear;true;PolarBear;true
SPIRLION;ANIMAL;CAT;NO_CLASS;GREATCAT_LEOPARD;None;;BG2;13;SUMMONED;CONTROLLED;Spirit Lion;true;Leopard;false
SPIRLION;ANIMAL;NO_RACE;NO_CLASS;GREATCAT_LEOPARD;None;;BG1;13;SUMMONED;CONTROLLED;Spirit Lion;true;;
SPIRSNAK;ANIMAL;NO_RACE;NO_CLASS;SNAKE;None;;BG2;12;SUMMONED;CONTROLLED;Spirit Snake;true;;
SPIRSNAK;ANIMAL;NO_RACE;NO_CLASS;SNAKE;None;;BG1;12;SUMMONED;CONTROLLED;Spirit Snake;true;;
SPIRWOLF;ANIMAL;WOLF;WOLF_DIRE;WOLF_WINTER;None;;BG2;12;SUMMONED;CONTROLLED;Spirit Wolf;true;DireWolf;false
SPIRWOLF;ANIMAL;WOLF;WOLF_DIRE;WOLF_WINTER;None;;BG1;12;SUMMONED;CONTROLLED;Spirit Wolf;true;DireWolf;false
SPLION1;ANIMAL;NO_RACE;NO_CLASS;GREATCAT_LEOPARD;None;;BG2;1;SUMMONED;CONTROLLED;Spirit Lion;true;;
SPLION1;ANIMAL;NO_RACE;NO_CLASS;GREATCAT_LEOPARD;None;;BG1;1;SUMMONED;CONTROLLED;Spirit Lion;true;;
SPLION2;ANIMAL;NO_RACE;NO_CLASS;GREATCAT_LEOPARD;None;;BG2;3;SUMMONED;CONTROLLED;Spirit Lion;true;;
SPLION2;ANIMAL;NO_RACE;NO_CLASS;GREATCAT_LEOPARD;None;;BG1;3;SUMMONED;CONTROLLED;Spirit Lion;true;;
SPLION3;ANIMAL;NO_RACE;NO_CLASS;GREATCAT_LEOPARD;None;;BG2;5;SUMMONED;CONTROLLED;Spirit Lion;true;;
SPLION3;ANIMAL;NO_RACE;NO_CLASS;GREATCAT_LEOPARD;None;;BG1;5;SUMMONED;CONTROLLED;Spirit Lion;true;;
SPLION4;ANIMAL;NO_RACE;NO_CLASS;GREATCAT_LEOPARD;None;;BG2;7;SUMMONED;CONTROLLED;Spirit Lion;true;;
SPLION4;ANIMAL;NO_RACE;NO_CLASS;GREATCAT_LEOPARD;None;;BG1;7;SUMMONED;CONTROLLED;Spirit Lion;true;;
SPLION5;ANIMAL;NO_RACE;NO_CLASS;GREATCAT_LEOPARD;None;;BG2;10;SUMMONED;CONTROLLED;Spirit Lion;true;;
SPLION5;ANIMAL;NO_RACE;NO_CLASS;GREATCAT_LEOPARD;None;;BG1;10;SUMMONED;CONTROLLED;Spirit Lion;true;;
SPSNAK1;ANIMAL;NO_RACE;NO_CLASS;SNAKE;None;;BG2;1;SUMMONED;CONTROLLED;Spirit Snake;true;;
SPSNAK1;ANIMAL;NO_RACE;NO_CLASS;SNAKE;None;;BG1;1;SUMMONED;CONTROLLED;Spirit Snake;true;;
SPSNAK2;ANIMAL;NO_RACE;NO_CLASS;SNAKE;None;;BG2;3;SUMMONED;CONTROLLED;Spirit Snake;true;;
SPSNAK2;ANIMAL;NO_RACE;NO_CLASS;SNAKE;None;;BG1;3;SUMMONED;CONTROLLED;Spirit Snake;true;;
SPSNAK3;ANIMAL;NO_RACE;NO_CLASS;SNAKE;None;;BG2;5;SUMMONED;CONTROLLED;Spirit Snake;true;;
SPSNAK3;ANIMAL;NO_RACE;NO_CLASS;SNAKE;None;;BG1;5;SUMMONED;CONTROLLED;Spirit Snake;true;;
SPSNAK4;ANIMAL;NO_RACE;NO_CLASS;SNAKE;None;;BG2;7;SUMMONED;CONTROLLED;Spirit Snake;true;;
SPSNAK4;ANIMAL;NO_RACE;NO_CLASS;SNAKE;None;;BG1;7;SUMMONED;CONTROLLED;Spirit Snake;true;;
SPSNAK5;ANIMAL;NO_RACE;NO_CLASS;SNAKE;None;;BG2;10;SUMMONED;CONTROLLED;Spirit Snake;true;;
SPSNAK5;ANIMAL;NO_RACE;NO_CLASS;SNAKE;None;;BG1;10;SUMMONED;CONTROLLED;Spirit Snake;true;;
SPSPID05;MONSTER;SPIDER;SPIDER_GIANT;SPIDER_GIANT;None;;BG2;4;;;Giant Spider;;GiantSpider;false
SPSPID06;MONSTER;SPIDER;SPIDER_PHASE;SPIDER_PHASE;None;;BG2;5;;;Phase Spider;;PhaseSpider;false
SPSPID07;MONSTER;SPIDER;SPIDER_SWORD;SPIDER_SWORD;None;;BG2;5;;;Sword Spider;;SwordSpider;false
SPSPIDER;MONSTER;SPIDER;SPIDER_HUGE;SPIDER_SMALL;None;;BG2;2;;;Spider;;HairySpider;false
SPWOLF1;ANIMAL;WOLF;WOLF_DIRE;WOLF_WINTER;None;;BG2;1;SUMMONED;CONTROLLED;Spirit Wolf;true;DireWolf;false
SPWOLF1;ANIMAL;WOLF;WOLF_DIRE;WOLF_WINTER;None;;BG1;1;SUMMONED;CONTROLLED;Spirit Wolf;true;DireWolf;false
SPWOLF2;ANIMAL;WOLF;WOLF_DIRE;WOLF_WINTER;None;;BG2;3;SUMMONED;CONTROLLED;Spirit Wolf;true;DireWolf;false
SPWOLF2;ANIMAL;WOLF;WOLF_DIRE;WOLF_WINTER;None;;BG1;3;SUMMONED;CONTROLLED;Spirit Wolf;true;DireWolf;false
SPWOLF3;ANIMAL;WOLF;WOLF_DIRE;WOLF_WINTER;None;;BG2;5;SUMMONED;CONTROLLED;Spirit Wolf;true;DireWolf;false
SPWOLF3;ANIMAL;WOLF;WOLF_DIRE;WOLF_WINTER;None;;BG1;5;SUMMONED;CONTROLLED;Spirit Wolf;true;DireWolf;false
SPWOLF4;ANIMAL;WOLF;WOLF_DIRE;WOLF_WINTER;None;;BG2;7;SUMMONED;CONTROLLED;Spirit Wolf;true;DireWolf;false
SPWOLF4;ANIMAL;WOLF;WOLF_DIRE;WOLF_WINTER;None;;BG1;7;SUMMONED;CONTROLLED;Spirit Wolf;true;DireWolf;false
SPWOLF5;ANIMAL;WOLF;WOLF_DIRE;WOLF_WINTER;None;;BG2;10;SUMMONED;CONTROLLED;Spirit Wolf;true;DireWolf;false
SPWOLF5;ANIMAL;WOLF;WOLF_DIRE;WOLF_WINTER;None;;BG1;10;SUMMONED;CONTROLLED;Spirit Wolf;true;DireWolf;false
SPY406;HUMANOID;PLATE;LONG_SWORD;BIRD;SPY406;None;BG2;1;;;;;;
SQUIRL;ANIMAL;NO_RACE;FOOD_CREATURE;SQUIRREL;SQUIRL;None;ctb;1;SUMMONED;;Squirrel;true;;
SQUIRL;ANIMAL;RABBIT;NO_CLASS;SQUIRREL;None;None;BG1;1;SUMMONED;;Squirrel;true;;
SQUIRR;ANIMAL;NO_RACE;FOOD_CREATURE;SQUIRREL;None;None;BG2;1;;;Squirrel;;;
SQUIRR;ANIMAL;RABBIT;FOOD_CREATURE;SQUIRREL;None;None;BG1;1;;;Squirrel;;;
SS1GOB1;HUMANOID;GOBLIN;NO_CLASS;GOBLIN_AXE;Ghast;None;STRATAGEMS;1;SUMMONED;;Goblin;true;;
SS1GOB1;HUMANOID;GOBLIN;NO_CLASS;GOBLIN_AXE;Ghast;None;stratagems;1;SUMMONED;;Goblin;true;;
SS1GOB2;HUMANOID;GOBLIN;NO_CLASS;GOBLIN_AXE;Ghast;None;STRATAGEMS;1;SUMMONED;;Goblin;true;;
SS1GOB2;HUMANOID;GOBLIN;NO_CLASS;GOBLIN_AXE;Ghast;None;stratagems;1;SUMMONED;;Goblin;true;;
SS1GOB3;HUMANOID;GOBLIN;NO_CLASS;GOBLIN_AXE;Ghast;None;STRATAGEMS;1;SUMMONED;;Goblin;true;;
SS1GOB3;HUMANOID;GOBLIN;NO_CLASS;GOBLIN_AXE;Ghast;None;stratagems;1;SUMMONED;;Goblin;true;;
SS1LIZ3;HUMANOID;LIZARDMAN;NO_CLASS;LIZARD_MAN_ELITE;None;None;STRATAGEMS;1;SUMMONED;;Lizard Man;true;;
SS1LIZ3;HUMANOID;LIZARDMAN;NO_CLASS;LIZARD_MAN_ELITE;None;None;stratagems;1;SUMMONED;;Lizard Man;true;;
SS1LIZ4;HUMANOID;LIZARDMAN;NO_CLASS;LIZARD_MAN_ELITE;None;None;STRATAGEMS;1;SUMMONED;;Lizard Man;true;;
SS1LIZ4;HUMANOID;LIZARDMAN;NO_CLASS;LIZARD_MAN_ELITE;None;None;stratagems;1;SUMMONED;;Lizard Man;true;;
SS1TRL6;GIANTHUMANOID;TROLL;TROLL;TROLL_BLUE;SS1trl6;None;STRATAGEMS;5;SUMMONED;;Troll;true;;
SS1TRL6;GIANTHUMANOID;TROLL;TROLL;TROLL_BLUE;SS1trl6;None;stratagems;5;SUMMONED;;Troll;true;;
SS1TRL7;GIANTHUMANOID;TROLL;TROLL;TROLL_BLUE;SS1trl6;None;STRATAGEMS;7;SUMMONED;;Troll;true;;
SS1TRL7;GIANTHUMANOID;TROLL;TROLL;TROLL_BLUE;SS1trl6;None;stratagems;7;SUMMONED;;Troll;true;;
SS1TRL8;GIANTHUMANOID;TROLL;TROLL;TROLL_BLUE;SS1trl6;None;STRATAGEMS;7;SUMMONED;;Troll;true;;
SS1TRL8;GIANTHUMANOID;TROLL;TROLL;TROLL_BLUE;SS1trl6;None;stratagems;7;SUMMONED;;Troll;true;;
SS2GOB1;HUMANOID;GOBLIN;NO_CLASS;GOBLIN_ELITE_AXE;Ghast;None;STRATAGEMS;1;SUMMONED;;Goblin Elite;true;;
SS2GOB1;HUMANOID;GOBLIN;NO_CLASS;GOBLIN_ELITE_AXE;Ghast;None;stratagems;1;SUMMONED;;Goblin Elite;true;;
SS2GOB2;HUMANOID;GOBLIN;NO_CLASS;GOBLIN_ELITE_AXE;Ghast;None;STRATAGEMS;1;SUMMONED;;Goblin Elite;true;;
SS2GOB2;HUMANOID;GOBLIN;NO_CLASS;GOBLIN_ELITE_AXE;Ghast;None;stratagems;1;SUMMONED;;Goblin Elite;true;;
SS2GOB3;HUMANOID;GOBLIN;NO_CLASS;GOBLIN_ELITE_AXE;Ghast;None;STRATAGEMS;1;SUMMONED;;Goblin Elite;true;;
SS2GOB3;HUMANOID;GOBLIN;NO_CLASS;GOBLIN_ELITE_AXE;Ghast;None;stratagems;1;SUMMONED;;Goblin Elite;true;;
SS2LIZ5;HUMANOID;LIZARDMAN;NO_CLASS;LIZARD_MAN_ELITE;None;None;STRATAGEMS;1;SUMMONED;;Tough Lizard Man;true;;
SS2LIZ5;HUMANOID;LIZARDMAN;NO_CLASS;LIZARD_MAN_ELITE;None;None;stratagems;1;SUMMONED;;Tough Lizard Man;true;;
SS2LIZ6;HUMANOID;LIZARDMAN;NO_CLASS;LIZARD_MAN_ELITE;None;None;STRATAGEMS;1;SUMMONED;;Tough Lizard Man;true;;
SS2LIZ6;HUMANOID;LIZARDMAN;NO_CLASS;LIZARD_MAN_ELITE;None;None;stratagems;1;SUMMONED;;Tough Lizard Man;true;;
SS2LIZ7;HUMANOID;LIZARDMAN;NO_CLASS;LIZARD_MAN_ELITE;None;None;STRATAGEMS;1;SUMMONED;;Tough Lizard Man;true;;
SS2LIZ7;HUMANOID;LIZARDMAN;NO_CLASS;LIZARD_MAN_ELITE;None;None;stratagems;1;SUMMONED;;Tough Lizard Man;true;;
SS3TRL7;GIANTHUMANOID;TROLL;TROLL;TROLL_BLUE;SS1trl6;None;STRATAGEMS;7;SUMMONED;;Troll;true;;
SS3TRL7;GIANTHUMANOID;TROLL;TROLL;TROLL_BLUE;SS1trl6;None;stratagems;7;SUMMONED;;Troll;true;;
SS3TRL8;GIANTHUMANOID;TROLL;TROLL;TROLL_BLUE;SS1trl6;None;STRATAGEMS;7;SUMMONED;;Troll;true;;
SS3TRL8;GIANTHUMANOID;TROLL;TROLL;TROLL_BLUE;SS1trl6;None;stratagems;7;SUMMONED;;Troll;true;;
SS3UMB8;MONSTER;UMBERHULK;UMBERHULK;UMBER_HULK;Ghast;None;STRATAGEMS;9;SUMMONED;;Umber Hulk;true;;
SS3UMB8;MONSTER;UMBERHULK;UMBERHULK;UMBER_HULK;Ghast;None;stratagems;9;SUMMONED;;Umber Hulk;true;;
SS3UMB9;MONSTER;UMBERHULK;UMBERHULK;UMBER_HULK;Ghast;None;STRATAGEMS;9;SUMMONED;;Umber Hulk;true;;
SS3UMB9;MONSTER;UMBERHULK;UMBERHULK;UMBER_HULK;Ghast;None;stratagems;9;SUMMONED;;Umber Hulk;true;;
SSHAMB;MONSTER;SHAMBLING_MOUND;NO_CLASS;SHAMBLING_MOUND;SShamb;None;STRATAGEMS;11;SUMMONED;CONTROLLED;Shambling Mound;true;;
SSHAMB;MONSTER;SHAMBLING_MOUND;NO_CLASS;SHAMBLING_MOUND;SShamb;None;stratagems;11;SUMMONED;CONTROLLED;Shambling Mound;true;;
STALKE;MONSTER;ELEMENTAL;RANGER;DOOM_GUARD;None;None;SPELL_REV;8;SUMMONED;;Invisible Stalker;true;;
STALKE;MONSTER;ELEMENTAL;NO_CLASS;DOOM_GUARD;None;None;stratagems;8;SUMMONED;;Invisible Stalker;true;;
STALKESU;MONSTER;SHADOW;SHADOW;DOOM_GUARD;None;None;BG1;8;SUMMONED;;Invisible Stalker;true;Shadow;false
STATUE01;WEAPON;SWORD;GNOLL;FIGHTER_MALE_ELF;statue01;;BG2;10;;;Magical Sword;;;
STATUE02;WEAPON;SWORD;GNOLL;FIGHTER_MALE_ELF;statue02;;BG2;10;;;Magical Sword;;;
STATUE03;WEAPON;SWORD;GNOLL;FIGHTER_MALE_ELF;statue03;;BG2;10;;;Magical Sword;;;
STATUE04;WEAPON;SWORD;GNOLL;FIGHTER_MALE_ELF;statue04;;BG2;10;;;Magical Sword;;;
STATUE05;WEAPON;SWORD;GNOLL;FIGHTER_MALE_ELF;statue05;;BG2;10;;;Magical Sword;;;
STATUE06;WEAPON;SWORD;GNOLL;FIGHTER_MALE_ELF;statue06;;BG2;10;;;Magical Sword;;;
STGOL01;GIANTHUMANOID;GOLEM;GOLEM_STONE;GOLEM_CLAY;stgol01;stgol01;BG2;14;;;Stone Golem;;StoneGolem;false
STONEC;HUMANOID;GOLEM;GOLEM_STONE;DOOM_GUARD;stonec;STONEC;BG1;30;;;Stone Golem;;StoneGolem;false
STONED;HUMANOID;GOLEM;GOLEM_STONE;DOOM_GUARD;stoned;STONED;BG1;30;;;Stone Golem;;StoneGolem;false
STONEDL;HUMANOID;GOLEM;GOLEM_STONE;DOOM_GUARD;stonedl;STONEDL;BG1;30;;;Stone Golem;;StoneGolem;false
STONEDW;HUMANOID;GOLEM;GOLEM_STONE;DOOM_GUARD;stonedw;STONEDW;BG1;30;;;Stone Golem;;StoneGolem;false
STONEG;HUMANOID;GOLEM;GOLEM_STONE;DOOM_GUARD;stoneg;STONE;BG1;30;;;Stone Golem;;StoneGolem;false
SUADSAAN;HUMANOID;RAKSHASA;MAGE;RAKSHASA;suadsaan;suadsaan;BG2;17;;;Adsaan;;;
SUAIR;GIANTHUMANOID;ELEMENTAL;ELEMENTAL_AIR;ELEMENTAL_AIR;suair;;BG2;12;;;Air Elemental;;;
SUDEMDE1;MONSTER;DEMONIC;TANARI;TANARRI;sudemon;sudemon;STRATAGEMS;24;;;Balor;;;
SUDEMDE2;MONSTER;DEMONIC;TANARI;TANARRI;sudemon;sudemon;STRATAGEMS;24;;;Balor;;;
SUDEMON;MONSTER;DEMONIC;TANARI;TANARRI;sudemon;sudemon;BG2;13;;;Balor;;;
SUDEMON2;MONSTER;DEMONIC;TANARI;TANARRI;sudemon2;sudemon;BG2;13;;;Balor;;;
SUDEMW1;MONSTER;DEMONIC;TANARI;TANARRI;Sudemw1;;BG2;24;;;Balor;;;
SUDRYAD;HUMANOID;FAIRY;FAIRY_DRYAD;SIRINE;SUDRYAD;SUDRYAD;d0questpack;8;;;Phluafae;;Dryad;false
SUEARTH;GIANTHUMANOID;ELEMENTAL;ELEMENTAL_EARTH;ELEMENTAL_EARTH;suearth;;BG2;12;;;Earth Elemental;;;
SUELEW1;GIANTHUMANOID;ELEMENTAL;ELEMENTAL_FIRE;ELEMENTAL_FIRE;Suelew1;;BG2;10;;;Greater Fire Elemental;;;
SUELEW2;GIANTHUMANOID;ELEMENTAL;ELEMENTAL_FIRE;OGRILLON;Suelew2;;BG2;10;;;Greater Fire Elemental;;;
SUFIRE;GIANTHUMANOID;ELEMENTAL;ELEMENTAL_FIRE;ELEMENTAL_FIRE;sufire;;BG2;12;;;Fire Elemental;;;
SUINVIS;HUMANOID;NO_RACE;NO_CLASS;BIRD;SUINVIS;;d0questpack;1;;;;;;
SUKISS1;UNDEAD;HUMAN;FIGHTER;FIGHTER_FEMALE_HUMAN;SUKISS1;SUKISS1;d0questpack;10;;;Dahlia;;;
SUMDJINN;GIANTHUMANOID;GENIE;GENIE_DJINNI;DJINNI;None;;BG2;7,11;;CONTROLLED;Djinni;true;;
SUMDJINN;GIANTHUMANOID;GENIE;GENIE_DJINNI;DJINNI;None;;BG1;7,11;;CONTROLLED;Djinni;true;;
SUMEFREE;GIANTHUMANOID;GENIE;GENIE_EFREETI;EFREETI_NOBLE;None;;BG2;10,12;SUMMONED;CONTROLLED;Efreeti;true;;
SUMEFREE;GIANTHUMANOID;GENIE;GENIE_EFREETI;DJINNI;None;;BG1;10,12;SUMMONED;CONTROLLED;Efreeti;true;;
SUMELAIR;GIANTHUMANOID;ELEMENTAL;ELEMENTAL_AIR;ELEMENTAL_AIR;None;;BG2;8;SUMMONED;CONTROLLED;Lesser Air Elemental;true;;
SUMELAIR;GIANTHUMANOID;ELEMENTAL;ELEMENTAL_AIR;ELEMENTAL_AIR;None;;BG1;8;SUMMONED;CONTROLLED;Lesser Air Elemental;true;;
SUMELEAR;GIANTHUMANOID;ELEMENTAL;ELEMENTAL_EARTH;ELEMENTAL_EARTH_SMALL;None;;BG2;8;SUMMONED;CONTROLLED;Lesser Earth Elemental;true;;
SUMELEAR;GIANTHUMANOID;ELEMENTAL;ELEMENTAL_EARTH;ELEMENTAL_EARTH_SMALL;None;;BG1;8;SUMMONED;CONTROLLED;Lesser Earth Elemental;true;;
SUMELFIR;GIANTHUMANOID;ELEMENTAL;ELEMENTAL_FIRE;ELEMENTAL_FIRE;None;;BG2;8;SUMMONED;CONTROLLED;Lesser Fire Elemental;true;;
SUMELFIR;GIANTHUMANOID;ELEMENTAL;ELEMENTAL_FIRE;ELEMENTAL_FIRE;None;;BG1;8;SUMMONED;CONTROLLED;Lesser Fire Elemental;true;;
SUMIST;MONSTER;MIST;MIST;MIST_CREATURE;SUMIST;SUMIST;d0questpack;12;;;Spectre;;;
SUMOUND;GIANTHUMANOID;ELEMENTAL;ELEMENTAL_EARTH;SHAMBLING_MOUND;SUMOUND;;d0questpack;8;;;Shambling Mound;;;
SUMTAN01;MONSTER;DEMONIC;TANARI;FIEND_GREEN;TANAR;None;STRATAGEMS;12;SUMMONED;;Tanar'ri;true;;
SUMTAN02;MONSTER;DEMONIC;TANARI;FIEND_GREEN;TANAR;None;STRATAGEMS;12;SUMMONED;;Tanar'ri;true;;
SURAKMAH;HUMANOID;RAKSHASA;MAGE;RAKSHASA;surakmah;None;BG2;17;;;Maharajah;;;
SURAKRAJ;HUMANOID;RAKSHASA;MAGE;RAKSHASA;surakraj;None;BG2;15;;;Rajah;;;
SURAKRUH;HUMANOID;RAKSHASA;MAGE;RAKSHASA;surakruh;None;BG2;13;;;Ruhk;;;
SURAKSHA;HUMANOID;RAKSHASA;RAKSHASA;RAKSHASA;suraksha;None;BG2;9;;;Rakshasa;;;
SURAKW1;HUMANOID;RAKSHASA;RAKSHASA;RAKSHASA;Surakw1;None;BG2;9;;;Rakshasa;;;
SURAKW2;HUMANOID;RAKSHASA;RAKSHASA;RAKSHASA;Surakw2;None;BG2;9;;;Rakshasa;;;
SURAKW3;HUMANOID;RAKSHASA;RAKSHASA;RAKSHASA;Surakw3;None;BG2;9;;;Rakshasa;;;
SURAKW4;HUMANOID;RAKSHASA;RAKSHASA;RAKSHASA;Surakw4;None;BG2;9;;;Rakshasa;;;
SUSPY;HUMANOID;PLATE;LONG_SWORD;BIRD;suspy;None;BG2;1;;;;;;
SUSPYIM;HUMANOID;NO_RACE;NO_CLASS;BIRD;SUSPYIM;NONE;d0questpack;1;;;;;;
SUTROLL;MONSTER;TROLL;TROLL;TROLL;sutroll;;BG2;6;;;Troll;;;
SUTROLL2;MONSTER;TROLL;TROLL;TROLL;sutroll;;BG2;6;;;Troll;;;
SUUNDEAD;UNDEAD;SKELETON;SKELETON_WARRIOR;SKELETON_WARRIOR;suundead;;BG2;9;;;Skeleton Warrior;;SkeletonWarrior;true
SUZIYAAD;HUMANOID;RAKSHASA;MAGE;RAKSHASA;suziyaad;suziyaad;BG2;9;;;Ziyaad;;;
SWAAIR01;GIANTHUMANOID;ELEMENTAL;ELEMENTAL_AIR;ELEMENTAL_AIR;None;;BG2;12,16;SUMMONED;CONTROLLED;Air Elemental;true;;
SWAAIR01;MONSTER;ELEMENTAL;ELEMENTAL_AIR;ELEMENTAL_AIR;None;;BG1;12,16;SUMMONED;CONTROLLED;Air Elemental;true;;
SWAAIR02;GIANTHUMANOID;ELEMENTAL;ELEMENTAL_AIR;ELEMENTAL_AIR;None;;BG2;12,24;SUMMONED;CONTROLLED;Air Elemental;true;;
SWAAIR02;MONSTER;ELEMENTAL;ELEMENTAL_AIR;ELEMENTAL_AIR;None;;BG1;12,24;SUMMONED;CONTROLLED;Air Elemental;true;;
SWAEAR01;GIANTHUMANOID;ELEMENTAL;ELEMENTAL_EARTH;ELEMENTAL_EARTH;None;;BG2;12,16;SUMMONED;CONTROLLED;Earth Elemental;true;;
SWAEAR01;MONSTER;ELEMENTAL;ELEMENTAL_EARTH;ELEMENTAL_EARTH;None;;BG1;12,16;SUMMONED;CONTROLLED;Earth Elemental;true;;
SWAEAR02;GIANTHUMANOID;ELEMENTAL;ELEMENTAL_EARTH;ELEMENTAL_EARTH;None;;BG2;12,24;SUMMONED;CONTROLLED;Earth Elemental;true;;
SWAEAR02;MONSTER;ELEMENTAL;ELEMENTAL_EARTH;ELEMENTAL_EARTH;None;;BG1;12,24;SUMMONED;CONTROLLED;Earth Elemental;true;;
SWAFIR01;GIANTHUMANOID;ELEMENTAL;ELEMENTAL_FIRE;ELEMENTAL_FIRE;None;;BG2;12,16;SUMMONED;CONTROLLED;Fire Elemental;true;;
SWAFIR01;GIANTHUMANOID;ELEMENTAL;ELEMENTAL_FIRE;ELEMENTAL_FIRE;None;;BG1;12,16;SUMMONED;CONTROLLED;Fire Elemental;true;;
SWAFIR02;MONSTER;ELEMENTAL;ELEMENTAL_FIRE;ELEMENTAL_FIRE;None;;BG2;12,24;SUMMONED;CONTROLLED;Fire Elemental;true;;
SWAFIR02;GIANTHUMANOID;ELEMENTAL;ELEMENTAL_FIRE;ELEMENTAL_FIRE;None;;BG1;12,24;SUMMONED;CONTROLLED;Fire Elemental;true;;
SWORD01;WEAPON;SWORD;LONG_SWORD;DANCING_SWORD;NONE;;SPELL_REV;10;SUMMONED;;Magical Sword;true;;
SWORD01;WEAPON;SWORD;LONG_SWORD;DANCING_SWORD;NONE;;stratagems;10;SUMMONED;;Magical Sword;true;;
SWORD02;WEAPON;SWORD;GNOLL;DANCING_SWORD;None;;BG2;10;SUMMONED;CONTROLLED;Ras;true;;
SWORD03;WEAPON;SWORD;GNOLL;DANCING_SWORD;SWORD03;;BG2;10;;;Sword;;;
SWORD68;WEAPON;SWORD;FIGHTER;DANCING_SWORD;None;;BG2;10;;;Spectral Blade;;;
SWORD69;WEAPON;SWORD;FIGHTER;DANCING_SWORD;None;;item_rev;10;;;Spectral Blade;;;
SWSFOLL1;HUMANOID;KOBOLD;KOBOLD;KOBOLD;swsfoll1;swsfoll1;BG2;1;;;Kobold Commando;;;
SWSFOLL2;HUMANOID;KOBOLD;KOBOLD;KOBOLD;swsfoll2;swsfoll2;BG2;1;;;Kobold;;;
SWSFOLL3;HUMANOID;KOBOLD;KOBOLD;KOBOLD;swsfoll3;swsfoll3;BG2;1;;;Kobold;;;
SWSFOLL4;HUMANOID;KOBOLD;KOBOLD;KOBOLD;swsfoll4;swsfoll4;STRATAGEMS;1;;;Kobold;;;
SWSFOLL5;HUMANOID;KOBOLD;KOBOLD;KOBOLD;swsfoll5;swsfoll5;STRATAGEMS;1;;;Kobold;;;
SWSFOLL6;HUMANOID;KOBOLD;KOBOLD;KOBOLD;swsfoll6;swsfoll6;BG2;1;;;Kobold Commando;;;
SWSHAMAN;HUMANOID;KOBOLD;KOBOLD;KOBOLD;swshaman;swshaman;STRATAGEMS;7;;;Kobold Shaman;;;
TAILAS;MONSTER;LYCANTHROPE;INNOCENT;CLERIC_MALE_HUMAN;Tailas;tailas;stratagems;7;;;Tailas;;;
TALOUN;MONSTER;LYCANTHROPE;WEREWOLF;CLERIC_MALE_HUMAN;Taloun;taloun;stratagems;2;;;Taloun;;;
TANAR;MONSTER;DEMONIC;TANARI;FIEND_GREEN;TANAR;None;stratagems;12;;;Aec'Letec;;;
TANAR2;MONSTER;DEMONIC;TANARI;TANARRI;tanar2;None;BG1;10;;;Aec'Letec;;;
TANARI01;MONSTER;DEMONIC;TANARI;FIEND_GREEN;TANAR;obsdem01;STRATAGEMS;12;;;Tanar'ri;;;
TANOMIST;MONSTER;MIST;MIST;BLOB_MIST_CREATURE;None;None;BG2;1;;;Gaseous Form;;;
TANSKW1;UNDEAD;SKELETON;SKELETON_WARRIOR;SKELETON_FIEND;tanskw1;tanskw1;BG2;9;;;Skeleton Warrior;;SkeletonWarrior;true
TASLGURK;HUMANOID;KOBOLD;KOBOLD_TASLOI;KOBOLD_TASLOI;None;;BG1;1;;;Tasloi;;;
TASLOI;HUMANOID;KOBOLD;KOBOLD_TASLOI;KOBOLD_TASLOI;None;;BG1;1;;;Tasloi;;;
TASLOI01;HUMANOID;KOBOLD;KOBOLD_TASLOI;KOBOLD_TASLOI;None;;BG2;1;;;Tasloi;;;
TASLOI02;HUMANOID;KOBOLD;KOBOLD_TASLOI;KOBOLD_TASLOI;None;;BG1;1;;;Tasloi;;;
TASLOI03;HUMANOID;KOBOLD;KOBOLD_TASLOI;KOBOLD_TASLOI;None;;BG1;1;;;Tasloi;;;
TASLOISU;HUMANOID;KOBOLD;KOBOLD_TASLOI;KOBOLD_TASLOI;None;;BG2;1,3;SUMMONED;CONTROLLED;Tasloi Elite Trooper;true;;
TASLOISU;HUMANOID;KOBOLD;KOBOLD_TASLOI;KOBOLD_TASLOI;None;;BG1;1,3;SUMMONED;CONTROLLED;Tasloi;true;;
TAZOK;HUMANOID;OGRE;FIGHTER;HALF_OGRE;tazok;tazok;BG2;9,19;;;Tazok;;HalfOgre;true
TAZOK;HUMANOID;OGRE;FIGHTER;HALF_OGRE;Tazok;TAZOK;BG1;9,19;;;Tazok;;HalfOgre;true
TAZOK2;HUMANOID;OGRE;FIGHTER;HALF_OGRE;Tazok;tazok2;VIENXAY;11;;;Tazok;;HalfOgre;true
TELALU1;HUMANOID;DEMONIC;FIGHTER;FIGHTER_FEMALE_ELF;telalu1;None;BG2;20,12;;;Alu-Fiend;;;
TELALU1;HUMANOID;DEMONIC;FIGHTER;FIGHTER_FEMALE_ELF;telalu1;None;BG1;20,12;;;Alu-Fiend;;;
TELBAL1;MONSTER;DEMONIC;TANARI;TANARRI;telbal1;;BG2;24;;;Balor;;;
TELBAL2;MONSTER;DEMONIC;TANARI;TANARRI;telbal2;;BG2;13;;;Balor;;;
TELCAM1;GIANTHUMANOID;DEMONIC;THIEF;DEATH_KNIGHT;telcam1;None;BG2;20;;;Cambion;;;
TELCOR1;MONSTER;DEMONIC;TANARI;CORNUGON;telcor1;None;BG2;13;;;Cornugon;;;
TELDOG;ANIMAL;DOG;DOG_WAR;DOG_MOON;teldog;None;BG2;12;;;Aranthis;;WarDog;false
TELELFIR;GIANTHUMANOID;ELEMENTAL;ELEMENTAL_FIRE;ELEMENTAL_FIRE;None;;BG2;16;SUMMONED;;Greater Fire Elemental;true;;
TELELFIR;GIANTHUMANOID;ELEMENTAL;ELEMENTAL_FIRE;ELEMENTAL_FIRE;None;;BG1;16;SUMMONED;;Greater Fire Elemental;true;;
TELICESA;MONSTER;SALAMANDER;ELEMENTAL_WATER;SALAMANDER_FROST;None;None;BG2;8;SUMMONED;;Ice Salamander;true;;
TELICESA;MONSTER;SALAMANDER;ELEMENTAL_WATER;SALAMANDER_FROST;None;None;BG1;8;SUMMONED;;Ice Salamander;true;;
TELIMP1;MONSTER;DEMONIC;IMP;IMP;telimp1;None;BG2;3;;;Imp;;;
TELPIT1;MONSTER;DEMONIC;IMP;RAVER;telpit1;None;STRATAGEMS;24;;;Pit Fiend;;;
TELPIT2;MONSTER;DEMONIC;TANARI;RAVER;telpit2;None;STRATAGEMS;24;;;Pit Fiend;;;
TELQUA1;MONSTER;DEMONIC;TANARI;IMP;telqua1;None;BG2;7;;;Quasit;;;
TELQUA2;MONSTER;DEMONIC;TANARI;IMP;telqua2;None;BG2;7;;;Quasit;;;
TELSLAV;MONSTER;DEMONIC;WRAITH;FIGHTER_MALE_HUMAN;telslav;None;BG2;10;;;Slave Wraith;;;
TELSUC1;HUMANOID;DEMONIC;TANARI;FIGHTER_FEMALE_ELF;telsuc1;None;BG2;20;;;Alu-Fiend;;;
TELTAN1;MONSTER;DEMONIC;TANARI;GLABREZU;teltan1;None;BG2;17;;;Glabrezu;;;
TELTAN2;MONSTER;DEMONIC;TANARI;GLABREZU;teltan2;None;BG2;17;;;Glabrezu;;;
TELTIEF1;HUMANOID;TIEFLING;FIGHTER;FIGHTER_MALE_ELF;teltief1;None;BG2;18;;;Tiefling;;;
TELTIEF2;HUMANOID;TIEFLING;THIEF;THIEF_FEMALE_ELF;teltief2;None;BG2;24;;;Tiefling;;;
TELTIEF3;HUMANOID;TIEFLING;MAGE;MAGE_FEMALE_ELF;teltief3;None;BG2;20;;;Tiefling;;;
TELWRAI;MONSTER;DEMONIC;MAGE;WAILING_VIRGIN;telwrai;None;STRATAGEMS;20;;;Demon Wraith;;;
TEMPV01;GENERAL_ITEM;NO_RACE;NO_CLASS;DOOM_GUARD;tempv01;None;BG2;1;;;;;;
TEPID;ANIMAL;CAT;HUNTER_CREATURE;CAT;None;None;BG2;1;;;Tepid;;;
TERSUS;HUMANOID;HOBGOBLIN;HOBGOBLIN;HOBGOBLIN;tersus;TERSUS;BG1;1;;;Tersus;;;
TEST;HUMANOID;GNOLL;FIGHTER;GNOLL;TEST;;BG1;3;;;Bort;;;
TETHTO3;MONSTER;DOPPLEGANGER;DOPPLEGANGER;MONK;tethto3;tethto3;STRATAGEMS;10;;;Tethtoril;;;
TETHTO3;MONSTER;DOPPLEGANGER;DOPPLEGANGER;MONK;tethto3;tethto3;stratagems;10;;;Tethtoril;;;
TG#BENH;GIANTHUMANOID;ELEMENTAL;NO_CLASS;WATER_WEIRD;ELEMBENH;NONE;FAITHS_AND_POWERS;20;;CONTROLLED;Ben-Hadar;true;;
TG#SPIR;UNDEAD;SPECTRE;DRUID;MAGE_MALE_HUMAN;None;;FAITHS_AND_POWERS;18;SUMMONED;CONTROLLED;Ancestral Spirit;true;Ghost;false
TG#WEL2;GIANTHUMANOID;ELEMENTAL;NO_CLASS;WATER_WEIRD;NONE;;FAITHS_AND_POWERS;16;;CONTROLLED;<NO TEXT>;true;;
TG#WEL3;GIANTHUMANOID;ELEMENTAL;NO_CLASS;WATER_WEIRD;None;;FAITHS_AND_POWERS;24;;CONTROLLED;Greater Water Elemental;true;;
THESHAL;UNDEAD;GHOUL;GHOUL_GHAST;ZOMBIE;None;theshal;BG2;6;;;Theshal;;Ghast;true
THRAXI;UNDEAD;ELF;MAGE;MAGE_MALE_ELF;None;thraxi;BG2;8;;;Thraxis Gall;;;
TIDOPPLE;MONSTER;DOPPLEGANGER;DOPPLEGANGER;DOPPLEGANGER;TIDOPPLE;;stratagems;4;;;Doppelganger;;;
TOBBAN02;HUMANOID;ORC;FIGHTER;ORC_RANGE;tobban02;tobban02;BG2;8;;;Orc Archer;;;
TOBBAN03;HUMANOID;ORC;FIGHTER;ORC_MELEE;tobban03;tobban03;BG2;10;;;Orc;;;
TOBBAN04;HUMANOID;ORC;FIGHTER;OROG;tobban04;tobban04;BG2;12;;;Orog;;;
TOMEGOL1;GIANTHUMANOID;GOLEM;GOLEM_FLESH;A7!GOLEM_FLESH_PST;None;None;A7-GOLEMCONSTRUCTION;9;SUMMONED;CONTROLLED;Flesh Golem;true;FleshGolem;true
TOMEGOL1;GIANTHUMANOID;GOLEM;GOLEM_FLESH;A7!GOLEM_FLESH_PST;None;None;A7-GolemConstruction;9;SUMMONED;CONTROLLED;Flesh Golem;true;FleshGolem;true
TOMEGOL2;GIANTHUMANOID;GOLEM;GOLEM_CLAY;GOLEM_CLAY;golcla01;;BG2;9;SUMMONED;CONTROLLED;Clay Golem;true;ClayGolem;true
TOMEGOL2;GIANTHUMANOID;GOLEM;GOLEM_CLAY;GOLEM_CLAY;golcla01;;BG1;9;SUMMONED;CONTROLLED;Clay Golem;true;ClayGolem;true
TOMEGOL3;GIANTHUMANOID;GOLEM;GOLEM_STONE;GOLEM_CLAY;golsto01;;BG2;14;SUMMONED;CONTROLLED;Stone Golem;true;StoneGolem;true
TOMEGOL3;GIANTHUMANOID;GOLEM;GOLEM_STONE;GOLEM_CLAY;golsto01;;BG1;14;SUMMONED;CONTROLLED;Stone Golem;true;StoneGolem;true
TOMEGOL4;GIANTHUMANOID;GOLEM;GOLEM_IRON;GOLEM_IRON_IWD;tomegol4;;A7-GOLEMCONSTRUCTION;18;SUMMONED;CONTROLLED;Juggernaut Golem;true;JuggernautGolem;true
TOMEGOL4;GIANTHUMANOID;GOLEM;GOLEM_IRON;GOLEM_IRON;tomegol4;;BG1;18;SUMMONED;CONTROLLED;Juggernaut Golem;true;JuggernautGolem;true
TORGAL;GIANTHUMANOID;TROLL;FIGHTER;TROLL;TorGal;torgal;STRATAGEMS;15;;;TorGal;;;
TORGAL2;MONSTER;TROLL;TROLL;TROLL;TorGal;;BG2;16;;;TorGal;;;
TORGAL3;MONSTER;TROLL;FIGHTER;TROLL;TorGal;;STRATAGEMS;15;;;TorGal;;;
SPBEAR3;ANIMAL;BEAR;BEAR_POLAR;BEAR_POLAR;None;;BG1;5;SUMMONED;CONTROLLED;Spirit Bear;true;PolarBear;false
TRANIM02;ANIMAL;WOLF;WOLF;WOLF;tranim02;;BG2;3;;;Wolf;;Wolf;false
TRANIM03;ANIMAL;CAT;WOLF_DIRE;GREATCAT_PANTHER;tranim03;;BG2;4;;;Panther;;Jaguar;false
SPBEAR4;ANIMAL;BEAR;BEAR_POLAR;BEAR_POLAR;None;;BG2;7;SUMMONED;CONTROLLED;Spirit Bear;true;PolarBear;false
SPBEAR5;ANIMAL;BEAR;BEAR_POLAR;BEAR_POLAR;None;;BG2;10;SUMMONED;CONTROLLED;Spirit Bear;true;PolarBear;false
TREVIL05;ANIMAL;CAT;HUNTER_CREATURE;GREATCAT_PANTHER;None;;BG2;4;;;Panther;;Jaguar;false
TRGENI01;GIANTHUMANOID;GENIE;GENIE_NOBLE_DJINNI;DJINNI_LEGS;trgeni01;trgeni01;BG2;12;;;Khan Zahraa;;;
TRGENI02;GIANTHUMANOID;GENIE;GENIE_DJINNI;DJINNI;trgeni02;trgeni02;BG2;12;;;Taquee;;;
TRGENI03;GIANTHUMANOID;GENIE;GENIE_DJINNI;DJINNI;trgeni03;trgeni03;BG2;12;;;Faafirah;;;
TROLDE01;GIANTHUMANOID;TROLL;TROLL;TROLL;TROLDE01;;BG2;6;;;Desert Troll;;;
TROLDE02;GIANTHUMANOID;TROLL;TROLL;TROLL;trolde02;;BG2;6;;;Desert Troll;;;
TROLFR01;GIANTHUMANOID;TROLL;TROLL;TROLL;TROLFR01;;BG2;5,6;;;Freshwater Troll;;;
TROLFR01;GIANTHUMANOID;TROLL;TROLL;TROLL_SCRAG;TROLFR01;;BG1;5,6;;;Freshwater Troll;;;
TROLFR02;GIANTHUMANOID;TROLL;TROLL;TROLL;trolfr02;;BG2;6;;;Freshwater Troll;;;
TROLGI01;GIANTHUMANOID;TROLL;TROLL;TROLL;Trolgi01;;BG2;8;;;Giant Troll;;;
TROLGI02;GIANTHUMANOID;TROLL;TROLL;TROLL;Trolgi02;;BG2;8;;;Giant Troll;;;
TROLIC01;GIANTHUMANOID;TROLL;TROLL;TROLL_SMALL;None;;BG2;6;;;Ice Troll;;;
TROLIC02;GIANTHUMANOID;TROLL;TROLL;TROLL_SMALL;troll02;;BG2;6;;;Ice Troll;;;
TROLIC03;GIANTHUMANOID;TROLL;TROLL;TROLL_BLUE;None;;BG2;14;;;Blizzard Troll;;;
TROLIC04;GIANTHUMANOID;TROLL;TROLL;TROLL_BLUE;troll02;;BG2;14;;;Blizzard Troll;;;
TROLL01;GIANTHUMANOID;TROLL;TROLL;TROLL;troll01;;BG2;6,8;;;Troll;;;
TROLL01;GIANTHUMANOID;TROLL;TROLL;TROLL;TROLL01;;BG1;6,8;;;Troll;;;
TROLL02;GIANTHUMANOID;TROLL;TROLL;TROLL;troll02;;BG2;8;;;Troll;;;
TROLL02;GIANTHUMANOID;TROLL;TROLL;TROLL;TROLL02;;BG1;8;;;Troll;;;
TROLL03;GIANTHUMANOID;TROLL;TROLL;TROLL_SMALL;troll03;;BG2;6;;;Troll;;;
TROLLENS;GIANTHUMANOID;TROLL;TROLL;TROLL;trollens;;BG2;8;;;Giant Troll;;;
TROLLGI;GIANTHUMANOID;TROLL;TROLL;TROLL_SNOW;TROLLGI;;BG1;8;;;Giant Troll;;;
TROLLSM;HUMANOID;TROLL;TROLL;TROLL_SMALL;TROLLSM;;BG1;4;;;Small Troll;;;
TROLLSM2;GIANTHUMANOID;TROLL;TROLL;TROLL_SMALL;trollsm2;;BG2;6;;;Troll;;;
TROLSI01;GIANTHUMANOID;TROLL;SPECTRAL_TROLL;TROLL_BLUE;TROLSI01;;BG2;9;;;Spirit Troll;;;
TROLSI02;GIANTHUMANOID;TROLL;SPECTRAL_TROLL;TROLL_BLUE;trolsi02;;BG2;6;;;Spirit Troll;;;
TROLSN01;GIANTHUMANOID;TROLL;TROLL;TROLL;TROLSN01;;BG2;6;;;Snow Troll;;;
TROLSN02;GIANTHUMANOID;TROLL;TROLL;TROLL;trolsn02;;BG2;6;;;Snow Troll;;;
TROLSP01;GIANTHUMANOID;TROLL;SPECTRAL_TROLL;TROLL_BLUE;TROLSP01;;BG2;8,9;;;Spectral Troll;;;
TROLSP01;UNDEAD;TROLL;SPECTRAL_TROLL;TROLL_BLUE;TROLSP01;;BG1;8,9;;;Spectral Troll;;;
TROLSP02;GIANTHUMANOID;TROLL;TROLL;TROLL_BLUE;TROLSP02;;BG2;6;;;Spectral Troll;;;
TROLUO01;GIANTHUMANOID;TROLL;TROLL;TROLL;troluo01;;BG2;6;;;Troll;;;
TRRAK01;MONSTER;RAKSHASA;RAKSHASA;HARLOT_WOMAN;trrak01;trrak01;BG2;11;;;Adratha;;;
TRRAK02;MONSTER;RAKSHASA;RAKSHASA;NOBLE_MAN;trrak02;trrak02;BG2;9;;;Saadat;;;
TRRAK03;MONSTER;RAKSHASA;MAGE;NOBLE_MAN;trrak03;trrak03;BG2;9;;;Jalaal;;;
TRRAK04;MONSTER;RAKSHASA;RAKSHASA;RAKSHASA;firrak02;firrak02;BG2;11;;;Ruhk;;;
TTGIBB;HUMANOID;GIBBERLING;GIBBERLING;GIBBERLING;ttgibb;ttgibb;BG2;1;;;Gibberling;;;
TTGIBB;HUMANOID;GIBBERLING;GIBBERLING;GIBBERLING;ttgibb;ttgibb;BG1;1;;;Gibberling;;;
TTKOB;HUMANOID;KOBOLD;KOBOLD;KOBOLD;ttkob;ttkob;BG2;1;;;Kobold;;;
TTKOB;HUMANOID;KOBOLD;KOBOLD;KOBOLD;ttkob;ttkob;BG1;1;;;Kobold;;;
TTSKEL;UNDEAD;SKELETON;SKELETON;SKELETON;ttskel;ttskel;BG2;0;;;Skeleton;;Skeleton;false
TTSKEL;UNDEAD;SKELETON;SKELETON;SKELETON;ttskel;ttskel;BG1;0;;;Skeleton;;Skeleton;false
TTSPID;MONSTER;SPIDER;SPIDER_WRAITH;SPIDER_WRAITH;ttspid;ttspid;BG2;3;;;Wraith Spider;;WraithSpider;true
TTSPID;MONSTER;SPIDER;SPIDER_WRAITH;SPIDER_WRAITH;ttspid;ttspid;BG1;3;;;Wraith Spider;;WraithSpider;true
U!KDEAD;HUMANOID;LEATHER;SHADOW;MAGE_MALE_GNOME;U!Kdead;U!KDEAD;ub;1;;;Kalah's Spirit;;;
U!KGEN;GIANTHUMANOID;GENIE;GENIE_DAO;DJINNI;U!Kgen;U!KGEN;ub;8;;;Genie;;;
U!KJAF;HUMANOID;RAKSHASA;RAKSHASA;MAGE_MALE_HUMAN;U!Kjaf;U!KJAF;ub;9;;;Jafir;;;
UBDBEAR;ANIMAL;BEAR;BEAR_BLACK;BEAR_BLACK;UBDBEAR;;bg1ub;3;;;Black Bear;;BlackBear;true
UBMALKA2;ANIMAL;NO_RACE;NO_CLASS;BIRD;UBMALKA2;UBMALKAL;bg1ub;1;;;Mal-Kalen;;;
UBMALKAL;UNDEAD;GHOUL;GHOUL_REVEANT;MAGE_MALE_HUMAN;UBMALKAL;UBMALKAL;bg1ub;10;;;Mal-Kalen;;Mummy;false
UBNIMDOG;ANIMAL;DOG;DOG_WAR;DOG_WAR;ubnimdog;ubnimdog;bg1ub;2;;;Hunting Dog;;WarDog;true
UBNIMWLF;ANIMAL;WOLF;WOLF_DIRE;WOLF_DIRE;ubnimwlf;ubnimwlf;bg1ub;4;;;Dire Wolf;;DireWolf;true
UBOGMA01;GIANTHUMANOID;OGRE;OGRE_MAGE;OGRE_MAGE;UBOGMA01;;bg1ub;5;;;Ogre Mage;;OgreMage;true
UBOGMA02;GIANTHUMANOID;OGRE;OGRE_MAGE;OGRE_MAGE;UBOGMA02;;bg1ub;5;;;Ogre Mage;;OgreMage;true
UBSNOGOL;HUMANOID;NO_RACE;NO_CLASS;OGRILLON;ubsnogol;ubsnogol;bg1ub;9;;;Snow Golem;;SnowGolem;true
UBSVLREV;UNDEAD;GHOUL;GHOUL_REVEANT;ZOMBIE;UBSVLREV;UBSVLREV;bg1ub;15;;;Revenant;;Mummy;false
UCOUNTER;MONSTER;STATUE;SHADOW;RAT;UCOUNTER;;BG2;8;;;;;;
UDAIR;GIANTHUMANOID;ELEMENTAL;ELEMENTAL_AIR;ELEMENTAL_AIR;udair;;BG2;10;;;Air Elemental;;;
UDBALOR;MONSTER;DEMONIC;TANARI;TANARRI;udbalor;;BG2;24;;;Balor;;;
UDBEHO01;MONSTER;BEHOLDER;BEHOLDER;BEHOLDER;udbeho01;;BG2;9;;;Beholder;;;
UDBEHO02;MONSTER;BEHOLDER;BEHOLDER;BEHOLDER;udbeho02;;BG2;9;;;Beholder;;;
UDDEATH;HUMANOID;DEMONIC;FIGHTER_MAGE;DEATH_KNIGHT;uddeath;uddeath;BG2;18;;;Demon Knight;;;
UDDEATH2;HUMANOID;DEMONIC;FIGHTER_MAGE;DEATH_KNIGHT;uddeath2;uddeath;BG2;18;;;Demon Knight;;;
UDDEMON;MONSTER;DEMONIC;TANARI;TANARRI;uddemon;uddemon;BG2;25;;;Lesser Demon Lord;;;
UDDOG;ANIMAL;DOG;DOG_WILD;DOG_WILD;uddog;;BG2;1;;;Wild Dog;;WildDog;false
UDDOOR07;GIANTHUMANOID;GOLEM;GOLEM_STONE;GOLEM_CLAY;golsto01;;STRATAGEMS;14;;;Stone Golem;;StoneGolem;false
UDEARTH;GIANTHUMANOID;ELEMENTAL;ELEMENTAL_EARTH;ELEMENTAL_EARTH;udearth;;BG2;10;;;Earth Elemental;;;
UDELDA;GIANTHUMANOID;ELEMENTAL;ELEMENTAL_AIR;ELEMENTAL_AIR;udelda;;BG2;10;;;Greater Air Elemental;;;
UDELDE;GIANTHUMANOID;ELEMENTAL;ELEMENTAL_EARTH;ELEMENTAL_EARTH;udelde;;BG2;10;;;Greater Earth Elemental;;;
UDELDER;MONSTER;BEHOLDER;BEHOLDER;BEHOLDER;udelder;;BG2;20;;;Elder Orb;;;
UDELDER2;MONSTER;BEHOLDER;BEHOLDER;BEHOLDER;udelder2;;d0questpack;20;;;Elder Orb;;;
UDELDF;GIANTHUMANOID;ELEMENTAL;ELEMENTAL_FIRE;ELEMENTAL_FIRE;udeldf;;BG2;10;;;Greater Fire Elemental;;;
UDFIRE;GIANTHUMANOID;ELEMENTAL;ELEMENTAL_FIRE;ELEMENTAL_FIRE;udfire;;BG2;10;;;Fire Elemental;;;
UDGITH02;HUMANOID;GITHYANKI;FIGHTER;GITHYANKI;udgith02;udgith02;STRATAGEMS;11;;;Githyanki;;;
UDGOLEM;GIANTHUMANOID;GOLEM;GOLEM_CLAY;A7!GOLEM_BRAIN;udgolem;;A7-GOLEMCONSTRUCTION;12;;;Brain Golem;;ClayGolem;false
UDILL01;HUMANOID;MIND_FLAYER;MIND_FLAYER;MINDFLAYER;udill01;None;BG2;12;;;Mind Flayer;;;
UDILL02;MONSTER;UMBERHULK;UMBERHULK;UMBER_HULK;udill01;;BG2;6;;;Umber Hulk;;;
UDIMP;HUMANOID;IMP;IMP;IMP;udimp;udimp;BG2;3;;;Imp;;;
UDKUO01;HUMANOID;KUO-TOA;KUO-TOA;KUO-TOA_LARGE;udkuo01;udkuo01;BG2;8;;;Kuo-toan Leader;;;
UDKUO02;HUMANOID;KUO-TOA;CLERIC_THIEF;KUO-TOA_LARGE;udkuo02;udkuo02;BG2;14;;;Master Whip;;;
UDMASTER;MONSTER;NO_RACE;MAGE;DOOM_GUARD_LARGER;udmaster;udmaster;STRATAGEMS;20;;;The Master Brain;;;
UDMIND01;HUMANOID;MIND_FLAYER;MIND_FLAYER;MINDFLAYER;udmind01;udmind01;BG2;8;;;Mind Flayer;;;
UDMIND02;HUMANOID;MIND_FLAYER;MIND_FLAYER;MINDFLAYER;udmind02;udmind02;BG2;12;;;Mind Flayer;;;
UDMIND03;HUMANOID;MIND_FLAYER;MIND_FLAYER;MINDFLAYER;udmind03;udmind01;BG2;8;;;Mind Flayer;;;
UDMIND04;HUMANOID;MIND_FLAYER;MIND_FLAYER;MINDFLAYER;udmind04;udmind01;BG2;8;;;Mind Flayer;;;
UDMIND10;HUMANOID;MIND_FLAYER;MIND_FLAYER;MINDFLAYER;udmind10;None;BG2;12;;;Mind Flayer;;;
UDNABA;MONSTER;DEMONIC;TANARI;FIEND_GREEN;udnaba;None;STRATAGEMS;12;;;Nabassu;;;
UDOGRE;GIANTHUMANOID;OGRE;OGRE;OGRE;udogre;udogre;BG2;15;;;Ogre;;Ogre;false
UDPENT;GENERAL_ITEM;0;0;CLERIC_MALE_HALFLING_LOW;udpent;None;BG2;1;;;;;;
UDPRINCE;HUMANOID;KUO-TOA;CLERIC_THIEF;KUO-TOA_LARGE;udprince;;BG2;14;;;Kuo-toan Prince;;;
UDSAHA;HUMANOID;SAHUAGIN;FIGHTER;SAHUAGIN_LARGE;udsaha;;STRATAGEMS;16;;;Sahuagin Prince;;;
UDSILVER;MONSTER;DRAGON;SILVER_DRAGON;DRAGON_SILVER;udsilver;udsilver;BG2;23;;;Adalon;;;
UDSIMYAZ;HUMANOID;GITHYANKI;FIGHTER_MAGE;GITHYANKI;udsimyaz;udsimyaz;BG2;11;;;Simyaz;;;
UDSLV03;HUMANOID;GNOLL;GNOLL;GNOLL;udslv03;udslv03;BG2;2;;;Slave;;;
UDSLV04;HUMANOID;KOBOLD;THIEF;KOBOLD;udslv04;udslv04;BG2;1;;;Slave;;;
UDSPID01;MONSTER;SPIDER;SPIDER_GIANT;SPIDER_GIANT;udspid01;;BG2;4;;;Giant Spider;;GiantSpider;false
UDSPID02;MONSTER;SPIDER;SPIDER_GIANT;SPIDER_GIANT;udspid02;;BG2;4;;;Giant Spider;;GiantSpider;false
UDSPID03;MONSTER;SPIDER;SPIDER_GIANT;SPIDER_GIANT;udspid03;;BG2;4;;;Giant Spider;;GiantSpider;false
UDSPID04;MONSTER;SPIDER;SPIDER_GIANT;SPIDER_GIANT;udspid04;;BG2;4;;;Giant Spider;;GiantSpider;false
UDSPID05;MONSTER;SPIDER;SPIDER_GIANT;SPIDER_GIANT;udspid05;;BG2;4;;;Giant Spider;;GiantSpider;false
UDSPID06;MONSTER;SPIDER;SPIDER_GIANT;SPIDER_GIANT;udspid06;;BG2;4;;;Giant Spider;;GiantSpider;false
UDSPID07;MONSTER;SPIDER;SPIDER_GIANT;SPIDER_GIANT;udspid07;;BG2;4;;;Giant Spider;;GiantSpider;false
UDSPID08;MONSTER;SPIDER;SPIDER_GIANT;SPIDER_GIANT;udspid08;;BG2;4;;;Giant Spider;;GiantSpider;false
UDTRAP03;HUMANOID;GITHYANKI;FIGHTER_MAGE;GITHYANKI;udtrap03;udtrap03;BG2;11;;;Riti;;;
UDTRAP04;UNDEAD;LICH;MAGE;LICH;udtrap04;udtrap04;BG2;27;;;Alchra Diagott;;;
UDUMB02;MONSTER;UMBERHULK;UMBERHULK;UMBER_HULK;udumb02;;BG2;6;;;Umber Hulk;;;
UDUMBER;MONSTER;UMBERHULK;UMBERHULK;UMBER_HULK;udumber;;BG2;6;;;Umber Hulk;;;
UDVADEAD;UNDEAD;VAMPIRE;VAMPIRE;VAMPIRE;UDVADEAD;None;arestorationp;8;;;Vampire;;;
UDVAMP;UNDEAD;MIND_FLAYER;MIND_FLAYER;MINDFLAYER;udvamp;udvamp;BG2;12;;;Vampiric Illithid;;;
UDVAMP01;UNDEAD;VAMPIRE;VAMPIRE;VAMPIRE;UDVAMP01;UDVAMP01;arestorationp;8;;;Vampire;;;
UGHH;GIANTHUMANOID;GOLEM;GOLEM_STONE;GOLEM_CLAY;ughh;;stratagems;14;;;Ungh;;StoneGolem;false
UHCREAT;UNDEAD;SHADOW;SHADOW;SHADOW;uhcreat;None;BG2;4;;;Shadow;;Shadow;true
UHCREAT2;MONSTER;GIBBERLING;GIBBERLING;GIBBERLING;None;uhgibb01;BG2;1;;;Diseased Gibberling;;;
UHGIBB01;MONSTER;GIBBERLING;GIBBERLING;GIBBERLING;uhgibb01;uhgibb01;BG2;1;;;Diseased Gibberling;;;
UHOGRE01;GIANTHUMANOID;OGRE;OGRE;OGRE_MAGE;madulf;uhogre01;BG2;9;;;Madulf;;Ogre;false
UHOGRE02;GIANTHUMANOID;OGRE;OGRE;OGRE;uhogre02;uhogre02;BG2;4;;;Ogre;;Ogre;false
UHOGRE03;GIANTHUMANOID;GNOLL;GNOLL;MINOTAUR;uhogre03;uhogre03;BG2;6;;;Minotaur;;;
UHOGRE04;HUMANOID;GNOLL;GNOLL;GNOLL;uhogre04;uhogre04;BG2;4;;;Gnoll;;;
UHOGRE05;HUMANOID;ORC;ORC;ORC_ELITE_RANGE;uhogre05;uhogre05;BG2;6;;;Orc;;;
UHOSTILE;MONSTER;SHADOW;SHADOW;RAT;UHOSTILE;;BG2;8;;;;;Shadow;false
ULVARYL;UNDEAD;VAMPIRE;FIGHTER_THIEF;VAMPIRE_FEMALE;ulvaryl;vampire1;STRATAGEMS;1;;;Ulvaryl;;;
UMBHUL01;MONSTER;UMBERHULK;UMBERHULK;UMBER_HULK;None;;BG2;6;;;Umber Hulk;;;
UMBHUL01;MONSTER;UMBERHULK;UMBERHULK;UMBER_HULK;None;;BG1;6;;;Umber Hulk;;;
UMBHUL02;MONSTER;UMBERHULK;UMBERHULK;UMBER_HULK;None;;BG2;10;;;Umber Hulk Elder;;;
UMBHULSU;MONSTER;UMBERHULK;UMBERHULK;UMBER_HULK;None;;SPELL_REV;7;SUMMONED;;Umber Hulk;true;;
UNSEE;MONSTER;BEHOLDER;BEHOLDER;BEHOLDER;None;Unsee;BG2;14;;;The Unseeing Eye;;;
URSA;ANIMAL;BEAR;BEAR_CAVE;BEAR_CAVE;Ursa;;BG1;6;;;Ursa the Cave Bear;;CaveBear;true
VA#ASTSD;MONSTER;ANTISOLAR;NO_CLASS;DOOM_GUARD_LARGER;VA#ASTSD;NONE;tod;8;;;Astral Shard;;;
VA#BALOR;MONSTER;DEMONIC;TANARI;RAVER;VA#BALOR;VA#BALOR;tod;10;;;Baloar;;;
VA#FSALA;MONSTER;ELEMENTAL;ELEMENTAL_FIRE;SALAMANDER_FIRE;VA#FSALA;NONE;tod;10;;;Fire Salamander;;;
VA#GITF1;HUMANOID;GITHYANKI;FIGHTER;GITHYANKI;va#gitf1;;tod;18;;;Githyanki;;;
VA#GITF2;HUMANOID;GITHYANKI;FIGHTER;GITHYANKI;va#gitf2;;tod;18;;;Githyanki;;;
VA#GITFM;HUMANOID;GITHYANKI;FIGHTER_MAGE;GITHYANKI;va#gitfm;;tod;13;;;Githyanki;;;
VA#ISALA;UNDEAD;ELEMENTAL;ELEMENTAL_FIRE;SALAMANDER_FROST;VA#ISALA;NONE;tod;8;;;Ice Salamander;;;
VA#LICH;UNDEAD;LICH;MAGE;LICH;VA#LICH;VA#LICH;tod;20;;;Servant;;;
VA#MARIL;MONSTER;DEMONIC;FIGHTER_MAGE;MARILITH;VA#MARIL;NONE;tod;15;;;Astral Shard Guardian;;;
VA#MINOT;GIANTHUMANOID;OGRE;OGRE;MINOTAUR;VA#MINOT;NONE;tod;4;;;Minotaur;;Ogre;false
VA#ORC;HUMANOID;ORC;ORC;ORC_ELITE_RANGE;VA#ORC;NONE;tod;5;;;Orc Archer;;;
VA#OROG;HUMANOID;ORC;ORC;OROG_ELITE;VA#OROG;NONE;tod;5;;;Orog;;;
VA#PANDA;HUMANOID;FAIRY;FAIRY_DRYAD;SIRINE;VA#PANDA;VA#PANDA;tod;10;;;Pandaira;;Dryad;false
VA#SHD01;UNDEAD;SHADOW;MAGE;LICH_BLACK;VA#SHD01;VA#SHD01;tod;20;;;Shadow Master;;;
VA#SHDGL;UNDEAD;SHADOW;FIGHTER;SHADOW;VA#SHDGL;NONE;tod;3;;;Shadow;;Shadow;true
VA#SPY01;HUMANOID;PLATE;LONG_SWORD;CAT;VA#SPY01;NONE;tod;1;;;;;;
VA#SPY02;HUMANOID;PLATE;LONG_SWORD;CAT;VA#SPY02;NONE;tod;1;;;;;;
VA#USTRN;HUMANOID;GITHYANKI;MAGE;IRENICUS_ROBED;VA#USTRN;VA#USTRN;tod;25;;;Ustrain;;;
VA#WISTE;HUMANOID;FAIRY;MAGE;SIRINE;VA#WISTE;VA#WISTE;tod;16;;;Wistemach;;Dryad;false
VA#ZOM01;UNDEAD;NO_RACE;NO_CLASS;ZOMBIE;VA#ZOM01;NONE;tod;2;;;Sea Zombie;;;
VA#ZOM02;UNDEAD;NO_RACE;NO_CLASS;ZOMBIE;VA#ZOM02;NONE;tod;2;;;Sea Zombie;;;
VA#ZOM03;UNDEAD;NO_RACE;NO_CLASS;ZOMBIE;VA#ZOM03;NONE;tod;2;;;Sea Zombie;;;
VA#ZOMGL;UNDEAD;NO_RACE;NO_CLASS;ZOMBIE;VA#ZOMGL;NONE;tod;2;;;Sea Zombie;;;
VAELASA;HUMANOID;FAIRY;FAIRY_DRYAD;SIRINE;vaelasa;vaelasa;BG2;10;;;Vaelasa;;Hamadryad;true
VAIL;HUMANOID;STATUE;FIGHTER;FIGHTER_MALE_ELF;VAIL;VAIL;BG1;6;;;Statue;;;
VALEMIST;MONSTER;MIST;MIST;BAT_INSIDE;None;None;BG2;1;;;Gaseous Form;;;
VAMANC01;UNDEAD;VAMPIRE;FIGHTER_THIEF;VAMPIRE_FEMALE;vamanc01;None;STRATAGEMS;14;;;Ancient Vampire;;;
VAMEMI01;UNDEAD;VAMPIRE;FIGHTER_THIEF;VAMPIRE_FEMALE;vamemi01;None;STRATAGEMS;14;;;Ancient Vampire;;;
VAMFLF01;UNDEAD;VAMPIRE;FIGHTER_THIEF;VAMPIRE_FEMALE;None;None;STRATAGEMS;8;;;Fledgling Vampire;;;
VAMFLF01;UNDEAD;VAMPIRE;VAMPIRE;VAMPIRE_FEMALE;None;None;NTOTSC;8;;;Fledgling Vampire;;;
VAMFLM01;UNDEAD;VAMPIRE;FIGHTER_THIEF;VAMPIRE;None;None;STRATAGEMS;8;;;Fledgling Vampire;;;
VAMFLM01;UNDEAD;VAMPIRE;VAMPIRE;VAMPIRE;VAMFLM01;;BG1;8;;;Fledgling Vampire;;;
VAMMAT01;UNDEAD;VAMPIRE;FIGHTER_THIEF;VAMPIRE_FEMALE;VAMMAT01;None;STRATAGEMS;9;;;Vampire;;;
VAMOLD01;UNDEAD;VAMPIRE;FIGHTER_THIEF;VAMPIRE_FEMALE;vamold01;None;STRATAGEMS;10;;;Elder Vampire;;;
VAMPAER;UNDEAD;VAMPIRE;CLERIC_MAGE;MAGE_FEMALE_ELF;vampaer;vampaer;STRATAGEMS;13;;;Aerie;;;
VAMPAMB;UNDEAD;VAMPIRE;FIGHTER_THIEF;VAMPIRE;None;None;STRATAGEMS;9;;;Vampire;;;
VAMPANO;UNDEAD;VAMPIRE;CLERIC;FIGHTER_MALE_HUMAN;vampano;vampano;STRATAGEMS;18;;;Anomen;;;
VAMPAT01;UNDEAD;VAMPIRE;FIGHTER_THIEF;VAMPIRE_FEMALE;None;None;STRATAGEMS;18;;;Ancient Vampire;;;
VAMPBAT;UNDEAD;VAMPIRE;VAMPIRE;BAT_INSIDE;None;None;BG2;1;;;Vampire Bat;;;
VAMPBAT;UNDEAD;VAMPIRE;VAMPIRE;BAT_INSIDE;vampbat;None;BG1;1;;;Vampire Bat;;;
VAMPIF01;UNDEAD;VAMPIRE;FIGHTER_THIEF;VAMPIRE_FEMALE;None;None;STRATAGEMS;8;;;Vampire;;;
VAMPIM01;UNDEAD;VAMPIRE;FIGHTER_THIEF;VAMPIRE;None;None;STRATAGEMS;8;;;Vampire;;;
VAMPIRE1;UNDEAD;VAMPIRE;FIGHTER_THIEF;VAMPIRE;None;vampire1;STRATAGEMS;8;;;Ulvaryl;;;
VAMPJAH;UNDEAD;VAMPIRE;FIGHTER_DRUID;FIGHTER_FEMALE_ELF;vampjah;vampjah;STRATAGEMS;12;;;Jaheira;;;
VAMPM01;UNDEAD;VAMPIRE;FIGHTER_THIEF;VAMPIRE;None;None;STRATAGEMS;9;;;Vampire;;;
VAMPVIC;UNDEAD;VAMPIRE;CLERIC;CLERIC_FEMALE_ELF;vampvic;vampvic;STRATAGEMS;18;;;Viconia;;;
VAMPYF01;UNDEAD;VAMPYRE;VAMPYRE;VAMPIRE_FEMALE;vampyf01;None;d0questpack;8;;;Vampyre;;;
VAMPYM01;UNDEAD;VAMPIRE;VAMPIRE;VAMPIRE;vampym01;None;d0questpack;8;;;Vampyre;;;
VAMVER01;UNDEAD;VAMPIRE;FIGHTER_THIEF;VAMPIRE_FEMALE;vamver01;None;STRATAGEMS;12;;;Elder Vampire;;;
VORSQUIR;ANIMAL;NO_RACE;NO_CLASS;SQUIRREL;None;None;BG2;30;;;Vorpal Squirrel;;;
VULTUR;ANIMAL;NO_RACE;NO_CLASS;VULTURE;None;None;BG1;1;;;Vulture;;;
VULTURE;ANIMAL;NO_RACE;NO_CLASS;VULTURE;None;None;BG2;1;;;;;;
VVBODHI;UNDEAD;VAMPIRE;FIGHTER_THIEF;BODHI;vvbodhi;vvbodhi;STRATAGEMS;14;;;Bodhi;;;
VVDEL;UNDEAD;VAMPIRE;FIGHTER_THIEF;VAMPIRE_FEMALE;vvdel;vvdel;STRATAGEMS;11;;;Del;;;
VVFEMAL1;UNDEAD;VAMPIRE;FIGHTER_THIEF;VAMPIRE_FEMALE;vvfemal1;vvmale5;STRATAGEMS;9;;;Vampire;;;
VVFEMAL2;UNDEAD;VAMPIRE;FIGHTER_THIEF;VAMPIRE_FEMALE;vvfemal2;vvmale5;STRATAGEMS;9;;;Vampire;;;
VVFEMAL3;UNDEAD;VAMPIRE;FIGHTER_THIEF;VAMPIRE_FEMALE;vvfemal3;vvmale5;STRATAGEMS;9;;;Vampire;;;
VVHAREIS;UNDEAD;VAMPIRE;FIGHTER_THIEF;VAMPIRE_FEMALE;vvhareis;vvhareis;STRATAGEMS;11;;;Hareishan;;;
VVMALE1;UNDEAD;VAMPIRE;FIGHTER_THIEF;VAMPIRE;vvmale1;vvmale1;STRATAGEMS;9;;;Vampire;;;
VVMALE2;UNDEAD;VAMPIRE;FIGHTER_THIEF;VAMPIRE;vvmale2;vvmale2;STRATAGEMS;9;;;Vampire;;;
VVMALE3;UNDEAD;VAMPIRE;FIGHTER_THIEF;VAMPIRE;vvmale3;vvmale3;STRATAGEMS;9;;;Vampire;;;
VVMALE4;UNDEAD;VAMPIRE;FIGHTER_THIEF;VAMPIRE;vvmale4;vvmale4;STRATAGEMS;9;;;Vampire;;;
VVMALE5;UNDEAD;VAMPIRE;FIGHTER_THIEF;VAMPIRE;vvmale5;vvmale5;STRATAGEMS;9;;;Vampire;;;
VVMALE6;UNDEAD;VAMPIRE;FIGHTER_THIEF;VAMPIRE;vvmale6;vvmale5;STRATAGEMS;9;;;Vampire;;;
VVMALE7;UNDEAD;VAMPIRE;FIGHTER_THIEF;VAMPIRE;vvmale7;vvmale5;STRATAGEMS;9;;;Vampire;;;
VVPARIS;UNDEAD;VAMPIRE;FIGHTER_THIEF;VAMPIRE_FEMALE;vvparis;vvparis;STRATAGEMS;12;;;Parisa;;;
VVSALIA;UNDEAD;VAMPIRE;FIGHTER_THIEF;VAMPIRE_FEMALE;vvsalia;vvsalia;STRATAGEMS;12;;;Salia;;;
VVTANOV;UNDEAD;VAMPIRE;FIGHTER_THIEF;VAMPIRE_FEMALE;vvtanov;vvtanov;STRATAGEMS;13;;;Tanova;;;
WAGHOUL;UNDEAD;GHOUL;GHOUL;GHOUL;WADEAD1;;BGQE;2;;;Ghoul;;Ghoul;true
WAUKLEO;ANIMAL;CAT;HUNTER_CREATURE;GREATCAT_LEOPARD;None;;BG2;4;;;Leopard;;Leopard;false
WAUKMOO;ANIMAL;NO_RACE;NO_CLASS;MOOSE;moose01;;BG2;1;;;Moose;;;
WAUKSNA;ANIMAL;NO_RACE;NO_CLASS;SNAKE;snake01;None;BG2;1;;;Snake;;;
WAUKSQU;ANIMAL;NO_RACE;FOOD_CREATURE;SQUIRREL;ANbelka;None;HERTHIMONEY;1;;;Squirrel;;;
WELLYN;UNDEAD;HALFLING;NO_CLASS;BOY;None;Wellyn;BG2;1;;;Wellyn;;;
WELT;GIANTHUMANOID;OGRE;INNOCENT;OGRE;Ogre02;welt;BG1;4;;;Welt;;Ogre;true
WEREGR01;MONSTER;LYCANTHROPE;WEREWOLF;WEREWOLF_GREATER;None;None;STRATAGEMS;7;;;Greater Werewolf;;;
WEREGRDR;MONSTER;LYCANTHROPE;WEREWOLF;WEREWOLF_GREATER;None;None;STRATAGEMS;8;;;Greater Werewolf;;;
WEREGRDR;MONSTER;LYCANTHROPE;WEREWOLF;WEREWOLF_GREATER;None;None;stratagems;8;;;Greater Werewolf;;;
WEREWO;MONSTER;LYCANTHROPE;WEREWOLF;WEREWOLF;None;None;stratagems;7;;;Werewolf;;;
WEREWO01;MONSTER;LYCANTHROPE;WEREWOLF;WEREWOLF;None;None;STRATAGEMS;7;;;Werewolf;;;
WEREWO01;MONSTER;LYCANTHROPE;WEREWOLF;WEREWOLF;None;None;stratagems;7;;;Werewolf;;;
WEREWODR;MONSTER;LYCANTHROPE;WEREWOLF;WEREWOLF;None;None;STRATAGEMS;7;;;Werewolf;;;
WEREWODR;MONSTER;LYCANTHROPE;WEREWOLF;WEREWOLF;None;None;stratagems;7;;;Werewolf;;;
WEREWOGR;MONSTER;LYCANTHROPE;WEREWOLF;WEREWOLF_GREATER;None;None;stratagems;7;;;Greater Werewolf;;;
WEREWYV1;MONSTER;LYCANTHROPE;WYVERN;THIEF_MALE_HUMAN;werewyv1;werewyv1;STRATAGEMS;14;;;Ekim Cyre;;;
WEREWYV2;MONSTER;LYCANTHROPE;WYVERN;THIEF_MALE_HUMAN;werewyv2;werewyv1;STRATAGEMS;16;;;Ekim Cyre;;;
WIANKHE1;MONSTER;ANKHEG;ANKHEG;ANKHEG;WIANKHE1;;BLACKHEARTS;3;;;Assassin Ankheg;;Ankheg;true
WIBHSHA1;UNDEAD;SHADOW;SHADOW;SHADOW;None;None;BLACKHEARTS;7;SUMMONED;;Chaos Shadow;true;Shadow;false
WIBHSHA2;UNDEAD;SHADOW;SHADOW;SHADOW;None;None;BLACKHEARTS;6;SUMMONED;;Slaughter Shade;true;Shadow;false
WIBORT;HUMANOID;GNOLL;FIGHTER;GNOLL;WIBORT;;BLACKHEARTS;3;;;Kherk Snotpaw;;;
WICLAYGO;GIANTHUMANOID;GOLEM;GOLEM_CLAY;GOLEM_CLAY;WICLAYGO;;BLACKHEARTS;9;;;Clay Golem;;ClayGolem;true
WICULT1;UNDEAD;GHOUL;GHOUL_GHAST;MONK;WICULT1;;BLACKHEARTS;7;;;Dreg Ghoul;;Ghast;false
WIDRYAD1;HUMANOID;FAIRY;FIGHTER;SIRINE;WIDRYAD1;WIDRYAD1;BLACKHEARTS;8;;;Dryad of Peldvale;;Hamadryad;true
WIDRYAD2;HUMANOID;FAIRY;FIGHTER;SIRINE;WIDRYAD2;WIDRYAD2;BLACKHEARTS;8;;;Dryad of Peldvale;;Hamadryad;true
WIELAN;HUMANOID;RAKSHASA;MAGE;RAKSHASA;WIELAN;;BLACKHEARTS;11;;;Silmivya;;;
WIELFIR1;GIANTHUMANOID;ELEMENTAL;ELEMENTAL_FIRE;ELEMENTAL_FIRE_SMALL;WIELFIR1;;BLACKHEARTS;12;;;Fire Elemental;;;
WIFIRGI2;GIANTHUMANOID;GIANT;FIGHTER;GIANT_FIRE;WIFIREG2;WIFIREG2;BLACKHEARTS;20;;;Herald of Yaga-Shura;;;
WIFIRGIA;GIANTHUMANOID;GIANT;FIGHTER;GIANT_FIRE;WIFIREGI;WIFIREGI;BLACKHEARTS;20;;;Herald of Yaga-Shura;;;
WIGENTLE;GIANTHUMANOID;OGRE;OGRE_MAGE;OGRE_MAGE;WIGENTLE;WIgent;BLACKHEARTS;5;;;The Gentleman;;OgreMage;true
WIHARSP1;UNDEAD;ELF;NO_CLASS;CLERIC_FEMALE_ELF;spech1;WIHARSP1;BLACKHEARTS;10;;;Harper Spectre;;;
WIHARSP2;UNDEAD;ELF;NO_CLASS;CLERIC_MALE_DWARF;spech1;;BLACKHEARTS;10;;;Harper Spectre;;;
WIHOBG01;HUMANOID;HOBGOBLIN;THIEF;HOBGOBLIN;WIHOBG01;;BLACKHEARTS;1;;;Redwater Archer;;;
WIHOBG02;HUMANOID;HOBGOBLIN;FIGHTER;HOBGOBLIN;WIHOBG02;;BLACKHEARTS;1;;;Redwater Warrior;;;
WIHOBG03;HUMANOID;HOBGOBLIN;MAGE;HOBGOBLIN;WIHOBG03;;BLACKHEARTS;5;;;Redwater Wizard;;;
WIHOBG04;HUMANOID;HOBGOBLIN;FIGHTER;HOBGOBLIN;WIHOBG04;;BLACKHEARTS;1;;;Perthag of Red Waters;;;
WIICESAL;MONSTER;SALAMANDER;ELEMENTAL_WATER;SALAMANDER_FROST;None;None;BLACKHEARTS;8;;;Ice Salamander;;;
WIICESCL;MONSTER;SALAMANDER;CLERIC;SALAMANDER_FROST;WIICESCL;NONE;BLACKHEARTS;8;;;Ice Salamander Cleric;;;
WIJELLY;HUMANOID;HOBGOBLIN;HOBGOBLIN;GOBLIN_AXE;None;WIYUJEHL;BLACKHEARTS;1;;;Yujehli;;;
WILDZONE;HUMANOID;SAHUAGIN;SAHUAGIN;DOOM_GUARD;None;;BG2;2;;;;;;
B_BEAR1;ANIMAL;BEAR;BEAR_CAVE;BEAR_CAVE;NONE;;FAITHS_AND_POWERS;9;;CONTROLLED;You don't know the naa-aame, you don't know the naa-aame.;true;CaveBear;true
WIMIMIC;MONSTER;MIMIC;MIMIC;DOOM_GUARD;BDMIMIC;;BLACKHEARTS;10;;;Mimic;;;
WINIKN01;UNDEAD;VAMPIRE;VAMPIRE;THIEF_FEMALE_HUMAN;WINIKN01;None;BLACKHEARTS;8;;;Night Knife;;;
WINIKN02;UNDEAD;VAMPIRE;VAMPIRE;THIEF_MALE_HUMAN;WINIKN02;None;BLACKHEARTS;8;;;Night Knife;;;
WINTHR3;MONSTER;DOPPLEGANGER;DOPPLEGANGER;FAT_MAN;None;winthr3;STRATAGEMS;1;;;Winthrop;;;
WINTHR3;MONSTER;DOPPLEGANGER;DOPPLEGANGER;FAT_MAN;None;winthr3;stratagems;1;;;Winthrop;;;
WIOGMA01;GIANTHUMANOID;OGRE;OGRE_MAGE;OGRE_MAGE;WIYONDAK;WIyondak;BLACKHEARTS;5;;;Yondak Master of Portals;;OgreMage;true
WIOGRE01;GIANTHUMANOID;OGRE;OGRE;OGRE;Ogre;;BLACKHEARTS;4;;;Ogre Bodyguard;;Ogre;true
WIOGRE02;GIANTHUMANOID;OGRE;OGRE;OGRE;ARGHH;;BLACKHEARTS;4;;;Grahh;;Ogre;false
WIOOZE;MONSTER;SLIME;MUSTARD_JELLY;GRAY_OOZE;None;;BLACKHEARTS;9;;;Black Blood;;MustardJelly;false
WIPINATA;MONSTER;SHADOW;SHADOW;DOOM_GUARD;WIPINATA;None;BLACKHEARTS;8;SUMMONED;;Wakizashi;true;Shadow;false
WIPORT;HUMANOID;SWORD;LONG_SWORD;DOOM_GUARD;DURSWORD;WIPORTAL;BLACKHEARTS;1;;;Sanctum Portal;;;
WISH01;GIANTHUMANOID;GENIE;GENIE_DAO;DJINNI;WISH01;wish;d0questpack;8,25;;;Djinni;;;
WISH01;GIANTHUMANOID;GENIE;GENIE_DAO;DJINNI;None;wish;BG1;8,25;;;Dao;;;
WISH02;GIANTHUMANOID;GENIE;GENIE_DAO;DJINNI;Wish02;wish25;BG2;25;SUMMONED;;Djinni;true;;
WISH02;GIANTHUMANOID;GENIE;GENIE_DAO;DJINNI;Wish02;wish25;BG1;25;SUMMONED;;Djinni;true;;
WISHADO1;UNDEAD;SHADOW;SHADOW;SHADOW;WISHADO1;None;BLACKHEARTS;4;;;Shadow Demon;;Shadow;true
WISHADO2;UNDEAD;SHADOW;SHADOW;SHADOW;WISHADO2;None;BLACKHEARTS;4;;;Shadow;;Shadow;true
WISHAMB;MONSTER;ELEMENTAL;ELEMENTAL_EARTH;SHAMBLING_MOUND;WISHAMB;;BLACKHEARTS;12;SUMMONED;;Shambling Mound;true;;
WISKEL;GENERAL_ITEM;SKELETON;SKELETON;SKELETON;WISKEL;;BLACKHEARTS;1;;;Crumbling Skeleton;;Skeleton;true
WISLAYD;MONSTER;DEMONIC;TANARI;SLAYER;TROLFR01;;BLACKHEARTS;5;;;Freshwater Troll;;;
WISLAYER;MONSTER;TROLL;TROLL;DOOM_GUARD;WISLAYER;WISLAYER;BLACKHEARTS;5;;;Coagulation of Murder;;;
WISLFS01;MONSTER;HUMAN;MUSTARD_JELLY;SLIME_MUSTARD;WISLFS01;;BLACKHEARTS;7;;;Fission Slime;;;
WISLFS02;MONSTER;HUMAN;MUSTARD_JELLY;SLIME_MUSTARD;WISLFS02;;BLACKHEARTS;7;;;Fission Slime;;;
WISPID01;MONSTER;SPIDER;SPIDER_HUGE;SPIDER_SMALL;WISPID01;;BLACKHEARTS;5;;;Spider;;SwordSpider;true
WISPID02;MONSTER;SPIDER;SPIDER_HUGE;SPIDER_SMALL;WISPID02;;BLACKHEARTS;5;;;Spider;;SwordSpider;true
WISPID03;MONSTER;SPIDER;SPIDER_SWORD;SPIDER_SWORD;WISPID03;;BLACKHEARTS;5;;;Lightning Sword Spider;;SwordSpider;true
WISTOGOL;GIANTHUMANOID;GOLEM;GOLEM_STONE;GOLEM_CLAY;WISTOGOL;;BLACKHEARTS;14;;;Stone Golem;;StoneGolem;true
WITHARDE;GIANTHUMANOID;DEMONIC;FIGHTER;FIGHTER_MALE_ELF;WITHARDE;;BLACKHEARTS;10;;;Dannimus Toth;;;
WITREANT;PLANT;TREANT;NO_CLASS;TREANT_DARK;;;BLACKHEARTS;9;;;Bleeding Cypress;;Treant;false
WITROLL;MONSTER;TROLL;FIGHTER;TROLL;WITROLL;;BLACKHEARTS;6;;;Slime Troll;;;
WIZEYE;ANIMAL;WRAITH;WIZARD_EYE;WIZARD_EYE;wizeye;;BG2;2;SUMMONED;;Wizard Eye;true;;
WIZEYE;ANIMAL;WRAITH;WIZARD_EYE;WIZARD_EYE;wizeye;;BG1;2;SUMMONED;;Wizard Eye;true;;
WOLF;ANIMAL;WOLF;WOLF;WOLF;None;;BG1;3;;;Wolf;;Wolf;true
WOLF01;ANIMAL;WOLF;HUNTER_CREATURE;WOLF;None;;BG2;3;;;Wolf;;Wolf;false
WOLFCH;ANIMAL;WOLF;WOLF;WOLF;ChickenWolf;;BG1;3;;;Wolf;;Worg;true
WOLFCHAR;MONSTER;WOLF;WOLF_DREAD;WOLF;None;;BG2;1;;;Wolf;;DreadWolf;false
WOLFCHAR;MONSTER;WOLF;WOLF_DREAD;WOLF;None;;BG1;1;;;Wolf;;DreadWolf;false
WOLFD1;UNDEAD;WOLF;WOLF_DREAD;WOLF_DREAD;None;;BG1;1;;CONTROLLED;Dread Wolf;true;DreadWolf;true
WOLFDI;ANIMAL;WOLF;WOLF_DIRE;WOLF_DIRE;wolfdi;;BG2;4;;;Dire Wolf;;DireWolf;true
WOLFDI;ANIMAL;WOLF;WOLF_DIRE;WOLF_DIRE;None;;BG1;4;;;Dire Wolf;;DireWolf;true
WOLFDI01;ANIMAL;WOLF;WOLF_DIRE;WOLF_DIRE;None;;BG2;4;;;Dire Wolf;;DireWolf;false
WOLFDISU;ANIMAL;WOLF;WOLF_DIRE;WOLF_DIRE;None;;BG2;4;SUMMONED;CONTROLLED;Dire Wolf;true;DireWolf;true
WOLFDISU;ANIMAL;WOLF;WOLF_DIRE;WOLF_DIRE;None;;BG1;4;SUMMONED;CONTROLLED;Dire Wolf;true;DireWolf;true
WOLFDR;UNDEAD;WOLF;WOLF_DREAD;WOLF_DREAD;None;;BG1;1;;;Dread Wolf;;DreadWolf;true
WOLFDR01;MONSTER;WOLF;WOLF_DREAD;WOLF_DREAD;None;;BG2;1;;;Dread Wolf;;DreadWolf;false
WOLFGR01;MONSTER;LYCANTHROPE;WOLFWERE;WEREWOLF_GREATER;GreaterWolf;None;STRATAGEMS;11;;;Greater Wolfwere;;;
WOLFGR01;MONSTER;LYCANTHROPE;WOLFWERE;WEREWOLF_GREATER;GreaterWolf;None;stratagems;11;;;Greater Wolfwere;;;
WOLFSU;ANIMAL;WOLF;WOLF;WOLF;None;;BG2;3;SUMMONED;;Wolf;true;Wolf;true
WOLFSU;ANIMAL;WOLF;WOLF;WOLF;None;;BG1;3;SUMMONED;;Wolf;true;Wolf;true
WOLFVA;UNDEAD;WOLF;WOLF_VAMPIRIC;WOLF_VAMPIRIC;None;;BG1;8;;;Vampiric Wolf;;VampiricWolf;true
WOLFVA01;UNDEAD;WOLF;WOLF_VAMPIRIC;WOLF_VAMPIRIC;None;;BG2;8;;;Vampiric Wolf;;VampiricWolf;false
WOLFW2;HUMANOID;WOLF;WOLF;THIEF_FEMALE_HUMAN;Maiden;wolfw2;BG1;5;;;Kryla;;Wolf;false
WOLFW3;HUMANOID;WOLF;WOLF;THIEF_MALE_HUMAN;Hunter;wolfw3;BG1;5;;;Palin;;Wolf;false
WOLFWE;MONSTER;LYCANTHROPE;WOLFWERE;WEREWOLF;None;None;stratagems;7;;;Wolfwere;;;
WOLFWE01;MONSTER;LYCANTHROPE;WEREWOLF;WEREWOLF;None;None;STRATAGEMS;7;;;Wolfwere;;;
WOLFWE01;MONSTER;LYCANTHROPE;WEREWOLF;WEREWOLF;None;None;stratagems;7;;;Wolfwere;;;
WOLFWE02;MONSTER;LYCANTHROPE;WOLFWERE;WEREWOLF;None;None;STRATAGEMS;7;;;Wolfwere;;;
WOLFWEGL;MONSTER;LYCANTHROPE;WOLFWERE;WEREWOLF;None;None;stratagems;10;;;Wolfwere;;;
WOLFWEGR;MONSTER;LYCANTHROPE;WOLFWERE;WEREWOLF_GREATER;GreaterWolf;None;stratagems;11;;;Greater Wolfwere;;;
WOLFWI;ANIMAL;WOLF;WOLF_WINTER;WOLF_WINTER;None;;BG1;6;;;Winter Wolf;;WinterWolf;true
WOLFWI01;ANIMAL;WOLF;WOLF_WINTER;WOLF_WINTER;None;;BG2;6;;;Winter Wolf;;WinterWolf;false
WOLFWISU;ANIMAL;WOLF;WOLF_WINTER;WOLF_WINTER;None;;BG2;6;SUMMONED;CONTROLLED;Winter Wolf;true;WinterWolf;true
WOLFWISU;ANIMAL;WOLF;WOLF_WINTER;WOLF_WINTER;None;;BG1;6;SUMMONED;CONTROLLED;Winter Wolf;true;WinterWolf;true
WOLFWO01;ANIMAL;WOLF;WOLF_WORG;WOLF_WORG;None;;BG2;3;;;Worg;;Worg;false
WOLFWWSU;ANIMAL;WOLF;WOLF_WINTER;WOLF_WINTER;None;;BG2;6;SUMMONED;CONTROLLED;Winter Wolf;true;WinterWolf;true
WOLFWWSU;ANIMAL;WOLF;WOLF_WINTER;WOLF_WINTER;None;;BG1;6;SUMMONED;CONTROLLED;Winter Wolf;true;WinterWolf;true
WOLFZO01;UNDEAD;WOLF;WOLF;WOLF_DREAD;None;;BG2;1;;;Zombie Wolf;;Wolf;false
WORG;ANIMAL;WOLF;WOLF_WORG;WOLF_WORG;None;;BG1;3;;;Worg;;Worg;true
WORGAR;ANIMAL;WOLF;WOLF_WORG;WOLF_WORG;None;None;BG1;3;;;Worg;;Worg;true
WORGSU;ANIMAL;WOLF;WOLF_WORG;WOLF_WORG;None;;BG2;3;SUMMONED;CONTROLLED;Worg;true;Worg;true
WORGSU;ANIMAL;WOLF;WOLF_WORG;WOLF_WORG;None;;BG1;3;SUMMONED;CONTROLLED;Worg;true;Worg;true
WQXDEM;MONSTER;DEMONIC;TANARI;TANARRI;WQXDEM;WQXDEM;WHITEQUEEN;13;;;Bound Demon;;;
WQXGOL;GIANTHUMANOID;GOLEM;GOLEM_IRON;GOLEM_ICE;WQXGOL;;WHITEQUEEN;20;;;White Golem;;IronGolem;false
WQXHAMA;HUMANOID;114;FIGHTER;SIRINE;WQXHAMA;NONE;WHITEQUEEN;8;;;Hamadryad;;Hamadryad;true
WQXKEE;HUMANOID;TIEFLING;BARD;THIEF_FEMALE_HUMAN;WQXKEE;WQXKEE;WHITEQUEEN;12;;;White Keeper;;;
WQXMOU;GIANTHUMANOID;ELEMENTAL;ELEMENTAL_EARTH;SHAMBLING_MOUND;WQXMOU;;WHITEQUEEN;20;;;Shambling Mound;;;
WQXN;HUMANOID;LICH;MAGE;MONK;WQXN;WQXN;WHITEQUEEN;9;;;Necromancer;;;
WQXNYM;HUMANOID;FAIRY;FAIRY_NYMPH;SIRINE;WQXNYM;NONE;WHITEQUEEN;5;;;Nymph;;Nymph;true
WQXT2;GIANTHUMANOID;DEMONIC;TANARI;HARLOT_WOMAN;WQXT2;WQXT2;WHITEQUEEN;9;;;White Beastmaster;;;
WQXWOL;ANIMAL;WOLF;WOLF_WINTER;WOLF_WINTER;WQXWOL;;WHITEQUEEN;6;;;White Wolf;;WinterWolf;false
WQXWYV;MONSTER;WYVERN;WYVERN;WYVERN_BIG;WQXWYV;;WHITEQUEEN;7;;;Tamed Wyvern;;Wyvern;false
WRAITH01;UNDEAD;WRAITH;WRAITH;SHADOW;None;None;BG2;6;;;Wraith;;;
WRAITHSU;UNDEAD;WRAITH;WRAITH;GHAST;None;;BG2;6;SUMMONED;;Wraith;true;;
WRASHI01;UNDEAD;WRAITH;WRAITH;MAGE_MALE_HUMAN;None;None;BG2;6;;;Shimmering Wraith;;;
WRMONS01;MONSTER;SALAMANDER;ELEMENTAL_FIRE;SALAMANDER_FIRE;None;None;BG2;8;;;Salamander;;;
WSMITH02;HUMANOID;NO_RACE;NO_CLASS;DOOM_GUARD;None;None;BG2;1;;;Forge;;;
WWRATI;ANIMAL;NO_RACE;NO_CLASS;RAT;None;None;ub;1;;CONTROLLED;Boolet;true;;
WYVBAB01;MONSTER;WYVERN;WYVERN;WYVERN;Wyvern;;BG2;7;;;Baby Wyvern;;BabyWyvern;false
WYVBABSU;MONSTER;WYVERN;WYVERN;WYVERN_FAMILIAR;None;;SPELL_REV;6;SUMMONED;;Baby Wyvern;true;BabyWyvern;true
WYVERBA;MONSTER;WYVERN;WYVERN;WYVERN;Wyvern;;BG1;7;;;Baby Wyvern;;BabyWyvern;true
WYVERN;MONSTER;WYVERN;WYVERN;WYVERN_BIG;Wyvern;;BG1;7;;;Wyvern;;Wyvern;true
WYVERN01;MONSTER;WYVERN;WYVERN;WYVERN_BIG;Wyvern;;BG2;7;;;Wyvern;;Wyvern;false
WYVERNBI;MONSTER;WYVERN;WYVERN;WYVERN_BIG;Wyvern;;BG1;7;;;Greater Wyvern;;GreaterWyvern;true
WYVERNSU;MONSTER;WYVERN;WYVERN;WYVERN_BIG;None;;BG2;7;SUMMONED;;Wyvern;true;Wyvern;true
WYVERNSU;MONSTER;WYVERN;WYVERN;WYVERN_BIG;None;;BG1;7;SUMMONED;;Wyvern;true;Wyvern;true
WYVGRE01;MONSTER;WYVERN;WYVERN;WYVERN_BIG;Wyvern;;BG2;10;;;Greater Wyvern;;Wyvern;false
X#AJDRRE;MONSTER;DRAGON;RED_DRAGON;DRAGON_RED;x#ajdrre;x#ajdrre;BG1NPC;23;;;Red Dragon;;;
X#AJDRSI;MONSTER;DRAGON;SILVER_DRAGON;DRAGON_WHITE;x#ajdrsi;x#ajdrsi;BG1NPC;23;;;Silver Dragon;;;
X#AMELIA;MONSTER;DEMONIC;TANARI;MAGE_FEMALE_ELF;x#amelia;x#amelia;BG1NPC;6;;;Amelia;;;
X#BODHI;UNDEAD;VAMPIRE;VAMPIRE;BODHI;x#bodhi;x#bodhi;BG1NPC;14;;;Arel;;;
X#CAUTZ;MONSTER;DRAGON;RED_DRAGON;DRAGON_RED;x#cautz;x#cautz;BG1NPC;23;;;Cautz'qu'ati'kan;;;
X#CHOP;GIANTHUMANOID;OGRE;OGRE;HALF_OGRE;x#chop;x#chop;BG1NPC;4;;;Chop The Lady Ogre;;HalfOgre;true
X#CRU11;GIANTHUMANOID;OGRE;OGRE;HALF_OGRE;x#cru11;x#cru11;BG1NPC;4;;;Cru The Lady Ogre;;HalfOgre;true
X#CUTSPY;HUMANOID;NO_RACE;NO_CLASS;BIRD;x#cutspy;None;BG1NPC;1;;;;;;
X#CUTVA1;UNDEAD;VAMPIRE;VAMPIRE;THIEF_MALE_HUMAN;x#cutva1;x#ulvar;BG1NPC;8;;;Rogue;;;
X#CUTVA2;UNDEAD;VAMPIRE;VAMPIRE;THIEF_MALE_HUMAN;x#cutva2;x#ulvar;BG1NPC;8;;;Rogue;;;
X#CUTVA3;UNDEAD;VAMPIRE;VAMPIRE;THIEF_MALE_HUMAN;x#cutva3;x#ulvar;BG1NPC;8;;;Rogue;;;
X#CUTVA4;UNDEAD;VAMPIRE;VAMPIRE;THIEF_MALE_HUMAN;x#cutva4;x#ulvar;BG1NPC;8;;;Rogue;;;
X#DGNLE1;HUMANOID;GNOLL;GNOLL;GNOLL;x#dgnle1;X#DGNLE;BG1NPC;2;;;Gnoll;;;
X#DGNLE2;HUMANOID;GNOLL;GNOLL;GNOLL;x#dgnle2;;BG1NPC;2;;;Gnoll;;;
X#DGNLE3;HUMANOID;GNOLL;GNOLL;GNOLL;x#dgnle3;;BG1NPC;2;;;Gnoll;;;
X#DGNLE4;HUMANOID;GNOLL;GNOLL;GNOLL;x#dgnle4;;BG1NPC;2;;;Gnoll;;;
X#DGNLG1;HUMANOID;GNOLL;GNOLL;GNOLL;x#dgnlg1;X#DGNLG;BG1NPC;2;;;Gnoll;;;
X#DGNLG2;HUMANOID;GNOLL;GNOLL;GNOLL;x#dgnlg2;;BG1NPC;2;;;Gnoll;;;
X#DGNLG3;HUMANOID;GNOLL;GNOLL;GNOLL;x#dgnlg3;;BG1NPC;2;;;Gnoll;;;
X#DGNLG4;HUMANOID;GNOLL;GNOLL;GNOLL;x#dgnlg4;;BG1NPC;2;;;Gnoll;;;
X#DRAG2;MONSTER;DRAGON;RED_DRAGON;DRAGON_RED;x#drag2;x#drag2;BG1NPC;23;;;Cautz'qu'ati'kan's hubby;;;
X#DYQIMP;HUMANOID;IMP;IMP;IMP;ichthraa;None;BG1NPC;3;;;Ichthraa;;;
X#GARWYL;UNDEAD;SPECTRE;BARD;CLERIC_MALE_ELF;MYRCUTIO;X#GARWYL;BG1NPC;10;;;Myr'Cutio;;Spectre;true
X#GARZ01;UNDEAD;ZOMBIE;ZOMBIE_NORMAL;ZOMBIE;x#garz01;x#garz01;BG1NPC;2;;;Zombie;;;
X#GARZ02;UNDEAD;ZOMBIE;ZOMBIE_NORMAL;ZOMBIE;x#garz02;x#garz02;BG1NPC;2;;;Zombie;;;
X#GARZ03;UNDEAD;ZOMBIE;ZOMBIE_NORMAL;ZOMBIE;x#garz03;x#garz03;BG1NPC;2;;;Zombie;;;
X#GARZ04;UNDEAD;ZOMBIE;ZOMBIE_NORMAL;ZOMBIE;x#garz04;x#garz04;BG1NPC;2;;;Zombie;;;
X#GORLET;HUMANOID;NO_RACE;NO_CLASS;BIRD;x#gorlet;x#gorlet;BG1NPC;1;;;Gorion's Letter;;;
X#JELLY;MONSTER;NO_RACE;MAGE;SLIME_OLIVE;xzjelly;;BG1NPC;2;;;Green Slime;;GreenSlime;true
X#LASSA;UNDEAD;VAMPIRE;VAMPIRE;VAMPIRE;x#lassa;x#lassa;BG1NPC;8;;;Lassal;;;
X#MEPHT1;HUMANOID;MEPHIT;MEPHIT;IMP;None;;BG1NPC;3;;;Smoke Mephit;;;
X#MEPHT2;HUMANOID;MEPHIT;MEPHIT;IMP;None;;BG1NPC;3;;;Smoke Mephit;;;
X#MEPHT3;HUMANOID;MEPHIT;MEPHIT;IMP;None;;BG1NPC;3;;;Smoke Mephit;;;
X#MEPHT4;HUMANOID;MEPHIT;MEPHIT;IMP;None;;BG1NPC;3;;;Smoke Mephit;;;
X#MEPHT5;HUMANOID;MEPHIT;MEPHIT;IMP;None;;BG1NPC;3;;;Smoke Mephit;;;
X#SAHA01;MONSTER;SAHUAGIN;SAHUAGIN;SAHUAGIN;x#saha01;x#saha01;BG1NPC;16;;;Sahuagin Chieftain;;;
X#SAHA02;HUMANOID;SAHUAGIN;SAHUAGIN;SAHUAGIN;x#saha02;x#saha02;BG1NPC;2;;;Sahuagin;;;
X#SLIME;MONSTER;NO_RACE;MAGE;SLIME_OLIVE;xzslime;;BG1NPC;2;;;Green Slime;;GreenSlime;true
X#TANARI;GIANTHUMANOID;DEMONIC;TANARI;DEATH_KNIGHT;aravaata;x#tanari;BG1NPC;9;;;Aravaata;;;
X#TANOV;UNDEAD;VAMPIRE;VAMPIRE;VAMPIRE_FEMALE;x#tanov;x#tanov;BG1NPC;13;;;Tanova;;;
X#ULVAR;UNDEAD;VAMPIRE;VAMPIRE;THIEF_MALE_HUMAN;x#ulvar;x#ulvar;BG1NPC;8;;;Ulvar;;;
X#VALEN;UNDEAD;VAMPIRE;VAMPIRE;VAMPIRE_FEMALE;x#valen;x#valen;BG1NPC;8;;;Valen;;;
X#WDOE;ANIMAL;NO_RACE;FOOD_CREATURE;DEER;x#wdoe;x#wdoe;BG1NPC;1;;;White Doe;;;
X#XVART1;HUMANOID;KOBOLD;KOBOLD_XVART;KOBOLD_XVART;x#xvart1;;BG1NPC;1;;;Xvart;;;
X#XVART2;HUMANOID;KOBOLD;KOBOLD_XVART;KOBOLD_XVART;x#xvart2;;BG1NPC;1;;;Xvart;;;
X32JACOB;HUMANOID;AASIMAR;SORCERER;MAGE_MALE_HUMAN;X32Jacob;X32Jacob;EMILY;11;;;Jacob;;;
X32MILY;HUMANOID;AASIMAR;FIGHTER;FIGHTER_FEMALE_ELF;X3mily;X32mily;ArtisansKitpack_npc;6;;;Emily;;;
X3DAL;HUMANOID;AASIMAR;RANGER;FIGHTER_FEMALE_ELF_LOW;X3dal;X3dal;EMILY;6;;;Adalgisa;;;
X3ELOVE;HUMANOID;AASIMAR;RANGER;FIGHTER_FEMALE_ELF_LOW;X3Elove;X3Elove;skitiaNpcs;18;;;Alina;;;
X3EMI;HUMANOID;AASIMAR;RANGER;FIGHTER_FEMALE_ELF;X3Emi;X3Emi;skitiaNpcs;7;;;Emily;;;
X3EMI25;HUMANOID;AASIMAR;RANGER;FIGHTER_FEMALE_ELF;X3Emi;X3Emi25;skitiaNpcs;18;;;Emily;;;
X3HOGRE;GIANTHUMANOID;OGRE;OGRE;OGRE;X3Hogre;X3Hogre;helga;4;;;Ogre;;Ogre;true
X3HOGRE2;GIANTHUMANOID;OGRE;OGRE;OGRE;X3Hogre2;X3Hogre2;helga;4;;;Ogre;;Ogre;true
X3HOGREC;GIANTHUMANOID;OGRE;FIGHTER;OGRE;X3HogreC;X3HogreC;helga;7;;;Ogre Champion;;OgreBerserker;true
X3HOGRED;GIANTHUMANOID;OGRE;OGRE;OGRE;X3HogreD;;helga;4;;;Ogre;;Ogre;true
X3HOGREL;GIANTHUMANOID;OGRE;FIGHTER;OGRE;X3HogreL;X3HogreL;helga;7;;;Ogre King;;OgreBerserker;true
X3KALV;HUMANOID;VAMPIRE;VAMPIRE;FIGHTER_MALE_HALFLING;X3KalV;X3KalV;skitiaNpcs;16;;;Kale;;;
X3RFER;ANIMAL;NO_RACE;MAGE_THIEF;GROUNDHOG;X3RFER;X3RFER;skitiaNpcs;3,9;;CONTROLLED;Gustav;true;;
X3RFER;ANIMAL;NO_RACE;MAGE_THIEF;GROUNDHOG;X3RFER;X3RFER;recorder;3,9;;CONTROLLED;Gustav;true;;
X3RSKEL1;UNDEAD;SKELETON;SKELETON;SKELETON;X3RSKEL1;X3RSKEL1;recorder;1;;;Skeleton;;Skeleton;true
X3RSKEL2;UNDEAD;SKELETON;SKELETON;SKELETON;X3RSKEL2;X3RSKEL2;recorder;1;;;Skeleton;;Skeleton;true
XGHAST1;UNDEAD;GHOUL;GHOUL_GHAST;GHAST;XMonsters;;BG2;6;;;Ghast;;Ghast;true
XGHAST2;UNDEAD;GHOUL;GHOUL_GHAST;GHAST;XMonsters;;BG2;6;;;Ghast;;Ghast;true
XGOLEM;GIANTHUMANOID;GOLEM;GOLEM_FLESH;A7!GOLEM_FLESH_PST;XMonsters;;A7-GOLEMCONSTRUCTION;9;;;Flesh Golem;;FleshGolem;false
XGOLEM1;GIANTHUMANOID;GOLEM;GOLEM_FLESH;GOLEM_CLAY;XMonsters;;ub;9;;;Flesh Golem;;FleshGolem;false
XVART;HUMANOID;KOBOLD;KOBOLD_XVART;KOBOLD_XVART;None;;BG1;1;;;Xvart;;;
XVART01;HUMANOID;KOBOLD;KOBOLD_XVART;KOBOLD_XVART;None;;BG2;1;;;Xvart;;;
XVART02;HUMANOID;KOBOLD;KOBOLD_XVART;KOBOLD_XVART;None;;BG1;1;;;Xvart;;;
XVART03;HUMANOID;KOBOLD;KOBOLD_XVART;KOBOLD_XVART;None;;BG1;1;;;Xvart;;;
XVART2;HUMANOID;KOBOLD;KOBOLD_XVART;KOBOLD_XVART;None;;BG1;1;;;Xvart;;;
XVARTH;HUMANOID;KOBOLD;KOBOLD_XVART;KOBOLD_XVART;None;None;BG1;1;;;Xvart;;;
XVARTSU;HUMANOID;KOBOLD;KOBOLD_XVART;KOBOLD_XVART;None;;BG2;1,3;SUMMONED;CONTROLLED;Xvart Protector;true;;
XVARTSU;HUMANOID;KOBOLD;KOBOLD_XVART;KOBOLD_XVART;None;;BG1;1,3;SUMMONED;CONTROLLED;Xvart;true;;
XVART_A;HUMANOID;KOBOLD;KOBOLD_XVART;KOBOLD_XVART;None;;BG1;1;;;Xvart;;;
XVART_B;HUMANOID;KOBOLD;KOBOLD_XVART;KOBOLD_XVART;None;;BG1;1;;;Xvart;;;
XVART_C;HUMANOID;KOBOLD;KOBOLD_XVART;KOBOLD_XVART;None;;BG1;1;;;Xvart;;;
YAGA01;GIANTHUMANOID;GIANT;FIGHTER;GIANT_FIRE;yaga01;yaga01;BG2;25;;;Yaga-Shura;;;
YAGASPIR;GIANTHUMANOID;GIANT;FIGHTER;GIANT_FIRE;yagaspir;yaga02;BG2;25;;;Yaga-Shura;;;
YOCHLO01;GIANTHUMANOID;DEMONIC;NO_CLASS;TANARRI;yocklol;yocklol;BG2;15;;;Yochlol;;;
YSBEHOL1;UNDEAD;BEHOLDER;BEHOLDER;BEHOLDER;YSBEHOL1;;FishingForTrouble;14;;;Death Tyrant;;;
YSBEHOL2;UNDEAD;BEHOLDER;BEHOLDER;BEHOLDER;YSBEHOL2;;FishingForTrouble;14;;;Death Tyrant;;;
YSCARA03;GIANTHUMANOID;GIANT;FIGHTER;GIANT_FIRE;yscara03;yscara03;BG2;23;;;Fire Giant;;;
YSCARA04;GIANTHUMANOID;ELEMENTAL;ELEMENTAL_FIRE;ELEMENTAL_FIRE;yscara04;yscara04;BG2;16;;;Greater Fire Elemental;;;
YSCDCG;HUMANOID;DEMONIC;FIGHTER_MAGE;DEATH_KNIGHT;YSCDCG;YSCDCG;FishingForTrouble;18;;;Cave Guardian;;;
YSCDCG1;HUMANOID;DEMONIC;FIGHTER_MAGE;DEATH_KNIGHT;YSCDCG1;;FishingForTrouble;18;;;Cave Guardian;;;
YSCDCG2;HUMANOID;DEMONIC;FIGHTER_MAGE;DEATH_KNIGHT;YSCDCG2;;FishingForTrouble;18;;;Cave Guardian;;;
YSCHVAM;UNDEAD;VAMPIRE;VAMPIRE;GIRL;YSCVAM;;FishingForTrouble;6;;;Child Vampire;;;
YSCRNBL;ANIMAL;NO_RACE;NO_CLASS;MAGE_MALE_ELF;YSCRNBL;YSCRNBL;FishingForTrouble;1;;;Bell;;;
YSDWFGR2;HUMANOID;DEMONIC;FIGHTER_MAGE;DEATH_KNIGHT;YSDWFGRD;;FishingForTrouble;18;;;Death Knight Guardian;;;
YSDWFGRD;HUMANOID;DEMONIC;FIGHTER_MAGE;DEATH_KNIGHT;YSDWFGRD;;FishingForTrouble;18;;;Death Knight Guardian;;;
YSDWFKNT;HUMANOID;DEMONIC;FIGHTER_MAGE;DEATH_KNIGHT;YSDWFKNT;YSDWFKNT;FishingForTrouble;18;;;Death Knight Lord;;;
YSFIRE01;HUMANOID;GIANT;FIGHTER;GIANT_FIRE;ysextra2;;ctb;22;;;Fire Giant;;;
YSFIRE02;HUMANOID;GIANT;FIGHTER;GIANT_FIRE;ysextra3;;ctb;22;;;Fire Giant;;;
YSG2;GIANTHUMANOID;GIANT;FIGHTER;GIANT_FIRE;hgwar01;None;BG2;22;;;Fire Giant;;;
YSGP01;HUMANOID;KOBOLD;FIGHTER;KOBOLD_XVART;ysgp01;None;BG2;15;;;Toop the Brave;;;
YSGP02;HUMANOID;KOBOLD;FIGHTER;KOBOLD;ysgp02;None;BG2;17;;;Merlinious;;;
YSGP03;HUMANOID;KOBOLD;RANGER;GOBLIN_ELITE_BOW;ysgp03;None;BG2;18;;;Tibbit;;;
YSGP04;HUMANOID;RABBIT;MAGE;RABBIT;ysgp04;None;BG2;10;;;Chinchilla;;;
YSGP05;MONSTER;LYCANTHROPE;WOLFWERE;WEREWOLF_GREATER;ysgp05;None;STRATAGEMS;20;;;Chinchilla;;;
YSGRMARC;MONSTER;NO_RACE;NO_CLASS;DOOM_GUARD;NONE;NONE;FishingForTrouble;6;;;Grimward Archer;;;
YSGUAR01;GIANTHUMANOID;GIANT;FIGHTER;GIANT_FIRE;ysguar01;ysguar01;BG2;22;;;Fire Giant;;;
YSMYC01;MONSTER;NO_RACE;NO_CLASS;MYCONID_RED;YSMYC01;;SLANDOR;6;;;Myconid;;;
YSMYC02;MONSTER;NO_RACE;NO_CLASS;MYCONID_BLUE;YSMYC02;;SLANDOR;6;;;Myconid King;;;
YSOGREMA;GIANTHUMANOID;OGRE;OGRE_MAGE;OGRE_MAGE;NONE;;FishingForTrouble;5;;;Ogre Mage;;OgreMage;false
YSRSDEAD;UNDEAD;SKELETON;SKELETON;SKELETON;YSRSDEAD;YSRSDEAD;bst;1;;;Restless Dead;;Skeleton;true
YSRSGHST;ANIMAL;NO_RACE;SHADOW;RAT;YSRSGHST;NONE;bst;8;SUMMONED;;Restless Dead;true;;
YSRSTDD1;UNDEAD;SKELETON;SKELETON;SKELETON;YSRSTDD1;NONE;bst;1;;;Restless Dead;;Skeleton;true
YSRSTDD2;UNDEAD;SKELETON;SKELETON;SKELETON;YSRSTDD2;NONE;bst;1;;;Restless Dead;;Skeleton;true
YSRSTDD3;UNDEAD;SKELETON;SKELETON;SKELETON;YSRSTDD3;NONE;bst;1;;;Restless Dead;;Skeleton;true
YSSOLD02;HUMANOID;ORC;ORC;ORC_ELITE_RANGE;ysextra1;;ctb;5;;;Yaga-Shura Soldier;;;
YSSOLD10;GIANTHUMANOID;GIANT;FIGHTER;GIANT_FIRE;yssold10;ysguar01;BG2;21;;;Fire Giant;;;
YSTANARR;MONSTER;DEMONIC;TANARI;TANARRI;YSTANARR;YSTANARR;FishingForTrouble;10;;;Tanar'ri;;;
ZARGAL;HUMANOID;HOBGOBLIN;HOBGOBLIN;HOBGOBLIN;ZARGAL;ZARGAL;BG1;3;;;Zargal;;;
ZEKAR;HUMANOID;HOBGOBLIN;HOBGOBLIN;HOBGOBLIN;ZEKAR;None;BG1;3;;;Zekar;;;
ZILFGT01;MONSTER;OGRE;FIGHTER;OROG_CHIEFTAIN;zilfgt02;zilfgt02;ctb;15;;;Black Reaver;;OgreBerserker;false
ZOMBIE;UNDEAD;ZOMBIE;ZOMBIE_NORMAL;ZOMBIE;None;ZOMBIE;BG1;2;;;Zombie;;;
ZOMBIE01;UNDEAD;ZOMBIE;NO_CLASS;ZOMBIE;None;zombie;BG2;2;;;Zombie;;;
ZOMBIEB;UNDEAD;ZOMBIE;ZOMBIE_NORMAL;ZOMBIE;zombieb;ZOMBIE;BLACKHEARTS;2;;;Zombie;;;
ZOMBIEW;UNDEAD;ZOMBIE;ZOMBIE_NORMAL;ZOMBIE;zombiew;ZOMBIE;VIENXAY;2;;;Zombie;;;
ZOMBIE_A;UNDEAD;ZOMBIE;ZOMBIE_NORMAL;ZOMBIE;None;ZOMBIE;BG1;2;;;Zombie;;;
ZOMBIE_B;UNDEAD;ZOMBIE;ZOMBIE_NORMAL;ZOMBIE;None;ZOMBIE;BG1;2;;;Zombie;;;
ZOMBIE_C;UNDEAD;ZOMBIE;ZOMBIE_NORMAL;ZOMBIE;None;ZOMBIE;BG1;2;;;Zombie;;;
ZOMBIE_D;UNDEAD;ZOMBIE;ZOMBIE_NORMAL;ZOMBIE;None;ZOMBIE;BG1;2;;;Zombie;;;
ZOMBIE_E;UNDEAD;ZOMBIE;ZOMBIE_NORMAL;ZOMBIE;None;ZOMBIE;BG1;2;;;Zombie;;;
ZOMBJU01;UNDEAD;ZOMBIE;ZOMBIE_NORMAL;ZOMBIE;None;zombie;BG2;5;;;Zombie;;;
ZOMBJU01;UNDEAD;ZOMBIE;ZOMBIE_NORMAL;ZOMBIE;None;zombie;NTOTSC;5;;;Zombie;;;
ZOMBLO01;UNDEAD;GHOUL;GHOUL_GHAST;ZOMBIE;None;theshal;BG2;5;;;Zombie Lord;;Ghast;false
ZOMBSE01;UNDEAD;ZOMBIE;NO_CLASS;ZOMBIE;None;zombie;BG2;2;;;Sea Zombie;;;
ZORL;MONSTER;DOPPLEGANGER;DOPPLEGANGER_GREATER;MAGE_MALE_HUMAN;Zorl;zorl;stratagems;1;;;Zorl;;;
